HIERARCHY
ROOT body_world
{
OFFSET 0.000000 0.000000 0.000000
CHANNELS 6 Xposition Yposition Zposition Zrotation Yrotation Xrotation
JOINT root
{
OFFSET 0.000000 0.923987 0.000000
CHANNELS 6 Xposition Yposition Zposition Zrotation Yrotation Xrotation
JOINT l_upleg
{
OFFSET 0.082046 -0.018406 0.005326
CHANNELS 3 Zrotation Yrotation Xrotation
JOINT l_lowleg
{
OFFSET 0.419694 -0.007731 0.000000
CHANNELS 3 Zrotation Yrotation Xrotation
JOINT l_foot
{
OFFSET 0.420583 0.000000 0.000000
CHANNELS 3 Zrotation Yrotation Xrotation
JOINT l_talocrural
{
OFFSET 0.000001 0.000000 -0.000000
CHANNELS 3 Zrotation Yrotation Xrotation
JOINT l_subtalar
{
OFFSET 0.033966 -0.008989 0.004672
CHANNELS 3 Zrotation Yrotation Xrotation
JOINT l_transversetarsal
{
OFFSET -0.061096 -0.000000 -0.000000
CHANNELS 3 Zrotation Yrotation Xrotation
JOINT l_ball
{
OFFSET -0.065614 -0.041564 0.004394
CHANNELS 3 Zrotation Yrotation Xrotation
}
}
}
}
}
JOINT l_lowleg_twist1_proc
{
OFFSET 0.084117 0.000000 0.000000
CHANNELS 3 Zrotation Yrotation Xrotation
}
JOINT l_lowleg_twist2_proc
{
OFFSET 0.168233 0.000000 0.000000
CHANNELS 3 Zrotation Yrotation Xrotation
}
JOINT l_lowleg_twist3_proc
{
OFFSET 0.252350 0.000000 -0.000000
CHANNELS 3 Zrotation Yrotation Xrotation
}
JOINT l_lowleg_twist4_proc
{
OFFSET 0.336466 0.000000 0.000000
CHANNELS 3 Zrotation Yrotation Xrotation
}
}
JOINT l_upleg_twist0_proc
{
OFFSET 0.000000 0.000000 0.000000
CHANNELS 3 Zrotation Yrotation Xrotation
}
JOINT l_upleg_twist1_proc
{
OFFSET 0.104923 -0.001933 0.000000
CHANNELS 3 Zrotation Yrotation Xrotation
}
JOINT l_upleg_twist2_proc
{
OFFSET 0.209847 -0.003866 0.000000
CHANNELS 3 Zrotation Yrotation Xrotation
}
JOINT l_upleg_twist3_proc
{
OFFSET 0.314770 -0.005798 0.000000
CHANNELS 3 Zrotation Yrotation Xrotation
}
JOINT l_upleg_twist4_proc
{
OFFSET 0.419694 -0.007731 0.000000
CHANNELS 3 Zrotation Yrotation Xrotation
}
}
JOINT r_upleg
{
OFFSET -0.082046 -0.018406 0.005326
CHANNELS 3 Zrotation Yrotation Xrotation
JOINT r_lowleg
{
OFFSET -0.419694 0.007731 -0.000000
CHANNELS 3 Zrotation Yrotation Xrotation
JOINT r_foot
{
OFFSET -0.420583 0.000000 -0.000000
CHANNELS 3 Zrotation Yrotation Xrotation
JOINT r_talocrural
{
OFFSET -0.000000 -0.000000 -0.000000
CHANNELS 3 Zrotation Yrotation Xrotation
JOINT r_subtalar
{
OFFSET -0.033966 0.008989 -0.004672
CHANNELS 3 Zrotation Yrotation Xrotation
JOINT r_transversetarsal
{
OFFSET 0.061096 0.000000 -0.000000
CHANNELS 3 Zrotation Yrotation Xrotation
JOINT r_ball
{
OFFSET 0.065614 0.041564 -0.004394
CHANNELS 3 Zrotation Yrotation Xrotation
}
}
}
}
}
JOINT r_lowleg_twist1_proc
{
OFFSET -0.084117 0.000000 -0.000000
CHANNELS 3 Zrotation Yrotation Xrotation
}
JOINT r_lowleg_twist2_proc
{
OFFSET -0.168233 0.000000 -0.000000
CHANNELS 3 Zrotation Yrotation Xrotation
}
JOINT r_lowleg_twist3_proc
{
OFFSET -0.252350 0.000000 -0.000000
CHANNELS 3 Zrotation Yrotation Xrotation
}
JOINT r_lowleg_twist4_proc
{
OFFSET -0.336466 0.000000 -0.000000
CHANNELS 3 Zrotation Yrotation Xrotation
}
}
JOINT r_upleg_twist0_proc
{
OFFSET 0.000000 0.000000 0.000000
CHANNELS 3 Zrotation Yrotation Xrotation
}
JOINT r_upleg_twist1_proc
{
OFFSET -0.104923 0.001933 -0.000000
CHANNELS 3 Zrotation Yrotation Xrotation
}
JOINT r_upleg_twist2_proc
{
OFFSET -0.209847 0.003866 -0.000000
CHANNELS 3 Zrotation Yrotation Xrotation
}
JOINT r_upleg_twist3_proc
{
OFFSET -0.314770 0.005798 -0.000000
CHANNELS 3 Zrotation Yrotation Xrotation
}
JOINT r_upleg_twist4_proc
{
OFFSET -0.419694 0.007731 -0.000000
CHANNELS 3 Zrotation Yrotation Xrotation
}
}
JOINT c_spine0
{
OFFSET 0.000000 0.020220 -0.032536
CHANNELS 3 Zrotation Yrotation Xrotation
JOINT c_spine1
{
OFFSET 0.109884 0.015431 -0.000000
CHANNELS 3 Zrotation Yrotation Xrotation
JOINT c_spine2
{
OFFSET 0.110315 -0.021572 0.000000
CHANNELS 3 Zrotation Yrotation Xrotation
JOINT c_spine3
{
OFFSET 0.183773 0.017662 0.000000
CHANNELS 3 Zrotation Yrotation Xrotation
JOINT r_clavicle
{
OFFSET 0.053133 0.102892 -0.028218
CHANNELS 3 Zrotation Yrotation Xrotation
JOINT r_uparm
{
OFFSET -0.176505 -0.000000 0.000000
CHANNELS 3 Zrotation Yrotation Xrotation
JOINT r_lowarm
{
OFFSET -0.256801 0.000463 -0.000003
CHANNELS 3 Zrotation Yrotation Xrotation
JOINT r_wrist_twist
{
OFFSET -0.270000 0.000000 0.000000
CHANNELS 3 Zrotation Yrotation Xrotation
JOINT r_wrist
{
OFFSET 0.000000 0.000000 0.000000
CHANNELS 3 Zrotation Yrotation Xrotation
JOINT r_pinky0
{
OFFSET -0.020404 -0.010705 -0.022632
CHANNELS 3 Zrotation Yrotation Xrotation
JOINT r_pinky1
{
OFFSET -0.045651 -0.000001 0.000002
CHANNELS 3 Zrotation Yrotation Xrotation
JOINT r_pinky2
{
OFFSET -0.030723 -0.000003 -0.000003
CHANNELS 3 Zrotation Yrotation Xrotation
JOINT r_pinky3
{
OFFSET -0.020308 0.000004 0.000003
CHANNELS 3 Zrotation Yrotation Xrotation
JOINT r_pinky_null
{
OFFSET -0.020399 -0.000003 -0.000003
CHANNELS 3 Zrotation Yrotation Xrotation
}
}
}
}
}
JOINT r_ring1
{
OFFSET -0.075024 -0.007814 -0.017099
CHANNELS 3 Zrotation Yrotation Xrotation
JOINT r_ring2
{
OFFSET -0.038994 0.000001 0.000001
CHANNELS 3 Zrotation Yrotation Xrotation
JOINT r_ring3
{
OFFSET -0.026577 -0.000003 -0.000001
CHANNELS 3 Zrotation Yrotation Xrotation
JOINT r_ring_null
{
OFFSET -0.022154 0.000002 0.000001
CHANNELS 3 Zrotation Yrotation Xrotation
}
}
}
}
JOINT r_middle1
{
OFFSET -0.081976 -0.003826 0.002093
CHANNELS 3 Zrotation Yrotation Xrotation
JOINT r_middle2
{
OFFSET -0.042926 0.000001 0.000000
CHANNELS 3 Zrotation Yrotation Xrotation
JOINT r_middle3
{
OFFSET -0.027549 0.000001 0.000001
CHANNELS 3 Zrotation Yrotation Xrotation
JOINT r_middle_null
{
OFFSET -0.023488 -0.000000 -0.000000
CHANNELS 3 Zrotation Yrotation Xrotation
}
}
}
}
JOINT r_index1
{
OFFSET -0.082327 -0.008602 0.023917
CHANNELS 3 Zrotation Yrotation Xrotation
JOINT r_index2
{
OFFSET -0.037925 0.000004 0.000001
CHANNELS 3 Zrotation Yrotation Xrotation
JOINT r_index3
{
OFFSET -0.024306 -0.000004 -0.000002
CHANNELS 3 Zrotation Yrotation Xrotation
JOINT r_index_null
{
OFFSET -0.021223 0.000005 0.000002
CHANNELS 3 Zrotation Yrotation Xrotation
}
}
}
}
JOINT r_thumb0
{
OFFSET -0.006401 -0.012841 0.010863
CHANNELS 3 Zrotation Yrotation Xrotation
JOINT r_thumb1
{
OFFSET -0.024852 0.000001 0.000000
CHANNELS 3 Zrotation Yrotation Xrotation
JOINT r_thumb2
{
OFFSET -0.032514 -0.000002 0.000001
CHANNELS 3 Zrotation Yrotation Xrotation
JOINT r_thumb3
{
OFFSET -0.033793 0.000002 -0.000001
CHANNELS 3 Zrotation Yrotation Xrotation
JOINT r_thumb_null
{
OFFSET -0.025461 -0.000001 0.000001
CHANNELS 3 Zrotation Yrotation Xrotation
}
}
}
}
}
}
}
JOINT r_lowarm_twist1_proc
{
OFFSET -0.054000 -0.000000 0.000000
CHANNELS 3 Zrotation Yrotation Xrotation
}
JOINT r_lowarm_twist2_proc
{
OFFSET -0.108000 0.000000 0.000000
CHANNELS 3 Zrotation Yrotation Xrotation
}
JOINT r_lowarm_twist3_proc
{
OFFSET -0.162000 0.000000 0.000000
CHANNELS 3 Zrotation Yrotation Xrotation
}
JOINT r_lowarm_twist4_proc
{
OFFSET -0.216000 0.000000 -0.000000
CHANNELS 3 Zrotation Yrotation Xrotation
}
}
JOINT r_uparm_twist0_proc
{
OFFSET 0.000000 0.000000 0.000000
CHANNELS 3 Zrotation Yrotation Xrotation
}
JOINT r_uparm_twist1_proc
{
OFFSET -0.064200 0.000116 -0.000001
CHANNELS 3 Zrotation Yrotation Xrotation
}
JOINT r_uparm_twist2_proc
{
OFFSET -0.128400 0.000232 -0.000002
CHANNELS 3 Zrotation Yrotation Xrotation
}
JOINT r_uparm_twist3_proc
{
OFFSET -0.192601 0.000348 -0.000002
CHANNELS 3 Zrotation Yrotation Xrotation
}
JOINT r_uparm_twist4_proc
{
OFFSET -0.256801 0.000463 -0.000003
CHANNELS 3 Zrotation Yrotation Xrotation
}
}
}
JOINT l_clavicle
{
OFFSET 0.053133 0.102892 0.028218
CHANNELS 3 Zrotation Yrotation Xrotation
JOINT l_uparm
{
OFFSET 0.176505 -0.000000 -0.000000
CHANNELS 3 Zrotation Yrotation Xrotation
JOINT l_lowarm
{
OFFSET 0.256801 -0.000463 0.000003
CHANNELS 3 Zrotation Yrotation Xrotation
JOINT l_wrist_twist
{
OFFSET 0.270000 -0.000000 -0.000000
CHANNELS 3 Zrotation Yrotation Xrotation
JOINT l_wrist
{
OFFSET 0.000000 0.000000 0.000000
CHANNELS 3 Zrotation Yrotation Xrotation
JOINT l_pinky0
{
OFFSET 0.020404 0.010705 0.022632
CHANNELS 3 Zrotation Yrotation Xrotation
JOINT l_pinky1
{
OFFSET 0.045651 0.000001 -0.000002
CHANNELS 3 Zrotation Yrotation Xrotation
JOINT l_pinky2
{
OFFSET 0.030720 0.000000 -0.000000
CHANNELS 3 Zrotation Yrotation Xrotation
JOINT l_pinky3
{
OFFSET 0.020311 0.000000 0.000000
CHANNELS 3 Zrotation Yrotation Xrotation
JOINT l_pinky_null
{
OFFSET 0.020397 0.000000 -0.000000
CHANNELS 3 Zrotation Yrotation Xrotation
}
}
}
}
}
JOINT l_ring1
{
OFFSET 0.075024 0.007814 0.017098
CHANNELS 3 Zrotation Yrotation Xrotation
JOINT l_ring2
{
OFFSET 0.038996 -0.000000 -0.000000
CHANNELS 3 Zrotation Yrotation Xrotation
JOINT l_ring3
{
OFFSET 0.026573 -0.000000 -0.000000
CHANNELS 3 Zrotation Yrotation Xrotation
JOINT l_ring_null
{
OFFSET 0.022156 0.000000 -0.000000
CHANNELS 3 Zrotation Yrotation Xrotation
}
}
}
}
JOINT l_middle1
{
OFFSET 0.081977 0.003828 -0.002093
CHANNELS 3 Zrotation Yrotation Xrotation
JOINT l_middle2
{
OFFSET 0.042927 -0.000000 -0.000000
CHANNELS 3 Zrotation Yrotation Xrotation
JOINT l_middle3
{
OFFSET 0.027550 -0.000000 0.000000
CHANNELS 3 Zrotation Yrotation Xrotation
JOINT l_middle_null
{
OFFSET 0.023488 0.000000 -0.000000
CHANNELS 3 Zrotation Yrotation Xrotation
}
}
}
}
JOINT l_index1
{
OFFSET 0.082327 0.008601 -0.023918
CHANNELS 3 Zrotation Yrotation Xrotation
JOINT l_index2
{
OFFSET 0.037927 -0.000000 -0.000000
CHANNELS 3 Zrotation Yrotation Xrotation
JOINT l_index3
{
OFFSET 0.024304 -0.000000 -0.000000
CHANNELS 3 Zrotation Yrotation Xrotation
JOINT l_index_null
{
OFFSET 0.021226 0.000000 -0.000000
CHANNELS 3 Zrotation Yrotation Xrotation
}
}
}
}
JOINT l_thumb0
{
OFFSET 0.006400 0.012839 -0.010863
CHANNELS 3 Zrotation Yrotation Xrotation
JOINT l_thumb1
{
OFFSET 0.024853 -0.000000 -0.000000
CHANNELS 3 Zrotation Yrotation Xrotation
JOINT l_thumb2
{
OFFSET 0.032513 -0.000000 -0.000000
CHANNELS 3 Zrotation Yrotation Xrotation
JOINT l_thumb3
{
OFFSET 0.033793 0.000000 0.000000
CHANNELS 3 Zrotation Yrotation Xrotation
JOINT l_thumb_null
{
OFFSET 0.025460 0.000000 0.000000
CHANNELS 3 Zrotation Yrotation Xrotation
}
}
}
}
}
}
}
JOINT l_lowarm_twist1_proc
{
OFFSET 0.054000 0.000000 -0.000000
CHANNELS 3 Zrotation Yrotation Xrotation
}
JOINT l_lowarm_twist2_proc
{
OFFSET 0.108000 -0.000000 -0.000000
CHANNELS 3 Zrotation Yrotation Xrotation
}
JOINT l_lowarm_twist3_proc
{
OFFSET 0.162000 0.000000 0.000000
CHANNELS 3 Zrotation Yrotation Xrotation
}
JOINT l_lowarm_twist4_proc
{
OFFSET 0.216000 0.000000 -0.000000
CHANNELS 3 Zrotation Yrotation Xrotation
}
}
JOINT l_uparm_twist0_proc
{
OFFSET 0.000000 0.000000 0.000000
CHANNELS 3 Zrotation Yrotation Xrotation
}
JOINT l_uparm_twist1_proc
{
OFFSET 0.064200 -0.000116 0.000001
CHANNELS 3 Zrotation Yrotation Xrotation
}
JOINT l_uparm_twist2_proc
{
OFFSET 0.128400 -0.000232 0.000002
CHANNELS 3 Zrotation Yrotation Xrotation
}
JOINT l_uparm_twist3_proc
{
OFFSET 0.192601 -0.000348 0.000003
CHANNELS 3 Zrotation Yrotation Xrotation
}
JOINT l_uparm_twist4_proc
{
OFFSET 0.256801 -0.000463 0.000003
CHANNELS 3 Zrotation Yrotation Xrotation
}
}
}
JOINT c_neck
{
OFFSET 0.091767 0.047655 -0.000000
CHANNELS 3 Zrotation Yrotation Xrotation
JOINT c_neck_twist1_proc
{
OFFSET 0.049646 0.000000 -0.000000
CHANNELS 3 Zrotation Yrotation Xrotation
}
JOINT c_neck_twist0_proc
{
OFFSET 0.000000 0.000000 0.000000
CHANNELS 3 Zrotation Yrotation Xrotation
}
JOINT c_head
{
OFFSET 0.099293 0.000000 0.000000
CHANNELS 3 Zrotation Yrotation Xrotation
JOINT c_jaw
{
OFFSET 0.017994 0.018894 0.000000
CHANNELS 3 Zrotation Yrotation Xrotation
JOINT c_teeth
{
OFFSET -0.000000 -0.008973 0.023750
CHANNELS 3 Zrotation Yrotation Xrotation
}
JOINT c_jaw_null
{
OFFSET 0.000000 -0.042971 0.078795
CHANNELS 3 Zrotation Yrotation Xrotation
}
JOINT c_tongue0
{
OFFSET -0.000000 -0.008973 0.000468
CHANNELS 3 Zrotation Yrotation Xrotation
JOINT c_tongue1
{
OFFSET 0.010978 -0.000000 0.000000
CHANNELS 3 Zrotation Yrotation Xrotation
JOINT c_tongue2
{
OFFSET 0.021681 -0.000000 0.000000
CHANNELS 3 Zrotation Yrotation Xrotation
JOINT c_tongue3
{
OFFSET 0.018401 0.000000 0.000000
CHANNELS 3 Zrotation Yrotation Xrotation
JOINT c_tongue4
{
OFFSET 0.010789 0.000000 0.000000
CHANNELS 3 Zrotation Yrotation Xrotation
}
}
}
}
}
}
JOINT r_eye
{
OFFSET 0.088331 0.069878 -0.032078
CHANNELS 3 Zrotation Yrotation Xrotation
JOINT r_eye_null
{
OFFSET 0.000001 0.000000 0.016965
CHANNELS 3 Zrotation Yrotation Xrotation
}
}
JOINT l_eye
{
OFFSET 0.088331 0.069882 0.032080
CHANNELS 3 Zrotation Yrotation Xrotation
JOINT l_eye_null
{
OFFSET 0.000001 0.000000 0.016966
CHANNELS 3 Zrotation Yrotation Xrotation
}
}
JOINT c_head_null
{
OFFSET 0.190763 0.000000 -0.000000
CHANNELS 3 Zrotation Yrotation Xrotation
}
}
}
}
}
}
}
}
}
MOTION
Frames: 126
Frame Time: 0.033333
0 0 0 0 0 0 0.001138 -0.05215099999999995 -0.017073 0.716576 -2.316096 1.258811 -94.293967 -0.926259 -95.008777 -0.878905 -0.011512 -12.330622 0 0 0 3.029565 -2.32567 3.127554 75.504886 -7.99203 9.33427 -0.15412 1.329521 -0.522786 12.182204 11.438549 -8.156259 0 0 0 0 0 0 0 0 0 0 0 0 -0.000157 -0.018215 0.988706 -0.000088 -0.013657 0.74153 -0.000039 -0.009108 0.494353 0.013978 -0.004686 0.843773 0 0 0 90.511962 6.499765 84.693574 11.85023 -1.173052 -8.462086 0 0 0 1.452982 1.071118 8.0886 75.690319 -9.031783 11.401313 -0.421239 2.455136 -0.80889 0.600648 11.117878 -3.787599 0 0 0 0 0 0 0 0 0 0 0 0 0 0 0.000001 0 0 0.000001 0 0 0.000001 0 0 0 0 0 0 91.646816 6.342364 91.194275 16.387854 -2.807015 0.751158 -19.691533 -0.708246 2.756652 -0.502197 0.722005 0.270931 84.930648 -24.959651 141.130945 75.893362 -55.345731 -4.365588 0.130872 9.003414 0.014833 2.756701 -4.857522 76.309265 11.733998 5.54089 -0.139707 5.567135 -15.31543 -24.893182 32.874936 17.204141 -5.339541 25.541665 -1.73492 1.929169 -2.842578 5.315443 5.980438 -0.034264 0 0 32.412833 2.585194 8.562845 33.905747 16.087314 5.018166 10.361874 15.015748 5.531607 0 0 0 25.114486 -3.651133 -29.944985 34.314865 -14.486251 -10.759618 -0.3826 1.795022 -4.095836 0 0 0 18.19883 -5.403142 -3.430838 36.167758 -5.787644 -10.319423 -5.323402 -0.253786 -8.603417 -0.019782 0 0 25.573081 44.865066 59.697004 50.094225 1.478596 61.026486 -3.42689 -33.681842 -51.393419 -6.076771 7.979072 9.192814 0 0 0 0 0 0.000008 0.000001 0 -10.019118 0.000001 0 -20.038242 0 0.000007 -30.057369 -0.000585 0.01027 -5.704631 -0.000343 0.007711 -4.278473 -0.000165 0.005141 -2.852315 -0.00005 0.002575 -1.426156 0 -0.013988 0 -94.167226 -39.511548 122.115756 56.516936 -71.721442 -72.536036 4.973803 0.035525 0.001541 -3.234106 -4.554049 141.371248 14.39616 19.131009 6.44553 -2.311969 -14.287035 -22.877687 38.626797 11.940991 -9.898274 23.014103 -3.920801 -6.191349 -1.728698 5.53843 0.044485 0 0 0 32.5765 0.475129 -9.237769 35.835033 3.831776 -3.014558 15.477662 9.18542 1.539047 0 0 0 24.971717 -5.392933 -14.149351 39.240253 -7.506815 -3.951446 -1.946047 1.571396 -3.974819 0 0 0 17.95598 -6.771673 12.337728 41.838111 1.895064 -2.752723 -5.855624 -2.187032 -1.735462 0 0 0 25.573081 44.865066 59.697004 1.903874 6.728624 52.735386 -8.806087 -8.591711 -30.033136 -6.076771 7.979072 9.192814 0 0 0 0 0 0.000008 0 0 7.265257 -0.000001 0 14.530507 -0.000001 0 21.795755 -0.006106 -0.035759 20.207576 -0.003401 -0.027054 15.155681 -0.001473 -0.01815 10.103788 -0.000336 -0.009106 5.051895 0 0 0 22.49502 -2.931845 -10.944995 -0.013912 0.001458 6.423647 0 0 0 -15.092361 4.44997 7.371518 135 -89.998853 135 0 0 0 0 0 0 90.000011 -63.648284 -90.000011 -5.682402 0 0 -28.319917 0 0 -16.252152 0 0 0 0 0 89.999999 -84.450026 179.999999 0 0 0 -90.000001 -84.450026 -0.000001 0 0 0 0 0 0
0 0 0 0 0 0 0.00027 -0.05200499999999997 -0.017556 0.711925 -2.296369 1.245196 -94.290791 -0.918739 -95.027829 -0.878907 -0.011499 -12.330617 0 0 0 3.035038 -2.330948 3.164997 75.504886 -7.99203 9.33427 -0.15412 1.329521 -0.522786 12.182188 11.438547 -8.156245 0 0 0 0 0 0 0 0 0 0 0 0 -0.000162 -0.018485 1.003632 -0.000091 -0.013865 0.752724 -0.00004 -0.009241 0.501816 0.013977 -0.004755 0.847504 0 0 0 90.512033 6.454953 84.693375 11.824719 -1.165939 -8.461017 0 0 0 1.448121 1.074786 8.069097 75.690319 -9.031783 11.401313 -0.421239 2.455136 -0.80889 0.600654 11.117868 -3.787588 0 0 0 0 0 0 0 0 0 0 0 0 0 0 -0.000007 0 0 -0.000005 0 0 -0.000003 0 0 -0.000002 0 0 0 91.646878 6.34309 91.195348 16.388642 -2.801357 0.755068 -19.684274 -0.703766 2.760421 -0.49507 0.713219 0.244458 84.93065 -24.959658 141.130948 75.877213 -55.357784 -4.309675 0.130768 9.000382 0.014821 2.760331 -4.855464 76.266377 11.720869 5.547448 -0.138253 5.567135 -15.31543 -24.893182 32.874922 17.204111 -5.33953 25.54167 -1.734927 1.929164 -2.842577 5.315443 5.98044 -0.034264 0 0 32.412836 2.585164 8.562859 33.905754 16.087313 5.018169 10.361867 15.015748 5.531608 0 0 0 25.114487 -3.651159 -29.944969 34.314858 -14.486247 -10.759621 -0.382595 1.795022 -4.095831 0 0 0 18.198828 -5.403163 -3.430816 36.16775 -5.787641 -10.319421 -5.323401 -0.253786 -8.603418 -0.019782 0 0 25.573081 44.865066 59.697004 50.094257 1.478585 61.026493 -3.426889 -33.681846 -51.393424 -6.076771 7.979072 9.192814 0 0 0 0 0 0.000008 0.000001 0 -10.030528 0.000001 0 -20.061063 0 0.000007 -30.091599 -0.000589 0.010304 -5.720828 -0.000345 0.007731 -4.29062 -0.000166 0.005161 -2.860413 -0.000051 0.002581 -1.430206 0 -0.013988 0 -94.167227 -39.511543 122.115762 56.545689 -71.729158 -72.579637 5.009775 0.03577 0.001565 -3.235081 -4.553358 141.38352 14.4132 19.104298 6.440346 -2.311969 -14.287035 -22.877687 38.626833 11.940992 -9.898273 23.014102 -3.920807 -6.191351 -1.7287 5.53843 0.044485 0 0 0 32.576527 0.475139 -9.23777 35.835033 3.831775 -3.014557 15.477665 9.185416 1.539048 0 0 0 24.971745 -5.392922 -14.149355 39.24025 -7.506816 -3.951444 -1.946044 1.571396 -3.974819 0 0 0 17.956005 -6.771662 12.337725 41.838111 1.895063 -2.752722 -5.855624 -2.187032 -1.735461 0 0 0 25.573081 44.865066 59.697004 1.903868 6.728642 52.735374 -8.806087 -8.591722 -30.033134 -6.076771 7.979072 9.192814 0 0 0 0 0 0.000008 0 0 7.268524 -0.000001 0 14.537041 -0.000001 0 21.805556 -0.006104 -0.035752 20.206017 -0.0034 -0.027054 15.154512 -0.001472 -0.01815 10.103008 -0.000336 -0.009106 5.051505 0 0 0 22.495025 -2.931846 -10.944989 -0.013912 0.001458 6.423658 0 0 0 -15.092364 4.449968 7.371528 135 -89.998853 135 0 0 0 0 0 0 90.000011 -63.648284 -90.000011 -5.682402 0 0 -28.319917 0 0 -16.252152 0 0 0 0 0 89.999999 -84.450026 179.999999 0 0 0 -90.000001 -84.450026 -0.000001 0 0 0 0 0 0
0 0 0 0 0 0 0.000126 -0.05196999999999996 -0.017407 0.703124 -2.284261 1.22837 -94.283178 -0.898779 -95.039287 -0.878909 -0.011506 -12.330622 0 0 0 3.031985 -2.332408 3.187064 75.504886 -7.99203 9.33427 -0.15412 1.329521 -0.522786 12.18219 11.438544 -8.156257 0 0 0 0 0 0 0 0 0 0 0 0 -0.000165 -0.018642 1.012078 -0.000093 -0.013985 0.759059 -0.000041 -0.00932 0.506039 0.013977 -0.004796 0.849616 0 0 0 90.520359 6.393483 84.422897 11.766318 -1.213572 -8.465769 0 0 0 1.461466 1.065264 8.327654 75.690319 -9.031783 11.401313 -0.421239 2.455136 -0.80889 0.600657 11.117889 -3.787591 0 0 0 0 0 0 0 0 0 0 0 0 -0.000007 -0.003962 0.214885 -0.000004 -0.002971 0.161164 -0.000002 -0.001977 0.107443 0 -0.000987 0.053721 0 0 0 91.644721 6.339869 91.193591 16.386443 -2.787836 0.760425 -19.677501 -0.693664 2.764871 -0.485195 0.698722 0.228033 84.930645 -24.959655 141.130942 75.856543 -55.376956 -4.271229 0.130851 9.003328 0.014831 2.762167 -4.854421 76.244688 11.708438 5.560127 -0.135585 5.567135 -15.31543 -24.893182 32.874941 17.204127 -5.33952 25.541673 -1.734927 1.929166 -2.842576 5.31544 5.980439 -0.034264 0 0 32.41285 2.585187 8.562864 33.905743 16.08731 5.018166 10.36187 15.015748 5.531606 0 0 0 25.114499 -3.651138 -29.944965 34.314865 -14.486251 -10.75962 -0.382599 1.795022 -4.095833 0 0 0 18.198847 -5.403145 -3.430818 36.167746 -5.787641 -10.319422 -5.3234 -0.253786 -8.603417 -0.019782 0 0 25.573081 44.865066 59.697004 50.094243 1.478598 61.026498 -3.426894 -33.681848 -51.393422 -6.076771 7.979072 9.192814 0 0 0 0 0 0.000008 0.000001 0 -10.036297 0.000001 0 -20.072602 0 0.000007 -30.108906 -0.00059 0.010317 -5.731216 -0.000346 0.007745 -4.298411 -0.000166 0.005168 -2.865607 -0.000051 0.002588 -1.432803 0 -0.013988 0 -94.167234 -39.511543 122.115767 56.563879 -71.731905 -72.616175 5.04799 0.036049 0.00159 -3.236071 -4.552657 141.395965 14.43878 19.076952 6.437338 -2.311969 -14.287035 -22.877687 38.626813 11.940998 -9.898279 23.014102 -3.920797 -6.191348 -1.728698 5.53843 0.044486 0 0 0 32.576511 0.475139 -9.237774 35.835033 3.831775 -3.014557 15.477662 9.185416 1.539047 0 0 0 24.971729 -5.39293 -14.149358 39.240251 -7.506812 -3.951444 -1.94605 1.571396 -3.974819 0 0 0 17.955992 -6.771663 12.337721 41.83812 1.895064 -2.752722 -5.855624 -2.187032 -1.735462 0 0 0 25.573081 44.865066 59.697004 1.903866 6.728628 52.735377 -8.806085 -8.591717 -30.03313 -6.076771 7.979072 9.192814 0 0 0 0 0 0.000008 0 0 7.271838 -0.000001 0 14.543667 -0.000001 0 21.815497 -0.006108 -0.035765 20.21088 -0.003402 -0.027061 15.15816 -0.001473 -0.01815 10.10544 -0.000336 -0.009106 5.052721 0 0 0 22.495021 -2.931849 -10.944992 -0.013912 0.001458 6.423647 0 0 0 -15.092347 4.449966 7.371517 135 -89.998853 135 0 0 0 0 0 0 90.000011 -63.648284 -90.000011 -5.682402 0 0 -28.319917 0 0 -16.252152 0 0 0 0 0 89.999999 -84.450026 179.999999 0 0 0 -90.000001 -84.450026 -0.000001 0 0 0 0 0 0
0 0 0 0 0 0 0.000214 -0.05194900000000002 -0.016956 0.690613 -2.286994 1.211265 -94.271852 -0.867599 -95.036472 -0.878915 -0.011513 -12.330625 0 0 0 3.018689 -2.32912 3.180129 75.504886 -7.99203 9.33427 -0.15412 1.329521 -0.522786 12.182187 11.438558 -8.156256 0 0 0 0 0 0 0 0 0 0 0 0 -0.000164 -0.018581 1.008774 -0.000092 -0.013933 0.756581 -0.000041 -0.009292 0.504387 0.013977 -0.004779 0.84879 0 0 0 90.526494 6.326332 84.384437 11.691955 -1.206664 -8.464199 0 0 0 1.486197 1.056577 8.368458 75.690319 -9.031783 11.401313 -0.421239 2.455136 -0.80889 0.600648 11.117868 -3.787591 0 0 0 0 0 0 0 0 0 0 0 0 -0.00001 -0.004525 0.245502 -0.000005 -0.003391 0.184126 -0.000002 -0.002264 0.122751 -0.000001 -0.001134 0.061375 0 0 0 91.6398 6.332371 91.188339 16.38297 -2.767387 0.766299 -19.671509 -0.678717 2.769051 -0.47755 0.681321 0.230764 84.930647 -24.959657 141.130956 75.824973 -55.405402 -4.25626 0.131329 9.021381 0.014903 2.761238 -4.854948 76.255686 11.704976 5.582589 -0.131879 5.567135 -15.31543 -24.893182 32.874954 17.204112 -5.339535 25.541679 -1.734927 1.929164 -2.842577 5.315443 5.980438 -0.034264 0 0 32.412868 2.585182 8.562852 33.905747 16.087314 5.018166 10.361871 15.015742 5.531607 0 0 0 25.114519 -3.651152 -29.944979 34.314862 -14.486251 -10.759621 -0.382596 1.795022 -4.095836 0 0 0 18.198862 -5.403153 -3.430829 36.16775 -5.787641 -10.319421 -5.323401 -0.253786 -8.603418 -0.019782 0 0 25.573081 44.865066 59.697004 50.094256 1.478614 61.026489 -3.426884 -33.681854 -51.393423 -6.076771 7.979072 9.192814 0 0 0 0 0 0.000008 0.000001 0 -10.033371 0.000001 0 -20.066749 0 0.000007 -30.100128 -0.000591 0.010324 -5.733601 -0.000347 0.007752 -4.3002 -0.000166 0.005168 -2.866799 -0.000051 0.002588 -1.433399 0 -0.013988 0 -94.167227 -39.511539 122.115759 56.532383 -71.722535 -72.6071 5.056103 0.036103 0.001591 -3.237069 -4.551945 141.408579 14.461157 19.076735 6.444653 -2.311969 -14.287035 -22.877687 38.626799 11.940994 -9.898288 23.014098 -3.920804 -6.191349 -1.728699 5.53843 0.044486 0 0 0 32.576499 0.475133 -9.237784 35.835036 3.831775 -3.014556 15.477665 9.185419 1.539048 0 0 0 24.971717 -5.392936 -14.149366 39.240255 -7.506811 -3.951445 -1.946046 1.571396 -3.974818 0 0 0 17.955981 -6.771671 12.337714 41.838108 1.895064 -2.752724 -5.855627 -2.187032 -1.73546 0 0 0 25.573081 44.865066 59.697004 1.903867 6.728612 52.735377 -8.806089 -8.591722 -30.033134 -6.076771 7.979072 9.192814 0 0 0 0 0 0.000008 0 0 7.275196 -0.000001 0 14.550383 -0.000001 0 21.825573 -0.00612 -0.035798 20.23026 -0.003409 -0.027087 15.172695 -0.001476 -0.01817 10.115129 -0.000337 -0.009119 5.057566 0 0 0 22.495021 -2.931844 -10.944985 -0.013912 0.001458 6.423651 0 0 0 -15.092365 4.449954 7.371524 135 -89.998853 135 0 0 0 0 0 0 90.000011 -63.648284 -90.000011 -5.682402 0 0 -28.319917 0 0 -16.252152 0 0 0 0 0 89.999999 -84.450026 179.999999 0 0 0 -90.000001 -84.450026 -0.000001 0 0 0 0 0 0
0 0 0 0 0 0 0.000297 -0.05191599999999996 -0.016425 0.677031 -2.309769 1.198223 -94.261838 -0.83712 -95.026968 -0.878909 -0.011513 -12.330622 0 0 0 3.001108 -2.325588 3.146803 75.504886 -7.99203 9.33427 -0.15412 1.329521 -0.522786 12.18219 11.438535 -8.15626 0 0 0 0 0 0 0 0 0 0 0 0 -0.000161 -0.01842 1.000176 -0.00009 -0.013821 0.750132 -0.00004 -0.00921 0.500088 0.013978 -0.004738 0.84664 0 0 0 90.534527 6.257016 84.350673 11.614452 -1.199441 -8.462566 0 0 0 1.507903 1.04611 8.424513 75.690319 -9.031783 11.401313 -0.421239 2.455136 -0.80889 0.600659 11.117882 -3.787588 0 0 0 0 0 0 0 0 0 0 0 0 -0.000012 -0.00502 0.27248 -0.000007 -0.003763 0.20436 -0.000003 -0.00251 0.13624 -0.000001 -0.001253 0.06812 0 0 0 91.632102 6.326298 91.183845 16.379898 -2.743595 0.770812 -19.667758 -0.661657 2.771403 -0.47115 0.665805 0.256111 84.930629 -24.959661 141.130955 75.800312 -55.434694 -4.269509 0.132177 9.054189 0.015035 2.758371 -4.856575 76.289554 11.714511 5.601435 -0.129607 5.567135 -15.31543 -24.893182 32.874954 17.204101 -5.33951 25.541672 -1.734927 1.929166 -2.84258 5.315443 5.980439 -0.034264 0 0 32.412858 2.585165 8.562877 33.905754 16.087314 5.018168 10.361874 15.015748 5.531607 0 0 0 25.114505 -3.651155 -29.94495 34.314864 -14.486256 -10.759622 -0.382597 1.795025 -4.095837 0 0 0 18.198849 -5.403158 -3.430801 36.167753 -5.787641 -10.319421 -5.323401 -0.253786 -8.603418 -0.019782 0 0 25.573081 44.865066 59.697004 50.094274 1.478605 61.026508 -3.426892 -33.681842 -51.393418 -6.076771 7.979072 9.192814 0 0 0 0 0 0.000008 0.000001 0 -10.024362 0.000001 0 -20.048731 0 0.000007 -30.0731 -0.00059 0.010311 -5.727473 -0.000346 0.007745 -4.295605 -0.000166 0.005161 -2.863736 -0.000051 0.002581 -1.431867 0 -0.013988 0 -94.16724 -39.511539 122.115759 56.450302 -71.709375 -72.542746 5.043566 0.036008 0.001586 -3.23748 -4.551655 141.413738 14.478843 19.101009 6.460149 -2.311969 -14.287035 -22.877687 38.626817 11.941009 -9.898287 23.0141 -3.920807 -6.191349 -1.728699 5.53843 0.044486 0 0 0 32.57651 0.475148 -9.237782 35.835036 3.831776 -3.014557 15.477662 9.185416 1.539048 0 0 0 24.97173 -5.392917 -14.149368 39.240258 -7.506811 -3.951445 -1.94605 1.571396 -3.974818 0 0 0 17.955992 -6.771654 12.33771 41.838107 1.89507 -2.75272 -5.855622 -2.187032 -1.735461 0 0 0 25.573081 44.865066 59.697004 1.903851 6.728627 52.73537 -8.806086 -8.591717 -30.03313 -6.076771 7.979072 9.192814 0 0 0 0 0 0.000008 0 0 7.27657 -0.000001 0 14.553131 -0.000001 0 21.829692 -0.006134 -0.035837 20.252662 -0.003416 -0.027114 15.189496 -0.001479 -0.018191 10.126331 -0.000337 -0.009126 5.063166 0 0 0 22.495008 -2.931841 -10.944984 -0.013912 0.001458 6.42365 0 0 0 -15.092359 4.449967 7.371523 135 -89.998853 135 0 0 0 0 0 0 90.000011 -63.648284 -90.000011 -5.682402 0 0 -28.319917 0 0 -16.252152 0 0 0 0 0 89.999999 -84.450026 179.999999 0 0 0 -90.000001 -84.450026 -0.000001 0 0 0 0 0 0
0 0 0 0 0 0 0.000324 -0.05188899999999996 -0.015947 0.667011 -2.342422 1.187891 -94.256509 -0.814933 -95.015589 -0.878912 -0.011479 -12.330617 0 0 0 2.988157 -2.324085 3.101947 75.504886 -7.99203 9.33427 -0.15412 1.329521 -0.522786 12.182186 11.438547 -8.156249 0 0 0 0 0 0 0 0 0 0 0 0 -0.000158 -0.018243 0.990377 -0.000089 -0.013681 0.742783 -0.000039 -0.009122 0.495189 0.013978 -0.004696 0.84419 0 0 0 90.539689 6.194704 84.324842 11.54766 -1.19323 -8.461173 0 0 0 1.523303 1.037008 8.482559 75.690319 -9.031783 11.401313 -0.421239 2.455136 -0.80889 0.600642 11.117881 -3.787601 0 0 0 0 0 0 0 0 0 0 0 0 -0.000014 -0.005399 0.29304 -0.000008 -0.00405 0.21978 -0.000003 -0.002701 0.14652 -0.000001 -0.001349 0.07326 0 0 0 91.623885 6.322353 91.183552 16.376493 -2.721353 0.771614 -19.668042 -0.646004 2.769854 -0.461073 0.652891 0.294458 84.930649 -24.959648 141.130938 75.802555 -55.455413 -4.310793 0.133235 9.093671 0.015203 2.754988 -4.858491 76.329504 11.733959 5.602686 -0.130716 5.567135 -15.31543 -24.893182 32.874943 17.204115 -5.339514 25.541672 -1.734927 1.929166 -2.84258 5.315443 5.980439 -0.034264 0 0 32.412847 2.585174 8.562873 33.905754 16.087314 5.018167 10.361868 15.015748 5.53161 0 0 0 25.114498 -3.651151 -29.944955 34.314859 -14.486251 -10.75962 -0.382594 1.795022 -4.095837 0 0 0 18.19884 -5.403154 -3.430807 36.167758 -5.787644 -10.319423 -5.323402 -0.253786 -8.603418 -0.019782 0 0 25.573081 44.865066 59.697004 50.094254 1.478598 61.026505 -3.426893 -33.681847 -51.393423 -6.076771 7.979072 9.192814 0 0 0 0 0 0.000008 0.000001 0 -10.013734 0.000001 0 -20.027476 0 0.000007 -30.041217 -0.000587 0.01029 -5.713986 -0.000344 0.007724 -4.285489 -0.000165 0.005154 -2.856992 -0.000051 0.002575 -1.428495 0 -0.013988 0 -94.167236 -39.511551 122.115772 56.338303 -71.698897 -72.447186 5.039066 0.035981 0.001585 -3.237453 -4.551674 141.413402 14.504726 19.128993 6.47907 -2.311969 -14.287035 -22.877687 38.626834 11.940989 -9.898286 23.0141 -3.920807 -6.191349 -1.7287 5.53843 0.044485 0 0 0 32.576527 0.475141 -9.237778 35.835033 3.831776 -3.014557 15.477665 9.185416 1.539047 0 0 0 24.971745 -5.39292 -14.149361 39.240258 -7.506811 -3.951445 -1.946046 1.571396 -3.974818 0 0 0 17.956005 -6.77166 12.337717 41.838108 1.895063 -2.752722 -5.855624 -2.187032 -1.735462 0 0 0 25.573081 44.865066 59.697004 1.903872 6.728647 52.735362 -8.806087 -8.591722 -30.033134 -6.076771 7.979072 9.192814 0 0 0 0 0 0.000008 0 0 7.276481 -0.000001 0 14.552954 -0.000001 0 21.829426 -0.006146 -0.035869 20.27284 -0.003423 -0.027141 15.204628 -0.001482 -0.018204 10.136419 -0.000338 -0.009133 5.068211 0 0 0 22.495021 -2.931847 -10.945002 -0.013912 0.001458 6.423648 0 0 0 -15.092357 4.449967 7.371519 135 -89.998853 135 0 0 0 0 0 0 90.000011 -63.648284 -90.000011 -5.682402 0 0 -28.319917 0 0 -16.252152 0 0 0 0 0 89.999999 -84.450026 179.999999 0 0 0 -90.000001 -84.450026 -0.000001 0 0 0 0 0 0
0 0 0 0 0 0 0.000373 -0.05193300000000001 -0.015531 0.658288 -2.372649 1.178901 -94.252724 -0.802096 -95.001939 -0.878905 -0.011512 -12.330626 0 0 0 2.982916 -2.325204 3.057278 75.504886 -7.99203 9.33427 -0.15412 1.329521 -0.522786 12.182191 11.438544 -8.156255 0 0 0 0 0 0 0 0 0 0 0 0 -0.000154 -0.018038 0.979072 -0.000087 -0.013527 0.734304 -0.000039 -0.009019 0.489536 0.013978 -0.004641 0.841364 0 0 0 90.539265 6.150245 84.304897 11.487159 -1.187593 -8.459911 0 0 0 1.549774 1.031185 8.532901 75.690319 -9.031783 11.401313 -0.421239 2.455136 -0.80889 0.600644 11.117877 -3.787589 0 0 0 0 0 0 0 0 0 0 0 0 -0.000015 -0.00569 0.30871 -0.000009 -0.004262 0.231532 -0.000004 -0.002845 0.154355 -0.000001 -0.001421 0.077177 0 0 0 91.617001 6.318545 91.185154 16.373263 -2.703485 0.769769 -19.670513 -0.633506 2.765978 -0.450249 0.645045 0.332195 84.930638 -24.959654 141.130948 75.809499 -55.468733 -4.348897 0.134086 9.125943 0.015343 2.752202 -4.86007 76.36236 11.752343 5.600011 -0.1324 5.567135 -15.31543 -24.893182 32.874947 17.204101 -5.339527 25.54168 -1.734927 1.929164 -2.842578 5.31544 5.980437 -0.034264 0 0 32.412868 2.585169 8.562862 33.905754 16.087314 5.018167 10.361868 15.015748 5.53161 0 0 0 25.114516 -3.651155 -29.944968 34.314859 -14.486252 -10.759619 -0.382597 1.795022 -4.095836 0 0 0 18.198858 -5.403165 -3.430817 36.16775 -5.787641 -10.319421 -5.323401 -0.253786 -8.603418 -0.019782 0 0 25.573081 44.865066 59.697004 50.094259 1.47861 61.0265 -3.42689 -33.681846 -51.39342 -6.076771 7.979072 9.192814 0 0 0 0 0 0.000008 0.000001 0 -10.004993 0.000001 0 -20.009996 0 0.000007 -30.014998 -0.000585 0.01027 -5.701963 -0.000343 0.007711 -4.276472 -0.000165 0.005141 -2.850981 -0.00005 0.002575 -1.425489 0 -0.013988 0 -94.167237 -39.511544 122.115766 56.232363 -71.695199 -72.355524 5.046685 0.036028 0.001589 -3.214222 -4.568092 141.121174 14.629036 19.081705 6.469592 -2.311969 -14.287035 -22.877687 38.486147 12.014455 -9.67199 23.010196 -3.836974 -6.292011 -1.728586 5.538845 0.05002 0 0 0 32.586515 0.282112 -9.230193 35.789962 4.019372 -2.823568 15.468853 9.214408 1.443964 0 0 0 24.954154 -5.55144 -14.136443 39.251475 -7.359454 -3.753858 -1.94788 1.591673 -3.962807 0 0 0 17.929829 -6.895887 12.33603 41.827259 1.984903 -2.535674 -5.859024 -2.17728 -1.706068 0 0 0 25.573081 44.865066 59.697004 1.903846 6.728598 52.893848 -8.782407 -8.615886 -30.06159 -6.076771 7.979072 9.192814 0 0 0 0 0 0.000008 0 0 7.198677 -0.000001 0 14.397345 -0.000001 0 21.596013 -0.006153 -0.035889 20.285524 -0.003427 -0.027154 15.214142 -0.001484 -0.018218 10.142761 -0.000339 -0.00914 5.071382 0 0 0 22.495015 -2.931846 -10.944996 -0.013912 0.001458 6.423644 0 0 0 -15.092364 4.449966 7.37151 135 -89.998853 135 0 0 0 0 0 0 90.000011 -63.648284 -90.000011 -5.682402 0 0 -28.319917 0 0 -16.252152 0 0 0 0 0 89.999999 -84.450026 179.999999 0 0 0 -90.000001 -84.450026 -0.000001 0 0 0 0 0 0
0 0 0 0 0 0 0.000512 -0.05198199999999997 -0.015143 0.64762 -2.403236 1.173849 -94.248244 -0.789707 -94.991669 -0.878903 -0.011505 -12.33062 0 0 0 2.973898 -2.326661 3.015875 75.504886 -7.99203 9.33427 -0.15412 1.329521 -0.522786 12.182198 11.438547 -8.156241 0 0 0 0 0 0 0 0 0 0 0 0 -0.000151 -0.017877 0.970466 -0.000085 -0.013407 0.727849 -0.000038 -0.008937 0.485233 0.013978 -0.0046 0.839213 0 0 0 90.536873 6.116722 84.283457 11.420655 -1.1814 -8.458533 0 0 0 1.589884 1.025636 8.585538 75.690319 -9.031783 11.401313 -0.421239 2.455136 -0.80889 0.600652 11.117878 -3.787595 0 0 0 0 0 0 0 0 0 0 0 0 -0.000017 -0.005997 0.325511 -0.00001 -0.004494 0.244133 -0.000004 -0.002998 0.162756 -0.000001 -0.001499 0.081378 0 0 0 91.612962 6.318537 91.185449 16.372256 -2.689954 0.767836 -19.674315 -0.623777 2.762424 -0.440753 0.64322 0.370046 84.930644 -24.959646 141.130933 75.818918 -55.472459 -4.393821 0.134699 9.149048 0.01544 2.769631 -4.850174 76.156452 11.793196 5.547755 -0.148433 5.567135 -15.31543 -24.893182 32.788844 17.315565 -5.16334 25.53491 -1.681234 1.818618 -2.842563 5.315491 5.988492 -0.034264 0 0 32.428079 2.433284 8.568741 33.837572 16.239831 5.150856 10.358872 15.01902 5.45363 0 0 0 25.107273 -3.776887 -29.730884 34.314859 -14.486251 -10.75962 -0.382597 1.795022 -4.095836 0 0 0 18.183796 -5.502238 -3.202557 36.167753 -5.787641 -10.319421 -5.323402 -0.253786 -8.603417 -0.019782 0 0 25.573081 44.865066 59.697004 50.286051 1.410776 61.173213 -3.426894 -33.681848 -51.393408 -6.076771 7.979072 9.192814 0 0 0 0 0 0.000008 0.000001 0 -10.059768 0.000001 0 -20.119544 0 0.000007 -30.17932 -0.000582 0.010243 -5.688332 -0.000341 0.00769 -4.266249 -0.000164 0.005127 -2.844165 -0.00005 0.002568 -1.422082 0 -0.013988 0 -94.167248 -39.511551 122.115784 56.163858 -71.697805 -72.287787 5.063962 0.036165 0.001598 -3.204734 -4.574743 141.002174 14.686957 19.063393 6.468156 -2.311969 -14.287035 -22.877687 38.479397 11.946269 -9.878063 22.991342 -3.954543 -6.014427 -1.728587 5.538845 0.05002 0 0 0 32.339939 0.521784 -9.138702 35.973493 3.737379 -3.028028 15.468851 9.214408 1.443963 0 0 0 24.73125 -5.340824 -14.013425 39.420861 -7.602531 -3.954782 -1.947877 1.591673 -3.962807 0 0 0 17.715351 -6.715343 12.469572 41.830098 1.961306 -2.662782 -5.857289 -2.182362 -1.684968 0 0 0 25.573081 44.865066 59.697004 2.001764 6.759185 52.964971 -8.782407 -8.615896 -30.061585 -6.076771 7.979072 9.192814 0 0 0 0 0 0.000008 0 0 7.166994 -0.000001 0 14.333981 -0.000001 0 21.500966 -0.006153 -0.035889 20.285367 -0.003427 -0.027154 15.214026 -0.001484 -0.018218 10.142683 -0.000339 -0.00914 5.071342 0 0 0 22.495018 -2.931857 -10.945007 -0.013912 0.001458 6.423658 0 0 0 -15.092362 4.449968 7.37153 135 -89.998853 135 0 0 0 0 0 0 90.000011 -63.648284 -90.000011 -5.682402 0 0 -28.319917 0 0 -16.252152 0 0 0 0 0 89.999999 -84.450026 179.999999 0 0 0 -90.000001 -84.450026 -0.000001 0 0 0 0 0 0
0 0 0 0 0 0 0.000708 -0.05205099999999996 -0.015275 0.637895 -2.429523 1.177773 -94.240881 -0.779315 -94.978976 -0.878913 -0.0115 -12.330626 0 0 0 2.959587 -2.322585 2.977213 75.504886 -7.99203 9.33427 -0.15412 1.329521 -0.522786 12.182183 11.438548 -8.156257 0 0 0 0 0 0 0 0 0 0 0 0 -0.000148 -0.017683 0.959958 -0.000083 -0.013261 0.719969 -0.000037 -0.008845 0.479979 0.013978 -0.004552 0.836586 0 0 0 90.538029 6.077791 84.257925 11.347757 -1.1746 -8.457037 0 0 0 1.621045 1.017446 8.637481 75.690319 -9.031783 11.401313 -0.421239 2.455136 -0.80889 0.600626 11.117871 -3.787599 0 0 0 0 0 0 0 0 0 0 0 0 -0.000019 -0.006366 0.345719 -0.000011 -0.004774 0.259289 -0.000005 -0.003186 0.172859 -0.000001 -0.001591 0.08643 0 0 0 91.61161 6.32111 91.185003 16.374018 -2.681221 0.765859 -19.67953 -0.616871 2.759162 -0.439027 0.643819 0.402891 84.930648 -24.959651 141.130945 75.827802 -55.466791 -4.447221 0.135331 9.173127 0.01554 2.765661 -4.852434 76.203402 11.821811 5.54267 -0.151326 5.567135 -15.31543 -24.893182 32.788833 17.315579 -5.163342 25.53491 -1.681234 1.818619 -2.842564 5.315491 5.988493 -0.034264 0 0 32.221608 2.705711 8.559484 34.043536 16.041834 5.012128 10.358872 15.01902 5.453633 0 0 0 24.923011 -3.530157 -29.719142 34.360682 -14.354872 -10.928588 -0.381925 1.797654 -4.092079 0 0 0 18.008819 -5.283554 -3.186102 36.186509 -5.629292 -10.439222 -5.323181 -0.250348 -8.569025 -0.019782 0 0 25.573081 44.865066 59.697004 50.286043 1.41077 61.173204 -3.426893 -33.681847 -51.393416 -6.076771 7.979072 9.192814 0 0 0 0 0 0.000008 0.000001 0 -10.047279 0.000001 0 -20.094566 0 0.000007 -30.141857 -0.000579 0.010215 -5.672457 -0.00034 0.00767 -4.254342 -0.000163 0.005113 -2.836228 -0.00005 0.002561 -1.418113 0 -0.013988 0 -94.167237 -39.511545 122.115767 56.096989 -71.707094 -72.232061 5.087854 0.036328 0.001612 -3.200712 -4.577555 140.951754 14.429555 19.203893 6.449007 -2.311969 -14.287035 -22.877687 38.680088 11.735125 -9.973062 22.991347 -3.954542 -6.014429 -1.728585 5.538835 0.050021 0 0 0 32.634447 0.431493 -9.218874 35.803736 3.962476 -3.039428 15.616049 8.98921 1.380532 0 0 0 25.032794 -5.440929 -14.081239 39.252792 -7.342213 -3.932925 -1.947032 1.582203 -3.957682 0 0 0 18.017027 -6.822945 12.414407 41.830092 1.961312 -2.662778 -5.857289 -2.182362 -1.684967 0 0 0 25.573081 44.865066 59.697004 1.903879 6.728625 52.681884 -8.737533 -8.355943 -30.102083 -6.076771 7.979072 9.192814 0 0 0 0 0 0.000008 0 0 7.153572 -0.000001 0 14.307135 -0.000001 0 21.460698 -0.006153 -0.035889 20.283466 -0.003427 -0.027154 15.212599 -0.001484 -0.018218 10.141733 -0.000339 -0.00914 5.070867 0 0 0 22.495018 -2.931845 -10.944995 -0.01391 0.001471 6.476759 0 0 0 -15.051652 4.752471 7.357159 135 -89.998853 135 0 0 0 0 0 0 90.000011 -63.648284 -90.000011 -5.682402 0 0 -28.319917 0 0 -16.252152 0 0 0 0 0 89.999999 -84.450026 179.999999 0 0 0 -90.000001 -84.450026 -0.000001 0 0 0 0 0 0
0 0 0 0 0 0 0.001053 -0.052054000000000045 -0.014981 0.630321 -2.445778 1.188134 -94.235808 -0.771554 -94.959611 -0.878896 -0.011504 -12.330626 0 0 0 2.942045 -2.317917 2.942424 75.504886 -7.99203 9.33427 -0.15412 1.329521 -0.522786 12.182182 11.438544 -8.156257 0 0 0 0 0 0 0 0 0 0 0 0 -0.000143 -0.017392 0.94423 -0.000081 -0.013045 0.708172 -0.000036 -0.008698 0.472115 0.013979 -0.00448 0.832654 0 0 0 90.539999 6.027331 84.22885 11.264666 -1.166863 -8.455348 0 0 0 1.643825 1.009027 8.682662 75.690319 -9.031783 11.401313 -0.421239 2.455136 -0.80889 0.600633 11.117881 -3.787591 0 0 0 0 0 0 0 0 0 0 0 0 -0.000022 -0.006796 0.368747 -0.000012 -0.005092 0.27656 -0.000005 -0.003398 0.184373 -0.000001 -0.001701 0.092187 0 0 0 91.612763 6.323702 91.18623 16.381014 -2.676772 0.761892 -19.682875 -0.612714 2.754537 -0.450528 0.64458 0.426269 84.93065 -24.959653 141.130943 75.822966 -55.463066 -4.48384 0.135982 9.197081 0.015638 2.772199 -4.848709 76.126065 11.861541 5.520955 -0.160402 5.567135 -15.31543 -24.893182 32.782223 17.245521 -5.06675 25.534915 -1.68124 1.818617 -2.84256 5.315494 5.988493 -0.034264 0 0 32.229323 2.631853 8.655485 34.043536 16.041834 5.01213 10.358873 15.01902 5.453633 0 0 0 24.919754 -3.59122 -29.879434 34.30437 -14.504333 -10.702624 -0.381922 1.797647 -4.092075 0 0 0 18.001758 -5.331552 -3.392077 36.160815 -5.816751 -10.181618 -5.323179 -0.250348 -8.569025 -0.019782 0 0 25.573081 44.865066 59.697004 50.094296 1.478622 61.237646 -3.19324 -33.480782 -51.407385 -6.076771 7.979072 9.192814 0 0 0 0 0 0.000008 0.000001 0 -10.067851 0.000001 0 -20.13571 0 0.000007 -30.203569 -0.000577 0.010195 -5.661181 -0.000338 0.007649 -4.245885 -0.000163 0.005107 -2.83059 -0.00005 0.002554 -1.415294 0 -0.013988 0 -94.167237 -39.511545 122.115777 55.993916 -71.728417 -72.147169 5.113197 0.036505 0.001631 -3.201133 -4.577262 140.957021 14.446451 19.223614 6.462361 -2.311969 -14.287035 -22.877687 38.623188 12.052846 -9.984808 23.014347 -3.925975 -6.141762 -1.728577 5.538557 0.064411 0 0 0 32.634425 0.43152 -9.218899 35.803736 3.962476 -3.039427 15.469223 9.213221 1.357307 0 0 0 25.032772 -5.440905 -14.081265 39.252788 -7.342213 -3.932924 -1.947035 1.582203 -3.957681 0 0 0 18.017007 -6.822924 12.414376 41.830086 1.961305 -2.66278 -5.857284 -2.182368 -1.684968 0 0 0 25.573081 44.865066 59.697004 1.903837 6.728607 52.681881 -8.737532 -8.355943 -30.102086 -6.076771 7.979072 9.192814 0 0 0 0 0 0.000008 0 0 7.154972 -0.000001 0 14.309937 -0.000001 0 21.464901 -0.006146 -0.035869 20.274422 -0.003423 -0.027141 15.205815 -0.001483 -0.018211 10.13721 -0.000338 -0.00914 5.068606 0 0 0 22.495024 -2.931855 -10.944996 -0.01391 0.001471 6.476756 0 0 0 -15.051654 4.75247 7.357153 135 -89.998853 135 0 0 0 0 0 0 90.000011 -63.648284 -90.000011 -5.682402 0 0 -28.319917 0 0 -16.252152 0 0 0 0 0 89.999999 -84.450026 179.999999 0 0 0 -90.000001 -84.450026 -0.000001 0 0 0 0 0 0
0 0 0 0 0 0 0.001446 -0.052014000000000005 -0.01471 0.626777 -2.459588 1.195712 -94.238622 -0.76425 -94.942674 -0.878901 -0.011491 -12.330622 0 0 0 2.926292 -2.318137 2.91228 75.504886 -7.99203 9.33427 -0.15412 1.329521 -0.522786 12.18218 11.438547 -8.156253 0 0 0 0 0 0 0 0 0 0 0 0 -0.000139 -0.01714 0.930539 -0.000078 -0.012858 0.697905 -0.000035 -0.008568 0.46527 0.013979 -0.004415 0.829231 0 0 0 90.540528 5.967174 84.201388 11.164406 -1.157528 -8.453303 0 0 0 1.675917 0.996518 8.72334 75.690319 -9.031783 11.401313 -0.421239 2.455136 -0.80889 0.600656 11.117868 -3.787583 0 0 0 0 0 0 0 0 0 0 0 0 -0.000024 -0.007192 0.390396 -0.000014 -0.005392 0.292797 -0.000006 -0.003593 0.195198 -0.000002 -0.0018 0.097599 0 0 0 91.615556 6.325851 91.192948 16.390046 -2.675224 0.755414 -19.684957 -0.610831 2.747842 -0.46264 0.6449 0.445995 84.930623 -24.959662 141.130957 75.81667 -55.457507 -4.512391 0.136458 9.214781 0.015718 2.773452 -4.847992 76.111262 11.631083 5.598825 -0.124592 5.567135 -15.31543 -24.893182 32.958077 17.062918 -5.133874 25.534911 -1.681234 1.818619 -2.84256 5.315491 5.988492 -0.034264 0 0 32.486045 2.563882 8.594029 34.043536 16.041834 5.012128 10.358873 15.01902 5.453633 0 0 0 25.182575 -3.666438 -29.931788 34.304379 -14.504337 -10.702628 -0.381921 1.797654 -4.092079 0 0 0 18.265291 -5.412522 -3.435075 36.160809 -5.816751 -10.181618 -5.323177 -0.250348 -8.569025 -0.019782 0 0 25.573081 44.865066 59.697004 50.23076 1.70492 61.164525 -3.213881 -33.918103 -51.395936 -6.076771 7.979072 9.192814 0 0 0 0 0 0.000008 0.000001 0 -10.071791 0.000001 0 -20.143589 0 0.000007 -30.215388 -0.000576 0.010181 -5.652402 -0.000338 0.007643 -4.239301 -0.000162 0.0051 -2.8262 -0.00005 0.002547 -1.413099 0 -0.013988 0 -94.167243 -39.511536 122.115754 55.893861 -71.754338 -72.056757 5.148431 0.036764 0.001652 -3.200921 -4.577411 140.954351 14.465104 19.237741 6.473233 -2.311969 -14.287035 -22.877687 38.623185 12.052802 -9.984789 23.014346 -3.925975 -6.141761 -1.72858 5.538557 0.06441 0 0 0 32.634438 0.431479 -9.218878 35.803742 3.962476 -3.039429 15.469224 9.213221 1.357307 0 0 0 25.032786 -5.44094 -14.081241 39.252788 -7.342213 -3.932924 -1.947035 1.582203 -3.957681 0 0 0 18.017017 -6.822961 12.414405 41.830089 1.961311 -2.662777 -5.857285 -2.182362 -1.684969 0 0 0 25.573081 44.865066 59.697004 1.903888 6.728612 52.68189 -8.737529 -8.355936 -30.102092 -6.076771 7.979072 9.192814 0 0 0 0 0 0.000008 0 0 7.154262 -0.000001 0 14.308516 -0.000001 0 21.462771 -0.006136 -0.035843 20.257244 -0.003418 -0.027121 15.192933 -0.00148 -0.018191 10.128622 -0.000338 -0.009126 5.064312 0 0 0 22.495005 -2.931842 -10.94498 -0.01391 0.001471 6.476759 0 0 0 -15.051645 4.752463 7.357156 135 -89.998853 135 0 0 0 0 0 0 90.000011 -63.648284 -90.000011 -5.682402 0 0 -28.319917 0 0 -16.252152 0 0 0 0 0 89.999999 -84.450026 179.999999 0 0 0 -90.000001 -84.450026 -0.000001 0 0 0 0 0 0
0 0 0 0 0 0 0.001828 -0.05201900000000004 -0.015161 0.624593 -2.479355 1.201162 -94.242536 -0.757617 -94.926967 -0.87891 -0.011499 -12.330621 0 0 0 2.91301 -2.318562 2.877266 75.504886 -7.99203 9.33427 -0.15412 1.329521 -0.522786 12.182191 11.438547 -8.156249 0 0 0 0 0 0 0 0 0 0 0 0 -0.000135 -0.016908 0.917857 -0.000076 -0.012683 0.688393 -0.000034 -0.008452 0.458929 0.013979 -0.004353 0.826061 0 0 0 90.543481 5.898488 84.177968 11.045733 -1.146436 -8.450926 0 0 0 1.7189 0.977623 8.765431 75.690319 -9.031783 11.401313 -0.421239 2.455136 -0.80889 0.600653 11.117881 -3.787593 0 0 0 0 0 0 0 0 0 0 0 0 -0.000027 -0.007534 0.408927 -0.000015 -0.005652 0.306695 -0.000007 -0.003763 0.204463 -0.000002 -0.001882 0.102232 0 0 0 91.61834 6.328158 91.201085 16.398601 -2.675737 0.746608 -19.686242 -0.610789 2.738996 -0.473047 0.649518 0.474083 84.930638 -24.959656 141.130955 75.809909 -55.444585 -4.551272 0.136635 9.222452 0.015745 2.769633 -4.850173 76.156403 11.653617 5.603722 -0.125434 5.567135 -15.31543 -24.893182 32.95807 17.062899 -5.133858 25.534916 -1.68124 1.818616 -2.842561 5.315491 5.98849 -0.034264 0 0 32.486047 2.563869 8.594047 34.043528 16.041831 5.012127 10.358869 15.01902 5.453633 0 0 0 25.182576 -3.666453 -29.93177 34.304373 -14.504338 -10.702627 -0.381921 1.797654 -4.092077 0 0 0 18.26529 -5.412535 -3.435055 36.160812 -5.816751 -10.181618 -5.323181 -0.250348 -8.569027 -0.019782 0 0 25.573081 44.865066 59.697004 50.23078 1.704919 61.164539 -3.213884 -33.918105 -51.395932 -6.076771 7.979072 9.192814 0 0 0 0 0 0.000008 0.000001 0 -10.059783 0.000001 0 -20.119575 0 0.000007 -30.179364 -0.000573 0.010161 -5.640704 -0.000336 0.007622 -4.230527 -0.000162 0.005086 -2.820351 -0.00005 0.002547 -1.410175 0 -0.013988 0 -94.167225 -39.511539 122.11575 55.780823 -71.780099 -71.949793 5.190309 0.037064 0.001681 -3.200235 -4.57789 140.945754 14.490545 19.250718 6.485042 -2.311969 -14.287035 -22.877687 38.623193 12.052836 -9.98481 23.014347 -3.925969 -6.141759 -1.72858 5.538557 0.06441 0 0 0 32.634438 0.431514 -9.218899 35.803736 3.962476 -3.039428 15.469224 9.213221 1.357307 0 0 0 25.032788 -5.44091 -14.081266 39.252782 -7.342213 -3.932924 -1.947032 1.582207 -3.957682 0 0 0 18.01702 -6.822933 12.414377 41.830092 1.961305 -2.662781 -5.857289 -2.182362 -1.684968 0 0 0 25.573081 44.865066 59.697004 1.903848 6.728609 52.681866 -8.737531 -8.355943 -30.102087 -6.076771 7.979072 9.192814 0 0 0 0 0 0.000008 0 0 7.151973 -0.000001 0 14.303938 -0.000001 0 21.455903 -0.006125 -0.035811 20.238957 -0.003411 -0.027094 15.179217 -0.001477 -0.018177 10.119478 -0.000337 -0.009119 5.05974 0 0 0 22.495017 -2.931844 -10.944986 -0.01391 0.001471 6.476762 0 0 0 -15.051663 4.752469 7.357163 135 -89.998853 135 0 0 0 0 0 0 90.000011 -63.648284 -90.000011 -5.682402 0 0 -28.319917 0 0 -16.252152 0 0 0 0 0 89.999999 -84.450026 179.999999 0 0 0 -90.000001 -84.450026 -0.000001 0 0 0 0 0 0
0 0 0 0 0 0 0.002124 -0.052020999999999984 -0.014853 0.621324 -2.505995 1.20384 -94.243318 -0.748441 -94.909746 -0.87892 -0.011507 -12.330623 0 0 0 2.900445 -2.31661 2.833701 75.504886 -7.99203 9.33427 -0.15412 1.329521 -0.522786 12.182191 11.438543 -8.156245 0 0 0 0 0 0 0 0 0 0 0 0 -0.000131 -0.016651 0.90386 -0.000074 -0.012485 0.677895 -0.000033 -0.008326 0.45193 0.013979 -0.004291 0.822561 0 0 0 90.550929 5.814051 84.145159 10.90627 -1.133427 -8.448144 0 0 0 1.768483 0.950759 8.822984 75.690319 -9.031783 11.401313 -0.421239 2.455136 -0.80889 0.600659 11.117878 -3.787588 0 0 0 0 0 0 0 0 0 0 0 0 -0.00003 -0.008012 0.435082 -0.000017 -0.006011 0.326311 -0.000008 -0.004006 0.217541 -0.000002 -0.002005 0.10877 0 0 0 91.620288 6.329799 91.208373 16.407593 -2.676825 0.735282 -19.685842 -0.61194 2.727849 -0.51026 0.649377 0.252048 84.941163 -25.219286 141.168135 75.795317 -55.424278 -4.591208 0.136661 9.222465 0.015751 2.765182 -4.852706 76.209085 11.677514 5.613606 -0.125583 5.567135 -15.31543 -24.893182 32.958039 17.062866 -5.36355 25.528676 -1.780212 2.025978 -2.842561 5.315491 5.988492 -0.034264 0 0 32.486047 2.563862 8.594048 34.043526 16.041827 5.012126 10.358869 15.01902 5.453635 0 0 0 25.182571 -3.666461 -29.931769 34.304377 -14.504341 -10.702629 -0.381921 1.797654 -4.092077 0 0 0 18.265287 -5.412539 -3.435052 36.160819 -5.81675 -10.181619 -5.323179 -0.250348 -8.569025 -0.019782 0 0 25.573081 44.865066 59.697004 50.094257 1.4786 61.160764 -3.337544 -33.689779 -51.411681 -6.076771 7.979072 9.192814 0 0 0 0 0 0.000008 0.000001 0 -10.045769 0.000001 0 -20.091545 0 0.000007 -30.137322 -0.000571 0.010134 -5.628669 -0.000335 0.007608 -4.221502 -0.000161 0.005072 -2.814334 -0.000049 0.00254 -1.407166 0 -0.013988 0 -94.116729 -39.251398 122.077603 55.642972 -71.807251 -71.803712 5.218701 0.037254 0.001695 -3.198511 -4.579092 140.924186 14.506724 19.278767 6.499348 -2.311969 -14.287035 -22.877687 38.623187 12.052817 -9.984789 23.01435 -3.925968 -6.141762 -1.728578 5.538557 0.064409 0 0 0 32.634434 0.431493 -9.218877 35.80373 3.962482 -3.039425 15.469223 9.213221 1.357307 0 0 0 25.03278 -5.440927 -14.081241 39.252798 -7.342219 -3.932928 -1.947032 1.582203 -3.957682 0 0 0 18.017012 -6.822946 12.414404 41.830089 1.961305 -2.66278 -5.857283 -2.182362 -1.684968 0 0 0 25.573081 44.865066 59.697004 1.903871 6.728613 52.681892 -8.737531 -8.355943 -30.102087 -6.076771 7.979072 9.192814 0 0 0 0 0 0.000008 0 0 7.146231 -0.000001 0 14.292453 -0.000001 0 21.438676 -0.006109 -0.035765 20.21366 -0.003402 -0.027061 15.160244 -0.001474 -0.018157 10.10683 -0.000336 -0.009112 5.053416 0 0 0 22.508528 -3.022145 -10.698915 -0.01391 0.001471 6.476766 0 0 0 -15.051654 4.752473 7.357173 135 -89.998853 135 0 0 0 0 0 0 90.000011 -63.648284 -90.000011 -5.682402 0 0 -28.319917 0 0 -16.252152 0 0 0 0 0 89.999999 -84.450026 179.999999 0 0 0 -90.000001 -84.450026 -0.000001 0 0 0 0 0 0
0 0 0 0 0 0 0.002288 -0.052100000000000035 -0.01449 0.618372 -2.531466 1.202779 -94.244092 -0.73727 -94.904339 -0.878909 -0.011506 -12.330626 0 0 0 2.8892 -2.315341 2.802841 75.504886 -7.99203 9.33427 -0.15412 1.329521 -0.522786 12.182202 11.438559 -8.156261 0 0 0 0 0 0 0 0 0 0 0 0 -0.00013 -0.016563 0.899223 -0.000073 -0.012424 0.674417 -0.000032 -0.008285 0.449612 0.013979 -0.00427 0.821402 0 0 0 90.560264 5.719725 84.100408 10.755603 -1.119345 -8.445178 0 0 0 1.822145 0.918294 8.890719 75.690319 -9.031783 11.401313 -0.421239 2.455136 -0.80889 0.60064 11.117871 -3.787592 0 0 0 0 0 0 0 0 0 0 0 0 -0.000036 -0.008674 0.470785 -0.00002 -0.006502 0.353089 -0.000009 -0.004337 0.235393 -0.000002 -0.002165 0.117696 0 0 0 91.622098 6.331965 91.21638 16.417515 -2.67616 0.722788 -19.682583 -0.613159 2.715487 -0.520481 0.658339 0.292982 84.941159 -25.219296 141.168147 75.782795 -55.402488 -4.619536 0.13673 9.225402 0.015767 2.761833 -4.854611 76.248632 11.704601 5.619301 -0.126916 5.567135 -15.31543 -24.893182 32.674396 17.110566 -5.446902 25.541046 -1.730598 2.002233 -2.842669 5.315627 5.969901 -0.034264 0 0 32.486062 2.563874 8.594029 34.043531 16.04183 5.012128 10.358873 15.01902 5.453635 0 0 0 25.182593 -3.666448 -29.931786 34.304376 -14.504338 -10.702627 -0.381921 1.797654 -4.092077 0 0 0 18.265309 -5.412529 -3.435073 36.160812 -5.816751 -10.181618 -5.323177 -0.250348 -8.569025 -0.019782 0 0 25.573081 44.865066 59.697004 50.094245 1.478628 61.160756 -3.337544 -33.689769 -51.411686 -6.076771 7.979072 9.192814 0 0 0 0 0 0.000008 0.000001 0 -10.035249 0.000001 0 -20.070505 0 0.000007 -30.105761 -0.000569 0.01012 -5.620298 -0.000334 0.007595 -4.215223 -0.00016 0.005066 -2.810148 -0.000049 0.002534 -1.405073 0 -0.013988 0 -94.116715 -39.251392 122.077588 55.507361 -71.835802 -71.645635 5.24246 0.037431 0.001714 -3.195893 -4.58092 140.89137 14.51612 19.309241 6.511757 -2.311969 -14.287035 -22.877687 38.623158 12.052845 -9.984789 23.014344 -3.925975 -6.14176 -1.72858 5.538557 0.064409 0 0 0 32.634404 0.431505 -9.218878 35.803742 3.962477 -3.039429 15.469223 9.213222 1.357306 0 0 0 25.03275 -5.440915 -14.081244 39.252788 -7.342213 -3.932925 -1.947032 1.582203 -3.957681 0 0 0 18.016983 -6.822935 12.414398 41.830086 1.961305 -2.66278 -5.857284 -2.182368 -1.684968 0 0 0 25.573081 44.865066 59.697004 1.903855 6.728599 52.681897 -8.737529 -8.355936 -30.102089 -6.076771 7.979072 9.192814 0 0 0 0 0 0.000008 0 0 7.137494 -0.000001 0 14.27498 -0.000001 0 21.412468 -0.00609 -0.035713 20.180743 -0.003392 -0.027021 15.135556 -0.001468 -0.018123 10.090371 -0.000335 -0.009092 5.045186 0 0 0 22.508533 -3.022133 -10.698902 -0.01391 0.001471 6.476754 0 0 0 -15.051647 4.752476 7.357152 135 -89.998853 135 0 0 0 0 0 0 90.000011 -63.648284 -90.000011 -5.682402 0 0 -28.319917 0 0 -16.252152 0 0 0 0 0 89.999999 -84.450026 179.999999 0 0 0 -90.000001 -84.450026 -0.000001 0 0 0 0 0 0
0 0 0 0 0 0 0.002309 -0.052171999999999996 -0.014204 0.614663 -2.548355 1.203518 -94.244431 -0.731733 -94.910794 -0.878905 -0.011485 -12.330616 0 0 0 2.881394 -2.316543 2.79242 75.504886 -7.99203 9.33427 -0.15412 1.329521 -0.522786 12.182178 11.438536 -8.156258 0 0 0 0 0 0 0 0 0 0 0 0 -0.000131 -0.016655 0.904207 -0.000074 -0.012489 0.678156 -0.000033 -0.008326 0.452104 0.013979 -0.004294 0.822648 0 0 0 90.569848 5.651539 84.063009 10.64235 -1.108783 -8.442975 0 0 0 1.863306 0.89218 8.942986 75.690319 -9.031783 11.401313 -0.421239 2.455136 -0.80889 0.600657 11.117868 -3.787578 0 0 0 0 0 0 0 0 0 0 0 0 -0.00004 -0.009221 0.500736 -0.000023 -0.006916 0.375552 -0.00001 -0.004614 0.250368 -0.000003 -0.002309 0.125184 0 0 0 91.624848 6.334569 91.222068 16.420658 -2.674018 0.71049 -19.676603 -0.615011 2.703262 -0.527804 0.665399 0.328287 84.941167 -25.219293 141.168155 75.765892 -55.378972 -4.634982 0.136789 9.227588 0.015767 2.760137 -4.855574 76.268671 11.609014 5.363769 -0.151531 5.567135 -15.31543 -24.893182 32.931605 17.224877 -5.273408 25.541048 -1.730598 2.002233 -2.842668 5.315627 5.969899 -0.034264 0 0 32.414538 2.56838 8.741502 33.866939 16.174366 5.03966 10.328647 15.052004 5.367391 0 0 0 25.113714 -3.665054 -29.790771 34.561798 -14.420442 -10.643225 -0.381921 1.797654 -4.092074 0 0 0 18.197182 -5.414122 -3.316494 36.344013 -5.631792 -10.3172 -5.324249 -0.224991 -8.603583 -0.019782 0 0 25.573081 44.865066 59.697004 49.997622 1.648299 61.023829 -3.231609 -33.679573 -51.491279 -6.076771 7.979072 9.192814 0 0 0 0 0 0.000008 0.000001 0 -10.029916 0.000001 0 -20.059839 0 0.000007 -30.089763 -0.000569 0.010113 -5.615777 -0.000333 0.007588 -4.211833 -0.00016 0.005066 -2.807888 -0.000049 0.002534 -1.403943 0 -0.013988 0 -94.116705 -39.251393 122.077576 55.356879 -71.859166 -71.468641 5.255618 0.037527 0.00172 -3.192891 -4.583011 140.853788 14.524172 19.34806 6.526815 -2.311969 -14.287035 -22.877687 38.623203 12.052829 -9.984798 23.014344 -3.925965 -6.141758 -1.72858 5.538557 0.064409 0 0 0 32.634454 0.431512 -9.218886 35.803727 3.962475 -3.039427 15.469222 9.213225 1.357309 0 0 0 25.032799 -5.440911 -14.081253 39.252795 -7.342212 -3.932926 -1.947028 1.582203 -3.957682 0 0 0 18.017033 -6.822932 12.414389 41.830089 1.961305 -2.662781 -5.857289 -2.182362 -1.684968 0 0 0 25.573081 44.865066 59.697004 1.903861 6.728625 52.681861 -8.737532 -8.355932 -30.102082 -6.076771 7.979072 9.192814 0 0 0 0 0 0.000008 0 0 7.127489 -0.000001 0 14.25497 -0.000001 0 21.382451 -0.006071 -0.035661 20.151181 -0.003381 -0.026981 15.113386 -0.001464 -0.018096 10.075591 -0.000334 -0.009078 5.037796 0 0 0 22.508537 -3.02213 -10.698899 -0.01391 0.001471 6.476756 0 0 0 -15.051655 4.752468 7.357163 135 -89.998853 135 0 0 0 0 0 0 90.000011 -63.648284 -90.000011 -5.682402 0 0 -28.319917 0 0 -16.252152 0 0 0 0 0 89.999999 -84.450026 179.999999 0 0 0 -90.000001 -84.450026 -0.000001 0 0 0 0 0 0
0 0 0 0 0 0 0.002393 -0.052158999999999955 -0.014223 0.610905 -2.552375 1.211931 -94.241791 -0.733429 -94.915441 -0.878898 -0.011518 -12.330621 0 0 0 2.874506 -2.315557 2.793677 75.504886 -7.99203 9.33427 -0.15412 1.329521 -0.522786 12.182185 11.438561 -8.156256 0 0 0 0 0 0 0 0 0 0 0 0 -0.000132 -0.016727 0.907938 -0.000075 -0.012543 0.680953 -0.000033 -0.00836 0.453969 0.013979 -0.004311 0.823581 0 0 0 90.583752 5.626698 84.033787 10.580404 -1.102974 -8.441781 0 0 0 1.888237 0.868982 8.974236 75.690319 -9.031783 11.401313 -0.421239 2.455136 -0.80889 0.600654 11.117881 -3.78759 0 0 0 0 0 0 0 0 0 0 0 0 -0.000044 -0.009661 0.524525 -0.000025 -0.007247 0.393394 -0.000011 -0.004832 0.262263 -0.000003 -0.002414 0.131131 0 0 0 91.628605 6.331043 91.224443 16.4087 -2.672672 0.699283 -19.671046 -0.618812 2.692057 -0.533284 0.671924 0.352329 84.941167 -25.219295 141.168151 75.726004 -55.357895 -4.617273 0.136819 9.228551 0.015774 2.758762 -4.856355 76.284912 11.637445 5.381369 -0.151865 5.567135 -15.31543 -24.893182 32.931594 17.22489 -5.273423 25.541044 -1.730599 2.002239 -2.842668 5.315627 5.9699 -0.034264 0 0 32.414527 2.568382 8.741485 33.866941 16.174362 5.039662 10.328648 15.052004 5.367392 0 0 0 25.113706 -3.665052 -29.790789 34.561807 -14.420444 -10.803236 -0.376905 1.798706 -3.931996 0 0 0 18.197173 -5.41412 -3.316511 36.344017 -5.631792 -10.3172 -5.324249 -0.224991 -8.603583 -0.019782 0 0 25.573081 44.865066 59.697004 49.99761 1.648297 61.02381 -3.231609 -33.679573 -51.491276 -6.076771 7.979072 9.192814 0 0 0 0 0 0.000008 0.000001 0 -10.025595 0.000001 0 -20.051199 0 0.000007 -30.076803 -0.000569 0.01012 -5.620533 -0.000334 0.007595 -4.215399 -0.000161 0.005066 -2.810265 -0.000049 0.002534 -1.405132 0 -0.013988 0 -94.116712 -39.251392 122.07758 55.209317 -71.875062 -71.294883 5.250993 0.037506 0.001721 -3.190039 -4.584993 140.818114 14.525384 19.394526 6.543287 -2.311969 -14.287035 -22.877687 38.514248 11.698606 -10.00721 23.016791 -3.98266 -6.001611 -1.728563 5.538559 0.0356 0 0 0 32.634456 0.431487 -9.218877 35.870586 3.68037 -3.034974 15.469515 9.212396 1.440727 0 0 0 25.032804 -5.440932 -14.081239 39.227657 -7.662757 -3.929644 -1.947981 1.591793 -3.969809 0 0 0 18.017037 -6.82295 12.414406 41.830086 1.961305 -2.66278 -5.857287 -2.182362 -1.684968 0 0 0 25.573081 44.865066 59.697004 1.903881 6.728623 52.681875 -8.737529 -8.355928 -30.102088 -6.076771 7.979072 9.192814 0 0 0 0 0 0.000008 0 0 7.117992 -0.000001 0 14.235975 -0.000001 0 21.353959 -0.006057 -0.035621 20.128408 -0.003374 -0.026954 15.096305 -0.00146 -0.018076 10.064204 -0.000333 -0.009071 5.032103 0 0 0 22.508532 -3.022131 -10.698898 -0.01391 0.001471 6.476753 0 0 0 -15.051665 4.752467 7.35715 135 -89.998853 135 0 0 0 0 0 0 90.000011 -63.648284 -90.000011 -5.682402 0 0 -28.319917 0 0 -16.252152 0 0 0 0 0 89.999999 -84.450026 179.999999 0 0 0 -90.000001 -84.450026 -0.000001 0 0 0 0 0 0
0 0 0 0 0 0 0.002432 -0.052153000000000005 -0.013967 0.611774 -2.542437 1.226082 -94.239789 -0.737821 -94.919003 -0.878902 -0.011512 -12.330618 0 0 0 2.866176 -2.310724 2.80839 75.504886 -7.99203 9.33427 -0.15412 1.329521 -0.522786 12.182184 11.438548 -8.156258 0 0 0 0 0 0 0 0 0 0 0 0 -0.000133 -0.016778 0.910891 -0.000075 -0.012584 0.683168 -0.000033 -0.008391 0.455445 0.013979 -0.004322 0.824319 0 0 0 90.600845 5.636037 84.007337 10.559668 -1.101057 -8.441375 0 0 0 1.703208 0.838681 8.802099 75.690319 -9.031783 11.401313 -0.421239 2.455136 -0.80889 0.647173 11.188824 -3.720278 0 0 0 0 0 0 0 0 0 0 0 0 -0.000048 -0.010064 0.546363 -0.000027 -0.007547 0.409772 -0.000012 -0.00503 0.273181 -0.000003 -0.002514 0.136591 0 0 0 91.632644 6.326767 91.224674 16.385777 -2.674074 0.689632 -19.66566 -0.625693 2.682539 -0.533984 0.676933 0.361748 84.94116 -25.219295 141.168136 75.663674 -55.352525 -4.56328 0.136928 9.233443 0.015792 2.758913 -4.856268 76.28314 11.658152 5.411963 -0.149899 5.567135 -15.31543 -24.893182 32.931597 17.224865 -5.273432 25.541049 -1.730598 2.002235 -2.842669 5.315627 5.969901 -0.034264 0 0 32.414535 2.568366 8.741475 33.866942 16.174366 5.03966 10.328648 15.052004 5.367392 0 0 0 25.113719 -3.665069 -29.790796 34.561796 -14.420441 -10.803235 -0.376901 1.798706 -3.931993 0 0 0 18.197186 -5.41414 -3.316515 36.34402 -5.631792 -10.3172 -5.324249 -0.224991 -8.603585 -0.019782 0 0 25.573081 44.865066 59.697004 49.997627 1.648304 61.023799 -3.23161 -33.679574 -51.491282 -6.076771 7.979072 9.192814 0 0 0 0 0 0.000008 0.000001 0 -10.026066 0.000001 0 -20.052142 0 0.000007 -30.078216 -0.000572 0.010147 -5.635103 -0.000336 0.007615 -4.226326 -0.000161 0.005079 -2.817551 -0.000049 0.00254 -1.408774 0 -0.013988 0 -94.346151 -39.123055 122.366021 54.873112 -71.639318 -70.896331 5.247329 0.037472 0.001715 -3.223745 -4.561382 141.240851 14.484608 19.172662 6.476612 -2.311969 -14.287035 -22.877687 38.626816 11.941005 -10.073886 23.017062 -3.99007 -6.206738 -1.728842 5.537675 0.044471 0 0 0 32.576519 0.475139 -9.301957 35.843602 3.795712 -3.023618 15.551619 9.397333 1.770536 0 0 0 24.971752 -5.392918 -14.240001 39.213448 -7.315628 -3.9664 -1.938987 1.602725 -3.980913 0 0 0 17.955985 -6.771659 12.195503 41.849164 1.801319 -2.786359 -5.85435 -2.190936 -1.735613 0 0 0 25.573081 44.865066 59.697004 1.903858 6.728583 52.758331 -8.80267 -8.595165 -30.088532 -6.076771 7.979072 9.192814 0 0 0 0 0 0.000008 0 0 7.230539 -0.000001 0 14.461071 -0.000001 0 21.691602 -0.006179 -0.035961 20.326068 -0.003441 -0.027207 15.244551 -0.00149 -0.018251 10.163034 -0.00034 -0.00916 5.081518 0 0 0 22.508525 -3.022147 -10.698907 -0.01391 0.001471 6.476766 0 0 0 -15.051651 4.752468 7.357164 135 -89.998853 135 0 0 0 0 0 0 90.000011 -63.648284 -90.000011 -5.682402 0 0 -28.319917 0 0 -16.252152 0 0 0 0 0 89.999999 -84.450026 179.999999 0 0 0 -90.000001 -84.450026 -0.000001 0 0 0 0 0 0
0 0 0 0 0 0 0.002735 -0.05209200000000003 -0.013334 0.621378 -2.51409 1.248179 -94.245068 -0.744921 -94.923204 -0.878897 -0.011525 -12.330622 0 0 0 2.853447 -2.30409 2.842988 75.504886 -7.99203 9.33427 -0.15412 1.329521 -0.522786 12.182185 11.438547 -8.156252 0 0 0 0 0 0 0 0 0 0 0 0 -0.000134 -0.016843 0.914504 -0.000076 -0.012632 0.685878 -0.000034 -0.008425 0.457252 0.013979 -0.004342 0.825222 0 0 0 90.614922 5.661294 83.983305 10.568886 -1.101908 -8.441561 0 0 0 1.690292 0.816304 8.794867 75.690319 -9.031783 11.401313 -0.421239 2.455136 -0.80889 0.647167 11.188823 -3.720264 0 0 0 0 0 0 0 0 0 0 0 0 -0.000052 -0.01043 0.5662 -0.000029 -0.007821 0.42465 -0.000013 -0.005215 0.2831 -0.000003 -0.002606 0.14155 0 0 0 91.635831 6.327574 91.224566 16.361186 -2.68032 0.679385 -19.658034 -0.636911 2.673002 -0.537867 0.680199 0.353555 84.941163 -25.219283 141.168126 75.569752 -55.373837 -4.465985 0.137195 9.243146 0.015836 2.7575 -4.857069 76.29982 11.791493 5.179785 -0.197279 5.567135 -15.31543 -24.893182 32.8731 17.18494 -5.102686 25.671265 -1.471056 2.126624 -2.842668 5.315631 5.969899 -0.034264 0 0 32.41491 2.564897 8.555391 33.835062 16.142826 4.991804 10.459832 14.962349 5.542469 0 0 0 25.113575 -3.667946 -29.949325 34.461292 -14.351373 -10.802883 -0.363454 1.801462 -4.099317 0 0 0 18.196852 -5.416415 -3.207743 36.202246 -5.406024 -10.150714 -5.324253 -0.224991 -8.603586 -0.019782 0 0 25.573081 44.865066 59.697004 50.094247 1.478604 61.270776 -3.476788 -33.890471 -51.354984 -6.076771 7.979072 9.192814 0 0 0 0 0 0.000008 0.000001 0 -10.02163 0.000001 0 -20.043269 0 0.000007 -30.064907 -0.000577 0.010195 -5.660917 -0.000338 0.007649 -4.245687 -0.000163 0.005107 -2.830457 -0.00005 0.002554 -1.415228 0 -0.013988 0 -94.346154 -39.123074 122.366026 54.880083 -71.640618 -70.870277 5.248988 0.037479 0.001716 -3.226352 -4.55954 141.273647 14.650424 18.989435 6.450615 -2.311969 -14.287035 -22.877687 38.613897 11.814212 -9.931387 23.017637 -4.002987 -6.072473 -1.728771 5.538084 0.033339 0 0 0 32.583575 0.340598 -9.185297 35.850957 3.764294 -2.835138 15.470328 9.209613 1.542092 0 0 0 24.959568 -5.50341 -14.162767 39.229867 -7.635726 -3.794554 -1.946165 1.571889 -3.99667 0 0 0 17.937792 -6.858254 12.249425 41.860536 1.70344 -2.64282 -5.854777 -2.189747 -1.771216 0 0 0 25.573081 44.865066 59.697004 1.759976 6.733679 52.718633 -8.840454 -8.556307 -29.835228 -6.076771 7.979072 9.192814 0 0 0 0 0 0.000008 0 0 7.239271 -0.000001 0 14.478533 -0.000001 0 21.717796 -0.006169 -0.035935 20.310255 -0.003436 -0.027187 15.232691 -0.001488 -0.018238 10.155127 -0.00034 -0.009153 5.077564 0 0 0 22.508526 -3.022144 -10.698922 -0.01391 0.001471 6.476765 0 0 0 -15.051651 4.752472 7.357165 135 -89.998853 135 0 0 0 0 0 0 90.000011 -63.648284 -90.000011 -5.682402 0 0 -28.319917 0 0 -16.252152 0 0 0 0 0 89.999999 -84.450026 179.999999 0 0 0 -90.000001 -84.450026 -0.000001 0 0 0 0 0 0
0 0 0 0 0 0 0.002902 -0.05210499999999996 -0.012464 0.639089 -2.460322 1.281397 -94.262481 -0.761229 -94.9247 -0.87891 -0.011499 -12.330621 0 0 0 2.838281 -2.302255 2.901195 75.504886 -7.99203 9.33427 -0.15412 1.329521 -0.522786 12.182193 11.438548 -8.156259 0 0 0 0 0 0 0 0 0 0 0 0 -0.000135 -0.016877 0.91637 -0.000076 -0.012663 0.687277 -0.000034 -0.008442 0.458185 0.013979 -0.004349 0.825689 0 0 0 90.621923 5.696398 83.962897 10.586088 -1.103506 -8.441887 0 0 0 1.66792 0.799495 8.758806 75.690319 -9.031783 11.401313 -0.421239 2.455136 -0.80889 0.68759 11.221306 -3.456181 0 0 0 0 0 0 0 0 0 0 0 0 -0.000055 -0.010734 0.582864 -0.000031 -0.008049 0.437148 -0.000014 -0.005369 0.291432 -0.000003 -0.002681 0.145716 0 0 0 91.641701 6.328115 91.226672 16.335293 -2.692619 0.665393 -19.651228 -0.653394 2.660252 -0.550304 0.68013 0.324189 84.828265 -25.145001 141.023112 75.171084 -55.568329 -4.034677 0.1373 9.247025 0.015852 2.760518 -4.855356 76.264199 11.779167 5.250728 -0.186472 5.567135 -15.31543 -24.893182 32.873074 17.184915 -5.415733 25.558214 -1.870383 1.898344 -2.842605 5.315171 5.980436 -0.034264 0 0 32.414907 2.564899 8.555384 33.835073 16.14283 4.991805 10.459832 14.962349 5.542468 0 0 0 25.113574 -3.667937 -29.949334 34.28328 -14.575743 -10.758431 -0.383591 1.791317 -4.107787 0 0 0 18.196855 -5.416385 -3.452786 36.156472 -5.881043 -10.352461 -5.323627 -0.260464 -8.603608 -0.019782 0 0 25.573081 44.865066 59.697004 50.094238 1.478603 61.270763 -3.476793 -33.890477 -51.354981 -6.076771 7.979072 9.192814 0 0 0 0 0 0.000008 0.000001 0 -10.031107 0.000001 0 -20.062222 0 0.000007 -30.093338 -0.000598 0.010392 -5.77187 -0.000351 0.007799 -4.328902 -0.000168 0.005202 -2.885934 -0.000051 0.002602 -1.442966 0 -0.013988 0 -94.346133 -39.123052 122.366011 54.886908 -71.650311 -70.86752 5.247742 0.037465 0.001717 -3.254615 -4.539429 141.629977 14.518074 19.077473 6.480023 -2.311969 -14.287035 -22.877687 38.714875 11.741726 -10.22814 23.017636 -4.004485 -6.209928 -1.728845 5.537524 0.279317 0 0 0 32.770169 0.347044 -9.491588 35.854569 3.748976 -3.035359 15.398566 9.340263 1.518994 0 0 0 25.174647 -5.533975 -14.249802 39.239613 -7.514053 -3.851728 -1.946988 1.581071 -4.002504 0 0 0 18.158892 -6.922485 12.270485 41.837752 1.897696 -2.820999 -5.854926 -2.188948 -1.800914 0 0 0 25.573081 44.865066 59.697004 1.903874 6.728605 52.538447 -8.835434 -8.561479 -29.80153 -6.076771 7.979072 9.192814 0 0 0 0 0 0.000008 0 0 7.334145 -0.000001 0 14.668282 -0.000001 0 22.002418 -0.00616 -0.035909 20.296962 -0.003432 -0.027174 15.222722 -0.001486 -0.018231 10.148481 -0.000339 -0.009146 5.074241 0 0 0 22.508537 -3.022133 -10.698901 -0.013914 0.001441 6.336719 0 0 0 -15.352752 4.782065 7.159087 135 -89.998853 135 0 0 0 0 0 0 90.000011 -63.648284 -90.000011 -5.682402 0 0 -28.319917 0 0 -16.252152 0 0 0 0 0 89.999999 -84.450026 179.999999 0 0 0 -90.000001 -84.450026 -0.000001 0 0 0 0 0 0
0 0 0 0 0 0 0.002866 -0.05212300000000003 -0.011519 0.663761 -2.366149 1.323477 -94.290426 -0.794644 -94.917755 -0.878913 -0.011506 -12.330619 0 0 0 2.831292 -2.308553 2.991901 75.504886 -7.99203 9.33427 -0.15412 1.329521 -0.522786 12.143223 11.416381 -8.442648 0 0 0 0 0 0 0 0 0 0 0 0 -0.000134 -0.016802 0.912136 -0.000075 -0.012601 0.684102 -0.000033 -0.008404 0.456068 0.013979 -0.004329 0.82463 0 0 0 90.618948 5.75141 83.949083 10.62591 -1.107229 -8.442649 0 0 0 1.635008 0.795238 8.676638 75.690319 -9.031783 11.401313 -0.421239 2.455136 -0.80889 0.687605 11.221316 -3.456184 0 0 0 0 0 0 0 0 0 0 0 0 -0.000057 -0.010938 0.593894 -0.000032 -0.008203 0.445421 -0.000014 -0.005468 0.296947 -0.000004 -0.002732 0.148474 0 0 0 91.651933 6.329693 91.229195 16.307715 -2.71038 0.646359 -19.650364 -0.67409 2.642583 -0.561717 0.673515 0.264106 84.746459 -24.910222 141.187291 74.844605 -55.424963 -3.529308 0.137059 9.237527 0.015821 2.760885 -4.85515 76.259826 11.988916 5.130116 -0.22795 5.567135 -15.31543 -24.893182 32.868871 17.141608 -5.237537 25.505417 -1.592055 2.031318 -2.84261 5.315171 5.980436 -0.034264 0 0 32.419525 2.519126 8.706186 33.891355 16.119526 5.176978 10.169314 15.105229 5.569392 0 0 0 25.111438 -3.70583 -29.847524 34.137435 -14.313962 -10.574642 -0.383589 1.791317 -4.107789 0 0 0 18.192358 -5.446249 -3.38149 36.164161 -5.817632 -10.233679 -5.323351 -0.25185 -8.620925 -0.019782 0 0 25.573081 44.865066 59.697004 50.094315 1.47866 61.026483 -3.426907 -33.681886 -51.393409 -6.076771 7.979072 9.192814 0 0 0 0 0 0.000008 0.000001 0 -10.032269 0.000001 0 -20.064545 0 0.000007 -30.096821 -0.000628 0.010664 -5.924195 -0.000368 0.00801 -4.443146 -0.000176 0.005338 -2.962097 -0.000054 0.00267 -1.481047 0 -0.013988 0 -94.520041 -39.010316 122.207381 54.048194 -71.788326 -69.98236 5.240958 0.037418 0.001712 -3.265222 -4.531815 141.764077 14.787959 18.788411 6.448164 -2.311969 -14.287035 -22.877687 38.551328 12.094334 -10.02184 23.017628 -4.004482 -6.209927 -1.728844 5.537524 0.279316 0 0 0 32.420942 0.570421 -9.305396 35.854566 3.748976 -3.035359 15.513491 9.064204 1.537373 0 0 0 24.809247 -5.287924 -14.094117 39.23961 -7.514053 -3.851727 -1.946989 1.581071 -4.002505 0 0 0 17.793435 -6.659344 12.395137 41.837749 1.897695 -2.820999 -5.854927 -2.188948 -1.800914 0 0 0 25.573081 44.865066 59.697004 1.66576 6.72207 52.899951 -8.835429 -8.561476 -30.022791 -6.076771 7.979072 9.192814 0 0 0 0 0 0.000008 0 0 7.369851 -0.000001 0 14.739694 -0.000001 0 22.109536 -0.006078 -0.03568 20.163673 -0.003386 -0.027001 15.122754 -0.001466 -0.01811 10.081836 -0.000334 -0.009085 5.040919 0 0 0 22.508529 -3.022136 -10.69891 -0.013914 0.001441 6.336725 0 0 0 -15.352753 4.782075 7.159088 135 -89.998853 135 0 0 0 0 0 0 90.000011 -63.648284 -90.000011 -5.682402 0 0 -28.319917 0 0 -16.252152 0 0 0 0 0 89.999999 -84.450026 179.999999 0 0 0 -90.000001 -84.450026 -0.000001 0 0 0 0 0 0
0 0 0 0 0 0 0.00253 -0.052154000000000034 -0.011032 0.694085 -2.229157 1.371851 -94.327531 -0.846579 -94.895408 -0.87889 -0.011497 -12.330621 0 0 0 2.836725 -2.324111 3.110283 75.504886 -7.99203 9.33427 -0.15412 1.329521 -0.522786 12.14323 11.416383 -8.44263 0 0 0 0 0 0 0 0 0 0 0 0 -0.000129 -0.016508 0.896302 -0.000073 -0.012383 0.672227 -0.000032 -0.008254 0.448151 0.01398 -0.004253 0.820672 0 0 0 90.607154 5.83536 83.947819 10.698272 -1.113995 -8.444056 0 0 0 1.59344 0.80467 8.540142 75.690319 -9.031783 11.401313 -0.421239 2.455136 -0.80889 0.366732 11.237902 -3.471965 0 0 0 0 0 0 0 0 0 0 0 0 -0.000057 -0.010955 0.594625 -0.000032 -0.008217 0.445969 -0.000014 -0.005478 0.297312 -0.000004 -0.002735 0.148656 0 0 0 91.662061 6.331706 91.22925 16.282136 -2.730328 0.620682 -19.656594 -0.697095 2.618089 -0.316592 0.660697 0.14426 84.674757 -24.749768 141.099059 74.873207 -55.465625 -3.253713 0.136539 9.218902 0.01573 2.766179 -4.852141 76.197265 11.957202 5.219573 -0.212614 5.567135 -15.31543 -24.893182 32.868857 17.141602 -5.237533 25.505417 -1.592055 2.031316 -2.84261 5.315167 5.980437 -0.034264 0 0 32.419518 2.519118 8.706192 33.891351 16.119526 5.176977 10.169314 15.105229 5.569392 0 0 0 25.111427 -3.705841 -29.847516 34.296555 -14.538018 -10.614289 -0.493942 2.03988 -4.109692 0 0 0 18.192349 -5.446254 -3.381483 36.164161 -5.817632 -10.233679 -5.323351 -0.25185 -8.620926 -0.019782 0 0 25.573081 44.865066 59.697004 50.094314 1.478647 61.026494 -3.426905 -33.681886 -51.39341 -6.076771 7.979072 9.192814 0 0 0 0 0 0.000008 0.000001 0 -10.048911 0.000001 0 -20.097832 0 0.000007 -30.146751 -0.000646 0.010821 -6.010047 -0.000378 0.008126 -4.507535 -0.000181 0.00542 -3.005023 -0.000055 0.002711 -1.50251 0 -0.013988 0 -94.685356 -38.63998 122.253843 54.348827 -71.658356 -70.008717 5.232489 0.037356 0.001706 -3.270358 -4.528111 141.829139 14.74824 18.781999 6.439688 -2.311969 -14.287035 -22.877687 38.678534 11.759434 -9.99554 23.016807 -3.984484 -6.077271 -1.728676 5.538234 0.273897 0 0 0 32.6901 0.330445 -9.303266 35.85277 3.756551 -2.856785 15.321168 9.286257 1.599404 0 0 0 25.076564 -5.5273 -14.119296 39.237301 -7.543113 -3.962684 -1.945601 1.565644 -3.735107 0 0 0 18.056792 -6.894422 12.364075 41.844126 1.844299 -2.695101 -5.85567 -2.186917 -1.832422 0 0 0 25.573081 44.865066 59.697004 1.665771 6.722073 52.899948 -8.835431 -8.561476 -30.02279 -6.076771 7.979072 9.192814 0 0 0 0 0 0.000008 0 0 7.387175 -0.000001 0 14.774342 -0.000001 0 22.161508 -0.006076 -0.035674 20.158329 -0.003384 -0.026994 15.118748 -0.001465 -0.018103 10.079165 -0.000334 -0.009085 5.039583 0 0 0 22.485865 -2.964859 -10.785931 -0.013911 0.001465 6.42752 0 0 0 -15.587568 4.785803 7.270427 135 -89.998853 135 0 0 0 0 0 0 90.000011 -63.648284 -90.000011 -5.682402 0 0 -28.319917 0 0 -16.252152 0 0 0 0 0 89.999999 -84.450026 179.999999 0 0 0 -90.000001 -84.450026 -0.000001 0 0 0 0 0 0
0 0 0 0 0 0 0.002219 -0.05217499999999997 -0.011688 0.731359 -2.060214 1.426632 -94.372733 -0.906873 -94.865107 -0.878904 -0.011492 -12.330617 0 0 0 2.844961 -2.343145 3.253221 75.504886 -7.99203 9.33427 -0.15412 1.329521 -0.522786 12.143227 11.41638 -8.442641 0 0 0 0 0 0 0 0 0 0 0 0 -0.000123 -0.016112 0.874501 -0.000069 -0.012082 0.655876 -0.000031 -0.008056 0.437251 0.01398 -0.004153 0.815222 0 0 0 90.590315 5.937834 83.944175 10.790419 -1.122608 -8.445862 0 0 0 1.543714 0.817889 8.37402 75.690319 -9.031783 11.401313 -0.421239 2.455136 -0.80889 0.366724 11.23792 -3.471971 0 0 0 0 0 0 0 0 0 0 0 0 -0.000057 -0.010996 0.597047 -0.000032 -0.008251 0.447785 -0.000014 -0.005498 0.298524 -0.000004 -0.002749 0.149262 0 0 0 91.669568 6.330197 91.226192 16.260834 -2.749226 0.587326 -19.667739 -0.720704 2.585592 -0.336018 0.64145 0.044465 84.67477 -24.749759 141.099064 74.713927 -55.511162 -3.080541 0.136079 9.201121 0.015664 2.769797 -4.850079 76.154484 11.921981 5.315527 -0.195693 5.567135 -15.31543 -24.893182 32.868861 17.141612 -5.237538 25.505419 -1.592055 2.031317 -2.84261 5.315171 5.980436 -0.034264 0 0 32.419519 2.519127 8.706186 33.891358 16.119526 5.176978 10.169318 15.105232 5.569394 0 0 0 25.111428 -3.705829 -29.847522 34.296562 -14.538027 -10.614291 -0.493939 2.03988 -4.109692 0 0 0 18.19235 -5.44625 -3.381491 36.164157 -5.817632 -10.233678 -5.323347 -0.25185 -8.620925 -0.019782 0 0 25.573081 44.865066 59.697004 50.094309 1.478653 61.026499 -3.426911 -33.681888 -51.393408 -6.076771 7.979072 9.192814 0 0 0 0 0 0.000008 0.000001 0 -10.060293 0.000001 0 -20.120595 0 0.000007 -30.180897 -0.000655 0.010902 -6.056587 -0.000383 0.008187 -4.54244 -0.000183 0.005461 -3.028293 -0.000056 0.002732 -1.514146 0 -0.013988 0 -94.685339 -38.639988 122.253828 54.449462 -71.67014 -70.182119 5.217654 0.037261 0.001695 -3.290241 -4.513702 142.08135 14.662543 18.812157 6.449062 -2.311969 -14.287035 -22.877687 38.68948 11.865302 -10.141523 23.016806 -3.984484 -6.077274 -1.728675 5.538234 0.273898 0 0 0 32.684239 0.442882 -9.446892 35.852773 3.756551 -2.856786 15.32117 9.286261 1.599404 0 0 0 25.086764 -5.434859 -14.277258 39.237303 -7.543116 -3.962686 -1.945604 1.565644 -3.735106 0 0 0 18.072034 -6.821876 12.195514 41.844126 1.844299 -2.695101 -5.85567 -2.186917 -1.832419 0 0 0 25.573081 44.865066 59.697004 1.903863 6.728584 52.835826 -8.791081 -8.607039 -30.00617 -6.076771 7.979072 9.192814 0 0 0 0 0 0.000008 0 0 7.454331 -0.000001 0 14.908654 -0.000001 0 22.362978 -0.006087 -0.035706 20.177829 -0.00339 -0.027014 15.133372 -0.001468 -0.018123 10.088915 -0.000335 -0.009092 5.044458 0 0 0 22.485871 -2.964855 -10.785932 -0.013911 0.001465 6.427519 0 0 0 -15.587564 4.785799 7.270432 135 -89.998853 135 0 0 0 0 0 0 90.000011 -63.648284 -90.000011 -5.682402 0 0 -28.319917 0 0 -16.252152 0 0 0 0 0 89.999999 -84.450026 179.999999 0 0 0 -90.000001 -84.450026 -0.000001 0 0 0 0 0 0
0 0 0 0 0 0 0.001879 -0.052244999999999986 -0.012025 0.7728 -1.881181 1.483234 -94.421206 -0.965976 -94.828359 -0.878901 -0.011491 -12.33062 0 0 0 2.890412 -2.108165 3.320771 75.504886 -7.99203 9.33427 -0.15412 1.329521 -0.522786 12.133824 11.340875 -8.568092 0 0 0 0 0 0 0 0 0 0 0 0 -0.000115 -0.01561 0.847606 -0.000065 -0.011707 0.635705 -0.000029 -0.007807 0.423803 0.01398 -0.00403 0.808498 0 0 0 90.569496 6.026141 83.936048 10.883854 -1.13131 -8.447696 0 0 0 1.469226 0.75781 7.950817 75.690319 -9.031783 11.401313 -0.421239 2.455136 -0.80889 0.286774 11.271069 -3.372477 0 0 0 0 0 0 0 0 0 0 0 0 -0.000058 -0.011106 0.60277 -0.000033 -0.008326 0.452078 -0.000015 -0.00555 0.301385 -0.000004 -0.002776 0.150693 0 0 0 91.676159 6.327653 91.223129 16.247683 -2.766427 0.550988 -19.684139 -0.74266 2.549663 -0.360409 0.614782 -0.058512 84.817648 -24.515849 141.060736 74.679806 -55.516124 -2.765734 0.135763 9.189691 0.015601 2.772456 -4.848563 76.123024 11.885274 5.407916 -0.179047 5.567135 -15.31543 -24.893182 32.868842 17.141583 -5.4585 25.49978 -1.687117 1.907315 -2.8126 5.331022 5.983215 -0.034264 0 0 32.419518 2.519118 8.706191 33.891358 16.119526 5.176978 10.169317 15.105232 5.569394 0 0 0 25.11143 -3.705844 -29.847519 34.296555 -14.538018 -10.614287 -0.493935 2.039881 -4.109692 0 0 0 18.19235 -5.446254 -3.381484 36.164165 -5.817635 -10.233681 -5.323354 -0.25185 -8.620926 -0.019782 0 0 25.573081 44.865066 59.697004 50.094319 1.478658 61.026491 -3.426904 -33.681885 -51.393413 -6.076771 7.979072 9.192814 0 0 0 0 0 0.000008 0.000001 0 -10.068661 0.000001 0 -20.13733 0 0.000007 -30.206 -0.000675 0.011079 -6.154479 -0.000395 0.008317 -4.615858 -0.000189 0.00555 -3.077238 -0.000057 0.002773 -1.538618 0 -0.013988 0 -94.553254 -38.339833 122.245636 54.814097 -71.565737 -70.332818 5.210185 0.037207 0.001692 -3.298203 -4.50789 142.182622 14.653108 18.791769 6.446374 -2.311969 -14.287035 -22.877687 38.689481 11.865312 -10.141532 23.016812 -3.984477 -6.077273 -1.728675 5.538234 0.273898 0 0 0 32.684241 0.442898 -9.446896 35.85277 3.756551 -2.856786 15.321172 9.286257 1.599401 0 0 0 25.086761 -5.434843 -14.277264 39.237304 -7.543112 -3.962685 -1.945604 1.565644 -3.735107 0 0 0 18.072032 -6.821871 12.195504 41.84412 1.8443 -2.695102 -5.855672 -2.186917 -1.83242 0 0 0 25.573081 44.865066 59.697004 1.903847 6.728585 52.835819 -8.791087 -8.60703 -30.006165 -6.076771 7.979072 9.192814 0 0 0 0 0 0.000008 0 0 7.481298 -0.000001 0 14.962587 -0.000001 0 22.443876 -0.006085 -0.0357 20.173433 -0.003388 -0.027007 15.130075 -0.001467 -0.018116 10.086717 -0.000335 -0.009092 5.043359 0 0 0 22.52656 -3.213029 -10.863844 -0.01391 0.001479 6.488612 0 0 0 -15.5804 5.048281 7.275846 135 -89.998853 135 0 0 0 0 0 0 90.000011 -63.648284 -90.000011 -5.682402 0 0 -28.319917 0 0 -16.252152 0 0 0 0 0 89.999999 -84.450026 179.999999 0 0 0 -90.000001 -84.450026 -0.000001 0 0 0 0 0 0
0 0 0 0 0 0 0.001564 -0.05232099999999995 -0.011767 0.811387 -1.720275 1.539749 -94.466257 -1.018943 -94.782409 -0.878905 -0.011485 -12.330622 0 0 0 2.891655 -2.122285 3.440477 75.504886 -7.99203 9.33427 -0.15412 1.329521 -0.522786 12.133809 11.340883 -8.568087 0 0 0 0 0 0 0 0 0 0 0 0 -0.000106 -0.014978 0.813185 -0.00006 -0.011232 0.609889 -0.000027 -0.007489 0.406592 0.013981 -0.003865 0.799893 0 0 0 90.545755 6.086005 83.937118 10.955108 -1.137976 -8.449112 0 0 0 1.39892 0.782198 7.788709 75.690319 -9.031783 11.401313 -0.421239 2.455136 -0.80889 0.286782 11.271083 -3.372463 0 0 0 0 0 0 0 0 0 0 0 0 -0.000058 -0.011072 0.600936 -0.000033 -0.008305 0.450702 -0.000014 -0.005532 0.300468 -0.000004 -0.00277 0.150234 0 0 0 91.683447 6.330592 91.22203 16.253535 -2.781758 0.524226 -19.706899 -0.75845 2.522998 -0.391653 0.581111 -0.164147 84.978279 -24.622347 141.270235 74.942066 -55.348841 -3.047608 0.135733 9.188499 0.015597 2.774697 -4.847281 76.096522 11.806371 5.183861 -0.202538 5.567135 -15.31543 -24.893182 33.086989 17.324769 -5.249139 25.499779 -1.687117 1.907314 -2.812602 5.331016 5.983215 -0.034264 0 0 32.476208 2.764194 8.558428 33.971514 15.931615 4.985862 10.296931 15.019756 5.521311 0 0 0 25.149679 -3.438755 -29.951241 34.240576 -14.68433 -10.802816 -0.479325 2.043356 -4.098173 0 0 0 18.228957 -5.162347 -3.258445 36.164161 -5.817632 -10.233679 -5.323353 -0.25185 -8.620925 -0.019782 0 0 25.573081 44.865066 59.697004 49.944782 1.585673 61.022599 -3.257726 -33.60315 -51.276796 -6.076771 7.979072 9.192814 0 0 0 0 0 0.000008 0.000001 0 -10.075712 0.000001 0 -20.151431 0 0.000007 -30.227153 -0.00066 0.01095 -6.083309 -0.000386 0.008222 -4.562482 -0.000185 0.005482 -3.041654 -0.000056 0.002745 -1.520826 0 -0.013988 0 -94.359389 -38.466913 122.427258 55.871507 -71.419155 -71.600943 5.20465 0.037172 0.001691 -3.30813 -4.50062 142.308988 14.658016 18.772893 6.450492 -2.311969 -14.287035 -22.877687 38.689502 11.865303 -10.141521 23.016806 -3.984484 -6.077274 -1.728675 5.538231 0.273899 0 0 0 32.68427 0.442892 -9.446891 35.85277 3.756551 -2.856785 15.321175 9.286251 1.599401 0 0 0 25.086791 -5.434848 -14.277259 39.237299 -7.543116 -3.962685 -1.945604 1.565644 -3.735106 0 0 0 18.072061 -6.821868 12.195511 41.844123 1.844299 -2.695102 -5.855669 -2.186917 -1.832419 0 0 0 25.573081 44.865066 59.697004 1.90386 6.728608 52.835808 -8.791084 -8.607036 -30.006166 -6.076771 7.979072 9.192814 0 0 0 0 0 0.000008 0 0 7.514948 -0.000001 0 15.029886 -0.000001 0 22.544827 -0.00621 -0.036046 20.377967 -0.00346 -0.027281 15.283474 -0.001498 -0.018299 10.188983 -0.000342 -0.00918 5.094492 0 0 0 22.526559 -3.213028 -10.863832 -0.01391 0.001479 6.488614 0 0 0 -15.580412 5.048285 7.275841 135 -89.998853 135 0 0 0 0 0 0 90.000011 -63.648284 -90.000011 -5.682402 0 0 -28.319917 0 0 -16.252152 0 0 0 0 0 89.999999 -84.450026 179.999999 0 0 0 -90.000001 -84.450026 -0.000001 0 0 0 0 0 0
0 0 0 0 0 0 0.001548 -0.05233500000000002 -0.010739 0.842818 -1.603576 1.589261 -94.50176 -1.059216 -94.748284 -0.878904 -0.011492 -12.330615 0 0 0 2.886428 -2.129974 3.527413 75.504886 -7.99203 9.33427 -0.15412 1.329521 -0.522786 12.383054 11.463447 -8.562037 0 0 0 0 0 0 0 0 0 0 0 0 -0.0001 -0.01451 0.787705 -0.000056 -0.01088 0.590779 -0.000025 -0.007257 0.393852 0.013981 -0.003748 0.793523 0 0 0 90.524854 6.124313 83.945041 10.994231 -1.141634 -8.449892 0 0 0 1.347284 0.801989 7.66413 75.690319 -9.031783 11.401313 -0.421239 2.455136 -0.80889 0.286772 11.271083 -3.372476 0 0 0 0 0 0 0 0 0 0 0 0 -0.000057 -0.010935 0.593722 -0.000032 -0.008203 0.445292 -0.000014 -0.005468 0.296861 -0.000004 -0.002732 0.148431 0 0 0 91.692038 6.339027 91.22216 16.289375 -2.794953 0.516784 -19.734846 -0.76467 2.515573 -0.472856 0.552425 0.032106 85.190564 -24.431723 141.436423 75.212877 -55.18134 -3.351872 0.136285 9.209244 0.015691 2.775983 -4.846547 76.081294 11.796375 5.254139 -0.191677 5.567135 -15.31543 -24.893182 32.806302 17.118078 -5.33221 25.538661 -1.711496 1.992512 -2.842591 5.315707 5.948849 -0.034264 0 0 32.405021 2.48156 8.555149 34.046467 16.172057 5.154693 10.296934 15.019755 5.521313 0 0 0 25.110365 -3.759204 -29.94879 34.396721 -14.471192 -10.652475 -0.479321 2.043356 -4.098171 0 0 0 18.194282 -5.513826 -3.25527 36.198111 -5.536002 -10.026633 -5.323345 -0.251849 -8.620926 -0.019782 0 0 25.573081 44.865066 59.697004 49.944776 1.585666 61.022597 -3.257721 -33.603148 -51.276798 -6.076771 7.979072 9.192814 0 0 0 0 0 0.000008 0.000001 0 -10.079763 0.000001 0 -20.159535 0 0.000007 -30.239308 -0.000645 0.010814 -6.004646 -0.000377 0.008113 -4.503484 -0.000181 0.005413 -3.002322 -0.000055 0.002711 -1.50116 0 -0.013988 0 -94.0616 -38.264473 122.388959 56.419714 -71.27726 -71.767631 5.178054 0.036989 0.001673 -3.319963 -4.491907 142.459931 14.66506 18.77878 6.467593 -2.311969 -14.287035 -22.877687 38.689494 11.86527 -10.141513 23.016807 -3.984484 -6.077274 -1.728675 5.538231 0.273899 0 0 0 32.684269 0.44286 -9.446881 35.85277 3.756551 -2.856785 15.321166 9.286257 1.599403 0 0 0 25.086789 -5.43488 -14.277245 39.237298 -7.543113 -3.962683 -1.945604 1.565644 -3.735107 0 0 0 18.072057 -6.821895 12.195529 41.844126 1.8443 -2.695103 -5.85567 -2.186917 -1.832418 0 0 0 25.573081 44.865066 59.697004 1.90389 6.728602 52.835819 -8.791081 -8.607035 -30.006173 -6.076771 7.979072 9.192814 0 0 0 0 0 0.000008 0 0 7.555142 -0.000001 0 15.110277 -0.000001 0 22.66541 -0.006179 -0.035961 20.326118 -0.003441 -0.027207 15.244589 -0.00149 -0.018251 10.163059 -0.00034 -0.00916 5.08153 0 0 0 22.579114 -3.10945 -11.144319 -0.013908 0.001493 6.542338 0 0 0 -15.289056 4.757588 7.435171 135 -89.998853 135 0 0 0 0 0 0 90.000011 -63.648284 -90.000011 -5.682402 0 0 -28.319917 0 0 -16.252152 0 0 0 0 0 89.999999 -84.450026 179.999999 0 0 0 -90.000001 -84.450026 -0.000001 0 0 0 0 0 0
0 0 0 0 0 0 0.001563 -0.05234300000000003 -0.010015 0.862826 -1.539942 1.63172 -94.528484 -1.093383 -94.728422 -0.878911 -0.01152 -12.330615 0 0 0 2.879188 -2.137493 3.574861 75.504886 -7.99203 9.33427 -0.15412 1.329521 -0.522786 12.44696 11.499835 -8.092201 0 0 0 0 0 0 0 0 0 0 0 0 -0.000096 -0.014247 0.773301 -0.000054 -0.010686 0.579976 -0.000024 -0.00712 0.386651 0.013982 -0.003682 0.789922 0 0 0 90.509208 6.146826 83.949569 10.98931 -1.141173 -8.449794 0 0 0 1.331628 0.811319 7.59611 75.690319 -9.031783 11.401313 -0.421239 2.455136 -0.80889 0.586743 11.334503 -3.367344 0 0 0 0 0 0 0 0 0 0 0 0 -0.000056 -0.01086 0.589416 -0.000031 -0.008145 0.442062 -0.000014 -0.005427 0.294708 -0.000003 -0.002715 0.147354 0 0 0 91.700662 6.346841 91.223119 16.346348 -2.80198 0.528335 -19.766866 -0.759449 2.526639 -0.528508 0.506445 -0.054835 85.636271 -24.542472 141.347475 75.893646 -55.206076 -3.91826 0.137451 9.253137 0.015875 2.775084 -4.847061 76.091927 11.820591 5.294754 -0.188422 5.567135 -15.31543 -24.893182 32.806301 17.118061 -5.3322 25.538663 -1.711495 1.992511 -2.842592 5.315704 5.948849 -0.034264 0 0 32.40502 2.481544 8.555157 34.046471 16.172056 5.154695 10.296934 15.019755 5.521312 0 0 0 25.110362 -3.759222 -29.948779 34.396724 -14.471191 -10.652475 -0.384041 1.789614 -4.094984 0 0 0 18.194279 -5.513838 -3.255257 36.198103 -5.536058 -10.317286 -5.324504 -0.224765 -8.604076 -0.019782 0 0 25.573081 44.865066 59.697004 49.944796 1.58566 61.022593 -3.257721 -33.603148 -51.276798 -6.076771 7.979072 9.192814 0 0 0 0 0 0.000008 0.000001 0 -10.076933 0.000001 0 -20.153876 0 0.000007 -30.230818 -0.000613 0.010528 -5.848631 -0.000359 0.007908 -4.386472 -0.000172 0.00527 -2.924314 -0.000052 0.002636 -1.462156 0 -0.013988 0 -93.850528 -38.403716 122.587926 57.455234 -71.088085 -73.075113 5.12066 0.036573 0.001636 -3.312001 -4.497772 142.358371 14.753904 18.742216 6.469285 -2.311969 -14.287035 -22.877687 38.671746 11.695263 -9.907053 23.016812 -3.984481 -6.077274 -1.728673 5.538234 0.273898 0 0 0 32.693498 0.262261 -9.216198 35.85277 3.756551 -2.856785 15.321175 9.286251 1.599401 0 0 0 25.070238 -5.583336 -14.023508 39.237298 -7.543113 -3.962684 -1.945604 1.565644 -3.735106 0 0 0 18.047433 -6.938379 12.466292 41.84412 1.844293 -2.695104 -5.855667 -2.186917 -1.832421 0 0 0 25.573081 44.865066 59.697004 2.14698 6.804254 52.764201 -8.897598 -8.826816 -30.028656 -6.076771 7.979072 9.192814 0 0 0 0 0 0.000008 0 0 7.528098 -0.000001 0 15.056189 -0.000001 0 22.584278 -0.006341 -0.036404 20.58788 -0.003533 -0.027554 15.440911 -0.001531 -0.018488 10.29394 -0.00035 -0.009276 5.146971 0 0 0 22.579101 -3.10944 -11.144303 -0.013907 0.001509 6.617429 0 0 0 -14.988455 4.721973 7.550176 135 -89.998853 135 0 0 0 0 0 0 90.000011 -63.648284 -90.000011 -5.682402 0 0 -28.319917 0 0 -16.252152 0 0 0 0 0 89.999999 -84.450026 179.999999 0 0 0 -90.000001 -84.450026 -0.000001 0 0 0 0 0 0
0 0 0 0 0 0 0.001313 -0.05236799999999997 -0.009267 0.870477 -1.532216 1.675582 -94.544903 -1.13024 -94.700548 -0.878905 -0.011519 -12.330611 0 0 0 2.871029 -2.143402 3.558359 75.504886 -7.99203 9.33427 -0.15412 1.329521 -0.522786 12.446955 11.49983 -8.092217 0 0 0 0 0 0 0 0 0 0 0 0 -0.000091 -0.013862 0.752477 -0.000051 -0.010395 0.564358 -0.000023 -0.006929 0.376238 0.013982 -0.003583 0.784716 0 0 0 90.502455 6.158541 83.942584 10.942694 -1.13682 -8.448859 0 0 0 1.345342 0.80691 7.595293 75.690319 -9.031783 11.401313 -0.421239 2.455136 -0.80889 0.586729 11.334506 -3.36735 0 0 0 0 0 0 0 0 0 0 0 0 -0.000057 -0.010955 0.594659 -0.000032 -0.008217 0.445994 -0.000014 -0.005478 0.29733 -0.000004 -0.002735 0.148665 0 0 0 91.704596 6.355054 91.225918 16.399532 -2.795634 0.551049 -19.795633 -0.741269 2.547709 -0.587734 0.706856 -0.116642 85.934033 -24.69229 141.310931 76.308381 -54.950585 -4.388909 0.138609 9.296956 0.016064 2.770209 -4.849844 76.149602 11.947656 4.906633 -0.258167 5.567135 -15.31543 -24.893182 32.861237 17.064901 -5.411992 25.555301 -1.845855 1.903926 -2.842605 5.314825 5.980435 -0.034264 0 0 32.427602 2.438076 8.508653 33.965594 15.951744 4.986098 10.413055 14.959642 5.532299 0 0 0 25.10753 -3.772928 -29.746639 34.313032 -14.491374 -10.761075 -0.382899 1.793993 -4.095925 0 0 0 18.18427 -5.499101 -3.442804 36.150792 -5.927732 -10.368971 -5.323774 -0.263214 -8.60369 -0.019782 0 0 25.573081 44.865066 59.697004 50.094292 1.4786 61.026503 -3.426943 -33.681895 -51.393377 -6.076771 7.979072 9.192814 0 0 0 0 0 0.000008 0.000001 0 -10.061592 0.000001 0 -20.123192 0 0.000007 -30.18479 -0.00059 0.010311 -5.725809 -0.000346 0.007738 -4.294356 -0.000166 0.005161 -2.862903 -0.000051 0.002581 -1.431451 0 -0.013988 0 -93.621024 -38.368701 122.478248 58.061247 -71.33737 -73.690142 5.064032 0.036158 0.001601 -3.324101 -4.488847 142.512805 14.763209 18.771603 6.497245 -2.311969 -14.287035 -22.877687 38.671722 11.695271 -9.907063 23.002668 -3.687066 -6.076327 -1.728241 5.540231 0.28455 0 0 0 32.693485 0.262257 -9.216212 35.765056 4.12071 -2.86281 15.450591 9.274656 1.512729 0 0 0 25.070231 -5.583338 -14.023521 39.264232 -7.184648 -3.966136 -1.948234 1.594633 -3.721681 0 0 0 18.047424 -6.938386 12.466279 41.80363 2.176061 -2.696524 -5.858775 -2.178191 -1.797371 0 0 0 25.573081 44.865066 59.697004 2.146973 6.804242 52.764204 -8.897597 -8.826816 -30.028663 -6.076771 7.979072 9.192814 0 0 0 0 0 0.000008 0 0 7.569223 -0.000001 0 15.138438 -0.000001 0 22.707652 -0.006186 -0.03598 20.33961 -0.003446 -0.027227 15.254706 -0.001492 -0.018265 10.169805 -0.000341 -0.009167 5.084903 0 0 0 22.509318 -2.896842 -11.090496 -0.013909 0.001485 6.530607 0 0 0 -14.981519 4.39488 7.528436 135 -89.998853 135 0 0 0 0 0 0 90.000011 -63.648284 -90.000011 -5.682402 0 0 -28.319917 0 0 -16.252152 0 0 0 0 0 89.999999 -84.450026 179.999999 0 0 0 -90.000001 -84.450026 -0.000001 0 0 0 0 0 0
0 0 0 0 0 0 0.001258 -0.052342 -0.009009 0.867264 -1.573934 1.724736 -94.544853 -1.166189 -94.655052 -0.878903 -0.011498 -12.330612 0 0 0 2.803583 -2.479538 3.582563 75.504886 -7.99203 9.33427 -0.15412 1.329521 -0.522786 12.485056 11.613722 -7.743955 0 0 0 0 0 0 0 0 0 0 0 0 -0.000083 -0.013216 0.717366 -0.000047 -0.00991 0.538025 -0.000021 -0.006608 0.358683 0.013983 -0.003421 0.775938 0 0 0 90.508284 6.16563 83.924892 10.869065 -1.129955 -8.447405 0 0 0 1.375008 0.787849 7.654 75.690319 -9.031783 11.401313 -0.421239 2.455136 -0.80889 0.558771 11.312145 -3.549629 0 0 0 0 0 0 0 0 0 0 0 0 -0.00006 -0.011222 0.609014 -0.000034 -0.008411 0.456761 -0.000015 -0.005608 0.304507 -0.000004 -0.002807 0.152254 0 0 0 91.701537 6.367245 91.230557 16.431178 -2.774703 0.57637 -19.813273 -0.712896 2.570253 -0.637247 0.657371 -0.121764 85.934021 -24.692295 141.310939 76.301475 -54.936371 -4.401631 0.139764 9.339803 0.016258 2.73405 -4.870288 76.576395 11.970794 4.98147 -0.241022 5.567135 -15.31543 -24.893182 32.821061 17.037292 -5.443679 25.539859 -1.720686 1.734009 -2.84262 5.315114 5.959065 -0.034264 0 0 32.476327 2.426976 8.511315 33.815797 16.341581 4.849783 10.413057 14.959642 5.532297 0 0 0 25.190259 -3.823919 -30.107865 34.344701 -14.275902 -10.609169 -0.382903 1.793999 -4.09593 0 0 0 18.209094 -5.333984 -3.460295 36.180666 -5.713563 -10.367638 -5.322403 -0.290774 -8.604183 -0.019782 0 0 25.573081 44.865066 59.697004 50.094258 1.478527 60.790122 -3.690117 -33.905944 -51.257443 -6.076771 7.979072 9.192814 0 0 0 0 0 0.000008 0.000001 0 -9.948058 0.000001 0 -19.896124 0 0.000007 -29.844192 -0.000589 0.010304 -5.722155 -0.000345 0.007738 -4.291615 -0.000166 0.005161 -2.861076 -0.000051 0.002581 -1.430537 0 -0.013988 0 -93.452658 -38.479903 122.636675 58.808261 -71.177051 -74.636886 5.046435 0.036029 0.001586 -3.309079 -4.49992 142.32112 14.894246 18.721473 6.497828 -2.311969 -14.287035 -22.877687 38.511969 11.806545 -10.009778 23.07411 -4.108374 -6.194263 -1.699161 5.549201 0.04735 0 0 0 32.56197 0.31473 -9.359877 35.875315 3.66989 -3.011614 15.49956 9.191257 1.561741 0 0 0 25.051339 -5.746171 -14.24071 39.214761 -7.498256 -3.899241 -1.939288 1.605489 -3.971609 0 0 0 18.01979 -7.066082 12.268412 41.816596 1.845969 -2.722224 -5.873578 -2.137826 -1.734323 0 0 0 25.573081 44.865066 59.697004 1.903857 6.728599 52.897913 -8.781785 -8.616528 -30.094863 -6.076771 7.979072 9.192814 0 0 0 0 0 0.000008 0 0 7.518178 -0.000001 0 15.036349 -0.000001 0 22.554519 -0.006313 -0.036326 20.544244 -0.003517 -0.027494 15.408183 -0.001524 -0.018447 10.272122 -0.000348 -0.009255 5.136062 0 0 0 22.509315 -2.89684 -11.090492 -0.013907 0.001507 6.606049 0 0 0 -14.594854 4.346898 7.648202 135 -89.998853 135 0 0 0 0 0 0 90.000011 -63.648284 -90.000011 -5.682402 0 0 -28.319917 0 0 -16.252152 0 0 0 0 0 89.999999 -84.450026 179.999999 0 0 0 -90.000001 -84.450026 -0.000001 0 0 0 0 0 0
0 0 0 0 0 0 0.001449 -0.052351999999999954 -0.008876 0.856179 -1.632854 1.778016 -94.533376 -1.197189 -94.598193 -0.878907 -0.011499 -12.330617 0 0 0 2.783016 -2.467024 3.471146 75.504886 -7.99203 9.33427 -0.15412 1.329521 -0.522786 12.485052 11.613718 -7.743958 0 0 0 0 0 0 0 0 0 0 0 0 -0.000073 -0.012397 0.672883 -0.000041 -0.009296 0.504663 -0.000018 -0.006198 0.336442 0.013983 -0.003211 0.764817 0 0 0 90.528632 6.167721 83.906117 10.784685 -1.122064 -8.445741 0 0 0 1.404751 0.759447 7.730392 75.690319 -9.031783 11.401313 -0.421239 2.455136 -0.80889 0.837448 11.356769 -3.542833 0 0 0 0 0 0 0 0 0 0 0 0 -0.000063 -0.011512 0.624938 -0.000035 -0.008633 0.468703 -0.000016 -0.005754 0.312469 -0.000004 -0.002879 0.156234 0 0 0 91.695048 6.37813 91.234677 16.438435 -2.749136 0.595346 -19.820976 -0.684573 2.586182 -0.678702 0.620355 -0.095879 85.934014 -24.692287 141.310944 76.301338 -54.927109 -4.422806 0.140716 9.376556 0.016409 2.727973 -4.873686 76.647982 12.158729 4.570012 -0.32393 5.567135 -15.31543 -24.893182 32.867549 17.128134 -5.173971 25.62219 -1.493613 1.842718 -2.842618 5.31511 5.959064 -0.034264 0 0 32.420947 2.504881 8.776455 33.878579 16.148286 5.027078 10.339862 15.039666 5.622487 0 0 0 25.11075 -3.717616 -29.895304 34.302022 -14.522498 -10.769873 -0.38445 1.787712 -4.096512 0 0 0 18.190936 -5.455543 -3.301007 36.168443 -5.782092 -10.075835 -5.322982 -0.243502 -8.650848 -0.019782 0 0 25.573081 44.865066 59.697004 50.094271 1.478561 61.136882 -3.353483 -33.688426 -51.479452 -6.076771 7.979072 9.192814 0 0 0 0 0 0.000008 0.000001 0 -9.929016 0.000001 0 -19.858039 0 0.000007 -29.787063 -0.000587 0.01029 -5.715897 -0.000344 0.007724 -4.286922 -0.000165 0.005154 -2.857948 -0.000051 0.002581 -1.428973 0 -0.013988 0 -93.452667 -38.479904 122.636678 58.678214 -71.180212 -74.588588 5.067439 0.036185 0.001601 -3.313348 -4.496783 142.375531 14.937194 18.746324 6.525269 -2.311969 -14.287035 -22.877687 38.511971 11.806559 -10.009776 23.009577 -3.824071 -6.1898 -1.728555 5.538874 0.049914 0 0 0 32.561969 0.314743 -9.359876 35.810086 3.936002 -3.01594 15.475912 9.19108 1.478863 0 0 0 24.908968 -5.508875 -14.226749 39.24498 -7.445347 -4.058969 -1.886997 1.343338 -3.96285 0 0 0 18.01979 -7.066064 12.268411 41.816596 1.845963 -2.722228 -5.873581 -2.137826 -1.734322 0 0 0 25.573081 44.865066 59.697004 1.903849 6.72861 52.897903 -8.781782 -8.616523 -30.09486 -6.076771 7.979072 9.192814 0 0 0 0 0 0.000008 0 0 7.532667 -0.000001 0 15.065326 -0.000001 0 22.597985 -0.006337 -0.036391 20.582825 -0.003531 -0.027547 15.437118 -0.00153 -0.018481 10.291412 -0.00035 -0.009276 5.145707 0 0 0 22.509311 -2.896836 -11.090497 -0.013907 0.001507 6.606049 0 0 0 -14.594847 4.346898 7.648205 135 -89.998853 135 0 0 0 0 0 0 90.000011 -63.648284 -90.000011 -5.682402 0 0 -28.319917 0 0 -16.252152 0 0 0 0 0 89.999999 -84.450026 179.999999 0 0 0 -90.000001 -84.450026 -0.000001 0 0 0 0 0 0
0 0 0 0 0 0 0.001647 -0.05237400000000003 -0.009184 0.843965 -1.669693 1.834383 -94.520954 -1.222945 -94.542468 -0.878912 -0.011513 -12.330624 0 0 0 2.755141 -2.45383 3.383161 75.504886 -7.99203 9.33427 -0.15412 1.329521 -0.522786 12.485066 11.613726 -7.743952 0 0 0 0 0 0 0 0 0 0 0 0 -0.000064 -0.011591 0.629122 -0.000036 -0.008691 0.471842 -0.000016 -0.005795 0.314561 0.013984 -0.003009 0.753877 0 0 0 90.556349 6.157391 83.886529 10.703146 -1.114466 -8.44416 0 0 0 1.415285 0.732446 7.785273 75.690319 -9.031783 11.401313 -0.421239 2.455136 -0.80889 0.837438 11.356761 -3.542826 0 0 0 0 0 0 0 0 0 0 0 0 -0.000066 -0.011823 0.641832 -0.000037 -0.008866 0.481374 -0.000017 -0.005915 0.320916 -0.000004 -0.002954 0.160458 0 0 0 91.68868 6.383452 91.234833 16.427306 -2.729339 0.601536 -19.821733 -0.666526 2.590101 -0.71792 0.601774 -0.065567 85.934024 -24.692289 141.310946 76.305404 -54.934424 -4.442156 0.141366 9.401121 0.01651 2.726544 -4.874487 76.664774 12.175249 4.566799 -0.326093 5.567135 -15.31543 -24.893182 32.867522 17.128105 -5.489853 25.568583 -1.958026 2.129019 -2.842625 5.314997 5.939805 -0.034264 0 0 32.420956 2.504893 8.462215 33.95362 15.972912 4.949984 10.431794 14.976914 5.532367 0 0 0 25.110753 -3.717617 -29.895315 34.302019 -14.522498 -10.769876 -0.384453 1.787712 -4.09651 0 0 0 18.190935 -5.455542 -3.301018 36.168433 -5.782144 -10.362035 -5.324099 -0.216897 -8.365884 -0.019782 0 0 25.573081 44.865066 59.697004 50.094269 1.478571 61.136871 -3.353478 -33.688434 -51.479455 -6.076771 7.979072 9.192814 0 0 0 0 0 0.000008 0.000001 0 -9.924549 0.000001 0 -19.849107 0 0.000007 -29.773664 -0.000587 0.010283 -5.709783 -0.000344 0.007717 -4.282336 -0.000165 0.005147 -2.85489 -0.00005 0.002575 -1.427444 0 -0.013988 0 -93.45265 -38.479905 122.636672 58.51841 -71.207771 -74.457724 5.096142 0.036389 0.001619 -3.313968 -4.496325 142.383455 14.962875 18.782868 6.548755 -2.311969 -14.287035 -22.877687 38.51196 11.806539 -10.009786 23.009574 -3.824067 -6.1898 -1.728556 5.538878 0.049914 0 0 0 32.561968 0.314717 -9.359883 35.810074 3.936001 -3.015939 15.475906 9.191087 1.478864 0 0 0 24.908969 -5.508902 -14.226754 39.244977 -7.445347 -4.058969 -1.887 1.343338 -3.96285 0 0 0 18.019792 -7.066089 12.268411 41.809683 2.128096 -2.722465 -5.881232 -2.418481 -1.705406 0 0 0 25.573081 44.865066 59.697004 1.903871 6.728591 52.897904 -8.781786 -8.616524 -30.094863 -6.076771 7.979072 9.192814 0 0 0 0 0 0.000008 0 0 7.534777 -0.000001 0 15.069546 -0.000001 0 22.604315 -0.006334 -0.036385 20.576797 -0.003529 -0.02754 15.432598 -0.001529 -0.018474 10.288399 -0.00035 -0.009276 5.1442 0 0 0 22.564187 -2.971533 -10.81876 -0.013913 0.001454 6.388219 0 0 0 -14.656281 4.358604 7.360579 135 -89.998853 135 0 0 0 0 0 0 90.000011 -63.648284 -90.000011 -5.682402 0 0 -28.319917 0 0 -16.252152 0 0 0 0 0 89.999999 -84.450026 179.999999 0 0 0 -90.000001 -84.450026 -0.000001 0 0 0 0 0 0
0 0 0 0 0 0 0.001536 -0.052427 -0.008452 0.838128 -1.674213 1.888995 -94.5145 -1.239821 -94.498631 -0.878914 -0.0115 -12.330625 0 0 0 2.720942 -2.440715 3.339376 75.504886 -7.99203 9.33427 -0.15412 1.329521 -0.522786 12.485071 11.613732 -7.743951 0 0 0 0 0 0 0 0 0 0 0 0 -0.000057 -0.010955 0.59463 -0.000032 -0.008217 0.445973 -0.000014 -0.005478 0.297315 0.013984 -0.002847 0.745254 0 0 0 90.577906 6.133474 83.854297 10.626172 -1.107267 -8.442668 0 0 0 1.409434 0.711174 7.820446 75.690319 -9.031783 11.401313 -0.421239 2.455136 -0.80889 0.837447 11.356778 -3.542821 0 0 0 0 0 0 0 0 0 0 0 0 -0.000072 -0.012311 0.668426 -0.00004 -0.009238 0.50132 -0.000018 -0.006154 0.334213 -0.000004 -0.003077 0.167107 0 0 0 91.681397 6.383297 91.23172 16.405896 -2.718531 0.598145 -19.814459 -0.660992 2.585673 -0.758777 0.597573 -0.048896 85.934021 -24.692295 141.310939 76.278326 -54.950054 -4.406248 0.141667 9.411815 0.016562 2.723841 -4.875994 76.696575 12.302635 4.209437 -0.397241 5.567135 -15.31543 -24.893182 32.862107 17.073485 -5.256688 25.705576 -1.631042 1.915449 -2.808249 5.33314 5.983619 -0.034264 0 0 32.426678 2.447118 8.708629 33.831027 16.255116 5.147325 10.431798 14.976913 5.532369 0 0 0 25.107938 -3.765431 -29.974547 34.269607 -14.614202 -10.795744 -0.389334 1.769285 -4.098249 0 0 0 18.185154 -5.493192 -3.442055 36.15177 -5.919143 -10.365931 -5.32382 -0.262634 -8.603672 -0.019782 0 0 25.573081 44.865066 59.697004 50.094276 1.478636 61.026471 -3.426922 -33.681892 -51.393387 -6.076771 7.979072 9.192814 0 0 0 0 0 0.000008 0.000001 0 -9.916089 0.000001 0 -19.832187 0 0.000007 -29.748286 -0.000588 0.010297 -5.719503 -0.000345 0.007731 -4.289626 -0.000166 0.005154 -2.85975 -0.000051 0.002581 -1.429874 0 -0.013988 0 -93.452657 -38.479904 122.636676 58.373167 -71.22485 -74.289988 5.112825 0.036519 0.00163 -3.311062 -4.498465 142.346369 14.981709 18.816865 6.565392 -2.311969 -14.287035 -22.877687 38.511943 11.806539 -10.009773 23.009575 -3.824071 -6.189798 -1.728555 5.538878 0.049914 0 0 0 32.56195 0.314712 -9.359873 35.810093 3.935996 -3.015943 15.475907 9.191086 1.478865 0 0 0 24.908951 -5.508903 -14.226742 39.24498 -7.445347 -4.058969 -1.886997 1.343338 -3.96285 0 0 0 18.019773 -7.066095 12.26842 41.809673 2.12809 -2.722468 -5.881226 -2.418481 -1.705409 0 0 0 25.573081 44.865066 59.697004 1.903869 6.728585 52.897923 -8.781785 -8.616514 -30.094861 -6.076771 7.979072 9.192814 0 0 0 0 0 0.000008 0 0 7.524901 -0.000001 0 15.049796 -0.000001 0 22.574688 -0.006322 -0.036352 20.557161 -0.003522 -0.027514 15.41787 -0.001526 -0.018461 10.27858 -0.000349 -0.009262 5.139291 0 0 0 22.564185 -2.971537 -10.818757 -0.013911 0.001468 6.447086 0 0 0 -14.610454 4.699817 7.344328 135 -89.998853 135 0 0 0 0 0 0 90.000011 -63.648284 -90.000011 -5.682402 0 0 -28.319917 0 0 -16.252152 0 0 0 0 0 89.999999 -84.450026 179.999999 0 0 0 -90.000001 -84.450026 -0.000001 0 0 0 0 0 0
0 0 0 0 0 0 0.001646 -0.05234099999999997 -0.007693 0.838317 -1.671264 1.933149 -94.514811 -1.248055 -94.464599 -0.878905 -0.011485 -12.330617 0 0 0 2.687937 -2.429647 3.312188 75.504886 -7.99203 9.33427 -0.15412 1.329521 -0.522786 12.485066 11.613736 -7.743954 0 0 0 0 0 0 0 0 0 0 0 0 -0.000052 -0.01046 0.567778 -0.000029 -0.007841 0.425834 -0.000013 -0.005232 0.283889 0.013985 -0.00272 0.738541 0 0 0 90.591019 6.100191 83.813791 10.541085 -1.099321 -8.441025 0 0 0 1.378909 0.616749 7.599578 75.690319 -9.031783 11.401313 -0.421239 2.455136 -0.80889 0.733013 11.349926 -3.439931 0 0 0 0 0 0 0 0 0 0 0 0 -0.000079 -0.012912 0.701145 -0.000044 -0.009689 0.525859 -0.00002 -0.006458 0.350573 -0.000005 -0.003227 0.175286 0 0 0 91.672791 6.379112 91.228953 16.385499 -2.716086 0.593564 -19.798752 -0.66417 2.581563 -0.803096 0.604611 -0.041673 85.806038 -24.607302 141.144139 75.896253 -55.136834 -3.973676 0.141495 9.406052 0.01653 2.727457 -4.873975 76.654052 12.302242 4.247217 -0.392092 5.567135 -15.31543 -24.893182 32.862069 17.073469 -5.2567 25.70558 -1.63105 1.915451 -2.808249 5.33314 5.983618 -0.034264 0 0 32.426658 2.447092 8.708624 33.831015 16.255118 5.147325 10.431799 14.976913 5.53237 0 0 0 25.107918 -3.76546 -29.974552 34.269597 -14.614203 -10.795744 -0.389335 1.769285 -4.09825 0 0 0 18.185133 -5.49322 -3.442055 36.151779 -5.919139 -10.365931 -5.323817 -0.262634 -8.60367 -0.019782 0 0 25.573081 44.865066 59.697004 50.09429 1.478605 61.026463 -3.426916 -33.68189 -51.3934 -6.076771 7.979072 9.192814 0 0 0 0 0 0.000008 0.000001 0 -9.9274 0.000001 0 -19.85481 0 0.000007 -29.782219 -0.000611 0.010508 -5.83439 -0.000358 0.007888 -4.375792 -0.000172 0.005263 -2.917194 -0.000052 0.002629 -1.458596 0 -0.013988 0 -93.96764 -38.552004 122.684501 56.761846 -71.277836 -72.826913 5.106558 0.036464 0.001627 -3.309726 -4.499445 142.329364 14.807879 18.646702 6.442411 -2.311969 -14.287035 -22.877687 38.765546 11.913624 -9.863589 23.00958 -3.82407 -6.189802 -1.728556 5.538885 0.049914 0 0 0 32.708533 0.511272 -9.211205 35.810086 3.935996 -3.015943 15.475907 9.191083 1.478864 0 0 0 25.043005 -5.294278 -14.105061 39.244978 -7.445351 -4.05897 -1.886997 1.343338 -3.96285 0 0 0 18.153756 -6.838487 12.363644 41.809679 2.128097 -2.722466 -5.881228 -2.418484 -1.705409 0 0 0 25.573081 44.865066 59.697004 1.903867 6.728585 52.902133 -8.781177 -8.617149 -30.149606 -6.076771 7.979072 9.192814 0 0 0 0 0 0.000008 0 0 7.520374 -0.000001 0 15.040741 -0.000001 0 22.561107 -0.006367 -0.036476 20.631695 -0.003548 -0.027607 15.47377 -0.001538 -0.018529 10.315847 -0.000351 -0.009296 5.157924 0 0 0 22.564185 -2.971547 -10.818759 -0.013911 0.001468 6.447085 0 0 0 -14.61048 4.699825 7.344321 135 -89.998853 135 0 0 0 0 0 0 90.000011 -63.648284 -90.000011 -5.682402 0 0 -28.319917 0 0 -16.252152 0 0 0 0 0 89.999999 -84.450026 179.999999 0 0 0 -90.000001 -84.450026 -0.000001 0 0 0 0 0 0
0 0 0 0 0 0 0.001811 -0.05229399999999995 -0.007606 0.840427 -1.68942 1.963988 -94.518343 -1.250969 -94.435699 -0.878892 -0.011477 -12.330617 0 0 0 2.661269 -2.420882 3.268016 75.504886 -7.99203 9.33427 -0.15412 1.329521 -0.522786 12.485058 11.613722 -7.743955 0 0 0 0 0 0 0 0 0 0 0 0 -0.000048 -0.01004 0.544891 -0.000027 -0.00753 0.408668 -0.000012 -0.00502 0.272445 0.013985 -0.002613 0.732819 0 0 0 90.600568 6.072177 83.786362 10.462931 -1.092001 -8.43953 0 0 0 1.39409 0.593618 7.643423 75.690319 -9.031783 11.401313 -0.421239 2.455136 -0.80889 0.733008 11.349912 -3.439935 0 0 0 0 0 0 0 0 0 0 0 0 -0.000084 -0.013322 0.723317 -0.000047 -0.009996 0.542488 -0.000021 -0.006663 0.361659 -0.000005 -0.00333 0.180829 0 0 0 91.66636 6.371505 91.229494 16.369968 -2.720359 0.596603 -19.778685 -0.671773 2.586178 -0.84736 0.618753 -0.034679 85.806025 -24.607303 141.144154 75.791806 -55.122592 -3.834448 0.140851 9.381754 0.01643 2.707392 -4.88513 76.889945 12.287491 4.357522 -0.36782 5.567135 -15.31543 -24.893182 32.878758 17.244134 -5.491179 25.555276 -1.845939 1.919943 -2.842611 5.314687 5.956502 -0.034264 0 0 32.408482 2.627458 8.4758 33.95275 15.981003 5.181137 10.303406 15.235107 5.581277 0 0 0 25.116405 -3.616141 -29.982435 34.3224 -14.475425 -11.005944 -0.389337 1.769285 -4.098247 0 0 0 18.20293 -5.375533 -3.713055 36.151765 -5.919139 -10.365931 -5.32382 -0.262634 -8.60367 -0.019782 0 0 25.573081 44.865066 59.697004 49.866319 1.558521 60.851968 -3.426922 -33.681892 -51.393391 -6.076771 7.979072 9.192814 0 0 0 0 0 0.000008 0.000001 0 -9.864652 0.000001 0 -19.729313 0 0.000007 -29.593973 -0.000619 0.010576 -5.87498 -0.000362 0.007942 -4.406235 -0.000174 0.005298 -2.937489 -0.000053 0.00265 -1.468744 0 -0.013988 0 -93.967635 -38.552003 122.684483 56.602008 -71.242839 -72.584455 5.090728 0.036348 0.001617 -3.301846 -4.505226 142.228965 14.846777 18.681905 6.45985 -2.311969 -14.287035 -22.877687 38.765577 11.913633 -9.863566 23.009574 -3.824067 -6.189799 -1.728557 5.538874 0.049913 0 0 0 32.708548 0.511294 -9.211181 35.810086 3.935996 -3.015942 15.475907 9.191083 1.478863 0 0 0 25.043023 -5.294255 -14.105042 39.244982 -7.445341 -4.058968 -1.886996 1.343335 -3.96285 0 0 0 18.153769 -6.838463 12.363661 41.809673 2.128097 -2.722466 -5.881229 -2.418481 -1.705408 0 0 0 25.573081 44.865066 59.697004 1.903855 6.728614 52.902139 -8.781172 -8.617158 -30.149611 -6.076771 7.979072 9.192814 0 0 0 0 0 0.000008 0 0 7.493639 -0.000001 0 14.98727 -0.000001 0 22.4809 -0.006368 -0.036476 20.632508 -0.003549 -0.027613 15.47438 -0.001538 -0.018529 10.316253 -0.000351 -0.009296 5.158127 0 0 0 22.564177 -2.971535 -10.818754 -0.013911 0.001468 6.448595 0 0 0 -14.941569 4.744392 7.325559 135 -89.998853 135 0 0 0 0 0 0 90.000011 -63.648284 -90.000011 -5.682402 0 0 -28.319917 0 0 -16.252152 0 0 0 0 0 89.999999 -84.450026 179.999999 0 0 0 -90.000001 -84.450026 -0.000001 0 0 0 0 0 0
0 0 0 0 0 0 0.001625 -0.052363999999999966 -0.007122 0.842264 -1.744261 1.976423 -94.520086 -1.236524 -94.414514 -0.878916 -0.011507 -12.330623 0 0 0 2.634542 -2.408776 3.193593 75.504886 -7.99203 9.33427 -0.15412 1.329521 -0.522786 12.448668 11.59337 -8.010449 0 0 0 0 0 0 0 0 0 0 0 0 -0.000045 -0.009716 0.527575 -0.000025 -0.007291 0.395681 -0.000011 -0.00486 0.263787 0.013985 -0.002538 0.72849 0 0 0 90.610564 6.056728 83.78911 10.42529 -1.088483 -8.438811 0 0 0 1.400478 0.573372 7.693904 75.690319 -9.031783 11.401313 -0.421239 2.455136 -0.80889 0.733017 11.349926 -3.439925 0 0 0 0 0 0 0 0 0 0 0 0 -0.000084 -0.013295 0.721577 -0.000047 -0.009969 0.541183 -0.000021 -0.006646 0.360788 -0.000005 -0.003326 0.180394 0 0 0 91.663415 6.36302 91.234887 16.362264 -2.727886 0.611333 -19.756128 -0.678758 2.603154 -0.596727 0.640477 0.112359 85.525448 -24.478837 141.125898 75.685555 -55.085512 -3.698459 0.140051 9.351474 0.016296 2.711439 -4.88289 76.842384 12.309176 4.40521 -0.364043 5.567135 -15.31543 -24.893182 32.668434 17.076424 -5.553226 25.769483 -1.712904 1.983852 -2.842607 5.314687 5.956502 -0.034264 0 0 32.317022 2.384158 8.47177 34.048261 16.191641 5.058021 10.375934 15.186511 5.535131 0 0 0 25.026966 -3.862184 -29.976624 34.49822 -14.336409 -10.907623 -0.389337 1.769289 -4.09825 0 0 0 18.20295 -5.375563 -3.459704 36.172719 -5.76961 -10.571541 -5.323814 -0.262634 -8.60367 -0.019782 0 0 25.573081 44.865066 59.697004 49.866318 1.558549 60.851948 -3.426919 -33.681891 -51.393396 -6.076771 7.979072 9.192814 0 0 0 0 0 0.000008 0.000001 0 -9.877304 0.000001 0 -19.754618 0 0.000007 -29.631929 -0.000627 0.010651 -5.91562 -0.000367 0.007997 -4.436714 -0.000176 0.005332 -2.957809 -0.000054 0.00267 -1.478904 0 -0.013988 0 -94.268676 -38.680529 122.705112 56.461292 -71.203457 -72.362556 5.085628 0.036321 0.001614 -3.293987 -4.510969 142.129001 14.895455 18.703803 6.474546 -2.311969 -14.287035 -22.877687 38.76554 11.913653 -9.863592 23.009577 -3.82407 -6.189801 -1.728557 5.538874 0.049913 0 0 0 32.70851 0.511299 -9.211207 35.810089 3.935996 -3.015943 15.475904 9.191083 1.478865 0 0 0 25.042987 -5.294257 -14.105067 39.24498 -7.445347 -4.058969 -1.886997 1.343338 -3.96285 0 0 0 18.153738 -6.838466 12.363635 41.809676 2.128097 -2.722466 -5.88123 -2.418481 -1.70541 0 0 0 25.573081 44.865066 59.697004 1.903837 6.728578 52.902147 -8.781171 -8.617154 -30.149611 -6.076771 7.979072 9.192814 0 0 0 0 0 0.000008 0 0 7.46702 -0.000001 0 14.934032 -0.000001 0 22.401043 -0.006372 -0.036489 20.637158 -0.003551 -0.02762 15.477868 -0.001538 -0.018529 10.318578 -0.000352 -0.009303 5.15929 0 0 0 22.490582 -3.222617 -10.800302 -0.013914 0.00144 6.332485 0 0 0 -15.110152 5.021812 7.092891 135 -89.998853 135 0 0 0 0 0 0 90.000011 -63.648284 -90.000011 -5.682402 0 0 -28.319917 0 0 -16.252152 0 0 0 0 0 89.999999 -84.450026 179.999999 0 0 0 -90.000001 -84.450026 -0.000001 0 0 0 0 0 0
0 0 0 0 0 0 0.001557 -0.052373 -0.006629 0.844154 -1.832466 1.978458 -94.518661 -1.202705 -94.392785 -0.878902 -0.011512 -12.330624 0 0 0 2.59902 -2.388782 3.084693 75.504886 -7.99203 9.33427 -0.15412 1.329521 -0.522786 12.448648 11.593384 -8.01046 0 0 0 0 0 0 0 0 0 0 0 0 -0.000042 -0.009381 0.509165 -0.000023 -0.007032 0.381874 -0.00001 -0.004692 0.254583 0.013985 -0.002448 0.723888 0 0 0 90.619672 6.050768 83.816287 10.432586 -1.089158 -8.438957 0 0 0 1.383128 0.560075 7.75365 75.690319 -9.031783 11.401313 -0.421239 2.455136 -0.80889 0.767365 11.377232 -3.216524 0 0 0 0 0 0 0 0 0 0 0 0 -0.000079 -0.012905 0.700412 -0.000044 -0.009675 0.525309 -0.00002 -0.006451 0.350206 -0.000005 -0.003224 0.175103 0 0 0 91.662685 6.358173 91.240676 16.365033 -2.733065 0.634683 -19.732201 -0.680411 2.628789 -0.632293 0.647897 0.143908 85.527645 -24.740044 141.023443 75.661737 -55.178439 -3.862454 0.139306 9.322698 0.016176 2.716242 -4.880224 76.785964 12.194043 4.18277 -0.385886 5.567135 -15.31543 -24.893182 32.95742 17.177514 -5.377744 25.769472 -1.712897 1.983853 -2.842608 5.314687 5.956501 -0.034264 0 0 32.482874 2.594946 8.629866 34.048258 16.191641 5.058022 10.375934 15.186511 5.535131 0 0 0 25.177444 -3.633039 -29.846453 34.295165 -14.542102 -10.856994 -0.383643 1.790816 -4.106381 0 0 0 18.191 -5.455249 -3.342664 36.165482 -5.806769 -10.369014 -5.323485 -0.256828 -8.626435 -0.019782 0 0 25.573081 44.865066 59.697004 50.094284 1.478608 61.072426 -3.396386 -33.684628 -51.625375 -6.076771 7.979072 9.192814 0 0 0 0 0 0.000008 0.000001 0 -9.892312 0.000001 0 -19.784632 0 0.000007 -29.676953 -0.000616 0.010549 -5.859655 -0.000361 0.007922 -4.394741 -0.000173 0.005284 -2.929827 -0.000053 0.002643 -1.464913 0 -0.013988 0 -94.268688 -38.680528 122.705122 56.287005 -71.161233 -72.118649 5.084094 0.036308 0.001609 -3.286508 -4.516418 142.033936 14.955939 18.731831 6.495607 -2.311969 -14.287035 -22.877687 38.527151 11.700384 -9.91236 23.013805 -3.913717 -6.105793 -1.728566 5.53881 0.016163 0 0 0 32.6024 0.218234 -9.211871 35.827709 3.862817 -2.866077 15.460517 9.242234 1.526195 0 0 0 24.997357 -5.651457 -14.100703 39.242385 -7.479025 -3.831245 -1.762274 1.628671 -3.971942 0 0 0 18.15376 -6.838464 12.363648 41.85373 1.76239 -2.720974 -5.906367 -2.053042 -1.743161 0 0 0 25.573081 44.865066 59.697004 1.903855 6.728606 52.902142 -8.781172 -8.617158 -30.149611 -6.076771 7.979072 9.192814 0 0 0 0 0 0.000008 0 0 7.441706 -0.000001 0 14.883405 -0.000001 0 22.325103 -0.006379 -0.036508 20.650186 -0.003555 -0.027633 15.487639 -0.00154 -0.018542 10.325093 -0.000352 -0.009303 5.162547 0 0 0 22.490574 -3.222627 -10.800305 -0.013914 0.00144 6.332493 0 0 0 -15.110154 5.02182 7.092895 135 -89.998853 135 0 0 0 0 0 0 90.000011 -63.648284 -90.000011 -5.682402 0 0 -28.319917 0 0 -16.252152 0 0 0 0 0 89.999999 -84.450026 179.999999 0 0 0 -90.000001 -84.450026 -0.000001 0 0 0 0 0 0
0 0 0 0 0 0 0.001468 -0.05235599999999996 -0.006074 0.845468 -1.945398 1.982817 -94.515747 -1.170601 -94.360052 -0.878913 -0.011506 -12.330621 0 0 0 2.562776 -2.36584 2.940313 75.504886 -7.99203 9.33427 -0.15412 1.329521 -0.522786 12.448646 11.59337 -8.010464 0 0 0 0 0 0 0 0 0 0 0 0 -0.000037 -0.008879 0.482017 -0.000021 -0.006663 0.361513 -0.000009 -0.004443 0.241009 0.013985 -0.002321 0.717101 0 0 0 90.629496 6.046087 83.85352 10.450194 -1.090799 -8.439287 0 0 0 1.354873 0.548031 7.828135 75.690319 -9.031783 11.401313 -0.421239 2.455136 -0.80889 0.767334 11.377228 -3.216529 0 0 0 0 0 0 0 0 0 0 0 0 -0.000072 -0.012366 0.6713 -0.000041 -0.009275 0.503475 -0.000018 -0.006185 0.33565 -0.000005 -0.003091 0.167825 0 0 0 91.661873 6.357395 91.243871 16.37633 -2.733274 0.661696 -19.710106 -0.676191 2.65753 -0.672978 0.647481 0.197381 85.527637 -24.740055 141.023444 75.556777 -55.109377 -3.734312 0.138435 9.290412 0.016031 2.698167 -4.890222 76.998209 12.226738 4.274871 -0.370996 5.567135 -15.31543 -24.893182 32.971694 17.32618 -5.33138 25.550048 -1.802848 1.765223 -2.84263 5.314379 5.926146 -0.034264 0 0 32.466627 2.75191 8.427607 33.984084 15.909607 5.040308 10.335727 15.044162 5.564736 0 0 0 25.18437 -3.502987 -30.067214 34.295162 -14.542103 -10.856994 -0.383647 1.790816 -4.106386 0 0 0 18.20637 -5.352951 -3.578218 36.165475 -5.80677 -10.369014 -5.323481 -0.256827 -8.626435 -0.019782 0 0 25.573081 44.865066 59.697004 49.896147 1.548131 60.92076 -3.396388 -33.684628 -51.625365 -6.076771 7.979072 9.192814 0 0 0 0 0 0.000008 0.000001 0 -9.835855 0.000001 0 -19.671718 0 0.000007 -29.507583 -0.000624 0.010623 -5.899154 -0.000365 0.007976 -4.424365 -0.000175 0.005318 -2.949576 -0.000053 0.002663 -1.474787 0 -0.013988 0 -94.673381 -38.875139 122.669871 54.865918 -71.26956 -70.909411 5.08511 0.036314 0.001613 -3.305353 -4.502658 142.273611 14.906108 18.574658 6.43582 -2.311969 -14.287035 -22.877687 38.662792 12.075494 -9.953176 23.013804 -3.913714 -6.105792 -1.728566 5.53881 0.016163 0 0 0 32.564183 0.617928 -9.254996 35.827703 3.862817 -2.866077 15.46052 9.24223 1.526193 0 0 0 24.968585 -5.260975 -14.196745 39.242375 -7.479025 -3.831245 -1.76227 1.628671 -3.971942 0 0 0 17.955967 -6.771674 12.241582 41.966865 2.015131 -2.771182 -5.916192 -2.024496 -1.733813 0 0 0 25.573081 44.865066 59.697004 1.903885 6.728578 52.913167 -8.779529 -8.618852 -30.163499 -6.076771 7.979072 9.192814 0 0 0 0 0 0.000008 0 0 7.505527 -0.000001 0 15.011046 -0.000001 0 22.516565 -0.006396 -0.036554 20.676743 -0.003564 -0.027667 15.507557 -0.001544 -0.018562 10.338371 -0.000353 -0.009317 5.169186 0 0 0 22.490567 -3.222633 -10.800295 -0.013914 0.00144 6.33249 0 0 0 -15.110145 5.021816 7.092896 135 -89.998853 135 0 0 0 0 0 0 90.000011 -63.648284 -90.000011 -5.682402 0 0 -28.319917 0 0 -16.252152 0 0 0 0 0 89.999999 -84.450026 179.999999 0 0 0 -90.000001 -84.450026 -0.000001 0 0 0 0 0 0
0 0 0 0 0 0 0.001234 -0.05234700000000003 -0.005704 0.843258 -2.063977 1.994732 -94.509833 -1.150881 -94.327719 -0.878905 -0.011485 -12.330617 0 0 0 2.530862 -2.344522 2.791113 75.504886 -7.99203 9.33427 -0.15412 1.329521 -0.522786 12.448644 11.59337 -8.010465 0 0 0 0 0 0 0 0 0 0 0 0 -0.000033 -0.008394 0.455542 -0.000019 -0.006291 0.341657 -0.000008 -0.004197 0.227771 0.013986 -0.002197 0.710482 0 0 0 90.641464 6.037336 83.897957 10.45784 -1.091534 -8.439439 0 0 0 1.325748 0.538471 7.901511 75.690319 -9.031783 11.401313 -0.421239 2.455136 -0.80889 0.767334 11.377228 -3.216532 0 0 0 0 0 0 0 0 0 0 0 0 -0.000065 -0.011727 0.63655 -0.000037 -0.008797 0.477412 -0.000016 -0.005864 0.318275 -0.000004 -0.002934 0.159137 0 0 0 91.659257 6.357524 91.246476 16.390486 -2.729752 0.687495 -19.692833 -0.668821 2.6844 -0.718452 0.646331 0.260349 85.500138 -25.003011 140.94732 75.527002 -55.166894 -3.929633 0.137546 9.257598 0.015892 2.69995 -4.889242 76.97727 12.27726 4.300702 -0.373663 5.567135 -15.31543 -24.893182 32.686789 17.113072 -5.415663 25.547723 -1.783603 1.854763 -2.842606 5.315017 5.892012 -0.034264 0 0 32.284181 2.410691 8.419385 33.952379 15.981969 5.191534 10.359741 15.018014 5.564504 0 0 0 24.979389 -3.818341 -30.054125 34.279115 -14.587521 -10.675769 -0.384463 1.787593 -4.117988 0 0 0 18.206339 -5.352942 -3.57821 36.165475 -5.80677 -10.369014 -5.323481 -0.256827 -8.626435 -0.019782 0 0 25.573081 44.865066 59.697004 49.89614 1.548104 60.920762 -3.396389 -33.684629 -51.625364 -6.076771 7.979072 9.192814 0 0 0 0 0 0.000008 0.000001 0 -9.841427 0.000001 0 -19.682862 0 0.000007 -29.524297 -0.000611 0.010508 -5.834545 -0.000358 0.007888 -4.375909 -0.000172 0.005263 -2.917272 -0.000052 0.002629 -1.458635 0 -0.013988 0 -94.673377 -38.875144 122.669878 54.643218 -71.238277 -70.602509 5.100638 0.03641 0.001618 -3.296403 -4.509208 142.15969 14.973766 18.609994 6.460428 -2.311969 -14.287035 -22.877687 38.662805 12.07548 -9.953151 23.013804 -3.913714 -6.10579 -1.728566 5.538809 0.016161 0 0 0 32.56419 0.617921 -9.254971 35.889311 3.599091 -2.862066 15.424004 9.499085 1.598107 0 0 0 24.968589 -5.260987 -14.19672 39.219022 -7.765822 -3.828148 -1.947624 1.588293 -3.987539 0 0 0 17.95597 -6.771678 12.241607 41.860639 1.702759 -2.774627 -5.854298 -2.19075 -1.763074 0 0 0 25.573081 44.865066 59.697004 1.903897 6.728595 52.913189 -8.779527 -8.618848 -30.163502 -6.076771 7.979072 9.192814 0 0 0 0 0 0.000008 0 0 7.475192 -0.000001 0 14.950377 -0.000001 0 22.425562 -0.006393 -0.036548 20.672047 -0.003562 -0.02766 15.504036 -0.001544 -0.018562 10.336024 -0.000353 -0.009317 5.168012 0 0 0 22.490576 -3.222628 -10.800302 -0.013914 0.00144 6.332486 0 0 0 -15.110151 5.021819 7.092889 135 -89.998853 135 0 0 0 0 0 0 90.000011 -63.648284 -90.000011 -5.682402 0 0 -28.319917 0 0 -16.252152 0 0 0 0 0 89.999999 -84.450026 179.999999 0 0 0 -90.000001 -84.450026 -0.000001 0 0 0 0 0 0
0 0 0 0 0 0 0.000998 -0.05237599999999998 -0.006013 0.836416 -2.174904 2.011916 -94.500366 -1.138534 -94.309848 -0.878905 -0.011512 -12.330623 0 0 0 2.500523 -2.325812 2.66421 75.504886 -7.99203 9.33427 -0.15412 1.329521 -0.522786 12.448641 11.59337 -8.010466 0 0 0 0 0 0 0 0 0 0 0 0 -0.000031 -0.008118 0.440775 -0.000018 -0.006093 0.330581 -0.000008 -0.004061 0.220387 0.013986 -0.002129 0.706791 0 0 0 90.65595 6.025234 83.949733 10.467802 -1.092457 -8.439613 0 0 0 1.287011 0.535995 7.960601 75.690319 -9.031783 11.401313 -0.421239 2.455136 -0.80889 0.767342 11.377228 -3.216533 0 0 0 0 0 0 0 0 0 0 0 0 -0.000057 -0.010979 0.596081 -0.000032 -0.008237 0.447061 -0.000014 -0.005488 0.29804 -0.000004 -0.002746 0.14902 0 0 0 91.656266 6.357558 91.249446 16.404392 -2.72509 0.709484 -19.67985 -0.660424 2.707044 -0.492384 0.644153 0.224326 85.222839 -25.104031 140.959145 75.471907 -55.095399 -3.881063 0.136879 9.231696 0.015786 2.67723 -4.901697 77.243519 12.31008 4.373039 -0.360667 5.567135 -15.31543 -24.893182 32.701908 17.269808 -5.632494 25.547721 -1.783604 1.854765 -2.842609 5.315018 5.89201 -0.034264 0 0 32.267568 2.576483 8.49541 33.882816 16.144457 4.940086 10.359741 15.018014 5.564504 0 0 0 24.987515 -3.681172 -29.944286 34.352666 -14.393239 -10.969739 -0.384464 1.787586 -4.117989 0 0 0 17.999511 -5.525697 -3.424253 36.171649 -5.755025 -10.496382 -5.32367 -0.259306 -8.656625 -0.019782 0 0 25.573081 44.865066 59.697004 50.094274 1.478587 61.026452 -3.426961 -33.681907 -51.39337 -6.076771 7.979072 9.192814 0 0 0 0 0 0.000008 0.000001 0 -9.770607 0.000001 0 -19.541223 0 0.000007 -29.311838 -0.000614 0.010535 -5.850755 -0.00036 0.007908 -4.388065 -0.000172 0.005277 -2.925376 -0.000053 0.002636 -1.462687 0 -0.013988 0 -95.078583 -39.010721 122.699751 54.17323 -71.277263 -70.316458 5.131841 0.036648 0.001641 -3.288198 -4.515188 142.055409 15.040323 18.639549 6.483099 -2.311969 -14.287035 -22.877687 38.593315 11.75685 -9.96751 23.017816 -4.008572 -5.979808 -1.728637 5.538386 -0.00894 0 0 0 32.595716 0.282018 -9.254737 35.925097 3.871727 -3.033815 15.511968 9.069197 1.524255 0 0 0 24.973072 -5.564216 -14.197159 39.263972 -7.537292 -4.000215 -1.937596 1.600515 -3.978744 0 0 0 17.955964 -6.771679 12.241593 41.860642 1.702759 -2.774628 -5.854298 -2.19075 -1.763074 0 0 0 25.573081 44.865066 59.697004 1.903888 6.728577 52.913185 -8.779525 -8.618852 -30.163506 -6.076771 7.979072 9.192814 0 0 0 0 0 0.000008 0 0 7.447424 -0.000001 0 14.89484 -0.000001 0 22.342255 -0.006426 -0.036632 20.725464 -0.003581 -0.027733 15.544098 -0.001552 -0.01861 10.362732 -0.000355 -0.009337 5.181367 0 0 0 22.427992 -3.178288 -10.866981 -0.013911 0.001469 6.456599 0 0 0 -15.322594 5.023415 7.248116 135 -89.998853 135 0 0 0 0 0 0 90.000011 -63.648284 -90.000011 -5.682402 0 0 -28.319917 0 0 -16.252152 0 0 0 0 0 89.999999 -84.450026 179.999999 0 0 0 -90.000001 -84.450026 -0.000001 0 0 0 0 0 0
0 0 0 0 0 0 0.000745 -0.05248200000000003 -0.006133 0.828609 -2.274303 2.029205 -94.490602 -1.127811 -94.304435 -0.878898 -0.011512 -12.330628 0 0 0 2.471401 -2.309349 2.561171 75.504886 -7.99203 9.33427 -0.15412 1.329521 -0.522786 12.448644 11.59337 -8.010465 0 0 0 0 0 0 0 0 0 0 0 0 -0.000031 -0.008029 0.435987 -0.000017 -0.006024 0.32699 -0.000008 -0.004016 0.217993 0.013986 -0.002108 0.705594 0 0 0 90.673439 6.014374 83.99817 10.476147 -1.093246 -8.439784 0 0 0 1.25049 0.531728 8.011374 75.690319 -9.031783 11.401313 -0.421239 2.455136 -0.80889 0.767337 11.377232 -3.216531 0 0 0 0 0 0 0 0 0 0 0 0 -0.00005 -0.01029 0.558409 -0.000028 -0.007718 0.418807 -0.000013 -0.005147 0.279204 -0.000003 -0.002572 0.139602 0 0 0 91.653305 6.361782 91.252309 16.416233 -2.719036 0.725543 -19.670349 -0.651147 2.723246 -0.528657 0.645381 0.288236 85.165966 -25.066818 140.886126 75.306599 -55.114345 -3.728748 0.136446 9.214843 0.015721 2.678589 -4.900957 77.227599 12.090722 4.234588 -0.355776 5.567135 -15.31543 -24.893182 33.013184 17.232372 -5.332776 25.553587 -1.690961 1.660843 -2.84261 5.315018 5.892012 -0.034264 0 0 32.539608 2.68588 8.571147 33.882824 16.144461 4.940087 10.359741 15.018014 5.564504 0 0 0 25.252208 -3.563067 -29.882988 34.352662 -14.39324 -10.969737 -0.384466 1.787593 -4.117989 0 0 0 18.263641 -5.401025 -3.377688 36.171654 -5.755031 -10.496384 -5.323671 -0.259306 -8.656625 -0.019782 0 0 25.573081 44.865066 59.697004 50.094255 1.478614 61.133321 -3.35581 -33.688215 -51.570736 -6.076771 7.979072 9.192814 0 0 0 0 0 0.000008 0.000001 0 -9.774841 0.000001 0 -19.549693 0 0.000007 -29.324543 -0.000622 0.01061 -5.89204 -0.000364 0.007963 -4.419029 -0.000175 0.005311 -2.946019 -0.000053 0.002656 -1.473009 0 -0.013988 0 -95.078571 -39.010719 122.699752 54.01729 -71.268636 -70.092622 5.17699 0.036968 0.00167 -3.30736 -4.501185 142.299183 14.991353 18.729115 6.527219 -2.311969 -14.287035 -22.877687 38.614709 11.966083 -9.93756 23.03809 -3.88365 -6.274407 -1.728637 5.53839 -0.00894 0 0 0 32.584112 0.504185 -9.539489 35.9251 3.871727 -3.033816 15.511965 9.069197 1.524256 0 0 0 24.993276 -5.381695 -14.185686 39.296749 -7.331819 -3.976395 -1.945308 1.591123 -3.979361 0 0 0 17.985259 -6.628569 12.310507 41.85103 1.971528 -2.805934 -5.843997 -2.218151 -1.736558 0 0 0 25.573081 44.865066 59.697004 1.903891 6.728589 52.730815 -8.806788 -8.590985 -30.130755 -6.076771 7.979072 9.192814 0 0 0 0 0 0.000008 0 0 7.512336 -0.000001 0 15.024664 -0.000001 0 22.536992 -0.006413 -0.0366 20.705196 -0.003574 -0.027707 15.528896 -0.001549 -0.018589 10.352598 -0.000354 -0.00933 5.1763 0 0 0 22.428 -3.178291 -10.866982 -0.013911 0.001469 6.456602 0 0 0 -15.322592 5.023422 7.248117 135 -89.998853 135 0 0 0 0 0 0 90.000011 -63.648284 -90.000011 -5.682402 0 0 -28.319917 0 0 -16.252152 0 0 0 0 0 89.999999 -84.450026 179.999999 0 0 0 -90.000001 -84.450026 -0.000001 0 0 0 0 0 0
0 0 0 0 0 0 0.000738 -0.052595999999999976 -0.006736 0.821152 -2.364414 2.040952 -94.481949 -1.118162 -94.310324 -0.878907 -0.011499 -12.33062 0 0 0 2.417869 -2.513848 2.54626 75.504886 -7.99203 9.33427 -0.15412 1.329521 -0.522786 12.473161 11.665749 -7.789111 0 0 0 0 0 0 0 0 0 0 0 0 -0.000031 -0.008111 0.440256 -0.000018 -0.006082 0.330192 -0.000008 -0.004054 0.220128 0.013986 -0.002129 0.706661 0 0 0 90.689778 6.007256 84.043751 10.474503 -1.093104 -8.439749 0 0 0 1.23287 0.524193 8.055621 75.690319 -9.031783 11.401313 -0.421239 2.455136 -0.80889 0.767348 11.377222 -3.216538 0 0 0 0 0 0 0 0 0 0 0 0 -0.000044 -0.009634 0.522963 -0.000025 -0.007226 0.392222 -0.000011 -0.004819 0.261482 -0.000003 -0.002411 0.130741 0 0 0 91.64892 6.36979 91.255298 16.424326 -2.709823 0.735478 -19.662246 -0.640556 2.732777 -0.550145 0.645448 0.356668 85.383926 -25.261571 140.61428 75.671454 -55.314843 -4.157408 0.135761 9.190086 0.015595 2.676242 -4.902236 77.255069 12.105248 4.224676 -0.358555 5.567135 -15.31543 -24.893182 33.013149 17.232371 -5.332757 25.553581 -1.690962 1.660845 -2.842604 5.315017 5.89201 -0.034264 0 0 32.388598 2.460977 8.564376 33.951776 15.983204 5.058505 10.387497 14.987702 5.622918 0 0 0 25.068807 -3.750318 -29.871273 34.288681 -14.56036 -10.851904 -0.388555 1.771876 -4.129568 0 0 0 18.263604 -5.401036 -3.377663 36.171657 -5.755031 -10.496383 -5.323671 -0.259306 -8.656625 -0.019782 0 0 25.573081 44.865066 59.697004 50.094273 1.478571 61.133336 -3.355814 -33.688221 -51.570732 -6.076771 7.979072 9.192814 0 0 0 0 0 0.000008 0.000001 0 -9.767533 0.000001 0 -19.535076 0 0.000007 -29.302616 -0.000597 0.010379 -5.762587 -0.00035 0.007792 -4.32194 -0.000168 0.005195 -2.881293 -0.000051 0.002602 -1.440646 0 -0.013988 0 -95.078564 -39.010716 122.699733 53.933303 -71.260328 -69.93525 5.228165 0.037336 0.001705 -3.300434 -4.506261 142.210982 15.044458 18.71391 6.528695 -2.311969 -14.287035 -22.877687 38.614731 11.966085 -9.937588 23.03809 -3.88365 -6.274406 -1.728638 5.538386 -0.008938 0 0 0 32.584132 0.504201 -9.539513 35.914688 3.487315 -3.034484 15.49453 9.128479 1.617814 0 0 0 24.993298 -5.381686 -14.185714 39.223789 -7.709653 -3.966847 -1.946227 1.573221 -3.994722 0 0 0 17.963601 -6.928023 12.313038 41.847746 1.813455 -2.606473 -5.856322 -2.185296 -1.775425 0 0 0 25.573081 44.865066 59.697004 1.903872 6.72859 52.73078 -8.806786 -8.590991 -30.130753 -6.076771 7.979072 9.192814 0 0 0 0 0 0.000008 0 0 7.48885 -0.000001 0 14.97769 -0.000001 0 22.466532 -0.006399 -0.036561 20.681104 -0.003566 -0.027673 15.510827 -0.001545 -0.018569 10.340552 -0.000353 -0.009317 5.170277 0 0 0 22.427995 -3.178286 -10.866972 -0.013912 0.001456 6.406411 0 0 0 -15.360167 4.740166 7.261413 135 -89.998853 135 0 0 0 0 0 0 90.000011 -63.648284 -90.000011 -5.682402 0 0 -28.319917 0 0 -16.252152 0 0 0 0 0 89.999999 -84.450026 179.999999 0 0 0 -90.000001 -84.450026 -0.000001 0 0 0 0 0 0
0 0 0 0 0 0 0.000816 -0.052705 -0.006857 0.815178 -2.447324 2.047435 -94.477373 -1.10475 -94.328122 -0.87891 -0.011499 -12.330621 0 0 0 2.395468 -2.504655 2.481959 75.504886 -7.99203 9.33427 -0.15412 1.329521 -0.522786 12.473162 11.665757 -7.789114 0 0 0 0 0 0 0 0 0 0 0 0 -0.000033 -0.00836 0.453955 -0.000019 -0.00627 0.340466 -0.000008 -0.004183 0.226977 0.013986 -0.00219 0.710086 0 0 0 90.701048 5.998603 84.092697 10.477892 -1.093409 -8.439807 0 0 0 1.214973 0.52201 8.089675 75.690319 -9.031783 11.401313 -0.421239 2.455136 -0.80889 0.767347 11.377228 -3.216534 0 0 0 0 0 0 0 0 0 0 0 0 -0.000038 -0.008924 0.484588 -0.000021 -0.006694 0.363441 -0.000009 -0.004464 0.242294 -0.000002 -0.002233 0.121147 0 0 0 91.644112 6.377139 91.256937 16.429805 -2.697858 0.739915 -19.652829 -0.628936 2.736499 -0.565399 0.642458 0.431604 85.38393 -25.261563 140.614264 75.729041 -55.285323 -4.228167 0.134746 9.151313 0.015447 2.647945 -4.917551 77.585707 12.066094 4.260328 -0.341371 5.567135 -15.31543 -24.893182 33.03035 17.414756 -5.265164 25.55221 -1.820509 1.909687 -2.892792 5.554475 5.975505 -0.034264 0 0 32.369177 2.652872 8.316288 33.951776 15.983204 5.058504 10.387497 14.987702 5.62292 0 0 0 25.077789 -3.591494 -30.142059 34.288681 -14.56036 -10.851904 -0.388551 1.771877 -4.129567 0 0 0 18.282069 -5.275362 -3.429436 36.190687 -5.615259 -10.344226 -5.32209 -0.291386 -8.604149 -0.019782 0 0 25.573081 44.865066 59.697004 50.094259 1.478599 60.953937 -3.55488 -33.858731 -51.325364 -6.076771 7.979072 9.192814 0 0 0 0 0 0.000008 0.000001 0 -9.679593 0.000001 0 -19.359193 0 0.000007 -29.038794 -0.000593 0.010345 -5.743825 -0.000348 0.007765 -4.307869 -0.000167 0.005182 -2.871912 -0.000051 0.002588 -1.435955 0 -0.013988 0 -95.34692 -39.210097 122.888369 53.478746 -71.204445 -69.67337 5.286095 0.037731 0.001742 -3.31651 -4.494454 142.415866 14.993349 18.75947 6.550497 -2.311969 -14.287035 -22.877687 38.597831 11.849475 -10.200005 23.01797 -4.010958 -6.153745 -1.728758 5.537659 -0.034015 0 0 0 32.607612 0.386834 -9.306507 35.91885 4.025769 -3.242155 15.494534 9.128479 1.617814 0 0 0 25.008853 -5.489702 -14.201553 39.296532 -7.343726 -4.003656 -1.946225 1.573218 -3.994721 0 0 0 17.990255 -6.801882 12.300992 41.840737 2.001777 -2.816893 -5.856319 -2.185296 -1.775425 0 0 0 25.573081 44.865066 59.697004 1.903867 6.728589 52.57006 -8.830761 -8.56631 -30.101912 -6.076771 7.979072 9.192814 0 0 0 0 0 0.000008 0 0 7.543408 -0.000001 0 15.086808 -0.000001 0 22.630208 -0.006488 -0.036801 20.823983 -0.003616 -0.02786 15.617987 -0.001568 -0.018697 10.411992 -0.000359 -0.009385 5.205997 0 0 0 22.427993 -3.178297 -10.866989 -0.013912 0.001456 6.406419 0 0 0 -15.36017 4.740181 7.261417 135 -89.998853 135 0 0 0 0 0 0 90.000011 -63.648284 -90.000011 -5.682402 0 0 -28.319917 0 0 -16.252152 0 0 0 0 0 89.999999 -84.450026 179.999999 0 0 0 -90.000001 -84.450026 -0.000001 0 0 0 0 0 0
0 0 0 0 0 0 0.000775 -0.05274100000000004 -0.00631 0.813528 -2.527236 2.048595 -94.477599 -1.08014 -94.345378 -0.878907 -0.011499 -12.330629 0 0 0 2.367233 -2.494357 2.419911 75.504886 -7.99203 9.33427 -0.15412 1.329521 -0.522786 12.473161 11.665747 -7.789117 0 0 0 0 0 0 0 0 0 0 0 0 -0.000035 -0.008599 0.466934 -0.00002 -0.006448 0.350201 -0.000009 -0.0043 0.233467 0.013986 -0.002252 0.71333 0 0 0 90.709813 5.986235 84.140422 10.487005 -1.094249 -8.439986 0 0 0 1.192416 0.519246 8.121601 75.690319 -9.031783 11.401313 -0.421239 2.455136 -0.80889 0.767352 11.377232 -3.216517 0 0 0 0 0 0 0 0 0 0 0 0 -0.000032 -0.008237 0.447048 -0.000018 -0.006174 0.335286 -0.000008 -0.004115 0.223524 -0.000002 -0.002059 0.111762 0 0 0 91.638918 6.378468 91.258061 16.431602 -2.684085 0.739999 -19.64371 -0.617264 2.735671 -0.450067 0.624895 0.262054 85.24263 -25.513171 140.647573 75.816554 -55.268345 -4.33037 0.133714 9.112568 0.015284 2.645492 -4.918871 77.614276 12.031854 4.220931 -0.342836 5.567135 -15.31543 -24.893182 33.030336 17.414751 -5.265177 25.552213 -1.820509 1.909686 -2.892792 5.554475 5.975504 -0.034264 0 0 32.369169 2.652862 8.316276 33.95178 15.983204 5.058504 10.387497 14.987702 5.622919 0 0 0 25.077781 -3.591508 -30.142072 34.288673 -14.560367 -10.851905 -0.388554 1.77188 -4.129567 0 0 0 18.282062 -5.275371 -3.429445 36.155192 -5.891609 -10.340609 -5.237655 -0.026999 -8.628638 -0.019782 0 0 25.573081 44.865066 59.697004 50.094268 1.478587 60.953927 -3.554879 -33.858735 -51.325362 -6.076771 7.979072 9.192814 0 0 0 0 0 0.000008 0.000001 0 -9.671993 0.000001 0 -19.343995 0 0.000007 -29.015999 -0.000587 0.01029 -5.715874 -0.000344 0.007724 -4.286905 -0.000165 0.005154 -2.857936 -0.000051 0.002581 -1.428967 0 -0.013988 0 -95.446977 -38.95888 122.845592 53.459197 -71.207618 -69.558411 5.339499 0.038119 0.001777 -3.308853 -4.50009 142.3182 15.02538 18.728877 6.538591 -2.311969 -14.287035 -22.877687 38.597848 11.849453 -10.20004 23.017974 -4.010961 -6.153748 -1.72876 5.537653 -0.034014 0 0 0 32.607634 0.386824 -9.306539 35.866725 3.696896 -3.245663 15.503156 9.099292 1.693864 0 0 0 25.008881 -5.489707 -14.201581 39.229408 -7.64131 -3.994902 -1.945111 1.560001 -4.006989 0 0 0 17.990283 -6.8019 12.300963 41.858756 1.718759 -2.816308 -5.854384 -2.190477 -1.804558 0 0 0 25.573081 44.865066 59.697004 1.903863 6.728583 52.570019 -8.830765 -8.566321 -30.101906 -6.076771 7.979072 9.192814 0 0 0 0 0 0.000008 0 0 7.5174 -0.000001 0 15.034793 -0.000001 0 22.552186 -0.006459 -0.036723 20.778367 -0.0036 -0.0278 15.583775 -0.00156 -0.018657 10.389183 -0.000357 -0.009364 5.194592 0 0 0 22.287586 -3.265895 -10.628829 -0.013912 0.001456 6.406422 0 0 0 -15.360179 4.740169 7.261427 135 -89.998853 135 0 0 0 0 0 0 90.000011 -63.648284 -90.000011 -5.682402 0 0 -28.319917 0 0 -16.252152 0 0 0 0 0 89.999999 -84.450026 179.999999 0 0 0 -90.000001 -84.450026 -0.000001 0 0 0 0 0 0
0 0 0 0 0 0 0.001117 -0.05269900000000005 -0.005968 0.813673 -2.608425 2.047984 -94.47734 -1.048841 -94.354745 -0.878903 -0.011533 -12.330624 0 0 0 2.335149 -2.480115 2.34869 75.504886 -7.99203 9.33427 -0.15412 1.329521 -0.522786 12.473149 11.66577 -7.789117 0 0 0 0 0 0 0 0 0 0 0 0 -0.000036 -0.008722 0.473408 -0.00002 -0.00654 0.355056 -0.000009 -0.004358 0.236704 0.013986 -0.00228 0.714949 0 0 0 90.717622 5.97508 84.187208 10.484379 -1.094007 -8.439941 0 0 0 1.183884 0.511822 8.155456 75.690319 -9.031783 11.401313 -0.421239 2.455136 -0.80889 0.767353 11.377236 -3.216529 0 0 0 0 0 0 0 0 0 0 0 0 -0.000027 -0.007554 0.410204 -0.000015 -0.005669 0.307653 -0.000007 -0.003777 0.205102 -0.000002 -0.001892 0.102551 0 0 0 91.63294 6.37783 91.260861 16.432733 -2.667869 0.738075 -19.635689 -0.604979 2.732479 -0.459906 0.614387 0.34913 85.242628 -25.513165 140.647571 75.924209 -55.276291 -4.472277 0.133129 9.090123 0.015184 2.641118 -4.921217 77.665288 11.98719 4.176951 -0.343331 5.567135 -15.31543 -24.893182 33.030334 17.414741 -5.265177 25.552216 -1.820508 1.909685 -2.892793 5.554475 5.975504 -0.034264 0 0 32.369161 2.652846 8.575987 33.889765 16.128148 4.834251 10.387497 14.987702 5.62292 0 0 0 25.077782 -3.591519 -30.14207 34.288674 -14.560361 -10.851902 -0.388551 1.771877 -4.129563 0 0 0 18.282064 -5.275379 -3.429443 36.155192 -5.891609 -10.340609 -5.237655 -0.026999 -8.628638 -0.019782 0 0 25.573081 44.865066 59.697004 50.094277 1.478584 60.953919 -3.554886 -33.858737 -51.32535 -6.076771 7.979072 9.192814 0 0 0 0 0 0.000008 0.000001 0 -9.658427 0.000001 0 -19.316862 0 0.000007 -28.975299 -0.00058 0.010222 -5.67545 -0.00034 0.00767 -4.256587 -0.000163 0.00512 -2.837724 -0.00005 0.002561 -1.418861 0 -0.013988 0 -95.598424 -39.210193 122.892819 53.185207 -71.267505 -69.456762 5.379183 0.038398 0.001804 -3.321972 -4.49042 142.485619 14.960519 18.765927 6.549608 -2.311969 -14.287035 -22.877687 38.614725 12.01743 -9.928357 23.049696 -3.813748 -6.211892 -1.768136 5.525244 0.040675 0 0 0 32.597989 0.56522 -9.273376 35.852732 3.850194 -3.037652 15.437827 9.211472 1.28331 0 0 0 25.024845 -5.343041 -14.179729 39.25746 -7.468579 -4.208219 -1.945113 1.560001 -4.006989 0 0 0 18.01401 -6.686865 12.31414 41.852127 1.906355 -3.025815 -5.854382 -2.190474 -1.804558 0 0 0 25.573081 44.865066 59.697004 1.663554 6.652984 52.70753 -8.716342 -8.358751 -30.036574 -6.076771 7.979072 9.192814 0 0 0 0 0 0.000008 0 0 7.561983 -0.000001 0 15.123959 -0.000001 0 22.685934 -0.006475 -0.036769 20.802913 -0.003609 -0.027833 15.602183 -0.001564 -0.018677 10.401456 -0.000358 -0.009371 5.200729 0 0 0 22.287585 -3.265894 -10.628836 -0.013906 0.001511 6.636401 0 0 0 -15.37714 4.759626 7.554892 135 -89.998853 135 0 0 0 0 0 0 90.000011 -63.648284 -90.000011 -5.682402 0 0 -28.319917 0 0 -16.252152 0 0 0 0 0 89.999999 -84.450026 179.999999 0 0 0 -90.000001 -84.450026 -0.000001 0 0 0 0 0 0
0 0 0 0 0 0 0.001342 -0.05268200000000001 -0.005644 0.811145 -2.686904 2.045231 -94.473107 -1.014314 -94.36097 -0.878907 -0.011499 -12.330621 0 0 0 2.302721 -2.464485 2.276749 75.504886 -7.99203 9.33427 -0.15412 1.329521 -0.522786 12.473148 11.66575 -7.789125 0 0 0 0 0 0 0 0 0 0 0 0 -0.000037 -0.008794 0.477226 -0.000021 -0.006595 0.357919 -0.000009 -0.004399 0.238613 0.013986 -0.0023 0.715903 0 0 0 90.724198 5.959702 84.22936 10.46916 -1.092599 -8.43965 0 0 0 1.186548 0.505055 8.191558 75.690319 -9.031783 11.401313 -0.421239 2.455136 -0.80889 0.508171 11.318514 -3.220603 0 0 0 0 0 0 0 0 0 0 0 0 -0.000023 -0.006946 0.376965 -0.000013 -0.005211 0.282724 -0.000006 -0.003473 0.188483 -0.000001 -0.001735 0.094241 0 0 0 91.627023 6.381935 91.263568 16.436675 -2.647202 0.734777 -19.628548 -0.590339 2.727424 -0.464512 0.600539 0.438084 85.242624 -25.513174 140.647583 76.06156 -55.302222 -4.666219 0.132641 9.071811 0.01511 2.63797 -4.922901 77.701988 11.769222 4.369419 -0.286859 5.567135 -15.31543 -24.893182 33.021526 17.168152 -5.445019 25.552208 -1.820509 1.909686 -2.892791 5.554475 5.975502 -0.034264 0 0 32.520393 2.450708 8.413595 33.889758 16.128148 4.834254 10.387497 14.987702 5.62292 0 0 0 25.244993 -3.812593 -29.969648 34.354326 -14.386708 -10.766109 -0.39931 1.769487 -4.099108 0 0 0 18.191646 -5.451219 -3.513365 36.413578 -5.952417 -10.38549 -5.237655 -0.026999 -8.628636 -0.019782 0 0 25.573081 44.865066 59.697004 50.286694 1.576604 61.031586 -3.363063 -33.87603 -51.406038 -6.076771 7.979072 9.192814 0 0 0 0 0 0.000008 0.000001 0 -9.648667 0.000001 0 -19.297341 0 0.000007 -28.946017 -0.000569 0.01012 -5.619553 -0.000334 0.007595 -4.214665 -0.00016 0.005066 -2.809776 -0.000049 0.002534 -1.404887 0 -0.013988 0 -95.598407 -39.210187 122.892796 53.258623 -71.274254 -69.425654 5.421345 0.038711 0.001829 -3.314786 -4.495723 142.393885 14.966357 18.718041 6.523369 -2.311969 -14.287035 -22.877687 38.614727 12.017427 -9.92834 23.049698 -3.813742 -6.211891 -1.768136 5.525244 0.040674 0 0 0 32.597992 0.565223 -9.27336 35.852744 3.850195 -3.037655 15.437827 9.211468 1.28331 0 0 0 25.024847 -5.34304 -14.179713 39.25746 -7.468579 -4.20822 -1.945112 1.560001 -4.006989 0 0 0 18.014011 -6.686867 12.314153 41.85213 1.906355 -3.025812 -5.854384 -2.190477 -1.80456 0 0 0 25.573081 44.865066 59.697004 1.663562 6.652996 52.707543 -8.716341 -8.358747 -30.03657 -6.076771 7.979072 9.192814 0 0 0 0 0 0.000008 0 0 7.537554 -0.000001 0 15.075101 -0.000001 0 22.612647 -0.006441 -0.036678 20.749149 -0.00359 -0.027767 15.561861 -0.001556 -0.01863 10.374575 -0.000356 -0.009351 5.187288 0 0 0 22.252044 -3.04346 -10.559045 -0.013908 0.001497 6.581247 0 0 0 -15.383616 4.524554 7.549197 135 -89.998853 135 0 0 0 0 0 0 90.000011 -63.648284 -90.000011 -5.682402 0 0 -28.319917 0 0 -16.252152 0 0 0 0 0 89.999999 -84.450026 179.999999 0 0 0 -90.000001 -84.450026 -0.000001 0 0 0 0 0 0
0 0 0 0 0 0 0.001274 -0.05273099999999997 -0.005905 0.806247 -2.760177 2.03728 -94.465252 -0.973366 -94.366086 -0.878901 -0.011491 -12.330621 0 0 0 2.269768 -2.447627 2.208419 75.504886 -7.99203 9.33427 -0.15412 1.329521 -0.522786 12.473148 11.66577 -7.789116 0 0 0 0 0 0 0 0 0 0 0 0 -0.000037 -0.008842 0.479914 -0.000021 -0.006632 0.359936 -0.000009 -0.004419 0.239957 0.013985 -0.002314 0.716575 0 0 0 90.733033 5.921558 84.263965 10.442564 -1.090083 -8.439135 0 0 0 1.18316 0.499075 8.229919 75.690319 -9.031783 11.401313 -0.421239 2.455136 -0.80889 0.508167 11.318489 -3.220607 0 0 0 0 0 0 0 0 0 0 0 0 -0.00002 -0.006444 0.349719 -0.000011 -0.004832 0.262289 -0.000005 -0.003224 0.174859 -0.000001 -0.001609 0.08743 0 0 0 91.620716 6.390926 91.265236 16.444651 -2.620131 0.729388 -19.624796 -0.571409 2.719377 -0.42521 0.825646 0.24513 85.316771 -25.817607 140.401804 76.245426 -55.337181 -4.919747 0.132275 9.057399 0.01505 2.629499 -4.927423 77.800645 11.695604 4.29691 -0.287529 5.567135 -15.31543 -24.893182 33.021492 17.168172 -5.445013 25.55222 -1.820509 1.909686 -2.892791 5.554475 5.975502 -0.034264 0 0 32.520352 2.450715 8.413604 33.889758 16.128148 4.834254 10.387497 14.987708 5.62292 0 0 0 25.065841 -3.59428 -29.958067 34.440822 -14.616431 -10.928569 -0.399309 1.769487 -4.099102 0 0 0 18.191602 -5.451214 -3.513359 36.413575 -5.952417 -10.38549 -5.237656 -0.026999 -8.628636 -0.019782 0 0 25.573081 44.865066 59.697004 50.286676 1.576565 61.031589 -3.363066 -33.876026 -51.406032 -6.076771 7.979072 9.192814 0 0 0 0 0 0.000008 0.000001 0 -9.622427 0.000001 0 -19.244862 0 0.000007 -28.867296 -0.000556 0.009991 -5.547037 -0.000326 0.007499 -4.160277 -0.000157 0.005004 -2.773517 -0.000048 0.002499 -1.386758 0 -0.013988 0 -95.724409 -39.209684 122.956759 53.43702 -71.560439 -69.740556 5.474765 0.039099 0.001868 -3.308945 -4.500019 142.319408 14.952304 18.645138 6.482409 -2.311969 -14.287035 -22.877687 38.614739 12.017441 -9.928344 23.021214 -4.093745 -6.209929 -1.728994 5.536888 0.030446 0 0 0 32.597991 0.565238 -9.273363 35.85275 3.850196 -3.037656 15.539999 8.972686 1.299455 0 0 0 25.024847 -5.343025 -14.179719 39.25746 -7.468579 -4.20822 -1.945112 1.560001 -4.006989 0 0 0 18.01401 -6.686852 12.314146 41.85213 1.906355 -3.025814 -5.854383 -2.190477 -1.804562 0 0 0 25.573081 44.865066 59.697004 1.663548 6.653003 52.707545 -8.716341 -8.358751 -30.036574 -6.076771 7.979072 9.192814 0 0 0 0 0 0.000008 0 0 7.517722 -0.000001 0 15.035435 -0.000001 0 22.55315 -0.006313 -0.036326 20.544164 -0.003517 -0.027494 15.408123 -0.001524 -0.018447 10.272082 -0.000348 -0.009255 5.136042 0 0 0 22.360342 -2.917981 -10.758706 -0.013903 0.001537 6.738267 0 0 0 -15.416799 4.519103 7.754399 135 -89.998853 135 0 0 0 0 0 0 90.000011 -63.648284 -90.000011 -5.682402 0 0 -28.319917 0 0 -16.252152 0 0 0 0 0 89.999999 -84.450026 179.999999 0 0 0 -90.000001 -84.450026 -0.000001 0 0 0 0 0 0
0 0 0 0 0 0 0.000901 -0.05279800000000001 -0.006125 0.799861 -2.839112 2.022107 -94.457548 -0.928072 -94.369473 -0.878906 -0.011478 -12.330619 0 0 0 2.239101 -2.432754 2.132039 75.504886 -7.99203 9.33427 -0.15412 1.329521 -0.522786 12.473151 11.66577 -7.789115 0 0 0 0 0 0 0 0 0 0 0 0 -0.000037 -0.008866 0.481093 -0.000021 -0.006646 0.36082 -0.000009 -0.004433 0.240547 0.013985 -0.002321 0.71687 0 0 0 90.746335 5.853586 84.288395 10.39104 -1.085289 -8.438159 0 0 0 1.1811 0.48697 8.283501 75.690319 -9.031783 11.401313 -0.421239 2.455136 -0.80889 0.508161 11.318514 -3.220608 0 0 0 0 0 0 0 0 0 0 0 0 -0.000018 -0.006093 0.330622 -0.00001 -0.004569 0.247966 -0.000004 -0.003043 0.165311 -0.000001 -0.00152 0.082655 0 0 0 91.612908 6.399268 91.266661 16.457417 -2.586278 0.722948 -19.62528 -0.546574 2.709395 -0.413067 0.797378 0.347497 85.31677 -25.817611 140.401807 76.477594 -55.373949 -5.23587 0.132021 9.048349 0.015009 2.621795 -4.93152 77.890288 11.526772 4.493385 -0.236748 5.567135 -15.31543 -24.893182 32.930782 16.923011 -5.34818 25.560549 -1.689088 1.959542 -2.924215 5.538087 5.97251 -0.034264 0 0 32.418284 2.531485 8.543113 33.996677 16.071356 5.025604 10.218189 15.102058 5.491137 0 0 0 25.168597 -3.854367 -30.114403 34.440822 -14.61643 -10.928569 -0.399313 1.769494 -4.099102 0 0 0 18.193579 -5.438167 -3.627684 36.147442 -5.954541 -10.523367 -5.324185 -0.270955 -8.600081 -0.019782 0 0 25.573081 44.865066 59.697004 50.094292 1.478601 60.776921 -3.592912 -33.666615 -51.254818 -6.076771 7.979072 9.192814 0 0 0 0 0 0.000008 0.000001 0 -9.598586 0.000001 0 -19.197181 0 0.000007 -28.795773 -0.000539 0.009828 -5.457674 -0.000316 0.007377 -4.093255 -0.000152 0.004922 -2.728836 -0.000047 0.002458 -1.364417 0 -0.013988 0 -95.576559 -39.307807 123.093126 54.373903 -71.492015 -70.649535 5.525277 0.039439 0.001903 -3.320774 -4.491306 142.470311 14.72334 18.909241 6.540013 -2.311969 -14.287035 -22.877687 38.633654 11.939148 -9.896864 23.052028 -3.90632 -6.193422 -1.773351 5.522883 0.040185 0 0 0 32.747271 0.544245 -9.236214 35.83291 3.840923 -3.012263 15.49844 9.354583 1.545461 0 0 0 25.218346 -5.420549 -14.172782 39.243914 -7.459373 -3.936727 -1.887269 1.800303 -3.971786 0 0 0 17.955967 -6.771662 12.337708 41.838111 1.89506 -2.752732 -5.855587 -2.187021 -1.735457 0 0 0 25.573081 44.865066 59.697004 1.903843 6.728632 52.735385 -8.806073 -8.591668 -30.033137 -6.076771 7.979072 9.192814 0 0 0 0 0 0.000008 0 0 7.557907 -0.000001 0 15.115806 -0.000001 0 22.673704 -0.006337 -0.036391 20.582614 -0.003531 -0.027547 15.436959 -0.00153 -0.018481 10.291307 -0.00035 -0.009276 5.145654 0 0 0 22.360341 -2.917975 -10.758699 -0.013903 0.001537 6.738272 0 0 0 -15.416798 4.519093 7.7544 135 -89.998853 135 0 0 0 0 0 0 90.000011 -63.648284 -90.000011 -5.682402 0 0 -28.319917 0 0 -16.252152 0 0 0 0 0 89.999999 -84.450026 179.999999 0 0 0 -90.000001 -84.450026 -0.000001 0 0 0 0 0 0
0 0 0 0 0 0 0.000399 -0.05287900000000001 -0.005959 0.787306 -2.929313 1.999605 -94.444949 -0.870958 -94.376452 -0.878903 -0.011505 -12.33062 0 0 0 2.203591 -2.417195 2.047258 75.504886 -7.99203 9.33427 -0.15412 1.329521 -0.522786 12.473166 11.665761 -7.789114 0 0 0 0 0 0 0 0 0 0 0 0 -0.000038 -0.00893 0.48471 -0.000021 -0.006694 0.363533 -0.000009 -0.004467 0.242355 0.013985 -0.002335 0.717774 0 0 0 90.76501 5.759069 84.297989 10.307225 -1.077426 -8.436584 0 0 0 1.191748 0.467969 8.362857 75.690319 -9.031783 11.401313 -0.421239 2.455136 -0.80889 0.508169 11.318501 -3.220607 0 0 0 0 0 0 0 0 0 0 0 0 -0.000017 -0.005959 0.323418 -0.000009 -0.004467 0.242563 -0.000004 -0.002981 0.161709 -0.000001 -0.001489 0.080854 0 0 0 91.604647 6.405353 91.268098 16.47354 -2.545865 0.717392 -19.62796 -0.515849 2.699584 -0.396803 0.765184 0.461232 85.316779 -25.817597 140.401799 76.734254 -55.404976 -5.596748 0.131528 9.029476 0.014938 2.609247 -4.938158 78.036184 11.441249 4.389102 -0.240119 5.567135 -15.31543 -24.893182 32.922796 17.31309 -5.350564 25.537244 -2.040138 1.791689 -2.924216 5.538094 5.97251 -0.034264 0 0 32.418278 2.53149 8.54312 33.996679 16.071359 5.025606 10.218192 15.102056 5.491136 0 0 0 25.053534 -3.530478 -30.106981 34.254779 -14.655868 -10.80747 -0.391481 1.760898 -4.099043 0 0 0 18.193571 -5.43816 -3.62768 36.14745 -5.954543 -10.523369 -5.324183 -0.270955 -8.60008 -0.019782 0 0 25.573081 44.865066 59.697004 50.094288 1.4786 60.776927 -3.592906 -33.666613 -51.254826 -6.076771 7.979072 9.192814 0 0 0 0 0 0.000008 0.000001 0 -9.559784 0.000001 0 -19.119576 0 0.000007 -28.679369 -0.000521 0.009651 -5.35664 -0.000306 0.007241 -4.017479 -0.000148 0.004834 -2.678319 -0.000046 0.002418 -1.339159 0 -0.013988 0 -95.576551 -39.307821 123.093133 54.596174 -71.528281 -70.791519 5.582595 0.039855 0.001942 -3.317123 -4.493999 142.423719 14.692338 18.824696 6.491627 -2.311969 -14.287035 -22.877687 38.633667 11.93916 -9.896871 23.052029 -3.90633 -6.193425 -1.773352 5.522879 0.040186 0 0 0 32.479679 0.575079 -9.238835 36.089206 3.781533 -3.055446 15.498438 9.354576 1.54546 0 0 0 24.858872 -5.271345 -14.139298 39.232838 -7.599338 -4.040189 -1.944163 1.550377 -3.981114 0 0 0 17.955976 -6.771647 12.337697 41.838108 1.89506 -2.752732 -5.855586 -2.187021 -1.735456 0 0 0 25.573081 44.865066 59.697004 1.90383 6.728638 52.735381 -8.806071 -8.591678 -30.033136 -6.076771 7.979072 9.192814 0 0 0 0 0 0.000008 0 0 7.545499 -0.000001 0 15.09099 -0.000001 0 22.636481 -0.006291 -0.036267 20.509697 -0.003506 -0.027454 15.382273 -0.001519 -0.01842 10.254849 -0.000347 -0.009242 5.127425 0 0 0 22.360351 -2.917981 -10.758716 -0.013899 0.001575 6.883307 0 0 0 -15.339231 4.244847 8.022118 135 -89.998853 135 0 0 0 0 0 0 90.000011 -63.648284 -90.000011 -5.682402 0 0 -28.319917 0 0 -16.252152 0 0 0 0 0 89.999999 -84.450026 179.999999 0 0 0 -90.000001 -84.450026 -0.000001 0 0 0 0 0 0
0 0 0 0 0 0 -0.000176 -0.05286400000000002 -0.005732 0.766554 -3.024821 1.974904 -94.421785 -0.800807 -94.390942 -0.87892 -0.0115 -12.330624 0 0 0 2.158393 -2.396202 1.964351 75.504886 -7.99203 9.33427 -0.15412 1.329521 -0.522786 12.473159 11.665772 -7.789128 0 0 0 0 0 0 0 0 0 0 0 0 -0.000039 -0.009098 0.493794 -0.000022 -0.00682 0.370345 -0.00001 -0.004545 0.246897 0.013985 -0.002376 0.720045 0 0 0 90.789337 5.655476 84.298489 10.205826 -1.067951 -8.434674 0 0 0 1.21356 0.446261 8.456795 75.690319 -9.031783 11.401313 -0.421239 2.455136 -0.80889 0.508163 11.318493 -3.220603 0 0 0 0 0 0 0 0 0 0 0 0 -0.000017 -0.005963 0.323628 -0.000009 -0.00447 0.242721 -0.000004 -0.002981 0.161814 -0.000001 -0.001489 0.080907 0 0 0 91.597291 6.414158 91.269307 16.492045 -2.501724 0.713648 -19.632512 -0.481607 2.691066 -0.487773 0.719806 0.227118 85.635314 -25.930776 140.328604 77.225847 -55.429894 -5.867016 0.130834 9.002488 0.014828 2.599806 -4.943127 78.145782 11.252379 4.605468 -0.185294 5.567135 -15.31543 -24.893182 32.82751 17.035945 -5.5823 25.541535 -1.733882 1.791605 -2.917452 5.232245 5.988125 -0.034264 0 0 32.414305 2.571061 8.328717 34.099417 15.834134 4.858878 10.218195 15.102056 5.491134 0 0 0 25.17513 -3.820395 -29.951966 34.325485 -14.470257 -10.726639 -0.402583 1.758398 -4.094766 0 0 0 18.197477 -5.412367 -3.431983 36.294281 -6.038922 -10.337557 -5.320898 -0.331574 -8.602544 -0.019782 0 0 25.573081 44.865066 59.697004 50.312975 1.515843 61.032277 -3.508645 -33.890836 -51.329237 -6.076771 7.979072 9.192814 0 0 0 0 0 0.000008 0.000001 0 -9.530635 0.000001 0 -19.06128 0 0.000007 -28.591924 -0.000509 0.009528 -5.291568 -0.000299 0.007152 -3.968675 -0.000144 0.004772 -2.645783 -0.000045 0.002383 -1.322891 0 -0.013988 0 -95.634834 -39.273803 123.110359 54.504525 -71.631814 -70.974331 5.64377 0.040283 0.001985 -3.304534 -4.503258 142.263182 14.532904 19.105145 6.549858 -2.311969 -14.287035 -22.877687 38.620809 11.881602 -10.160917 22.99608 -4.182702 -6.311171 -1.77335 5.522883 0.040184 0 0 0 32.679888 0.262126 -9.489742 36.089206 3.781532 -3.055444 15.49844 9.354583 1.545461 0 0 0 25.080661 -5.61477 -14.347482 39.232838 -7.599338 -4.040189 -1.944163 1.550377 -3.981115 0 0 0 17.947499 -6.812231 12.20001 41.856094 1.741795 -2.941225 -5.852158 -2.19732 -1.719214 0 0 0 25.573081 44.865066 59.697004 1.903839 6.72858 52.735326 -8.806095 -8.591658 -30.033117 -6.076771 7.979072 9.192814 0 0 0 0 0 0.000008 0 0 7.502751 -0.000001 0 15.005491 -0.000001 0 22.508234 -0.006308 -0.036313 20.536414 -0.003515 -0.027487 15.402311 -0.001523 -0.018441 10.268207 -0.000348 -0.009255 5.134104 0 0 0 22.394707 -2.653016 -10.750719 -0.013898 0.001581 6.929531 0 0 0 -15.297291 3.935948 8.170189 135 -89.998853 135 0 0 0 0 0 0 90.000011 -63.648284 -90.000011 -5.682402 0 0 -28.319917 0 0 -16.252152 0 0 0 0 0 89.999999 -84.450026 179.999999 0 0 0 -90.000001 -84.450026 -0.000001 0 0 0 0 0 0
0 0 0 0 0 0 -0.000519 -0.05285300000000004 -0.005145 0.747268 -3.121049 1.956116 -94.398734 -0.740641 -94.403842 -0.878897 -0.011498 -12.330621 0 0 0 2.084451 -2.630187 1.95936 75.504886 -7.99203 9.33427 -0.15412 1.329521 -0.522786 12.502246 11.750515 -7.529553 0 0 0 0 0 0 0 0 0 0 0 0 -0.00004 -0.009245 0.501947 -0.000023 -0.006933 0.37646 -0.00001 -0.004621 0.250974 0.013985 -0.002417 0.722084 0 0 0 90.812366 5.564428 84.304579 10.111476 -1.059142 -8.432918 0 0 0 1.235052 0.425459 8.545972 75.690319 -9.031783 11.401313 -0.421239 2.455136 -0.80889 0.47422 11.291476 -3.441655 0 0 0 0 0 0 0 0 0 0 0 0 -0.000016 -0.005881 0.319365 -0.000009 -0.004416 0.239524 -0.000004 -0.00294 0.159683 -0.000001 -0.001472 0.079841 0 0 0 91.591497 6.421999 91.271102 16.511173 -2.461611 0.709361 -19.639113 -0.450315 2.682338 -0.472534 0.691941 0.343507 85.635314 -25.930776 140.328604 77.478191 -55.439083 -6.201279 0.130512 8.991639 0.014773 2.589068 -4.94875 78.270322 11.194012 4.493077 -0.193312 5.567135 -15.31543 -24.893182 32.913837 17.343705 -5.255157 25.442902 -1.873689 1.930715 -2.966555 5.204709 5.969228 -0.034264 0 0 32.414297 2.571043 8.607196 34.033681 15.990189 5.084201 10.094212 15.184016 5.486063 0 0 0 25.049995 -3.509858 -29.943979 34.327381 -14.743964 -10.919781 -0.402589 1.758401 -4.094763 0 0 0 18.197481 -5.412378 -3.432001 36.175618 -5.721759 -10.325451 -5.32344 -0.254006 -8.571173 -0.019782 0 0 25.573081 44.865066 59.697004 50.312973 1.515849 61.032253 -3.50864 -33.890835 -51.329242 -6.076771 7.979072 9.192814 0 0 0 0 0 0.000008 0.000001 0 -9.497516 0.000001 0 -18.99504 0 0.000007 -28.492564 -0.000492 0.009365 -5.200512 -0.00029 0.007029 -3.900384 -0.00014 0.00469 -2.600255 -0.000043 0.002342 -1.300127 0 -0.013988 0 -95.634842 -39.273803 123.110364 54.738433 -71.658434 -71.131971 5.693587 0.040644 0.002021 -3.301192 -4.505704 142.220656 14.503563 19.019386 6.501864 -2.311969 -14.287035 -22.877687 38.620812 11.881601 -9.847547 23.016859 -4.060228 -6.184711 -1.813474 5.509872 0.036356 0 0 0 32.498833 0.54591 -9.181 35.857313 3.737101 -3.038342 15.49168 9.138384 1.533085 0 0 0 24.872091 -5.292925 -14.327664 39.38557 -7.880386 -4.051375 -1.950127 1.542863 -4.202109 0 0 0 17.947494 -6.81223 12.200006 41.856094 1.741801 -2.941221 -5.852157 -2.19732 -1.719216 0 0 0 25.573081 44.865066 59.697004 1.903838 6.72858 52.735319 -8.806093 -8.59165 -30.033112 -6.076771 7.979072 9.192814 0 0 0 0 0 0.000008 0 0 7.491426 -0.000001 0 14.982842 -0.000001 0 22.47426 -0.006269 -0.036209 20.473719 -0.003493 -0.0274 15.355289 -0.001513 -0.018387 10.23686 -0.000346 -0.009228 5.118431 0 0 0 22.394706 -2.653015 -10.750722 -0.013898 0.001581 6.929523 0 0 0 -15.297291 3.935943 8.170178 135 -89.998853 135 0 0 0 0 0 0 90.000011 -63.648284 -90.000011 -5.682402 0 0 -28.319917 0 0 -16.252152 0 0 0 0 0 89.999999 -84.450026 179.999999 0 0 0 -90.000001 -84.450026 -0.000001 0 0 0 0 0 0
0 0 0 0 0 0 -0.000251 -0.05287799999999998 -0.004478 0.739329 -3.205733 1.941708 -94.388131 -0.702407 -94.410487 -0.878911 -0.011527 -12.330626 0 0 0 2.060452 -2.615575 1.880448 75.504886 -7.99203 9.33427 -0.15412 1.329521 -0.522786 12.502252 11.750498 -7.529553 0 0 0 0 0 0 0 0 0 0 0 0 -0.000041 -0.00932 0.505944 -0.000023 -0.006991 0.379458 -0.00001 -0.004662 0.252972 0.013985 -0.002434 0.723083 0 0 0 90.82945 5.505687 84.331796 10.066432 -1.054928 -8.432094 0 0 0 1.234542 0.41023 8.602279 75.690319 -9.031783 11.401313 -0.421239 2.455136 -0.80889 0.474206 11.291465 -3.441662 0 0 0 0 0 0 0 0 0 0 0 0 -0.000014 -0.005495 0.298183 -0.000008 -0.004122 0.223637 -0.000004 -0.002746 0.149092 -0.000001 -0.001376 0.074546 0 0 0 91.587209 6.428955 91.275142 16.527358 -2.43637 0.700189 -19.645169 -0.430822 2.670254 -0.548722 0.931032 0.201112 85.839478 -26.197427 140.067456 77.717061 -55.447515 -6.507304 0.130549 8.992887 0.014781 2.58253 -4.952159 78.346089 11.042243 4.678795 -0.148886 5.567135 -15.31543 -24.893182 32.834944 17.088007 -5.465712 25.442902 -1.873689 1.930714 -2.966554 5.204709 5.969228 -0.034264 0 0 32.409645 2.616578 8.411908 33.932875 16.026003 4.872271 10.300568 14.948057 5.44212 0 0 0 25.169111 -3.772893 -30.102494 34.328547 -14.44696 -10.92007 -0.390982 1.762604 -4.090638 0 0 0 18.201932 -5.382656 -3.546977 36.291636 -5.976927 -10.513452 -5.323441 -0.254006 -8.571172 -0.019782 0 0 25.573081 44.865066 59.697004 50.094248 1.478574 60.774028 -3.594833 -33.666411 -51.227203 -6.076771 7.979072 9.192814 0 0 0 0 0 0.000008 0.000001 0 -9.477364 0.000001 0 -18.954738 0 0.000007 -28.432111 -0.000478 0.009222 -5.118034 -0.000281 0.00692 -3.838525 -0.000136 0.004615 -2.559016 -0.000042 0.002308 -1.279507 0 -0.013988 0 -95.587691 -39.322677 123.120928 55.073355 -71.975039 -71.5963 5.735461 0.040937 0.002051 -3.287727 -4.51553 142.049432 14.433833 19.252977 6.565142 -2.311969 -14.287035 -22.877687 38.56225 11.590249 -10.071094 23.016857 -4.060228 -6.184708 -1.813473 5.509872 0.036356 0 0 0 32.625484 0.278784 -9.393555 35.857313 3.737101 -3.038342 15.491676 9.13838 1.533084 0 0 0 25.016958 -5.585869 -14.204214 39.417206 -7.690277 -4.000529 -1.95776 1.533174 -3.974096 0 0 0 17.938327 -6.855822 12.079084 42.057521 1.570468 -2.85547 -5.842952 -2.221757 -1.957998 0 0 0 25.573081 44.865066 59.697004 2.11143 6.559194 52.759518 -9.067194 -8.652522 -30.236863 -6.076771 7.979072 9.192814 0 0 0 0 0 0.000008 0 0 7.445832 -0.000001 0 14.891655 -0.000001 0 22.33748 -0.006118 -0.035791 20.228561 -0.003408 -0.027081 15.17142 -0.001476 -0.01817 10.11428 -0.000337 -0.009119 5.057141 0 0 0 22.420012 -2.620618 -10.504627 -0.013899 0.001577 6.899565 0 0 0 -15.257271 3.893262 8.143867 135 -89.998853 135 0 0 0 0 0 0 90.000011 -63.648284 -90.000011 -5.682402 0 0 -28.319917 0 0 -16.252152 0 0 0 0 0 89.999999 -84.450026 179.999999 0 0 0 -90.000001 -84.450026 -0.000001 0 0 0 0 0 0
0 0 0 0 0 0 -0.000016 -0.05288400000000004 -0.003804 0.74425 -3.26874 1.93654 -94.393112 -0.683973 -94.415698 -0.878914 -0.011527 -12.330623 0 0 0 2.045693 -2.607845 1.822776 75.504886 -7.99203 9.33427 -0.15412 1.329521 -0.522786 12.502263 11.750492 -7.52955 0 0 0 0 0 0 0 0 0 0 0 0 -0.000042 -0.009385 0.50958 -0.000023 -0.007042 0.382185 -0.00001 -0.004692 0.25479 0.013985 -0.002448 0.723992 0 0 0 90.839625 5.508776 84.389085 10.109156 -1.058909 -8.432878 0 0 0 1.198583 0.406399 8.606939 75.690319 -9.031783 11.401313 -0.421239 2.455136 -0.80889 0.474222 11.291476 -3.441658 0 0 0 0 0 0 0 0 0 0 0 0 -0.00001 -0.004665 0.253102 -0.000006 -0.003494 0.189827 -0.000003 -0.002333 0.126551 -0.000001 -0.001168 0.063276 0 0 0 91.58344 6.433674 91.280348 16.533521 -2.431816 0.6865 -19.648488 -0.427389 2.6558 -0.541826 0.936203 0.287261 85.839482 -26.197417 140.06746 77.912783 -55.45189 -6.758028 0.130549 8.992732 0.014781 2.57487 -4.956137 78.434805 11.00639 4.58824 -0.156699 5.567135 -15.31543 -24.893182 32.925187 17.361692 -5.439025 25.546828 -1.77609 1.810283 -2.842593 5.314978 6.016104 -0.034264 0 0 32.409666 2.616567 8.411914 33.932872 16.026002 4.872273 10.300571 14.948057 5.44212 0 0 0 25.084386 -3.491433 -30.097113 34.302428 -14.683123 -10.782468 -0.400316 1.76051 -4.094698 0 0 0 18.20195 -5.38266 -3.546968 36.291636 -5.976926 -10.513453 -5.323444 -0.254006 -8.571172 -0.019782 0 0 25.573081 44.865066 59.697004 50.094274 1.478587 60.774025 -3.594829 -33.66641 -51.227205 -6.076771 7.979072 9.192814 0 0 0 0 0 0.000008 0.000001 0 -9.453772 0.000001 0 -18.907553 0 0.000007 -28.361332 -0.000467 0.0091 -5.050973 -0.000275 0.006832 -3.78823 -0.000133 0.004554 -2.525486 -0.000041 0.002281 -1.262742 0 -0.013988 0 -95.587692 -39.322684 123.120932 55.226651 -71.968073 -71.631511 5.784631 0.041284 0.002087 -3.307215 -4.50129 142.297353 14.327177 19.255908 6.556915 -2.311969 -14.287035 -22.877687 38.585292 11.807161 -9.872127 23.048685 -3.864936 -6.168471 -1.85937 5.494593 0.03198 0 0 0 32.613437 0.509418 -9.190792 35.829908 4.028744 -3.006523 15.423564 9.254713 1.512291 0 0 0 25.038007 -5.396272 -14.123246 39.458796 -7.43261 -3.961832 -1.967211 1.521027 -3.974985 0 0 0 17.969224 -6.707462 12.359015 42.043065 1.990023 -2.74592 -5.820478 -2.280168 -1.736876 0 0 0 25.573081 44.865066 59.697004 1.90382 6.728614 52.545685 -8.83435 -8.562561 -30.211969 -6.076771 7.979072 9.192814 0 0 0 0 0 0.000008 0 0 7.511849 -0.000001 0 15.023689 -0.000001 0 22.53553 -0.006089 -0.035713 20.180318 -0.003391 -0.027021 15.135238 -0.001468 -0.018123 10.090158 -0.000335 -0.009092 5.04508 0 0 0 22.420016 -2.620607 -10.504631 -0.013899 0.001577 6.899565 0 0 0 -15.257269 3.893259 8.143869 135 -89.998853 135 0 0 0 0 0 0 90.000011 -63.648284 -90.000011 -5.682402 0 0 -28.319917 0 0 -16.252152 0 0 0 0 0 89.999999 -84.450026 179.999999 0 0 0 -90.000001 -84.450026 -0.000001 0 0 0 0 0 0
0 0 0 0 0 0 0.000019 -0.05292600000000003 -0.003528 0.758846 -3.314326 1.9422 -94.408446 -0.68242 -94.418533 -0.878902 -0.011484 -12.330616 0 0 0 2.036508 -2.603477 1.78123 75.504886 -7.99203 9.33427 -0.15412 1.329521 -0.522786 12.502245 11.750487 -7.529553 0 0 0 0 0 0 0 0 0 0 0 0 -0.000042 -0.009432 0.511955 -0.000024 -0.007076 0.383966 -0.000011 -0.004713 0.255978 0.013985 -0.002462 0.724585 0 0 0 90.836981 5.581185 84.707799 10.23903 -1.025219 -8.430766 0 0 0 1.137635 0.420081 8.333029 75.690319 -9.031783 11.401313 -0.421239 2.455136 -0.80889 0.474209 11.291465 -3.441652 0 0 0 0 0 0 0 0 0 0 0 0 0 0 -0.000004 0 0 -0.000003 0 0 -0.000002 0 0 -0.000001 0 0 0 91.581165 6.434728 91.283247 16.524518 -2.442661 0.672594 -19.648914 -0.435551 2.64272 -0.538041 0.953747 0.353825 85.83949 -26.197421 140.067452 78.051205 -55.44713 -6.927757 0.130453 8.987752 0.014771 2.570087 -4.958613 78.490189 10.983254 4.521844 -0.162969 5.567135 -15.31543 -24.893182 32.92521 17.361733 -5.184921 25.553636 -1.666583 1.958511 -2.8775 5.296256 5.977227 -0.034264 0 0 32.409659 2.616576 8.661765 33.873066 16.16543 5.091575 10.185877 15.025353 5.505299 0 0 0 25.08439 -3.491417 -30.097131 34.302422 -14.683126 -10.782466 -0.400316 1.76051 -4.094701 0 0 0 18.201954 -5.382653 -3.546988 36.182641 -5.66214 -10.502454 -5.323725 -0.261876 -8.540269 -0.019782 0 0 25.573081 44.865066 59.697004 50.094252 1.478599 60.774006 -3.59483 -33.666411 -51.227199 -6.076771 7.979072 9.192814 0 0 0 0 0 0.000008 0.000001 0 -9.439045 0.000001 0 -18.878098 0 0.000007 -28.317152 -0.000459 0.009018 -5.006149 -0.00027 0.00677 -3.754612 -0.000131 0.004513 -2.503074 -0.000041 0.00226 -1.251536 0 -0.013988 0 -95.587692 -39.322676 123.120941 55.271054 -71.95467 -71.554599 5.830413 0.041624 0.00212 -3.298125 -4.507947 142.18163 14.356677 19.205303 6.5343 -2.311969 -14.287035 -22.877687 38.585273 11.807161 -9.872143 23.048674 -3.864934 -6.168466 -1.85937 5.494593 0.031979 0 0 0 32.61342 0.509406 -9.190807 35.871358 3.677046 -3.003738 15.483102 9.166864 1.618428 0 0 0 25.037991 -5.396285 -14.123261 39.229297 -7.642677 -3.931728 -1.945465 1.565109 -3.987517 0 0 0 17.96921 -6.707472 12.359003 41.859626 1.711269 -2.75184 -5.854785 -2.189519 -1.755279 0 0 0 25.573081 44.865066 59.697004 1.903819 6.728584 52.545687 -8.834353 -8.562568 -30.211967 -6.076771 7.979072 9.192814 0 0 0 0 0 0.000008 0 0 7.481034 -0.000001 0 14.96206 -0.000001 0 22.443085 -0.006064 -0.035641 20.139142 -0.003377 -0.026967 15.104356 -0.001462 -0.018089 10.06957 -0.000333 -0.009078 5.034786 0 0 0 22.420019 -2.62062 -10.504632 -0.013898 0.001589 6.944017 0 0 0 -15.220212 4.143276 8.131867 135 -89.998853 135 0 0 0 0 0 0 90.000011 -63.648284 -90.000011 -5.682402 0 0 -28.319917 0 0 -16.252152 0 0 0 0 0 89.999999 -84.450026 179.999999 0 0 0 -90.000001 -84.450026 -0.000001 0 0 0 0 0 0
0 0 0 0 0 0 -0.000062 -0.05303800000000003 -0.003537 0.77792 -3.351202 1.95149 -94.4252 -0.689836 -94.416707 -0.878914 -0.0115 -12.330624 0 0 0 2.033486 -2.598071 1.744166 75.504886 -7.99203 9.33427 -0.15412 1.329521 -0.522786 12.502242 11.750497 -7.529555 0 0 0 0 0 0 0 0 0 0 0 0 -0.000042 -0.009408 0.510906 -0.000024 -0.007059 0.38318 -0.00001 -0.004703 0.255453 0.013985 -0.002459 0.724323 0 0 0 90.833775 5.67592 84.708341 10.389595 -1.058021 -8.435418 0 0 0 1.091341 0.34767 8.112785 75.690319 -9.031783 11.401313 -0.421239 2.455136 -0.80889 0.632379 11.339259 -3.3317 0 0 0 0 0 0 0 0 0 0 0 0 0 0 -0.000011 0 0 -0.000009 0 0 -0.000006 0 0 -0.000003 0 0 0 91.581795 6.427753 91.285053 16.506787 -2.457704 0.661738 -19.64582 -0.4474 2.633273 -0.540674 0.968743 0.405984 85.839478 -26.197421 140.067456 78.13021 -55.44296 -7.017031 0.130342 8.984337 0.014752 2.569804 -4.958762 78.493411 10.921639 4.744467 -0.12451 5.567135 -15.31543 -24.893182 32.816003 17.158762 -5.368703 25.553636 -1.666583 1.958511 -2.8775 5.296256 5.977227 -0.034264 0 0 32.398585 2.723391 8.493159 33.924243 15.910411 4.913271 10.185879 15.025359 5.505297 0 0 0 25.143288 -3.722739 -29.916414 34.402809 -14.232904 -10.687592 -0.376699 1.817925 -4.09366 0 0 0 18.212267 -5.312911 -3.651643 36.231678 -5.919001 -10.328864 -5.322027 -0.29566 -8.602961 -0.019782 0 0 25.573081 44.865066 59.697004 50.255715 1.47265 61.030694 -3.279693 -33.694834 -51.464964 -6.076771 7.979072 9.192814 0 0 0 0 0 0.000008 0.000001 0 -9.438186 0.000001 0 -18.876381 0 0.000007 -28.314574 -0.000455 0.008977 -4.982868 -0.000268 0.006736 -3.73715 -0.00013 0.004493 -2.491433 -0.00004 0.002247 -1.245716 0 -0.013988 0 -95.587695 -39.32268 123.120926 55.208104 -71.931198 -71.387346 5.850493 0.04176 0.002133 -3.318984 -4.492626 142.447472 14.266558 19.283 6.563642 -2.311969 -14.287035 -22.877687 38.609006 12.043124 -9.897372 23.067126 -3.746923 -6.446335 -1.859369 5.494593 0.031979 0 0 0 32.6182 0.491581 -9.226742 35.891106 4.061276 -3.07772 15.4831 9.166864 1.618429 0 0 0 25.059643 -5.190017 -14.15163 39.26256 -7.437417 -4.185185 -1.945468 1.565108 -3.987516 0 0 0 18.001767 -6.545971 12.339751 41.851124 1.949654 -3.018091 -5.854786 -2.189519 -1.755278 0 0 0 25.573081 44.865066 59.697004 1.903817 6.728606 52.735337 -8.806091 -8.591653 -30.033149 -6.076771 7.979072 9.192814 0 0 0 0 0 0.000008 0 0 7.551824 -0.000001 0 15.10364 -0.000001 0 22.655458 -0.00605 -0.035602 20.117123 -0.003369 -0.026934 15.087841 -0.001459 -0.018069 10.058561 -0.000333 -0.009065 5.029281 0 0 0 22.420004 -2.620615 -10.50463 -0.013898 0.001589 6.944024 0 0 0 -15.220202 4.143277 8.131877 135 -89.998853 135 0 0 0 0 0 0 90.000011 -63.648284 -90.000011 -5.682402 0 0 -28.319917 0 0 -16.252152 0 0 0 0 0 89.999999 -84.450026 179.999999 0 0 0 -90.000001 -84.450026 -0.000001 0 0 0 0 0 0
0 0 0 0 0 0 -0.000358 -0.05312899999999998 -0.003227 0.793631 -3.388974 1.964997 -94.437865 -0.685573 -94.415649 -0.878911 -0.011492 -12.330615 0 0 0 2.015531 -2.587425 1.707288 75.504886 -7.99203 9.33427 -0.15412 1.329521 -0.522786 12.462591 11.728512 -7.81923 0 0 0 0 0 0 0 0 0 0 0 0 -0.000042 -0.009398 0.510067 -0.000024 -0.007049 0.38255 -0.00001 -0.004699 0.255034 0.013985 -0.002455 0.724114 0 0 0 90.832996 5.748209 84.708827 10.51729 -1.08649 -8.439492 0 0 0 1.021619 0.361493 8.150303 75.690319 -9.031783 11.401313 -0.421239 2.455136 -0.80889 0.63238 11.339252 -3.3317 0 0 0 0 0 0 0 0 0 0 0 0 0 0 0.000001 0 0 0.000001 0 0 0.000001 0 0 0 0 0 0 91.58166 6.415853 91.288502 16.491207 -2.469399 0.654344 -19.636597 -0.457603 2.627422 -0.493171 0.969082 0.164229 85.636737 -26.062683 140.371974 77.839493 -55.147621 -6.454046 0.130288 8.982394 0.014738 2.592559 -4.946923 78.229895 10.943468 4.688604 -0.139438 5.567135 -15.31543 -24.893182 32.799269 16.990924 -5.137616 25.553639 -1.666583 1.958507 -2.877505 5.296256 5.977226 -0.034264 0 0 32.416857 2.545792 8.722572 33.850894 16.210067 4.892954 10.367177 15.010014 5.477087 0 0 0 25.134439 -3.869909 -29.940451 34.345047 -14.387817 -10.709444 -0.368602 1.819583 -4.09432 0 0 0 18.195009 -5.428852 -3.384729 36.231688 -5.919 -10.328865 -5.322029 -0.29566 -8.60296 -0.019782 0 0 25.573081 44.865066 59.697004 50.094289 1.478603 61.192403 -3.31649 -33.691638 -51.31395 -6.076771 7.979072 9.192814 0 0 0 0 0 0.000008 0.000001 0 -9.508267 0.000001 0 -19.016542 0 0.000007 -28.524816 -0.000483 0.00927 -5.144129 -0.000284 0.006954 -3.858096 -0.000137 0.004636 -2.572064 -0.000043 0.002322 -1.286031 0 -0.013988 0 -95.870752 -39.398719 123.16777 54.642814 -71.979775 -71.151803 5.854171 0.041787 0.002138 -3.311703 -4.497991 142.354579 14.30295 19.30704 6.576328 -2.311969 -14.287035 -22.877687 38.609031 12.043118 -9.897355 23.022582 -4.131658 -6.443271 -1.729081 5.536297 0.024345 0 0 0 32.618218 0.491584 -9.226723 35.871171 3.677945 -3.079065 15.481428 9.172477 1.712308 0 0 0 25.022828 -5.516053 -14.148178 39.234899 -7.574004 -3.973828 -1.945087 1.560598 -4.003789 0 0 0 18.00279 -6.880849 12.339653 41.847398 1.816134 -2.797822 -5.854387 -2.190818 -1.795619 0 0 0 25.573081 44.865066 59.697004 1.903825 6.728625 52.735335 -8.806093 -8.591653 -30.033145 -6.076771 7.979072 9.192814 0 0 0 0 0 0.000008 0 0 7.527087 -0.000001 0 15.054166 -0.000001 0 22.581246 -0.006118 -0.035791 20.227115 -0.003407 -0.027081 15.170335 -0.001475 -0.018164 10.113558 -0.000336 -0.009112 5.056779 0 0 0 22.399985 -2.944268 -10.622723 -0.013896 0.001606 7.025529 0 0 0 -15.176805 4.445104 8.154003 135 -89.998853 135 0 0 0 0 0 0 90.000011 -63.648284 -90.000011 -5.682402 0 0 -28.319917 0 0 -16.252152 0 0 0 0 0 89.999999 -84.450026 179.999999 0 0 0 -90.000001 -84.450026 -0.000001 0 0 0 0 0 0
0 0 0 0 0 0 -0.000881 -0.053200000000000025 -0.00258 0.80184 -3.429078 1.973335 -94.444643 -0.661901 -94.417225 -0.878905 -0.011519 -12.330621 0 0 0 1.983716 -2.574195 1.67017 75.504886 -7.99203 9.33427 -0.15412 1.329521 -0.522786 12.46259 11.728528 -7.819223 0 0 0 0 0 0 0 0 0 0 0 0 -0.000042 -0.009405 0.510651 -0.000024 -0.007052 0.382988 -0.00001 -0.004703 0.255326 0.013985 -0.002459 0.72426 0 0 0 90.838998 5.789435 84.709498 10.611723 -1.106749 -8.442474 0 0 0 0.959007 0.368728 8.189482 75.690319 -9.031783 11.401313 -0.421239 2.455136 -0.80889 0.632367 11.339241 -3.331713 0 0 0 0 0 0 0 0 0 0 0 0 0 0 -0.000003 0 0 -0.000002 0 0 -0.000001 0 0 -0.000001 0 0 0 91.579737 6.406793 91.293535 16.480456 -2.475948 0.649273 -19.621736 -0.46482 2.623767 -0.515519 0.981764 0.205663 85.483372 -25.965475 140.181478 77.466999 -55.35379 -6.074177 0.130134 8.976536 0.014716 2.591482 -4.947488 78.242357 10.951939 4.69929 -0.138552 5.567135 -15.31543 -24.893182 32.864636 17.259232 -5.118423 25.527906 -1.626919 1.844104 -2.84256 5.315817 5.998572 -0.034264 0 0 32.416848 2.545802 8.72255 33.850894 16.210067 4.892955 10.367177 15.010014 5.477087 0 0 0 25.090696 -3.609443 -29.937616 34.288935 -14.592223 -10.853557 -0.368595 1.819583 -4.094318 0 0 0 18.195007 -5.428848 -3.384753 36.231685 -5.919 -10.328865 -5.322028 -0.29566 -8.602961 -0.019782 0 0 25.573081 44.865066 59.697004 50.094271 1.478604 61.192385 -3.316492 -33.691639 -51.313949 -6.076771 7.979072 9.192814 0 0 0 0 0 0.000008 0.000001 0 -9.504953 0.000001 0 -19.009915 0 0.000007 -28.514877 -0.0005 0.00944 -5.239891 -0.000294 0.007084 -3.929918 -0.000142 0.004724 -2.619945 -0.000044 0.002363 -1.309971 0 -0.013988 0 -95.870756 -39.398706 123.167766 54.512645 -71.967078 -70.960479 5.853002 0.04178 0.002137 -3.32469 -4.488411 142.52033 14.245638 19.38942 6.608685 -2.311969 -14.287035 -22.877687 38.632187 11.85395 -10.102994 23.06447 -3.823099 -6.311705 -1.729082 5.536294 0.024347 0 0 0 32.609272 0.650782 -9.430642 35.871165 3.677945 -3.079065 15.48143 9.172477 1.712308 0 0 0 25.037199 -5.385159 -14.372326 39.234908 -7.574 -3.973829 -1.945086 1.560594 -4.003789 0 0 0 18.02431 -6.778191 12.100503 41.847405 1.816134 -2.797823 -5.854387 -2.190818 -1.795619 0 0 0 25.573081 44.865066 59.697004 1.689395 6.661176 52.579702 -8.80609 -8.591667 -30.033148 -6.076771 7.979072 9.192814 0 0 0 0 0 0.000008 0 0 7.571227 -0.000001 0 15.142445 -0.000001 0 22.713664 -0.006111 -0.035772 20.214796 -0.003404 -0.027067 15.161097 -0.001474 -0.018157 10.107397 -0.000336 -0.009112 5.0537 0 0 0 22.399981 -2.944268 -10.622706 -0.013896 0.001606 7.02552 0 0 0 -15.176797 4.445102 8.153995 135 -89.998853 135 0 0 0 0 0 0 90.000011 -63.648284 -90.000011 -5.682402 0 0 -28.319917 0 0 -16.252152 0 0 0 0 0 89.999999 -84.450026 179.999999 0 0 0 -90.000001 -84.450026 -0.000001 0 0 0 0 0 0
0 0 0 0 0 0 -0.001238 -0.05320899999999995 -0.00187 0.805709 -3.463789 1.9693 -94.44483 -0.633745 -94.421045 -0.878911 -0.011492 -12.330615 0 0 0 1.960382 -2.561536 1.639458 75.504886 -7.99203 9.33427 -0.15412 1.329521 -0.522786 12.462597 11.728519 -7.819225 0 0 0 0 0 0 0 0 0 0 0 0 -0.000042 -0.009449 0.512814 -0.000024 -0.007083 0.38461 -0.000011 -0.004726 0.256407 0.013985 -0.002465 0.7248 0 0 0 90.848066 5.801336 84.710127 10.683297 -1.121329 -8.444663 0 0 0 0.902264 0.372882 8.222946 75.690319 -9.031783 11.401313 -0.421239 2.455136 -0.80889 0.632386 11.339259 -3.331715 0 0 0 0 0 0 0 0 0 0 0 0 0 0 -0.000003 0 0 -0.000003 0 0 -0.000002 0 0 -0.000001 0 0 0 91.577926 6.402881 91.297367 16.471093 -2.4779 0.645894 -19.604218 -0.468994 2.621442 -0.524163 0.991384 0.241402 85.483369 -25.965469 140.18147 77.448664 -55.341498 -6.058177 0.130047 8.974251 0.014707 2.591523 -4.947467 78.24187 10.964485 4.706117 -0.13886 5.567135 -15.31543 -24.893182 32.864651 17.259233 -5.118401 25.527906 -1.626912 1.844103 -2.842562 5.315817 5.99857 -0.034264 0 0 32.416858 2.545807 8.72257 33.850894 16.210067 4.892954 10.367177 15.010014 5.477087 0 0 0 25.090698 -3.609439 -29.937597 34.28893 -14.592219 -10.853556 -0.368596 1.81958 -4.094319 0 0 0 18.195011 -5.428838 -3.384735 36.184015 -5.650255 -10.324111 -5.32309 -0.248941 -8.577522 -0.019782 0 0 25.573081 44.865066 59.697004 50.094279 1.478608 61.192399 -3.31649 -33.691643 -51.313952 -6.076771 7.979072 9.192814 0 0 0 0 0 0.000008 0.000001 0 -9.505083 0.000001 0 -19.010172 0 0.000007 -28.515264 -0.0005 0.009447 -5.244366 -0.000294 0.007091 -3.933274 -0.000142 0.004731 -2.622182 -0.000044 0.002363 -1.31109 0 -0.013988 0 -95.870761 -39.39871 123.167766 54.42647 -71.964322 -70.818106 5.853364 0.04178 0.002136 -3.319876 -4.491971 142.458821 14.254933 19.407994 6.613943 -2.311969 -14.287035 -22.877687 38.632196 11.853967 -10.102978 23.064473 -3.823099 -6.311706 -1.729083 5.536297 0.024346 0 0 0 32.632252 0.364719 -9.430424 35.90648 3.90963 -2.911053 15.481428 9.172476 1.712309 0 0 0 25.03719 -5.385139 -14.372311 39.234902 -7.574001 -3.973827 -1.945083 1.560594 -4.003789 0 0 0 18.024298 -6.778174 12.100515 41.847402 1.816134 -2.797822 -5.854388 -2.190811 -1.79562 0 0 0 25.573081 44.865066 59.697004 1.68938 6.661183 52.579713 -8.80609 -8.591657 -30.03315 -6.076771 7.979072 9.192814 0 0 0 0 0 0.000008 0 0 7.554846 -0.000001 0 15.109684 -0.000001 0 22.664523 -0.006097 -0.035732 20.19451 -0.003397 -0.027041 15.145883 -0.00147 -0.018137 10.097256 -0.000335 -0.009099 5.048628 0 0 0 22.399973 -2.944274 -10.622713 -0.013894 0.001617 7.064694 0 0 0 -15.143874 4.666673 8.143685 135 -89.998853 135 0 0 0 0 0 0 90.000011 -63.648284 -90.000011 -5.682402 0 0 -28.319917 0 0 -16.252152 0 0 0 0 0 89.999999 -84.450026 179.999999 0 0 0 -90.000001 -84.450026 -0.000001 0 0 0 0 0 0
0 0 0 0 0 0 -0.001319 -0.05321200000000004 -0.00133 0.808162 -3.494411 1.95557 -94.440133 -0.60372 -94.426448 -0.878909 -0.011506 -12.330627 0 0 0 1.945681 -2.548073 1.613582 75.504886 -7.99203 9.33427 -0.15412 1.329521 -0.522786 12.462588 11.728502 -7.819238 0 0 0 0 0 0 0 0 0 0 0 0 -0.000043 -0.009508 0.516134 -0.000024 -0.007131 0.387101 -0.000011 -0.004757 0.258067 0.013985 -0.002479 0.72563 0 0 0 90.860942 5.803925 84.710903 10.748536 -1.13578 -8.446811 0 0 0 0.851715 0.374142 8.251887 75.690319 -9.031783 11.401313 -0.421239 2.455136 -0.80889 0.632364 11.339255 -3.331709 0 0 0 0 0 0 0 0 0 0 0 0 0 0 -0.000002 0 0 -0.000002 0 0 -0.000001 0 0 -0.000001 0 0 0 91.576258 6.402526 91.29888 16.466415 -2.477803 0.643822 -19.587509 -0.470213 2.620219 -0.523283 0.997391 0.273733 85.483378 -25.965467 140.181463 77.439009 -55.334291 -6.072758 0.130324 8.983524 0.014756 2.589529 -4.948509 78.264985 10.982688 4.710787 -0.139636 5.567135 -15.31543 -24.893182 32.864637 17.259216 -5.118405 25.527899 -1.626919 1.844104 -2.842562 5.315813 5.99857 -0.034264 0 0 32.416847 2.545784 8.722565 33.850904 16.210067 4.892955 10.367175 15.010011 5.477087 0 0 0 25.090693 -3.609465 -29.9376 34.288935 -14.592223 -10.853557 -0.368595 1.819583 -4.094318 0 0 0 18.195005 -5.428865 -3.384734 36.184009 -5.650249 -10.324107 -5.323091 -0.248942 -8.577524 -0.019782 0 0 25.573081 44.865066 59.697004 50.094299 1.478599 61.192389 -3.316482 -33.691644 -51.313962 -6.076771 7.979072 9.192814 0 0 0 0 0 0.000008 0.000001 0 -9.498934 0.000001 0 -18.997875 0 0.000007 -28.496817 -0.0005 0.00944 -5.23992 -0.000294 0.007084 -3.929939 -0.000142 0.004724 -2.619959 -0.000044 0.002363 -1.309979 0 -0.013988 0 -95.87076 -39.398713 123.16778 54.37343 -71.971223 -70.72211 5.864973 0.041855 0.002145 -3.316346 -4.494575 142.413762 14.26013 19.415159 6.614607 -2.311969 -14.287035 -22.877687 38.632211 11.853977 -10.10299 23.06447 -3.823099 -6.311707 -1.72908 5.536294 0.024345 0 0 0 32.632269 0.364733 -9.43044 35.906476 3.90963 -2.911054 15.481428 9.172483 1.71231 0 0 0 25.037209 -5.385126 -14.37233 39.234901 -7.573997 -3.973827 -1.945083 1.560594 -4.003789 0 0 0 18.024318 -6.778163 12.100497 41.847402 1.816134 -2.797822 -5.854388 -2.190818 -1.795619 0 0 0 25.573081 44.865066 59.697004 1.68937 6.661196 52.579695 -8.806091 -8.591653 -30.033146 -6.076771 7.979072 9.192814 0 0 0 0 0 0.000008 0 0 7.542848 -0.000001 0 15.085687 -0.000001 0 22.628527 -0.006083 -0.035693 20.170366 -0.003388 -0.027007 15.127774 -0.001467 -0.018116 10.085182 -0.000335 -0.009092 5.042592 0 0 0 22.399981 -2.944275 -10.62272 -0.013898 0.001591 6.956089 0 0 0 -15.417511 4.698831 7.987216 135 -89.998853 135 0 0 0 0 0 0 90.000011 -63.648284 -90.000011 -5.682402 0 0 -28.319917 0 0 -16.252152 0 0 0 0 0 89.999999 -84.450026 179.999999 0 0 0 -90.000001 -84.450026 -0.000001 0 0 0 0 0 0
0 0 0 0 0 0 -0.00166 -0.05318400000000001 -0.001109 0.810938 -3.528744 1.938355 -94.435183 -0.571196 -94.433563 -0.878898 -0.011512 -12.33062 0 0 0 1.931887 -2.534141 1.585449 75.504886 -7.99203 9.33427 -0.15412 1.329521 -0.522786 12.46259 11.728525 -7.819233 0 0 0 0 0 0 0 0 0 0 0 0 -0.000044 -0.009593 0.520737 -0.000024 -0.007192 0.390553 -0.000011 -0.004798 0.260368 0.013985 -0.002503 0.726781 0 0 0 90.878448 5.818239 84.71205 10.828474 -1.154809 -8.44959 0 0 0 0.800872 0.373302 8.283956 75.690319 -9.031783 11.401313 -0.421239 2.455136 -0.80889 0.376692 11.279669 -3.335395 0 0 0 0 0 0 0 0 0 0 0 0 0 0 0 0 0 0 0 0 0 0 0 0 0 0 0 91.575468 6.40416 91.302978 16.471005 -2.479712 0.642685 -19.577155 -0.469289 2.619832 -0.519739 1.00211 0.304733 85.483369 -25.965483 140.181483 77.449315 -55.326073 -6.132299 0.13076 9.000026 0.014816 2.585053 -4.950844 78.316864 11.006352 4.707243 -0.141632 5.567135 -15.31543 -24.893182 32.864644 17.259201 -5.118404 25.527901 -1.626919 1.844104 -2.84256 5.315817 5.998569 -0.034264 0 0 32.416863 2.545778 8.722569 33.850915 16.21009 5.126612 10.305417 15.051893 5.560422 0 0 0 25.090706 -3.609466 -29.937595 34.377873 -14.305256 -10.875738 -0.380515 1.802916 -4.088591 0 0 0 18.195016 -5.428866 -3.384729 36.184018 -5.650255 -10.32411 -5.32309 -0.248941 -8.577522 -0.019782 0 0 25.573081 44.865066 59.697004 50.094301 1.478601 61.192392 -3.316489 -33.691638 -51.313947 -6.076771 7.979072 9.192814 0 0 0 0 0 0.000008 0.000001 0 -9.485138 0.000001 0 -18.970284 0 0.000007 -28.455431 -0.000496 0.009406 -5.222816 -0.000292 0.007063 -3.917111 -0.000141 0.004711 -2.611407 -0.000044 0.002356 -1.305703 0 -0.013988 0 -95.870745 -39.398696 123.167745 54.340109 -71.987726 -70.671389 5.878514 0.041964 0.002157 -3.314972 -4.495585 142.396264 14.257295 19.420722 6.614637 -2.311969 -14.287035 -22.877687 38.632191 11.853948 -10.103006 23.064473 -3.823099 -6.311705 -1.729084 5.536294 0.024346 0 0 0 32.632268 0.364708 -9.430454 35.906485 3.909631 -2.911055 15.481427 9.172483 1.712308 0 0 0 25.037209 -5.385162 -14.372341 39.234901 -7.573998 -3.973826 -1.945087 1.560598 -4.003789 0 0 0 18.024316 -6.778196 12.100488 41.847405 1.816134 -2.797822 -5.854385 -2.190818 -1.79562 0 0 0 25.573081 44.865066 59.697004 1.689384 6.661173 52.579689 -8.806092 -8.591657 -30.033149 -6.076771 7.979072 9.192814 0 0 0 0 0 0.000008 0 0 7.538188 -0.000001 0 15.076369 -0.000001 0 22.614549 -0.006069 -0.035654 20.148067 -0.00338 -0.026974 15.11105 -0.001463 -0.018096 10.074033 -0.000334 -0.009078 5.037017 0 0 0 22.399975 -2.944267 -10.622692 -0.013898 0.001591 6.956103 0 0 0 -15.417514 4.698829 7.987225 135 -89.998853 135 0 0 0 0 0 0 90.000011 -63.648284 -90.000011 -5.682402 0 0 -28.319917 0 0 -16.252152 0 0 0 0 0 89.999999 -84.450026 179.999999 0 0 0 -90.000001 -84.450026 -0.000001 0 0 0 0 0 0
0 0 0 0 0 0 -0.00224 -0.053198999999999996 -0.001206 0.81758 -3.567919 1.925662 -94.43559 -0.547307 -94.446029 -0.878908 -0.011492 -12.330619 0 0 0 1.921023 -2.522582 1.558291 75.504886 -7.99203 9.33427 -0.15412 1.329521 -0.522786 12.462591 11.728519 -7.819231 0 0 0 0 0 0 0 0 0 0 0 0 -0.000045 -0.00976 0.529931 -0.000025 -0.007319 0.397448 -0.000011 -0.004884 0.264965 0.013985 -0.002548 0.729079 0 0 0 90.893086 5.85458 84.713218 10.935533 -1.180699 -8.453395 0 0 0 0.740721 0.377555 8.321208 75.690319 -9.031783 11.401313 -0.421239 2.455136 -0.80889 0.37668 11.279665 -3.335388 0 0 0 0 0 0 0 0 0 0 0 0 0 0 -0.000005 0 0 -0.000004 0 0 -0.000002 0 0 -0.000001 0 0 0 91.57602 6.407294 91.309089 16.482006 -2.484302 0.642849 -19.574668 -0.467085 2.620671 -0.517625 1.002689 0.335744 85.48337 -25.965476 140.181471 77.496392 -55.325495 -6.244064 0.131276 9.021247 0.014892 2.603997 -4.940925 78.097123 11.044413 4.633606 -0.160162 5.567135 -15.31543 -24.893182 32.847811 17.08661 -5.329144 25.515823 -1.81984 1.962985 -2.816077 5.329816 5.982901 -0.034264 0 0 32.265933 2.597857 8.546618 33.913342 16.070095 5.014109 10.368362 15.008588 5.7502 0 0 0 25.082135 -3.760369 -29.680437 34.377879 -14.305255 -10.875737 -0.380519 1.802915 -4.088592 0 0 0 18.176765 -5.547811 -3.423124 36.158623 -5.834743 -10.07055 -5.323086 -0.248941 -8.577521 -0.019782 0 0 25.573081 44.865066 59.697004 50.324604 1.397042 61.032481 -3.540139 -33.67152 -51.322886 -6.076771 7.979072 9.192814 0 0 0 0 0 0.000008 0.000001 0 -9.543576 0.000001 0 -19.087161 0 0.000007 -28.630746 -0.000491 0.009352 -5.191264 -0.000289 0.007016 -3.893448 -0.00014 0.004684 -2.595631 -0.000043 0.002342 -1.297815 0 -0.013988 0 -95.870764 -39.398706 123.167771 54.30154 -72.010234 -70.633017 5.888491 0.042032 0.00216 -3.314972 -4.495585 142.396264 14.248305 19.432841 6.617158 -2.311969 -14.287035 -22.877687 38.632174 11.853955 -10.102981 23.064475 -3.823099 -6.311705 -1.72908 5.536297 0.024347 0 0 0 32.632245 0.364706 -9.430429 35.906473 3.90963 -2.911053 15.481428 9.172477 1.712308 0 0 0 25.037185 -5.385159 -14.372317 39.234908 -7.574 -3.973828 -1.945086 1.560594 -4.003788 0 0 0 18.024294 -6.778191 12.100512 41.847405 1.816134 -2.797821 -5.854387 -2.190818 -1.795619 0 0 0 25.573081 44.865066 59.697004 1.689393 6.661169 52.579717 -8.806092 -8.591663 -30.033144 -6.076771 7.979072 9.192814 0 0 0 0 0 0.000008 0 0 7.538187 -0.000001 0 15.076366 -0.000001 0 22.614547 -0.006057 -0.035621 20.127938 -0.003374 -0.026954 15.095952 -0.00146 -0.018076 10.063968 -0.000333 -0.009071 5.031985 0 0 0 22.442681 -3.209472 -10.705885 -0.013896 0.001605 7.021666 0 0 0 -15.409789 4.979179 7.993859 135 -89.998853 135 0 0 0 0 0 0 90.000011 -63.648284 -90.000011 -5.682402 0 0 -28.319917 0 0 -16.252152 0 0 0 0 0 89.999999 -84.450026 179.999999 0 0 0 -90.000001 -84.450026 -0.000001 0 0 0 0 0 0
0 0 0 0 0 0 -0.002209 -0.05321600000000004 -0.001289 0.828756 -3.613491 1.92079 -94.441295 -0.538804 -94.455404 -0.878906 -0.011506 -12.330617 0 0 0 1.916875 -2.513378 1.522399 75.504886 -7.99203 9.33427 -0.15412 1.329521 -0.522786 12.462596 11.728529 -7.819225 0 0 0 0 0 0 0 0 0 0 0 0 -0.000046 -0.009893 0.537193 -0.000026 -0.007421 0.402895 -0.000012 -0.004945 0.268597 0.013985 -0.002582 0.730895 0 0 0 90.896971 5.909498 85.015941 11.071264 -1.148837 -8.451434 0 0 0 0.667754 0.391507 8.063147 75.690319 -9.031783 11.401313 -0.421239 2.455136 -0.80889 0.376679 11.279668 -3.335398 0 0 0 0 0 0 0 0 0 0 0 0 -0.000009 0.004419 -0.239985 -0.000005 0.003313 -0.179989 -0.000002 0.00221 -0.119993 -0.000001 0.001106 -0.059996 0 0 0 91.578356 6.411402 91.314922 16.494572 -2.490479 0.643775 -19.578521 -0.464322 2.622086 -0.517456 0.998166 0.372356 85.483379 -25.965475 140.181476 77.569476 -55.341367 -6.396916 0.131887 9.043562 0.014993 2.596021 -4.945112 78.18969 11.041409 4.60802 -0.161879 5.567135 -15.31543 -24.893182 32.742179 17.363974 -5.360418 25.541536 -1.733871 1.84157 -2.842551 5.315249 5.99121 -0.034264 0 0 32.265925 2.597846 8.546647 33.913342 16.070094 5.01411 10.368362 15.008588 5.750198 0 0 0 25.082123 -3.760378 -29.680406 34.377879 -14.305254 -10.875739 -0.380514 1.802909 -4.088591 0 0 0 18.015433 -5.334038 -3.407779 36.172625 -5.747228 -10.188036 -5.323037 -0.246284 -8.550181 -0.019782 0 0 25.573081 44.865066 59.697004 50.324623 1.397035 61.032497 -3.540131 -33.671517 -51.322889 -6.076771 7.979072 9.192814 0 0 0 0 0 0.000008 0.000001 0 -9.518959 0.000001 0 -19.037926 0 0.000007 -28.556893 -0.000483 0.009277 -5.148129 -0.000284 0.006961 -3.861096 -0.000138 0.004643 -2.574064 -0.000043 0.002322 -1.287031 0 -0.013988 0 -95.870741 -39.398707 123.167758 54.274069 -72.022141 -70.598407 5.891227 0.042046 0.002163 -3.314436 -4.495983 142.389391 14.241781 19.442339 6.6187 -2.311969 -14.287035 -22.877687 38.632193 11.85396 -10.102968 23.064472 -3.823103 -6.311704 -1.72908 5.536294 0.024345 0 0 0 32.632253 0.36471 -9.430416 35.906479 3.909631 -2.911054 15.481427 9.172483 1.712308 0 0 0 25.037192 -5.385151 -14.372304 39.234901 -7.573998 -3.973826 -1.945082 1.560594 -4.003789 0 0 0 18.024299 -6.778176 12.100525 41.847417 1.816134 -2.797821 -5.854389 -2.190811 -1.795619 0 0 0 25.573081 44.865066 59.697004 1.689396 6.661191 52.579727 -8.806094 -8.591658 -30.033149 -6.076771 7.979072 9.192814 0 0 0 0 0 0.000008 0 0 7.536358 -0.000001 0 15.072708 -0.000001 0 22.609058 -0.006049 -0.035602 20.114268 -0.003369 -0.026934 15.0857 -0.001458 -0.018062 10.057134 -0.000332 -0.009065 5.028568 0 0 0 22.44269 -3.209468 -10.705883 -0.013896 0.001605 7.021673 0 0 0 -15.409778 4.979179 7.993864 135 -89.998853 135 0 0 0 0 0 0 90.000011 -63.648284 -90.000011 -5.682402 0 0 -28.319917 0 0 -16.252152 0 0 0 0 0 89.999999 -84.450026 179.999999 0 0 0 -90.000001 -84.450026 -0.000001 0 0 0 0 0 0
0 0 0 0 0 0 -0.002475 -0.053271999999999986 -0.000797 0.840076 -3.661809 1.921835 -94.44764 -0.537819 -94.461152 -0.878899 -0.011505 -12.330619 0 0 0 1.914173 -2.504885 1.480575 75.504886 -7.99203 9.33427 -0.15412 1.329521 -0.522786 12.462577 11.728507 -7.819232 0 0 0 0 0 0 0 0 0 0 0 0 -0.000047 -0.009982 0.541806 -0.000027 -0.007486 0.406355 -0.000012 -0.004993 0.270903 0.013985 -0.002603 0.732048 0 0 0 90.903303 5.965992 85.116501 11.213983 -1.162129 -8.454312 0 0 0 0.61693 0.548041 7.967152 75.690319 -9.031783 11.401313 -0.421239 2.455136 -0.80889 0.364147 11.203987 -3.466336 0 0 0 0 0 0 0 0 0 0 0 0 -0.000016 0.005881 -0.319177 -0.000009 0.004409 -0.239382 -0.000004 0.002937 -0.159588 -0.000001 0.001472 -0.079794 0 0 0 91.583406 6.413134 91.320983 16.509219 -2.497434 0.64422 -19.584356 -0.461989 2.623001 -0.407491 0.981975 0.168908 85.452507 -25.863405 140.250775 77.655365 -55.23711 -6.215923 0.132509 9.066241 0.015086 2.601393 -4.942291 78.127401 11.048496 4.560416 -0.170658 5.567135 -15.31543 -24.893182 32.733652 17.272787 -5.234436 25.541534 -1.733871 1.841571 -2.842551 5.315249 5.99121 -0.034264 0 0 32.275704 2.501497 8.671663 33.913346 16.070094 5.014111 10.368359 15.008588 5.750199 0 0 0 24.887532 -3.590149 -29.887546 34.317724 -14.477927 -10.73631 -0.381607 1.799115 -4.087111 0 0 0 18.00605 -5.396653 -3.262364 36.172625 -5.747228 -10.188036 -5.323033 -0.246284 -8.55018 -0.019782 0 0 25.573081 44.865066 59.697004 50.094284 1.478593 61.116987 -3.366707 -33.687234 -51.27644 -6.076771 7.979072 9.192814 0 0 0 0 0 0.000008 0.000001 0 -9.535526 0.000001 0 -19.071059 0 0.000007 -28.606593 -0.000494 0.009379 -5.206743 -0.00029 0.007036 -3.905057 -0.00014 0.004697 -2.603371 -0.000043 0.002349 -1.301684 0 -0.013988 0 -96.031149 -39.622557 123.371523 54.694901 -71.983719 -71.478736 5.888625 0.042032 0.002164 -3.313629 -4.496576 142.379116 14.241355 19.458398 6.624465 -2.311969 -14.287035 -22.877687 38.63218 11.853952 -10.103014 23.064474 -3.823092 -6.311704 -1.729082 5.536294 0.024345 0 0 0 32.63226 0.364703 -9.430462 35.906485 3.909625 -2.911056 15.481428 9.172477 1.712308 0 0 0 25.037204 -5.385161 -14.372348 39.234905 -7.574 -3.973829 -1.945082 1.560594 -4.003789 0 0 0 18.024313 -6.778198 12.100482 41.847398 1.816134 -2.797822 -5.854387 -2.190818 -1.795619 0 0 0 25.573081 44.865066 59.697004 1.689384 6.661158 52.579683 -8.80609 -8.591667 -30.033148 -6.076771 7.979072 9.192814 0 0 0 0 0 0.000008 0 0 7.533622 -0.000001 0 15.067236 -0.000001 0 22.600849 -0.006188 -0.035987 20.342063 -0.003448 -0.027234 15.256548 -0.001493 -0.018265 10.171032 -0.000341 -0.009167 5.085516 0 0 0 22.311571 -3.294446 -10.475018 -0.013895 0.001617 7.060025 0 0 0 -15.37832 5.194916 7.984055 135 -89.998853 135 0 0 0 0 0 0 90.000011 -63.648284 -90.000011 -5.682402 0 0 -28.319917 0 0 -16.252152 0 0 0 0 0 89.999999 -84.450026 179.999999 0 0 0 -90.000001 -84.450026 -0.000001 0 0 0 0 0 0
0 0 0 0 0 0 -0.002475 -0.05334700000000003 -0.000207 0.849163 -3.704347 1.925829 -94.454425 -0.536643 -94.467497 -0.878907 -0.011499 -12.330622 0 0 0 1.907932 -2.498458 1.445254 75.504886 -7.99203 9.33427 -0.15412 1.329521 -0.522786 12.462582 11.728512 -7.819236 0 0 0 0 0 0 0 0 0 0 0 0 -0.000048 -0.010074 0.546893 -0.000027 -0.007554 0.41017 -0.000012 -0.005037 0.273446 0.013985 -0.002627 0.73332 0 0 0 90.906712 6.021874 85.216465 11.34895 -1.174707 -8.457062 0 0 0 0.79255 0.490557 7.865396 75.690319 -9.031783 11.401313 -0.421239 2.455136 -0.80889 0.416151 11.237185 -3.444292 0 0 0 0 0 0 0 0 0 0 0 0 -0.000025 0.007329 -0.398015 -0.000014 0.005498 -0.298511 -0.000006 0.003668 -0.199008 -0.000002 0.00183 -0.099504 0 0 0 91.588929 6.411882 91.326682 16.525564 -2.503847 0.643488 -19.587474 -0.46052 2.622959 -0.425814 0.976397 0.205278 85.452517 -25.863406 140.250778 77.692698 -55.250451 -6.328954 0.133015 9.085851 0.015163 2.598143 -4.943999 78.165092 10.791918 4.634236 -0.132942 5.567135 -15.31543 -24.893182 32.909779 17.085365 -5.304631 25.541534 -1.733864 1.84157 -2.842551 5.315249 5.991209 -0.034264 0 0 32.535808 2.429871 8.607233 33.804508 16.313045 4.983746 10.482449 14.779509 5.706605 0 0 0 25.153876 -3.669455 -29.942287 34.317737 -14.477933 -10.736314 -0.381603 1.799115 -4.087114 0 0 0 18.273189 -5.481933 -3.3073 36.172625 -5.747229 -10.188035 -5.323033 -0.246284 -8.55018 -0.019782 0 0 25.573081 44.865066 59.697004 50.094255 1.47863 61.036225 -3.489494 -33.4544 -51.293199 -6.076771 7.979072 9.192814 0 0 0 0 0 0.000008 0.000001 0 -9.525501 0.000001 0 -19.051009 0 0.000007 -28.576518 -0.000488 0.009318 -5.174216 -0.000287 0.006995 -3.880662 -0.000139 0.004663 -2.587107 -0.000043 0.002336 -1.293553 0 -0.013988 0 -96.031133 -39.622551 123.371524 54.608168 -71.984191 -71.387707 5.891811 0.042059 0.002164 -3.312473 -4.497426 142.364375 14.255571 19.478717 6.635895 -2.311969 -14.287035 -22.877687 38.632199 11.853967 -10.102975 23.064471 -3.823093 -6.311703 -1.729083 5.536294 0.024346 0 0 0 32.632262 0.364721 -9.430425 35.876829 3.65318 -2.913009 15.488016 9.150324 1.773692 0 0 0 25.037199 -5.385134 -14.372313 39.234905 -7.574001 -3.973827 -1.945083 1.560594 -4.003789 0 0 0 18.024308 -6.778171 12.100513 41.847405 1.816134 -2.797823 -5.854388 -2.190811 -1.79562 0 0 0 25.573081 44.865066 59.697004 1.689382 6.66119 52.57971 -8.806091 -8.591663 -30.033147 -6.076771 7.979072 9.192814 0 0 0 0 0 0.000008 0 0 7.529697 -0.000001 0 15.059386 -0.000001 0 22.589074 -0.006188 -0.035987 20.341466 -0.003446 -0.027227 15.256099 -0.001493 -0.018265 10.170733 -0.000341 -0.009167 5.085367 0 0 0 22.311581 -3.294449 -10.475017 -0.013898 0.001588 6.938262 0 0 0 -15.097956 5.145279 7.847043 135 -89.998853 135 0 0 0 0 0 0 90.000011 -63.648284 -90.000011 -5.682402 0 0 -28.319917 0 0 -16.252152 0 0 0 0 0 89.999999 -84.450026 179.999999 0 0 0 -90.000001 -84.450026 -0.000001 0 0 0 0 0 0
0 0 0 0 0 0 -0.002464 -0.05341700000000005 0.000163 0.858205 -3.740582 1.929595 -94.462963 -0.528333 -94.475514 -0.878903 -0.011505 -12.330613 0 0 0 1.894659 -2.492189 1.417925 75.504886 -7.99203 9.33427 -0.15412 1.329521 -0.522786 12.462593 11.728516 -7.819232 0 0 0 0 0 0 0 0 0 0 0 0 -0.000049 -0.010187 0.553101 -0.000028 -0.00764 0.414826 -0.000012 -0.005092 0.276551 0.013985 -0.002651 0.734872 0 0 0 90.91205 6.074277 85.303006 11.463245 -1.185365 -8.459423 0 0 0 0.727827 0.505848 7.815327 75.690319 -9.031783 11.401313 -0.421239 2.455136 -0.80889 0.41616 11.237195 -3.444278 0 0 0 0 0 0 0 0 0 0 0 0 -0.000035 0.008585 -0.466104 -0.00002 0.006437 -0.349578 -0.000009 0.004296 -0.233052 -0.000002 0.002148 -0.116526 0 0 0 91.592665 6.411467 91.330974 16.540472 -2.508126 0.642535 -19.587306 -0.458819 2.622635 -0.444909 0.969725 0.23779 85.452503 -25.863396 140.250776 77.71136 -55.263443 -6.404621 0.133503 9.103014 0.015249 2.592944 -4.946722 78.225411 10.795141 4.633422 -0.132334 5.567135 -15.31543 -24.893182 32.909755 17.085358 -5.30466 25.541534 -1.733864 1.84157 -2.842551 5.315249 5.991209 -0.034264 0 0 32.371911 2.669366 8.599916 33.967773 16.136779 4.860451 10.339247 15.040372 5.669765 0 0 0 25.153861 -3.669479 -29.942308 34.317729 -14.47793 -10.736312 -0.381607 1.799115 -4.087112 0 0 0 18.273175 -5.481957 -3.307321 36.172625 -5.747228 -10.188036 -5.323038 -0.246284 -8.550182 -0.019782 0 0 25.573081 44.865066 59.697004 50.094263 1.478607 61.036195 -3.489496 -33.4544 -51.293198 -6.076771 7.979072 9.192814 0 0 0 0 0 0.000008 0.000001 0 -9.509459 0.000001 0 -19.018928 0 0.000007 -28.528394 -0.000484 0.009284 -5.1522 -0.000285 0.006968 -3.864149 -0.000138 0.004649 -2.576099 -0.000043 0.002322 -1.288049 0 -0.013988 0 -96.03114 -39.622565 123.371515 54.520869 -71.975393 -71.291453 5.904895 0.042155 0.002174 -3.310643 -4.498771 142.34106 14.286161 19.489204 6.64716 -2.311969 -14.287035 -22.877687 38.632218 11.853956 -10.10299 23.021523 -4.102029 -6.308736 -1.729063 5.536327 0.009095 0 0 0 32.632283 0.364725 -9.430435 35.876819 3.653179 -2.913008 15.488014 9.15032 1.773691 0 0 0 25.037223 -5.385135 -14.372325 39.212109 -7.846251 -3.970769 -1.944475 1.554048 -4.014056 0 0 0 18.02433 -6.778175 12.100501 41.878166 1.548503 -2.796919 -5.853535 -2.192985 -1.823725 0 0 0 25.573081 44.865066 59.697004 1.68938 6.661198 52.579686 -8.806092 -8.591657 -30.033149 -6.076771 7.979072 9.192814 0 0 0 0 0 0.000008 0 0 7.523488 -0.000001 0 15.046968 -0.000001 0 22.570447 -0.006191 -0.035993 20.347515 -0.003449 -0.027241 15.260637 -0.001494 -0.018272 10.173758 -0.000341 -0.009167 5.08688 0 0 0 22.350482 -3.540128 -10.55224 -0.013896 0.001603 6.999303 0 0 0 -15.090612 5.404848 7.854653 135 -89.998853 135 0 0 0 0 0 0 90.000011 -63.648284 -90.000011 -5.682402 0 0 -28.319917 0 0 -16.252152 0 0 0 0 0 89.999999 -84.450026 179.999999 0 0 0 -90.000001 -84.450026 -0.000001 0 0 0 0 0 0
0 0 0 0 0 0 -0.002502 -0.05349899999999996 0.000171 0.867697 -3.774004 1.932937 -94.472534 -0.510981 -94.484122 -0.878916 -0.011507 -12.330622 0 0 0 1.872971 -2.48416 1.394043 75.504886 -7.99203 9.33427 -0.15412 1.329521 -0.522786 12.462595 11.728512 -7.81923 0 0 0 0 0 0 0 0 0 0 0 0 -0.00005 -0.010303 0.559507 -0.000028 -0.007728 0.41963 -0.000013 -0.00515 0.279753 0.013985 -0.002682 0.736473 0 0 0 90.921488 6.113428 85.375399 11.550331 -1.193481 -8.461222 0 0 0 0.675587 0.510708 7.775694 75.690319 -9.031783 11.401313 -0.421239 2.455136 -0.80889 0.416154 11.237185 -3.444278 0 0 0 0 0 0 0 0 0 0 0 0 -0.000044 0.009634 -0.522841 -0.000025 0.007226 -0.392131 -0.000011 0.004819 -0.26142 -0.000003 0.002411 -0.13071 0 0 0 91.593735 6.417129 91.332531 16.554027 -2.510251 0.641068 -19.584376 -0.456686 2.621629 -0.459091 0.963321 0.272074 85.452504 -25.863402 140.25076 77.74414 -55.280667 -6.491627 0.133882 9.118321 0.015311 2.587783 -4.949419 78.285245 10.790103 4.626624 -0.131752 5.567135 -15.31543 -24.893182 32.848543 17.35473 -5.322809 25.533716 -1.672186 1.724966 -2.842633 5.315315 6.001253 -0.034264 0 0 32.371927 2.669403 8.599921 33.967792 16.136804 5.083113 10.280287 15.0802 5.442909 0 0 0 25.153878 -3.669439 -29.942308 34.317733 -14.47793 -10.736312 -0.381606 1.799115 -4.087109 0 0 0 18.273192 -5.481918 -3.307326 36.172625 -5.747228 -10.188036 -5.323033 -0.246284 -8.55018 -0.019782 0 0 25.573081 44.865066 59.697004 50.094232 1.478633 61.036212 -3.489495 -33.4544 -51.293205 -6.076771 7.979072 9.192814 0 0 0 0 0 0.000008 0.000001 0 -9.493547 0.000001 0 -18.987102 0 0.000007 -28.480657 -0.00048 0.009236 -5.127237 -0.000282 0.006934 -3.845427 -0.000136 0.004622 -2.563617 -0.000042 0.002315 -1.281808 0 -0.013988 0 -96.031157 -39.622557 123.371538 54.468376 -71.969093 -71.221493 5.918576 0.042243 0.002185 -3.308589 -4.50028 142.314874 14.308769 19.490952 6.652182 -2.311969 -14.287035 -22.877687 38.632203 11.853966 -10.102972 23.021523 -4.102029 -6.308737 -1.729065 5.53633 0.009096 0 0 0 32.632255 0.364718 -9.430417 35.876826 3.65318 -2.913009 15.488015 9.15032 1.77369 0 0 0 25.037191 -5.385147 -14.372306 39.212112 -7.846251 -3.97077 -1.944475 1.554048 -4.014056 0 0 0 18.0243 -6.778175 12.100521 41.878157 1.548503 -2.79692 -5.853534 -2.192984 -1.823723 0 0 0 25.573081 44.865066 59.697004 1.689391 6.661193 52.57972 -8.806091 -8.591663 -30.033147 -6.076771 7.979072 9.192814 0 0 0 0 0 0.000008 0 0 7.516515 -0.000001 0 15.033021 -0.000001 0 22.549529 -0.006191 -0.035993 20.346804 -0.003449 -0.027241 15.260102 -0.001494 -0.018272 10.173401 -0.000341 -0.009167 5.086701 0 0 0 22.350478 -3.540152 -10.552243 -0.013896 0.001603 6.999294 0 0 0 -15.090613 5.404856 7.854641 135 -89.998853 135 0 0 0 0 0 0 90.000011 -63.648284 -90.000011 -5.682402 0 0 -28.319917 0 0 -16.252152 0 0 0 0 0 89.999999 -84.450026 179.999999 0 0 0 -90.000001 -84.450026 -0.000001 0 0 0 0 0 0
0 0 0 0 0 0 -0.002709 -0.05356300000000003 -0.00004 0.872255 -3.806802 1.929305 -94.479798 -0.494041 -94.492283 -0.8789 -0.011498 -12.330622 0 0 0 1.857902 -2.480888 1.369516 75.504886 -7.99203 9.33427 -0.15412 1.329521 -0.522786 12.462593 11.728524 -7.81922 0 0 0 0 0 0 0 0 0 0 0 0 -0.000051 -0.010419 0.565546 -0.000029 -0.00781 0.424159 -0.000013 -0.005211 0.282773 0.013985 -0.002713 0.737983 0 0 0 90.932998 6.138215 85.435433 11.622939 -1.200232 -8.462748 0 0 0 0.630765 0.514045 7.747844 75.690319 -9.031783 11.401313 -0.421239 2.455136 -0.80889 0.416145 11.237185 -3.444282 0 0 0 0 0 0 0 0 0 0 0 0 -0.000052 0.010498 -0.569756 -0.000029 0.007872 -0.427317 -0.000013 0.005246 -0.284878 -0.000003 0.002626 -0.142439 0 0 0 91.593287 6.425428 91.333194 16.569758 -2.51043 0.638999 -19.57946 -0.453687 2.619954 -0.467961 0.961389 0.307702 85.452498 -25.863405 140.250787 77.802169 -55.295496 -6.611915 0.134189 9.12977 0.015349 2.603634 -4.941113 78.101383 10.79898 4.561468 -0.145155 5.567135 -15.31543 -24.893182 32.834285 17.204207 -5.115646 25.533724 -1.672187 1.724967 -2.842633 5.315315 6.001255 -0.034264 0 0 32.388144 2.510351 8.805522 33.967788 16.136802 5.08311 10.28029 15.0802 5.44291 0 0 0 25.146199 -3.801381 -29.718058 34.404045 -14.229239 -10.757702 -0.378191 1.812372 -4.081447 0 0 0 18.121301 -5.349987 -3.414006 36.1672 -5.792877 -10.321281 -5.323395 -0.254143 -8.603426 -0.019782 0 0 25.573081 44.865066 59.697004 50.295224 1.407511 61.189935 -3.48625 -33.832699 -51.295002 -6.076771 7.979072 9.192814 0 0 0 0 0 0.000008 0.000001 0 -9.542444 0.000001 0 -19.084895 0 0.000007 -28.627347 -0.000474 0.009175 -5.093423 -0.000279 0.006886 -3.820067 -0.000135 0.004595 -2.546711 -0.000042 0.002295 -1.273354 0 -0.013988 0 -96.031137 -39.622553 123.371508 54.461093 -71.965369 -71.180856 5.913616 0.042202 0.002181 -3.326453 -4.487106 142.542856 14.217492 19.552961 6.671693 -2.311969 -14.287035 -22.877687 38.648493 12.016297 -9.904846 23.048845 -3.936729 -6.208692 -1.776451 5.521349 0.039882 0 0 0 32.623034 0.537085 -9.248781 35.855332 3.888877 -3.23973 15.488013 9.150314 1.77369 0 0 0 25.052168 -5.243404 -14.166024 39.259142 -7.562386 -3.991659 -1.953389 1.542826 -3.97554 0 0 0 18.0471 -6.666956 12.323297 41.867461 1.869902 -2.783052 -5.839219 -2.230937 -1.736191 0 0 0 25.573081 44.865066 59.697004 1.903838 6.728581 52.735374 -8.806123 -8.59168 -30.256222 -6.076771 7.979072 9.192814 0 0 0 0 0 0.000008 0 0 7.577225 -0.000001 0 15.154441 -0.000001 0 22.731659 -0.006184 -0.035974 20.33586 -0.003445 -0.02722 15.251895 -0.001492 -0.018265 10.16793 -0.000341 -0.009167 5.083966 0 0 0 22.350478 -3.540131 -10.552229 -0.013896 0.001603 6.99929 0 0 0 -15.09062 5.404832 7.854636 135 -89.998853 135 0 0 0 0 0 0 90.000011 -63.648284 -90.000011 -5.682402 0 0 -28.319917 0 0 -16.252152 0 0 0 0 0 89.999999 -84.450026 179.999999 0 0 0 -90.000001 -84.450026 -0.000001 0 0 0 0 0 0
0 0 0 0 0 0 -0.002911 -0.053647 -0.000214 0.872552 -3.835583 1.912183 -94.483208 -0.475665 -94.497453 -0.878894 -0.011491 -12.330622 0 0 0 1.854786 -2.481723 1.344667 75.504886 -7.99203 9.33427 -0.15412 1.329521 -0.522786 12.462589 11.728514 -7.819222 0 0 0 0 0 0 0 0 0 0 0 0 -0.000052 -0.010484 0.569115 -0.000029 -0.007865 0.426836 -0.000013 -0.005242 0.284558 0.013985 -0.00273 0.738875 0 0 0 90.944988 6.149974 85.493893 11.696306 -1.20706 -8.464298 0 0 0 0.58677 0.521357 7.717886 75.690319 -9.031783 11.401313 -0.421239 2.455136 -0.80889 0.416156 11.237199 -3.444286 0 0 0 0 0 0 0 0 0 0 0 0 -0.000061 0.011338 -0.615491 -0.000034 0.0085 -0.461618 -0.000015 0.005666 -0.307746 -0.000004 0.002835 -0.153873 0 0 0 91.593047 6.429326 91.335851 16.587863 -2.508814 0.638102 -19.573864 -0.449025 2.619404 -0.47064 0.959641 0.335118 85.452504 -25.863417 140.250786 77.859957 -55.307328 -6.717642 0.134492 9.141484 0.015404 2.598627 -4.943744 78.159487 10.790879 4.540233 -0.14637 5.567135 -15.31543 -24.893182 32.834272 17.204224 -5.115661 25.533715 -1.672187 1.724969 -2.842632 5.315315 6.001254 -0.034264 0 0 32.388133 2.510364 8.805506 33.783017 16.360493 5.031403 10.46673 14.876402 5.404298 0 0 0 25.011678 -3.538919 -29.709461 34.433127 -14.472162 -10.92951 -0.378192 1.812376 -4.081446 0 0 0 18.121293 -5.349974 -3.414023 36.167203 -5.792876 -10.321281 -5.323391 -0.254143 -8.603426 -0.019782 0 0 25.573081 44.865066 59.697004 50.295206 1.407509 61.189931 -3.48625 -33.832704 -51.295003 -6.076771 7.979072 9.192814 0 0 0 0 0 0.000008 0.000001 0 -9.526992 0.000001 0 -19.053992 0 0.000007 -28.580991 -0.000469 0.00912 -5.064037 -0.000276 0.006845 -3.798027 -0.000134 0.004568 -2.532018 -0.000042 0.002281 -1.266008 0 -0.013988 0 -96.031129 -39.622543 123.371509 54.51094 -71.953771 -71.190656 5.905142 0.042148 0.002175 -3.323987 -4.48893 142.511362 14.210775 19.539237 6.661196 -2.311969 -14.287035 -22.877687 38.648528 12.016293 -9.904862 23.048837 -3.93673 -6.208689 -1.776452 5.521349 0.039884 0 0 0 32.623071 0.537093 -9.248796 35.855332 3.888877 -3.239731 15.488017 9.150316 1.512896 0 0 0 25.052204 -5.243396 -14.16604 39.259138 -7.562386 -3.991659 -1.953389 1.542826 -3.97554 0 0 0 18.047136 -6.66695 12.32328 41.867464 1.869903 -2.783053 -5.839223 -2.230937 -1.736192 0 0 0 25.573081 44.865066 59.697004 1.903828 6.728593 52.73534 -8.806124 -8.59167 -30.256223 -6.076771 7.979072 9.192814 0 0 0 0 0 0.000008 0 0 7.568839 -0.000001 0 15.13767 -0.000001 0 22.7065 -0.006179 -0.035961 20.328298 -0.003442 -0.027214 15.246224 -0.001491 -0.018258 10.164148 -0.00034 -0.00916 5.082075 0 0 0 22.350485 -3.540128 -10.552217 -0.0139 0.001566 6.869401 0 0 0 -14.887406 5.366229 7.702419 135 -89.998853 135 0 0 0 0 0 0 90.000011 -63.648284 -90.000011 -5.682402 0 0 -28.319917 0 0 -16.252152 0 0 0 0 0 89.999999 -84.450026 179.999999 0 0 0 -90.000001 -84.450026 -0.000001 0 0 0 0 0 0
0 0 0 0 0 0 -0.002936 -0.053728 -0.000107 0.871504 -3.861897 1.892437 -94.481342 -0.445794 -94.503298 -0.8789 -0.011498 -12.330619 0 0 0 1.844442 -2.476402 1.322803 75.504886 -7.99203 9.33427 -0.15412 1.329521 -0.522786 12.462602 11.728516 -7.81923 0 0 0 0 0 0 0 0 0 0 0 0 -0.000053 -0.010549 0.572816 -0.00003 -0.007913 0.429612 -0.000013 -0.005273 0.286408 0.013984 -0.002744 0.739801 0 0 0 90.956984 6.156222 85.546887 11.769117 -1.213854 -8.46583 0 0 0 0.540715 0.529726 7.690935 75.690319 -9.031783 11.401313 -0.421239 2.455136 -0.80889 0.416151 11.237195 -3.444286 0 0 0 0 0 0 0 0 0 0 0 0 -0.000069 0.012103 -0.656932 -0.000039 0.009077 -0.492699 -0.000017 0.006048 -0.328466 -0.000004 0.003026 -0.164233 0 0 0 91.5941 6.431102 91.34038 16.605579 -2.505795 0.638557 -19.567966 -0.443302 2.62006 -0.472423 0.954724 0.356253 85.452517 -25.863397 140.25077 77.913947 -55.323429 -6.797928 0.134914 9.157685 0.015468 2.595533 -4.945368 78.195354 10.782926 4.518072 -0.148115 5.567135 -15.31543 -24.893182 32.834295 17.20421 -5.115662 25.533668 -1.672232 1.987033 -2.866906 5.302314 5.738384 -0.034264 0 0 32.281552 2.765904 8.8006 33.888991 16.164262 4.894372 10.46673 14.876401 5.4043 0 0 0 25.011702 -3.538923 -29.709464 34.433131 -14.472161 -10.929512 -0.37819 1.812376 -4.081446 0 0 0 18.121316 -5.349977 -3.414026 36.167203 -5.792876 -10.32128 -5.323391 -0.254143 -8.603427 -0.019782 0 0 25.573081 44.865066 59.697004 50.295215 1.407527 61.189932 -3.486249 -33.832708 -51.294997 -6.076771 7.979072 9.192814 0 0 0 0 0 0.000008 0.000001 0 -9.517453 0.000001 0 -19.034914 0 0.000007 -28.552375 -0.000465 0.009086 -5.041974 -0.000274 0.006818 -3.78148 -0.000133 0.004547 -2.520986 -0.000041 0.002274 -1.260492 0 -0.013988 0 -95.891929 -39.715755 123.49921 55.298872 -71.84307 -72.009408 5.915947 0.042223 0.00218 -3.322392 -4.490112 142.490954 14.219826 19.506812 6.64834 -2.311969 -14.287035 -22.877687 38.648478 12.016289 -9.904848 23.048843 -3.936729 -6.208692 -1.77645 5.521349 0.039883 0 0 0 32.623029 0.537072 -9.248786 35.855335 3.888877 -3.239731 15.488017 9.150316 1.512896 0 0 0 25.052163 -5.243418 -14.166026 39.259129 -7.562379 -3.991656 -1.953389 1.542826 -3.97554 0 0 0 18.047095 -6.666969 12.323297 41.867464 1.869903 -2.783053 -5.83922 -2.23093 -1.736192 0 0 0 25.573081 44.865066 59.697004 1.90384 6.728564 52.73538 -8.806122 -8.59168 -30.256222 -6.076771 7.979072 9.192814 0 0 0 0 0 0.000008 0 0 7.563403 -0.000001 0 15.126798 -0.000001 0 22.690191 -0.006241 -0.03613 20.428347 -0.003478 -0.027347 15.321261 -0.001506 -0.018346 10.214173 -0.000344 -0.009208 5.107087 0 0 0 22.35049 -3.540137 -10.552241 -0.0139 0.001566 6.86941 0 0 0 -14.887414 5.366235 7.702428 135 -89.998853 135 0 0 0 0 0 0 90.000011 -63.648284 -90.000011 -5.682402 0 0 -28.319917 0 0 -16.252152 0 0 0 0 0 89.999999 -84.450026 179.999999 0 0 0 -90.000001 -84.450026 -0.000001 0 0 0 0 0 0
0 0 0 0 0 0 -0.002728 -0.05378000000000005 0.000011 0.868524 -3.887405 1.873193 -94.478212 -0.409784 -94.512794 -0.878903 -0.011498 -12.330616 0 0 0 1.82756 -2.469955 1.305407 75.504886 -7.99203 9.33427 -0.15412 1.329521 -0.522786 12.462581 11.728518 -7.819229 0 0 0 0 0 0 0 0 0 0 0 0 -0.000054 -0.010669 0.579219 -0.00003 -0.008002 0.434414 -0.000013 -0.005338 0.28961 0.013984 -0.002775 0.741401 0 0 0 90.970817 6.157243 85.58496 11.828245 -1.219341 -8.46708 0 0 0 0.501972 0.533153 7.677782 75.690319 -9.031783 11.401313 -0.421239 2.455136 -0.80889 0.416152 11.237195 -3.444275 0 0 0 0 0 0 0 0 0 0 0 0 -0.000076 0.012642 -0.686471 -0.000043 0.009487 -0.514853 -0.000019 0.006321 -0.343235 -0.000005 0.003162 -0.171618 0 0 0 91.594309 6.437776 91.345062 16.623606 -2.500879 0.63809 -19.559488 -0.437571 2.61973 -0.472703 0.951228 0.378687 85.452518 -25.863412 140.250779 77.97294 -55.33062 -6.87819 0.135243 9.169701 0.015519 2.592784 -4.946805 78.227277 10.778209 4.49085 -0.150999 5.567135 -15.31543 -24.893182 32.862079 17.509322 -5.107407 25.527355 -1.622782 1.85587 -2.842574 5.31583 5.759556 -0.034264 0 0 32.281536 2.765909 8.800597 33.888992 16.164262 4.894373 10.271551 15.113647 5.353801 0 0 0 25.011689 -3.538922 -29.709467 34.411837 -14.206491 -10.924227 -0.380697 1.802646 -4.078836 0 0 0 18.121304 -5.349977 -3.414029 36.1672 -5.792877 -10.32128 -5.32339 -0.254143 -8.603427 -0.019782 0 0 25.573081 44.865066 59.697004 50.295207 1.407522 61.18992 -3.486247 -33.832698 -51.295003 -6.076771 7.979072 9.192814 0 0 0 0 0 0.000008 0.000001 0 -9.508963 0.000001 0 -19.017936 0 0.000007 -28.526909 -0.000461 0.009045 -5.020314 -0.000272 0.006791 -3.765235 -0.000132 0.004527 -2.510157 -0.000041 0.002267 -1.255077 0 -0.013988 0 -95.891916 -39.715741 123.499202 55.355372 -71.835831 -72.048113 5.935143 0.042365 0.002196 -3.321256 -4.49095 142.476468 14.231544 19.476607 6.637701 -2.311969 -14.287035 -22.877687 38.648513 12.016297 -9.904877 23.048842 -3.936729 -6.208692 -1.776451 5.521349 0.039885 0 0 0 32.62306 0.537096 -9.248811 35.855338 3.888877 -3.239731 15.488015 9.150316 1.512894 0 0 0 25.052199 -5.243397 -14.166055 39.259134 -7.562383 -3.991658 -1.953389 1.542823 -3.97554 0 0 0 18.047131 -6.666954 12.323266 41.867467 1.869903 -2.783054 -5.83922 -2.230937 -1.736193 0 0 0 25.573081 44.865066 59.697004 1.903821 6.728573 52.735337 -8.806123 -8.59168 -30.256222 -6.076771 7.979072 9.192814 0 0 0 0 0 0.000008 0 0 7.559546 -0.000001 0 15.119084 -0.000001 0 22.678621 -0.00624 -0.03613 20.425986 -0.003476 -0.02734 15.319489 -0.001506 -0.018346 10.212993 -0.000344 -0.009208 5.106497 0 0 0 22.350494 -3.540136 -10.552226 -0.0139 0.001566 6.869408 0 0 0 -14.88741 5.366233 7.702421 135 -89.998853 135 0 0 0 0 0 0 90.000011 -63.648284 -90.000011 -5.682402 0 0 -28.319917 0 0 -16.252152 0 0 0 0 0 89.999999 -84.450026 179.999999 0 0 0 -90.000001 -84.450026 -0.000001 0 0 0 0 0 0
0 0 0 0 0 0 -0.002721 -0.053849000000000036 0.000044 0.863277 -3.90763 1.850614 -94.474726 -0.380105 -94.520356 -0.878903 -0.011498 -12.330616 0 0 0 1.81974 -2.468464 1.290889 75.504886 -7.99203 9.33427 -0.15412 1.329521 -0.522786 12.462588 11.728504 -7.819231 0 0 0 0 0 0 0 0 0 0 0 0 -0.000055 -0.010764 0.584277 -0.000031 -0.00807 0.438208 -0.000014 -0.005379 0.292139 0.013984 -0.002799 0.742666 0 0 0 90.989532 6.150974 85.615109 11.872271 -1.223432 -8.468024 0 0 0 0.473407 0.530401 7.666825 75.690319 -9.031783 11.401313 -0.421239 2.455136 -0.80889 0.373694 11.203093 -3.721655 0 0 0 0 0 0 0 0 0 0 0 0 -0.000081 0.013073 -0.709539 -0.000046 0.009801 -0.532154 -0.00002 0.006533 -0.354769 -0.000005 0.003265 -0.177385 0 0 0 91.592283 6.442607 91.346241 16.640506 -2.494407 0.635933 -19.547767 -0.432165 2.617729 -0.473811 0.951174 0.402468 85.452512 -25.863397 140.25076 78.004939 -55.32985 -6.93407 0.13529 9.171561 0.015531 2.612217 -4.936589 78.001682 10.794835 4.430942 -0.165217 5.567135 -15.31543 -24.893182 32.848424 17.359299 -5.253725 25.517933 -1.77478 2.17444 -2.84257 5.31583 5.759552 -0.034264 0 0 32.298068 2.607807 8.601444 33.985471 15.938562 5.243369 10.271548 15.113647 5.353801 0 0 0 25.00453 -3.669789 -29.872855 34.330291 -14.425032 -10.594479 -0.380697 1.802646 -4.078832 0 0 0 18.105761 -5.4531 -3.175605 36.167212 -5.792873 -10.32128 -5.323388 -0.254142 -8.603426 -0.019782 0 0 25.573081 44.865066 59.697004 50.094263 1.478578 61.026459 -3.360953 -33.532339 -51.429866 -6.076771 7.979072 9.192814 0 0 0 0 0 0.000008 0.000001 0 -9.568959 0.000001 0 -19.137928 0 0.000007 -28.706895 -0.000459 0.009018 -5.005058 -0.00027 0.00677 -3.753793 -0.000131 0.004513 -2.502528 -0.000041 0.00226 -1.251263 0 -0.013988 0 -95.891944 -39.715756 123.49922 55.382132 -71.845561 -72.045618 5.958509 0.042522 0.002214 -3.319329 -4.492373 142.451852 14.233136 19.457581 6.627999 -2.311969 -14.287035 -22.877687 38.648494 12.016282 -9.904844 23.048843 -3.93673 -6.20869 -1.776451 5.521349 0.039883 0 0 0 32.623047 0.537072 -9.248781 35.855332 3.888876 -3.23973 15.488015 9.150316 1.512894 0 0 0 25.05218 -5.243424 -14.166023 39.259142 -7.562386 -3.991659 -1.953388 1.542827 -3.97554 0 0 0 18.047112 -6.666972 12.323301 41.86746 1.869903 -2.783053 -5.839219 -2.23093 -1.73619 0 0 0 25.573081 44.865066 59.697004 1.903851 6.728574 52.735372 -8.806121 -8.591676 -30.256221 -6.076771 7.979072 9.192814 0 0 0 0 0 0.000008 0 0 7.552992 -0.000001 0 15.105974 -0.000001 0 22.658959 -0.006226 -0.036091 20.403459 -0.003469 -0.027314 15.302594 -0.001503 -0.018326 10.20173 -0.000343 -0.009194 5.100866 0 0 0 22.350482 -3.540148 -10.552244 -0.0139 0.001566 6.869414 0 0 0 -14.8874 5.366254 7.70243 135 -89.998853 135 0 0 0 0 0 0 90.000011 -63.648284 -90.000011 -5.682402 0 0 -28.319917 0 0 -16.252152 0 0 0 0 0 89.999999 -84.450026 179.999999 0 0 0 -90.000001 -84.450026 -0.000001 0 0 0 0 0 0
0 0 0 0 0 0 -0.002717 -0.05384100000000003 -0.000224 0.857871 -3.926861 1.830577 -94.472639 -0.354568 -94.524135 -0.878907 -0.011499 -12.330616 0 0 0 1.813195 -2.468929 1.273759 75.504886 -7.99203 9.33427 -0.15412 1.329521 -0.522786 12.462573 11.72852 -7.819227 0 0 0 0 0 0 0 0 0 0 0 0 -0.000055 -0.010805 0.586467 -0.000031 -0.008101 0.43985 -0.000014 -0.005403 0.293233 0.013984 -0.002813 0.743213 0 0 0 91.006557 6.140721 85.643521 11.906461 -1.226617 -8.468755 0 0 0 0.448446 0.5283 7.656762 75.690319 -9.031783 11.401313 -0.421239 2.455136 -0.80889 0.373691 11.203081 -3.721644 0 0 0 0 0 0 0 0 0 0 0 0 -0.000086 0.013469 -0.731347 -0.000048 0.010105 -0.54851 -0.000022 0.006738 -0.365673 -0.000005 0.003367 -0.182837 0 0 0 91.589821 6.443321 91.346206 16.650949 -2.489861 0.634982 -19.535468 -0.428657 2.617101 -0.45331 0.944639 0.172176 85.661944 -25.788006 140.179997 78.231865 -55.301909 -6.762672 0.135195 9.168313 0.01552 2.6111 -4.937179 78.014663 10.793966 4.433042 -0.164598 5.567135 -15.31543 -24.893182 32.848446 17.359279 -5.253712 25.517939 -1.77478 2.174441 -2.842572 5.315834 5.759551 -0.034264 0 0 32.2981 2.607797 8.601456 33.985471 15.938562 5.243367 10.271549 15.113647 5.353801 0 0 0 25.004558 -3.669792 -29.872843 34.330292 -14.425032 -10.594481 -0.380696 1.802649 -4.078832 0 0 0 18.105786 -5.453102 -3.17559 36.167203 -5.792876 -10.321281 -5.323391 -0.254143 -8.603427 -0.019782 0 0 25.573081 44.865066 59.697004 50.09428 1.478606 61.026473 -3.36096 -33.532337 -51.429855 -6.076771 7.979072 9.192814 0 0 0 0 0 0.000008 0.000001 0 -9.565507 0.000001 0 -19.131022 0 0.000007 -28.696539 -0.000469 0.00912 -5.062565 -0.000276 0.006845 -3.796923 -0.000134 0.004568 -2.531281 -0.000042 0.002281 -1.26564 0 -0.013988 0 -95.961988 -39.876522 123.354975 55.216895 -72.093091 -72.237199 5.995715 0.042794 0.00224 -3.311514 -4.498133 142.352132 14.269918 19.679878 6.72427 -2.311969 -14.287035 -22.877687 38.530451 11.821839 -10.075733 23.048838 -3.93673 -6.208689 -1.776453 5.521349 0.039885 0 0 0 32.642139 0.325687 -9.414664 35.855328 3.888877 -3.239731 15.488015 9.150316 1.512895 0 0 0 25.085335 -5.474791 -14.303231 39.259145 -7.562385 -3.99166 -1.953389 1.542826 -3.97554 0 0 0 18.080238 -6.913283 12.21517 41.86746 1.869903 -2.783053 -5.839219 -2.230937 -1.73619 0 0 0 25.573081 44.865066 59.697004 2.046656 6.544444 52.751871 -8.785743 -8.612524 -30.034899 -6.076771 7.979072 9.192814 0 0 0 0 0 0.000008 0 0 7.526436 -0.000001 0 15.052864 -0.000001 0 22.579292 -0.006181 -0.035967 20.330449 -0.003443 -0.027214 15.247836 -0.001491 -0.018258 10.165224 -0.00034 -0.00916 5.082613 0 0 0 22.312981 -3.626482 -10.315373 -0.0139 0.001566 6.869405 0 0 0 -14.887411 5.366231 7.702426 135 -89.998853 135 0 0 0 0 0 0 90.000011 -63.648284 -90.000011 -5.682402 0 0 -28.319917 0 0 -16.252152 0 0 0 0 0 89.999999 -84.450026 179.999999 0 0 0 -90.000001 -84.450026 -0.000001 0 0 0 0 0 0
0 0 0 0 0 0 -0.002833 -0.053757000000000055 -0.000667 0.856952 -3.940986 1.814584 -94.4771 -0.333446 -94.521835 -0.878913 -0.011506 -12.33062 0 0 0 1.80649 -2.471638 1.256095 75.504886 -7.99203 9.33427 -0.15412 1.329521 -0.522786 12.462607 11.728516 -7.819225 0 0 0 0 0 0 0 0 0 0 0 0 -0.000055 -0.010761 0.584002 -0.000031 -0.008066 0.438002 -0.000014 -0.005382 0.292001 0.013984 -0.002795 0.742597 0 0 0 91.013221 6.127216 85.663701 11.926203 -1.228419 -8.46918 0 0 0 0.431144 0.529114 7.650211 75.690319 -9.031783 11.401313 -0.421239 2.455136 -0.80889 0.373683 11.203095 -3.721649 0 0 0 0 0 0 0 0 0 0 0 0 -0.00009 0.013763 -0.747159 -0.00005 0.01032 -0.56037 -0.000022 0.006881 -0.37358 -0.000006 0.003442 -0.18679 0 0 0 91.588844 6.44482 91.35017 16.658434 -2.490012 0.636182 -19.522424 -0.428596 2.619179 -0.456556 0.948344 0.17855 85.66193 -25.788 140.18 78.210814 -55.300981 -6.736549 0.135037 9.162122 0.015496 2.611877 -4.936769 78.005625 10.792395 4.443989 -0.16301 5.567135 -15.31543 -24.893182 32.848413 17.359308 -5.253721 25.517934 -1.774779 2.174438 -2.842574 5.31583 5.759553 -0.034264 0 0 32.298054 2.607813 8.601449 33.985478 15.938562 5.243367 10.271549 15.113647 5.353801 0 0 0 25.004517 -3.669779 -29.872852 34.330295 -14.425032 -10.59448 -0.380694 1.802646 -4.078834 0 0 0 18.105748 -5.453093 -3.175602 36.167203 -5.792876 -10.321281 -5.323391 -0.254143 -8.603427 -0.019782 0 0 25.573081 44.865066 59.697004 50.094251 1.478569 61.026458 -3.360959 -33.532346 -51.429851 -6.076771 7.979072 9.192814 0 0 0 0 0 0.000008 0.000001 0 -9.567912 0.000001 0 -19.135831 0 0.000007 -28.703749 -0.00047 0.009134 -5.069559 -0.000276 0.006852 -3.802169 -0.000134 0.004574 -2.534779 -0.000042 0.002288 -1.267389 0 -0.013988 0 -95.961989 -39.876529 123.354966 55.238876 -72.112972 -72.243383 6.02865 0.043018 0.002267 -3.310564 -4.498829 142.340041 14.271167 19.660823 6.715476 -2.311969 -14.287035 -22.877687 38.530497 11.821844 -10.075732 23.048838 -3.93673 -6.208689 -1.776453 5.521349 0.039885 0 0 0 32.642177 0.325703 -9.41466 35.855335 3.888877 -3.239731 15.48802 9.150316 1.512895 0 0 0 25.085371 -5.47478 -14.30323 39.259138 -7.562385 -3.99166 -1.953389 1.542826 -3.97554 0 0 0 18.080273 -6.913266 12.21517 41.867464 1.869903 -2.783054 -5.839219 -2.23093 -1.736193 0 0 0 25.573081 44.865066 59.697004 2.046645 6.544472 52.751849 -8.78574 -8.612523 -30.034903 -6.076771 7.979072 9.192814 0 0 0 0 0 0.000008 0 0 7.523218 -0.000001 0 15.046426 -0.000001 0 22.569636 -0.006165 -0.035922 20.304357 -0.003434 -0.027181 15.228267 -0.001487 -0.018238 10.152178 -0.00034 -0.009153 5.07609 0 0 0 22.312975 -3.626475 -10.315379 -0.0139 0.001566 6.869406 0 0 0 -14.887401 5.366234 7.702428 135 -89.998853 135 0 0 0 0 0 0 90.000011 -63.648284 -90.000011 -5.682402 0 0 -28.319917 0 0 -16.252152 0 0 0 0 0 89.999999 -84.450026 179.999999 0 0 0 -90.000001 -84.450026 -0.000001 0 0 0 0 0 0
0 0 0 0 0 0 -0.00285 -0.05369900000000005 -0.001166 0.862427 -3.949502 1.802196 -94.488795 -0.324968 -94.513307 -0.878918 -0.011493 -12.330618 0 0 0 1.808197 -2.477934 1.238237 75.504886 -7.99203 9.33427 -0.15412 1.329521 -0.522786 12.462587 11.72853 -7.819242 0 0 0 0 0 0 0 0 0 0 0 0 -0.000054 -0.010631 0.57703 -0.00003 -0.007974 0.432772 -0.000013 -0.005317 0.288515 0.013984 -0.002764 0.740854 0 0 0 91.010736 6.117588 85.677202 11.932608 -1.22903 -8.469311 0 0 0 0.427071 0.528922 7.644759 75.690319 -9.031783 11.401313 -0.421239 2.455136 -0.80889 0.373686 11.203081 -3.721655 0 0 0 0 0 0 0 0 0 0 0 0 -0.000092 0.013967 -0.758089 -0.000052 0.010471 -0.568567 -0.000023 0.00698 -0.379045 -0.000006 0.00349 -0.189522 0 0 0 91.588265 6.4424 91.357925 16.664385 -2.495358 0.638127 -19.50929 -0.4329 2.622539 -0.466022 0.952727 0.172585 85.661951 -25.788 140.17998 78.168267 -55.301008 -6.690501 0.134797 9.153279 0.015453 2.612863 -4.936248 77.99417 10.791227 4.466993 -0.159772 5.567135 -15.31543 -24.893182 32.848437 17.359281 -5.253724 25.517934 -1.77478 2.174443 -2.842572 5.31583 5.759553 -0.034264 0 0 32.298092 2.607797 8.601446 33.985474 15.938562 5.243366 10.271552 15.113647 5.353801 0 0 0 25.004555 -3.669791 -29.872855 34.330291 -14.425032 -10.59448 -0.380697 1.802646 -4.078833 0 0 0 18.105782 -5.453107 -3.175601 36.167206 -5.792876 -10.321281 -5.323388 -0.254142 -8.603426 -0.019782 0 0 25.573081 44.865066 59.697004 50.094276 1.478606 61.02646 -3.360959 -33.532341 -51.429849 -6.076771 7.979072 9.192814 0 0 0 0 0 0.000008 0.000001 0 -9.570958 0.000001 0 -19.141925 0 0.000007 -28.71289 -0.000472 0.009154 -5.081689 -0.000278 0.006873 -3.811266 -0.000134 0.004581 -2.540843 -0.000042 0.002295 -1.270421 0 -0.013988 0 -95.961996 -39.876523 123.354991 55.235581 -72.121617 -72.21939 6.051047 0.043188 0.002283 -3.308943 -4.500021 142.319376 14.278426 19.650119 6.711237 -2.311969 -14.287035 -22.877687 38.530446 11.821853 -10.075732 23.048842 -3.93673 -6.20869 -1.776452 5.521349 0.039884 0 0 0 32.642131 0.3257 -9.414663 35.855332 3.888877 -3.23973 15.488012 9.150316 1.512894 0 0 0 25.085324 -5.474788 -14.303233 39.259142 -7.562386 -3.991659 -1.953388 1.542827 -3.97554 0 0 0 18.080228 -6.913271 12.21517 41.867464 1.869903 -2.783053 -5.839223 -2.230937 -1.736192 0 0 0 25.573081 44.865066 59.697004 2.046644 6.544435 52.751873 -8.785737 -8.612519 -30.034902 -6.076771 7.979072 9.192814 0 0 0 0 0 0.000008 0 0 7.517714 -0.000001 0 15.03542 -0.000001 0 22.553126 -0.006155 -0.035896 20.287317 -0.003428 -0.027161 15.215486 -0.001484 -0.018218 10.143658 -0.000339 -0.00914 5.07183 0 0 0 22.312981 -3.626487 -10.315383 -0.0139 0.001566 6.8694 0 0 0 -14.887396 5.366235 7.702419 135 -89.998853 135 0 0 0 0 0 0 90.000011 -63.648284 -90.000011 -5.682402 0 0 -28.319917 0 0 -16.252152 0 0 0 0 0 89.999999 -84.450026 179.999999 0 0 0 -90.000001 -84.450026 -0.000001 0 0 0 0 0 0
0 0 0 0 0 0 -0.002867 -0.05365200000000003 -0.001509 0.873855 -3.957557 1.79494 -94.505233 -0.325747 -94.506168 -0.8789 -0.011498 -12.330609 0 0 0 1.813746 -2.484229 1.222791 75.504886 -7.99203 9.33427 -0.15412 1.329521 -0.522786 12.462584 11.728515 -7.81923 0 0 0 0 0 0 0 0 0 0 0 0 -0.000052 -0.010525 0.571494 -0.00003 -0.007892 0.42862 -0.000013 -0.005263 0.285747 0.013985 -0.002737 0.73947 0 0 0 91.002162 6.123879 85.689905 11.942531 -1.229988 -8.469529 0 0 0 0.42969 0.527361 7.639637 75.690319 -9.031783 11.401313 -0.421239 2.455136 -0.80889 0.373691 11.203081 -3.721646 0 0 0 0 0 0 0 0 0 0 0 0 -0.000095 0.014159 -0.768542 -0.000053 0.010617 -0.576406 -0.000024 0.007076 -0.384271 -0.000006 0.003538 -0.192135 0 0 0 91.587794 6.439105 91.364413 16.666557 -2.50535 0.639458 -19.498754 -0.441386 2.625672 -0.475465 0.959701 0.167521 85.661946 -25.788004 140.179991 78.130462 -55.295978 -6.65948 0.134442 9.140106 0.015399 2.612889 -4.936234 77.993873 10.79017 4.488573 -0.156564 5.567135 -15.31543 -24.893182 32.84842 17.3593 -5.253729 25.517939 -1.77478 2.17444 -2.842571 5.315823 5.759553 -0.034264 0 0 32.298068 2.607808 8.601439 33.869812 16.167951 5.211367 10.392646 14.898877 5.313284 0 0 0 25.004529 -3.669788 -29.872862 34.33029 -14.425029 -10.594478 -0.380697 1.802646 -4.078832 0 0 0 18.10576 -5.453099 -3.17561 36.1672 -5.792877 -10.32128 -5.32339 -0.254143 -8.603427 -0.019782 0 0 25.573081 44.865066 59.697004 50.094258 1.478581 61.026461 -3.360957 -33.532341 -51.42985 -6.076771 7.979072 9.192814 0 0 0 0 0 0.000008 0.000001 0 -9.571036 0.000001 0 -19.14208 0 0.000007 -28.713127 -0.000473 0.009168 -5.089709 -0.000278 0.006879 -3.817281 -0.000135 0.004588 -2.544853 -0.000042 0.002295 -1.272426 0 -0.013988 0 -95.961986 -39.876521 123.354976 55.228282 -72.120169 -72.179067 6.070493 0.043318 0.002296 -3.306244 -4.502002 142.284991 14.292441 19.637684 6.707031 -2.311969 -14.287035 -22.877687 38.530459 11.821835 -10.075719 23.04884 -3.93673 -6.208689 -1.776452 5.521349 0.039885 0 0 0 32.642142 0.325682 -9.414648 35.855338 3.888877 -3.239731 15.56483 8.885451 1.524936 0 0 0 25.085338 -5.474798 -14.303215 39.259135 -7.562386 -3.991659 -1.953389 1.542826 -3.97554 0 0 0 18.080238 -6.913285 12.215186 41.867457 1.869902 -2.783053 -5.83922 -2.230937 -1.736192 0 0 0 25.573081 44.865066 59.697004 2.04666 6.54445 52.751886 -8.785742 -8.612527 -30.034903 -6.076771 7.979072 9.192814 0 0 0 0 0 0.000008 0 0 7.508556 -0.000001 0 15.017105 -0.000001 0 22.525655 -0.006146 -0.035869 20.27457 -0.003423 -0.027141 15.205927 -0.001483 -0.018211 10.137285 -0.000338 -0.00914 5.068644 0 0 0 22.31298 -3.626485 -10.315374 -0.013904 0.001535 6.720417 0 0 0 -14.931079 5.633533 7.43365 135 -89.998853 135 0 0 0 0 0 0 90.000011 -63.648284 -90.000011 -5.682402 0 0 -28.319917 0 0 -16.252152 0 0 0 0 0 89.999999 -84.450026 179.999999 0 0 0 -90.000001 -84.450026 -0.000001 0 0 0 0 0 0
0 0 0 0 0 0 -0.002736 -0.053589 -0.001667 0.887165 -3.966463 1.788597 -94.522483 -0.328948 -94.503434 -0.878905 -0.011485 -12.330621 0 0 0 1.820732 -2.489931 1.211062 75.504886 -7.99203 9.33427 -0.15412 1.329521 -0.522786 12.462582 11.728504 -7.819233 0 0 0 0 0 0 0 0 0 0 0 0 -0.000052 -0.010494 0.569555 -0.000029 -0.007872 0.427166 -0.000013 -0.005246 0.284778 0.013985 -0.002734 0.738985 0 0 0 90.989873 6.145076 85.705127 11.964436 -1.232006 -8.469994 0 0 0 0.434656 0.527771 7.63312 75.690319 -9.031783 11.401313 -0.421239 2.455136 -0.80889 0.373677 11.203095 -3.721653 0 0 0 0 0 0 0 0 0 0 0 0 -0.000098 0.014387 -0.781055 -0.000055 0.010788 -0.585792 -0.000025 0.007192 -0.390528 -0.000006 0.003596 -0.195264 0 0 0 91.58971 6.442307 91.366977 16.667148 -2.51946 0.640983 -19.4909 -0.452666 2.629149 -0.475362 0.970157 0.16628 85.661949 -25.788001 140.179991 78.112007 -55.292725 -6.635089 0.133992 9.122723 0.015325 2.61373 -4.935789 77.984099 10.779522 4.499716 -0.15404 5.567135 -15.31543 -24.893182 32.848428 17.359292 -5.253712 25.517936 -1.77478 2.174442 -2.842572 5.31583 5.759555 -0.034264 0 0 32.298075 2.607802 8.601457 33.86981 16.167946 5.211366 10.392642 14.898873 5.31328 0 0 0 25.004536 -3.669791 -29.872844 34.330292 -14.425022 -10.59448 -0.380697 1.802646 -4.078833 0 0 0 18.105767 -5.453102 -3.175591 36.1672 -5.792877 -10.321281 -5.323395 -0.254143 -8.603426 -0.019782 0 0 25.573081 44.865066 59.697004 50.094271 1.478588 61.026473 -3.360953 -33.532344 -51.429859 -6.076771 7.979072 9.192814 0 0 0 0 0 0.000008 0.000001 0 -9.573636 0.000001 0 -19.147279 0 0.000007 -28.720923 -0.000474 0.009181 -5.09634 -0.000279 0.006893 -3.822255 -0.000135 0.004595 -2.548169 -0.000042 0.002301 -1.274084 0 -0.013988 0 -95.961988 -39.876525 123.354978 55.231188 -72.113424 -72.148129 6.088351 0.043454 0.002312 -3.32303 -4.48964 142.499107 14.222915 19.679185 6.723118 -2.311969 -14.287035 -22.877687 38.546277 11.977811 -9.851309 23.076131 -3.764086 -6.19308 -1.817179 5.50812 0.035985 0 0 0 32.633454 0.49175 -9.148801 35.815724 3.912684 -2.994259 15.50489 9.301375 1.54179 0 0 0 25.100172 -5.33807 -14.100857 39.303103 -7.286434 -3.940938 -1.963866 1.529469 -3.978449 0 0 0 18.102824 -6.805906 12.36488 41.857085 2.13608 -2.7142 -5.824915 -2.268131 -1.736948 0 0 0 25.573081 44.865066 59.697004 1.903847 6.728627 52.598725 -8.826453 -8.570753 -29.972962 -6.076771 7.979072 9.192814 0 0 0 0 0 0.000008 0 0 7.565575 -0.000001 0 15.13114 -0.000001 0 22.696706 -0.006142 -0.035856 20.266196 -0.003421 -0.027134 15.199646 -0.001481 -0.018197 10.133098 -0.000338 -0.009133 5.06655 0 0 0 22.312985 -3.626484 -10.315377 -0.013904 0.001535 6.720421 0 0 0 -14.931081 5.633542 7.433659 135 -89.998853 135 0 0 0 0 0 0 90.000011 -63.648284 -90.000011 -5.682402 0 0 -28.319917 0 0 -16.252152 0 0 0 0 0 89.999999 -84.450026 179.999999 0 0 0 -90.000001 -84.450026 -0.000001 0 0 0 0 0 0
0 0 0 0 0 0 -0.002533 -0.053530999999999995 -0.001631 0.898445 -3.967138 1.781354 -94.535091 -0.330644 -94.499488 -0.878907 -0.011499 -12.330624 0 0 0 1.828307 -2.493475 1.206217 75.504886 -7.99203 9.33427 -0.15412 1.329521 -0.522786 12.462594 11.728512 -7.819232 0 0 0 0 0 0 0 0 0 0 0 0 -0.000052 -0.01044 0.566566 -0.000029 -0.007831 0.424924 -0.000013 -0.005222 0.283283 0.013985 -0.002716 0.738238 0 0 0 90.977997 6.168019 85.717568 11.988255 -1.234217 -8.470513 0 0 0 0.440776 0.530194 7.621413 75.690319 -9.031783 11.401313 -0.421239 2.455136 -0.80889 0.373682 11.203071 -3.721654 0 0 0 0 0 0 0 0 0 0 0 0 -0.000101 0.014575 -0.791325 -0.000057 0.010935 -0.593494 -0.000025 0.007291 -0.395663 -0.000006 0.003644 -0.197831 0 0 0 91.594622 6.445122 91.368231 16.666178 -2.535471 0.644446 -19.486019 -0.464294 2.634574 -0.47006 0.980379 0.154103 85.661936 -25.787999 140.179986 78.111669 -55.29438 -6.610208 0.133769 9.114148 0.015284 2.615875 -4.934656 77.959165 10.768854 4.498421 -0.153555 5.567135 -15.31543 -24.893182 32.84841 17.359294 -5.253738 25.517939 -1.77478 2.174439 -2.84257 5.31583 5.759554 -0.034264 0 0 32.298077 2.607796 8.601429 33.869812 16.167952 5.211367 10.392639 14.898873 5.313283 0 0 0 25.004538 -3.669802 -29.872871 34.330298 -14.425031 -10.594481 -0.380695 1.802646 -4.078833 0 0 0 18.105769 -5.453112 -3.175617 36.167203 -5.792876 -10.321281 -5.323392 -0.254143 -8.603426 -0.019782 0 0 25.573081 44.865066 59.697004 50.094271 1.478591 61.026442 -3.360947 -33.532346 -51.429869 -6.076771 7.979072 9.192814 0 0 0 0 0 0.000008 0.000001 0 -9.580268 0.000001 0 -19.160543 0 0.000007 -28.740818 -0.000476 0.009195 -5.103549 -0.00028 0.0069 -3.827661 -0.000135 0.004602 -2.551774 -0.000042 0.002301 -1.275886 0 -0.013988 0 -95.962001 -39.876534 123.354982 55.259231 -72.112402 -72.158817 6.100922 0.043542 0.00232 -3.321881 -4.490489 142.484433 14.227673 19.663012 6.716336 -2.311969 -14.287035 -22.877687 38.546241 11.977818 -9.851321 23.076137 -3.764079 -6.193082 -1.817179 5.50812 0.035984 0 0 0 32.633423 0.491745 -9.148817 35.815724 3.912684 -2.994257 15.504887 9.301375 1.541791 0 0 0 25.100144 -5.33808 -14.100873 39.303101 -7.286431 -3.940937 -1.963866 1.529463 -3.97845 0 0 0 18.102793 -6.805917 12.364866 41.857073 2.13608 -2.714201 -5.824914 -2.268131 -1.736948 0 0 0 25.573081 44.865066 59.697004 1.903834 6.728588 52.598736 -8.82645 -8.570755 -29.97296 -6.076771 7.979072 9.192814 0 0 0 0 0 0.000008 0 0 7.561667 -0.000001 0 15.123327 -0.000001 0 22.684986 -0.006137 -0.035843 20.258972 -0.003418 -0.027121 15.194228 -0.00148 -0.018197 10.129486 -0.000338 -0.009133 5.064743 0 0 0 22.312976 -3.626483 -10.315387 -0.013904 0.001535 6.720416 0 0 0 -14.931073 5.633534 7.433656 135 -89.998853 135 0 0 0 0 0 0 90.000011 -63.648284 -90.000011 -5.682402 0 0 -28.319917 0 0 -16.252152 0 0 0 0 0 89.999999 -84.450026 179.999999 0 0 0 -90.000001 -84.450026 -0.000001 0 0 0 0 0 0
0 0 0 0 0 0 -0.002445 -0.05348900000000001 -0.001705 0.904218 -3.964168 1.781855 -94.544466 -0.331148 -94.498917 -0.878912 -0.011513 -12.330629 0 0 0 1.827004 -2.497002 1.208828 75.504886 -7.99203 9.33427 -0.15412 1.329521 -0.522786 12.462564 11.728506 -7.819231 0 0 0 0 0 0 0 0 0 0 0 0 -0.000052 -0.01043 0.566202 -0.000029 -0.007821 0.424651 -0.000013 -0.005215 0.283101 0.013985 -0.002713 0.738147 0 0 0 90.970463 6.181507 85.728184 12.010156 -1.236245 -8.470985 0 0 0 0.432574 0.537053 7.608238 75.690319 -9.031783 11.401313 -0.421239 2.455136 -0.80889 0.373685 11.203095 -3.721651 0 0 0 0 0 0 0 0 0 0 0 0 -0.000103 0.014736 -0.800013 -0.000058 0.011051 -0.60001 -0.000026 0.007366 -0.400006 -0.000006 0.003685 -0.200003 0 0 0 91.600595 6.443806 91.370203 16.665266 -2.550432 0.649462 -19.485619 -0.474133 2.641273 -0.472011 0.990262 0.13437 85.661942 -25.788004 140.18 78.110787 -55.288703 -6.588541 0.133942 9.119589 0.015328 2.617636 -4.933723 77.938706 10.778763 4.492942 -0.155705 5.567135 -15.31543 -24.893182 32.848432 17.359286 -5.253704 25.517939 -1.77478 2.174441 -2.842575 5.315834 5.759553 -0.034264 0 0 32.29808 2.607797 8.601462 33.869812 16.167952 5.211367 10.392643 14.898873 5.313282 0 0 0 25.004539 -3.669798 -29.872835 34.330295 -14.425031 -10.594481 -0.380698 1.802646 -4.078837 0 0 0 18.10577 -5.453109 -3.175584 36.167206 -5.792876 -10.32128 -5.323391 -0.254143 -8.603426 -0.019782 0 0 25.573081 44.865066 59.697004 50.094281 1.478591 61.026466 -3.360956 -33.53234 -51.42985 -6.076771 7.979072 9.192814 0 0 0 0 0 0.000008 0.000001 0 -9.58571 0.000001 0 -19.171427 0 0.000007 -28.757146 -0.000477 0.009209 -5.109963 -0.000281 0.006907 -3.832472 -0.000136 0.004609 -2.554981 -0.000042 0.002301 -1.277489 0 -0.013988 0 -95.961984 -39.876526 123.354967 55.302705 -72.115829 -72.199804 6.106437 0.043576 0.002329 -3.322114 -4.490316 142.487418 14.221879 19.649771 6.709283 -2.311969 -14.287035 -22.877687 38.546261 11.977828 -9.851311 23.076125 -3.764083 -6.193078 -1.817177 5.508123 0.035984 0 0 0 32.633425 0.491755 -9.148802 35.815727 3.912684 -2.994258 15.50489 9.301375 1.541792 0 0 0 25.100145 -5.338065 -14.10086 39.236378 -7.555541 -3.932321 -1.87964 1.793248 -3.987304 0 0 0 18.102796 -6.805895 12.364878 41.857073 2.13608 -2.714202 -5.824918 -2.268131 -1.736948 0 0 0 25.573081 44.865066 59.697004 1.903824 6.728608 52.598741 -8.826453 -8.570756 -29.97296 -6.076771 7.979072 9.192814 0 0 0 0 0 0.000008 0 0 7.562462 -0.000001 0 15.124916 -0.000001 0 22.687369 -0.006134 -0.035837 20.253591 -0.003416 -0.027114 15.190192 -0.001479 -0.018191 10.126795 -0.000337 -0.009126 5.063398 0 0 0 22.31298 -3.626475 -10.315373 -0.013904 0.001535 6.720424 0 0 0 -14.931089 5.633539 7.433662 135 -89.998853 135 0 0 0 0 0 0 90.000011 -63.648284 -90.000011 -5.682402 0 0 -28.319917 0 0 -16.252152 0 0 0 0 0 89.999999 -84.450026 179.999999 0 0 0 -90.000001 -84.450026 -0.000001 0 0 0 0 0 0
0 0 0 0 0 0 -0.002242 -0.05347999999999997 -0.001766 0.906791 -3.964407 1.787911 -94.556157 -0.330702 -94.501045 -0.878908 -0.011492 -12.330609 0 0 0 1.817874 -2.503849 1.211235 75.504886 -7.99203 9.33427 -0.15412 1.329521 -0.522786 12.462585 11.728512 -7.819237 0 0 0 0 0 0 0 0 0 0 0 0 -0.000052 -0.010464 0.567978 -0.000029 -0.007844 0.425984 -0.000013 -0.005232 0.283989 0.013985 -0.00272 0.738591 0 0 0 90.966464 6.190589 85.746352 12.028691 -1.237975 -8.471378 0 0 0 0.41836 0.546041 7.590956 75.690319 -9.031783 11.401313 -0.421239 2.455136 -0.80889 0.373694 11.203072 -3.721648 0 0 0 0 0 0 0 0 0 0 0 0 -0.000107 0.015002 -0.81456 -0.00006 0.011253 -0.61092 -0.000027 0.0075 -0.40728 -0.000007 0.00375 -0.20364 0 0 0 91.606471 6.44207 91.373935 16.666022 -2.563633 0.654467 -19.487663 -0.481685 2.647616 -0.478968 0.99927 0.116428 85.661936 -25.788016 140.180002 78.115091 -55.27468 -6.58408 0.134179 9.129517 0.015355 2.618239 -4.933403 77.931687 10.800351 4.483314 -0.159437 5.567135 -15.31543 -24.893182 32.848412 17.359285 -5.253721 25.517943 -1.774779 2.174436 -2.842569 5.315823 5.759555 -0.034264 0 0 32.29807 2.607791 8.601448 33.869809 16.167952 5.211367 10.392646 14.898877 5.313283 0 0 0 25.004529 -3.669802 -29.87285 34.330295 -14.425032 -10.59448 -0.380694 1.802646 -4.078834 0 0 0 18.105761 -5.453111 -3.175597 36.167203 -5.792876 -10.321282 -5.323392 -0.254143 -8.603426 -0.019782 0 0 25.573081 44.865066 59.697004 50.094278 1.478578 61.02646 -3.360962 -33.532337 -51.429852 -6.076771 7.979072 9.192814 0 0 0 0 0 0.000008 0.000001 0 -9.587574 0.000001 0 -19.175157 0 0.000007 -28.762738 -0.000477 0.009209 -5.111697 -0.000281 0.006913 -3.833773 -0.000136 0.004608 -2.555848 -0.000042 0.002308 -1.277923 0 -0.013988 0 -95.961979 -39.876514 123.354954 55.336693 -72.122481 -72.238288 6.103389 0.043549 0.002321 -3.322938 -4.489705 142.497966 14.208433 19.645877 6.704632 -2.311969 -14.287035 -22.877687 38.546261 11.977816 -9.851318 23.076134 -3.764082 -6.193081 -1.817178 5.50812 0.035983 0 0 0 32.633437 0.491752 -9.14881 35.815727 3.912685 -2.99426 15.50489 9.301375 1.541791 0 0 0 25.10016 -5.338072 -14.100868 39.236372 -7.555541 -3.932321 -1.87964 1.793248 -3.987304 0 0 0 18.102812 -6.805907 12.364871 41.840777 1.872286 -2.714771 -5.795155 -2.006758 -1.763561 0 0 0 25.573081 44.865066 59.697004 1.903836 6.728609 52.598727 -8.826453 -8.570756 -29.97296 -6.076771 7.979072 9.192814 0 0 0 0 0 0.000008 0 0 7.565271 -0.000001 0 15.130534 -0.000001 0 22.695795 -0.00613 -0.035824 20.248453 -0.003415 -0.027107 15.186339 -0.001479 -0.018184 10.124226 -0.000337 -0.009126 5.062114 0 0 0 22.312972 -3.626481 -10.315362 -0.013904 0.001535 6.720415 0 0 0 -14.931077 5.63353 7.43365 135 -89.998853 135 0 0 0 0 0 0 90.000011 -63.648284 -90.000011 -5.682402 0 0 -28.319917 0 0 -16.252152 0 0 0 0 0 89.999999 -84.450026 179.999999 0 0 0 -90.000001 -84.450026 -0.000001 0 0 0 0 0 0
0 0 0 0 0 0 -0.002076 -0.05346899999999999 -0.002012 0.909558 -3.96183 1.796034 -94.570561 -0.336432 -94.499191 -0.878908 -0.011492 -12.330627 0 0 0 1.812172 -2.514408 1.212628 75.504886 -7.99203 9.33427 -0.15412 1.329521 -0.522786 12.462594 11.72852 -7.819234 0 0 0 0 0 0 0 0 0 0 0 0 -0.000052 -0.010443 0.566801 -0.000029 -0.007831 0.4251 -0.000013 -0.005222 0.2834 0.013985 -0.002716 0.738297 0 0 0 90.966616 6.201842 85.764203 12.044882 -1.239478 -8.471735 0 0 0 0.405577 0.550564 7.57077 75.690319 -9.031783 11.401313 -0.421239 2.455136 -0.80889 0.373677 11.203085 -3.721661 0 0 0 0 0 0 0 0 0 0 0 0 -0.00011 0.015265 -0.828629 -0.000062 0.011451 -0.621472 -0.000028 0.007633 -0.414315 -0.000007 0.003818 -0.207157 0 0 0 91.611515 6.44362 91.379169 16.667111 -2.5751 0.66002 -19.491306 -0.487073 2.654237 -0.483237 1.004644 0.094011 85.661949 -25.787995 140.179974 78.126832 -55.258564 -6.596022 0.134454 9.13987 0.015396 2.617943 -4.933562 77.935098 10.823346 4.470513 -0.163597 5.567135 -15.31543 -24.893182 32.848422 17.359304 -5.253722 25.517941 -1.774779 2.174437 -2.842575 5.31583 5.759553 -0.034264 0 0 32.298073 2.607809 8.601446 33.869807 16.167946 5.211367 10.392649 14.898873 5.31328 0 0 0 25.00453 -3.669779 -29.872854 34.330298 -14.425032 -10.594479 -0.380697 1.802646 -4.078831 0 0 0 18.105764 -5.453096 -3.175605 36.167203 -5.792876 -10.321281 -5.32339 -0.254143 -8.603427 -0.019782 0 0 25.573081 44.865066 59.697004 50.094257 1.478591 61.026458 -3.360966 -33.532339 -51.429844 -6.076771 7.979072 9.192814 0 0 0 0 0 0.000008 0.000001 0 -9.586668 0.000001 0 -19.173344 0 0.000007 -28.760018 -0.000476 0.009202 -5.108899 -0.00028 0.006907 -3.831674 -0.000136 0.004609 -2.554449 -0.000042 0.002301 -1.277224 0 -0.013988 0 -95.962006 -39.876533 123.354999 55.368524 -72.130206 -72.28384 6.093214 0.043481 0.002314 -3.324513 -4.488543 142.518056 14.189693 19.647854 6.701764 -2.311969 -14.287035 -22.877687 38.546272 11.977808 -9.851303 23.018796 -4.03133 -6.189183 -1.732277 5.767512 0.027907 0 0 0 32.633451 0.491742 -9.148797 35.815727 3.912684 -2.994259 15.504891 9.301375 1.541793 0 0 0 25.100169 -5.338075 -14.100852 39.236378 -7.555541 -3.93232 -1.879644 1.793248 -3.987304 0 0 0 18.102819 -6.805907 12.364888 41.840777 1.872287 -2.714774 -5.795151 -2.006758 -1.763564 0 0 0 25.573081 44.865066 59.697004 1.903851 6.728625 52.598731 -8.826455 -8.570756 -29.972956 -6.076771 7.979072 9.192814 0 0 0 0 0 0.000008 0 0 7.57062 -0.000001 0 15.141233 -0.000001 0 22.711845 -0.00613 -0.035824 20.246331 -0.003414 -0.027107 15.184747 -0.001478 -0.018184 10.123165 -0.000337 -0.009126 5.061584 0 0 0 22.312978 -3.626492 -10.315392 -0.013904 0.001535 6.720425 0 0 0 -14.931082 5.633542 7.433661 135 -89.998853 135 0 0 0 0 0 0 90.000011 -63.648284 -90.000011 -5.682402 0 0 -28.319917 0 0 -16.252152 0 0 0 0 0 89.999999 -84.450026 179.999999 0 0 0 -90.000001 -84.450026 -0.000001 0 0 0 0 0 0
0 0 0 0 0 0 -0.001795 -0.053471999999999964 -0.002244 0.912219 -3.953915 1.803543 -94.582927 -0.349235 -94.494476 -0.878908 -0.011519 -12.330619 0 0 0 1.814684 -2.525599 1.216365 75.504886 -7.99203 9.33427 -0.15412 1.329521 -0.522786 12.462593 11.72852 -7.819235 0 0 0 0 0 0 0 0 0 0 0 0 -0.000051 -0.010378 0.563557 -0.000029 -0.007786 0.422668 -0.000013 -0.005188 0.281778 0.013985 -0.002699 0.737486 0 0 0 90.967105 6.215358 85.771403 12.055893 -1.240496 -8.471977 0 0 0 0.641244 0.47567 7.506847 75.690319 -9.031783 11.401313 -0.421239 2.455136 -0.80889 0.136693 11.118355 -3.695481 0 0 0 0 0 0 0 0 0 0 0 0 -0.000112 0.015364 -0.834204 -0.000063 0.011526 -0.625653 -0.000028 0.007684 -0.417102 -0.000007 0.003839 -0.208551 0 0 0 91.614139 6.448805 91.384869 16.6666 -2.584438 0.665841 -19.497037 -0.490637 2.660671 -0.47952 1.008418 0.066338 85.661932 -25.788009 140.179998 78.139364 -55.239337 -6.615208 0.134851 9.155335 0.015463 2.617059 -4.934029 77.945389 10.85425 4.45635 -0.168674 5.567135 -15.31543 -24.893182 32.848425 17.35928 -5.253719 25.517933 -1.77478 2.174443 -2.842573 5.31583 5.759555 -0.034264 0 0 32.298083 2.607789 8.60145 33.86981 16.167946 5.211367 10.392642 14.898877 5.313284 0 0 0 25.004544 -3.669806 -29.872848 34.33029 -14.425029 -10.594478 -0.380697 1.802646 -4.078832 0 0 0 18.105775 -5.453115 -3.175595 36.167206 -5.792876 -10.321281 -5.323388 -0.254142 -8.603426 -0.019782 0 0 25.573081 44.865066 59.697004 50.094282 1.478588 61.02646 -3.360955 -33.532344 -51.429852 -6.076771 7.979072 9.192814 0 0 0 0 0 0.000008 0.000001 0 -9.58393 0.000001 0 -19.167871 0 0.000007 -28.75181 -0.000476 0.009195 -5.104082 -0.00028 0.0069 -3.828061 -0.000135 0.004602 -2.55204 -0.000042 0.002301 -1.276019 0 -0.013988 0 -95.988169 -40.137744 123.269601 55.318602 -72.287648 -72.491801 6.083054 0.043406 0.002306 -3.326521 -4.487056 142.543719 14.177527 19.646715 6.699968 -2.311969 -14.287035 -22.877687 38.546237 11.977836 -9.851322 23.018788 -4.031324 -6.189181 -1.732276 5.767515 0.027906 0 0 0 32.633412 0.491758 -9.148816 35.815724 3.912684 -2.994259 15.50489 9.301375 1.54179 0 0 0 25.100128 -5.338064 -14.100873 39.236368 -7.555542 -3.932321 -1.87964 1.793244 -3.987303 0 0 0 18.10278 -6.805902 12.364863 41.840777 1.872286 -2.714772 -5.795153 -2.006758 -1.76356 0 0 0 25.573081 44.865066 59.697004 1.903815 6.728589 52.598744 -8.826456 -8.570753 -29.972956 -6.076771 7.979072 9.192814 0 0 0 0 0 0.000008 0 0 7.577454 -0.000001 0 15.154901 -0.000001 0 22.732347 -0.006108 -0.035765 20.210573 -0.003402 -0.027061 15.157929 -0.001473 -0.01815 10.105286 -0.000336 -0.009106 5.052644 0 0 0 22.312968 -3.62648 -10.31537 -0.013904 0.001535 6.720423 0 0 0 -14.931079 5.633542 7.43366 135 -89.998853 135 0 0 0 0 0 0 90.000011 -63.648284 -90.000011 -5.682402 0 0 -28.319917 0 0 -16.252152 0 0 0 0 0 89.999999 -84.450026 179.999999 0 0 0 -90.000001 -84.450026 -0.000001 0 0 0 0 0 0
0 0 0 0 0 0 -0.001862 -0.05349999999999999 -0.002357 0.914005 -3.947382 1.807208 -94.591154 -0.368786 -94.484796 -0.878914 -0.0115 -12.330627 0 0 0 1.828499 -2.536614 1.213363 75.504886 -7.99203 9.33427 -0.15412 1.329521 -0.522786 12.462591 11.728506 -7.819233 0 0 0 0 0 0 0 0 0 0 0 0 -0.00005 -0.010249 0.556542 -0.000028 -0.007687 0.417406 -0.000012 -0.005126 0.278271 0.013985 -0.002672 0.735732 0 0 0 90.963943 6.227395 85.7689 12.057472 -1.24066 -8.472007 0 0 0 0.648008 0.475997 7.503025 75.690319 -9.031783 11.401313 -0.421239 2.455136 -0.80889 0.136694 11.118355 -3.695475 0 0 0 0 0 0 0 0 0 0 0 0 -0.000111 0.015333 -0.832272 -0.000063 0.011495 -0.624204 -0.000028 0.007667 -0.416136 -0.000007 0.003835 -0.208068 0 0 0 91.615031 6.450257 91.39088 16.662895 -2.591045 0.67009 -19.504288 -0.492913 2.665159 -0.470934 1.011951 0.043772 85.66194 -25.78799 140.179986 78.156555 -55.220974 -6.63109 0.135344 9.174034 0.015549 2.616772 -4.934181 77.948709 10.886357 4.438152 -0.174602 5.567135 -15.31543 -24.893182 32.848426 17.359309 -5.253723 25.517934 -1.77478 2.174439 -2.84257 5.31583 5.759552 -0.034264 0 0 32.298071 2.607817 8.601444 33.86981 16.167946 5.211366 10.392642 14.898873 5.31328 0 0 0 25.004533 -3.669778 -29.872857 34.330295 -14.425032 -10.59448 -0.380694 1.802649 -4.078838 0 0 0 18.105762 -5.453096 -3.175607 36.167203 -5.792876 -10.32128 -5.323391 -0.254143 -8.603427 -0.019782 0 0 25.573081 44.865066 59.697004 50.094256 1.478593 61.026464 -3.360953 -33.532339 -51.429857 -6.076771 7.979072 9.192814 0 0 0 0 0 0.000008 0.000001 0 -9.583049 0.000001 0 -19.166106 0 0.000007 -28.749163 -0.000475 0.009188 -5.100322 -0.00028 0.006893 -3.825242 -0.000135 0.004602 -2.55016 -0.000042 0.002301 -1.275079 0 -0.013988 0 -95.988174 -40.137771 123.269612 55.360973 -72.278262 -72.552772 6.065371 0.043277 0.002293 -3.328276 -4.485755 142.566164 14.168552 19.644246 6.698251 -2.311969 -14.287035 -22.877687 38.54626 11.977828 -9.851312 23.018788 -4.031323 -6.189182 -1.732275 5.767512 0.027906 0 0 0 32.633425 0.491756 -9.148805 35.815727 3.912685 -2.99426 15.504891 9.301375 1.541792 0 0 0 25.100143 -5.338064 -14.100862 39.236378 -7.555541 -3.932321 -1.87964 1.793248 -3.987304 0 0 0 18.102796 -6.805895 12.364876 41.840768 1.872287 -2.714774 -5.79515 -2.006755 -1.763565 0 0 0 25.573081 44.865066 59.697004 1.903824 6.728608 52.598741 -8.826453 -8.570756 -29.97296 -6.076771 7.979072 9.192814 0 0 0 0 0 0.000008 0 0 7.583433 -0.000001 0 15.166856 -0.000001 0 22.750282 -0.006118 -0.035791 20.226355 -0.003407 -0.027081 15.169765 -0.001475 -0.018164 10.113177 -0.000336 -0.009112 5.056589 0 0 0 22.312979 -3.626482 -10.315393 -0.013904 0.001535 6.720418 0 0 0 -14.931071 5.633537 7.433652 135 -89.998853 135 0 0 0 0 0 0 90.000011 -63.648284 -90.000011 -5.682402 0 0 -28.319917 0 0 -16.252152 0 0 0 0 0 89.999999 -84.450026 179.999999 0 0 0 -90.000001 -84.450026 -0.000001 0 0 0 0 0 0
0 0 0 0 0 0 -0.001838 -0.05351300000000003 -0.002449 0.914796 -3.941319 1.816916 -94.59904 -0.391955 -94.473258 -0.878904 -0.011492 -12.330616 0 0 0 1.839923 -2.547504 1.208475 75.504886 -7.99203 9.33427 -0.15412 1.329521 -0.522786 12.462596 11.728502 -7.819227 0 0 0 0 0 0 0 0 0 0 0 0 -0.000048 -0.010095 0.548163 -0.000027 -0.007571 0.411122 -0.000012 -0.005051 0.274081 0.013985 -0.00263 0.733637 0 0 0 90.957715 6.237944 85.760542 12.048963 -1.239856 -8.471826 0 0 0 0.657951 0.478136 7.505916 75.690319 -9.031783 11.401313 -0.421239 2.455136 -0.80889 0.1367 11.118356 -3.695484 0 0 0 0 0 0 0 0 0 0 0 0 -0.00011 0.015214 -0.825857 -0.000062 0.011413 -0.619393 -0.000027 0.007605 -0.412928 -0.000007 0.003804 -0.206464 0 0 0 91.614317 6.45133 91.395766 16.658912 -2.5951 0.672398 -19.509815 -0.494484 2.667514 -0.470185 1.015096 0.027064 85.661948 -25.787989 140.179973 78.164013 -55.204239 -6.624217 0.135872 9.193799 0.015625 2.617755 -4.93366 77.937302 10.919158 4.42325 -0.180406 5.567135 -15.31543 -24.893182 32.848413 17.359295 -5.253727 25.517943 -1.774786 2.174437 -2.84257 5.31583 5.759552 -0.034264 0 0 32.29807 2.607794 8.601439 33.869807 16.167946 5.211367 10.39265 14.898877 5.313281 0 0 0 25.004529 -3.669804 -29.872858 34.330295 -14.425032 -10.594479 -0.380694 1.802646 -4.078834 0 0 0 18.105764 -5.453084 -3.420514 36.146892 -5.93739 -10.122515 -5.323385 -0.254142 -8.603427 -0.019782 0 0 25.573081 44.865066 59.697004 50.094267 1.478578 61.026456 -3.360951 -33.532343 -51.429859 -6.076771 7.979072 9.192814 0 0 0 0 0 0.000008 0.000001 0 -9.586084 0.000001 0 -19.172176 0 0.000007 -28.758267 -0.000476 0.009195 -5.102898 -0.00028 0.0069 -3.827173 -0.000135 0.004602 -2.551448 -0.000042 0.002301 -1.275723 0 -0.013988 0 -95.988186 -40.137766 123.269636 55.408754 -72.265457 -72.612413 6.05721 0.043229 0.002291 -3.32339 -4.489371 142.503743 14.273121 19.875328 6.822041 -2.311969 -14.287035 -22.877687 38.371452 11.804028 -10.022457 23.018788 -4.031323 -6.189182 -1.732275 5.767512 0.027906 0 0 0 32.592526 0.273608 -9.317787 35.815731 3.912684 -2.994259 15.50489 9.301375 1.541791 0 0 0 25.073648 -5.576466 -14.240445 39.236372 -7.555542 -3.932319 -1.87964 1.793248 -3.987304 0 0 0 17.9498 -6.801155 12.270461 42.013604 1.704338 -2.865681 -5.795155 -2.006758 -1.763562 0 0 0 25.573081 44.865066 59.697004 2.034982 6.50132 52.750367 -9.065093 -8.558167 -30.163922 -6.076771 7.979072 9.192814 0 0 0 0 0 0.000008 0 0 7.566809 -0.000001 0 15.13361 -0.000001 0 22.700412 -0.006127 -0.035817 20.242293 -0.003413 -0.027101 15.181718 -0.001477 -0.018177 10.121146 -0.000337 -0.009119 5.060574 0 0 0 22.312981 -3.626491 -10.315399 -0.013904 0.001535 6.72043 0 0 0 -14.931083 5.633543 7.433668 135 -89.998853 135 0 0 0 0 0 0 90.000011 -63.648284 -90.000011 -5.682402 0 0 -28.319917 0 0 -16.252152 0 0 0 0 0 89.999999 -84.450026 179.999999 0 0 0 -90.000001 -84.450026 -0.000001 0 0 0 0 0 0
0 0 0 0 0 0 -0.001715 -0.053566 -0.002361 0.915638 -3.930356 1.837867 -94.606995 -0.406174 -94.462656 -0.87892 -0.0115 -12.330612 0 0 0 1.832158 -2.552895 1.21051 75.504886 -7.99203 9.33427 -0.15412 1.329521 -0.522786 12.462583 11.728515 -7.819236 0 0 0 0 0 0 0 0 0 0 0 0 -0.000047 -0.009951 0.540243 -0.000026 -0.007465 0.405182 -0.000012 -0.004979 0.270121 0.013985 -0.002593 0.731657 0 0 0 90.948088 6.250152 85.741397 12.031612 -1.238255 -8.471442 0 0 0 0.667483 0.481866 7.514966 75.690319 -9.031783 11.401313 -0.421239 2.455136 -0.80889 0.136692 11.118369 -3.695482 0 0 0 0 0 0 0 0 0 0 0 0 -0.000106 0.014941 -0.811036 -0.000059 0.011205 -0.608277 -0.000026 0.007469 -0.405518 -0.000007 0.003733 -0.202759 0 0 0 91.612362 6.458596 91.398254 16.656735 -2.598233 0.673584 -19.510906 -0.496539 2.668811 -0.480793 1.018074 0.010072 85.661944 -25.787988 140.179997 78.157989 -55.180827 -6.597493 0.136106 9.202909 0.015658 2.623055 -4.930851 77.87563 10.666317 4.367879 -0.163176 5.567135 -15.31543 -24.893182 33.11954 17.24698 -5.236709 25.517936 -1.77478 2.17444 -2.842572 5.31583 5.759552 -0.034264 0 0 32.585922 2.63913 8.61608 33.86981 16.167946 5.211366 10.392642 14.898873 5.31328 0 0 0 25.291038 -3.636859 -29.86231 34.33029 -14.425028 -10.59448 -0.380697 1.802646 -4.078836 0 0 0 18.392327 -5.419116 -3.413991 36.146889 -5.93739 -10.122516 -5.323389 -0.254143 -8.603427 -0.019782 0 0 25.573081 44.865066 59.697004 50.09429 1.478619 61.051944 -3.410001 -33.683395 -51.5258 -6.076771 7.979072 9.192814 0 0 0 0 0 0.000008 0.000001 0 -9.602485 0.000001 0 -19.204977 0 0.000007 -28.807471 -0.000477 0.009209 -5.111006 -0.000281 0.006913 -3.833254 -0.000136 0.004608 -2.555502 -0.000042 0.002308 -1.27775 0 -0.013988 0 -95.988163 -40.137762 123.269607 55.474213 -72.256758 -72.683549 6.07156 0.043345 0.002296 -3.324022 -4.488906 142.511782 14.283585 19.846746 6.813576 -2.311969 -14.287035 -22.877687 38.638768 11.954772 -9.967439 23.016644 -3.97934 -6.249047 -1.728825 5.537599 0.060528 0 0 0 32.592543 0.273618 -9.317791 35.815731 3.912685 -2.994259 15.504887 9.301375 1.541792 0 0 0 25.073665 -5.576453 -14.24045 39.236372 -7.555542 -3.93232 -1.87964 1.793244 -3.987304 0 0 0 17.949819 -6.801148 12.270452 42.013604 1.704339 -2.865683 -5.795155 -2.006758 -1.763562 0 0 0 25.573081 44.865066 59.697004 2.034977 6.501337 52.750351 -9.065089 -8.558176 -30.163924 -6.076771 7.979072 9.192814 0 0 0 0 0 0.000008 0 0 7.568951 -0.000001 0 15.137893 -0.000001 0 22.706835 -0.006132 -0.03583 20.251213 -0.003416 -0.027114 15.188409 -0.001479 -0.018191 10.125606 -0.000337 -0.009126 5.062804 0 0 0 22.312984 -3.626472 -10.315386 -0.013904 0.001535 6.720421 0 0 0 -14.93108 5.633542 7.43366 135 -89.998853 135 0 0 0 0 0 0 90.000011 -63.648284 -90.000011 -5.682402 0 0 -28.319917 0 0 -16.252152 0 0 0 0 0 89.999999 -84.450026 179.999999 0 0 0 -90.000001 -84.450026 -0.000001 0 0 0 0 0 0
0 0 0 0 0 0 -0.001347 -0.05362800000000001 -0.002263 0.915977 -3.916429 1.859169 -94.61705 -0.419789 -94.454068 -0.878905 -0.011512 -12.330617 0 0 0 1.822696 -2.560755 1.217496 75.504886 -7.99203 9.33427 -0.15412 1.329521 -0.522786 12.462589 11.728507 -7.819223 0 0 0 0 0 0 0 0 0 0 0 0 -0.000046 -0.009835 0.533927 -0.000026 -0.007377 0.400446 -0.000011 -0.004918 0.266964 0.013985 -0.002565 0.730079 0 0 0 90.937631 6.257399 85.712711 12.003938 -1.235672 -8.470851 0 0 0 0.681838 0.483953 7.530525 75.690319 -9.031783 11.401313 -0.421239 2.455136 -0.80889 0.136695 11.118355 -3.695479 0 0 0 0 0 0 0 0 0 0 0 0 -0.0001 0.014531 -0.788725 -0.000056 0.010897 -0.591544 -0.000025 0.007264 -0.394363 -0.000006 0.00363 -0.197181 0 0 0 91.612207 6.465041 91.398526 16.65523 -2.601713 0.673565 -19.509215 -0.499225 2.669215 -0.495929 1.0206 -0.005597 85.661935 -25.787997 140.179989 78.14513 -55.161513 -6.55976 0.136345 9.211361 0.015705 2.625295 -4.929659 77.849606 10.693838 4.36324 -0.167112 5.567135 -15.31543 -24.893182 32.843447 17.185168 -5.318408 25.785783 -1.741108 1.922168 -2.817642 5.329028 6.02879 -0.034264 0 0 32.585934 2.639125 8.616079 33.869812 16.167952 5.211367 10.392643 14.898873 5.313282 0 0 0 25.291055 -3.636869 -29.862309 34.330295 -14.425032 -10.59448 -0.380694 1.802646 -4.078834 0 0 0 18.392344 -5.419129 -3.413991 36.146889 -5.93739 -10.122516 -5.323386 -0.254142 -8.603426 -0.019782 0 0 25.573081 44.865066 59.697004 50.094295 1.478634 61.051944 -3.409998 -33.683394 -51.525804 -6.076771 7.979072 9.192814 0 0 0 0 0 0.000008 0.000001 0 -9.609404 0.000001 0 -19.218816 0 0.000007 -28.828229 -0.000479 0.009229 -5.122061 -0.000282 0.006927 -3.841546 -0.000136 0.004622 -2.56103 -0.000042 0.002308 -1.280514 0 -0.013988 0 -95.988179 -40.137761 123.269614 55.532581 -72.253638 -72.732177 6.082711 0.043406 0.002305 -3.32367 -4.489165 142.507304 14.285416 19.823454 6.803737 -2.311969 -14.287035 -22.877687 38.638755 11.954777 -9.967436 23.016644 -3.979341 -6.249046 -1.728827 5.537599 0.060528 0 0 0 32.592532 0.273616 -9.317789 35.815727 3.912684 -2.99426 15.504891 9.301375 1.541793 0 0 0 24.951975 -5.325507 -14.228886 39.315321 -7.766897 -4.10672 -1.879639 1.793244 -3.987304 0 0 0 17.949807 -6.801151 12.270455 42.013601 1.704338 -2.865682 -5.795151 -2.006755 -1.763562 0 0 0 25.573081 44.865066 59.697004 2.034971 6.501325 52.750354 -9.065091 -8.55817 -30.163923 -6.076771 7.979072 9.192814 0 0 0 0 0 0.000008 0 0 7.567758 -0.000001 0 15.135507 -0.000001 0 22.703258 -0.00613 -0.035824 20.248415 -0.003415 -0.027107 15.186311 -0.001478 -0.018184 10.124207 -0.000337 -0.009126 5.062104 0 0 0 22.312974 -3.626483 -10.315386 -0.013909 0.001484 6.52827 0 0 0 -15.068028 5.637579 7.177973 135 -89.998853 135 0 0 0 0 0 0 90.000011 -63.648284 -90.000011 -5.682402 0 0 -28.319917 0 0 -16.252152 0 0 0 0 0 89.999999 -84.450026 179.999999 0 0 0 -90.000001 -84.450026 -0.000001 0 0 0 0 0 0
0 0 0 0 0 0 -0.000662 -0.05367999999999995 -0.002574 0.914868 -3.904621 1.873701 -94.628843 -0.441159 -94.447705 -0.878912 -0.011513 -12.330619 0 0 0 1.826211 -2.575762 1.223868 75.504886 -7.99203 9.33427 -0.15412 1.329521 -0.522786 12.462588 11.728512 -7.819232 0 0 0 0 0 0 0 0 0 0 0 0 -0.000045 -0.009757 0.529657 -0.000025 -0.007315 0.397243 -0.000011 -0.00488 0.264828 0.013985 -0.002544 0.729011 0 0 0 90.9272 6.250908 85.679871 11.961864 -1.231768 -8.469948 0 0 0 0.70366 0.484334 7.552257 75.690319 -9.031783 11.401313 -0.421239 2.455136 -0.80889 0.136698 11.118338 -3.695482 0 0 0 0 0 0 0 0 0 0 0 0 -0.000094 0.014056 -0.76323 -0.000053 0.010542 -0.572423 -0.000023 0.007028 -0.381615 -0.000006 0.003518 -0.190808 0 0 0 91.61298 6.467478 91.397005 16.652995 -2.603971 0.67229 -19.508021 -0.501258 2.668191 -0.40302 1.032633 0.217288 85.571132 -25.559586 140.149626 78.147016 -55.151272 -6.539204 0.136463 9.215384 0.015716 2.627137 -4.928681 77.828145 10.706093 4.355018 -0.169926 5.567135 -15.31543 -24.893182 32.843452 17.185176 -5.318422 25.785783 -1.741115 1.922168 -2.817644 5.329028 6.02879 -0.034264 0 0 32.585927 2.63914 8.616066 33.86981 16.167946 5.211366 10.392642 14.898873 5.31328 0 0 0 25.291051 -3.636853 -29.862324 34.330291 -14.425022 -10.59448 -0.380697 1.802646 -4.078836 0 0 0 18.392342 -5.419117 -3.414006 36.146895 -5.93739 -10.122515 -5.323386 -0.254142 -8.603425 -0.019782 0 0 25.573081 44.865066 59.697004 50.094279 1.478634 61.051935 -3.41 -33.683394 -51.525803 -6.076771 7.979072 9.192814 0 0 0 0 0 0.000008 0.000001 0 -9.615113 0.000001 0 -19.230234 0 0.000007 -28.845356 -0.00048 0.009236 -5.12835 -0.000282 0.006934 -3.846263 -0.000137 0.004622 -2.564175 -0.000042 0.002315 -1.282086 0 -0.013988 0 -96.120934 -40.365276 123.314181 55.580163 -72.250241 -72.758069 6.078313 0.043379 0.002302 -3.322599 -4.489957 142.493627 14.275659 19.811943 6.794733 -2.311969 -14.287035 -22.877687 38.638757 11.954751 -9.967445 23.016648 -3.97934 -6.249048 -1.728825 5.537599 0.060528 0 0 0 32.572872 0.562592 -9.317942 35.777153 3.678788 -3.163296 15.50489 9.301375 1.541791 0 0 0 24.95199 -5.325529 -14.228895 39.315328 -7.766896 -4.106722 -1.879639 1.793244 -3.987304 0 0 0 17.949819 -6.801166 12.270451 41.837802 1.897334 -2.871208 -5.630058 -2.207304 -1.743484 0 0 0 25.573081 44.865066 59.697004 2.034994 6.501321 52.750346 -9.065092 -8.558171 -30.163926 -6.076771 7.979072 9.192814 0 0 0 0 0 0.000008 0 0 7.564116 -0.000001 0 15.128224 -0.000001 0 22.692331 -0.006127 -0.035817 20.240956 -0.003412 -0.027101 15.180716 -0.001477 -0.018177 10.120478 -0.000337 -0.009119 5.06024 0 0 0 22.222582 -3.548481 -10.532227 -0.013909 0.001484 6.528267 0 0 0 -15.068035 5.637576 7.177973 135 -89.998853 135 0 0 0 0 0 0 90.000011 -63.648284 -90.000011 -5.682402 0 0 -28.319917 0 0 -16.252152 0 0 0 0 0 89.999999 -84.450026 179.999999 0 0 0 -90.000001 -84.450026 -0.000001 0 0 0 0 0 0
0 0 0 0 0 0 -0.000099 -0.05366899999999997 -0.002591 0.912951 -3.893661 1.886325 -94.638721 -0.458342 -94.44122 -0.878911 -0.011492 -12.330627 0 0 0 1.827869 -2.58903 1.229141 75.504886 -7.99203 9.33427 -0.15412 1.329521 -0.522786 12.431073 11.710861 -8.049921 0 0 0 0 0 0 0 0 0 0 0 0 -0.000044 -0.009671 0.525139 -0.000025 -0.007257 0.393854 -0.000011 -0.004836 0.262569 0.013985 -0.002524 0.727881 0 0 0 90.915766 6.233423 85.641648 11.906402 -1.226615 -8.468752 0 0 0 0.729904 0.483989 7.5802 75.690319 -9.031783 11.401313 -0.421239 2.455136 -0.80889 0.136689 11.118338 -3.695478 0 0 0 0 0 0 0 0 0 0 0 0 -0.000087 0.013513 -0.7336 -0.000049 0.010132 -0.5502 -0.000022 0.006758 -0.3668 -0.000005 0.003381 -0.1834 0 0 0 91.613467 6.471472 91.396041 16.648799 -2.604892 0.671019 -19.507803 -0.502786 2.66691 -0.407645 1.034961 0.209518 85.571124 -25.559582 140.149634 78.166825 -55.140701 -6.532855 0.13632 9.210556 0.015702 2.629049 -4.927661 77.805919 10.706872 4.338831 -0.172711 5.567135 -15.31543 -24.893182 32.843431 17.185192 -5.318394 25.785783 -1.741115 1.922169 -2.817642 5.329028 6.02879 -0.034264 0 0 32.585901 2.639136 8.616089 33.869812 16.167951 5.211368 10.39264 14.898873 5.313283 0 0 0 25.29102 -3.636851 -29.862302 34.330288 -14.425032 -10.594481 -0.380696 1.802649 -4.078834 0 0 0 18.392308 -5.41911 -3.413984 36.146889 -5.93739 -10.122516 -5.323386 -0.254142 -8.603426 -0.019782 0 0 25.573081 44.865066 59.697004 50.094272 1.478605 61.051948 -3.409993 -33.683397 -51.52581 -6.076771 7.979072 9.192814 0 0 0 0 0 0.000008 0.000001 0 -9.621025 0.000001 0 -19.242058 0 0.000007 -28.86309 -0.00048 0.009243 -5.131002 -0.000283 0.006934 -3.848251 -0.000137 0.004629 -2.5655 -0.000042 0.002315 -1.282749 0 -0.013988 0 -96.120934 -40.365276 123.31417 55.633212 -72.246775 -72.78849 6.075979 0.043365 0.002302 -3.321485 -4.490783 142.479364 14.266663 19.797696 6.784746 -2.311969 -14.287035 -22.877687 38.63875 11.954792 -9.96744 23.016648 -3.97934 -6.249049 -1.728827 5.537599 0.060529 0 0 0 32.572848 0.562625 -9.31794 35.777156 3.678788 -3.163295 15.504887 9.301375 1.541792 0 0 0 24.951964 -5.325496 -14.228895 39.315315 -7.76689 -4.106718 -1.879639 1.793244 -3.987304 0 0 0 17.949794 -6.801141 12.270445 41.837811 1.89734 -2.871204 -5.630059 -2.207304 -1.743485 0 0 0 25.573081 44.865066 59.697004 2.034961 6.501322 52.750366 -9.06509 -8.558166 -30.163926 -6.076771 7.979072 9.192814 0 0 0 0 0 0.000008 0 0 7.560318 -0.000001 0 15.120628 -0.000001 0 22.680938 -0.006121 -0.035798 20.233046 -0.003409 -0.027087 15.174784 -0.001476 -0.01817 10.116523 -0.000337 -0.009119 5.058262 0 0 0 22.222576 -3.548478 -10.532226 -0.013909 0.001484 6.528273 0 0 0 -15.068039 5.637567 7.177975 135 -89.998853 135 0 0 0 0 0 0 90.000011 -63.648284 -90.000011 -5.682402 0 0 -28.319917 0 0 -16.252152 0 0 0 0 0 89.999999 -84.450026 179.999999 0 0 0 -90.000001 -84.450026 -0.000001 0 0 0 0 0 0
0 0 0 0 0 0 0.000157 -0.05361400000000005 -0.00264 0.911597 -3.885624 1.899527 -94.649704 -0.470791 -94.435296 -0.878914 -0.011493 -12.330615 0 0 0 1.824154 -2.601094 1.232125 75.504886 -7.99203 9.33427 -0.15412 1.329521 -0.522786 12.4311 11.710852 -8.049913 0 0 0 0 0 0 0 0 0 0 0 0 -0.000044 -0.009596 0.520924 -0.000025 -0.007199 0.390693 -0.000011 -0.004798 0.260462 0.013985 -0.002507 0.726828 0 0 0 90.904927 6.22421 85.606971 11.860177 -1.222304 -8.467757 0 0 0 0.754493 0.483404 7.607495 75.690319 -9.031783 11.401313 -0.421239 2.455136 -0.80889 0.136693 11.118348 -3.695489 0 0 0 0 0 0 0 0 0 0 0 0 -0.00008 0.013015 -0.706684 -0.000045 0.009764 -0.530013 -0.00002 0.006506 -0.353342 -0.000005 0.003251 -0.176671 0 0 0 91.613222 6.477932 91.39752 16.643818 -2.60546 0.670091 -19.506464 -0.505016 2.665972 -0.410785 1.038152 0.201742 85.571127 -25.559594 140.149641 78.175047 -55.129662 -6.499516 0.136129 9.203516 0.015664 2.632463 -4.925842 77.766146 10.707377 4.326536 -0.17521 5.567135 -15.31543 -24.893182 32.843437 17.185207 -5.318412 25.785783 -1.741114 1.922167 -2.817642 5.329028 6.02879 -0.034264 0 0 32.585898 2.639152 8.616071 33.869822 16.167949 5.211368 10.39264 14.898873 5.313284 0 0 0 25.291021 -3.636836 -29.86232 34.330295 -14.425032 -10.59448 -0.380694 1.802646 -4.078834 0 0 0 18.392309 -5.419103 -3.414005 36.146892 -5.93739 -10.122515 -5.323386 -0.254142 -8.603426 -0.019782 0 0 25.573081 44.865066 59.697004 50.094257 1.478612 61.051946 -3.409997 -33.683393 -51.525798 -6.076771 7.979072 9.192814 0 0 0 0 0 0.000008 0.000001 0 -9.631603 0.000001 0 -19.263213 0 0.000007 -28.894824 -0.000482 0.009263 -5.141231 -0.000284 0.006948 -3.855923 -0.000137 0.004636 -2.570614 -0.000043 0.002322 -1.285306 0 -0.013988 0 -96.120922 -40.36527 123.314163 55.674697 -72.244889 -72.812722 6.071423 0.043331 0.002299 -3.320698 -4.491363 142.469329 14.25673 19.788606 6.777066 -2.311969 -14.287035 -22.877687 38.638763 11.954774 -9.967426 23.016646 -3.97934 -6.249047 -1.728824 5.537599 0.060528 0 0 0 32.572867 0.562622 -9.317925 35.777156 3.678789 -3.163296 15.504887 9.301375 1.541792 0 0 0 24.951982 -5.325497 -14.22888 39.315328 -7.766896 -4.106721 -1.879639 1.793244 -3.987304 0 0 0 17.949813 -6.801139 12.270462 41.837799 1.897334 -2.871208 -5.630058 -2.207304 -1.743484 0 0 0 25.573081 44.865066 59.697004 2.034974 6.501346 52.750364 -9.065093 -8.558177 -30.16392 -6.076771 7.979072 9.192814 0 0 0 0 0 0.000008 0 0 7.557645 -0.000001 0 15.115283 -0.000001 0 22.672921 -0.006118 -0.035791 20.22625 -0.003407 -0.027081 15.169688 -0.001475 -0.018164 10.113124 -0.000336 -0.009112 5.056563 0 0 0 22.222583 -3.548472 -10.532216 -0.013909 0.001484 6.52826 0 0 0 -15.068038 5.637565 7.177967 135 -89.998853 135 0 0 0 0 0 0 90.000011 -63.648284 -90.000011 -5.682402 0 0 -28.319917 0 0 -16.252152 0 0 0 0 0 89.999999 -84.450026 179.999999 0 0 0 -90.000001 -84.450026 -0.000001 0 0 0 0 0 0
0 0 0 0 0 0 0.000085 -0.05357199999999995 -0.002401 0.909759 -3.884244 1.905662 -94.660605 -0.48258 -94.432302 -0.878897 -0.011498 -12.330617 0 0 0 1.826159 -2.615001 1.230807 75.504886 -7.99203 9.33427 -0.15412 1.329521 -0.522786 12.431098 11.710861 -8.049907 0 0 0 0 0 0 0 0 0 0 0 0 -0.000043 -0.009562 0.519025 -0.000024 -0.007168 0.389268 -0.000011 -0.004778 0.259512 0.013985 -0.002496 0.726353 0 0 0 90.900671 6.224419 85.583786 11.840014 -1.220446 -8.467337 0 0 0 0.768874 0.48102 7.629517 75.690319 -9.031783 11.401313 -0.421239 2.455136 -0.80889 0.136694 11.118348 -3.695488 0 0 0 0 0 0 0 0 0 0 0 0 -0.000076 0.012683 -0.688485 -0.000043 0.009511 -0.516364 -0.000019 0.006338 -0.344243 -0.000005 0.003173 -0.172121 0 0 0 91.610972 6.48136 91.398979 16.641633 -2.60574 0.670468 -19.499763 -0.50767 2.66673 -0.418344 1.044317 0.197148 85.571126 -25.55958 140.149645 78.157993 -55.124314 -6.438123 0.136152 9.204529 0.015667 2.636504 -4.923685 77.719058 10.714658 4.326736 -0.176726 5.567135 -15.31543 -24.893182 32.843462 17.185181 -5.318408 25.78579 -1.741114 1.922164 -2.817645 5.329028 6.028789 -0.034264 0 0 32.585933 2.639143 8.61608 33.869802 16.167929 4.966097 10.456735 14.854521 5.562868 0 0 0 25.291052 -3.636844 -29.862311 34.330295 -14.425032 -10.594479 -0.380692 1.802649 -4.078834 0 0 0 18.392342 -5.419105 -3.413995 36.146889 -5.93739 -10.122516 -5.323389 -0.254143 -8.603427 -0.019782 0 0 25.573081 44.865066 59.697004 50.094274 1.478636 61.051948 -3.409996 -33.683393 -51.525804 -6.076771 7.979072 9.192814 0 0 0 0 0 0.000008 0.000001 0 -9.644127 0.000001 0 -19.288261 0 0.000007 -28.932396 -0.000485 0.00929 -5.158848 -0.000286 0.006975 -3.869135 -0.000138 0.004649 -2.579423 -0.000043 0.002329 -1.289711 0 -0.013988 0 -96.120919 -40.365277 123.314161 55.684725 -72.238448 -72.813862 6.048397 0.043161 0.002281 -3.320367 -4.491608 142.465101 14.242479 19.797495 6.776317 -2.311969 -14.287035 -22.877687 38.638755 11.954778 -9.96744 23.016644 -3.97934 -6.249047 -1.728826 5.537599 0.060528 0 0 0 32.572857 0.562612 -9.317941 35.77715 3.678788 -3.163295 15.504892 9.301375 1.541793 0 0 0 24.951975 -5.325506 -14.228894 39.315324 -7.766896 -4.106721 -1.879639 1.793244 -3.987304 0 0 0 17.949806 -6.80115 12.270448 41.837805 1.897334 -2.871209 -5.63006 -2.207304 -1.743485 0 0 0 25.573081 44.865066 59.697004 2.034968 6.501327 52.75036 -9.065092 -8.55817 -30.163923 -6.076771 7.979072 9.192814 0 0 0 0 0 0.000008 0 0 7.55652 -0.000001 0 15.11303 -0.000001 0 22.669541 -0.006118 -0.035791 20.228224 -0.003408 -0.027081 15.171169 -0.001475 -0.018164 10.114113 -0.000337 -0.009119 5.057057 0 0 0 22.222582 -3.548467 -10.532223 -0.013909 0.001484 6.528271 0 0 0 -15.06803 5.637566 7.177977 135 -89.998853 135 0 0 0 0 0 0 90.000011 -63.648284 -90.000011 -5.682402 0 0 -28.319917 0 0 -16.252152 0 0 0 0 0 89.999999 -84.450026 179.999999 0 0 0 -90.000001 -84.450026 -0.000001 0 0 0 0 0 0
0 0 0 0 0 0 -0.00026 -0.05352699999999999 -0.002249 0.906819 -3.88901 1.90614 -94.667912 -0.485316 -94.431424 -0.87891 -0.011499 -12.330624 0 0 0 1.825478 -2.625187 1.225023 75.504886 -7.99203 9.33427 -0.15412 1.329521 -0.522786 12.431083 11.71086 -8.049906 0 0 0 0 0 0 0 0 0 0 0 0 -0.000043 -0.009549 0.518482 -0.000024 -0.007165 0.388862 -0.000011 -0.004774 0.259241 0.013985 -0.002489 0.726217 0 0 0 90.900106 6.220973 85.566717 11.82526 -1.219048 -8.467021 0 0 0 0.779601 0.477346 7.651323 75.690319 -9.031783 11.401313 -0.421239 2.455136 -0.80889 0.1367 11.118365 -3.695481 0 0 0 0 0 0 0 0 0 0 0 0 -0.000073 0.012434 -0.674988 -0.000041 0.009327 -0.506241 -0.000018 0.006219 -0.337494 -0.000005 0.003111 -0.168747 0 0 0 91.606851 6.483834 91.39832 16.641601 -2.604879 0.672935 -19.488059 -0.509667 2.6698 -0.428601 1.051934 0.196313 85.571121 -25.559592 140.149636 78.135219 -55.118629 -6.379967 0.136171 9.204249 0.015676 2.63987 -4.921884 77.679848 10.722369 4.331407 -0.177508 5.567135 -15.31543 -24.893182 32.843447 17.185181 -5.318403 25.559726 -1.882327 1.929244 -2.842605 5.315075 5.99878 -0.034264 0 0 32.585925 2.639139 8.616084 33.975347 15.929476 4.995295 10.346015 15.079511 5.6056 0 0 0 25.291046 -3.63685 -29.862308 34.330291 -14.425032 -10.59448 -0.380696 1.802649 -4.078834 0 0 0 18.392335 -5.419116 -3.41399 36.146889 -5.93739 -10.122516 -5.323389 -0.254143 -8.603427 -0.019782 0 0 25.573081 44.865066 59.697004 50.094282 1.478628 61.05195 -3.410002 -33.683395 -51.525796 -6.076771 7.979072 9.192814 0 0 0 0 0 0.000008 0.000001 0 -9.654555 0.000001 0 -19.309117 0 0.000007 -28.963679 -0.000488 0.009324 -5.175376 -0.000287 0.006995 -3.881532 -0.000139 0.00467 -2.587687 -0.000043 0.002336 -1.293843 0 -0.013988 0 -96.120932 -40.365271 123.314167 55.674026 -72.238698 -72.799299 6.034235 0.043073 0.002268 -3.320203 -4.491729 142.462996 14.232385 19.808981 6.778077 -2.311969 -14.287035 -22.877687 38.63874 11.954787 -9.96744 23.016646 -3.97934 -6.249047 -1.728826 5.537599 0.060526 0 0 0 32.572842 0.562618 -9.31794 35.77715 3.678788 -3.163295 15.50489 9.301375 1.541791 0 0 0 24.951959 -5.325497 -14.228893 39.315328 -7.766896 -4.106721 -1.879639 1.793244 -3.987303 0 0 0 17.949789 -6.801141 12.270449 41.837805 1.897334 -2.871208 -5.630058 -2.207304 -1.743484 0 0 0 25.573081 44.865066 59.697004 2.034962 6.501322 52.750369 -9.065094 -8.558181 -30.163917 -6.076771 7.979072 9.192814 0 0 0 0 0 0.000008 0 0 7.555959 -0.000001 0 15.11191 -0.000001 0 22.667861 -0.006118 -0.035791 20.22664 -0.003407 -0.027081 15.169978 -0.001475 -0.018164 10.11332 -0.000336 -0.009112 5.056661 0 0 0 22.222577 -3.548472 -10.53222 -0.013909 0.001484 6.528262 0 0 0 -15.068045 5.637576 7.177966 135 -89.998853 135 0 0 0 0 0 0 90.000011 -63.648284 -90.000011 -5.682402 0 0 -28.319917 0 0 -16.252152 0 0 0 0 0 89.999999 -84.450026 179.999999 0 0 0 -90.000001 -84.450026 -0.000001 0 0 0 0 0 0
0 0 0 0 0 0 -0.000203 -0.05352699999999999 -0.002284 0.903689 -3.902491 1.904049 -94.674424 -0.476082 -94.435383 -0.878904 -0.011526 -12.330622 0 0 0 1.815526 -2.631569 1.215253 75.504886 -7.99203 9.33427 -0.15412 1.329521 -0.522786 12.431075 11.710861 -8.049922 0 0 0 0 0 0 0 0 0 0 0 0 -0.000044 -0.009603 0.521392 -0.000025 -0.007202 0.391044 -0.000011 -0.004802 0.260696 0.013985 -0.002507 0.726945 0 0 0 90.89732 6.211967 85.554276 11.811852 -1.217824 -8.46673 0 0 0 0.786788 0.476765 7.677463 75.690319 -9.031783 11.401313 -0.421239 2.455136 -0.80889 0.136689 11.118369 -3.695484 0 0 0 0 0 0 0 0 0 0 0 0 -0.000071 0.012257 -0.66532 -0.00004 0.00919 -0.49899 -0.000018 0.006127 -0.33266 -0.000004 0.003063 -0.16633 0 0 0 91.602987 6.486256 91.397713 16.642522 -2.603424 0.674516 -19.474224 -0.51162 2.672073 -0.439516 1.060433 0.205889 85.450719 -25.4835 139.998789 77.849835 -55.279917 -6.055065 0.136034 9.200435 0.015646 2.641839 -4.920831 77.656868 10.729306 4.33106 -0.178668 5.567135 -15.31543 -24.893182 32.843462 17.185176 -5.318418 25.559727 -1.882328 1.929247 -2.842607 5.315075 5.998779 -0.034264 0 0 32.585937 2.639139 8.616067 33.97535 15.929476 4.995295 10.346015 15.079511 5.6056 0 0 0 25.291059 -3.636851 -29.862324 34.330298 -14.425031 -10.594481 -0.380695 1.802646 -4.078833 0 0 0 18.392348 -5.419113 -3.414005 36.146894 -5.937396 -10.122516 -5.323386 -0.254142 -8.603426 -0.019782 0 0 25.573081 44.865066 59.697004 50.094282 1.478638 61.051936 -3.410005 -33.683396 -51.525799 -6.076771 7.979072 9.192814 0 0 0 0 0 0.000008 0.000001 0 -9.660667 0.000001 0 -19.321343 0 0.000007 -28.982018 -0.000503 0.009474 -5.258882 -0.000296 0.007111 -3.944161 -0.000143 0.004745 -2.62944 -0.000044 0.00237 -1.314719 0 -0.013988 0 -96.273126 -40.265019 123.178768 54.867759 -72.359688 -71.912511 6.048553 0.043161 0.002282 -3.318751 -4.492799 142.444494 14.228936 19.809603 6.7757 -2.311969 -14.287035 -22.877687 38.638728 11.95479 -9.967433 23.016647 -3.979344 -6.249045 -1.728828 5.537599 0.060528 0 0 0 32.572833 0.562609 -9.317937 35.777156 3.678788 -3.163295 15.50489 9.301375 1.541791 0 0 0 24.951947 -5.325506 -14.22889 39.238066 -7.533888 -4.096433 -1.81971 1.555488 -3.979622 0 0 0 17.949775 -6.80115 12.270453 41.837802 1.897333 -2.871207 -5.630055 -2.207304 -1.743487 0 0 0 25.573081 44.865066 59.697004 2.034969 6.501311 52.750381 -9.065092 -8.558171 -30.163926 -6.076771 7.979072 9.192814 0 0 0 0 0 0.000008 0 0 7.551031 -0.000001 0 15.102052 -0.000001 0 22.653075 -0.006039 -0.035569 20.098414 -0.003363 -0.026914 15.07381 -0.001456 -0.018049 10.049207 -0.000332 -0.009058 5.024604 0 0 0 22.222581 -3.548477 -10.532226 -0.013912 0.001455 6.397979 0 0 0 -15.34946 5.664497 6.991478 135 -89.998853 135 0 0 0 0 0 0 90.000011 -63.648284 -90.000011 -5.682402 0 0 -28.319917 0 0 -16.252152 0 0 0 0 0 89.999999 -84.450026 179.999999 0 0 0 -90.000001 -84.450026 -0.000001 0 0 0 0 0 0
0 0 0 0 0 0 0.000135 -0.053530999999999995 -0.002398 0.901251 -3.917011 1.897844 -94.683505 -0.464424 -94.438906 -0.878907 -0.011499 -12.33063 0 0 0 1.806571 -2.640213 1.203684 75.504886 -7.99203 9.33427 -0.15412 1.329521 -0.522786 12.431099 11.710866 -8.049916 0 0 0 0 0 0 0 0 0 0 0 0 -0.000044 -0.009651 0.523898 -0.000025 -0.007237 0.392923 -0.000011 -0.004822 0.261949 0.013985 -0.00252 0.727571 0 0 0 90.891427 6.203503 85.546431 11.805257 -1.217217 -8.466601 0 0 0 0.792522 0.479966 7.700381 75.690319 -9.031783 11.401313 -0.421239 2.455136 -0.80889 0.136692 11.118352 -3.695477 0 0 0 0 0 0 0 0 0 0 0 0 -0.00007 0.012147 -0.659451 -0.000039 0.009111 -0.494588 -0.000017 0.006072 -0.329725 -0.000004 0.003039 -0.164863 0 0 0 91.600835 6.48459 91.399287 16.646514 -2.602869 0.673873 -19.459981 -0.514136 2.672291 -0.453671 1.06852 0.218286 85.431369 -25.732565 139.923297 77.898757 -55.390734 -6.318576 0.136033 9.200168 0.015649 2.642606 -4.920417 77.647954 10.738048 4.330241 -0.17985 5.567135 -15.31543 -24.893182 32.843434 17.185206 -5.318409 25.559723 -1.882328 1.929246 -2.842604 5.315075 5.998778 -0.034264 0 0 32.585908 2.63915 8.616074 33.97535 15.929476 4.995295 10.346015 15.079511 5.6056 0 0 0 25.291028 -3.636838 -29.862318 34.330295 -14.425032 -10.59448 -0.380694 1.802646 -4.078834 0 0 0 18.392316 -5.419097 -3.414 36.146891 -5.937397 -10.122516 -5.323385 -0.254142 -8.603425 -0.019782 0 0 25.573081 44.865066 59.697004 50.094257 1.478612 61.051946 -3.410009 -33.683393 -51.525789 -6.076771 7.979072 9.192814 0 0 0 0 0 0.000008 0.000001 0 -9.663037 0.000001 0 -19.326081 0 0.000007 -28.989125 -0.000489 0.009331 -5.180182 -0.000288 0.007002 -3.885136 -0.000139 0.00467 -2.59009 -0.000043 0.002336 -1.295044 0 -0.013988 0 -96.273141 -40.265023 123.178782 54.843076 -72.374617 -71.859081 6.068337 0.043311 0.002292 -3.316544 -4.494427 142.416318 14.230187 19.807951 6.77288 -2.311969 -14.287035 -22.877687 38.638767 11.954785 -9.967435 23.01664 -3.979337 -6.249047 -1.728825 5.537599 0.060528 0 0 0 32.57286 0.562625 -9.317935 35.777156 3.678788 -3.163295 15.50489 9.301375 1.541791 0 0 0 24.951976 -5.325496 -14.22889 39.238066 -7.533887 -4.096433 -1.81971 1.555488 -3.979622 0 0 0 17.949807 -6.801137 12.270451 41.837802 1.897334 -2.871208 -5.630057 -2.207304 -1.743486 0 0 0 25.573081 44.865066 59.697004 2.034964 6.501336 52.75036 -9.065093 -8.558171 -30.163926 -6.076771 7.979072 9.192814 0 0 0 0 0 0.000008 0 0 7.543529 -0.000001 0 15.08705 -0.000001 0 22.63057 -0.006024 -0.03553 20.072586 -0.003355 -0.026881 15.054438 -0.001452 -0.018028 10.036293 -0.000331 -0.009044 5.018147 0 0 0 22.222579 -3.548479 -10.532235 -0.013912 0.001455 6.397975 0 0 0 -15.349476 5.664501 6.991474 135 -89.998853 135 0 0 0 0 0 0 90.000011 -63.648284 -90.000011 -5.682402 0 0 -28.319917 0 0 -16.252152 0 0 0 0 0 89.999999 -84.450026 179.999999 0 0 0 -90.000001 -84.450026 -0.000001 0 0 0 0 0 0
0 0 0 0 0 0 0.000764 -0.05354700000000001 -0.002528 0.899524 -3.927298 1.890697 -94.694206 -0.462408 -94.436441 -0.878905 -0.011519 -12.330628 0 0 0 1.807836 -2.652894 1.190192 75.504886 -7.99203 9.33427 -0.15412 1.329521 -0.522786 12.431088 11.710871 -8.04991 0 0 0 0 0 0 0 0 0 0 0 0 -0.000044 -0.009617 0.521963 -0.000025 -0.007213 0.391472 -0.000011 -0.004808 0.260981 0.013985 -0.002507 0.727087 0 0 0 90.884586 6.204808 85.541824 11.799807 -1.216697 -8.466476 0 0 0 0.807787 0.482582 7.71596 75.690319 -9.031783 11.401313 -0.421239 2.455136 -0.80889 0.136683 11.118365 -3.695489 0 0 0 0 0 0 0 0 0 0 0 0 -0.000069 0.012086 -0.656126 -0.000039 0.009064 -0.492095 -0.000017 0.006045 -0.328063 -0.000004 0.003022 -0.164032 0 0 0 91.600561 6.484681 91.402118 16.656202 -2.603813 0.672239 -19.449739 -0.516576 2.671536 -0.46662 1.075097 0.226906 85.43136 -25.732577 139.923309 77.902519 -55.396049 -6.326911 0.13617 9.205404 0.015673 2.64216 -4.920656 77.653167 10.737615 4.329445 -0.179831 5.567135 -15.31543 -24.893182 32.843436 17.1852 -5.31841 25.559722 -1.882328 1.929248 -2.842604 5.315075 5.998779 -0.034264 0 0 32.585908 2.63915 8.616075 33.97535 15.929476 4.995295 10.346015 15.079511 5.6056 0 0 0 25.291028 -3.636845 -29.862318 34.330295 -14.425032 -10.59448 -0.380694 1.802646 -4.078834 0 0 0 18.392315 -5.419104 -3.414001 36.146892 -5.93739 -10.122515 -5.323386 -0.254142 -8.603426 -0.019782 0 0 25.573081 44.865066 59.697004 50.09426 1.478612 61.051943 -3.410002 -33.6834 -51.525798 -6.076771 7.979072 9.192814 0 0 0 0 0 0.000008 0.000001 0 -9.661652 0.000001 0 -19.323312 0 0.000007 -28.984974 -0.000488 0.009324 -5.177733 -0.000287 0.007002 -3.883299 -0.000139 0.00467 -2.588865 -0.000043 0.002336 -1.294432 0 -0.013988 0 -96.273145 -40.265015 123.178771 54.851066 -72.381155 -71.84865 6.08127 0.043406 0.002308 -3.309522 -4.499595 142.326762 14.322479 20.030141 6.887268 -2.311969 -14.287035 -22.877687 38.47962 11.786922 -9.926395 23.029586 -3.899499 -6.17331 -1.7544 5.529575 -0.204658 0 0 0 32.541406 0.355647 -9.478191 35.777159 3.678788 -3.163295 15.504891 9.301375 1.541793 0 0 0 24.934321 -5.551883 -14.360899 39.238068 -7.533891 -4.096434 -1.819707 1.555488 -3.979623 0 0 0 17.956534 -6.76916 12.163926 41.865898 1.694974 -2.79202 -5.620009 -2.232846 -1.744482 0 0 0 25.573081 44.865066 59.697004 1.903854 6.728616 52.639237 -8.563022 -8.619531 -30.154295 -6.076771 7.979072 9.192814 0 0 0 0 0 0.000008 0 0 7.51968 -0.000001 0 15.03935 -0.000001 0 22.559024 -0.006015 -0.035504 20.058374 -0.00335 -0.026861 15.04378 -0.00145 -0.018015 10.029187 -0.00033 -0.009037 5.014594 0 0 0 22.222568 -3.548476 -10.532221 -0.013912 0.001455 6.397977 0 0 0 -15.34946 5.664497 6.991475 135 -89.998853 135 0 0 0 0 0 0 90.000011 -63.648284 -90.000011 -5.682402 0 0 -28.319917 0 0 -16.252152 0 0 0 0 0 89.999999 -84.450026 179.999999 0 0 0 -90.000001 -84.450026 -0.000001 0 0 0 0 0 0
0 0 0 0 0 0 0.001148 -0.05357999999999996 -0.002678 0.897288 -3.938669 1.885485 -94.702852 -0.466428 -94.432509 -0.8789 -0.011498 -12.330615 0 0 0 1.813547 -2.665225 1.174254 75.504886 -7.99203 9.33427 -0.15412 1.329521 -0.522786 12.431086 11.710857 -8.049913 0 0 0 0 0 0 0 0 0 0 0 0 -0.000043 -0.009562 0.519042 -0.000024 -0.007168 0.389282 -0.000011 -0.004778 0.259521 0.013985 -0.002496 0.726357 0 0 0 90.878877 6.215703 85.55036 11.811832 -1.217825 -8.466737 0 0 0 0.81391 0.489728 7.719831 75.690319 -9.031783 11.401313 -0.421239 2.455136 -0.80889 0.136694 11.118352 -3.695475 0 0 0 0 0 0 0 0 0 0 0 0 -0.000071 0.012216 -0.663104 -0.00004 0.009163 -0.497328 -0.000018 0.006106 -0.331552 -0.000004 0.003057 -0.165776 0 0 0 91.600865 6.491044 91.404786 16.671576 -2.605277 0.671512 -19.443693 -0.517449 2.671482 -0.476685 1.080613 0.235082 85.43136 -25.732577 139.923309 77.913143 -55.411454 -6.351693 0.136344 9.211834 0.015699 2.640816 -4.921378 77.668804 10.728059 4.329323 -0.178589 5.567135 -15.31543 -24.893182 32.843453 17.185193 -5.318416 25.559726 -1.882328 1.929249 -2.842605 5.315071 5.998779 -0.034264 0 0 32.585923 2.639147 8.61607 33.97535 15.929476 4.995294 10.346019 15.079511 5.605599 0 0 0 25.291046 -3.63684 -29.862323 34.330298 -14.425031 -10.594481 -0.380695 1.802646 -4.078833 0 0 0 18.392334 -5.419103 -3.414005 36.146889 -5.93739 -10.122516 -5.323389 -0.254143 -8.603427 -0.019782 0 0 25.573081 44.865066 59.697004 50.094267 1.478635 61.05194 -3.410005 -33.683401 -51.525794 -6.076771 7.979072 9.192814 0 0 0 0 0 0.000008 0.000001 0 -9.657492 0.000001 0 -19.314993 0 0.000007 -28.972491 -0.000487 0.009311 -5.170409 -0.000287 0.006988 -3.877806 -0.000139 0.004663 -2.585204 -0.000043 0.002329 -1.292601 0 -0.013988 0 -96.273145 -40.265015 123.178771 54.887248 -72.391659 -71.87647 6.094169 0.043488 0.002315 -3.30932 -4.499744 142.324185 14.315969 20.016749 6.879353 -2.311969 -14.287035 -22.877687 38.479581 11.786947 -9.926417 23.02959 -3.899498 -6.173313 -1.754397 5.529582 -0.204659 0 0 0 32.541359 0.355654 -9.219107 35.763363 3.830242 -2.997655 15.445169 9.401784 1.537376 0 0 0 24.934278 -5.551877 -14.360918 39.238066 -7.533887 -4.096434 -1.819706 1.555488 -3.979622 0 0 0 17.956491 -6.769166 12.163905 41.865894 1.694968 -2.792023 -5.620009 -2.232846 -1.744481 0 0 0 25.573081 44.865066 59.697004 1.903828 6.728576 52.639259 -8.563021 -8.619534 -30.154299 -6.076771 7.979072 9.192814 0 0 0 0 0 0.000008 0 0 7.518994 -0.000001 0 15.03798 -0.000001 0 22.556967 -0.006006 -0.035478 20.044093 -0.003345 -0.026841 15.033068 -0.001448 -0.018001 10.022046 -0.00033 -0.009031 5.011024 0 0 0 22.222568 -3.548476 -10.532221 -0.013912 0.001455 6.39798 0 0 0 -15.349449 5.664511 6.991483 135 -89.998853 135 0 0 0 0 0 0 90.000011 -63.648284 -90.000011 -5.682402 0 0 -28.319917 0 0 -16.252152 0 0 0 0 0 89.999999 -84.450026 179.999999 0 0 0 -90.000001 -84.450026 -0.000001 0 0 0 0 0 0
0 0 0 0 0 0 0.001413 -0.05354899999999996 -0.002551 0.894446 -3.949464 1.884439 -94.707695 -0.464469 -94.429367 -0.87891 -0.011506 -12.330619 0 0 0 1.810488 -2.671604 1.160103 75.504886 -7.99203 9.33427 -0.15412 1.329521 -0.522786 12.431077 11.71086 -8.049913 0 0 0 0 0 0 0 0 0 0 0 0 -0.000043 -0.009518 0.516516 -0.000024 -0.007134 0.387387 -0.000011 -0.004761 0.258258 0.013985 -0.002486 0.725726 0 0 0 90.873465 6.223662 85.57235 11.840588 -1.220465 -8.467353 0 0 0 0.79746 0.505651 7.710194 75.690319 -9.031783 11.401313 -0.421239 2.455136 -0.80889 0.13669 11.118355 -3.695483 0 0 0 0 0 0 0 0 0 0 0 0 -0.000075 0.01254 -0.680772 -0.000042 0.009405 -0.510579 -0.000019 0.00627 -0.340386 -0.000005 0.003135 -0.170193 0 0 0 91.600731 6.499049 91.405068 16.690209 -2.605988 0.672313 -19.439539 -0.515841 2.6728 -0.490606 1.083118 0.242266 85.431389 -25.732572 139.923289 77.912438 -55.420576 -6.365266 0.136475 9.216703 0.015725 2.639624 -4.922017 77.682699 10.724864 4.333502 -0.177419 5.567135 -15.31543 -24.893182 32.843447 17.185175 -5.318395 25.559728 -1.882327 1.929243 -2.842606 5.315075 5.99878 -0.034264 0 0 32.585924 2.639133 8.616091 33.975347 15.929476 4.995295 10.346015 15.079511 5.6056 0 0 0 25.291047 -3.636863 -29.8623 34.330295 -14.425032 -10.59448 -0.380694 1.802646 -4.078838 0 0 0 18.392335 -5.419117 -3.41398 36.146886 -5.937391 -10.122516 -5.323388 -0.254142 -8.603426 -0.019782 0 0 25.573081 44.865066 59.697004 50.09429 1.478621 61.051958 -3.409998 -33.683398 -51.525805 -6.076771 7.979072 9.192814 0 0 0 0 0 0.000008 0.000001 0 -9.653796 0.000001 0 -19.3076 0 0.000007 -28.961405 -0.000486 0.009304 -5.166201 -0.000286 0.006982 -3.87465 -0.000138 0.004656 -2.583099 -0.000043 0.002329 -1.291549 0 -0.013988 0 -96.273134 -40.26502 123.178785 54.900414 -72.404575 -71.89053 6.105302 0.043576 0.002325 -3.309625 -4.499521 142.328051 14.310176 20.011594 6.87578 -2.311969 -14.287035 -22.877687 38.684763 11.965674 -9.884186 22.804894 -4.029856 -6.228556 -1.7544 5.529582 -0.204659 0 0 0 32.54139 0.355661 -9.219097 35.763366 3.830243 -2.997656 15.445166 9.401784 1.537377 0 0 0 24.934305 -5.551871 -14.124503 39.262033 -7.384317 -3.907999 -1.829795 1.543609 -3.972233 0 0 0 17.95652 -6.76915 12.163913 41.865894 1.694968 -2.792023 -5.620009 -2.232846 -1.744481 0 0 0 25.573081 44.865066 59.697004 1.903834 6.728611 52.639239 -8.563025 -8.619535 -30.154299 -6.076771 7.979072 9.192814 0 0 0 0 0 0.000008 0 0 7.520024 -0.000001 0 15.040042 -0.000001 0 22.560057 -0.005999 -0.035458 20.032023 -0.003341 -0.026827 15.024018 -0.001446 -0.017995 10.016012 -0.00033 -0.009031 5.008006 0 0 0 22.22259 -3.548483 -10.532231 -0.013912 0.001455 6.397973 0 0 0 -15.349466 5.6645 6.991472 135 -89.998853 135 0 0 0 0 0 0 90.000011 -63.648284 -90.000011 -5.682402 0 0 -28.319917 0 0 -16.252152 0 0 0 0 0 89.999999 -84.450026 179.999999 0 0 0 -90.000001 -84.450026 -0.000001 0 0 0 0 0 0
0 0 0 0 0 0 0.001626 -0.05353399999999997 -0.002282 0.891821 -3.955999 1.884435 -94.711246 -0.458451 -94.429238 -0.8789 -0.011498 -12.330618 0 0 0 1.802928 -2.675425 1.15337 75.504886 -7.99203 9.33427 -0.15412 1.329521 -0.522786 12.431089 11.710861 -8.04991 0 0 0 0 0 0 0 0 0 0 0 0 -0.000043 -0.009508 0.516244 -0.000024 -0.007131 0.387183 -0.000011 -0.004757 0.258122 0.013985 -0.002483 0.725658 0 0 0 90.868851 6.228307 85.595049 11.863297 -1.222585 -8.467829 0 0 0 0.782507 0.520926 7.695488 75.690319 -9.031783 11.401313 -0.421239 2.455136 -0.80889 0.136697 11.118356 -3.695482 0 0 0 0 0 0 0 0 0 0 0 0 -0.000079 0.012878 -0.69899 -0.000044 0.009658 -0.524243 -0.00002 0.006437 -0.349495 -0.000005 0.00322 -0.174747 0 0 0 91.599646 6.50802 91.402586 16.708636 -2.605195 0.673845 -19.438043 -0.512451 2.674495 -0.501678 1.08258 0.247357 85.431357 -25.732582 139.923306 77.903866 -55.429824 -6.372514 0.136567 9.220129 0.015733 2.638425 -4.922656 77.696707 10.721612 4.342237 -0.175583 5.567135 -15.31543 -24.893182 32.843446 17.185177 -5.318391 25.559726 -1.882328 1.929246 -2.842605 5.315075 5.998779 -0.034264 0 0 32.585921 2.639132 8.616094 33.975344 15.929476 4.995296 10.346019 15.079511 5.6056 0 0 0 25.29104 -3.636858 -29.862295 34.33029 -14.425029 -10.594478 -0.380697 1.802646 -4.078832 0 0 0 18.392327 -5.419115 -3.413976 36.146891 -5.937396 -10.122517 -5.323389 -0.254143 -8.603427 -0.019782 0 0 25.573081 44.865066 59.697004 50.09429 1.478621 61.051958 -3.410004 -33.6834 -51.525797 -6.076771 7.979072 9.192814 0 0 0 0 0 0.000008 0.000001 0 -9.65007 0.000001 0 -19.300148 0 0.000007 -28.950228 -0.000486 0.009304 -5.163604 -0.000286 0.006982 -3.872703 -0.000138 0.004656 -2.581801 -0.000043 0.002329 -1.2909 0 -0.013988 0 -96.273143 -40.265012 123.17877 54.924538 -72.41091 -71.917683 6.119551 0.043671 0.002335 -3.309993 -4.49925 142.33276 14.311854 19.999271 6.871404 -2.311969 -14.287035 -22.877687 38.684774 11.965671 -9.884193 22.804892 -4.029862 -6.228558 -1.754398 5.529582 -0.204657 0 0 0 32.541402 0.355664 -9.219104 35.763357 3.830241 -2.997653 15.445169 9.401784 1.537376 0 0 0 24.934318 -5.551871 -14.124509 39.262037 -7.384316 -3.908001 -1.829796 1.543609 -3.972233 0 0 0 17.956532 -6.76915 12.163906 41.865901 1.694974 -2.79202 -5.62001 -2.232846 -1.744481 0 0 0 25.573081 44.865066 59.697004 1.903832 6.728612 52.639233 -8.563026 -8.619532 -30.154298 -6.076771 7.979072 9.192814 0 0 0 0 0 0.000008 0 0 7.521278 -0.000001 0 15.042548 -0.000001 0 22.563818 -0.005996 -0.035452 20.026804 -0.003339 -0.026821 15.020103 -0.001445 -0.017988 10.013402 -0.000329 -0.009024 5.006702 0 0 0 22.22257 -3.548476 -10.53222 -0.013912 0.001455 6.397971 0 0 0 -15.349462 5.66451 6.991467 135 -89.998853 135 0 0 0 0 0 0 90.000011 -63.648284 -90.000011 -5.682402 0 0 -28.319917 0 0 -16.252152 0 0 0 0 0 89.999999 -84.450026 179.999999 0 0 0 -90.000001 -84.450026 -0.000001 0 0 0 0 0 0
0 0 0 0 0 0 0.001819 -0.05348300000000006 -0.002034 0.887472 -3.967023 1.884376 -94.718617 -0.458131 -94.428956 -0.878903 -0.011505 -12.330626 0 0 0 1.79929 -2.685932 1.141859 75.504886 -7.99203 9.33427 -0.15412 1.329521 -0.522786 12.431085 11.71086 -8.049907 0 0 0 0 0 0 0 0 0 0 0 0 -0.000043 -0.009508 0.516075 -0.000024 -0.007131 0.387056 -0.000011 -0.00475 0.258038 0.013985 -0.002479 0.725615 0 0 0 90.864927 6.246024 85.623147 11.887185 -1.22484 -8.468337 0 0 0 0.779743 0.535081 7.680172 75.690319 -9.031783 11.401313 -0.421239 2.455136 -0.80889 0.136696 11.118355 -3.695482 0 0 0 0 0 0 0 0 0 0 0 0 -0.000084 0.013288 -0.72136 -0.000047 0.009965 -0.54102 -0.000021 0.006646 -0.36068 -0.000005 0.003323 -0.18034 0 0 0 91.59788 6.517971 91.401379 16.723932 -2.60367 0.67552 -19.438304 -0.50834 2.676125 -0.506879 1.083947 0.255675 85.431372 -25.732582 139.923305 77.897218 -55.441694 -6.38716 0.136688 9.22419 0.015755 2.636729 -4.923566 77.716425 10.71638 4.351467 -0.173375 5.567135 -15.31543 -24.893182 32.843424 17.185186 -5.318405 25.559728 -1.882328 1.929247 -2.842606 5.315075 5.998781 -0.034264 0 0 32.585905 2.63913 8.61608 33.975347 15.929476 4.995294 10.346015 15.079511 5.605599 0 0 0 25.291024 -3.636859 -29.862308 34.330295 -14.425032 -10.59448 -0.380694 1.802646 -4.078834 0 0 0 18.392312 -5.419123 -3.413991 36.146891 -5.937396 -10.122517 -5.323386 -0.254142 -8.603425 -0.019782 0 0 25.573081 44.865066 59.697004 50.094282 1.478608 61.051942 -3.410003 -33.683395 -51.525799 -6.076771 7.979072 9.192814 0 0 0 0 0 0.000008 0.000001 0 -9.644827 0.000001 0 -19.289663 0 0.000007 -28.934497 -0.000485 0.00929 -5.158835 -0.000286 0.006975 -3.869125 -0.000138 0.004649 -2.579416 -0.000043 0.002329 -1.289707 0 -0.013988 0 -96.273124 -40.265013 123.178764 54.951723 -72.419174 -71.944393 6.143226 0.043848 0.002356 -3.310052 -4.499206 142.333517 14.318203 19.980886 6.865442 -2.311969 -14.287035 -22.877687 38.684743 11.965655 -9.88419 22.804897 -4.029859 -6.228559 -1.754398 5.529582 -0.204658 0 0 0 32.541379 0.355639 -9.219099 35.763363 3.830242 -2.997655 15.445166 9.401784 1.537377 0 0 0 25.01198 -5.297773 -14.131845 39.143873 -7.560649 -4.053062 -1.829797 1.543609 -3.972233 0 0 0 17.956507 -6.769173 12.163916 41.865898 1.694968 -2.792024 -5.620006 -2.232839 -1.744483 0 0 0 25.573081 44.865066 59.697004 1.903851 6.728595 52.639252 -8.563024 -8.619535 -30.154302 -6.076771 7.979072 9.192814 0 0 0 0 0 0.000008 0 0 7.52148 -0.000001 0 15.04295 -0.000001 0 22.564422 -0.005991 -0.035439 20.01822 -0.003336 -0.026807 15.013665 -0.001444 -0.017981 10.00911 -0.000329 -0.009024 5.004556 0 0 0 22.222581 -3.548479 -10.532219 -0.013914 0.001443 6.354293 0 0 0 -15.381177 5.417136 7.0028 135 -89.998853 135 0 0 0 0 0 0 90.000011 -63.648284 -90.000011 -5.682402 0 0 -28.319917 0 0 -16.252152 0 0 0 0 0 89.999999 -84.450026 179.999999 0 0 0 -90.000001 -84.450026 -0.000001 0 0 0 0 0 0
0 0 0 0 0 0 0.002233 -0.05340699999999998 -0.002117 0.883135 -3.98529 1.886811 -94.729403 -0.463531 -94.42403 -0.878902 -0.011512 -12.33062 0 0 0 1.797772 -2.700081 1.118633 75.504886 -7.99203 9.33427 -0.15412 1.329521 -0.522786 12.431103 11.710862 -8.049913 0 0 0 0 0 0 0 0 0 0 0 0 -0.000042 -0.009439 0.512427 -0.000024 -0.007079 0.38432 -0.000011 -0.004723 0.256213 0.013985 -0.002465 0.724703 0 0 0 90.858947 6.270176 85.653737 11.90891 -1.226833 -8.468808 0 0 0 0.78337 0.549284 7.669862 75.690319 -9.031783 11.401313 -0.421239 2.455136 -0.80889 0.136693 11.118365 -3.695476 0 0 0 0 0 0 0 0 0 0 0 0 -0.000089 0.013735 -0.745759 -0.00005 0.0103 -0.559319 -0.000022 0.006868 -0.37288 -0.000006 0.003432 -0.18644 0 0 0 91.595131 6.52461 91.402886 16.73907 -2.600898 0.67737 -19.437676 -0.503263 2.677846 -0.518561 1.084294 0.268266 85.431364 -25.732577 139.923317 77.880766 -55.449054 -6.402372 0.136765 9.22766 0.015769 2.634286 -4.924869 77.744913 10.716917 4.366092 -0.170847 5.567135 -15.31543 -24.893182 32.843446 17.185207 -5.318417 25.559724 -1.882335 1.929246 -2.842605 5.315075 5.99878 -0.034264 0 0 32.585912 2.639156 8.616065 33.975353 15.929475 4.995295 10.346019 15.079511 5.605601 0 0 0 25.291036 -3.636834 -29.862326 34.330295 -14.425032 -10.594479 -0.380695 1.802646 -4.078837 0 0 0 18.392325 -5.419095 -3.41401 36.146889 -5.93739 -10.122516 -5.323386 -0.254142 -8.603426 -0.019782 0 0 25.573081 44.865066 59.697004 50.094253 1.478625 61.051942 -3.410004 -33.683401 -51.5258 -6.076771 7.979072 9.192814 0 0 0 0 0 0.000008 0.000001 0 -9.637249 0.000001 0 -19.274506 0 0.000007 -28.911763 -0.000484 0.009284 -5.153727 -0.000285 0.006968 -3.865295 -0.000138 0.004649 -2.576863 -0.000043 0.002322 -1.28843 0 -0.013988 0 -96.27312 -40.265011 123.178758 54.952504 -72.423139 -71.943912 6.159141 0.043957 0.002364 -3.309829 -4.49937 142.330668 14.326451 19.972205 6.863893 -2.311969 -14.287035 -22.877687 38.684749 11.965656 -9.884193 22.804887 -4.029863 -6.228554 -1.754398 5.529582 -0.204658 0 0 0 32.541395 0.355642 -9.219103 35.763357 3.830242 -2.997654 15.445162 9.401784 1.537379 0 0 0 25.011997 -5.297774 -14.131851 39.143872 -7.560643 -4.05306 -1.829794 1.543609 -3.972234 0 0 0 17.956526 -6.769171 12.163912 41.865892 1.694974 -2.792019 -5.620011 -2.232839 -1.74448 0 0 0 25.573081 44.865066 59.697004 1.903851 6.728602 52.639234 -8.563025 -8.619531 -30.154295 -6.076771 7.979072 9.192814 0 0 0 0 0 0.000008 0 0 7.520721 -0.000001 0 15.041433 -0.000001 0 22.562145 -0.005987 -0.035425 20.013919 -0.003334 -0.026801 15.010439 -0.001443 -0.017974 10.006959 -0.000329 -0.009017 5.00348 0 0 0 22.222579 -3.548469 -10.532217 -0.013914 0.001443 6.354295 0 0 0 -15.38118 5.417134 7.002809 135 -89.998853 135 0 0 0 0 0 0 90.000011 -63.648284 -90.000011 -5.682402 0 0 -28.319917 0 0 -16.252152 0 0 0 0 0 89.999999 -84.450026 179.999999 0 0 0 -90.000001 -84.450026 -0.000001 0 0 0 0 0 0
0 0 0 0 0 0 0.002654 -0.053439000000000014 -0.002403 0.87998 -4.003569 1.885914 -94.738099 -0.473215 -94.417841 -0.878908 -0.011492 -12.330618 0 0 0 1.804481 -2.713272 1.093877 75.504886 -7.99203 9.33427 -0.15412 1.329521 -0.522786 12.431085 11.710862 -8.049925 0 0 0 0 0 0 0 0 0 0 0 0 -0.000041 -0.009354 0.507897 -0.000023 -0.007015 0.380923 -0.00001 -0.004679 0.253948 0.013985 -0.002445 0.723571 0 0 0 90.853444 6.287047 85.680549 11.922491 -1.228109 -8.469095 0 0 0 0.79051 0.560068 7.66294 75.690319 -9.031783 11.401313 -0.421239 2.455136 -0.80889 0.136691 11.118365 -3.695476 0 0 0 0 0 0 0 0 0 0 0 0 -0.000095 0.014135 -0.767192 -0.000053 0.0106 -0.575394 -0.000024 0.007066 -0.383596 -0.000006 0.003535 -0.191798 0 0 0 91.592197 6.530135 91.403782 16.758033 -2.5944 0.679597 -19.432748 -0.495961 2.679852 -0.535818 1.077579 0.28208 85.431369 -25.732578 139.923293 77.863147 -55.458536 -6.4195 0.136857 9.230569 0.01578 2.631607 -4.926298 77.776136 10.715251 4.382475 -0.167787 5.567135 -15.31543 -24.893182 32.843445 17.185191 -5.318404 25.559728 -1.882328 1.929245 -2.842607 5.315075 5.998779 -0.034264 0 0 32.58592 2.639144 8.616081 33.975344 15.929476 4.995296 10.346019 15.079511 5.6056 0 0 0 25.291041 -3.636847 -29.86231 34.330301 -14.425031 -10.594481 -0.380697 1.802646 -4.078833 0 0 0 18.392327 -5.419108 -3.413993 36.146891 -5.937396 -10.122517 -5.323389 -0.254142 -8.603425 -0.019782 0 0 25.573081 44.865066 59.697004 50.094269 1.478624 61.051951 -3.409991 -33.683396 -51.525811 -6.076771 7.979072 9.192814 0 0 0 0 0 0.000008 0.000001 0 -9.628946 0.000001 0 -19.257901 0 0.000007 -28.886856 -0.000483 0.009277 -5.147975 -0.000284 0.006961 -3.860981 -0.000138 0.004643 -2.573987 -0.000043 0.002322 -1.286993 0 -0.013988 0 -96.273142 -40.265019 123.178777 54.939381 -72.417097 -71.927486 6.161016 0.043964 0.002365 -3.309318 -4.499746 142.324151 14.33536 19.971762 6.865746 -2.311969 -14.287035 -22.877687 38.68476 11.965666 -9.884184 22.804897 -4.029859 -6.228558 -1.754398 5.529582 -0.204658 0 0 0 32.541391 0.355653 -9.219094 35.763363 3.830242 -2.997655 15.492908 9.133982 1.545066 0 0 0 25.01199 -5.297759 -14.131841 39.143883 -7.560646 -4.053062 -1.829798 1.543609 -3.972234 0 0 0 17.956518 -6.76916 12.163918 41.865894 1.694968 -2.792023 -5.620009 -2.232846 -1.744481 0 0 0 25.573081 44.865066 59.697004 1.903835 6.728603 52.639248 -8.563021 -8.619527 -30.154301 -6.076771 7.979072 9.192814 0 0 0 0 0 0.000008 0 0 7.518985 -0.000001 0 15.037963 -0.000001 0 22.556939 -0.005991 -0.035439 20.018487 -0.003336 -0.026807 15.013865 -0.001444 -0.017981 10.009243 -0.000329 -0.009024 5.004622 0 0 0 22.222575 -3.548481 -10.532227 -0.013914 0.001443 6.354289 0 0 0 -15.381165 5.417138 7.002797 135 -89.998853 135 0 0 0 0 0 0 90.000011 -63.648284 -90.000011 -5.682402 0 0 -28.319917 0 0 -16.252152 0 0 0 0 0 89.999999 -84.450026 179.999999 0 0 0 -90.000001 -84.450026 -0.000001 0 0 0 0 0 0
0 0 0 0 0 0 0.002859 -0.05347299999999999 -0.002736 0.8754 -4.02812 1.882183 -94.741656 -0.485447 -94.41507 -0.878903 -0.011505 -12.330605 0 0 0 1.817175 -2.724108 1.06596 75.504886 -7.99203 9.33427 -0.15412 1.329521 -0.522786 12.43108 11.710862 -8.049923 0 0 0 0 0 0 0 0 0 0 0 0 -0.000041 -0.009327 0.50613 -0.000023 -0.006994 0.379597 -0.00001 -0.004665 0.253065 0.013985 -0.002438 0.723129 0 0 0 90.851909 6.296967 85.701194 11.931608 -1.22894 -8.469284 0 0 0 0.797195 0.565974 7.66794 75.690319 -9.031783 11.401313 -0.421239 2.455136 -0.80889 0.136692 11.118355 -3.695488 0 0 0 0 0 0 0 0 0 0 0 0 -0.000099 0.014435 -0.783583 -0.000056 0.010826 -0.587687 -0.000025 0.007216 -0.391791 -0.000006 0.00361 -0.195896 0 0 0 91.589168 6.543145 91.404921 16.779681 -2.583526 0.681978 -19.421197 -0.486405 2.681933 -0.551843 1.067267 0.303154 85.539369 -25.800473 140.057639 78.114128 -55.316111 -6.71894 0.136902 9.232991 0.015796 2.628791 -4.9278 77.808889 10.70793 4.388614 -0.165597 5.567135 -15.31543 -24.893182 32.843471 17.185186 -5.318389 25.559719 -1.882328 1.929246 -2.842604 5.315075 5.998781 -0.034264 0 0 32.585933 2.639149 8.616096 33.975343 15.929476 4.995294 10.346015 15.079511 5.6056 0 0 0 25.291053 -3.636837 -29.862297 34.330298 -14.425031 -10.594481 -0.380695 1.802646 -4.078833 0 0 0 18.392339 -5.4191 -3.41398 36.146891 -5.937396 -10.122517 -5.323386 -0.254142 -8.603425 -0.019782 0 0 25.573081 44.865066 59.697004 50.094275 1.478637 61.051962 -3.409998 -33.683394 -51.525793 -6.076771 7.979072 9.192814 0 0 0 0 0 0.000008 0.000001 0 -9.620234 0.000001 0 -19.240475 0 0.000007 -28.860716 -0.00047 0.009134 -5.071471 -0.000277 0.006859 -3.803603 -0.000134 0.004574 -2.535735 -0.000042 0.002288 -1.267867 0 -0.013988 0 -96.273133 -40.265011 123.17877 54.922044 -72.418221 -71.905959 6.169842 0.044032 0.002372 -3.308759 -4.500157 142.317025 14.34323 19.970816 6.867024 -2.311969 -14.287035 -22.877687 38.684757 11.965665 -9.884194 22.804897 -4.029859 -6.228558 -1.754398 5.529582 -0.204658 0 0 0 32.541388 0.355649 -9.219104 35.763363 3.830243 -2.997656 15.492908 9.133986 1.545066 0 0 0 25.011991 -5.297767 -14.131852 39.143879 -7.560643 -4.053061 -1.829797 1.543609 -3.972233 0 0 0 17.95652 -6.769159 12.163908 41.865898 1.694968 -2.792024 -5.620006 -2.232839 -1.744483 0 0 0 25.573081 44.865066 59.697004 1.903845 6.728598 52.639233 -8.563024 -8.619542 -30.154297 -6.076771 7.979072 9.192814 0 0 0 0 0 0.000008 0 0 7.517087 -0.000001 0 15.034166 -0.000001 0 22.551246 -0.005989 -0.035432 20.016039 -0.003335 -0.026807 15.012031 -0.001444 -0.017981 10.00802 -0.000329 -0.009024 5.004011 0 0 0 22.222577 -3.548472 -10.532222 -0.013911 0.001467 6.445566 0 0 0 -15.140672 5.392695 7.135922 135 -89.998853 135 0 0 0 0 0 0 90.000011 -63.648284 -90.000011 -5.682402 0 0 -28.319917 0 0 -16.252152 0 0 0 0 0 89.999999 -84.450026 179.999999 0 0 0 -90.000001 -84.450026 -0.000001 0 0 0 0 0 0
0 0 0 0 0 0 0.002764 -0.05349899999999996 -0.003213 0.8691 -4.056021 1.880935 -94.741992 -0.493746 -94.413164 -0.878909 -0.011506 -12.330622 0 0 0 1.824151 -2.731503 1.035801 75.504886 -7.99203 9.33427 -0.15412 1.329521 -0.522786 12.431086 11.710861 -8.049915 0 0 0 0 0 0 0 0 0 0 0 0 -0.000041 -0.009299 0.504891 -0.000023 -0.006977 0.378668 -0.00001 -0.004651 0.252446 0.013985 -0.002428 0.72282 0 0 0 90.850401 6.300661 85.710748 11.931615 -1.228941 -8.469301 0 0 0 0.804249 0.570342 7.68731 75.690319 -9.031783 11.401313 -0.421239 2.455136 -0.80889 0.13668 11.118338 -3.695475 0 0 0 0 0 0 0 0 0 0 0 0 -0.000101 0.014575 -0.791215 -0.000057 0.010932 -0.593411 -0.000025 0.007284 -0.395607 -0.000006 0.00364 -0.197804 0 0 0 91.586061 6.560731 91.406859 16.801305 -2.569587 0.684898 -19.405861 -0.475039 2.684365 -0.56933 1.054325 0.326862 85.53937 -25.800468 140.057624 78.118701 -55.325593 -6.741206 0.136975 9.235739 0.015799 2.627228 -4.928632 77.827093 10.70158 4.391223 -0.164261 5.567135 -15.31543 -24.893182 32.84344 17.185187 -5.318411 25.559728 -1.882328 1.929245 -2.842606 5.315075 5.998782 -0.034264 0 0 32.585914 2.639139 8.616075 33.975347 15.929476 4.995295 10.346015 15.079511 5.6056 0 0 0 25.291035 -3.636848 -29.862315 34.330291 -14.425032 -10.594479 -0.380699 1.802649 -4.078835 0 0 0 18.392324 -5.419108 -3.413997 36.146889 -5.93739 -10.122516 -5.323389 -0.254143 -8.603427 -0.019782 0 0 25.573081 44.865066 59.697004 50.09427 1.478619 61.051941 -3.409993 -33.683401 -51.525812 -6.076771 7.979072 9.192814 0 0 0 0 0 0.000008 0.000001 0 -9.615393 0.000001 0 -19.230794 0 0.000007 -28.846194 -0.000469 0.009127 -5.064933 -0.000276 0.006845 -3.798699 -0.000134 0.004568 -2.532466 -0.000042 0.002288 -1.266232 0 -0.013988 0 -96.130323 -40.359086 123.305838 55.651902 -72.325412 -72.69056 6.183957 0.04412 0.002386 -3.30844 -4.500391 142.312959 14.349828 19.967754 6.867289 -2.311969 -14.287035 -22.877687 38.684745 11.965671 -9.884194 22.804899 -4.029859 -6.22856 -1.754399 5.529582 -0.204659 0 0 0 32.541374 0.355655 -9.219105 35.763354 3.830242 -2.997654 15.492903 9.133982 1.545066 0 0 0 25.011977 -5.297761 -14.131854 39.143873 -7.560649 -4.053062 -1.829797 1.543609 -3.972233 0 0 0 17.956504 -6.769157 12.163907 41.865898 1.694974 -2.79202 -5.620009 -2.232846 -1.74448 0 0 0 25.573081 44.865066 59.697004 1.903828 6.728583 52.63925 -8.563023 -8.619535 -30.154299 -6.076771 7.979072 9.192814 0 0 0 0 0 0.000008 0 0 7.516006 -0.000001 0 15.032004 -0.000001 0 22.548 -0.006045 -0.035589 20.108282 -0.003367 -0.026927 15.081211 -0.001458 -0.018062 10.05414 -0.000332 -0.009065 5.027071 0 0 0 22.22257 -3.548481 -10.532231 -0.013911 0.001467 6.445564 0 0 0 -15.140661 5.392704 7.13592 135 -89.998853 135 0 0 0 0 0 0 90.000011 -63.648284 -90.000011 -5.682402 0 0 -28.319917 0 0 -16.252152 0 0 0 0 0 89.999999 -84.450026 179.999999 0 0 0 -90.000001 -84.450026 -0.000001 0 0 0 0 0 0
0 0 0 0 0 0 0.002549 -0.05349000000000004 -0.003213 0.862956 -4.071226 1.882642 -94.741442 -0.494469 -94.409727 -0.878901 -0.011491 -12.33062 0 0 0 1.821729 -2.735658 1.017087 75.504886 -7.99203 9.33427 -0.15412 1.329521 -0.522786 12.431083 11.710862 -8.049919 0 0 0 0 0 0 0 0 0 0 0 0 -0.000041 -0.009251 0.502172 -0.000023 -0.006936 0.376629 -0.00001 -0.004627 0.251086 0.013985 -0.002417 0.72214 0 0 0 90.848608 6.297525 85.708546 11.919825 -1.227868 -8.469045 0 0 0 0.812936 0.573504 7.705565 75.690319 -9.031783 11.401313 -0.421239 2.455136 -0.80889 0.136693 11.118355 -3.695489 0 0 0 0 0 0 0 0 0 0 0 0 -0.0001 0.014548 -0.789581 -0.000056 0.010911 -0.592186 -0.000025 0.007271 -0.394791 -0.000006 0.003637 -0.197395 0 0 0 91.58118 6.574077 91.406076 16.821136 -2.554293 0.688293 -19.390525 -0.462807 2.687125 -0.337106 1.034777 0.247137 85.594768 -25.937081 139.763969 78.539454 -55.54724 -7.019982 0.136973 9.235081 0.015801 2.628077 -4.928178 77.817225 10.691274 4.407428 -0.161037 5.567135 -15.31543 -24.893182 32.843441 17.185192 -5.318408 25.559728 -1.882328 1.929245 -2.842607 5.315075 5.998779 -0.034264 0 0 32.585919 2.639141 8.616078 33.97535 15.929476 4.995293 10.346015 15.079511 5.6056 0 0 0 25.291038 -3.636847 -29.862313 34.330301 -14.425031 -10.59448 -0.380703 1.802649 -4.078837 0 0 0 18.392327 -5.419108 -3.413995 36.146888 -5.937397 -10.122517 -5.323386 -0.254142 -8.603425 -0.019782 0 0 25.573081 44.865066 59.697004 50.094275 1.478625 61.051953 -3.409999 -33.683394 -51.5258 -6.076771 7.979072 9.192814 0 0 0 0 0 0.000008 0.000001 0 -9.618019 0.000001 0 -19.236046 0 0.000007 -28.854075 -0.000456 0.008991 -4.992065 -0.000269 0.00675 -3.744048 -0.00013 0.004499 -2.496032 -0.000041 0.002254 -1.248015 0 -0.013988 0 -96.229924 -40.357949 123.417545 56.39356 -72.226121 -73.478231 6.199257 0.044242 0.002398 -3.307498 -4.501082 142.300972 14.356728 19.960008 6.864927 -2.311969 -14.287035 -22.877687 38.684753 11.965656 -9.884189 22.804897 -4.029859 -6.228559 -1.754398 5.529582 -0.204658 0 0 0 32.541392 0.355641 -9.219102 35.763363 3.830242 -2.997655 15.492908 9.133982 1.545065 0 0 0 25.011992 -5.297771 -14.131847 39.14388 -7.560646 -4.053062 -1.829798 1.543609 -3.972234 0 0 0 17.956522 -6.769167 12.163914 41.865901 1.694968 -2.792023 -5.620008 -2.232839 -1.744482 0 0 0 25.573081 44.865066 59.697004 1.903849 6.728603 52.639243 -8.563024 -8.619531 -30.154298 -6.076771 7.979072 9.192814 0 0 0 0 0 0.000008 0 0 7.512813 -0.000001 0 15.025618 -0.000001 0 22.538422 -0.006101 -0.035745 20.199431 -0.003398 -0.027047 15.149572 -0.001471 -0.018143 10.099715 -0.000336 -0.009106 5.049858 0 0 0 22.312458 -3.574391 -10.311798 -0.01391 0.00148 6.49401 0 0 0 -15.103795 5.365744 7.207595 135 -89.998853 135 0 0 0 0 0 0 90.000011 -63.648284 -90.000011 -5.682402 0 0 -28.319917 0 0 -16.252152 0 0 0 0 0 89.999999 -84.450026 179.999999 0 0 0 -90.000001 -84.450026 -0.000001 0 0 0 0 0 0
0 0 0 0 0 0 0.00237 -0.053466000000000014 -0.002723 0.853943 -4.080741 1.884223 -94.740128 -0.495589 -94.406835 -0.878909 -0.011513 -12.330622 0 0 0 1.819561 -2.742387 1.004443 75.504886 -7.99203 9.33427 -0.15412 1.329521 -0.522786 12.159502 11.752566 -8.071902 0 0 0 0 0 0 0 0 0 0 0 0 -0.00004 -0.009207 0.499893 -0.000023 -0.006909 0.374919 -0.00001 -0.004604 0.249946 0.013985 -0.002404 0.72157 0 0 0 90.849857 6.287661 85.700162 11.896253 -1.225667 -8.468528 0 0 0 0.826612 0.574509 7.724209 75.690319 -9.031783 11.401313 -0.421239 2.455136 -0.80889 0.136702 11.118356 -3.695473 0 0 0 0 0 0 0 0 0 0 0 0 -0.000099 0.014425 -0.78294 -0.000055 0.010819 -0.587205 -0.000025 0.007213 -0.39147 -0.000006 0.003606 -0.195735 0 0 0 91.575164 6.581861 91.403309 16.840038 -2.538281 0.691238 -19.37527 -0.450468 2.689415 -0.364447 1.021135 0.25691 85.594766 -25.937075 139.763967 78.499645 -55.569043 -6.967205 0.13687 9.231659 0.015782 2.629882 -4.92722 77.796184 10.674261 4.432846 -0.155999 5.567135 -15.31543 -24.893182 32.84344 17.185194 -5.3184 25.559728 -1.882328 1.929247 -2.842606 5.315075 5.998781 -0.034264 0 0 32.585906 2.639143 8.616085 33.975347 15.929476 4.995296 10.346018 15.079511 5.605599 0 0 0 25.291024 -3.636845 -29.862305 34.330295 -14.425032 -10.594479 -0.380693 1.802646 -4.078834 0 0 0 18.392312 -5.419109 -3.413989 36.146889 -5.93739 -10.122516 -5.323389 -0.254143 -8.603427 -0.019782 0 0 25.573081 44.865066 59.697004 50.094266 1.478609 61.051958 -3.409997 -33.683393 -51.525807 -6.076771 7.979072 9.192814 0 0 0 0 0 0.000008 0.000001 0 -9.623615 0.000001 0 -19.247238 0 0.000007 -28.870861 -0.000459 0.009018 -5.005564 -0.00027 0.00677 -3.754173 -0.000131 0.004513 -2.502781 -0.000041 0.00226 -1.25139 0 -0.013988 0 -96.229937 -40.357957 123.417549 56.367212 -72.229205 -73.430236 6.215189 0.044345 0.002404 -3.305565 -4.502503 142.276308 14.367823 19.956832 6.864619 -2.311969 -14.287035 -22.877687 38.684749 11.965651 -9.884187 22.804899 -4.029859 -6.228558 -1.754397 5.529582 -0.204661 0 0 0 32.541392 0.35564 -9.219098 35.763366 3.830242 -2.997655 15.492903 9.133982 1.545066 0 0 0 25.011997 -5.297775 -14.131845 39.14388 -7.560646 -4.053061 -1.829798 1.543612 -3.972234 0 0 0 17.956524 -6.769172 12.163917 41.865904 1.694974 -2.79202 -5.620009 -2.232846 -1.744481 0 0 0 25.573081 44.865066 59.697004 1.90385 6.728595 52.639243 -8.563025 -8.619535 -30.154299 -6.076771 7.979072 9.192814 0 0 0 0 0 0.000008 0 0 7.506246 -0.000001 0 15.012482 -0.000001 0 22.518719 -0.006094 -0.035726 20.188081 -0.003394 -0.027027 15.141061 -0.001469 -0.01813 10.09404 -0.000335 -0.009099 5.047021 0 0 0 22.312448 -3.574394 -10.311805 -0.01391 0.00148 6.494014 0 0 0 -15.103789 5.365741 7.207602 135 -89.998853 135 0 0 0 0 0 0 90.000011 -63.648284 -90.000011 -5.682402 0 0 -28.319917 0 0 -16.252152 0 0 0 0 0 89.999999 -84.450026 179.999999 0 0 0 -90.000001 -84.450026 -0.000001 0 0 0 0 0 0
0 0 0 0 0 0 0.002286 -0.05338699999999996 -0.002417 0.84238 -4.094263 1.888448 -94.738285 -0.508138 -94.404234 -0.878891 -0.011483 -12.330616 0 0 0 1.82525 -2.75341 0.988131 75.504886 -7.99203 9.33427 -0.15412 1.329521 -0.522786 12.1595 11.75257 -8.0719 0 0 0 0 0 0 0 0 0 0 0 0 -0.00004 -0.009176 0.498223 -0.000022 -0.006881 0.373667 -0.00001 -0.00459 0.249112 0.013985 -0.002397 0.721153 0 0 0 90.850511 6.286534 85.688069 11.869012 -1.22314 -8.467958 0 0 0 0.85051 0.574932 7.750941 75.690319 -9.031783 11.401313 -0.421239 2.455136 -0.80889 0.136697 11.118356 -3.695484 0 0 0 0 0 0 0 0 0 0 0 0 -0.000096 0.014247 -0.773314 -0.000054 0.010686 -0.579986 -0.000024 0.00712 -0.386657 -0.000006 0.003562 -0.193329 0 0 0 91.569492 6.580389 91.400754 16.857619 -2.522613 0.693876 -19.360434 -0.438736 2.691471 -0.402001 1.010195 0.270188 85.594766 -25.937066 139.763959 78.442497 -55.595249 -6.910989 0.136909 9.232874 0.015793 2.630761 -4.926751 77.785955 10.661209 4.469451 -0.14961 5.567135 -15.31543 -24.893182 32.843471 17.185192 -5.318409 25.559726 -1.882327 1.929244 -2.842605 5.315075 5.99878 -0.034264 0 0 32.585937 2.639159 8.616074 33.97535 15.929476 4.995294 10.346019 15.079511 5.6056 0 0 0 25.291058 -3.636834 -29.862318 34.330295 -14.425031 -10.594482 -0.380696 1.802649 -4.078834 0 0 0 18.392347 -5.419096 -3.414003 36.146892 -5.93739 -10.122515 -5.323386 -0.254142 -8.603426 -0.019782 0 0 25.573081 44.865066 59.697004 50.094259 1.47865 61.051945 -3.410004 -33.683391 -51.525794 -6.076771 7.979072 9.192814 0 0 0 0 0 0.000008 0.000001 0 -9.626334 0.000001 0 -19.252676 0 0.000007 -28.879018 -0.000461 0.009045 -5.019449 -0.000272 0.006784 -3.764586 -0.000132 0.004527 -2.509724 -0.000041 0.002267 -1.254861 0 -0.013988 0 -96.22995 -40.357961 123.417564 56.275108 -72.225717 -73.327372 6.221943 0.044399 0.002414 -3.303745 -4.503835 142.253149 14.389599 19.973529 6.876142 -2.311969 -14.287035 -22.877687 38.68474 11.965659 -9.884173 22.804897 -4.029859 -6.228557 -1.754397 5.529582 -0.204658 0 0 0 32.541374 0.355634 -9.219083 35.763363 3.830242 -2.997654 15.492901 9.133982 1.545068 0 0 0 25.011972 -5.297774 -14.131829 39.143883 -7.560646 -4.053062 -1.829798 1.543609 -3.972234 0 0 0 17.9565 -6.769171 12.163932 41.865898 1.694974 -2.79202 -5.620009 -2.232846 -1.744482 0 0 0 25.573081 44.865066 59.697004 1.903858 6.728599 52.639265 -8.563024 -8.619535 -30.154299 -6.076771 7.979072 9.192814 0 0 0 0 0 0.000008 0 0 7.500077 -0.000001 0 15.000147 -0.000001 0 22.500218 -0.006095 -0.035726 20.18968 -0.003395 -0.027034 15.14226 -0.001469 -0.01813 10.09484 -0.000335 -0.009099 5.047421 0 0 0 22.312443 -3.574393 -10.311812 -0.01391 0.00148 6.49402 0 0 0 -15.10379 5.365742 7.207609 135 -89.998853 135 0 0 0 0 0 0 90.000011 -63.648284 -90.000011 -5.682402 0 0 -28.319917 0 0 -16.252152 0 0 0 0 0 89.999999 -84.450026 179.999999 0 0 0 -90.000001 -84.450026 -0.000001 0 0 0 0 0 0
0 0 0 0 0 0 0.002306 -0.05328299999999997 -0.002614 0.831403 -4.110525 1.901098 -94.738736 -0.532194 -94.398072 -0.878901 -0.011491 -12.330625 0 0 0 1.833489 -2.766686 0.966231 75.504886 -7.99203 9.33427 -0.15412 1.329521 -0.522786 12.159482 11.752565 -8.071907 0 0 0 0 0 0 0 0 0 0 0 0 -0.000039 -0.009101 0.494121 -0.000022 -0.006827 0.37059 -0.00001 -0.004552 0.24706 0.013985 -0.002376 0.720127 0 0 0 90.848641 6.301284 85.674472 11.84111 -1.220546 -8.467363 0 0 0 0.882622 0.574715 7.78217 75.690319 -9.031783 11.401313 -0.421239 2.455136 -0.80889 0.136707 11.11836 -3.69548 0 0 0 0 0 0 0 0 0 0 0 0 -0.000093 0.014043 -0.762501 -0.000053 0.010535 -0.571875 -0.000023 0.007025 -0.38125 -0.000006 0.003514 -0.190625 0 0 0 91.564393 6.576699 91.399748 16.87039 -2.509175 0.696973 -19.34856 -0.428989 2.694011 -0.442537 1.001815 0.283155 85.594766 -25.937079 139.763971 78.38234 -55.612861 -6.85784 0.136881 9.232416 0.015787 2.63114 -4.926549 77.781548 10.655291 4.506294 -0.143838 5.567135 -15.31543 -24.893182 32.843443 17.185174 -5.318417 25.559737 -1.882327 1.929242 -2.842604 5.315075 5.998779 -0.034264 0 0 32.585921 2.639129 8.616071 33.975347 15.929476 4.995295 10.346015 15.079511 5.6056 0 0 0 25.291041 -3.63686 -29.862318 34.330295 -14.425031 -10.594481 -0.380696 1.802649 -4.078832 0 0 0 18.39233 -5.419125 -3.414 36.146892 -5.93739 -10.122515 -5.323386 -0.254142 -8.603426 -0.019782 0 0 25.573081 44.865066 59.697004 50.094277 1.478623 61.051935 -3.410002 -33.683395 -51.525796 -6.076771 7.979072 9.192814 0 0 0 0 0 0.000008 0.000001 0 -9.627507 0.000001 0 -19.255021 0 0.000007 -28.882539 -0.000463 0.009066 -5.032563 -0.000273 0.006804 -3.774422 -0.000132 0.00454 -2.516281 -0.000041 0.002267 -1.25814 0 -0.013988 0 -96.229937 -40.357957 123.417549 56.163612 -72.217751 -73.215182 6.224256 0.044419 0.002414 -3.302413 -4.504812 142.236176 14.416408 19.996462 6.892404 -2.311969 -14.287035 -22.877687 38.684753 11.965651 -9.884188 22.804896 -4.029856 -6.228556 -1.754397 5.529582 -0.204659 0 0 0 32.541389 0.355633 -9.219098 35.763363 3.830242 -2.997655 15.492904 9.133982 1.545066 0 0 0 25.01199 -5.297776 -14.131844 39.143875 -7.560643 -4.053059 -1.829797 1.543609 -3.972233 0 0 0 17.956517 -6.769178 12.163918 41.865901 1.694968 -2.792022 -5.620009 -2.232846 -1.744481 0 0 0 25.573081 44.865066 59.697004 1.903855 6.728592 52.639246 -8.563025 -8.619535 -30.154299 -6.076771 7.979072 9.192814 0 0 0 0 0 0.000008 0 0 7.495558 -0.000001 0 14.991108 -0.000001 0 22.486658 -0.006101 -0.035745 20.20037 -0.003398 -0.027047 15.150276 -0.001471 -0.018143 10.100184 -0.000336 -0.009106 5.050093 0 0 0 22.312451 -3.574384 -10.311801 -0.01391 0.00148 6.49401 0 0 0 -15.103789 5.365738 7.207604 135 -89.998853 135 0 0 0 0 0 0 90.000011 -63.648284 -90.000011 -5.682402 0 0 -28.319917 0 0 -16.252152 0 0 0 0 0 89.999999 -84.450026 179.999999 0 0 0 -90.000001 -84.450026 -0.000001 0 0 0 0 0 0
0 0 0 0 0 0 0.002428 -0.053254000000000024 -0.003144 0.823476 -4.123467 1.92233 -94.739742 -0.56902 -94.389628 -0.878896 -0.011504 -12.330619 0 0 0 1.846426 -2.778912 0.946139 75.504886 -7.99203 9.33427 -0.15412 1.329521 -0.522786 12.159492 11.75257 -8.07191 0 0 0 0 0 0 0 0 0 0 0 0 -0.000038 -0.008999 0.488633 -0.000022 -0.006748 0.366474 -0.00001 -0.004498 0.244316 0.013985 -0.002355 0.718755 0 0 0 90.846471 6.317281 85.663981 11.804014 -1.217083 -8.466572 0 0 0 0.915886 0.572437 7.80676 75.690319 -9.031783 11.401313 -0.421239 2.455136 -0.80889 0.136699 11.118356 -3.695485 0 0 0 0 0 0 0 0 0 0 0 0 -0.000091 0.013889 -0.754159 -0.000051 0.010419 -0.565619 -0.000023 0.006946 -0.377079 -0.000006 0.003473 -0.18854 0 0 0 91.558998 6.583897 91.399166 16.881526 -2.497484 0.699936 -19.336812 -0.421673 2.696468 -0.479145 0.994748 0.292806 85.594759 -25.937066 139.76396 78.329305 -55.626426 -6.802959 0.136783 9.228907 0.015772 2.632163 -4.926003 77.769641 10.648602 4.537578 -0.138916 5.567135 -15.31543 -24.893182 32.843441 17.185186 -5.318372 25.559726 -1.882328 1.929248 -2.842604 5.315075 5.998778 -0.034264 0 0 32.585913 2.639135 8.616114 33.975343 15.929477 4.995293 10.346015 15.079511 5.6056 0 0 0 25.291028 -3.636847 -29.862276 34.330291 -14.425022 -10.594479 -0.380697 1.802646 -4.078836 0 0 0 18.392314 -5.419104 -3.413959 36.146892 -5.93739 -10.122515 -5.323386 -0.254142 -8.603426 -0.019782 0 0 25.573081 44.865066 59.697004 50.094284 1.47861 61.051973 -3.410009 -33.683398 -51.525794 -6.076771 7.979072 9.192814 0 0 0 0 0 0.000008 0.000001 0 -9.630672 0.000001 0 -19.261353 0 0.000007 -28.892034 -0.000466 0.009093 -5.046481 -0.000274 0.006825 -3.78486 -0.000133 0.004554 -2.523239 -0.000041 0.002274 -1.261619 0 -0.013988 0 -96.229957 -40.357964 123.41756 56.055977 -72.214708 -73.108655 6.2429 0.044542 0.002429 -3.301111 -4.505765 142.219608 14.45073 20.010316 6.907024 -2.311969 -14.287035 -22.877687 38.684789 11.965657 -9.884191 22.804898 -4.029866 -6.228559 -1.754399 5.529582 -0.204658 0 0 0 32.541424 0.355658 -9.219102 35.763363 3.830243 -2.997656 15.492908 9.133982 1.545066 0 0 0 25.012023 -5.297756 -14.13185 39.143883 -7.560646 -4.053062 -1.829798 1.543609 -3.972234 0 0 0 17.956552 -6.769156 12.163908 41.865894 1.694967 -2.792021 -5.620009 -2.232846 -1.74448 0 0 0 25.573081 44.865066 59.697004 1.903836 6.728625 52.639224 -8.563027 -8.619532 -30.154295 -6.076771 7.979072 9.192814 0 0 0 0 0 0.000008 0 0 7.491147 -0.000001 0 14.982286 -0.000001 0 22.473425 -0.006106 -0.035759 20.206972 -0.0034 -0.027054 15.15523 -0.001472 -0.01815 10.103487 -0.000336 -0.009106 5.051744 0 0 0 22.312437 -3.574393 -10.311815 -0.01391 0.00148 6.494007 0 0 0 -15.103793 5.365737 7.207597 135 -89.998853 135 0 0 0 0 0 0 90.000011 -63.648284 -90.000011 -5.682402 0 0 -28.319917 0 0 -16.252152 0 0 0 0 0 89.999999 -84.450026 179.999999 0 0 0 -90.000001 -84.450026 -0.000001 0 0 0 0 0 0
0 0 0 0 0 0 0.002724 -0.05328200000000005 -0.003609 0.818795 -4.133787 1.9417 -94.741533 -0.611775 -94.383644 -0.878901 -0.011491 -12.330621 0 0 0 1.867291 -2.791192 0.931059 75.504886 -7.99203 9.33427 -0.15412 1.329521 -0.522786 12.159485 11.752565 -8.071903 0 0 0 0 0 0 0 0 0 0 0 0 -0.000038 -0.008941 0.485312 -0.000021 -0.006704 0.363984 -0.000009 -0.004467 0.242656 0.013985 -0.002335 0.717925 0 0 0 90.844125 6.332176 85.646078 11.760919 -1.213073 -8.465644 0 0 0 0.954584 0.564441 7.835457 75.690319 -9.031783 11.401313 -0.421239 2.455136 -0.80889 0.136691 11.118355 -3.69548 0 0 0 0 0 0 0 0 0 0 0 0 -0.000088 0.013633 -0.739952 -0.00005 0.010225 -0.554964 -0.000022 0.006813 -0.369976 -0.000006 0.003405 -0.184988 0 0 0 91.552797 6.59873 91.399267 16.893811 -2.486211 0.703875 -19.322719 -0.415252 2.699974 -0.509847 0.986536 0.297633 85.594765 -25.937072 139.76397 78.2853 -55.643707 -6.741419 0.136659 9.223661 0.015742 2.634406 -4.924806 77.743504 10.634554 4.563371 -0.134278 5.567135 -15.31543 -24.893182 32.843433 17.185182 -5.318409 25.559732 -1.882328 1.929246 -2.842606 5.315075 5.998781 -0.034264 0 0 32.58591 2.639134 8.616079 33.97535 15.929476 4.995293 10.346015 15.079511 5.6056 0 0 0 25.29103 -3.63686 -29.862311 34.330287 -14.425029 -10.594479 -0.380697 1.802646 -4.078836 0 0 0 18.392321 -5.419122 -3.413993 36.146892 -5.93739 -10.122515 -5.323386 -0.254142 -8.603426 -0.019782 0 0 25.573081 44.865066 59.697004 50.094281 1.478619 61.051945 -3.410004 -33.683396 -51.525796 -6.076771 7.979072 9.192814 0 0 0 0 0 0.000008 0.000001 0 -9.637624 0.000001 0 -19.275256 0 0.000007 -28.912888 -0.000469 0.00912 -5.062461 -0.000276 0.006845 -3.796845 -0.000134 0.004568 -2.53123 -0.000042 0.002281 -1.265614 0 -0.013988 0 -96.22994 -40.357957 123.417546 55.953992 -72.208699 -73.006273 6.264626 0.044698 0.002446 -3.299652 -4.506834 142.20102 14.48923 20.01955 6.920746 -2.311969 -14.287035 -22.877687 38.684748 11.965657 -9.884184 22.804891 -4.029859 -6.228558 -1.754399 5.529582 -0.204659 0 0 0 32.541382 0.355638 -9.219094 35.763363 3.830242 -2.997654 15.492904 9.133982 1.545067 0 0 0 25.011982 -5.297774 -14.131839 39.143886 -7.560646 -4.053062 -1.829798 1.543612 -3.972234 0 0 0 17.95651 -6.769174 12.163921 41.865901 1.694974 -2.79202 -5.620011 -2.232846 -1.744479 0 0 0 25.573081 44.865066 59.697004 1.903852 6.728595 52.639255 -8.563025 -8.619531 -30.154298 -6.076771 7.979072 9.192814 0 0 0 0 0 0.000008 0 0 7.486197 -0.000001 0 14.972386 -0.000001 0 22.458574 -0.006111 -0.035772 20.215502 -0.003404 -0.027067 15.161627 -0.001474 -0.018157 10.107751 -0.000336 -0.009112 5.053876 0 0 0 22.312446 -3.574384 -10.3118 -0.01391 0.00148 6.494009 0 0 0 -15.103795 5.365731 7.207603 135 -89.998853 135 0 0 0 0 0 0 90.000011 -63.648284 -90.000011 -5.682402 0 0 -28.319917 0 0 -16.252152 0 0 0 0 0 89.999999 -84.450026 179.999999 0 0 0 -90.000001 -84.450026 -0.000001 0 0 0 0 0 0
0 0 0 0 0 0 0.003054 -0.053227000000000024 -0.003697 0.813901 -4.147845 1.957025 -94.746854 -0.643022 -94.380041 -0.878912 -0.011486 -12.330625 0 0 0 1.879737 -2.804708 0.91435 75.504886 -7.99203 9.33427 -0.15412 1.329521 -0.522786 12.159487 11.752583 -8.071909 0 0 0 0 0 0 0 0 0 0 0 0 -0.000038 -0.00891 0.48354 -0.000021 -0.00668 0.362655 -0.000009 -0.004457 0.24177 0.013985 -0.002328 0.717482 0 0 0 90.840281 6.348225 85.620513 11.718941 -1.209155 -8.464772 0 0 0 0.9973 0.55504 7.875518 75.690319 -9.031783 11.401313 -0.421239 2.455136 -0.80889 0.136698 11.118373 -3.695479 0 0 0 0 0 0 0 0 0 0 0 0 -0.000083 0.013257 -0.71973 -0.000047 0.009945 -0.539798 -0.000021 0.006632 -0.359865 -0.000005 0.003313 -0.179933 0 0 0 91.548821 6.611722 91.400213 16.904876 -2.476976 0.709556 -19.308403 -0.409821 2.705518 -0.257337 0.978339 0.275137 85.500471 -26.084629 139.996642 78.664078 -55.394545 -7.121614 0.136643 9.222959 0.015757 2.637303 -4.923258 77.70976 10.625047 4.588601 -0.130326 5.567135 -15.31543 -24.893182 32.843433 17.18517 -5.318411 25.559728 -1.882328 1.929247 -2.842606 5.315075 5.998781 -0.034264 0 0 32.585921 2.639126 8.616079 33.975343 15.929476 4.995294 10.346015 15.079511 5.6056 0 0 0 25.291042 -3.636865 -29.862311 34.330298 -14.425031 -10.594481 -0.380695 1.802646 -4.078833 0 0 0 18.392331 -5.41913 -3.413992 36.146892 -5.93739 -10.122515 -5.323386 -0.254142 -8.603426 -0.019782 0 0 25.573081 44.865066 59.697004 50.094282 1.478618 61.051936 -3.409997 -33.683393 -51.525801 -6.076771 7.979072 9.192814 0 0 0 0 0 0.000008 0.000001 0 -9.646599 0.000001 0 -19.293207 0 0.000007 -28.939814 -0.000453 0.00895 -4.969612 -0.000267 0.006723 -3.727208 -0.000129 0.004479 -2.484805 -0.00004 0.00224 -1.242402 0 -0.013988 0 -96.507294 -40.327111 123.413518 55.860106 -72.201914 -72.909632 6.274617 0.044773 0.002456 -3.298256 -4.507853 142.183274 14.517812 20.033761 6.933746 -2.311969 -14.287035 -22.877687 38.684766 11.96565 -9.884189 22.804891 -4.029859 -6.228558 -1.7544 5.529582 -0.204658 0 0 0 32.541403 0.355649 -9.2191 35.763366 3.830242 -2.997655 15.492903 9.133982 1.545066 0 0 0 25.012004 -5.29777 -14.131848 39.143878 -7.560652 -4.053063 -1.829797 1.543609 -3.972233 0 0 0 17.956536 -6.769169 12.163912 41.865892 1.694974 -2.792019 -5.620011 -2.232839 -1.74448 0 0 0 25.573081 44.865066 59.697004 1.903844 6.728606 52.639239 -8.563022 -8.619531 -30.154302 -6.076771 7.979072 9.192814 0 0 0 0 0 0.000008 0 0 7.481472 -0.000001 0 14.962936 -0.000001 0 22.444398 -0.006116 -0.035785 20.223443 -0.003406 -0.027074 15.167581 -0.001475 -0.018164 10.111721 -0.000336 -0.009112 5.055862 0 0 0 22.366209 -3.532061 -10.312922 -0.013907 0.001507 6.607427 0 0 0 -15.124116 5.339028 7.361994 135 -89.998853 135 0 0 0 0 0 0 90.000011 -63.648284 -90.000011 -5.682402 0 0 -28.319917 0 0 -16.252152 0 0 0 0 0 89.999999 -84.450026 179.999999 0 0 0 -90.000001 -84.450026 -0.000001 0 0 0 0 0 0
0 0 0 0 0 0 0.003185 -0.05326200000000003 -0.003724 0.804966 -4.163939 1.978077 -94.752249 -0.666776 -94.374492 -0.878908 -0.011519 -12.330615 0 0 0 1.878645 -2.81824 0.894041 75.504886 -7.99203 9.33427 -0.15412 1.329521 -0.522786 12.159484 11.752579 -8.071905 0 0 0 0 0 0 0 0 0 0 0 0 -0.000037 -0.008842 0.479971 -0.000021 -0.006632 0.359978 -0.000009 -0.004419 0.239985 0.013985 -0.002314 0.71659 0 0 0 90.839905 6.36196 85.598899 11.683496 -1.20586 -8.46402 0 0 0 1.026375 0.550004 7.913979 75.690319 -9.031783 11.401313 -0.421239 2.455136 -0.80889 0.136686 11.118344 -3.695485 0 0 0 0 0 0 0 0 0 0 0 0 -0.000079 0.012943 -0.702489 -0.000045 0.009706 -0.526867 -0.00002 0.006468 -0.351244 -0.000005 0.003238 -0.175622 0 0 0 91.547749 6.617633 91.400082 16.911871 -2.47166 0.715978 -19.296325 -0.406523 2.712126 -0.291506 0.977355 0.278585 85.50048 -26.084624 139.996628 78.603134 -55.410448 -7.043187 0.13681 9.229373 0.015771 2.639765 -4.92194 77.681061 10.62679 4.620313 -0.126521 5.567135 -15.31543 -24.893182 32.843445 17.185191 -5.318391 25.559732 -1.882328 1.929244 -2.842604 5.315075 5.998779 -0.034264 0 0 32.585908 2.639144 8.616094 33.975347 15.929476 4.995295 10.346015 15.079511 5.6056 0 0 0 25.29103 -3.636845 -29.862297 34.330301 -14.425031 -10.59448 -0.380697 1.802646 -4.078833 0 0 0 18.392318 -5.419097 -3.413979 36.146891 -5.937396 -10.122517 -5.323389 -0.254142 -8.603426 -0.019782 0 0 25.573081 44.865066 59.697004 50.094271 1.478613 61.051964 -3.409996 -33.683398 -51.525806 -6.076771 7.979072 9.192814 0 0 0 0 0 0.000008 0.000001 0 -9.654232 0.000001 0 -19.308472 0 0.000007 -28.962714 -0.000456 0.008991 -4.990067 -0.000269 0.00675 -3.74255 -0.00013 0.004499 -2.495033 -0.000041 0.002254 -1.247515 0 -0.013988 0 -96.507305 -40.327113 123.413534 55.749241 -72.197334 -72.789127 6.268606 0.044725 0.002449 -3.296495 -4.509138 142.160892 14.533586 20.062888 6.94897 -2.311969 -14.287035 -22.877687 38.684752 11.965664 -9.884185 22.804889 -4.02986 -6.228555 -1.754399 5.529582 -0.204659 0 0 0 32.541388 0.355654 -9.219097 35.763366 3.830242 -2.997654 15.492903 9.133982 1.545066 0 0 0 25.011989 -5.297758 -14.131844 39.143879 -7.560642 -4.053061 -1.829797 1.543609 -3.972233 0 0 0 17.956517 -6.76916 12.163914 41.865898 1.694967 -2.792021 -5.620009 -2.232846 -1.74448 0 0 0 25.573081 44.865066 59.697004 1.903839 6.728609 52.639251 -8.563022 -8.619535 -30.154299 -6.076771 7.979072 9.192814 0 0 0 0 0 0.000008 0 0 7.475512 -0.000001 0 14.951016 -0.000001 0 22.426521 -0.006118 -0.035791 20.226778 -0.003407 -0.027081 15.170084 -0.001475 -0.018164 10.113389 -0.000336 -0.009112 5.056695 0 0 0 22.36621 -3.532063 -10.31293 -0.013907 0.001507 6.607439 0 0 0 -15.124119 5.339039 7.362004 135 -89.998853 135 0 0 0 0 0 0 90.000011 -63.648284 -90.000011 -5.682402 0 0 -28.319917 0 0 -16.252152 0 0 0 0 0 89.999999 -84.450026 179.999999 0 0 0 -90.000001 -84.450026 -0.000001 0 0 0 0 0 0
0 0 0 0 0 0 0.003276 -0.05326299999999995 -0.003452 0.796993 -4.171622 2.000113 -94.754055 -0.693361 -94.364974 -0.878904 -0.011492 -12.330617 0 0 0 1.880977 -2.82846 0.878273 75.504886 -7.99203 9.33427 -0.15412 1.329521 -0.522786 12.159493 11.752562 -8.071903 0 0 0 0 0 0 0 0 0 0 0 0 -0.000036 -0.008719 0.473296 -0.00002 -0.006536 0.354972 -0.000009 -0.004358 0.236648 0.013986 -0.00228 0.714921 0 0 0 90.841547 6.37728 85.588753 11.659241 -1.203605 -8.463503 0 0 0 1.044935 0.548317 7.932638 75.690319 -9.031783 11.401313 -0.421239 2.455136 -0.80889 0.136696 11.118348 -3.695478 0 0 0 0 0 0 0 0 0 0 0 0 -0.000077 0.012786 -0.694236 -0.000044 0.009593 -0.520677 -0.000019 0.006396 -0.347118 -0.000005 0.0032 -0.173559 0 0 0 91.547121 6.61785 91.399852 16.916537 -2.470237 0.72234 -19.286611 -0.404952 2.718983 -0.327808 0.978942 0.272356 85.500477 -26.084617 139.996624 78.550375 -55.424143 -6.975727 0.136955 9.234166 0.015792 2.638143 -4.922809 77.69995 10.869104 4.528626 -0.164058 5.567135 -15.31543 -24.893182 32.870213 17.154778 -5.174263 25.419889 -1.658854 2.035823 -2.842606 5.315075 5.99878 -0.034264 0 0 32.345133 2.740276 8.702987 33.975344 15.929475 4.995297 10.346019 15.079511 5.605601 0 0 0 25.041589 -3.525504 -29.788909 34.330294 -14.425033 -10.594477 -0.380696 1.802649 -4.078832 0 0 0 18.141893 -5.299771 -3.354379 36.146883 -5.937394 -10.122516 -5.323388 -0.254142 -8.603426 -0.019782 0 0 25.573081 44.865066 59.697004 50.094222 1.478597 61.162975 -3.314938 -33.916455 -51.509298 -6.076771 7.979072 9.192814 0 0 0 0 0 0.000008 0.000001 0 -9.649207 0.000001 0 -19.298424 0 0.000007 -28.94764 -0.000459 0.009025 -5.007667 -0.00027 0.00677 -3.75575 -0.000131 0.004513 -2.503833 -0.000041 0.00226 -1.251915 0 -0.013988 0 -96.507306 -40.32712 123.413539 55.630383 -72.196175 -72.66634 6.260051 0.044671 0.00244 -3.295169 -4.510109 142.143989 14.545954 20.097301 6.965977 -2.311969 -14.287035 -22.877687 38.684747 11.96566 -9.884173 22.804892 -4.029862 -6.228558 -1.7544 5.529582 -0.204659 0 0 0 32.541379 0.355635 -9.219086 35.763366 3.830242 -2.997654 15.492904 9.133982 1.545067 0 0 0 25.011977 -5.297773 -14.131831 39.143879 -7.560643 -4.05306 -1.829797 1.543609 -3.972233 0 0 0 17.956504 -6.769171 12.163931 41.865901 1.694975 -2.792022 -5.620011 -2.232846 -1.744479 0 0 0 25.573081 44.865066 59.697004 1.903859 6.728599 52.639259 -8.563024 -8.619531 -30.154298 -6.076771 7.979072 9.192814 0 0 0 0 0 0.000008 0 0 7.471011 -0.000001 0 14.942013 -0.000001 0 22.413016 -0.00612 -0.035798 20.229428 -0.003408 -0.027081 15.172072 -0.001476 -0.01817 10.114715 -0.000337 -0.009119 5.057358 0 0 0 22.366208 -3.532067 -10.31294 -0.013907 0.001507 6.607433 0 0 0 -15.124123 5.339026 7.362006 135 -89.998853 135 0 0 0 0 0 0 90.000011 -63.648284 -90.000011 -5.682402 0 0 -28.319917 0 0 -16.252152 0 0 0 0 0 89.999999 -84.450026 179.999999 0 0 0 -90.000001 -84.450026 -0.000001 0 0 0 0 0 0
0 0 0 0 0 0 0.003284 -0.05323599999999995 -0.00388 0.793621 -4.16955 2.011948 -94.756564 -0.722342 -94.358544 -0.878907 -0.011499 -12.330616 0 0 0 1.896303 -2.839089 0.874582 75.504886 -7.99203 9.33427 -0.15412 1.329521 -0.522786 12.1595 11.752562 -8.071904 0 0 0 0 0 0 0 0 0 0 0 0 -0.000035 -0.00864 0.469172 -0.00002 -0.006482 0.351879 -0.000009 -0.004323 0.234586 0.013986 -0.002259 0.71389 0 0 0 90.840246 6.402483 85.593003 11.654243 -1.203157 -8.463406 0 0 0 1.064305 0.549824 7.92725 75.690319 -9.031783 11.401313 -0.421239 2.455136 -0.80889 0.136699 11.118348 -3.695482 0 0 0 0 0 0 0 0 0 0 0 0 -0.000078 0.012847 -0.697485 -0.000044 0.009637 -0.523114 -0.00002 0.006424 -0.348743 -0.000005 0.003214 -0.174371 0 0 0 91.547993 6.618224 91.401272 16.923865 -2.47133 0.727937 -19.279097 -0.403763 2.725255 -0.354059 0.97706 0.256158 85.500492 -26.084616 139.996627 78.521514 -55.434165 -6.925695 0.136796 9.228311 0.015772 2.64045 -4.921575 77.673065 10.858518 4.544282 -0.161177 5.567135 -15.31543 -24.893182 32.870182 17.154742 -5.174268 25.419896 -1.658849 2.035828 -2.842606 5.315075 5.998781 -0.034264 0 0 32.345114 2.740227 8.702987 33.97535 15.929475 4.995296 10.346023 15.079514 5.6056 0 0 0 25.041573 -3.525553 -29.788901 34.330291 -14.425032 -10.59448 -0.380696 1.802649 -4.078834 0 0 0 18.141878 -5.299818 -3.354368 36.146891 -5.937396 -10.122517 -5.323389 -0.254142 -8.603426 -0.019782 0 0 25.573081 44.865066 59.697004 50.09426 1.478567 61.162965 -3.31494 -33.916447 -51.509294 -6.076771 7.979072 9.192814 0 0 0 0 0 0.000008 0.000001 0 -9.656359 0.000001 0 -19.312725 0 0.000007 -28.96909 -0.000461 0.009045 -5.021017 -0.000272 0.006791 -3.765763 -0.000132 0.004527 -2.510508 -0.000041 0.002267 -1.255253 0 -0.013988 0 -96.50729 -40.327122 123.413531 55.538249 -72.194766 -72.591634 6.256304 0.044644 0.002442 -3.295517 -4.509855 142.148429 14.56061 20.122894 6.981829 -2.311969 -14.287035 -22.877687 38.684746 11.965668 -9.884185 22.804894 -4.029856 -6.228556 -1.7544 5.529582 -0.204659 0 0 0 32.541378 0.355653 -9.219096 35.763363 3.830242 -2.997655 15.492908 9.133982 1.545065 0 0 0 25.011977 -5.297763 -14.131843 39.143877 -7.560648 -4.053063 -1.829797 1.543609 -3.972233 0 0 0 17.956508 -6.769159 12.163917 41.865894 1.694968 -2.792023 -5.620009 -2.232846 -1.744481 0 0 0 25.573081 44.865066 59.697004 1.903836 6.728595 52.639254 -8.563024 -8.619532 -30.154302 -6.076771 7.979072 9.192814 0 0 0 0 0 0.000008 0 0 7.472192 -0.000001 0 14.944376 -0.000001 0 22.416561 -0.006126 -0.035811 20.240772 -0.003412 -0.027101 15.180578 -0.001477 -0.018177 10.120386 -0.000337 -0.009119 5.060194 0 0 0 22.366223 -3.532064 -10.312937 -0.013907 0.001507 6.607436 0 0 0 -15.124128 5.33903 7.362009 135 -89.998853 135 0 0 0 0 0 0 90.000011 -63.648284 -90.000011 -5.682402 0 0 -28.319917 0 0 -16.252152 0 0 0 0 0 89.999999 -84.450026 179.999999 0 0 0 -90.000001 -84.450026 -0.000001 0 0 0 0 0 0
0 0 0 0 0 0 0.003343 -0.053227000000000024 -0.004271 0.790635 -4.166906 2.017318 -94.760547 -0.746462 -94.356578 -0.878911 -0.011492 -12.330626 0 0 0 1.912639 -2.851343 0.875406 75.504886 -7.99203 9.33427 -0.15412 1.329521 -0.522786 12.159491 11.752556 -8.071911 0 0 0 0 0 0 0 0 0 0 0 0 -0.000035 -0.00863 0.468458 -0.00002 -0.006472 0.351344 -0.000009 -0.004313 0.234229 0.013986 -0.002259 0.713711 0 0 0 90.837012 6.43453 85.605092 11.671585 -1.204768 -8.463771 0 0 0 1.075514 0.557002 7.91383 75.690319 -9.031783 11.401313 -0.421239 2.455136 -0.80889 0.13669 11.118355 -3.695481 0 0 0 0 0 0 0 0 0 0 0 0 -0.00008 0.013025 -0.707004 -0.000045 0.009767 -0.530253 -0.00002 0.006513 -0.353502 -0.000005 0.003255 -0.176751 0 0 0 91.549447 6.618869 91.403207 16.934267 -2.474367 0.732005 -19.274248 -0.403451 2.730084 -0.374037 0.977875 0.241237 85.500479 -26.084631 139.996638 78.497735 -55.442936 -6.886893 0.136865 9.22988 0.015793 2.642124 -4.920677 77.653562 10.85553 4.556324 -0.159476 5.567135 -15.31543 -24.893182 32.870199 17.154748 -5.174271 25.419891 -1.658848 2.035827 -2.842605 5.315075 5.99878 -0.034264 0 0 32.470433 2.506068 8.708713 33.850213 16.10585 5.118666 10.346018 15.079511 5.605598 0 0 0 25.041582 -3.525538 -29.788909 34.330288 -14.425023 -10.594478 -0.380697 1.802646 -4.078836 0 0 0 18.141888 -5.299803 -3.354376 36.146889 -5.93739 -10.122516 -5.323388 -0.254142 -8.603426 -0.019782 0 0 25.573081 44.865066 59.697004 50.094251 1.478583 61.162962 -3.314939 -33.916446 -51.509298 -6.076771 7.979072 9.192814 0 0 0 0 0 0.000008 0.000001 0 -9.661546 0.000001 0 -19.323102 0 0.000007 -28.984657 -0.000463 0.009066 -5.031301 -0.000273 0.006804 -3.773475 -0.000132 0.00454 -2.51565 -0.000041 0.002267 -1.257824 0 -0.013988 0 -96.507292 -40.327109 123.413519 55.47471 -72.187608 -72.551923 6.248167 0.044576 0.002434 -3.296531 -4.509114 142.161331 14.57378 20.142074 6.99525 -2.311969 -14.287035 -22.877687 38.684722 11.965659 -9.884187 22.804891 -4.029859 -6.228558 -1.754399 5.529582 -0.204659 0 0 0 32.541359 0.355623 -9.219099 35.763363 3.830242 -2.997655 15.492901 9.133982 1.545066 0 0 0 25.011958 -5.297787 -14.131844 39.143873 -7.560649 -4.053061 -1.829798 1.543612 -3.972234 0 0 0 17.956486 -6.769185 12.16392 41.865898 1.694974 -2.79202 -5.620009 -2.232846 -1.744482 0 0 0 25.573081 44.865066 59.697004 1.903851 6.728565 52.639267 -8.563022 -8.619531 -30.154302 -6.076771 7.979072 9.192814 0 0 0 0 0 0.000008 0 0 7.475628 -0.000001 0 14.951248 -0.000001 0 22.426867 -0.006137 -0.035843 20.259487 -0.003418 -0.027121 15.194614 -0.001481 -0.018197 10.129743 -0.000338 -0.009133 5.064872 0 0 0 22.366211 -3.532061 -10.312921 -0.013907 0.001507 6.607432 0 0 0 -15.124114 5.339038 7.361998 135 -89.998853 135 0 0 0 0 0 0 90.000011 -63.648284 -90.000011 -5.682402 0 0 -28.319917 0 0 -16.252152 0 0 0 0 0 89.999999 -84.450026 179.999999 0 0 0 -90.000001 -84.450026 -0.000001 0 0 0 0 0 0
0 0 0 0 0 0 0.003445 -0.05320999999999998 -0.004422 0.788467 -4.16486 2.016774 -94.766817 -0.763613 -94.353741 -0.878917 -0.0115 -12.330617 0 0 0 1.927529 -2.864612 0.874277 75.504886 -7.99203 9.33427 -0.15412 1.329521 -0.522786 12.159479 11.752565 -8.071904 0 0 0 0 0 0 0 0 0 0 0 0 -0.000035 -0.008599 0.466843 -0.00002 -0.006448 0.350132 -0.000009 -0.0043 0.233422 0.013986 -0.002252 0.713308 0 0 0 90.831493 6.473493 85.62711 11.717753 -1.209049 -8.464739 0 0 0 1.071774 0.571748 7.891501 75.690319 -9.031783 11.401313 -0.421239 2.455136 -0.80889 0.136684 11.118365 -3.695474 0 0 0 0 0 0 0 0 0 0 0 0 -0.000084 0.013343 -0.724468 -0.000047 0.010006 -0.543351 -0.000021 0.00667 -0.362234 -0.000005 0.003337 -0.181117 0 0 0 91.55043 6.620316 91.403377 16.9442 -2.479811 0.733716 -19.273121 -0.404938 2.732624 -0.383455 0.984208 0.232567 85.500486 -26.084617 139.996629 78.488623 -55.442225 -6.871591 0.137081 9.23876 0.015814 2.642756 -4.920339 77.646179 10.866115 4.557946 -0.16047 5.567135 -15.31543 -24.893182 32.870193 17.154778 -5.17428 25.419896 -1.658855 2.035825 -2.842603 5.315075 5.998779 -0.034264 0 0 32.470419 2.506093 8.708702 33.850202 16.105847 5.118664 10.346019 15.079511 5.605599 0 0 0 25.041574 -3.525516 -29.788922 34.330295 -14.425032 -10.59448 -0.380694 1.802649 -4.078834 0 0 0 18.141877 -5.299783 -3.354392 36.146891 -5.937396 -10.122517 -5.323385 -0.254142 -8.603426 -0.019782 0 0 25.573081 44.865066 59.697004 50.094222 1.478582 61.16296 -3.314942 -33.916442 -51.5093 -6.076771 7.979072 9.192814 0 0 0 0 0 0.000008 0.000001 0 -9.663509 0.000001 0 -19.327025 0 0.000007 -28.990543 -0.000464 0.009073 -5.035476 -0.000273 0.006811 -3.776606 -0.000132 0.00454 -2.517737 -0.000041 0.002274 -1.258867 0 -0.013988 0 -96.507295 -40.327123 123.413528 55.469915 -72.176988 -72.562265 6.244906 0.044569 0.00243 -3.29736 -4.508508 142.171872 14.58407 20.141708 6.999135 -2.311969 -14.287035 -22.877687 38.684755 11.96564 -9.884186 22.804894 -4.029859 -6.22856 -1.7544 5.529582 -0.204659 0 0 0 32.541393 0.355632 -9.219095 35.763366 3.830242 -2.997655 15.492903 9.133982 1.545066 0 0 0 25.011995 -5.297786 -14.131841 39.14388 -7.560646 -4.053062 -1.829798 1.543609 -3.972233 0 0 0 17.956523 -6.769183 12.163921 41.865901 1.694969 -2.792024 -5.620011 -2.232846 -1.744479 0 0 0 25.573081 44.865066 59.697004 1.90386 6.728605 52.639244 -8.563022 -8.619531 -30.154295 -6.076771 7.979072 9.192814 0 0 0 0 0 0.000008 0 0 7.478436 -0.000001 0 14.956862 -0.000001 0 22.435291 -0.006148 -0.035876 20.276162 -0.003425 -0.027147 15.207122 -0.001483 -0.018211 10.138082 -0.000338 -0.00914 5.069042 0 0 0 22.366216 -3.532064 -10.312938 -0.013907 0.001507 6.607445 0 0 0 -15.124114 5.339027 7.36202 135 -89.998853 135 0 0 0 0 0 0 90.000011 -63.648284 -90.000011 -5.682402 0 0 -28.319917 0 0 -16.252152 0 0 0 0 0 89.999999 -84.450026 179.999999 0 0 0 -90.000001 -84.450026 -0.000001 0 0 0 0 0 0
0 0 0 0 0 0 0.003555 -0.053153000000000006 -0.004215 0.787766 -4.153436 2.011364 -94.775864 -0.776638 -94.353095 -0.878905 -0.011512 -12.330626 0 0 0 1.942765 -2.879941 0.884352 75.504886 -7.99203 9.33427 -0.15412 1.329521 -0.522786 12.159496 11.75257 -8.071904 0 0 0 0 0 0 0 0 0 0 0 0 -0.000035 -0.008599 0.466868 -0.00002 -0.006448 0.350151 -0.000009 -0.0043 0.233434 0.013986 -0.002252 0.713314 0 0 0 90.823032 6.521414 85.666331 11.788294 -1.215619 -8.466246 0 0 0 1.058781 0.595899 7.843323 75.690319 -9.031783 11.401313 -0.421239 2.455136 -0.80889 0.136691 11.118348 -3.695473 0 0 0 0 0 0 0 0 0 0 0 0 -0.000092 0.013923 -0.755668 -0.000052 0.010443 -0.566751 -0.000023 0.00696 -0.377834 -0.000006 0.00348 -0.188917 0 0 0 91.55169 6.625776 91.401759 16.952941 -2.486615 0.733824 -19.275281 -0.406909 2.733411 -0.379548 0.991132 0.219744 85.500477 -26.084616 139.996628 78.494517 -55.4314 -6.864513 0.137179 9.243701 0.015839 2.643724 -4.91982 77.634896 10.879405 4.548703 -0.163381 5.567135 -15.31543 -24.893182 32.870174 17.154771 -5.174271 25.419895 -1.658847 2.035823 -2.842608 5.315075 5.998781 -0.034264 0 0 32.470397 2.506078 8.708712 33.850213 16.10585 5.118667 10.346019 15.079511 5.605599 0 0 0 25.18362 -3.763265 -29.797947 34.318907 -14.47441 -10.756256 -0.382049 1.797401 -4.095588 0 0 0 18.141855 -5.2998 -3.354379 36.146886 -5.937391 -10.122516 -5.323388 -0.254142 -8.603426 -0.019782 0 0 25.573081 44.865066 59.697004 50.094235 1.478552 61.162961 -3.31494 -33.916446 -51.509302 -6.076771 7.979072 9.192814 0 0 0 0 0 0.000008 0.000001 0 -9.66651 0.000001 0 -19.333029 0 0.000007 -28.999545 -0.000464 0.009079 -5.037895 -0.000273 0.006811 -3.778421 -0.000132 0.00454 -2.518947 -0.000041 0.002274 -1.259473 0 -0.013988 0 -96.236737 -40.161099 123.207615 55.919666 -72.244862 -72.791607 6.251548 0.044623 0.002438 -3.29927 -4.507111 142.196185 14.589069 20.126467 6.996272 -2.311969 -14.287035 -22.877687 38.684766 11.965643 -9.884199 22.804888 -4.029863 -6.228557 -1.754399 5.529582 -0.204659 0 0 0 32.541407 0.355638 -9.21911 35.763363 3.830242 -2.997654 15.492901 9.133982 1.545067 0 0 0 25.01201 -5.297775 -14.131856 39.143875 -7.560643 -4.053059 -1.829797 1.543609 -3.972233 0 0 0 17.95654 -6.769178 12.163905 41.865898 1.694968 -2.792024 -5.620006 -2.232839 -1.744481 0 0 0 25.573081 44.865066 59.697004 1.903856 6.7286 52.639222 -8.563024 -8.619531 -30.154298 -6.076771 7.979072 9.192814 0 0 0 0 0 0.000008 0 0 7.484909 -0.000001 0 14.969811 -0.000001 0 22.454711 -0.006043 -0.035582 20.104952 -0.003365 -0.026921 15.078714 -0.001457 -0.018055 10.052476 -0.000332 -0.009058 5.026238 0 0 0 22.366206 -3.532058 -10.312937 -0.013907 0.001507 6.607436 0 0 0 -15.124112 5.339029 7.362008 135 -89.998853 135 0 0 0 0 0 0 90.000011 -63.648284 -90.000011 -5.682402 0 0 -28.319917 0 0 -16.252152 0 0 0 0 0 89.999999 -84.450026 179.999999 0 0 0 -90.000001 -84.450026 -0.000001 0 0 0 0 0 0
0 0 0 0 0 0 0.003661 -0.053081000000000045 -0.003832 0.789984 -4.131403 2.007803 -94.788773 -0.780219 -94.355724 -0.878903 -0.011498 -12.330612 0 0 0 1.762882 -2.932963 0.723695 75.504886 -7.99203 9.33427 -0.15412 1.329521 -0.522786 12.106258 11.707896 -8.022572 0 0 0 0 0 0 0 0 0 0 0 0 -0.000035 -0.008644 0.469229 -0.00002 -0.006482 0.351922 -0.000009 -0.004323 0.234614 0.013986 -0.002259 0.713904 0 0 0 90.813316 6.564926 85.713995 11.862001 -1.222465 -8.467804 0 0 0 1.036436 0.624053 7.776171 75.690319 -9.031783 11.401313 -0.421239 2.455136 -0.80889 0.136698 11.118369 -3.695475 0 0 0 0 0 0 0 0 0 0 0 0 -0.000101 0.014623 -0.793665 -0.000057 0.010966 -0.595249 -0.000025 0.007312 -0.396832 -0.000006 0.003654 -0.198416 0 0 0 91.552075 6.633284 91.400909 16.961613 -2.493209 0.733224 -19.280148 -0.408283 2.73331 -0.372493 0.994225 0.197542 85.50048 -26.084624 139.996628 78.499437 -55.425935 -6.860167 0.137602 9.258701 0.015898 2.644375 -4.919469 77.627339 10.897621 4.539959 -0.166672 5.567135 -15.31543 -24.893182 32.870207 17.154746 -5.174262 25.419896 -1.658849 2.035828 -2.842606 5.315075 5.998781 -0.034264 0 0 32.470446 2.506072 8.70872 33.850213 16.10585 5.118666 10.346018 15.079511 5.605598 0 0 0 25.18367 -3.763271 -29.797939 34.318897 -14.474412 -10.756255 -0.382049 1.797401 -4.095589 0 0 0 18.141905 -5.299797 -3.35437 36.146888 -5.937397 -10.122517 -5.323389 -0.254143 -8.603427 -0.019782 0 0 25.573081 44.865066 59.697004 50.094257 1.478596 61.162973 -3.314949 -33.916445 -51.509298 -6.076771 7.979072 9.192814 0 0 0 0 0 0.000008 0.000001 0 -9.66852 0.000001 0 -19.33705 0 0.000007 -29.005577 -0.000465 0.009079 -5.0394 -0.000273 0.006811 -3.779549 -0.000132 0.004547 -2.519699 -0.000041 0.002274 -1.259849 0 -0.013988 0 -96.098153 -40.2526 123.331514 56.692439 -72.146123 -73.660202 6.265685 0.044712 0.002447 -3.302567 -4.504699 142.23815 14.593069 20.104437 6.991769 -2.311969 -14.287035 -22.877687 38.684753 11.965656 -9.884189 22.80489 -4.029863 -6.228555 -1.754398 5.529575 -0.204658 0 0 0 32.541397 0.355641 -9.2191 35.763363 3.830242 -2.997655 15.492904 9.133982 1.545066 0 0 0 24.907007 -5.52352 -14.121948 39.284272 -7.410798 -3.929734 -1.829792 1.543609 -3.972234 0 0 0 17.956527 -6.769168 12.163915 41.865889 1.694968 -2.792024 -5.620009 -2.232846 -1.744481 0 0 0 25.573081 44.865066 59.697004 1.903849 6.728603 52.639234 -8.563021 -8.61953 -30.154299 -6.076771 7.979072 9.192814 0 0 0 0 0 0.000008 0 0 7.496084 -0.000001 0 14.992161 -0.000001 0 22.488237 -0.006111 -0.035772 20.214824 -0.003404 -0.027067 15.161117 -0.001474 -0.018157 10.107412 -0.000336 -0.009112 5.053707 0 0 0 22.366209 -3.532063 -10.312929 -0.013907 0.001507 6.607434 0 0 0 -15.12412 5.339029 7.362002 135 -89.998853 135 0 0 0 0 0 0 90.000011 -63.648284 -90.000011 -5.682402 0 0 -28.319917 0 0 -16.252152 0 0 0 0 0 89.999999 -84.450026 179.999999 0 0 0 -90.000001 -84.450026 -0.000001 0 0 0 0 0 0
0 0 0 0 0 0 0.003601 -0.053080000000000016 -0.003678 0.79512 -4.109732 2.003696 -94.805612 -0.778445 -94.360651 -0.878901 -0.011491 -12.330622 0 0 0 1.761717 -2.94615 0.750076 75.504886 -7.99203 9.33427 -0.15412 1.329521 -0.522786 12.106276 11.70788 -8.022572 0 0 0 0 0 0 0 0 0 0 0 0 -0.000036 -0.008719 0.473284 -0.00002 -0.006536 0.354963 -0.000009 -0.004358 0.236642 0.013986 -0.00228 0.714918 0 0 0 90.802627 6.599783 85.762553 11.93742 -1.229483 -8.469419 0 0 0 1.003943 0.652821 7.708193 75.690319 -9.031783 11.401313 -0.421239 2.455136 -0.80889 0.136676 11.118347 -3.695483 0 0 0 0 0 0 0 0 0 0 0 0 -0.000111 0.015333 -0.832486 -0.000063 0.011498 -0.624365 -0.000028 0.00767 -0.416243 -0.000007 0.003835 -0.208122 0 0 0 91.551874 6.634815 91.401074 16.970256 -2.499828 0.731611 -19.287608 -0.409332 2.732108 -0.368174 0.994646 0.176793 85.57863 -26.133716 140.093118 78.686482 -55.314725 -7.063565 0.138244 9.283282 0.016011 2.643691 -4.919835 77.635325 10.918967 4.530795 -0.17009 5.567135 -15.31543 -24.893182 32.870193 17.154765 -5.174269 25.419894 -1.658848 2.035826 -2.842604 5.315075 5.99878 -0.034264 0 0 32.470415 2.506077 8.708711 33.850213 16.10585 5.118666 10.346018 15.079511 5.605598 0 0 0 25.183637 -3.763264 -29.797947 34.318917 -14.474416 -10.75626 -0.382049 1.797401 -4.095592 0 0 0 18.141872 -5.299799 -3.35438 36.146889 -5.93739 -10.122516 -5.323389 -0.254143 -8.603427 -0.019782 0 0 25.573081 44.865066 59.697004 50.094241 1.478569 61.162957 -3.314942 -33.916447 -51.509294 -6.076771 7.979072 9.192814 0 0 0 0 0 0.000008 0.000001 0 -9.666397 0.000001 0 -19.332802 0 0.000007 -28.999207 -0.000456 0.008984 -4.988393 -0.000268 0.006743 -3.741295 -0.00013 0.004499 -2.494196 -0.000041 0.002247 -1.247097 0 -0.013988 0 -96.098158 -40.252603 123.331512 56.805308 -72.151525 -73.806973 6.280064 0.044814 0.002458 -3.305951 -4.50222 142.281227 14.584995 20.071221 6.978907 -2.311969 -14.287035 -22.877687 38.684758 11.965665 -9.884192 22.804896 -4.029855 -6.228558 -1.754399 5.529582 -0.204659 0 0 0 32.541391 0.355649 -9.219103 35.763363 3.830242 -2.997655 15.492908 9.133986 1.545066 0 0 0 24.906996 -5.52351 -14.121949 39.284274 -7.410792 -3.929732 -1.829795 1.543609 -3.972234 0 0 0 17.956517 -6.769159 12.16391 41.865901 1.694975 -2.792021 -5.620007 -2.232839 -1.74448 0 0 0 25.573081 44.865066 59.697004 1.903838 6.728602 52.639248 -8.563021 -8.619527 -30.154298 -6.076771 7.979072 9.192814 0 0 0 0 0 0.000008 0 0 7.507555 -0.000001 0 15.015102 -0.000001 0 22.52265 -0.006113 -0.035778 20.220443 -0.003405 -0.027074 15.165333 -0.001474 -0.018157 10.110222 -0.000336 -0.009112 5.055112 0 0 0 22.366203 -3.53206 -10.312929 -0.013907 0.001507 6.607433 0 0 0 -15.124108 5.339029 7.362007 135 -89.998853 135 0 0 0 0 0 0 90.000011 -63.648284 -90.000011 -5.682402 0 0 -28.319917 0 0 -16.252152 0 0 0 0 0 89.999999 -84.450026 179.999999 0 0 0 -90.000001 -84.450026 -0.000001 0 0 0 0 0 0
0 0 0 0 0 0 0.003574 -0.053153000000000006 -0.003847 0.797923 -4.091762 1.99951 -94.823592 -0.789944 -94.370739 -0.878907 -0.011499 -12.330613 0 0 0 1.772181 -2.96637 0.77772 75.504886 -7.99203 9.33427 -0.15412 1.329521 -0.522786 12.10627 11.707894 -8.022575 0 0 0 0 0 0 0 0 0 0 0 0 -0.000037 -0.008879 0.481915 -0.000021 -0.006659 0.361436 -0.000009 -0.004436 0.240957 0.013985 -0.002321 0.717075 0 0 0 90.793951 6.641741 85.810965 12.023733 -1.237504 -8.471271 0 0 0 0.967986 0.682364 7.644203 75.690319 -9.031783 11.401313 -0.421239 2.455136 -0.80889 0.100632 11.089126 -3.931803 0 0 0 0 0 0 0 0 0 0 0 0 -0.000122 0.016044 -0.871031 -0.000069 0.012031 -0.653273 -0.000031 0.008025 -0.435516 -0.000008 0.004013 -0.217758 0 0 0 91.553764 6.635585 91.402199 16.978403 -2.505496 0.729655 -19.295106 -0.409365 2.730441 -0.363745 0.993939 0.15991 85.834688 -26.194779 139.834014 79.076124 -55.505042 -7.370866 0.138931 9.30915 0.016115 2.621386 -4.931737 77.895066 10.913149 4.56684 -0.159736 5.567135 -15.31543 -24.893182 32.884452 17.303231 -5.378309 25.419896 -1.658855 2.035824 -2.842603 5.315075 5.998779 -0.034264 0 0 32.454453 2.66312 8.506288 33.850208 16.105847 5.118663 10.346019 15.079511 5.605599 0 0 0 25.191053 -3.633091 -30.018884 34.3189 -14.474411 -10.756257 -0.382046 1.797401 -4.095589 0 0 0 18.156601 -5.197619 -3.590133 36.146872 -5.937446 -10.401327 -5.324503 -0.22815 -8.604015 -0.019782 0 0 25.573081 44.865066 59.697004 49.895956 1.548133 61.011182 -3.271351 -33.541733 -51.533506 -6.076771 7.979072 9.192814 0 0 0 0 0 0.000008 0.000001 0 -9.597314 0.000001 0 -19.194637 0 0.000007 -28.791957 -0.000442 0.008841 -4.907611 -0.000261 0.006634 -3.680708 -0.000126 0.004424 -2.453805 -0.00004 0.002213 -1.226902 0 -0.013988 0 -96.09815 -40.252603 123.331518 56.93578 -72.154533 -73.953379 6.285919 0.044855 0.002462 -3.308324 -4.500477 142.311479 14.56765 20.037216 6.961763 -2.311969 -14.287035 -22.877687 38.684775 11.965645 -9.884171 22.804899 -4.029859 -6.228559 -1.754396 5.529582 -0.204659 0 0 0 32.541407 0.355637 -9.219084 35.763369 3.830243 -2.997657 15.492903 9.133982 1.545067 0 0 0 24.907014 -5.523523 -14.12193 39.284279 -7.410798 -3.929734 -1.829799 1.543609 -3.972233 0 0 0 17.956536 -6.769172 12.163932 41.865892 1.694967 -2.792022 -5.620011 -2.232846 -1.744479 0 0 0 25.573081 44.865066 59.697004 1.903863 6.728619 52.639247 -8.563021 -8.619534 -30.154303 -6.076771 7.979072 9.192814 0 0 0 0 0 0.000008 0 0 7.51561 -0.000001 0 15.031213 -0.000001 0 22.546814 -0.006113 -0.035778 20.219857 -0.003405 -0.027074 15.164893 -0.001474 -0.018157 10.109928 -0.000336 -0.009112 5.054965 0 0 0 22.366215 -3.532065 -10.312933 -0.013907 0.001507 6.607441 0 0 0 -15.124118 5.339033 7.362008 135 -89.998853 135 0 0 0 0 0 0 90.000011 -63.648284 -90.000011 -5.682402 0 0 -28.319917 0 0 -16.252152 0 0 0 0 0 89.999999 -84.450026 179.999999 0 0 0 -90.000001 -84.450026 -0.000001 0 0 0 0 0 0
0 0 0 0 0 0 0.003811 -0.05323 -0.004369 0.795195 -4.071093 2.004448 -94.837912 -0.818622 -94.386106 -0.878903 -0.011498 -12.330621 0 0 0 1.789993 -2.991061 0.813819 75.504886 -7.99203 9.33427 -0.15412 1.329521 -0.522786 12.106258 11.707897 -8.022577 0 0 0 0 0 0 0 0 0 0 0 0 -0.000039 -0.009122 0.495297 -0.000022 -0.006844 0.371473 -0.00001 -0.004559 0.247649 0.013985 -0.002383 0.720421 0 0 0 90.791154 6.693059 85.859191 12.107643 -1.245317 -8.473098 0 0 0 0.93493 0.711258 7.578021 75.690319 -9.031783 11.401313 -0.421239 2.455136 -0.80889 0.10063 11.089137 -3.931811 0 0 0 0 0 0 0 0 0 0 0 0 -0.000133 0.016747 -0.90904 -0.000075 0.01256 -0.68178 -0.000033 0.008374 -0.45452 -0.000008 0.004187 -0.22726 0 0 0 91.557623 6.638525 91.403236 16.983156 -2.508755 0.72816 -19.302069 -0.408144 2.728968 -0.363094 0.992346 0.140346 85.834682 -26.194783 139.83402 79.084601 -55.525723 -7.378574 0.139685 9.337055 0.016238 2.621304 -4.931779 77.896031 10.919124 4.562949 -0.160897 5.567135 -15.31543 -24.893182 32.884463 17.303249 -5.378307 25.419889 -1.658855 2.035826 -2.842603 5.315075 5.998779 -0.034264 0 0 32.45445 2.663145 8.50629 33.850216 16.105851 5.118664 10.346019 15.079511 5.605601 0 0 0 25.191054 -3.633066 -30.018884 34.318904 -14.474411 -10.756256 -0.382049 1.797401 -4.095592 0 0 0 18.156606 -5.197594 -3.590136 36.146862 -5.937449 -10.401327 -5.3245 -0.22815 -8.604015 -0.019782 0 0 25.573081 44.865066 59.697004 49.89593 1.548137 61.011187 -3.271353 -33.541739 -51.533499 -6.076771 7.979072 9.192814 0 0 0 0 0 0.000008 0.000001 0 -9.597058 0.000001 0 -19.194124 0 0.000007 -28.79119 -0.000442 0.008841 -4.905264 -0.000261 0.006634 -3.678948 -0.000126 0.004424 -2.452631 -0.000039 0.002213 -1.226315 0 -0.013988 0 -96.098148 -40.252603 123.331509 57.005718 -72.148506 -74.03922 6.282655 0.044841 0.002461 -3.310043 -4.499213 142.3334 14.561552 20.02012 6.954545 -2.311969 -14.287035 -22.877687 38.684765 11.96565 -9.88417 22.80489 -4.029863 -6.228555 -1.754398 5.529575 -0.204658 0 0 0 32.541399 0.355642 -9.219079 35.763363 3.830242 -2.997655 15.492904 9.133982 1.545067 0 0 0 24.907003 -5.523524 -14.121927 39.284279 -7.410798 -3.929734 -1.829799 1.543609 -3.972233 0 0 0 17.956526 -6.769171 12.163934 41.865892 1.694974 -2.792019 -5.620011 -2.232839 -1.744482 0 0 0 25.573081 44.865066 59.697004 1.903859 6.728614 52.63925 -8.56302 -8.61953 -30.154299 -6.076771 7.979072 9.192814 0 0 0 0 0 0.000008 0 0 7.521447 -0.000001 0 15.042887 -0.000001 0 22.564324 -0.00612 -0.035798 20.229886 -0.003409 -0.027087 15.172415 -0.001476 -0.01817 10.114943 -0.000337 -0.009119 5.057472 0 0 0 22.366212 -3.532062 -10.31293 -0.013905 0.001525 6.693807 0 0 0 -14.822375 5.3044 7.493037 135 -89.998853 135 0 0 0 0 0 0 90.000011 -63.648284 -90.000011 -5.682402 0 0 -28.319917 0 0 -16.252152 0 0 0 0 0 89.999999 -84.450026 179.999999 0 0 0 -90.000001 -84.450026 -0.000001 0 0 0 0 0 0
0 0 0 0 0 0 0.004177 -0.053288 -0.004952 0.791247 -4.050263 2.016614 -94.848218 -0.843238 -94.404874 -0.878904 -0.011526 -12.330627 0 0 0 1.797699 -3.009915 0.854146 75.504886 -7.99203 9.33427 -0.15412 1.329521 -0.522786 12.106268 11.707893 -8.022568 0 0 0 0 0 0 0 0 0 0 0 0 -0.000042 -0.009419 0.511209 -0.000024 -0.007062 0.383407 -0.00001 -0.004709 0.255604 0.013985 -0.002459 0.724399 0 0 0 90.789716 6.745365 85.903503 12.176552 -1.251723 -8.474603 0 0 0 0.910312 0.736964 7.515551 75.690319 -9.031783 11.401313 -0.421239 2.455136 -0.80889 0.100632 11.089137 -3.931809 0 0 0 0 0 0 0 0 0 0 0 0 -0.000143 0.017386 -0.943855 -0.000081 0.013042 -0.707891 -0.000036 0.008691 -0.471928 -0.000009 0.004344 -0.235964 0 0 0 91.560149 6.638709 91.402865 16.983084 -2.510975 0.725827 -19.309605 -0.407306 2.726386 -0.367135 0.992442 0.123873 85.834666 -26.194786 139.83404 79.094334 -55.535484 -7.393687 0.140534 9.370032 0.016383 2.620619 -4.932142 77.904002 10.940173 4.555045 -0.16409 5.567135 -15.31543 -24.893182 32.884441 17.303248 -5.3783 25.419889 -1.658855 2.035826 -2.842603 5.315075 5.998779 -0.034264 0 0 32.454436 2.66313 8.506297 33.850208 16.105847 5.118664 10.346022 15.079515 5.605599 0 0 0 25.191038 -3.633082 -30.018878 34.318904 -14.474411 -10.756256 -0.382046 1.797401 -4.095589 0 0 0 18.156588 -5.19761 -3.590127 36.146862 -5.937449 -10.401327 -5.3245 -0.22815 -8.604015 -0.019782 0 0 25.573081 44.865066 59.697004 49.89594 1.548116 61.011196 -3.271346 -33.541731 -51.533511 -6.076771 7.979072 9.192814 0 0 0 0 0 0.000008 0.000001 0 -9.594937 0.000001 0 -19.189883 0 0.000007 -28.784829 -0.000441 0.008827 -4.901051 -0.00026 0.006627 -3.675788 -0.000126 0.004417 -2.450525 -0.000039 0.002213 -1.225261 0 -0.013988 0 -96.098147 -40.252593 123.33149 57.025206 -72.13547 -74.078567 6.265151 0.044712 0.002447 -3.311603 -4.498066 142.353279 14.559584 20.021653 6.956438 -2.311969 -14.287035 -22.877687 38.684752 11.965645 -9.884189 22.804899 -4.029859 -6.228559 -1.754396 5.529582 -0.204659 0 0 0 32.541393 0.355633 -9.219098 35.763366 3.830242 -2.997654 15.492903 9.133982 1.545066 0 0 0 24.907003 -5.523528 -14.121944 39.284272 -7.410798 -3.929734 -1.829799 1.543609 -3.972233 0 0 0 17.956524 -6.769182 12.163918 41.865901 1.694974 -2.79202 -5.620011 -2.232846 -1.744479 0 0 0 25.573081 44.865066 59.697004 1.903856 6.728592 52.63924 -8.563025 -8.619535 -30.154299 -6.076771 7.979072 9.192814 0 0 0 0 0 0.000008 0 0 7.526742 -0.000001 0 15.053476 -0.000001 0 22.580211 -0.006132 -0.03583 20.249984 -0.003416 -0.027114 15.187488 -0.001479 -0.018184 10.124992 -0.000337 -0.009126 5.062497 0 0 0 22.366198 -3.53205 -10.312913 -0.013905 0.001525 6.693793 0 0 0 -14.822355 5.304383 7.493021 135 -89.998853 135 0 0 0 0 0 0 90.000011 -63.648284 -90.000011 -5.682402 0 0 -28.319917 0 0 -16.252152 0 0 0 0 0 89.999999 -84.450026 179.999999 0 0 0 -90.000001 -84.450026 -0.000001 0 0 0 0 0 0
0 0 0 0 0 0 0.004701 -0.053288 -0.005421 0.790365 -4.034458 2.029559 -94.85832 -0.858663 -94.425024 -0.878911 -0.01152 -12.330618 0 0 0 1.796374 -3.022471 0.891101 75.504886 -7.99203 9.33427 -0.15412 1.329521 -0.522786 12.10627 11.707894 -8.022573 0 0 0 0 0 0 0 0 0 0 0 0 -0.000045 -0.009726 0.527906 -0.000025 -0.007295 0.39593 -0.000011 -0.00486 0.263953 0.013985 -0.002538 0.728573 0 0 0 90.78353 6.800341 85.951589 12.2434 -1.257938 -8.476067 0 0 0 0.88979 0.763638 7.454464 75.690319 -9.031783 11.401313 -0.421239 2.455136 -0.80889 0.100628 11.089127 -3.931807 0 0 0 0 0 0 0 0 0 0 0 0 -0.000155 0.018086 -0.981892 -0.000087 0.013568 -0.736419 -0.000039 0.009043 -0.490946 -0.00001 0.004525 -0.245473 0 0 0 91.560508 6.641688 91.400915 16.977845 -2.514138 0.72216 -19.317237 -0.407805 2.72249 -0.364259 0.995622 0.116584 85.834685 -26.194772 139.834022 79.130674 -55.526796 -7.429596 0.141512 9.406106 0.016539 2.619943 -4.932503 77.911831 10.976274 4.526562 -0.171847 5.567135 -15.31543 -24.893182 32.88446 17.303248 -5.378303 25.419896 -1.658855 2.035824 -2.842603 5.315075 5.998779 -0.034264 0 0 32.454459 2.66314 8.506294 33.850212 16.105847 5.118664 10.346019 15.079511 5.605599 0 0 0 25.191057 -3.633076 -30.018884 34.318904 -14.474411 -10.756256 -0.382046 1.797401 -4.095594 0 0 0 18.156607 -5.197598 -3.590133 36.146862 -5.93745 -10.401326 -5.324503 -0.22815 -8.604016 -0.019782 0 0 25.573081 44.865066 59.697004 49.89594 1.548137 61.011194 -3.271352 -33.541739 -51.533496 -6.076771 7.979072 9.192814 0 0 0 0 0 0.000008 0.000001 0 -9.592856 0.000001 0 -19.18572 0 0.000007 -28.778584 -0.00044 0.008814 -4.892027 -0.000259 0.006614 -3.66902 -0.000126 0.004411 -2.446013 -0.000039 0.002206 -1.223006 0 -0.013988 0 -96.098153 -40.252605 123.331518 57.065359 -72.11844 -74.131787 6.24193 0.044542 0.00243 -3.312894 -4.497117 142.369734 14.552853 20.019624 6.955039 -2.311969 -14.287035 -22.877687 38.684758 11.965674 -9.884177 22.804888 -4.029863 -6.228557 -1.754399 5.529582 -0.204659 0 0 0 32.541384 0.355658 -9.219089 35.763366 3.830242 -2.997655 15.492904 9.133982 1.545066 0 0 0 24.90699 -5.523509 -14.121939 39.284278 -7.410792 -3.929732 -1.829799 1.543609 -3.972233 0 0 0 17.956513 -6.769157 12.163921 41.865892 1.694968 -2.792023 -5.62001 -2.232839 -1.744481 0 0 0 25.573081 44.865066 59.697004 1.903835 6.728603 52.639254 -8.563024 -8.619531 -30.154298 -6.076771 7.979072 9.192814 0 0 0 0 0 0.000008 0 0 7.531123 -0.000001 0 15.062239 -0.000001 0 22.593353 -0.006144 -0.035863 20.270271 -0.003422 -0.027134 15.202703 -0.001482 -0.018204 10.135136 -0.000338 -0.009133 5.067568 0 0 0 22.366213 -3.532064 -10.312938 -0.013905 0.001525 6.693805 0 0 0 -14.822368 5.304386 7.493037 135 -89.998853 135 0 0 0 0 0 0 90.000011 -63.648284 -90.000011 -5.682402 0 0 -28.319917 0 0 -16.252152 0 0 0 0 0 89.999999 -84.450026 179.999999 0 0 0 -90.000001 -84.450026 -0.000001 0 0 0 0 0 0
0 0 0 0 0 0 0.00555 -0.05319600000000002 -0.005732 0.791585 -4.026771 2.042473 -94.866145 -0.875015 -94.433193 -0.878899 -0.011505 -12.330619 0 0 0 1.79746 -3.030379 0.908066 75.504886 -7.99203 9.33427 -0.15412 1.329521 -0.522786 12.106254 11.707885 -8.022575 0 0 0 0 0 0 0 0 0 0 0 0 -0.000046 -0.009856 0.535064 -0.000026 -0.007394 0.401298 -0.000012 -0.004931 0.267532 0.013985 -0.002569 0.730363 0 0 0 90.777316 6.856201 86.007356 12.305594 -1.263697 -8.477434 0 0 0 0.874339 0.787632 7.393635 75.690319 -9.031783 11.401313 -0.421239 2.455136 -0.80889 0.100629 11.089127 -3.931799 0 0 0 0 0 0 0 0 0 0 0 0 -0.000169 0.018898 -1.026009 -0.000095 0.014176 -0.769506 -0.000042 0.009453 -0.513004 -0.000011 0.004726 -0.256502 0 0 0 91.55961 6.64564 91.399748 16.96806 -2.518221 0.718676 -19.325005 -0.408992 2.718773 -0.355934 1.000848 0.116191 85.834672 -26.19478 139.834022 79.185888 -55.520519 -7.465727 0.142602 9.447014 0.016714 2.620572 -4.932169 77.904533 11.010617 4.485394 -0.181572 5.567135 -15.31543 -24.893182 32.884444 17.303241 -5.378312 25.419898 -1.658848 2.035824 -2.842606 5.315075 5.998782 -0.034264 0 0 32.454446 2.663132 8.506287 33.850205 16.105847 5.118664 10.346022 15.079511 5.605598 0 0 0 25.191048 -3.633088 -30.018889 34.318905 -14.474414 -10.756259 -0.382049 1.797407 -4.095595 0 0 0 18.156597 -5.197608 -3.590137 36.146872 -5.937446 -10.401327 -5.324501 -0.22815 -8.604015 -0.019782 0 0 25.573081 44.865066 59.697004 49.895947 1.548133 61.011184 -3.271353 -33.541739 -51.533499 -6.076771 7.979072 9.192814 0 0 0 0 0 0.000008 0.000001 0 -9.594797 0.000001 0 -19.189604 0 0.000007 -28.78441 -0.000438 0.0088 -4.883385 -0.000258 0.0066 -3.662539 -0.000125 0.004404 -2.441692 -0.000039 0.002206 -1.220845 0 -0.013988 0 -96.09815 -40.252603 123.331507 57.125766 -72.095589 -74.200414 6.219517 0.044379 0.002413 -3.31391 -4.496367 142.382717 14.548476 20.009338 6.950466 -2.311969 -14.287035 -22.877687 38.684763 11.965662 -9.884193 22.804887 -4.029863 -6.228555 -1.754399 5.529575 -0.204658 0 0 0 32.541403 0.355651 -9.219107 35.763363 3.830242 -2.997655 15.492908 9.133986 1.545066 0 0 0 24.907012 -5.523514 -14.121954 39.284272 -7.410799 -3.929733 -1.829792 1.543609 -3.972233 0 0 0 17.956533 -6.769164 12.163906 41.865898 1.694967 -2.792021 -5.620009 -2.232846 -1.74448 0 0 0 25.573081 44.865066 59.697004 1.903844 6.728606 52.639227 -8.563025 -8.619531 -30.154295 -6.076771 7.979072 9.192814 0 0 0 0 0 0.000008 0 0 7.534581 -0.000001 0 15.069153 -0.000001 0 22.603726 -0.006158 -0.035902 20.293181 -0.00343 -0.027167 15.219887 -0.001485 -0.018224 10.146591 -0.000339 -0.009146 5.073296 0 0 0 22.366204 -3.532059 -10.312931 -0.013905 0.001525 6.693805 0 0 0 -14.82237 5.304396 7.493035 135 -89.998853 135 0 0 0 0 0 0 90.000011 -63.648284 -90.000011 -5.682402 0 0 -28.319917 0 0 -16.252152 0 0 0 0 0 89.999999 -84.450026 179.999999 0 0 0 -90.000001 -84.450026 -0.000001 0 0 0 0 0 0
0 0 0 0 0 0 0.0071 -0.05298999999999998 -0.006068 0.793258 -4.023758 2.055458 -94.869161 -0.89395 -94.429899 -0.878895 -0.011511 -12.330622 0 0 0 1.802887 -3.033496 0.908907 75.504886 -7.99203 9.33427 -0.15412 1.329521 -0.522786 12.106259 11.707893 -8.022571 0 0 0 0 0 0 0 0 0 0 0 0 -0.000046 -0.009822 0.533127 -0.000026 -0.007363 0.399845 -0.000011 -0.004911 0.266564 0.013985 -0.002562 0.729878 0 0 0 90.775527 6.897467 86.049257 12.345821 -1.26743 -8.478325 0 0 0 0.864321 0.801098 7.350248 75.690319 -9.031783 11.401313 -0.421239 2.455136 -0.80889 0.100647 11.089124 -3.931802 0 0 0 0 0 0 0 0 0 0 0 0 -0.00018 0.01951 -1.058998 -0.000101 0.014633 -0.794249 -0.000045 0.009757 -0.529499 -0.000011 0.00488 -0.26475 0 0 0 91.558165 6.646892 91.400125 16.957965 -2.521949 0.71616 -19.332274 -0.410162 2.716047 -0.350593 1.005739 0.116973 85.834682 -26.194783 139.83402 79.232461 -55.51977 -7.485174 0.143542 9.482433 0.016871 2.622057 -4.931381 77.887247 11.035762 4.450182 -0.189689 5.567135 -15.31543 -24.893182 32.884461 17.303222 -5.37829 25.419898 -1.658855 2.035825 -2.842601 5.315075 5.998779 -0.034264 0 0 32.45446 2.663117 8.506309 33.850213 16.105851 5.118665 10.346018 15.079511 5.605599 0 0 0 25.191058 -3.633095 -30.018863 34.318904 -14.474411 -10.756256 -0.382049 1.797401 -4.095588 0 0 0 18.15661 -5.197619 -3.590112 36.146862 -5.937449 -10.401327 -5.3245 -0.22815 -8.604015 -0.019782 0 0 25.573081 44.865066 59.697004 49.895971 1.548135 61.011198 -3.271351 -33.541738 -51.533497 -6.076771 7.979072 9.192814 0 0 0 0 0 0.000008 0.000001 0 -9.599394 0.000001 0 -19.198796 0 0.000007 -28.798198 -0.000438 0.008793 -4.879093 -0.000258 0.0066 -3.659319 -0.000125 0.004397 -2.439546 -0.000039 0.002199 -1.219772 0 -0.013988 0 -96.09814 -40.252604 123.331505 57.170856 -72.078169 -74.254373 6.207775 0.04429 0.002404 -3.314783 -4.495727 142.393826 14.549752 19.998491 6.947162 -2.311969 -14.287035 -22.877687 38.684741 11.965678 -9.884185 22.804892 -4.029862 -6.228559 -1.754397 5.529582 -0.204658 0 0 0 32.541369 0.355652 -9.219097 35.763369 3.830243 -2.997656 15.492903 9.133982 1.545067 0 0 0 24.906975 -5.52351 -14.121945 39.284269 -7.410799 -3.929733 -1.829795 1.543609 -3.972234 0 0 0 17.956498 -6.769158 12.163915 41.865898 1.694968 -2.792024 -5.620006 -2.232839 -1.744481 0 0 0 25.573081 44.865066 59.697004 1.903835 6.728595 52.639257 -8.563025 -8.619535 -30.154299 -6.076771 7.979072 9.192814 0 0 0 0 0 0.000008 0 0 7.537539 -0.000001 0 15.07507 -0.000001 0 22.6126 -0.00617 -0.035935 20.311814 -0.003437 -0.027194 15.23386 -0.001488 -0.018238 10.155907 -0.00034 -0.009153 5.077954 0 0 0 22.366215 -3.532066 -10.31293 -0.013905 0.001525 6.6938 0 0 0 -14.822361 5.304398 7.493028 135 -89.998853 135 0 0 0 0 0 0 90.000011 -63.648284 -90.000011 -5.682402 0 0 -28.319917 0 0 -16.252152 0 0 0 0 0 89.999999 -84.450026 179.999999 0 0 0 -90.000001 -84.450026 -0.000001 0 0 0 0 0 0
0 0 0 0 0 0 0.007363 -0.052915000000000045 -0.006215 0.81352 -3.933542 2.008842 -94.825681 -0.920538 -94.518591 -0.878906 -0.011506 -12.330617 0 0 0 1.648282 -2.910063 1.299527 75.504886 -7.99203 9.33427 -0.15412 1.329521 -0.522786 12.021264 11.614154 -8.075942 0 0 0 0 0 0 0 0 0 0 0 0 -0.000059 -0.011126 0.604165 -0.000033 -0.00835 0.453124 -0.000015 -0.005563 0.302082 0.013984 -0.002895 0.747638 0 0 0 90.755772 6.900977 85.854603 12.344542 -1.267306 -8.478295 0 0 0 0.969936 0.827203 7.713496 75.690319 -9.031783 11.401313 -0.421239 2.455136 -0.80889 0.304843 11.074045 -4.033165 0 0 0 0 0 0 0 0 0 0 0 0 -0.000132 0.016682 -0.905721 -0.000074 0.012516 -0.67929 -0.000033 0.00834 -0.45286 -0.000008 0.004173 -0.22643 0 0 0 91.638539 6.58875 91.342661 16.931026 -2.52391 0.705798 -19.412342 -0.397619 2.701401 -0.495399 0.900062 0.258544 86.089359 -26.057334 139.818632 80.151379 -55.49089 -8.54838 0.138459 9.291724 0.016038 2.621949 -4.931437 77.888519 11.002883 4.486014 -0.180952 5.567135 -15.31543 -24.893182 32.874946 17.204109 -5.301648 25.539601 -1.718976 1.911901 -2.842523 5.315476 6.066933 -0.034264 0 0 32.41286 2.585185 8.467372 33.929197 16.034289 4.888491 10.406679 14.966703 5.619186 0 0 0 25.114527 -3.651148 -30.003909 34.302976 -14.519897 -10.769141 -0.384387 1.788254 -4.096461 0 0 0 18.198866 -5.403147 -3.519559 36.161341 -5.840977 -10.338293 -5.323582 -0.257377 -8.603522 -0.019782 0 0 25.573081 44.865066 59.697004 50.094295 1.478609 60.791214 -3.5834 -33.667475 -51.121298 -6.076771 7.979072 9.192814 0 0 0 0 0 0.000008 0.000001 0 -9.599055 0.000001 0 -19.198119 0 0.000007 -28.797181 -0.000393 0.008303 -4.607266 -0.000233 0.006232 -3.455449 -0.000113 0.004158 -2.303632 -0.000036 0.002076 -1.151815 0 -0.013988 0 -95.609452 -39.973793 123.271561 53.859431 -72.354482 -71.132534 6.022608 0.042991 0.002261 -3.312098 -4.497701 142.359613 14.391394 20.033393 6.912052 -2.311969 -14.287035 -22.877687 38.626807 11.941005 -9.898306 23.014029 -3.920837 -6.191355 -1.728658 5.538396 0.044487 0 0 0 32.5765 0.475127 -9.237809 35.835037 3.831742 -3.014564 15.47756 9.18537 1.539028 0 0 0 24.971732 -5.392927 -14.149383 39.24023 -7.506821 -3.951439 -1.94605 1.571406 -3.974815 0 0 0 17.95599 -6.771667 12.337703 41.828186 1.6973 -2.753004 -5.666431 -2.111924 -1.741843 0 0 0 25.573081 44.865066 59.697004 1.903834 6.728582 52.735359 -8.806089 -8.591666 -30.033141 -6.076771 7.979072 9.192814 0 0 0 0 0 0.000008 0 0 7.528428 -0.000001 0 15.056849 -0.000001 0 22.585269 -0.006115 -0.035785 20.221773 -0.003406 -0.027074 15.166329 -0.001475 -0.018164 10.110886 -0.000336 -0.009112 5.055444 0 0 0 22.369955 -3.548443 -10.340903 -0.013907 0.001509 6.619235 0 0 0 -14.571259 5.300936 7.404701 135 -89.998853 135 0 0 0 0 0 0 90.000011 -63.648284 -90.000011 -5.682402 0 0 -28.319917 0 0 -16.252152 0 0 0 0 0 89.999999 -84.450026 179.999999 0 0 0 -90.000001 -84.450026 -0.000001 0 0 0 0 0 0
0 0 0 0 0 0 0.007666 -0.052827999999999986 -0.006314 0.797981 -3.60819 1.849415 -94.718432 -0.916215 -94.601937 -0.878908 -0.011492 -12.330615 0 0 0 1.829266 -2.887056 1.691988 75.504886 -7.99203 9.33427 -0.15412 1.329521 -0.522786 12.021253 11.614147 -8.075947 0 0 0 0 0 0 0 0 0 0 0 0 -0.000072 -0.012325 0.669137 -0.00004 -0.009241 0.501853 -0.000018 -0.006161 0.334569 0.013983 -0.003198 0.763881 0 0 0 90.701068 6.828521 85.502658 12.271143 -1.260491 -8.476669 0 0 0 1.13162 0.826574 7.740384 75.690319 -9.031783 11.401313 -0.421239 2.455136 -0.80889 0.30484 11.074045 -4.03316 0 0 0 0 0 0 0 0 0 0 0 0 -0.000064 0.011611 -0.630143 -0.000036 0.008708 -0.472607 -0.000016 0.005802 -0.315071 -0.000004 0.002899 -0.157536 0 0 0 91.691494 6.55361 91.311432 16.827115 -2.569757 0.700804 -19.499409 -0.443065 2.695294 -0.564246 0.944784 0.236068 85.720904 -25.730461 139.917451 79.420858 -55.458587 -8.064399 0.135128 9.165472 0.015504 2.650724 -4.916058 77.553251 11.110786 4.659115 -0.173307 5.567135 -15.31543 -24.893182 32.874996 17.204121 -5.240184 25.536389 -1.693113 1.71044 -2.842616 5.315203 6.131447 -0.034264 0 0 32.412877 2.585202 8.430216 33.938309 16.013651 5.00076 10.389698 14.98525 5.531991 0 0 0 25.114526 -3.651135 -29.977307 34.308299 -14.504706 -10.764836 -0.383545 1.791293 -4.096161 0 0 0 18.198848 -5.403137 -3.42168 36.168453 -5.782137 -10.317474 -5.323336 -0.253417 -8.603399 -0.019782 0 0 25.573081 44.865066 59.697004 50.094298 1.478643 61.026481 -3.426906 -33.681863 -51.301062 -6.076771 7.979072 9.192814 0 0 0 0 0 0.000008 0.000001 0 -9.688225 0.000001 0 -19.376461 0 0.000007 -29.064695 -0.000412 0.008508 -4.722754 -0.000243 0.006389 -3.542065 -0.000118 0.004261 -2.361376 -0.000037 0.002131 -1.180687 0 -0.013988 0 -95.336164 -39.854813 123.566584 52.501722 -72.578197 -69.420767 5.78902 0.041324 0.00209 -3.2987 -4.507529 142.188922 14.37166 19.854175 6.813943 -2.311969 -14.287035 -22.877687 38.626821 11.941032 -9.898306 22.936915 -3.801149 -6.186241 -1.625754 5.569385 0.054465 0 0 0 32.576501 0.475158 -9.23777 35.835058 3.83179 -3.014554 15.47763 9.185392 1.539041 0 0 0 24.971742 -5.392898 -14.149366 39.24023 -7.506811 -3.951437 -1.946054 1.571409 -3.974813 0 0 0 17.955976 -6.771637 12.337721 41.838114 1.895077 -2.75272 -5.855618 -2.187032 -1.735458 0 0 0 25.573081 44.865066 59.697004 1.903836 6.72862 52.735393 -8.806095 -8.591696 -30.033149 -6.076771 7.979072 9.192814 0 0 0 0 0 0.000008 0 0 7.482976 -0.000001 0 14.965945 -0.000001 0 22.448913 -0.005906 -0.035197 19.876957 -0.003288 -0.026621 14.907717 -0.001422 -0.017853 9.938478 -0.000324 -0.008956 4.96924 0 0 0 22.43342 -3.522926 -10.519262 -0.013907 0.001508 6.614309 0 0 0 -14.870304 5.107321 7.442539 135 -89.998853 135 0 0 0 0 0 0 90.000011 -63.648284 -90.000011 -5.682402 0 0 -28.319917 0 0 -16.252152 0 0 0 0 0 89.999999 -84.450026 179.999999 0 0 0 -90.000001 -84.450026 -0.000001 0 0 0 0 0 0
0 0 0 0 0 0 0.008009 -0.05271800000000004 -0.006366 0.762932 -3.165866 1.635726 -94.580479 -0.897734 -94.689995 -0.878898 -0.011512 -12.33062 0 0 0 2.055538 -2.87245 2.200936 75.504886 -7.99203 9.33427 -0.15412 1.329521 -0.522786 12.021263 11.61415 -8.07594 0 0 0 0 0 0 0 0 0 0 0 0 -0.000087 -0.013575 0.737071 -0.000049 -0.010184 0.552803 -0.000022 -0.006786 0.368536 0.013982 -0.00351 0.780864 0 0 0 90.631114 6.716206 85.093055 12.155343 -1.249746 -8.474148 0 0 0 1.233866 1.036864 8.203477 75.690319 -9.031783 11.401313 -0.421239 2.455136 -0.80889 0.467441 11.077594 -3.903271 0 0 0 0 0 0 0 0 0 0 0 0 -0.000015 0.005703 -0.309709 -0.000009 0.004276 -0.232282 -0.000004 0.002852 -0.154854 -0.000001 0.001424 -0.077427 0 0 0 91.717666 6.52664 91.29372 16.683529 -2.640359 0.702315 -19.582181 -0.521651 2.697961 -0.583832 1.084432 0.217546 85.462305 -25.422854 140.099224 78.511653 -55.295214 -7.363045 0.133318 9.096669 0.015224 2.671314 -4.904918 77.312734 11.245217 4.988485 -0.144874 5.567135 -15.31543 -24.893182 32.886607 17.326237 -5.460863 25.539212 -1.715336 1.933622 -2.842578 5.31552 5.787696 -0.034264 0 0 32.399557 2.714201 8.61022 33.852704 16.205977 5.046031 10.316821 15.064822 5.530901 0 0 0 25.12036 -3.544283 -29.91707 34.356698 -14.366384 -10.725627 -0.376397 1.819116 -4.093536 0 0 0 18.21139 -5.318916 -3.619492 36.168188 -5.784493 -10.318313 -5.323294 -0.253579 -8.603407 -0.019782 0 0 25.573081 44.865066 59.697004 50.094291 1.478616 61.026446 -3.426962 -33.681857 -51.490626 -6.076771 7.979072 9.192814 0 0 0 0 0 0.000008 0.000001 0 -9.752197 0.000001 0 -19.504402 0 0.000007 -29.256608 -0.00044 0.008821 -4.897473 -0.00026 0.00662 -3.673104 -0.000126 0.004417 -2.448736 -0.000039 0.002206 -1.224367 0 -0.013988 0 -95.028204 -39.850646 123.900432 53.044735 -72.727063 -69.260735 5.542218 0.039555 0.001915 -3.279096 -4.521795 141.939892 14.39372 19.605771 6.692675 -2.311969 -14.287035 -22.877687 38.626788 11.941028 -9.898318 23.014071 -3.920856 -6.191375 -1.728592 5.538369 0.044486 0 0 0 32.576496 0.475142 -9.237768 35.835049 3.831797 -3.014555 15.477609 9.1854 1.539037 0 0 0 24.971745 -5.392917 -14.149361 39.240265 -7.506802 -3.951439 -1.946031 1.571413 -3.974812 0 0 0 17.955964 -6.771654 12.337728 41.838116 1.895078 -2.752722 -5.85562 -2.187036 -1.735455 0 0 0 25.573081 44.865066 59.697004 1.820603 6.576897 52.725647 -8.935505 -8.456938 -30.006804 -6.076771 7.979072 9.192814 0 0 0 0 0 0.000008 0 0 7.416664 -0.000001 0 14.833321 -0.000001 0 22.249977 -0.005641 -0.034437 19.433756 -0.003139 -0.02604 14.575316 -0.001357 -0.01746 9.716878 -0.000308 -0.008758 4.85844 0 0 0 22.438491 -3.083385 -10.549853 -0.013908 0.001494 6.551519 0 0 0 -14.968701 4.744323 7.458735 135 -89.998853 135 0 0 0 0 0 0 90.000011 -63.648284 -90.000011 -5.682402 0 0 -28.319917 0 0 -16.252152 0 0 0 0 0 89.999999 -84.450026 179.999999 0 0 0 -90.000001 -84.450026 -0.000001 0 0 0 0 0 0
0 0 0 0 0 0 0.008393 -0.05257500000000004 -0.006373 0.725046 -2.724591 1.426626 -94.442036 -0.882039 -94.783452 -0.878906 -0.011505 -12.330614 0 0 0 2.555073 -2.490093 2.774437 75.504886 -7.99203 9.33427 -0.15412 1.329521 -0.522786 12.16261 11.515333 -8.090971 0 0 0 0 0 0 0 0 0 0 0 0 -0.000105 -0.01491 0.809447 -0.000059 -0.011184 0.607086 -0.000026 -0.007455 0.404724 0.013981 -0.003851 0.798958 0 0 0 90.565258 6.600079 84.697571 12.025829 -1.243534 -8.471989 0 0 0 1.465452 1.063562 8.162452 75.690319 -9.031783 11.401313 -0.421239 2.455136 -0.80889 0.467444 11.077607 -3.903273 0 0 0 0 0 0 0 0 0 0 0 0 0 0 0.000003 0 0 0.000002 0 0 0.000001 0 0 0.000001 0 0 0 91.718458 6.492454 91.276809 16.537561 -2.716257 0.710894 -19.649294 -0.608513 2.709206 -0.569016 0.843238 0.225022 85.199971 -25.155796 140.365927 77.593583 -55.475855 -6.490474 0.132515 9.066457 0.01509 2.707029 -4.885331 76.894204 11.416283 5.301124 -0.127075 5.567135 -15.31543 -24.893182 32.887828 17.339339 -5.269387 25.329401 -1.718321 1.959552 -2.877813 5.296642 5.9772 -0.034264 0 0 32.333261 2.488356 8.43725 33.852704 16.205977 5.04603 10.316812 15.064814 5.530899 0 0 0 25.120928 -3.53285 -30.063364 34.213431 -14.529803 -10.840682 -0.3764 1.819119 -4.093537 0 0 0 18.212651 -5.309922 -3.418992 36.144715 -5.812205 -10.267154 -5.321143 -0.297126 -8.602609 -0.019782 0 0 25.573081 44.865066 59.697004 50.227396 1.367282 61.029854 -3.591304 -33.744205 -51.304366 -6.076771 7.979072 9.192814 0 0 0 0 0 0.000008 0.000001 0 -9.86352 0.000001 0 -19.727048 0 0.000007 -29.590579 -0.000478 0.009222 -5.118309 -0.000281 0.00692 -3.838731 -0.000136 0.004615 -2.559154 -0.000042 0.002308 -1.279576 0 -0.013988 0 -94.696296 -39.871597 123.984535 54.52548 -72.362438 -70.180826 5.311459 0.037921 0.00176 -3.258287 -4.536799 141.676351 14.427217 19.355273 6.573929 -2.311969 -14.287035 -22.877687 38.626798 11.941027 -9.898303 23.014146 -3.920854 -6.191368 -1.728637 5.538369 0.044486 0 0 0 32.576494 0.475138 -9.043408 35.808965 3.940874 -3.117926 15.472829 9.201259 1.555399 0 0 0 24.97175 -5.392915 -13.967545 39.249136 -7.391403 -4.128415 -1.94568 1.567055 -3.951758 0 0 0 17.955979 -6.771662 12.54089 41.821936 2.028922 -2.704728 -5.857523 -2.181486 -1.735231 0 0 0 25.573081 44.865066 59.697004 1.903857 6.728594 52.735379 -8.538313 -8.576408 -30.073363 -6.076771 7.979072 9.192814 0 0 0 0 0 0.000008 0 0 7.346493 -0.000001 0 14.692977 -0.000001 0 22.03946 -0.005686 -0.034568 19.508631 -0.003164 -0.02614 14.631473 -0.001368 -0.017528 9.754316 -0.000311 -0.008792 4.877158 0 0 0 22.476801 -2.926665 -10.655846 -0.013909 0.001493 6.540666 0 0 0 -15.024086 4.671177 7.463599 135 -89.998853 135 0 0 0 0 0 0 90.000011 -63.648284 -90.000011 -5.682402 0 0 -28.319917 0 0 -16.252152 0 0 0 0 0 89.999999 -84.450026 179.999999 0 0 0 -90.000001 -84.450026 -0.000001 0 0 0 0 0 0
0 0 0 0 0 0 0.008816 -0.05238900000000002 -0.006336 0.703169 -2.402193 1.281364 -94.336258 -0.885849 -94.889936 -0.878892 -0.011504 -12.330622 0 0 0 2.72875 -2.476939 3.189782 75.504886 -7.99203 9.33427 -0.15412 1.329521 -0.522786 12.162635 11.515335 -8.090972 0 0 0 0 0 0 0 0 0 0 0 0 -0.000128 -0.016457 0.89323 -0.000072 -0.012342 0.669922 -0.000032 -0.00823 0.446615 0.01398 -0.004239 0.819904 0 0 0 90.516519 6.515647 84.693964 11.917636 -1.180996 -8.463701 0 0 0 1.463209 1.236152 8.174892 75.690319 -9.031783 11.401313 -0.421239 2.455136 -0.80889 0.567345 11.059195 -4.039394 0 0 0 0 0 0 0 0 0 0 0 0 0 0 -0.000012 0 0 -0.000009 0 0 -0.000006 0 0 -0.000003 0 0 0 91.6944 6.436068 91.247981 16.426602 -2.778297 0.727083 -19.689466 -0.678983 2.728845 -0.536972 0.995852 0.230732 84.967616 -24.961579 140.668973 76.431005 -55.284709 -5.269888 0.132002 9.047242 0.015014 2.753459 -4.859357 76.347545 11.492459 5.5435 -0.112534 5.567135 -15.31543 -24.893182 32.887845 17.33935 -5.269396 25.329398 -1.718321 1.959552 -2.877808 5.296642 5.977201 -0.034264 0 0 32.333262 2.488373 8.437241 33.852704 16.205977 5.046031 10.316812 15.064814 5.530899 0 0 0 25.120934 -3.532839 -30.063379 34.213431 -14.529802 -10.840684 -0.376399 1.819116 -4.093539 0 0 0 18.212656 -5.309906 -3.419006 36.144718 -5.812204 -10.267154 -5.321144 -0.297126 -8.602608 -0.019782 0 0 25.573081 44.865066 59.697004 50.227384 1.367294 61.029851 -3.591309 -33.744202 -51.30436 -6.076771 7.979072 9.192814 0 0 0 0 0 0.000008 0.000001 0 -10.008934 0.000001 0 -20.017875 0 0.000007 -30.026817 -0.000537 0.009814 -5.448483 -0.000315 0.007363 -4.086362 -0.000152 0.004916 -2.724241 -0.000047 0.002458 -1.362119 0 -0.013988 0 -94.44785 -39.759742 123.442358 55.835049 -72.31426 -71.217715 5.116771 0.036532 0.001633 -3.241498 -4.548795 141.464406 14.439028 19.173042 6.483064 -2.311969 -14.287035 -22.877687 38.626855 11.940984 -9.860167 23.013409 -3.905785 -6.188013 -1.728541 5.538511 -0.20159 0 0 0 32.576531 0.475137 -9.034316 35.807775 3.945961 -2.985927 15.460447 9.242214 1.546198 0 0 0 24.971802 -5.392919 -14.149383 39.240208 -7.506815 -3.951438 -1.946031 1.571393 -3.974816 0 0 0 17.956036 -6.77166 12.33771 41.838111 1.895052 -2.852335 -5.854602 -2.189951 -1.6579 0 0 0 25.573081 44.865066 59.697004 1.903847 6.728609 52.59298 -8.827321 -8.569857 -30.007472 -6.076771 7.979072 9.192814 0 0 0 0 0 0.000008 0 0 7.290061 -0.000001 0 14.580114 -0.000001 0 21.870167 -0.005627 -0.034398 19.408177 -0.003131 -0.026007 14.556132 -0.001354 -0.01744 9.704088 -0.000307 -0.008744 4.852045 0 0 0 22.504241 -2.891325 -10.790898 -0.013909 0.001484 6.529624 0 0 0 -15.049969 4.711883 7.43727 135 -89.998853 135 0 0 0 0 0 0 90.000011 -63.648284 -90.000011 -5.682402 0 0 -28.319917 0 0 -16.252152 0 0 0 0 0 89.999999 -84.450026 179.999999 0 0 0 -90.000001 -84.450026 -0.000001 0 0 0 0 0 0
0 0 0 0 0 0 0.009277 -0.05215099999999995 -0.006257 0.716691 -2.316138 1.258799 -94.294108 -0.92628 -95.009338 -0.878902 -0.011512 -12.330626 0 0 0 2.997229 -2.539867 3.195464 75.504886 -7.99203 9.33427 -0.15412 1.329521 -0.522786 11.972828 11.29466 -8.157724 0 0 0 0 0 0 0 0 0 0 0 0 -0.000157 -0.018219 0.989156 -0.000088 -0.013664 0.741867 -0.000039 -0.009111 0.494578 0.013978 -0.004686 0.843885 0 0 0 90.511289 6.499869 84.693531 11.850206 -1.174598 -8.462265 0 0 0 1.532934 1.222566 8.088137 75.690319 -9.031783 11.401313 -0.421239 2.455136 -0.80889 0.567333 11.059195 -4.039403 0 0 0 0 0 0 0 0 0 0 0 0 0 0 0.000001 0 0 0.000001 0 0 0 0 0 0 0 0 0 91.646797 6.342374 91.194266 16.387862 -2.807012 0.751132 -19.691536 -0.708288 2.756613 -0.573361 0.719256 0.143875 84.807062 -24.917239 141.045051 75.462421 -55.46234 -3.843377 0.130858 9.003414 0.014835 2.759555 -4.855903 76.275564 11.733143 5.538527 -0.14064 5.567135 -15.31543 -24.893182 32.874989 17.204108 -5.244622 25.536632 -1.695009 1.938241 -2.842599 5.31565 5.980437 -0.034264 0 0 32.412884 2.585174 8.46759 33.929132 16.034427 5.005676 10.381846 14.993825 5.531884 0 0 0 25.114566 -3.651145 -30.172612 34.26891 -14.61619 -10.796297 -0.389422 1.768889 -4.098296 0 0 0 18.198872 -5.40314 -3.629707 36.153327 -5.907203 -10.361717 -5.323821 -0.26183 -8.603642 -0.019782 0 0 25.573081 44.865066 59.697004 50.094277 1.478631 61.263286 -3.269306 -33.695678 -51.538565 -6.076771 7.979072 9.192814 0 0 0 0 0 0.000008 0.000001 0 -10.028082 0.000001 0 -20.056174 0 0.000007 -30.084264 -0.000613 0.010528 -5.846472 -0.000359 0.007901 -4.384854 -0.000172 0.00527 -2.923235 -0.000052 0.002636 -1.461617 0 -0.013988 0 -94.167224 -39.51156 122.115705 56.350905 -71.759088 -72.50843 4.974346 0.035518 0.001542 -3.234108 -4.554048 141.37127 14.395906 19.130854 6.445392 -2.311969 -14.287035 -22.877687 38.626848 11.940974 -10.10919 23.017699 -4.003942 -6.209818 -1.728841 5.537507 0.044459 0 0 0 32.57655 0.475128 -9.111489 35.818129 3.902664 -2.996776 15.466962 9.220659 1.543491 0 0 0 24.971815 -5.39294 -13.926735 39.25108 -7.365468 -3.907581 -1.948067 1.59378 -3.973087 0 0 0 17.956045 -6.771685 12.337708 41.838068 1.895061 -2.752721 -5.855631 -2.187039 -1.96301 0 0 0 25.573081 44.865066 59.697004 1.903868 6.728603 52.735331 -8.806113 -8.591681 -30.03316 -6.076771 7.979072 9.192814 0 0 0 0 0 0.000008 0 0 7.265263 -0.000001 0 14.530517 -0.000001 0 21.795773 -0.006125 -0.035811 20.237733 -0.003411 -0.027094 15.178299 -0.001477 -0.018177 10.118866 -0.000337 -0.009119 5.059434 0 0 0 22.561304 -2.967376 -10.796762 -0.013909 0.001482 6.511299 0 0 0 -15.129738 4.461625 7.481443 135 -89.998853 135 0 0 0 0 0 0 90.000011 -63.648284 -90.000011 -5.682402 0 0 -28.319917 0 0 -16.252152 0 0 0 0 0 89.999999 -84.450026 179.999999 0 0 0 -90.000001 -84.450026 -0.000001 0 0 0 0 0 0
