HIERARCHY
ROOT body_world
{
OFFSET 0.000000 0.000000 0.000000
CHANNELS 6 Xposition Yposition Zposition Zrotation Yrotation Xrotation
JOINT root
{
OFFSET 0.000000 0.923987 0.000000
CHANNELS 6 Xposition Yposition Zposition Zrotation Yrotation Xrotation
JOINT l_upleg
{
OFFSET 0.082046 -0.018406 0.005326
CHANNELS 3 Zrotation Yrotation Xrotation
JOINT l_lowleg
{
OFFSET 0.419694 -0.007731 0.000000
CHANNELS 3 Zrotation Yrotation Xrotation
JOINT l_foot
{
OFFSET 0.420583 0.000000 0.000000
CHANNELS 3 Zrotation Yrotation Xrotation
JOINT l_talocrural
{
OFFSET 0.000001 0.000000 -0.000000
CHANNELS 3 Zrotation Yrotation Xrotation
JOINT l_subtalar
{
OFFSET 0.033966 -0.008989 0.004672
CHANNELS 3 Zrotation Yrotation Xrotation
JOINT l_transversetarsal
{
OFFSET -0.061096 -0.000000 -0.000000
CHANNELS 3 Zrotation Yrotation Xrotation
JOINT l_ball
{
OFFSET -0.065614 -0.041564 0.004394
CHANNELS 3 Zrotation Yrotation Xrotation
}
}
}
}
}
JOINT l_lowleg_twist1_proc
{
OFFSET 0.084117 0.000000 0.000000
CHANNELS 3 Zrotation Yrotation Xrotation
}
JOINT l_lowleg_twist2_proc
{
OFFSET 0.168233 0.000000 0.000000
CHANNELS 3 Zrotation Yrotation Xrotation
}
JOINT l_lowleg_twist3_proc
{
OFFSET 0.252350 0.000000 -0.000000
CHANNELS 3 Zrotation Yrotation Xrotation
}
JOINT l_lowleg_twist4_proc
{
OFFSET 0.336466 0.000000 0.000000
CHANNELS 3 Zrotation Yrotation Xrotation
}
}
JOINT l_upleg_twist0_proc
{
OFFSET 0.000000 0.000000 0.000000
CHANNELS 3 Zrotation Yrotation Xrotation
}
JOINT l_upleg_twist1_proc
{
OFFSET 0.104923 -0.001933 0.000000
CHANNELS 3 Zrotation Yrotation Xrotation
}
JOINT l_upleg_twist2_proc
{
OFFSET 0.209847 -0.003866 0.000000
CHANNELS 3 Zrotation Yrotation Xrotation
}
JOINT l_upleg_twist3_proc
{
OFFSET 0.314770 -0.005798 0.000000
CHANNELS 3 Zrotation Yrotation Xrotation
}
JOINT l_upleg_twist4_proc
{
OFFSET 0.419694 -0.007731 0.000000
CHANNELS 3 Zrotation Yrotation Xrotation
}
}
JOINT r_upleg
{
OFFSET -0.082046 -0.018406 0.005326
CHANNELS 3 Zrotation Yrotation Xrotation
JOINT r_lowleg
{
OFFSET -0.419694 0.007731 -0.000000
CHANNELS 3 Zrotation Yrotation Xrotation
JOINT r_foot
{
OFFSET -0.420583 0.000000 -0.000000
CHANNELS 3 Zrotation Yrotation Xrotation
JOINT r_talocrural
{
OFFSET -0.000000 -0.000000 -0.000000
CHANNELS 3 Zrotation Yrotation Xrotation
JOINT r_subtalar
{
OFFSET -0.033966 0.008989 -0.004672
CHANNELS 3 Zrotation Yrotation Xrotation
JOINT r_transversetarsal
{
OFFSET 0.061096 0.000000 -0.000000
CHANNELS 3 Zrotation Yrotation Xrotation
JOINT r_ball
{
OFFSET 0.065614 0.041564 -0.004394
CHANNELS 3 Zrotation Yrotation Xrotation
}
}
}
}
}
JOINT r_lowleg_twist1_proc
{
OFFSET -0.084117 0.000000 -0.000000
CHANNELS 3 Zrotation Yrotation Xrotation
}
JOINT r_lowleg_twist2_proc
{
OFFSET -0.168233 0.000000 -0.000000
CHANNELS 3 Zrotation Yrotation Xrotation
}
JOINT r_lowleg_twist3_proc
{
OFFSET -0.252350 0.000000 -0.000000
CHANNELS 3 Zrotation Yrotation Xrotation
}
JOINT r_lowleg_twist4_proc
{
OFFSET -0.336466 0.000000 -0.000000
CHANNELS 3 Zrotation Yrotation Xrotation
}
}
JOINT r_upleg_twist0_proc
{
OFFSET 0.000000 0.000000 0.000000
CHANNELS 3 Zrotation Yrotation Xrotation
}
JOINT r_upleg_twist1_proc
{
OFFSET -0.104923 0.001933 -0.000000
CHANNELS 3 Zrotation Yrotation Xrotation
}
JOINT r_upleg_twist2_proc
{
OFFSET -0.209847 0.003866 -0.000000
CHANNELS 3 Zrotation Yrotation Xrotation
}
JOINT r_upleg_twist3_proc
{
OFFSET -0.314770 0.005798 -0.000000
CHANNELS 3 Zrotation Yrotation Xrotation
}
JOINT r_upleg_twist4_proc
{
OFFSET -0.419694 0.007731 -0.000000
CHANNELS 3 Zrotation Yrotation Xrotation
}
}
JOINT c_spine0
{
OFFSET 0.000000 0.020220 -0.032536
CHANNELS 3 Zrotation Yrotation Xrotation
JOINT c_spine1
{
OFFSET 0.109884 0.015431 -0.000000
CHANNELS 3 Zrotation Yrotation Xrotation
JOINT c_spine2
{
OFFSET 0.110315 -0.021572 0.000000
CHANNELS 3 Zrotation Yrotation Xrotation
JOINT c_spine3
{
OFFSET 0.183773 0.017662 0.000000
CHANNELS 3 Zrotation Yrotation Xrotation
JOINT r_clavicle
{
OFFSET 0.053133 0.102892 -0.028218
CHANNELS 3 Zrotation Yrotation Xrotation
JOINT r_uparm
{
OFFSET -0.176505 -0.000000 0.000000
CHANNELS 3 Zrotation Yrotation Xrotation
JOINT r_lowarm
{
OFFSET -0.256801 0.000463 -0.000003
CHANNELS 3 Zrotation Yrotation Xrotation
JOINT r_wrist_twist
{
OFFSET -0.270000 0.000000 0.000000
CHANNELS 3 Zrotation Yrotation Xrotation
JOINT r_wrist
{
OFFSET 0.000000 0.000000 0.000000
CHANNELS 3 Zrotation Yrotation Xrotation
JOINT r_pinky0
{
OFFSET -0.020404 -0.010705 -0.022632
CHANNELS 3 Zrotation Yrotation Xrotation
JOINT r_pinky1
{
OFFSET -0.045651 -0.000001 0.000002
CHANNELS 3 Zrotation Yrotation Xrotation
JOINT r_pinky2
{
OFFSET -0.030723 -0.000003 -0.000003
CHANNELS 3 Zrotation Yrotation Xrotation
JOINT r_pinky3
{
OFFSET -0.020308 0.000004 0.000003
CHANNELS 3 Zrotation Yrotation Xrotation
JOINT r_pinky_null
{
OFFSET -0.020399 -0.000003 -0.000003
CHANNELS 3 Zrotation Yrotation Xrotation
}
}
}
}
}
JOINT r_ring1
{
OFFSET -0.075024 -0.007814 -0.017099
CHANNELS 3 Zrotation Yrotation Xrotation
JOINT r_ring2
{
OFFSET -0.038994 0.000001 0.000001
CHANNELS 3 Zrotation Yrotation Xrotation
JOINT r_ring3
{
OFFSET -0.026577 -0.000003 -0.000001
CHANNELS 3 Zrotation Yrotation Xrotation
JOINT r_ring_null
{
OFFSET -0.022154 0.000002 0.000001
CHANNELS 3 Zrotation Yrotation Xrotation
}
}
}
}
JOINT r_middle1
{
OFFSET -0.081976 -0.003826 0.002093
CHANNELS 3 Zrotation Yrotation Xrotation
JOINT r_middle2
{
OFFSET -0.042926 0.000001 0.000000
CHANNELS 3 Zrotation Yrotation Xrotation
JOINT r_middle3
{
OFFSET -0.027549 0.000001 0.000001
CHANNELS 3 Zrotation Yrotation Xrotation
JOINT r_middle_null
{
OFFSET -0.023488 -0.000000 -0.000000
CHANNELS 3 Zrotation Yrotation Xrotation
}
}
}
}
JOINT r_index1
{
OFFSET -0.082327 -0.008602 0.023917
CHANNELS 3 Zrotation Yrotation Xrotation
JOINT r_index2
{
OFFSET -0.037925 0.000004 0.000001
CHANNELS 3 Zrotation Yrotation Xrotation
JOINT r_index3
{
OFFSET -0.024306 -0.000004 -0.000002
CHANNELS 3 Zrotation Yrotation Xrotation
JOINT r_index_null
{
OFFSET -0.021223 0.000005 0.000002
CHANNELS 3 Zrotation Yrotation Xrotation
}
}
}
}
JOINT r_thumb0
{
OFFSET -0.006401 -0.012841 0.010863
CHANNELS 3 Zrotation Yrotation Xrotation
JOINT r_thumb1
{
OFFSET -0.024852 0.000001 0.000000
CHANNELS 3 Zrotation Yrotation Xrotation
JOINT r_thumb2
{
OFFSET -0.032514 -0.000002 0.000001
CHANNELS 3 Zrotation Yrotation Xrotation
JOINT r_thumb3
{
OFFSET -0.033793 0.000002 -0.000001
CHANNELS 3 Zrotation Yrotation Xrotation
JOINT r_thumb_null
{
OFFSET -0.025461 -0.000001 0.000001
CHANNELS 3 Zrotation Yrotation Xrotation
}
}
}
}
}
}
}
JOINT r_lowarm_twist1_proc
{
OFFSET -0.054000 -0.000000 0.000000
CHANNELS 3 Zrotation Yrotation Xrotation
}
JOINT r_lowarm_twist2_proc
{
OFFSET -0.108000 0.000000 0.000000
CHANNELS 3 Zrotation Yrotation Xrotation
}
JOINT r_lowarm_twist3_proc
{
OFFSET -0.162000 0.000000 0.000000
CHANNELS 3 Zrotation Yrotation Xrotation
}
JOINT r_lowarm_twist4_proc
{
OFFSET -0.216000 0.000000 -0.000000
CHANNELS 3 Zrotation Yrotation Xrotation
}
}
JOINT r_uparm_twist0_proc
{
OFFSET 0.000000 0.000000 0.000000
CHANNELS 3 Zrotation Yrotation Xrotation
}
JOINT r_uparm_twist1_proc
{
OFFSET -0.064200 0.000116 -0.000001
CHANNELS 3 Zrotation Yrotation Xrotation
}
JOINT r_uparm_twist2_proc
{
OFFSET -0.128400 0.000232 -0.000002
CHANNELS 3 Zrotation Yrotation Xrotation
}
JOINT r_uparm_twist3_proc
{
OFFSET -0.192601 0.000348 -0.000002
CHANNELS 3 Zrotation Yrotation Xrotation
}
JOINT r_uparm_twist4_proc
{
OFFSET -0.256801 0.000463 -0.000003
CHANNELS 3 Zrotation Yrotation Xrotation
}
}
}
JOINT l_clavicle
{
OFFSET 0.053133 0.102892 0.028218
CHANNELS 3 Zrotation Yrotation Xrotation
JOINT l_uparm
{
OFFSET 0.176505 -0.000000 -0.000000
CHANNELS 3 Zrotation Yrotation Xrotation
JOINT l_lowarm
{
OFFSET 0.256801 -0.000463 0.000003
CHANNELS 3 Zrotation Yrotation Xrotation
JOINT l_wrist_twist
{
OFFSET 0.270000 -0.000000 -0.000000
CHANNELS 3 Zrotation Yrotation Xrotation
JOINT l_wrist
{
OFFSET 0.000000 0.000000 0.000000
CHANNELS 3 Zrotation Yrotation Xrotation
JOINT l_pinky0
{
OFFSET 0.020404 0.010705 0.022632
CHANNELS 3 Zrotation Yrotation Xrotation
JOINT l_pinky1
{
OFFSET 0.045651 0.000001 -0.000002
CHANNELS 3 Zrotation Yrotation Xrotation
JOINT l_pinky2
{
OFFSET 0.030720 0.000000 -0.000000
CHANNELS 3 Zrotation Yrotation Xrotation
JOINT l_pinky3
{
OFFSET 0.020311 0.000000 0.000000
CHANNELS 3 Zrotation Yrotation Xrotation
JOINT l_pinky_null
{
OFFSET 0.020397 0.000000 -0.000000
CHANNELS 3 Zrotation Yrotation Xrotation
}
}
}
}
}
JOINT l_ring1
{
OFFSET 0.075024 0.007814 0.017098
CHANNELS 3 Zrotation Yrotation Xrotation
JOINT l_ring2
{
OFFSET 0.038996 -0.000000 -0.000000
CHANNELS 3 Zrotation Yrotation Xrotation
JOINT l_ring3
{
OFFSET 0.026573 -0.000000 -0.000000
CHANNELS 3 Zrotation Yrotation Xrotation
JOINT l_ring_null
{
OFFSET 0.022156 0.000000 -0.000000
CHANNELS 3 Zrotation Yrotation Xrotation
}
}
}
}
JOINT l_middle1
{
OFFSET 0.081977 0.003828 -0.002093
CHANNELS 3 Zrotation Yrotation Xrotation
JOINT l_middle2
{
OFFSET 0.042927 -0.000000 -0.000000
CHANNELS 3 Zrotation Yrotation Xrotation
JOINT l_middle3
{
OFFSET 0.027550 -0.000000 0.000000
CHANNELS 3 Zrotation Yrotation Xrotation
JOINT l_middle_null
{
OFFSET 0.023488 0.000000 -0.000000
CHANNELS 3 Zrotation Yrotation Xrotation
}
}
}
}
JOINT l_index1
{
OFFSET 0.082327 0.008601 -0.023918
CHANNELS 3 Zrotation Yrotation Xrotation
JOINT l_index2
{
OFFSET 0.037927 -0.000000 -0.000000
CHANNELS 3 Zrotation Yrotation Xrotation
JOINT l_index3
{
OFFSET 0.024304 -0.000000 -0.000000
CHANNELS 3 Zrotation Yrotation Xrotation
JOINT l_index_null
{
OFFSET 0.021226 0.000000 -0.000000
CHANNELS 3 Zrotation Yrotation Xrotation
}
}
}
}
JOINT l_thumb0
{
OFFSET 0.006400 0.012839 -0.010863
CHANNELS 3 Zrotation Yrotation Xrotation
JOINT l_thumb1
{
OFFSET 0.024853 -0.000000 -0.000000
CHANNELS 3 Zrotation Yrotation Xrotation
JOINT l_thumb2
{
OFFSET 0.032513 -0.000000 -0.000000
CHANNELS 3 Zrotation Yrotation Xrotation
JOINT l_thumb3
{
OFFSET 0.033793 0.000000 0.000000
CHANNELS 3 Zrotation Yrotation Xrotation
JOINT l_thumb_null
{
OFFSET 0.025460 0.000000 0.000000
CHANNELS 3 Zrotation Yrotation Xrotation
}
}
}
}
}
}
}
JOINT l_lowarm_twist1_proc
{
OFFSET 0.054000 0.000000 -0.000000
CHANNELS 3 Zrotation Yrotation Xrotation
}
JOINT l_lowarm_twist2_proc
{
OFFSET 0.108000 -0.000000 -0.000000
CHANNELS 3 Zrotation Yrotation Xrotation
}
JOINT l_lowarm_twist3_proc
{
OFFSET 0.162000 0.000000 0.000000
CHANNELS 3 Zrotation Yrotation Xrotation
}
JOINT l_lowarm_twist4_proc
{
OFFSET 0.216000 0.000000 -0.000000
CHANNELS 3 Zrotation Yrotation Xrotation
}
}
JOINT l_uparm_twist0_proc
{
OFFSET 0.000000 0.000000 0.000000
CHANNELS 3 Zrotation Yrotation Xrotation
}
JOINT l_uparm_twist1_proc
{
OFFSET 0.064200 -0.000116 0.000001
CHANNELS 3 Zrotation Yrotation Xrotation
}
JOINT l_uparm_twist2_proc
{
OFFSET 0.128400 -0.000232 0.000002
CHANNELS 3 Zrotation Yrotation Xrotation
}
JOINT l_uparm_twist3_proc
{
OFFSET 0.192601 -0.000348 0.000003
CHANNELS 3 Zrotation Yrotation Xrotation
}
JOINT l_uparm_twist4_proc
{
OFFSET 0.256801 -0.000463 0.000003
CHANNELS 3 Zrotation Yrotation Xrotation
}
}
}
JOINT c_neck
{
OFFSET 0.091767 0.047655 -0.000000
CHANNELS 3 Zrotation Yrotation Xrotation
JOINT c_neck_twist1_proc
{
OFFSET 0.049646 0.000000 -0.000000
CHANNELS 3 Zrotation Yrotation Xrotation
}
JOINT c_neck_twist0_proc
{
OFFSET 0.000000 0.000000 0.000000
CHANNELS 3 Zrotation Yrotation Xrotation
}
JOINT c_head
{
OFFSET 0.099293 0.000000 0.000000
CHANNELS 3 Zrotation Yrotation Xrotation
JOINT c_jaw
{
OFFSET 0.017994 0.018894 0.000000
CHANNELS 3 Zrotation Yrotation Xrotation
JOINT c_teeth
{
OFFSET -0.000000 -0.008973 0.023750
CHANNELS 3 Zrotation Yrotation Xrotation
}
JOINT c_jaw_null
{
OFFSET 0.000000 -0.042971 0.078795
CHANNELS 3 Zrotation Yrotation Xrotation
}
JOINT c_tongue0
{
OFFSET -0.000000 -0.008973 0.000468
CHANNELS 3 Zrotation Yrotation Xrotation
JOINT c_tongue1
{
OFFSET 0.010978 -0.000000 0.000000
CHANNELS 3 Zrotation Yrotation Xrotation
JOINT c_tongue2
{
OFFSET 0.021681 -0.000000 0.000000
CHANNELS 3 Zrotation Yrotation Xrotation
JOINT c_tongue3
{
OFFSET 0.018401 0.000000 0.000000
CHANNELS 3 Zrotation Yrotation Xrotation
JOINT c_tongue4
{
OFFSET 0.010789 0.000000 0.000000
CHANNELS 3 Zrotation Yrotation Xrotation
}
}
}
}
}
}
JOINT r_eye
{
OFFSET 0.088331 0.069878 -0.032078
CHANNELS 3 Zrotation Yrotation Xrotation
JOINT r_eye_null
{
OFFSET 0.000001 0.000000 0.016965
CHANNELS 3 Zrotation Yrotation Xrotation
}
}
JOINT l_eye
{
OFFSET 0.088331 0.069882 0.032080
CHANNELS 3 Zrotation Yrotation Xrotation
JOINT l_eye_null
{
OFFSET 0.000001 0.000000 0.016966
CHANNELS 3 Zrotation Yrotation Xrotation
}
}
JOINT c_head_null
{
OFFSET 0.190763 0.000000 -0.000000
CHANNELS 3 Zrotation Yrotation Xrotation
}
}
}
}
}
}
}
}
}
MOTION
Frames: 150
Frame Time: 0.033333
0 0 0 179.999991 0.000003 179.999991 0.012636 -0.007816000000000045 -0.061501 179.968836 0.044392 -178.360637 -88.010806 1.227148 -106.07208 7.146576 -0.532151 -12.368642 0 0.000003 0 -0.074046 1.737002 8.661213 75.504886 -7.992029 9.334273 -0.15412 1.329519 -0.522786 10.309511 10.846882 -0.943438 0 0.000003 0 0 0.000003 0 0 0.000003 0 0 0.000003 0 -0.015335 -0.179269 9.77911 -0.008635 -0.13473 7.334322 -0.003841 -0.089958 4.889543 0.013012 -0.045691 3.041356 0 0.000003 0 88.373953 -2.3194 77.55033 3.686905 -0.452156 -8.348013 0 0.000003 0 0.003666 0.162056 6.343957 75.690319 -9.031782 11.401314 -0.421239 2.455134 -0.80889 6.923671 11.547469 -2.156263 0 0.000003 0 0 0.000003 0 0 0.000003 0 0 0.000003 0 -0.005208 -0.104718 5.694089 -0.00293 -0.078592 4.270565 -0.001303 -0.052426 2.847042 -0.000326 -0.026219 1.423521 0 0.000003 0 89.27435 10.746206 90.190797 15.171899 -0.228167 -1.574741 -15.288948 -0.31603 0.273887 9.62199 -0.146143 -1.991409 77.163434 -67.376202 142.619749 54.489275 -56.102341 44.873919 173.469538 77.022413 171.924358 5.58222 0.12479 14.656637 4.45925 -1.015817 -0.438465 5.567135 -15.315433 -24.893183 36.863856 -4.362398 -13.48073 118.6432 -21.24414 -37.868539 46.111693 -22.56602 -2.114888 -0.034264 0.000003 0 40.830768 -2.163993 8.600431 107.245171 8.763907 11.806392 66.897946 2.313319 6.521564 0 0.000003 0 21.174075 -0.333673 -20.402977 116.751825 -23.963013 -45.442113 41.989223 -28.215441 -16.578843 0 0.000003 0 15.240862 -2.117643 -2.977652 114.596846 -10.407491 -25.603883 35.860908 -14.378522 -14.551271 -0.019782 0.000003 0 25.57308 44.865063 59.697001 9.32032 -12.803863 17.377087 38.065396 -22.950505 -44.801711 -6.07677 7.97907 9.192813 0 0.000003 0 0 0.000003 0.000008 0 0.000009 -26.492629 0 0.000009 -52.985261 0.000003 0.000016 -79.477898 -0.010193 0.044037 -25.249505 -0.005835 0.033511 -18.937126 -0.002661 0.022583 -12.62475 -0.000708 0.011361 -6.312373 0 -0.013986 0 -112.963788 -64.64777 132.232271 8.4657 -63.426411 -0.385568 111.54539 0.3811 0.560076 0.909614 -5.509255 96.542784 -1.722565 -1.615153 -0.09583 -2.31197 -14.287039 -22.877688 42.540686 -9.635981 -19.38435 117.864613 -27.026756 -55.383009 40.234681 -33.046013 -11.08386 0 0.000003 0 40.780205 -4.644362 -13.492455 107.593559 -14.627264 -24.10425 64.26204 -23.854331 -14.245387 0 0.000003 0 21.206861 -1.871988 -3.996403 117.981874 -11.606476 -23.487453 45.998401 -16.632615 -12.843114 0 0.000003 0 15.181535 -3.326778 13.310106 119.649451 1.453064 -4.721881 37.330324 -5.154024 -5.123753 0 0.000003 0 25.57308 44.865063 59.697001 7.262725 4.440349 14.949529 -49.340344 25.590433 -16.883444 -6.07677 7.97907 9.192813 0 0.000003 0 0 0.000003 0.000008 0 0.000003 -4.643029 0 0.000003 -9.286066 0.000001 0.000003 -13.929103 -0.000687 -0.012667 7.035529 -0.000369 -0.009505 5.276647 -0.000149 -0.006343 3.517765 -0.000026 -0.003174 1.758884 0 0.000003 0 28.465397 -0.223215 0.741672 -0.013988 0.000003 0.432319 0 0.000003 0 -19.010653 1.109922 0.493783 -89.999999 -90 0 0 0.000003 0 0 0.000003 0 90.000009 -63.648278 -90.000009 -5.682401 0.000003 0 -28.319916 0.000003 0 -16.252152 0.000003 0 0 0.000003 0 89.999996 -84.450021 179.999995 0 0.000003 0 -90.000003 -84.450021 0 0 0.000003 0 0 0.000003 0
0 0 0 179.999991 0.000003 179.999991 0.011783 -0.006465000000000054 -0.061284 180.051973 0.011853 -178.263539 -88.018612 1.637383 -105.693066 6.181165 -0.469887 -12.360216 0 0.000003 0 0.188953 1.640757 8.079311 75.504886 -7.992029 9.334273 -0.15412 1.329519 -0.522786 9.963959 10.733112 -0.87808 0 0.000003 0 0 0.000003 0 0 0.000003 0 0 0.000003 0 -0.014416 -0.173846 9.480728 -0.008117 -0.130645 7.110536 -0.00361 -0.087219 4.740353 0.01307 -0.044298 2.966762 0 0.000003 0 88.534688 -2.445622 78.02595 3.296571 -0.415034 -8.345068 0 0.000003 0 0.100107 0.251756 6.248575 75.690319 -9.031782 11.401314 -0.421239 2.455134 -0.80889 6.731278 11.438363 -2.283988 0 0.000003 0 0 0.000003 0 0 0.000003 0 0 0.000003 0 -0.004536 -0.097751 5.313925 -0.002553 -0.073361 3.985442 -0.001135 -0.048922 2.656961 -0.000284 -0.02447 1.32848 0 0.000003 0 89.44675 10.655671 90.186514 15.241864 -0.222682 -1.556355 -15.310998 -0.345127 0.26748 9.385418 -0.210101 -2.026322 77.297599 -67.778292 141.988039 54.742334 -56.524867 44.301392 172.85702 78.112853 171.326184 5.583597 0.011627 15.814326 3.219995 -1.025994 -0.312247 5.567135 -15.315433 -24.893183 36.863911 -4.362392 -13.652868 118.687176 -21.391713 -38.120652 46.055467 -22.68212 -2.160151 -0.034264 0.000003 0 40.830816 -2.163945 8.436518 107.238249 8.607366 11.596131 66.894176 2.16367 6.41532 0 0.000003 0 21.174135 -0.333632 -20.402979 116.751825 -23.962965 -45.442003 41.989179 -28.215379 -16.578795 0 0.000003 0 15.240934 -2.117623 -2.977657 114.596767 -10.40743 -25.60377 35.860897 -14.378461 -14.55125 -0.019782 0.000003 0 25.57308 44.865063 59.697001 9.320317 -12.803884 17.377097 38.065348 -22.950512 -44.801683 -6.07677 7.97907 9.192813 0 0.000003 0 0 0.000003 0.000008 0 0.000009 -26.182439 0 0.000003 -52.364885 0 0.000009 -78.547333 -0.009748 0.043094 -24.673659 -0.00558 0.032781 -18.505243 -0.002546 0.022071 -12.336826 -0.000678 0.011108 -6.168412 0 -0.013986 0 -112.7663 -64.745763 131.461648 7.811418 -63.817197 0.316732 109.614414 0.385983 0.547115 1.060848 -5.482228 94.963822 -3.387441 -0.605098 0.018076 -2.31197 -14.287039 -22.877688 42.540652 -9.636008 -19.384371 117.864548 -27.026776 -55.382978 40.234674 -33.045966 -11.083778 0 0.000003 0 40.780242 -4.644383 -13.492509 107.59361 -14.627319 -24.104311 64.262033 -23.854379 -14.245427 0 0.000003 0 21.206853 -1.872036 -3.996466 117.981891 -11.606565 -23.487545 45.998373 -16.632683 -12.843151 0 0.000003 0 15.181549 -3.326798 13.31004 119.649359 1.452975 -4.722051 37.330262 -5.154086 -5.12375 0 0.000003 0 25.57308 44.865063 59.697001 7.262694 4.440356 15.195516 -49.416685 25.403709 -16.845506 -6.07677 7.97907 9.192813 0 0.000003 0 0 0.000003 0.000008 0 0.000003 -5.06221 0 0.000003 -10.124427 0 0.000003 -15.186646 -0.000648 -0.012333 6.846558 -0.000348 -0.009252 5.134918 -0.00014 -0.006172 3.423279 -0.000024 -0.003085 1.711641 0 0.000003 0 28.465384 -0.223222 0.741686 -0.013988 -0.000066 0.144446 0 0.000003 0 -18.565173 1.515027 -0.009526 -89.999999 -90 0 0 0.000003 0 0 0.000003 0 90.000009 -63.648278 -90.000009 -5.682401 0.000003 0 -28.319916 0.000003 0 -16.252152 0.000003 0 0 0.000003 0 89.999996 -84.450021 179.999995 0 0.000003 0 -90.000003 -84.450021 0 0 0.000003 0 0 0.000003 0
0 0 0 179.999991 0.000003 179.999991 0.014298 -0.006754000000000038 -0.064095 180.102694 0.208528 -177.922589 -87.863424 1.459539 -105.294722 6.269909 -0.475625 -12.360949 0 0.000003 0 -0.436403 2.060821 7.639439 75.504886 -7.992029 9.334273 -0.15412 1.329519 -0.522786 9.599788 10.714015 -0.939295 0 0.000003 0 0 0.000003 0 0 0.000003 0 0 0.000003 0 -0.01346 -0.168027 9.160172 -0.007578 -0.126254 6.870121 -0.00337 -0.084275 4.580076 0.013131 -0.042809 2.886624 0 0.000003 0 88.69293 -2.35614 78.986329 3.087835 -0.395144 -8.343583 0 0.000003 0 -0.268545 0.307682 5.556133 75.690319 -9.031782 11.401314 -0.421239 2.455134 -0.80889 6.574894 11.397409 -2.313877 0 0.000003 0 0 0.000003 0 0 0.000003 0 0 0.000003 0 -0.003319 -0.083626 4.54475 -0.001867 -0.062753 3.408561 -0.00083 -0.041846 2.272374 -0.000208 -0.020932 1.136187 0 0.000003 0 89.462596 10.521048 90.086521 15.26815 -0.221384 -1.556025 -15.376523 -0.342525 0.232373 9.348663 -0.188804 -2.039723 76.958986 -67.734032 142.047461 55.778904 -56.188057 43.688943 172.493231 78.678775 170.969853 5.583167 -0.070369 16.653055 2.367051 -1.110825 -0.251215 5.567135 -15.315433 -24.893183 36.863911 -4.362392 -13.48072 118.643163 -21.24416 -37.6554 46.185719 -22.412123 -2.096622 -0.034264 0.000003 0 40.83083 -2.163959 8.60048 107.245134 8.763996 11.806515 66.897864 2.313388 6.752964 0 0.000003 0 21.174133 -0.333645 -20.402974 116.751798 -23.962972 -45.441969 41.989234 -28.215366 -16.578795 0 0.000003 0 15.240937 -2.117643 -2.977632 114.596846 -10.407416 -25.603756 35.860969 -14.378481 -14.551267 -0.019782 0.000003 0 25.57308 44.865063 59.697001 9.320326 -12.803911 17.377092 38.065327 -22.950478 -44.801642 -6.07677 7.97907 9.192813 0 0.000003 0 0 0.000003 0.000008 0.000001 0.000003 -25.95771 0 0.000009 -51.915435 0.000003 0.000009 -77.873159 -0.009699 0.042985 -24.611528 -0.005552 0.032692 -18.458644 -0.002534 0.022023 -12.305761 -0.000675 0.011081 -6.152879 0 -0.013986 0 -112.838837 -64.763426 130.935969 6.280522 -64.339468 2.044308 108.51713 0.388558 0.539684 1.281832 -5.434936 92.64108 -4.082618 1.48744 0.13567 -2.31197 -14.287039 -22.877688 42.540655 -9.636015 -19.38436 117.864603 -27.026742 -55.382917 40.234684 -33.045908 -11.083734 0 0.000003 0 40.780252 -4.644403 -13.492491 107.593556 -14.627271 -24.104284 64.261985 -23.854379 -14.245362 0 0.000003 0 21.206849 -1.872077 -3.996447 117.981864 -11.606524 -23.487511 45.998401 -16.632683 -12.843146 0 0.000003 0 15.181567 -3.326826 13.310069 119.649468 1.45305 -4.721997 37.33029 -5.154072 -5.123755 0 0.000003 0 25.57308 44.865063 59.697001 7.262728 4.440329 14.949484 -49.340313 25.590447 -16.883418 -6.07677 7.97907 9.192813 0 0.000003 0 0 0.000003 0.000008 0 0.000003 -5.678927 0.000001 0.000003 -11.357863 0 0.000003 -17.036797 -0.000563 -0.011541 6.408422 -0.000301 -0.008665 4.806317 -0.00012 -0.005776 3.204212 -0.000019 -0.002887 1.602107 0 0.000003 0 28.342198 -0.319206 0.825657 -0.013988 -0.0001 0.031854 0 0.000003 0 -18.366877 1.505602 -0.151626 -89.999999 -90 0 0 0.000003 0 0 0.000003 0 90.000009 -63.648278 -90.000009 -5.682401 0.000003 0 -28.319916 0.000003 0 -16.252152 0.000003 0 0 0.000003 0 89.999996 -84.450021 179.999995 0 0.000003 0 -90.000003 -84.450021 0 0 0.000003 0 0 0.000003 0
0 0 0 179.999991 0.000003 179.999991 0.017192 -0.007380999999999971 -0.063957 180.098022 0.375731 -177.523542 -87.711944 0.935766 -105.034355 6.687166 -0.502556 -12.364506 0 0.000003 0 -1.186174 2.44327 7.24438 75.504886 -7.992029 9.334273 -0.15412 1.329519 -0.522786 9.381415 10.69349 -0.957563 0 0.000003 0 0 0.000003 0 0 0.000003 0 0 0.000003 0 -0.012835 -0.164093 8.944531 -0.007226 -0.123289 6.70839 -0.003214 -0.082301 4.472257 0.013171 -0.041798 2.832715 0 0.000003 0 88.826767 -2.124255 79.740785 2.934936 -0.38061 -8.342545 0 0.000003 0 -0.61957 0.326199 5.122574 75.690319 -9.031782 11.401314 -0.421239 2.455134 -0.80889 6.464436 11.38351 -2.373286 0 0.000003 0 0 0.000003 0 0 0.000003 0 0 0.000003 0 -0.002494 -0.072507 3.939422 -0.001403 -0.054407 2.954566 -0.000624 -0.036273 1.96971 -0.000156 -0.018138 0.984855 0 0.000003 0 89.431007 10.426997 90.029919 15.279984 -0.221944 -1.611362 -15.410807 -0.357052 0.177677 9.265545 -0.148527 -2.0915 76.758868 -67.573895 142.025987 56.447422 -55.770582 43.697529 172.245719 79.033959 170.727012 5.582411 -0.115831 17.118162 1.474862 -0.972466 -0.171075 5.567135 -15.315433 -24.893183 36.863935 -4.362357 -13.480752 118.64319 -21.244126 -37.868495 46.111785 -22.566027 -2.114879 -0.034264 0.000003 0 40.830837 -2.163924 8.60047 107.245134 8.763996 11.806528 66.897851 2.313408 6.521584 0 0.000003 0 21.17415 -0.333611 -20.402998 116.751852 -23.962979 -45.442051 41.989152 -28.215386 -16.578782 0 0.000003 0 15.240934 -2.117609 -2.977661 114.596846 -10.407444 -25.603797 35.860969 -14.378529 -14.551267 -0.019782 0.000003 0 25.57308 44.865063 59.697001 9.320309 -12.80385 17.377103 38.065361 -22.950499 -45.046716 -6.07677 7.97907 9.192813 0 0.000003 0 0 0.000003 0.000008 0 0.000003 -25.833092 0 0.000009 -51.666194 0 0.000009 -77.499295 -0.00992 0.043456 -24.896699 -0.005678 0.033054 -18.672521 -0.00259 0.022269 -12.448346 -0.00069 0.011211 -6.224172 0 -0.013986 0 -112.278119 -64.974658 130.40342 4.96909 -65.30667 3.276989 107.700171 0.390389 0.534141 1.4963 -5.380001 90.365588 -4.300893 3.344343 0.199126 -2.31197 -14.287039 -22.877688 42.401702 -9.475901 -19.24902 117.85321 -26.997044 -55.329757 40.253512 -33.024075 -11.079748 0 0.000003 0 40.585308 -4.562407 -13.36616 107.590332 -14.59534 -24.06598 64.268323 -23.829325 -14.229724 0 0.000003 0 21.017471 -1.763846 -3.938246 117.982082 -11.607849 -23.489581 45.998134 -16.633701 -12.843667 0 0.000003 0 14.991318 -3.212939 13.345011 119.649878 1.441671 -4.740588 37.330187 -5.162043 -5.127153 0 0.000003 0 25.57308 44.865063 59.697001 7.262735 4.440302 14.949491 -49.34032 25.590433 -16.883418 -6.07677 7.97907 9.192813 0 0.000003 0 0 0.000003 0.000008 0 0.000003 -6.283202 0.000001 0.000003 -12.566413 0 -0.000004 -18.849625 -0.000513 -0.011056 6.140543 -0.000274 -0.008296 4.605408 -0.000109 -0.005537 3.070272 -0.000017 -0.002771 1.535137 0 0.000003 0 28.18734 0.075797 0.88047 -0.013988 -0.000107 -0.012166 0 0.000003 0 -18.353978 1.558822 -0.226077 -89.999999 -90 0 0 0.000003 0 0 0.000003 0 90.000009 -63.648278 -90.000009 -5.682401 0.000003 0 -28.319916 0.000003 0 -16.252152 0.000003 0 0 0.000003 0 89.999996 -84.450021 179.999995 0 0.000003 0 -90.000003 -84.450021 0 0 0.000003 0 0 0.000003 0
0 0 0 179.999991 0.000003 179.999991 0.020712 -0.007847999999999966 -0.06431 180.099798 0.549034 -177.044418 -87.491445 0.265089 -104.894412 7.208515 -0.536161 -12.369227 0 0.000003 0 -1.964104 2.839647 6.867869 75.504886 -7.992029 9.334273 -0.15412 1.329519 -0.522786 9.149475 10.651027 -0.945783 0 0.000003 0 0 0.000003 0 0 0.000003 0 0 0.000003 0 -0.01248 -0.161832 8.819891 -0.007026 -0.121582 6.61491 -0.003125 -0.081154 4.409936 0.013194 -0.041218 2.801554 0 0.000003 0 88.981191 -1.267524 80.480283 3.787408 -0.461711 -8.348819 0 0.000003 0 -1.257548 0.375356 4.764288 75.690319 -9.031782 11.401314 -0.421239 2.455134 -0.80889 6.384769 11.394575 -2.121607 0 0.000003 0 0 0.000003 0 0 0.000003 0 0 0.000003 0 -0.001795 -0.061531 3.342398 -0.00101 -0.046156 2.506798 -0.000449 -0.030774 1.671199 -0.000112 -0.015393 0.835599 0 0.000003 0 89.396733 10.315303 90.03526 15.287989 -0.223304 -1.707248 -15.44581 -0.373663 0.083011 9.183754 -0.083647 -2.182751 76.969197 -67.5667 141.899342 57.202165 -55.183575 43.515299 172.132351 79.189714 170.615694 5.581302 -0.160794 17.578284 0.418704 -0.69874 -0.08533 5.567135 -15.315433 -24.893183 36.863945 -4.362364 -13.480755 118.643163 -21.244194 -37.661205 46.183758 -22.416296 -2.056208 -0.034264 0.000003 0 40.83085 -2.163924 8.600494 107.245079 8.764003 11.806542 66.897789 2.313422 6.521608 0 0.000003 0 21.174158 -0.333625 -20.402986 116.751893 -23.962985 -45.442044 41.989179 -28.215441 -16.578795 0 0.000003 0 15.240956 -2.117609 -2.977647 114.596928 -10.40743 -25.60377 35.86086 -14.378461 -14.551226 -0.019782 0.000003 0 25.57308 44.865063 59.697001 9.320294 -12.80387 17.377101 38.065344 -22.950458 -44.801646 -6.07677 7.97907 9.192813 0 0.000003 0 0 0.000003 0.000008 0 0.000009 -25.709809 0 0.000009 -51.419628 0 0.000016 -77.129447 -0.010142 0.043927 -25.184174 -0.005806 0.033429 -18.888128 -0.002648 0.022528 -12.592084 -0.000704 0.011327 -6.296041 0 -0.013986 0 -111.787165 -65.120811 129.701959 2.583209 -66.105681 5.519583 107.288113 0.391243 0.531361 1.679188 -5.325899 88.405372 -5.00241 5.170886 0.197172 -2.31197 -14.287039 -22.877688 42.540665 -9.635981 -19.384309 117.864576 -27.026742 -55.38291 40.234657 -33.045884 -11.083713 0 0.000003 0 40.780252 -4.644369 -13.492383 107.593556 -14.627216 -24.104229 64.26206 -23.854338 -14.245323 0 0.000003 0 21.206855 -1.872016 -3.996369 117.981864 -11.606483 -23.487504 45.998339 -16.632649 -12.843092 0 0.000003 0 15.181557 -3.326778 13.310125 119.649413 1.453064 -4.721915 37.330249 -5.15401 -5.12374 0 0.000003 0 25.57308 44.865063 59.697001 7.262794 4.440315 14.949505 -49.340337 25.590392 -16.883427 -6.07677 7.97907 9.192813 0 0.000003 0 0 0.000003 0.000008 0 0.000003 -6.803846 0.000001 0.000003 -13.607701 0 0.000003 -20.411556 -0.000443 -0.010338 5.736001 -0.000235 -0.00775 4.302001 -0.000092 -0.005175 2.868002 -0.000014 -0.002586 1.434002 0 0.000003 0 27.917797 0.332926 0.867045 -0.013988 -0.000114 -0.053824 0 0.000003 0 -18.405043 1.550804 -0.278926 -89.999999 -90 0 0 0.000003 0 0 0.000003 0 90.000009 -63.648278 -90.000009 -5.682401 0.000003 0 -28.319916 0.000003 0 -16.252152 0.000003 0 0 0.000003 0 89.999996 -84.450021 179.999995 0 0.000003 0 -90.000003 -84.450021 0 0 0.000003 0 0 0.000003 0
0 0 0 179.999991 0.000003 179.999991 0.023564 -0.008194000000000035 -0.066747 180.115166 0.789142 -176.456189 -87.306415 -0.247879 -104.789951 7.418777 -0.549712 -12.371219 0 0.000003 0 -2.641819 3.502189 6.394349 75.504886 -7.992029 9.334273 -0.15412 1.329519 -0.522786 8.901339 10.603379 -0.836349 0 0.000003 0 0 0.000003 0 0 0.000003 0 0 0.000003 0 -0.012211 -0.160083 8.724105 -0.006874 -0.120263 6.54307 -0.003057 -0.08028 4.362044 0.013211 -0.040767 2.777608 0 0.000003 0 89.168693 -0.450913 81.208968 4.439623 -0.523709 -8.354434 0 0.000003 0 -1.902648 0.40187 4.454763 75.690319 -9.031782 11.401314 -0.421239 2.455134 -0.80889 6.233439 11.382301 -2.192737 0 0.000003 0 0 0.000003 0 0 0.000003 0 0 0.000003 0 -0.00122 -0.050739 2.755201 -0.000686 -0.038055 2.066401 -0.000305 -0.025372 1.3776 -0.000076 -0.012688 0.6888 0 0.000003 0 89.369549 10.215411 89.993842 15.309709 -0.216207 -1.78288 -15.489173 -0.379032 0.006608 9.072176 -0.034702 -2.255164 77.186199 -67.531287 141.605302 57.428224 -54.881244 43.745357 172.210215 79.083628 170.692137 5.58009 -0.19851 17.964238 -0.634486 -0.422329 -0.025392 5.567135 -15.315433 -24.893183 36.863897 -4.362351 -13.480778 118.64319 -21.244133 -37.868481 46.111782 -22.565986 -2.114821 -0.034264 0.000003 0 40.830803 -2.163938 8.600467 107.245134 8.764003 11.806569 66.897823 2.313476 6.521625 0 0.000003 0 21.174126 -0.333639 -20.402998 116.751784 -23.962965 -45.441938 41.989288 -28.215379 -16.578809 0 0.000003 0 15.24092 -2.117636 -2.977657 114.596818 -10.40745 -25.603715 35.860887 -14.378454 -14.551199 -0.019782 0.000003 0 25.57308 44.865063 59.697001 9.320288 -12.803884 17.377106 38.065344 -22.950492 -44.801639 -6.07677 7.97907 9.192813 0 0.000003 0 0 0.000003 0.000008 0 0.000009 -25.606398 0 0.000009 -51.212806 0 0.000016 -76.819213 -0.010385 0.044433 -25.493847 -0.005946 0.033826 -19.120382 -0.002711 0.022795 -12.746919 -0.000721 0.01147 -6.373459 0 -0.013986 0 -111.246501 -65.267462 128.967045 -0.258658 -66.861139 8.117259 107.213835 0.391413 0.530832 1.819207 -5.279836 86.890381 -5.655246 6.700807 0.14171 -2.31197 -14.287039 -22.877688 42.540638 -9.635994 -19.384338 117.86463 -27.026769 -55.383006 40.234629 -33.045972 -11.083712 0 0.000003 0 40.780239 -4.64439 -13.492471 107.593583 -14.627326 -24.104352 64.261992 -23.854413 -14.245348 0 0.000003 0 21.20686 -1.872029 -3.996442 117.981864 -11.606599 -23.487614 45.998377 -16.632703 -12.843129 0 0.000003 0 15.181523 -3.326791 13.310083 119.649359 1.452954 -4.721997 37.330283 -5.154045 -5.123747 0 0.000003 0 25.57308 44.865063 59.697001 7.262728 4.440349 14.949488 -49.340289 25.590406 -16.883388 -6.07677 7.97907 9.192813 0 0.000003 0 0 0.000003 0.000008 0 0.000003 -7.206303 0 0.000003 -14.412614 0 0.000003 -21.618925 -0.000378 -0.009608 5.3326 -0.0002 -0.007203 3.99945 -0.000077 -0.004806 2.666301 -0.000011 -0.002402 1.333151 0 0.000003 0 27.579501 0.283503 0.735568 -0.013988 -0.000107 -0.013299 0 0.000003 0 -18.475508 1.5423 -0.224046 -89.999999 -90 0 0 0.000003 0 0 0.000003 0 90.000009 -63.648278 -90.000009 -5.682401 0.000003 0 -28.319916 0.000003 0 -16.252152 0.000003 0 0 0.000003 0 89.999996 -84.450021 179.999995 0 0.000003 0 -90.000003 -84.450021 0 0 0.000003 0 0 0.000003 0
0 0 0 179.999991 0.000003 179.999991 0.027218 -0.008685000000000054 -0.070715 180.147472 1.129285 -175.738869 -87.064927 -0.820918 -104.707961 7.668819 -0.565804 -12.373645 0 0.000003 0 -3.481634 3.98298 5.908375 75.504886 -7.992029 9.334273 -0.15412 1.329519 -0.522786 8.673343 10.532359 -0.832676 0 0.000003 0 0 0.000003 0 0 0.000003 0 0 0.000003 0 -0.011982 -0.158588 8.641668 -0.006745 -0.119136 6.481243 -0.003 -0.079521 4.320825 0.013225 -0.040391 2.756999 0 0.000003 0 89.422988 0.520183 81.884973 5.215497 -0.597386 -8.362052 0 0.000003 0 -2.689269 0.403892 4.317537 75.690319 -9.031782 11.401314 -0.421239 2.455134 -0.80889 6.049707 11.364119 -2.271735 0 0.000003 0 0 0.000003 0 0 0.000003 0 0 0.000003 0 -0.000786 -0.040726 2.211596 -0.000442 -0.030549 1.658697 -0.000197 -0.020365 1.105798 -0.000049 -0.010181 0.552899 0 0.000003 0 89.379814 10.116756 89.982169 15.335409 -0.198496 -1.85485 -15.543099 -0.38285 -0.068079 8.935757 -0.011383 -2.326875 77.570889 -67.511261 141.07935 57.318702 -54.870298 44.262635 172.44598 78.748812 170.923503 5.579223 -0.221623 18.200861 -1.820898 -0.126636 0.009908 5.567135 -15.315433 -24.893183 36.863917 -4.362378 -13.695186 118.698105 -21.428063 -37.932173 46.129226 -22.529971 -1.90531 -0.034264 0.000003 0 40.83083 -2.163918 8.390913 107.236446 8.563796 11.537719 66.893111 2.122053 6.3858 0 0.000003 0 21.174136 -0.333625 -20.402977 116.751839 -23.962958 -45.441911 41.989261 -28.215379 -16.578782 0 0.000003 0 15.240935 -2.117616 -2.977645 114.596873 -10.407409 -25.603678 35.860915 -14.378427 -14.551213 -0.019782 0.000003 0 25.57308 44.865063 59.697001 9.320322 -12.803856 17.377108 38.065358 -22.950526 -44.963289 -6.07677 7.97907 9.192813 0 0.000003 0 0 0.000003 0.000008 0 0.000009 -25.543 0 0.000009 -51.086007 0 0.000009 -76.629012 -0.010602 0.04487 -25.768729 -0.00607 0.034181 -19.326544 -0.002768 0.023041 -12.884362 -0.000736 0.0116 -6.44218 0 -0.013986 0 -110.602428 -65.40162 128.172243 -3.557586 -67.575668 11.033069 107.450808 0.390942 0.53242 1.925427 -5.24212 85.732029 -6.335117 8.079939 0.041949 -2.31197 -14.287039 -22.877688 42.540672 -9.636008 -19.384336 117.864685 -27.026687 -55.382937 40.234667 -33.045901 -11.08372 0 0.000003 0 40.780269 -4.64439 -13.492458 107.593638 -14.627278 -24.104304 64.262012 -23.854379 -14.245326 0 0.000003 0 21.206877 -1.87205 -3.996438 117.981946 -11.606552 -23.487552 45.998387 -16.632676 -12.843134 0 0.000003 0 15.181572 -3.326805 13.310085 119.649495 1.45303 -4.721956 37.330286 -5.154058 -5.1238 0 0.000003 0 25.57308 44.865063 59.697001 7.262767 4.440308 14.949495 -49.340388 25.590406 -16.883466 -6.07677 7.97907 9.192813 0 0.000003 0 0 0.000003 0.000008 0 0.000003 -7.514062 0 0.000003 -15.028131 0.000002 0.000003 -22.542201 -0.000321 -0.008925 4.949732 -0.000169 -0.006698 3.7123 -0.000064 -0.004464 2.474867 -0.000008 -0.002231 1.237434 0 0.000003 0 27.167052 0.708921 0.785441 -0.013988 -0.000086 0.054241 0 0.000003 0 -18.557798 1.532793 -0.133517 -89.999999 -90 0 0 0.000003 0 0 0.000003 0 90.000009 -63.648278 -90.000009 -5.682401 0.000003 0 -28.319916 0.000003 0 -16.252152 0.000003 0 0 0.000003 0 89.999996 -84.450021 179.999995 0 0.000003 0 -90.000003 -84.450021 0 0 0.000003 0 0 0.000003 0
0 0 0 179.999991 0.000003 179.999991 0.030689 -0.00915100000000002 -0.075883 180.255266 1.480275 -174.886311 -86.743484 -1.491526 -104.601875 7.996255 -0.586847 -12.376927 0 0.000003 0 -4.322091 4.897071 5.181649 75.504886 -7.992029 9.334273 -0.15412 1.329519 -0.522786 8.469548 10.475027 -0.798579 0 0.000003 0 0 0.000003 0 0 0.000003 0 0 0.000003 0 -0.011682 -0.156593 8.532472 -0.006576 -0.117634 6.399346 -0.002924 -0.078511 4.266228 0.013244 -0.039872 2.729701 0 0.000003 0 89.769258 1.218378 82.566878 5.359118 -0.611006 -8.363564 0 0.000003 0 -3.357252 0.354373 4.149901 75.690319 -9.031782 11.401314 -0.421239 2.455134 -0.80889 5.798301 11.342945 -2.337714 0 0.000003 0 0 0.000003 0 0 0.000003 0 0 0.000003 0 -0.000448 -0.030733 1.668589 -0.000252 -0.023049 1.251442 -0.000112 -0.015372 0.834295 -0.000028 -0.007681 0.417147 0 0.000003 0 89.445664 10.025074 89.994047 15.360663 -0.169769 -1.927101 -15.612119 -0.378117 -0.145257 8.782629 -0.267618 -2.392908 78.343854 -67.504065 140.168449 57.233488 -55.557784 44.715828 172.823129 78.168505 171.29303 5.578107 -0.248207 18.472962 -3.133873 0.234176 0.013531 5.567135 -15.315433 -24.893183 36.863972 -4.362364 -13.674102 118.692695 -21.40999 -37.863666 46.149211 -22.488587 -1.889746 -0.034264 0.000003 0 40.83085 -2.16389 8.417844 107.237539 8.589519 11.572267 66.893643 2.146649 6.543779 0 0.000003 0 21.17416 -0.333598 -20.592853 116.793366 -24.132258 -45.736705 41.911233 -28.365746 -16.635855 0 0.000003 0 15.240949 -2.117575 -3.175168 114.615137 -10.588437 -25.906856 35.823813 -14.521635 -14.605144 -0.019782 0.000003 0 25.57308 44.865063 59.697001 9.320327 -12.803836 17.377097 38.065327 -22.950499 -45.01012 -6.07677 7.97907 9.192813 0 0.000003 0 0 0.000003 0.000008 0 0.000003 -25.470093 0 0.000009 -50.940193 0.000003 0.000009 -76.410296 -0.010425 0.044508 -25.546041 -0.005969 0.033894 -19.159531 -0.002722 0.022843 -12.773019 -0.000724 0.011491 -6.386509 0 -0.013986 0 -109.518866 -65.331467 127.027489 -6.644648 -67.902043 13.678975 107.937903 0.389877 0.535729 1.97707 -5.222913 85.165779 -7.126225 9.290317 -0.097737 -2.31197 -14.287039 -22.877688 42.540672 -9.636022 -19.38435 117.864685 -27.026715 -55.382992 40.234698 -33.045959 -11.083739 0 0.000003 0 40.78028 -4.644403 -13.492487 107.593638 -14.627312 -24.104332 64.261965 -23.854385 -14.245297 0 0.000003 0 21.206878 -1.872064 -3.996434 117.981946 -11.606558 -23.487566 45.998401 -16.632669 -12.843117 0 0.000003 0 15.181572 -3.326826 13.31009 119.649441 1.452995 -4.72201 37.330269 -5.154079 -5.123788 0 0.000003 0 25.57308 44.865063 59.697001 7.262763 4.440322 14.815869 -49.29854 25.691711 -16.903472 -6.07677 7.97907 9.192813 0 0.000003 0 0 0.000003 0.000008 0 0.000003 -7.664516 0 0.000003 -15.329041 0.000002 0.000003 -22.993565 -0.00028 -0.008392 4.651699 -0.000146 -0.006295 3.488775 -0.000055 -0.004191 2.32585 -0.000006 -0.002094 1.162926 0 0.000003 0 26.734132 0.904135 0.821714 -0.013988 -0.000059 0.161313 0 0.000003 0 -18.655139 1.531836 0.006057 -89.999999 -90 0 0 0.000003 0 0 0.000003 0 90.000009 -63.648278 -90.000009 -5.682401 0.000003 0 -28.319916 0.000003 0 -16.252152 0.000003 0 0 0.000003 0 89.999996 -84.450021 179.999995 0 0.000003 0 -90.000003 -84.450021 0 0 0.000003 0 0 0.000003 0
0 0 0 179.999991 0.000003 179.999991 0.035021 -0.009631999999999974 -0.082046 180.53667 1.769629 -173.960192 -86.159244 -2.409087 -104.307698 8.750588 -0.635287 -12.384968 0 0.000003 0 -5.277845 5.439353 4.333415 75.504886 -7.992029 9.334273 -0.15412 1.329519 -0.522786 8.325225 10.427044 -0.746396 0 0.000003 0 0 0.000003 0 0 0.000003 0 0 0.000003 0 -0.010929 -0.151491 8.25263 -0.006152 -0.113788 6.189467 -0.002736 -0.075942 4.126308 0.013292 -0.038574 2.659741 0 0.000003 0 90.347686 1.218262 83.289096 4.25599 -0.506313 -8.352785 0 0.000003 0 -3.753419 0.175047 3.895032 75.690319 -9.031782 11.401314 -0.421239 2.455134 -0.80889 5.570173 11.364618 -2.067908 0 0.000003 0 0 0.000003 0 0 0.000003 0 0 0.000003 0 -0.000195 -0.020256 1.100123 -0.000109 -0.015195 0.825092 -0.000049 -0.010133 0.550061 -0.000012 -0.005065 0.275031 0 0.000003 0 89.61157 9.929991 89.990686 15.374452 -0.126984 -1.983437 -15.68227 -0.342347 -0.209419 8.62528 -0.196584 -2.463768 79.681171 -67.531287 138.679632 56.570683 -56.536311 45.47821 173.247871 77.439847 171.708183 5.575551 -0.300335 19.00684 -4.518061 0.479775 -0.032593 5.567135 -15.315433 -24.893183 36.86401 -4.36233 -13.481228 118.643327 -21.244522 -37.869157 46.11157 -22.566307 -2.114915 -0.034264 0.000003 0 40.830888 -2.163877 8.618066 107.245899 8.780771 11.829164 66.898226 2.32952 6.521874 0 0.000003 0 21.17417 -0.333604 -20.402998 116.751907 -23.962985 -45.441986 41.989288 -28.215447 -16.578809 0 0.000003 0 15.240973 -2.117588 -2.97765 114.596914 -10.407444 -25.603671 35.860915 -14.378434 -14.551199 -0.019782 0.000003 0 25.57308 44.865063 59.697001 9.320304 -12.803829 17.377113 38.065392 -22.950533 -44.8017 -6.07677 7.97907 9.192813 0 0.000003 0 0 0.000003 0.000008 0.000001 0.000009 -25.327052 0 0.000009 -50.65411 0 0.000016 -75.981169 -0.010203 0.04405 -25.263589 -0.005841 0.033532 -18.947693 -0.002663 0.02259 -12.631793 -0.000709 0.011375 -6.315895 0 -0.013986 0 -108.35546 -65.777414 125.653733 -11.143816 -68.64476 17.312834 108.533004 0.388586 0.539739 1.978439 -5.222394 85.150718 -8.003987 10.264554 -0.261129 -2.31197 -14.287039 -22.877688 42.54046 -9.636329 -19.384575 117.864904 -27.027227 -55.57518 40.127997 -33.169336 -11.137426 0 0.000003 0 40.780232 -4.644772 -13.492865 107.59372 -14.628016 -23.940831 64.299333 -23.706402 -14.152929 0 0.000003 0 21.206843 -1.872282 -3.858107 117.962712 -11.485869 -23.090622 46.053042 -16.369297 -12.707357 0 0.000003 0 15.181501 -3.32701 13.447647 119.644386 1.571636 -4.28981 37.33238 -4.913936 -5.022359 0 0.000003 0 25.57308 44.865063 59.697001 7.262766 4.440308 14.949496 -49.340351 25.590365 -16.883435 -6.07677 7.97907 9.192813 0 0.000003 0 0 0.000003 0.000008 0 0.000003 -7.66852 0 0.000003 -15.337048 0.000002 0.000003 -23.005575 -0.00024 -0.007825 4.337246 -0.000124 -0.005865 3.252935 -0.000046 -0.003911 2.168624 -0.000004 -0.001951 1.084313 0 0.000003 0 26.371615 0.803219 0.869043 -0.013988 -0.000052 0.207655 0 0.000003 0 -18.710108 1.203571 0.171275 -89.999999 -90 0 0 0.000003 0 0 0.000003 0 90.000009 -63.648278 -90.000009 -5.682401 0.000003 0 -28.319916 0.000003 0 -16.252152 0.000003 0 0 0.000003 0 89.999996 -84.450021 179.999995 0 0.000003 0 -90.000003 -84.450021 0 0 0.000003 0 0 0.000003 0
0 0 0 179.999991 0.000003 179.999991 0.039898 -0.01111300000000004 -0.090124 181.118862 2.02975 -173.101077 -85.047596 -4.087907 -103.87474 11.169564 -0.789854 -12.415009 0 0.000003 0 -6.444693 6.17506 3.314056 75.504886 -7.992029 9.334273 -0.15412 1.329519 -0.522786 8.152444 10.235628 -0.682915 0 0.000003 0 0 0.000003 0 0 0.000003 0 0 0.000003 0 -0.009759 -0.143192 7.797619 -0.005493 -0.107546 5.848209 -0.002443 -0.071762 3.898803 0.013367 -0.03645 2.545989 0 0.000003 0 91.316781 1.059993 84.179493 3.225352 -0.408245 -8.34455 0 0.000003 0 -4.364241 -0.103038 3.423626 75.690319 -9.031782 11.401314 -0.421239 2.455134 -0.80889 5.215359 11.357378 -2.108179 0 0.000003 0 0 0.000003 0 0 0.000003 0 0 0.000003 0 -0.000026 -0.007395 0.401636 -0.000015 -0.005544 0.301227 -0.000006 -0.003699 0.200818 -0.000002 -0.001848 0.100409 0 0.000003 0 89.953878 9.755855 89.990556 15.411625 -0.066414 -2.003717 -15.746082 -0.251813 -0.241469 8.458267 -0.067637 -2.511057 81.504504 -67.603347 136.758627 55.78458 -57.828265 46.254314 173.727911 76.500969 172.175873 5.570428 -0.384045 19.864741 -5.823935 0.563855 -0.117863 5.567135 -15.315433 -24.893183 36.863999 -4.362337 -13.355337 118.611307 -21.136516 -37.684858 46.152613 -22.481312 -2.035753 -0.034264 0.000003 0 40.830871 -2.163897 8.752011 107.251636 8.908693 12.001039 66.901157 2.451815 6.621462 0 0.000003 0 21.174181 -0.333598 -20.402964 116.751921 -23.962958 -45.441911 41.989343 -28.215407 -16.578795 0 0.000003 0 15.240966 -2.117595 -2.977641 114.596859 -10.407457 -25.603671 35.861024 -14.378488 -14.551226 -0.019782 0.000003 0 25.57308 44.865063 59.697001 9.320336 -12.80387 17.377091 38.065351 -22.95054 -44.801659 -6.07677 7.97907 9.192813 0 0.000003 0 0 0.000003 0.000008 0 0.000009 -25.097195 0 0.000009 -50.194398 0 0.000009 -75.2916 -0.009777 0.043156 -24.712144 -0.005596 0.032828 -18.534104 -0.002552 0.022105 -12.356068 -0.00068 0.011122 -6.178033 0 -0.013986 0 -106.310132 -65.995001 123.505926 -15.231947 -69.434864 20.903476 109.065335 0.387336 0.543359 1.942161 -5.235959 85.548748 -8.985348 11.034699 -0.442711 -2.31197 -14.287039 -22.877688 42.540645 -9.636008 -19.414628 117.874657 -27.05258 -55.29312 40.293786 -32.97722 -11.247633 0 0.000003 0 40.780266 -4.64441 -13.517007 107.596015 -14.650651 -24.132342 64.257368 -23.872711 -14.256787 0 0.000003 0 21.20686 -1.872064 -4.159982 118.004922 -11.749726 -23.710209 45.974447 -16.746658 -12.901729 0 0.000003 0 15.18153 -3.326832 13.116488 119.656872 1.285383 -4.996557 37.328937 -5.271824 -5.173477 0 0.000003 0 25.57308 44.865063 59.697001 7.262726 4.440329 14.949476 -49.34031 25.590365 -16.883403 -6.07677 7.97907 9.192813 0 0.000003 0 0 0.000003 0.000008 0 0.000003 -7.56276 0 0.000003 -15.125527 0.000002 0.000003 -22.688295 -0.000198 -0.00719 3.988486 -0.000102 -0.005393 2.991365 -0.000037 -0.003597 1.994244 -0.000003 -0.001794 0.997123 0 0.000003 0 26.211607 0.691088 0.96814 -0.013988 -0.000038 0.270373 0 0.000003 0 -18.839349 0.929666 0.340347 -89.999999 -90 0 0 0.000003 0 0 0.000003 0 90.000009 -63.648278 -90.000009 -5.682401 0.000003 0 -28.319916 0.000003 0 -16.252152 0.000003 0 0 0.000003 0 89.999996 -84.450021 179.999995 0 0.000003 0 -90.000003 -84.450021 0 0 0.000003 0 0 0.000003 0
0 0 0 179.999991 0.000003 179.999991 0.045858 -0.014459 -0.098472 182.148964 2.235947 -172.485813 -83.262827 -6.139737 -103.310115 15.227931 -1.045809 -12.479991 0 0.000003 0 -7.134251 7.119238 2.23993 75.504886 -7.992029 9.334273 -0.15412 1.329519 -0.522786 7.636148 10.292865 -0.653271 0 0.000003 0 0 0.000003 0 0 0.000003 0 0 0.000003 0 -0.008192 -0.131246 7.143329 -0.00461 -0.098543 5.357493 -0.00205 -0.065752 3.57166 0.013466 -0.033404 2.382418 0 0.000003 0 92.93378 1.922141 85.376395 4.678134 -0.546399 -8.356677 0 0.000003 0 -5.58704 -0.254299 2.526368 75.690319 -9.031782 11.401314 -0.421239 2.455134 -0.80889 4.885351 11.295592 -2.301815 0 0.000003 0 0 0.000003 0 0 0.000003 0 0 0.000003 0 -0.000042 0.009455 -0.513467 -0.000024 0.007099 -0.3851 -0.000011 0.004729 -0.256734 -0.000003 0.002366 -0.128367 0 0.000003 0 90.597548 9.378242 90.048087 15.54347 0.035745 -1.970201 -15.750577 -0.08808 -0.227177 8.316634 0.114094 -2.529186 84.134434 -67.90137 134.107667 55.644629 -59.344663 46.339316 174.254054 75.299116 172.686197 5.564442 -0.462961 20.674373 -7.056565 0.596695 -0.228449 5.567135 -15.315433 -24.893183 36.864003 -4.362289 -13.299124 118.597045 -21.088289 -37.602568 46.170924 -22.443296 -1.890122 -0.034264 0.000003 0 40.830823 -2.163897 8.815088 107.254314 8.968956 12.082031 66.902564 2.509448 6.77536 0 0.000003 0 21.174126 -0.333591 -20.403015 116.751893 -23.963033 -45.442024 41.989234 -28.215475 -16.578795 0 0.000003 0 15.240946 -2.117588 -2.977695 114.596859 -10.407512 -25.603733 35.860942 -14.378502 -14.551226 -0.019782 0.000003 0 25.57308 44.865063 59.697001 9.32029 -12.803829 17.37713 38.065382 -22.950458 -44.801656 -6.07677 7.97907 9.192813 0 0.000003 0 0 0.000003 0.000008 0.000002 0.000003 -24.880275 0 0.000009 -49.760558 0 0.000009 -74.64084 -0.008946 0.041339 -23.60395 -0.005119 0.031401 -17.702961 -0.002337 0.021128 -11.801973 -0.000624 0.010623 -5.900985 0 -0.013986 0 -103.387146 -66.288524 120.368205 -19.37281 -70.422253 24.796404 109.550299 0.386229 0.546586 1.864235 -5.26414 86.400349 -10.151597 11.730914 -0.655807 -2.31197 -14.287039 -22.877688 42.540645 -9.635994 -19.384343 117.864767 -27.026715 -55.383033 40.234681 -33.045918 -11.083707 0 0.000003 0 40.780245 -4.644383 -13.492497 107.593665 -14.627374 -24.104393 64.261999 -23.854426 -14.245319 0 0.000003 0 21.206867 -1.872023 -3.996423 117.982 -11.606599 -23.48762 45.998394 -16.632697 -12.84311 0 0.000003 0 15.181531 -3.326791 13.310047 119.649468 1.452893 -4.722092 37.330307 -5.154106 -5.123789 0 0.000003 0 25.57308 44.865063 59.697001 7.262738 4.440295 14.949484 -49.34031 25.590379 -16.883408 -6.07677 7.97907 9.192813 0 0.000003 0 0 0.000003 0.000008 0 0.000003 -7.336493 0 0.000003 -14.672995 0 0.000003 -22.009497 -0.000158 -0.006507 3.607329 -0.00008 -0.004881 2.705498 -0.000028 -0.003249 1.803666 -0.000001 -0.001623 0.901834 0 0.000003 0 26.218936 0.584113 1.080319 -0.013988 0.000003 0.444447 0 0.000003 0 -19.285859 0.957786 0.556955 -89.999999 -90 0 0 0.000003 0 0 0.000003 0 90.000009 -63.648278 -90.000009 -5.682401 0.000003 0 -28.319916 0.000003 0 -16.252152 0.000003 0 0 0.000003 0 89.999996 -84.450021 179.999995 0 0.000003 0 -90.000003 -84.450021 0 0 0.000003 0 0 0.000003 0
0 0 0 179.999991 0.000003 179.999991 0.051851 -0.019782999999999995 -0.107284 183.509701 2.404031 -172.264816 -81.070241 -10.129052 -102.427149 24.199744 -1.591111 -12.686733 0 0.000003 0 -7.661912 8.470769 1.612304 75.504886 -7.992029 9.334273 -0.15412 1.329519 -0.522786 6.013967 10.026952 -0.856128 0 0.000003 0 0 0.000003 0 0 0.000003 0 0 0.000003 0 -0.005779 -0.110298 5.998636 -0.003252 -0.082793 4.498975 -0.001446 -0.05522 2.999315 0.01362 -0.028056 2.096248 0 0.000003 0 95.050231 3.712723 86.778489 8.803439 -0.936375 -8.410124 0 0.000003 0 -8.554358 -0.385391 1.256994 75.690319 -9.031782 11.401314 -0.421239 2.455134 -0.80889 4.628099 11.312811 -2.245616 0 0.000003 0 0 0.000003 0 0 0.000003 0 0 0.000003 0 -0.000371 0.027993 -1.519561 -0.000209 0.020999 -1.139671 -0.000093 0.013998 -0.759781 -0.000023 0.006997 -0.37989 0 0.000003 0 91.436876 8.649044 90.104921 15.70873 0.091636 -1.844993 -15.703484 0.184042 -0.091885 8.253698 0.382561 -2.427521 87.731813 -68.289677 130.514496 57.165586 -60.898811 44.799119 174.724667 74.031487 173.140064 5.563093 -0.478971 20.838777 -7.651193 0.678343 -0.290341 5.567135 -15.315433 -24.893183 36.770487 -4.532019 -13.606987 118.725453 -21.518748 -38.337913 46.006956 -22.782052 -2.198959 -0.034264 0.000003 0 40.830693 -2.357977 8.487458 107.232894 8.478016 11.422672 66.891048 2.040146 6.327682 0 0.000003 0 21.179674 -0.453802 -20.266829 116.774679 -24.056101 -45.604015 41.946422 -28.298168 -16.610228 0 0.000003 0 15.238613 -2.212255 -2.856231 114.608908 -10.52704 -25.803919 35.836517 -14.473073 -14.586853 -0.019782 0.000003 0 25.57308 44.865063 59.697001 9.32029 -12.803897 17.204992 38.00778 -23.056496 -44.788265 -6.07677 7.97907 9.192813 0 0.000003 0 0 0.000003 0.000008 0.000002 0.000003 -24.836229 0 0.000009 -49.672462 0 0.000016 -74.508703 -0.007617 0.038217 -21.723779 -0.004359 0.028983 -16.292831 -0.001991 0.019469 -10.861886 -0.000534 0.009783 -5.430942 0 -0.013986 0 -99.617004 -66.667736 116.743465 -22.434808 -72.034417 28.115839 109.894684 0.385403 0.548901 1.789831 -5.289829 87.20931 -11.323434 12.124408 -0.860551 -2.31197 -14.287039 -22.877688 42.540641 -9.636008 -19.631763 117.946128 -27.238293 -55.762518 40.099948 -33.201533 -11.111516 0 0.000003 0 40.780235 -4.644424 -13.733136 107.616806 -14.856335 -24.379349 64.216332 -24.03419 -14.357394 0 0.000003 0 21.206849 -1.872057 -3.996413 117.982028 -11.606606 -23.487607 45.998414 -16.632697 -12.843105 0 0.000003 0 15.181509 -3.326826 13.310086 119.649413 1.452893 -4.722079 37.330242 -5.154113 -5.123791 0 0.000003 0 25.57308 44.865063 59.697001 7.262789 4.440315 14.949491 -49.340344 25.590338 -16.883417 -6.07677 7.97907 9.192813 0 0.000003 0 0 0.000003 0.000008 0 0.000003 -7.121575 0.000001 0.000003 -14.243159 0 0.000003 -21.364743 -0.000127 -0.005926 3.284871 -0.000064 -0.004444 2.463654 -0.000021 -0.002962 1.642437 0 -0.00148 0.821219 0 0.000003 0 26.401147 0.059917 1.122365 -0.013988 0.000037 0.595921 0 0.000003 0 -19.887844 0.459531 0.91749 -89.999999 -90 0 0 0.000003 0 0 0.000003 0 90.000009 -63.648278 -90.000009 -5.682401 0.000003 0 -28.319916 0.000003 0 -16.252152 0.000003 0 0 0.000003 0 89.999996 -84.450021 179.999995 0 0.000003 0 -90.000003 -84.450021 0 0 0.000003 0 0 0.000003 0
0 0 0 179.999991 0.000003 179.999991 0.057066 -0.02826200000000001 -0.114841 184.875657 2.647035 -172.676977 -79.060908 -15.971445 -100.806441 37.880929 -2.343012 -13.158372 0 0.000003 0 -6.545473 10.342261 1.735587 75.504886 -7.992029 9.334273 -0.15412 1.329519 -0.522786 2.918564 9.700688 -0.657073 0 0.000003 0 0 0.000003 0 0 0.000003 0 0 0.000003 0 -0.002606 -0.074112 4.026711 -0.001466 -0.055602 3.020032 -0.000652 -0.037079 2.013354 0.013822 -0.018856 1.60327 0 0.000003 0 97.168388 5.848939 88.156651 15.145905 -1.525671 -8.546612 0 0.000003 0 -12.22367 -0.111685 0.138295 75.690319 -9.031782 11.401314 -0.421239 2.455134 -0.80889 4.966166 11.424286 -2.244947 0 0.000003 0 0 0.000003 0 0 0.000003 0 0 0.000003 0 -0.000942 0.044576 -2.420546 -0.00053 0.033436 -1.815409 -0.000235 0.022296 -1.210273 -0.000059 0.011149 -0.605136 0 0.000003 0 92.209405 7.461533 90.207627 16.01893 0.187409 -1.596705 -15.499379 0.504316 0.120255 8.336251 1.097143 -2.275487 92.501081 -69.063746 125.552473 59.465218 -62.061571 42.102389 175.127116 72.764432 173.525764 5.556057 -0.554882 21.618517 -8.209312 0.861296 -0.354298 5.567135 -15.315433 -24.893183 36.86402 -4.362337 -13.480767 118.643299 -21.244099 -37.963428 46.078655 -22.63452 -2.141577 -0.034264 0.000003 0 40.830857 -2.163877 8.600521 107.245189 8.763921 11.736997 66.896389 2.248835 6.475791 0 0.000003 0 21.174164 -0.333598 -20.402974 116.751839 -23.962992 -45.404751 42.003632 -28.187416 -16.568072 0 0.000003 0 15.240959 -2.117588 -2.977665 114.596914 -10.407498 -25.649327 35.853238 -14.408555 -14.246245 -0.019782 0.000003 0 25.57308 44.865063 59.697001 9.304127 -12.922913 17.380697 38.014019 -22.857294 -44.735314 -6.07677 7.97907 9.192813 0 0.000003 0 0 0.000003 0.000008 0.000002 0.000003 -24.627323 0 0.000009 -49.254656 0 0.000009 -73.881985 -0.006303 0.034816 -19.705461 -0.003609 0.026353 -14.779092 -0.001652 0.017679 -9.852727 -0.000445 0.008875 -4.926363 0 -0.013986 0 -94.457186 -66.995764 111.588543 -26.836259 -74.361131 33.604155 110.20457 0.384631 0.550995 1.650618 -5.334799 88.712881 -12.49775 12.430878 -1.039082 -2.31197 -14.287039 -22.877688 42.540617 -9.636049 -19.384406 117.864767 -27.02679 -55.383176 40.234619 -33.045983 -11.083666 0 0.000003 0 40.780259 -4.644444 -13.492518 107.593638 -14.627401 -24.104407 64.261985 -23.85444 -14.245329 0 0.000003 0 21.20686 -1.87207 -3.996464 117.981973 -11.606695 -23.487716 45.998408 -16.632765 -12.843114 0 0.000003 0 15.18152 -3.326832 13.310037 119.649468 1.452832 -4.722133 37.33029 -5.154106 -5.123786 0 0.000003 0 25.57308 44.865063 59.697001 7.262765 4.440281 14.949481 -49.340324 25.590392 -16.883442 -6.07677 7.97907 9.192813 0 0.000003 0 0 0.000003 0.000008 0 0.000003 -6.722165 0.000001 0.000003 -13.444337 0 0.000003 -20.166509 -0.000082 -0.004929 2.734003 -0.00004 -0.003699 2.050502 -0.000012 -0.002463 1.367002 0.000002 -0.001234 0.683502 0 0.000003 0 26.679699 -0.450722 1.090044 -0.013988 0.000071 0.737606 0 0.000003 0 -21.063118 0.132146 1.215456 -89.999999 -90 0 0 0.000003 0 0 0.000003 0 90.000009 -63.648278 -90.000009 -5.682401 0.000003 0 -28.319916 0.000003 0 -16.252152 0.000003 0 0 0.000003 0 89.999996 -84.450021 179.999995 0 0.000003 0 -90.000003 -84.450021 0 0 0.000003 0 0 0.000003 0
0 0 0 179.999991 0.000003 179.999991 0.061539 -0.04042900000000005 -0.124495 185.980686 3.085752 -173.679444 -77.72185 -22.711107 -98.561795 53.075382 -3.020061 -13.873176 0 0.000003 0 -3.997116 11.574503 2.837041 75.504886 -7.992029 9.334273 -0.15412 1.329519 -0.522786 2.440994 9.671865 -0.432778 0 0.000003 0 0 0.000003 0 0 0.000003 0 0 0.000003 0 -0.000389 -0.028657 1.555988 -0.000219 -0.021492 1.166991 -0.000097 -0.014334 0.777994 0.013963 -0.007333 0.985593 0 0.000003 0 98.998046 6.989069 89.316717 21.455559 -2.093075 -8.746134 0 0.000003 0 -16.204637 0.306958 -0.796519 75.690319 -9.031782 11.401314 -0.421239 2.455134 -0.80889 4.966166 11.424286 -2.24496 0 0.000003 0 0 0.000003 0 0 0.000003 0 0 0.000003 0 -0.001601 0.058107 -3.155782 -0.0009 0.043586 -2.366836 -0.0004 0.029058 -1.57789 -0.0001 0.014537 -0.788945 0 0.000003 0 92.744871 5.905459 90.33712 16.381372 0.221827 -1.311947 -15.146757 0.848449 0.408796 8.67063 1.702782 -2.029268 97.764507 -70.018879 119.867843 63.591418 -62.778337 37.366162 175.41703 71.723935 173.801882 5.550236 -0.610514 22.190813 -8.270498 0.810118 -0.362515 5.567135 -15.315433 -24.893183 36.914659 -4.527204 -13.48466 118.662779 -21.30986 -37.980694 46.024082 -22.746734 -2.185206 -0.034264 0.000003 0 40.957639 -2.281445 8.595491 107.243741 8.729654 11.981491 66.795616 2.572108 6.551285 0 0.000003 0 21.174162 -0.333577 -20.402945 116.751921 -23.962951 -45.443899 41.988469 -28.216909 -16.579342 0 0.000003 0 15.240946 -2.117588 -2.977656 114.596887 -10.407532 -25.7693 35.832856 -14.487314 -14.592207 -0.019782 0.000003 0 25.57308 44.865063 59.697001 9.320256 -12.80387 17.377123 38.065389 -22.950471 -44.801676 -6.07677 7.97907 9.192813 0 0.000003 0 0 0.000003 0.000008 0.000002 0.000003 -24.473999 0 0.000009 -48.948008 0 0.000009 -73.422013 -0.004881 0.030656 -17.270342 -0.002797 0.023157 -12.952755 -0.001282 0.015514 -8.63517 -0.000349 0.007775 -4.317584 0 -0.013986 0 -88.670957 -67.199107 105.626615 -31.168489 -76.196399 39.633928 110.974004 0.382712 0.55608 1.430617 -5.397794 91.064945 -13.53259 13.317881 -1.221546 -2.31197 -14.287039 -22.877688 42.540607 -9.636015 -19.384333 117.864822 -27.026756 -55.383087 40.138993 -33.257285 -11.03116 0 0.000003 0 40.780263 -4.644403 -13.492456 107.593665 -14.627353 -24.104345 64.262019 -23.854406 -14.245311 0 0.000003 0 21.002331 -1.839784 -3.989886 117.983667 -11.616981 -23.503705 45.994965 -16.649096 -12.851494 0 0.000003 0 15.051975 -3.577473 13.318024 119.655861 1.307089 -4.960862 37.326123 -5.466164 -5.255453 0 0.000003 0 25.57308 44.865063 59.697001 7.262748 4.440322 14.949503 -49.340303 25.590351 -16.883389 -6.07677 7.97907 9.192813 0 0.000003 0 0 0.000003 0.000008 0 0.000003 -6.09747 0.000001 0.000003 -12.194948 0 0.000003 -18.292425 -0.000045 -0.003898 2.161754 -0.00002 -0.002921 1.621316 -0.000004 -0.001951 1.080878 0.000002 -0.000974 0.54044 0 0.000003 0 27.019262 -0.827516 0.926474 -0.013988 0.000105 0.856778 0 0.000003 0 -22.545319 -0.253746 1.515479 -89.999999 -90 0 0 0.000003 0 0 0.000003 0 90.000009 -63.648278 -90.000009 -5.682401 0.000003 0 -28.319916 0.000003 0 -16.252152 0.000003 0 0 0.000003 0 89.999996 -84.450021 179.999995 0 0.000003 0 -90.000003 -84.450021 0 0 0.000003 0 0 0.000003 0
0 0 0 179.999991 0.000003 179.999991 0.065157 -0.05720100000000006 -0.136854 186.734835 3.684118 -174.6865 -76.867639 -29.348644 -96.570071 64.952749 -3.403993 -14.540855 0 0.000003 0 -5.316317 11.708811 2.36737 75.504886 -7.992029 9.334273 -0.15412 1.329519 -0.522786 4.474206 9.824635 -0.786607 0 0.000003 0 0 0.000003 0 0 0.000003 0 0 0.000003 0 -0.000047 0.009913 -0.537911 -0.000026 0.007434 -0.403433 -0.000012 0.004961 -0.268955 0.013985 0.002441 0.46212 0 0.000003 0 100.479084 8.367292 90.274972 28.815687 -2.721999 -9.055835 0 0.000003 0 -20.918718 1.102033 -1.109019 75.690319 -9.031782 11.401314 -0.421239 2.455134 -0.80889 5.123069 11.359024 -2.059138 0 0.000003 0 0 0.000003 0 0 0.000003 0 0 0.000003 0 -0.002195 0.068038 -3.695926 -0.001235 0.051045 -2.771944 -0.000549 0.034037 -1.847963 -0.000137 0.017023 -0.923981 0 0.000003 0 93.029212 4.534148 90.468246 16.703965 0.215925 -1.033975 -14.711616 1.142365 0.704103 9.206643 2.251287 -1.762936 100.894885 -70.873153 116.532279 69.714388 -62.236883 30.430091 175.549167 71.207928 173.927134 5.540194 -0.696028 23.071727 -7.798298 -0.017401 -0.321998 5.567135 -15.315433 -24.893183 36.947225 -4.21014 -13.643381 118.640512 -21.234762 -37.852492 46.115385 -22.558644 -2.111939 -0.034264 0.000003 0 40.830454 -1.990069 8.445035 107.245735 8.774699 11.555792 66.892059 2.077493 6.354169 0 0.000003 0 21.168728 -0.225981 -20.511937 116.728821 -23.868046 -45.276737 42.032783 -28.131033 -16.821622 0 0.000003 0 15.242679 -2.032826 -3.052446 114.583233 -10.269351 -25.37237 35.889082 -14.269185 -14.509917 -0.019782 0.000003 0 25.57308 44.865063 59.697001 9.320273 -12.80387 17.377121 38.065378 -22.950485 -44.769264 -6.07677 7.97907 9.192813 0 0.000003 0 0 0.000003 0.000008 0.000002 0.000003 -24.238 0 0.000009 -48.476007 0.000003 0.000009 -72.714016 -0.003623 0.026394 -14.807761 -0.002078 0.019899 -11.105819 -0.000958 0.013321 -7.403879 -0.000264 0.006676 -3.701939 0 -0.013986 0 -85.280007 -67.000832 102.167199 -30.690673 -77.156275 40.654403 112.035613 0.379918 0.563163 1.205798 -5.452271 93.442561 -14.453136 14.494272 -1.411201 -2.31197 -14.287039 -22.877688 42.540576 -9.636015 -19.384371 117.864876 -27.026796 -55.383122 40.234725 -33.045959 -11.083717 0 0.000003 0 40.780235 -4.644403 -13.492473 107.593665 -14.627394 -24.104386 64.262033 -23.85444 -14.245357 0 0.000003 0 21.206846 -1.87205 -3.996468 117.981973 -11.606695 -23.487695 45.998373 -16.632731 -12.843073 0 0.000003 0 15.181479 -3.326819 13.310026 119.649468 1.452797 -4.625609 37.330935 -5.09051 -5.096936 0 0.000003 0 25.57308 44.865063 59.697001 7.262743 4.440308 14.949498 -49.340334 25.590351 -16.883425 -6.07677 7.97907 9.192813 0 0.000003 0 0 0.000003 0.000008 0 0.000003 -5.466115 0 0.000003 -10.932239 0 0.000003 -16.398362 -0.000035 -0.003515 1.952579 -0.000015 -0.002641 1.464435 -0.000002 -0.00176 0.97629 0.000003 -0.000879 0.488146 0 0.000003 0 27.298239 -1.187754 0.663765 -0.013988 0.000119 0.914155 0 0.000003 0 -24.019894 -0.588965 1.727125 -89.999999 -90 0 0 0.000003 0 0 0.000003 0 90.000009 -63.648278 -90.000009 -5.682401 0.000003 0 -28.319916 0.000003 0 -16.252152 0.000003 0 0 0.000003 0 89.999996 -84.450021 179.999995 0 0.000003 0 -90.000003 -84.450021 0 0 0.000003 0 0 0.000003 0
0 0 0 179.999991 0.000003 179.999991 0.068285 -0.076129 -0.151169 187.118145 4.344337 -175.207753 -75.907608 -35.717973 -95.817923 70.638137 -3.537004 -14.88518 0 0.000003 0 -9.227855 8.533586 -2.227612 75.504886 -7.992029 9.334273 -0.15412 1.329519 -0.522786 5.224285 9.917287 -0.766674 0 0.000003 0 0 0.000003 0 0 0.000003 0 0 0.000003 0 -0.000442 0.030527 -1.657362 -0.000248 0.022897 -1.243021 -0.00011 0.015268 -0.828681 0.013961 0.007659 0.182259 0 0.000003 0 101.503742 9.857113 90.959979 35.741478 -3.272505 -9.418528 0 0.000003 0 -25.33192 1.880203 -1.209801 75.690319 -9.031782 11.401314 -0.421239 2.455134 -0.80889 5.056925 11.232071 -2.185387 0 0.000003 0 0 0.000003 0 0 0.000003 0 0 0.000003 0 -0.002588 0.073864 -4.013117 -0.001456 0.055423 -3.009837 -0.000647 0.036954 -2.006558 -0.000162 0.018478 -1.003279 0 0.000003 0 93.156786 3.631102 90.56656 17.017462 0.204724 -0.761233 -14.290837 1.315135 0.992182 9.731192 2.289748 -1.480429 101.218855 -71.657952 116.124216 77.272348 -61.254275 21.756314 175.70954 70.541793 174.078682 5.541006 -0.689498 23.004338 -7.109496 -1.376868 -0.311339 5.567135 -15.315433 -24.893183 36.863979 -4.362296 -13.480727 118.643299 -21.244092 -37.86844 46.111761 -22.565993 -2.114796 -0.034264 0.000003 0 40.83083 -2.163863 8.60052 107.245298 8.763941 11.806774 66.897878 2.313531 6.521676 0 0.000003 0 21.174114 -0.333584 -20.402979 116.751948 -23.962979 -45.441884 41.989316 -28.215447 -16.578782 0 0.000003 0 15.240937 -2.117575 -2.977677 114.596859 -10.407491 -25.603599 35.860942 -14.378427 -14.551144 -0.019782 0.000003 0 25.57308 44.865063 59.697001 9.32027 -12.803884 17.377115 38.065375 -22.950485 -44.80167 -6.07677 7.97907 9.192813 0 0.000003 0 0 0.000003 0.000008 0.000002 0.000003 -24.256053 0 0.000009 -48.512115 0 0.000009 -72.768173 -0.002332 0.021108 -11.790641 -0.001342 0.015883 -8.842981 -0.000623 0.010617 -5.89532 -0.000175 0.005316 -2.947659 0 -0.013986 0 -85.329471 -66.530707 102.263436 -24.79451 -77.303267 34.930967 112.433732 0.378846 0.565799 0.946456 -5.503067 96.1589 -15.890971 14.647015 -1.534063 -2.31197 -14.287039 -22.877688 42.540597 -9.636015 -19.384357 117.864822 -27.02679 -55.383087 40.234722 -33.045935 -11.083727 0 0.000003 0 40.780256 -4.644396 -13.49243 107.593692 -14.627346 -24.104352 64.262012 -23.854392 -14.2453 0 0.000003 0 21.206826 -1.87205 -3.996423 117.982055 -11.606716 -23.487661 46.287721 -16.601326 -12.925914 0 0.000003 0 15.181501 -3.326832 13.31007 119.649413 1.452825 -4.722106 37.330242 -5.154127 -5.123762 0 0.000003 0 25.57308 44.865063 59.697001 7.262759 4.440308 14.949484 -49.34033 25.590365 -16.737015 -6.07677 7.97907 9.192813 0 0.000003 0 0 0.000003 0.000008 0 0.000003 -4.744937 0 0.000003 -9.489882 0.000001 0.000003 -14.234827 -0.000051 -0.004082 2.264818 -0.000023 -0.003064 1.698614 -0.000005 -0.00204 1.13241 0.000002 -0.001022 0.566206 0 0.000003 0 27.280803 -1.233229 0.654405 -0.013987 0.00016 1.062932 0 0.000003 0 -25.228236 -0.568112 1.932861 -89.999999 -90 0 0 0.000003 0 0 0.000003 0 90.000009 -63.648278 -90.000009 -5.682401 0.000003 0 -28.319916 0.000003 0 -16.252152 0.000003 0 0 0.000003 0 89.999996 -84.450021 179.999995 0 0.000003 0 -90.000003 -84.450021 0 0 0.000003 0 0 0.000003 0
0 0 0 179.999991 0.000003 179.999991 0.07068 -0.09353699999999998 -0.167239 187.117407 5.185694 -175.057762 -74.755423 -41.923685 -96.326991 70.475463 -3.533671 -14.875143 0 0.000003 0 -12.182458 3.269368 -8.257882 75.504886 -7.992029 9.334273 -0.15412 1.329519 -0.522786 5.491429 9.973294 -0.707457 0 0.000003 0 0 0.000003 0 0 0.000003 0 0 0.000003 0 -0.000617 0.036086 -1.958932 -0.000347 0.027064 -1.469199 -0.000154 0.018041 -0.979466 0.01395 0.009073 0.106867 0 0.000003 0 101.908437 11.225562 91.494339 41.202416 -3.672986 -9.749654 0 0.000003 0 -29.072379 2.54183 -1.147055 75.690319 -9.031782 11.401314 -0.421239 2.455134 -0.80889 5.144243 11.166897 -2.223582 0 0.000003 0 0 0.000003 0 0 0.000003 0 0 0.000003 0 -0.002913 0.078358 -4.25769 -0.001639 0.05879 -3.193266 -0.000728 0.039208 -2.128844 -0.000182 0.019605 -1.064422 0 0.000003 0 93.129582 3.106509 90.710288 17.2576 0.183175 -0.490161 -13.918314 1.371477 1.27269 10.217505 2.661153 -1.212357 99.869619 -72.569555 117.455119 84.343848 -59.855684 13.105197 175.938105 69.512211 174.293478 5.554888 -0.5665 21.738057 -6.575034 -2.968814 -0.387269 5.567135 -15.315433 -24.893183 36.863986 -4.36233 -13.4808 118.643299 -21.244106 -37.868454 46.111796 -22.56602 -2.114823 -0.034264 0.000003 0 40.830833 -2.163897 8.600496 107.245271 8.763968 11.80672 66.897871 2.31349 6.521649 0 0.000003 0 21.174143 -0.333604 -20.403018 116.751921 -23.962985 -45.441884 41.989234 -28.215407 -16.578754 0 0.000003 0 15.240956 -2.117623 -2.977697 114.596873 -10.407491 -25.603616 35.861024 -14.378488 -14.551185 -0.019782 0.000003 0 25.57308 44.865063 59.697001 9.320297 -12.803884 17.377106 38.065378 -22.950485 -44.801673 -6.07677 7.97907 9.192813 0 0.000003 0 0 0.000003 0.000008 0.000002 0.000003 -24.595298 0 0.000009 -49.190602 0.000003 0.000009 -73.785905 -0.001376 0.016088 -8.958626 -0.000797 0.012092 -6.718969 -0.000374 0.008069 -4.479312 -0.000108 0.004039 -2.239655 0 -0.013986 0 -87.916911 -65.858348 104.972194 -18.932513 -77.270709 28.110087 111.760787 0.380676 0.561339 0.685075 -5.541562 98.874495 -17.504475 13.355276 -1.474761 -2.31197 -14.287039 -22.877688 42.540559 -9.636001 -19.384401 117.864822 -27.026906 -55.383204 40.234684 -33.046 -11.083739 0 0.000003 0 40.780225 -4.644403 -13.492439 107.593638 -14.627367 -24.104345 64.262033 -23.854413 -14.245336 0 0.000003 0 21.206802 -1.87205 -3.996479 117.981973 -11.606763 -23.487675 45.998387 -16.632765 -12.843076 0 0.000003 0 15.181463 -3.326812 13.310032 119.649468 1.45277 -4.722106 37.330276 -5.154099 -5.123742 0 0.000003 0 25.57308 44.865063 59.697001 7.262766 4.440315 14.949483 -49.340324 25.590365 -16.86434 -6.07677 7.97907 9.192813 0 0.000003 0 0 0.000003 0.000008 0 0.000003 -4.024069 0 0.000003 -8.048146 0.000001 0.000003 -12.072223 -0.000091 -0.005141 2.849648 -0.000044 -0.003857 2.137236 -0.000013 -0.002566 1.424825 0.000001 -0.001282 0.712413 0 0.000003 0 26.644175 -1.790504 0.607182 -0.013987 0.000173 1.121142 0 0.000003 0 -26.222292 -0.565353 2.022378 -89.999999 -90 0 0 0.000003 0 0 0.000003 0 90.000009 -63.648278 -90.000009 -5.682401 0.000003 0 -28.319916 0.000003 0 -16.252152 0.000003 0 0 0.000003 0 89.999996 -84.450021 179.999995 0 0.000003 0 -90.000003 -84.450021 0 0 0.000003 0 0 0.000003 0
0 0 0 179.999991 0.000003 179.999991 0.073142 -0.10780199999999995 -0.188973 186.802317 6.04569 -174.381218 -73.545052 -47.352183 -97.920864 66.187347 -3.435753 -14.61447 0 0.000003 0 -13.024532 -0.90469 -11.675551 75.504886 -7.992029 9.334273 -0.15412 1.329519 -0.522786 5.37798 9.978007 -0.647927 0 0.000003 0 0 0.000003 0 0 0.000003 0 0 0.000003 0 -0.000443 0.030561 -1.659308 -0.000249 0.022925 -1.244481 -0.000111 0.015288 -0.829654 0.01396 0.007666 0.181772 0 0.000003 0 101.619268 11.863126 91.579559 44.682076 -3.910855 -9.979887 0 0.000003 0 -32.249565 2.736852 -0.850087 75.690319 -9.031782 11.401314 -0.421239 2.455134 -0.80889 4.990372 11.027186 -1.795725 0 0.000003 0 0 0.000003 0 0 0.000003 0 0 0.000003 0 -0.002958 0.078973 -4.290791 -0.001664 0.059248 -3.218092 -0.00074 0.039508 -2.145394 -0.000185 0.019762 -1.072697 0 0.000003 0 93.059196 2.873688 90.834536 17.456164 0.110781 -0.149853 -13.640562 1.307219 1.511504 10.57448 2.372011 -0.896197 98.70484 -73.510443 118.484784 91.916704 -59.197121 3.894956 176.289655 67.705735 174.620849 5.577816 -0.254675 18.539299 -6.128548 -4.391058 -0.509504 5.567135 -15.315433 -24.893183 36.863979 -4.362323 -13.480772 118.643272 -21.244078 -37.868461 46.111782 -22.566014 -2.114823 -0.034264 0.000003 0 40.830796 -2.16389 8.600545 107.245189 8.764044 11.806761 66.897885 2.313531 6.521629 0 0.000003 0 21.174126 -0.333604 -20.402957 116.751798 -23.962924 -45.441754 41.989288 -28.215345 -16.578754 0 0.000003 0 15.240927 -2.117602 -2.977633 114.596859 -10.407403 -25.603521 35.860915 -14.378399 -14.551158 -0.019782 0.000003 0 25.57308 44.865063 59.697001 9.320251 -12.803897 17.377104 38.065378 -22.950471 -44.801659 -6.07677 7.97907 9.192813 0 0.000003 0 0 0.000003 0.000008 0 0.000009 -25.452319 0 0.000009 -50.904649 0 0.000009 -76.356973 -0.00061 0.010501 -5.831196 -0.000357 0.007878 -4.373397 -0.000171 0.005255 -2.915597 -0.000052 0.002632 -1.457798 0 -0.013986 0 -91.409945 -65.049812 108.61918 -13.548598 -76.320412 21.138172 110.194748 0.384692 0.550858 0.443286 -5.566048 101.372404 -18.710122 10.478319 -1.145769 -2.31197 -14.287039 -22.877688 42.54057 -9.636063 -19.432066 117.880394 -27.067689 -55.456211 40.208794 -33.075974 -11.089171 0 0.000003 0 40.780293 -4.644417 -13.51688 107.595933 -14.65061 -24.132247 64.257395 -23.872663 -14.256685 0 0.000003 0 21.206831 -1.872091 -3.996462 117.981946 -11.60677 -23.487743 45.998339 -16.632813 -12.843069 0 0.000003 0 15.181501 -3.326873 13.310036 119.649413 1.452777 -4.722133 37.330235 -5.15412 -5.12373 0 0.000003 0 25.57308 44.865063 59.697001 7.262793 4.440322 14.949478 -49.340324 25.590392 -16.88343 -6.07677 7.97907 9.192813 0 0.000003 0 0 0.000003 0.000008 0 0.000003 -3.361054 0 0.000003 -6.722116 0 0.000003 -10.083178 -0.000162 -0.006582 3.64792 -0.000082 -0.004936 2.73594 -0.000029 -0.00329 1.823961 -0.000001 -0.001644 0.911981 0 0.000003 0 25.505637 -2.652727 0.587969 -0.013987 0.000173 1.113003 0 0.000003 0 -26.999874 -0.249661 1.894023 -89.999999 -90 0 0 0.000003 0 0 0.000003 0 90.000009 -63.648278 -90.000009 -5.682401 0.000003 0 -28.319916 0.000003 0 -16.252152 0.000003 0 0 0.000003 0 89.999996 -84.450021 179.999995 0 0.000003 0 -90.000003 -84.450021 0 0 0.000003 0 0 0.000003 0
0 0 0 179.999991 0.000003 179.999991 0.074702 -0.118 -0.217858 186.291747 6.660366 -173.380268 -72.459674 -51.841311 -100.593237 60.147554 -3.265436 -14.261264 0 0.000003 0 -12.547813 -2.14357 -10.910991 75.504886 -7.992029 9.334273 -0.15412 1.329519 -0.522786 4.972631 9.92077 -0.581206 0 0.000003 0 0 0.000003 0 0 0.000003 0 0 0.000003 0 -0.000122 0.016067 -0.872297 -0.000069 0.012051 -0.654223 -0.000031 0.008035 -0.436148 0.013981 0.003991 0.378524 0 0.000003 0 100.595873 11.370683 91.0082 45.870915 -3.988807 -10.06181 0 0.000003 0 -34.937319 2.980048 -0.290459 75.690319 -9.031782 11.401314 -0.421239 2.455134 -0.80889 5.147548 11.202271 -1.994743 0 0.000003 0 0 0.000003 0 0 0.000003 0 0 0.000003 0 -0.00257 0.073618 -3.9992 -0.001446 0.055231 -2.999399 -0.000643 0.036831 -1.999599 -0.000161 0.018417 -0.999799 0 0.000003 0 93.056089 2.708152 90.935779 17.556728 0.065743 0.067338 -13.507923 1.165069 1.838093 10.731857 2.275637 -0.622095 99.690989 -74.34819 117.043696 97.247045 -59.416219 -3.424694 176.718864 65.047726 175.014158 5.576549 0.281174 13.055913 -5.343213 -4.972191 -0.551311 5.567135 -15.315433 -24.893183 36.863958 -4.362323 -13.480731 118.643163 -21.24399 -37.868324 46.111737 -22.565932 -2.114794 -0.034264 0.000003 0 40.830809 -2.163883 8.600547 107.245189 8.764153 11.806815 66.897905 2.313606 6.521666 0 0.000003 0 21.1741 -0.333632 -20.402917 116.751729 -23.962821 -45.441634 41.989343 -28.215277 -16.578727 0 0.000003 0 15.24092 -2.117616 -2.977604 114.596805 -10.4073 -25.603394 35.860997 -14.378358 -14.551172 -0.019782 0.000003 0 25.57308 44.865063 59.697001 9.320244 -12.803918 17.377096 38.065385 -22.950505 -44.80168 -6.07677 7.97907 9.192813 0 0.000003 0 0 0.000003 0.000008 0 0.000009 -26.921517 0 0.000009 -53.84304 0 0.000009 -80.764562 -0.000255 0.006553 -3.634635 -0.000152 0.004913 -2.725976 -0.000076 0.003281 -1.817317 -0.000025 0.001642 -0.908657 0 -0.013986 0 -94.110957 -64.111237 111.532707 -12.618565 -75.106931 19.507208 108.590002 0.388483 0.540049 0.335646 -5.573548 102.481429 -18.842535 7.211139 -0.744202 -2.31197 -14.287039 -22.877688 42.540556 -9.636001 -19.38433 117.864712 -27.026892 -55.383019 40.234752 -33.045935 -11.034317 0 0.000003 0 40.780245 -4.644362 -13.492383 107.593583 -14.627305 -24.104264 64.262033 -23.854324 -14.245235 0 0.000003 0 21.206795 -1.87205 -3.996434 117.981918 -11.606729 -23.487655 45.998367 -16.632744 -12.84301 0 0.000003 0 15.181477 -3.326819 13.310081 119.649359 1.452818 -4.722024 37.330238 -5.154045 -5.123677 0 0.000003 0 25.57308 44.865063 59.697001 7.262794 4.440288 14.949491 -49.340276 25.590338 -16.883376 -6.07677 7.97907 9.192813 0 0.000003 0 0 0.000003 0.000008 0 0.000003 -3.066704 0 0.000003 -6.133416 0 0.000003 -9.200127 -0.000194 -0.007121 3.950131 -0.0001 -0.005346 2.962599 -0.000036 -0.003563 1.975067 -0.000002 -0.00178 0.987534 0 0.000003 0 24.227794 -3.559892 0.639492 -0.013987 0.000146 1.017866 0 0.000003 0 -27.669076 0.185114 1.592364 -89.999999 -90 0 0 0.000003 0 0 0.000003 0 90.000009 -63.648278 -90.000009 -5.682401 0.000003 0 -28.319916 0.000003 0 -16.252152 0.000003 0 0 0.000003 0 89.999996 -84.450021 179.999995 0 0.000003 0 -90.000003 -84.450021 0 0 0.000003 0 0 0.000003 0
0 0 0 179.999991 0.000003 179.999991 0.076346 -0.12381299999999995 -0.254785 185.743911 7.036532 -172.319567 -71.49896 -54.998781 -104.239704 53.733303 -3.044882 -13.907971 0 0.000003 0 -11.160828 0.329648 -7.951812 75.504886 -7.992029 9.334273 -0.15412 1.329519 -0.522786 4.723145 9.855358 -0.530907 0 0.000003 0 0 0.000003 0 0 0.000003 0 0 0.000003 0 -0.000012 -0.005072 0.275441 -0.000007 -0.003802 0.206581 -0.000003 -0.002531 0.13772 0.013987 -0.001357 0.665457 0 0.000003 0 99.161711 9.185869 89.989122 44.296645 -3.885173 -9.953681 0 0.000003 0 -37.069069 3.25439 0.599726 75.690319 -9.031782 11.401314 -0.421239 2.455134 -0.80889 4.933326 11.251045 -1.984853 0 0.000003 0 0 0.000003 0 0 0.000003 0 0 0.000003 0 -0.001982 0.064664 -3.512213 -0.001115 0.048511 -2.634159 -0.000496 0.032343 -1.756106 -0.000124 0.016176 -0.878053 0 0.000003 0 93.163207 2.621736 90.998747 17.594265 0.026599 0.349467 -13.508261 0.971938 2.108499 10.699299 1.773386 -0.346274 102.560003 -74.908564 113.663818 101.155983 -60.348984 -9.408811 177.113485 62.022676 175.367552 5.490896 1.014853 5.493686 -3.895056 -4.553405 -0.46775 5.567135 -15.315433 -24.893183 36.863938 -4.362289 -13.4808 118.643163 -21.24401 -37.868365 46.111761 -22.565911 -2.114806 -0.034264 0.000003 0 40.830782 -2.163863 8.60048 107.245216 8.76416 11.806774 66.897871 2.313592 6.521642 0 0.000003 0 21.174066 -0.333611 -20.402945 116.751774 -23.962801 -45.441652 41.989332 -28.215263 -16.578727 0 0.000003 0 15.240874 -2.117609 -2.977651 114.596846 -10.407287 -25.603473 35.86086 -14.378386 -14.551158 -0.019782 0.000003 0 25.57308 44.865063 59.697001 9.320275 -12.803843 17.377094 38.065396 -22.950499 -44.801717 -6.07677 7.97907 9.192813 0 0.000003 0 0 0.000003 0.000008 0 0.000009 -28.947435 0 0.000009 -57.894883 -0.000007 0.000016 -86.842324 -0.000095 0.003759 -2.084254 -0.000059 0.002823 -1.56319 -0.000031 0.001881 -1.042126 -0.000011 0.000945 -0.521062 0 -0.013986 0 -95.787502 -63.020748 113.582194 -12.872186 -73.106955 20.419371 107.404192 0.391092 0.531986 0.388668 -5.570112 101.935287 -17.766388 4.643336 -0.444774 -2.31197 -14.287039 -22.877688 42.540549 -9.636022 -19.38435 117.864712 -27.026919 -55.383087 40.234653 -33.045942 -11.083686 0 0.000003 0 40.780273 -4.64439 -13.49242 107.59361 -14.627374 -24.104359 64.262047 -23.85446 -14.245357 0 0.000003 0 21.206849 -1.872064 -3.996459 117.981973 -11.606763 -23.487668 45.99837 -16.632744 -12.606258 0 0.000003 0 15.181504 -3.326826 13.310099 119.649359 1.452825 -4.722051 37.330167 -5.154079 -5.123701 0 0.000003 0 25.57308 44.865063 59.697001 7.26276 4.440322 14.949495 -49.340279 25.590338 -16.883377 -6.07677 7.97907 9.192813 0 0.000003 0 0 0.000003 0.000008 0 0.000003 -3.211657 0 0.000003 -6.423323 0 0.000003 -9.634988 -0.000173 -0.00678 3.758515 -0.000088 -0.005086 2.818886 -0.000031 -0.003385 1.879258 -0.000002 -0.001691 0.93963 0 0.000003 0 23.082952 -4.478737 0.574749 -0.013988 0.000105 0.843537 0 0.000003 0 -28.319662 0.581163 1.191021 -89.999999 -90 0 0 0.000003 0 0 0.000003 0 90.000009 -63.648278 -90.000009 -5.682401 0.000003 0 -28.319916 0.000003 0 -16.252152 0.000003 0 0 0.000003 0 89.999996 -84.450021 179.999995 0 0.000003 0 -90.000003 -84.450021 0 0 0.000003 0 0 0.000003 0
0 0 0 179.999991 0.000003 179.999991 0.078819 -0.12506300000000004 -0.300144 185.022479 7.229703 -171.270313 -71.054267 -56.841624 -108.632875 47.478393 -2.79306 -13.589262 0 0.000003 0 -8.135523 4.999448 -3.881812 75.504886 -7.992029 9.334273 -0.15412 1.329519 -0.522786 4.65526 9.800784 -0.49842 0 0.000003 0 0 0.000003 0 0 0.000003 0 0 0.000003 0 -0.000512 -0.032864 1.78463 -0.000288 -0.024648 1.338473 -0.000128 -0.016438 0.892315 0.013955 -0.008399 1.042753 0 0.000003 0 97.29362 4.934302 88.532277 39.26448 -3.534518 -9.627801 0 0.000003 0 -38.188701 3.932573 1.789814 75.690319 -9.031782 11.401314 -0.421239 2.455134 -0.80889 4.236592 11.318671 -1.913628 0 0.000003 0 0 0.000003 0 0 0.000003 0 0 0.000003 0 -0.001225 0.05084 -2.760938 -0.000689 0.038135 -2.070703 -0.000306 0.025431 -1.380469 -0.000077 0.012713 -0.690234 0 0.000003 0 93.287202 2.690612 91.186236 17.544994 -0.024511 0.640492 -13.639605 0.691682 2.383855 10.498634 1.291762 -0.071784 106.295283 -75.077329 109.535051 102.835472 -61.622424 -13.530229 177.415666 59.211247 175.630938 5.272929 1.839154 -3.241701 -1.998039 -3.186329 -0.300761 5.567135 -15.315433 -24.893183 36.864013 -4.362255 -13.480767 118.643163 -21.243908 -37.868263 46.111857 -22.565857 -2.114823 -0.034264 0.000003 0 40.830854 -2.163788 8.600499 107.245189 8.764221 11.806788 66.897864 2.313627 6.521639 0 0.000003 0 21.174117 -0.33355 -20.402975 116.751801 -23.962787 -45.441658 41.989326 -28.215222 -16.578718 0 0.000003 0 15.240947 -2.117554 -2.977659 114.596849 -10.407225 -25.603429 35.860935 -14.378338 -14.551148 -0.019782 0.000003 0 25.57308 44.865063 59.697001 9.320251 -12.803877 17.377113 38.065396 -22.950485 -44.801697 -6.07677 7.97907 9.192813 0 0.000003 0 0 0.000003 0.000008 0.000002 0.000009 -31.286481 0.000003 0.000009 -62.572975 -0.000003 0.000009 -93.859462 -0.000044 0.002352 -1.303814 -0.000028 0.001765 -0.97786 -0.000015 0.001177 -0.651906 -0.000006 0.00059 -0.325952 0 -0.013986 0 -96.979916 -61.681588 114.987765 -14.514015 -70.476934 24.154633 106.920683 0.392103 0.52866 0.557654 -5.555783 100.192223 -15.662933 2.989057 -0.251383 -2.31197 -14.287039 -22.877688 42.575195 -9.573375 -19.342935 117.826846 -26.927588 -55.205277 40.297617 -32.972784 -11.070348 0 0.000003 0 40.783135 -4.572912 -13.422247 107.580333 -14.495052 -23.945544 64.288261 -23.750546 -14.180455 0 0.000003 0 21.207003 -1.827736 -3.978288 117.967028 -11.513238 -23.342253 46.013909 -16.558295 -12.804696 0 0.000003 0 15.184195 -3.292039 13.319323 119.645561 1.541289 -4.577101 37.330928 -5.091958 -5.097517 0 0.000003 0 25.57308 44.865063 59.697001 7.262718 4.440295 14.949498 -49.34032 25.590351 -16.883394 -6.07677 7.97907 9.192813 0 0.000003 0 0 0.000003 0.000008 0 0.000003 -3.674299 0 0.000003 -7.348605 0.000001 0.000003 -11.022913 -0.00009 -0.00512 2.837743 -0.000044 -0.003829 2.128307 -0.000013 -0.002559 1.418872 0.000001 -0.001275 0.709437 0 0.000003 0 22.219425 -5.244961 0.539593 -0.013988 0.00005 0.642645 0 0.000003 0 -28.908946 1.200149 0.652311 -89.999999 -90 0 0 0.000003 0 0 0.000003 0 90.000009 -63.648278 -90.000009 -5.682401 0.000003 0 -28.319916 0.000003 0 -16.252152 0.000003 0 0 0.000003 0 89.999996 -84.450021 179.999995 0 0.000003 0 -90.000003 -84.450021 0 0 0.000003 0 0 0.000003 0
0 0 0 179.999991 0.000003 179.999991 0.08117 -0.12144200000000005 -0.3568 183.741422 7.223337 -170.381746 -72.027528 -57.534871 -112.756028 42.468463 -2.567158 -13.354915 0 0.000003 0 -2.797633 9.627612 0.479857 75.504886 -7.992029 9.334273 -0.15412 1.329519 -0.522786 4.544255 9.772391 -0.424658 0 0.000003 0 0 0.000003 0 0 0.000003 0 0 0.000003 0 -0.002047 -0.065704 3.568995 -0.001151 -0.049291 2.676746 -0.000512 -0.032864 1.784497 0.013857 -0.016725 1.488842 0 0.000003 0 94.67207 -2.900191 86.597271 28.118588 -2.664222 -9.023079 0 0.000003 0 -35.337637 4.392395 3.852778 75.690319 -9.031782 11.401314 -0.421239 2.455134 -0.80889 2.635651 11.301828 -1.958748 0 0.000003 0 0 0.000003 0 0 0.000003 0 0 0.000003 0 -0.000416 0.029611 -1.607871 -0.000234 0.022207 -1.205903 -0.000104 0.01481 -0.803935 -0.000026 0.007413 -0.401968 0 0.000003 0 93.122273 3.090991 91.44512 17.339646 -0.163198 0.938195 -13.890175 0.284603 2.683059 10.228189 0.558534 0.25969 109.803696 -74.814567 106.009023 103.231397 -62.819891 -16.603575 177.58735 57.37659 175.776967 4.96397 2.559718 -11.278792 -0.094349 -1.155078 -0.114762 5.567135 -15.315433 -24.893183 36.864003 -4.362275 -13.48083 118.64319 -21.243955 -37.868358 46.111796 -22.565863 -2.11483 -0.034264 0.000003 0 40.830854 -2.163815 8.600492 107.245189 8.764235 11.806788 66.897919 2.31364 6.521659 0 0.000003 0 21.174119 -0.33357 -20.402946 116.751801 -23.962753 -45.441624 41.989264 -28.215161 -16.578688 0 0.000003 0 15.240942 -2.117575 -2.977631 114.596822 -10.407191 -25.603408 35.860928 -14.378331 -14.551148 -0.019782 0.000003 0 25.57308 44.865063 59.697001 9.320246 -12.803863 17.377086 38.065382 -22.950505 -44.801711 -6.07677 7.97907 9.192813 0 0.000003 0 0 0.000003 0.000008 0.000002 0.000009 -33.436713 0.000003 0.000009 -66.873426 -0.000007 0.000016 -100.310153 -0.000026 0.001703 -0.940938 -0.000017 0.001273 -0.705703 -0.00001 0.000849 -0.470468 -0.000004 0.000426 -0.235233 0 -0.013986 0 -96.710602 -60.462116 115.77187 -14.522259 -68.277734 26.665899 107.190926 0.391564 0.53047 0.8095 -5.524801 97.584135 -13.179142 2.238406 -0.142447 -2.31197 -14.287039 -22.877688 42.540553 -9.636022 -19.384422 117.864712 -27.026913 -55.383067 40.234718 -33.045959 -11.083681 0 0.000003 0 40.780239 -4.644396 -13.492456 107.593556 -14.627367 -24.152949 64.250845 -23.898344 -14.272739 0 0.000003 0 21.206798 -1.872084 -3.996495 117.981973 -11.606763 -23.380605 46.016159 -16.547244 -12.798994 0 0.000003 0 15.181477 -3.326853 13.310041 119.649359 1.452838 -4.47335 37.331813 -4.990209 -5.05454 0 0.000003 0 25.57308 44.865063 59.697001 7.262731 4.440227 14.949512 -49.340351 25.590392 -16.883442 -6.07677 7.97907 9.192813 0 0.000003 0 0 0.000003 0.000008 0 0.000003 -4.366589 0 0.000003 -8.733187 0.000001 0.000003 -13.099785 -0.000027 -0.003235 1.794072 -0.000011 -0.002422 1.345555 -0.000001 -0.001616 0.897037 0.000003 -0.000803 0.448519 0 0.000003 0 21.797739 -5.528045 0.517557 -0.013988 -0.000059 0.17592 0 0.000003 0 -29.087556 1.663584 -0.190362 -89.999999 -90 0 0 0.000003 0 0 0.000003 0 90.000009 -63.648278 -90.000009 -5.682401 0.000003 0 -28.319916 0.000003 0 -16.252152 0.000003 0 0 0.000003 0 89.999996 -84.450021 179.999995 0 0.000003 0 -90.000003 -84.450021 0 0 0.000003 0 0 0.000003 0
0 0 0 179.999991 0.000003 179.999991 0.082951 -0.11929500000000004 -0.419462 181.870647 7.2165 -169.367941 -74.09504 -58.215523 -116.471937 41.431443 -2.517885 -13.308934 0 0.000003 0 1.95477 11.966952 4.004826 75.504886 -7.992029 9.334273 -0.15412 1.329519 -0.522786 4.712824 9.848118 -0.406736 0 0.000003 0 0 0.000003 0 0 0.000003 0 0 0.000003 0 -0.004747 -0.099985 5.436373 -0.002671 -0.075041 4.077278 -0.001187 -0.050049 2.718184 0.013685 -0.02544 1.955683 0 0.000003 0 92.610262 -21.234359 84.184404 -0.879431 -0.017449 -8.329258 0 0.000003 0 -22.742858 4.048105 6.787939 75.690319 -9.031782 11.401314 -0.421239 2.455134 -0.80889 0.650468 11.192401 -1.691053 0 0.000003 0 0 0.000003 0 0 0.000003 0 0 0.000003 0 0 0.000003 0.000003 0 0.000003 0.000003 0 0.000003 0.000002 0 0.000003 0.000001 0 0.000003 0 92.376874 4.024999 91.739563 17.032084 -0.351404 1.306845 -14.248968 -0.154647 3.06766 9.850962 -0.216972 0.702905 114.099557 -74.100428 101.596093 102.273538 -64.402268 -18.636642 177.66949 56.427153 175.845747 4.696687 3.022969 -16.763043 1.246566 0.912441 0.04648 5.567135 -15.315433 -24.893183 36.864013 -4.36233 -13.480786 118.643108 -21.243942 -37.86829 46.111775 -22.565822 -2.11482 -0.034264 0.000003 0 40.830867 -2.163856 8.600472 107.245134 8.764242 11.806706 66.897878 2.313613 6.358394 0 0.000003 0 21.174119 -0.333591 -20.40294 116.751801 -23.962733 -45.441604 41.98925 -28.21512 -16.578664 0 0.000003 0 15.240929 -2.117595 -2.977614 114.596822 -10.407164 -25.603353 35.860959 -14.378297 -14.551141 -0.019782 0.000003 0 25.57308 44.865063 59.697001 9.32024 -12.803877 17.377118 38.065372 -22.950505 -44.801687 -6.07677 7.97907 9.192813 0 0.000003 0 0 0.000003 0.000008 0 0.000009 -34.902653 0.000003 0.000009 -69.805312 -0.000007 0.000016 -104.707975 -0.000022 0.001539 -0.850626 -0.000015 0.001157 -0.637969 -0.000008 0.000767 -0.425312 -0.000003 0.000385 -0.212655 0 -0.013986 0 -95.809666 -59.386269 115.223611 -16.565145 -66.046496 31.149088 108.033184 0.389747 0.536173 1.088507 -5.476819 94.674188 -10.758325 2.399762 -0.066675 -2.31197 -14.287039 -22.877688 42.540539 -9.636028 -19.384381 117.86474 -27.026858 -55.383019 40.234749 -33.045918 -11.083703 0 0.000003 0 40.78029 -4.64439 -13.492444 107.593583 -14.627333 -24.104298 64.262122 -23.85442 -14.245389 0 0.000003 0 21.206805 -1.872084 -3.996495 117.981918 -11.606757 -23.48762 45.998312 -16.632738 -12.843004 0 0.000003 0 15.181472 -3.326846 13.310058 119.649359 1.452845 -4.72201 37.330242 -5.154092 -5.123731 0 0.000003 0 25.57308 44.865063 59.697001 7.262738 4.44024 14.949505 -49.340344 25.590365 -16.883437 -6.07677 7.97907 9.192813 0 0.000003 0 0 0.000003 0.000008 0 0.000003 -5.139106 0 0.000003 -10.278221 0 0.000003 -15.417337 0.000003 -0.000701 0.388785 0.000002 -0.000523 0.291589 0.000002 -0.000346 0.194393 0.000001 -0.000175 0.097197 0 0.000003 0 21.68373 -5.587529 0.496168 -0.013987 -0.000209 -0.454696 0 0.000003 0 -28.948254 2.082985 -1.235745 -89.999999 -90 0 0 0.000003 0 0 0.000003 0 90.000009 -63.648278 -90.000009 -5.682401 0.000003 0 -28.319916 0.000003 0 -16.252152 0.000003 0 0 0.000003 0 89.999996 -84.450021 179.999995 0 0.000003 0 -90.000003 -84.450021 0 0 0.000003 0 0 0.000003 0
0 0 0 179.999991 0.000003 179.999991 0.083429 -0.12201899999999999 -0.484504 179.772276 7.029299 -168.49854 -77.338423 -58.725974 -118.2091 46.27281 -2.740604 -13.531074 0 0.000003 0 -0.593206 11.035314 4.638873 75.504886 -7.992029 9.334273 -0.15412 1.329519 -0.522786 5.07413 9.998737 -0.569009 0 0.000003 0 0 0.000003 0 0 0.000003 0 0 0.000003 0 -0.007523 -0.125796 6.845508 -0.004235 -0.094445 5.134127 -0.001882 -0.063013 3.42275 0.013509 -0.032011 2.307964 0 0.000003 0 89.753132 -24.140365 80.630854 -0.879375 -0.0168 -8.32926 0 0.000003 0 -13.205517 5.925683 10.20517 75.690319 -9.031782 11.401314 -0.421239 2.455134 -0.80889 -3.068685 10.864921 -1.358388 0 0.000003 0 0 0.000003 0 0 0.000003 0 0 0.000003 0 -0.001433 -0.054981 2.985887 -0.000806 -0.041238 2.239415 -0.000358 -0.027496 1.492943 -0.00009 -0.013753 0.746472 0 0.000003 0 91.410607 5.06385 91.994028 16.708292 -0.516428 1.639728 -14.630798 -0.633825 3.418162 9.45834 -1.090499 1.107966 120.607006 -72.929365 94.911202 101.259344 -65.838684 -20.091029 177.66352 56.497927 175.840789 4.575429 3.203757 -18.995403 1.715755 1.814278 0.111958 5.567135 -15.315433 -24.893183 36.863982 -4.362344 -13.480822 118.643135 -21.243949 -37.868304 46.111847 -22.565843 -2.114838 -0.034264 0.000003 0 40.830844 -2.16387 8.600467 107.245134 8.764221 11.806747 66.897837 2.313647 6.521639 0 0.000003 0 21.174104 -0.333598 -20.402955 116.751801 -23.962739 -45.551918 41.946258 -28.298257 -16.610272 0 0.000003 0 15.240935 -2.117609 -2.977656 114.596822 -10.407218 -25.603435 35.861041 -14.378324 -14.55116 -0.019782 0.000003 0 25.57308 44.865063 59.697001 9.32028 -12.80387 17.377096 38.065348 -22.950526 -44.801663 -6.07677 7.97907 9.192813 0 0.000003 0 0 0.000003 0.000008 0.000002 0.000009 -35.49902 0.000003 0.000009 -70.998054 -0.000007 0.000016 -106.497075 -0.00002 0.001423 -0.787353 -0.000013 0.001068 -0.590515 -0.000008 0.00072 -0.393676 -0.000003 0.000358 -0.196837 0 -0.013986 0 -93.39348 -58.526154 113.326922 -18.962733 -64.728478 35.818291 108.65663 0.38834 0.540398 1.443318 -5.394419 90.929844 -8.35962 2.34064 0.013332 -2.31197 -14.287039 -22.877688 42.540546 -9.636008 -19.384353 117.864712 -27.026817 -55.383012 40.234746 -33.045935 -11.083691 0 0.000003 0 40.780276 -4.64441 -13.492492 107.593583 -14.62736 -24.104359 64.262067 -23.85442 -14.245396 0 0.000003 0 21.206774 -1.872084 -3.996491 117.981918 -11.606743 -23.487634 45.998418 -16.632744 -12.843068 0 0.000003 0 15.181461 -3.326839 13.310031 119.649359 1.452859 -4.722051 37.330296 -5.154099 -5.123736 0 0.000003 0 25.57308 44.865063 59.697001 7.262715 4.440213 14.949505 -49.340324 25.590365 -16.883434 -6.07677 7.97907 9.192813 0 0.000003 0 0 0.000003 0.000008 0 0.000003 -6.133349 0.000001 0.000003 -12.266704 0 0.000003 -18.40006 -0.000025 0.001635 -0.909385 -0.000016 0.001232 -0.682038 -0.000009 0.000822 -0.454692 -0.000004 0.000419 -0.227345 0 0.000003 0 21.753008 -5.321958 0.427151 -0.013982 -0.0004 -1.229532 0 0.000003 0 -29.654854 2.361226 -2.451856 -89.999999 -90 0 0 0.000003 0 0 0.000003 0 90.000009 -63.648278 -90.000009 -5.682401 0.000003 0 -28.319916 0.000003 0 -16.252152 0.000003 0 0 0.000003 0 89.999996 -84.450021 179.999995 0 0.000003 0 -90.000003 -84.450021 0 0 0.000003 0 0 0.000003 0
0 0 0 179.999991 0.000003 179.999991 0.08124 -0.129239 -0.548477 178.355791 5.64945 -168.656932 -82.776401 -57.729627 -113.452352 52.506014 -2.998259 -13.843316 0 0.000003 0 -8.751284 4.16374 2.11895 75.504886 -7.992029 9.334273 -0.15412 1.329519 -0.522786 5.743919 10.161698 -0.690226 0 0.000003 0 0 0.000003 0 0 0.000003 0 0 0.000003 0 -0.006804 -0.119649 6.509662 -0.003829 -0.089821 4.882244 -0.001702 -0.059926 3.254828 0.013555 -0.030446 2.224003 0 0.000003 0 87.931097 -23.869289 78.451655 5.266546 -0.602243 -8.362582 0 0.000003 0 -7.165995 5.524362 9.896472 75.690319 -9.031782 11.401314 -0.421239 2.455134 -0.80889 -8.566796 10.314756 -0.954341 0 0.000003 0 0 0.000003 0 0 0.000003 0 0 0.000003 0 -0.003797 -0.089452 4.861739 -0.002137 -0.067125 3.646303 -0.00095 -0.044769 2.430868 -0.000237 -0.022387 1.215434 0 0.000003 0 90.992265 5.546847 92.023951 16.500245 -0.593275 1.544621 -14.751709 -1.000921 3.335264 9.458089 -1.725139 1.04388 123.326432 -71.96806 91.761413 100.060618 -65.867067 -19.464697 177.508352 58.245363 175.710072 4.771711 2.902929 -15.311698 1.686336 2.117436 0.135562 5.567135 -15.315433 -24.893183 36.864023 -4.362289 -13.480898 118.64319 -21.24399 -37.868365 46.111816 -22.565809 -2.114828 -0.034264 0.000003 0 40.830864 -2.163829 8.600424 107.245161 8.764208 11.806692 66.897905 2.313599 6.521598 0 0.000003 0 21.174099 -0.333584 -20.403001 116.751829 -23.962739 -45.441597 41.989343 -28.21512 -16.578689 0 0.000003 0 15.240934 -2.117588 -2.977708 114.596849 -10.407232 -25.603401 35.861007 -14.378297 -14.551112 -0.019782 0.000003 0 25.57308 44.865063 59.697001 9.32025 -12.803809 17.377104 38.065416 -22.950533 -44.801704 -6.07677 7.97907 9.192813 0 0.000003 0 0 0.000003 0.000008 0.000002 0.000009 -34.514824 0 0.000009 -69.029648 -0.000007 0.000009 -103.544479 -0.000028 0.001799 -0.996969 -0.000018 0.001355 -0.747726 -0.00001 0.000897 -0.498484 -0.000004 0.000453 -0.249241 0 -0.013986 0 -93.205089 -58.581505 113.809584 -19.404704 -65.085133 36.437328 106.941255 0.392124 0.528684 1.712776 -5.315223 88.043133 -7.462996 1.561063 0.021568 -2.31197 -14.287039 -22.877688 42.540576 -9.636008 -19.384343 117.864767 -27.026769 -55.383006 40.234848 -33.045949 -11.083768 0 0.000003 0 40.78028 -4.644403 -13.492466 107.59361 -14.627353 -24.104332 64.262074 -23.854426 -14.245399 0 0.000003 0 21.206798 -1.872064 -3.99648 117.981918 -11.606736 -23.487661 45.99837 -16.632751 -12.843061 0 0.000003 0 15.181485 -3.326826 13.310059 119.649386 1.452873 -4.722065 37.330259 -5.154127 -5.123762 0 0.000003 0 25.57308 44.865063 59.697001 7.262711 4.440233 14.949498 -49.340334 25.590338 -16.883425 -6.07677 7.97907 9.192813 0 0.000003 0 0 0.000003 0.000008 0 0.000003 -6.900069 0.000001 0.000003 -13.800146 0 0.000003 -20.700222 -0.000026 0.001676 -0.928892 -0.000017 0.001259 -0.696669 -0.000009 0.000843 -0.464445 -0.000004 0.000419 -0.232222 0 0.000003 0 22.129413 -4.855975 0.564637 -0.013974 -0.000619 -2.128581 0 0.000003 0 -30.028964 2.344861 -3.711945 -89.999999 -90 0 0 0.000003 0 0 0.000003 0 90.000009 -63.648278 -90.000009 -5.682401 0.000003 0 -28.319916 0.000003 0 -16.252152 0.000003 0 0 0.000003 0 89.999996 -84.450021 179.999995 0 0.000003 0 -90.000003 -84.450021 0 0 0.000003 0 0 0.000003 0
0 0 0 179.999991 0.000003 179.999991 0.078727 -0.13746199999999997 -0.613686 176.860444 4.273467 -168.732174 -87.35579 -56.965131 -109.247667 59.427181 -3.24265 -14.220396 0 0.000003 0 -15.778077 -1.690333 -0.285577 75.504886 -7.992029 9.334273 -0.15412 1.329519 -0.522786 6.595327 10.341086 -0.823297 0 0.000003 0 0 0.000003 0 0 0.000003 0 0 0.000003 0 -0.005774 -0.11025 5.996072 -0.003249 -0.082752 4.497052 -0.001444 -0.055199 2.998033 0.01362 -0.028042 2.095607 0 0.000003 0 85.974917 -21.487575 76.185562 16.59835 -1.658197 -8.586991 0 0.000003 0 -1.449977 4.764339 8.69429 75.690319 -9.031782 11.401314 -0.421239 2.455134 -0.80889 -13.824156 9.870705 -0.284259 0 0.000003 0 0 0.000003 0 0 0.000003 0 0 0.000003 0 -0.007547 -0.125987 6.855695 -0.004247 -0.094589 5.141768 -0.001888 -0.063108 3.427843 -0.000472 -0.031567 1.713921 0 0.000003 0 90.443466 6.067867 92.03378 16.287549 -0.675087 1.40553 -14.872604 -1.372312 3.213026 9.459307 -2.355723 0.943972 125.38098 -70.928471 89.293727 99.299886 -65.826221 -18.669011 177.312148 60.231336 175.54149 4.993214 2.502085 -10.616542 1.104596 2.492953 0.175317 5.567135 -15.315433 -24.893183 36.86404 -4.362323 -13.48084 118.64319 -21.243955 -37.868304 46.111816 -22.565843 -2.114828 -0.034264 0.000003 0 40.830867 -2.163836 8.600455 107.245216 8.764173 11.806747 66.897946 2.313613 6.521635 0 0.000003 0 21.174136 -0.333577 -20.402994 116.751856 -23.962794 -45.441638 41.989435 -28.215208 -16.578712 0 0.000003 0 15.240947 -2.117582 -2.977679 114.596822 -10.407252 -25.603388 35.860976 -14.378304 -14.551114 -0.019782 0.000003 0 25.57308 44.865063 59.697001 9.320221 -12.803843 17.377128 38.065389 -22.950526 -44.80167 -6.07677 7.97907 9.192813 0 0.000003 0 0 0.000003 0.000008 0 0.000009 -33.259616 0.000003 0.000009 -66.51924 -0.000007 0.000016 -99.778866 -0.000036 0.002079 -1.15225 -0.000023 0.00156 -0.864187 -0.000013 0.001041 -0.576124 -0.000005 0.000528 -0.288061 0 -0.013986 0 -92.893694 -58.715186 114.078345 -19.907741 -65.372542 36.851162 105.32817 0.39532 0.517595 1.906483 -5.249018 85.939182 -6.81404 0.952746 0.020186 -2.31197 -14.287039 -22.877688 42.540563 -9.635994 -19.384377 117.864767 -27.026742 -55.383033 40.234807 -33.045925 -11.083765 0 0.000003 0 40.780269 -4.644403 -13.492529 107.593583 -14.62738 -24.10438 64.262122 -23.854426 -14.245456 0 0.000003 0 21.206764 -1.872064 -3.996541 117.981973 -11.606763 -23.487743 45.998421 -16.632813 -12.84309 0 0.000003 0 15.181468 -3.326839 13.309988 119.649386 1.452832 -4.722147 37.330303 -5.154168 -5.123788 0 0.000003 0 25.57308 44.865063 59.697001 7.262661 4.44024 14.949479 -49.340272 25.590338 -16.883377 -6.07677 7.97907 9.192813 0 0.000003 0 0 0.000003 0.000008 0 0.000003 -7.459021 0 0.000003 -14.91805 0.000002 0.000003 -22.377078 -0.000023 0.00158 -0.873349 -0.000015 0.001184 -0.655011 -0.000009 0.000788 -0.436673 -0.000004 0.000392 -0.218336 0 0.000003 0 22.596023 -4.062724 0.793234 -0.013963 -0.000851 -3.043295 0 0.000003 0 -30.306625 2.458379 -5.053298 -89.999999 -90 0 0 0.000003 0 0 0.000003 0 90.000009 -63.648278 -90.000009 -5.682401 0.000003 0 -28.319916 0.000003 0 -16.252152 0.000003 0 0 0.000003 0 89.999996 -84.450021 179.999995 0 0.000003 0 -90.000003 -84.450021 0 0 0.000003 0 0 0.000003 0
0 0 0 179.999991 0.000003 179.999991 0.073753 -0.14260300000000004 -0.680257 174.300926 2.231084 -170.63949 -97.380186 -52.3003 -98.594498 63.206571 -3.356366 -14.437922 0 0.000003 0 -21.804877 -1.25275 -4.087131 75.504886 -7.992029 9.334273 -0.15412 1.329519 -0.522786 6.773611 10.17417 -0.813473 0 0.000003 0 0 0.000003 0 0 0.000003 0 0 0.000003 0 -0.002629 -0.074447 4.04464 -0.001479 -0.055848 3.03348 -0.000657 -0.037243 2.02232 0.01382 -0.018944 1.607752 0 0.000003 0 82.847148 -15.586305 76.331462 36.551293 -3.333867 -9.465204 0 0.000003 0 9.046533 0.268723 -1.782544 75.690319 -9.031782 11.401314 -0.421239 2.455134 -0.80889 -7.438312 10.267198 -0.861984 0 0.000003 0 0 0.000003 0 0 0.000003 0 0 0.000003 0 -0.008054 -0.13014 7.082782 -0.004533 -0.097717 5.312083 -0.002016 -0.065198 3.541386 -0.000504 -0.032612 1.770693 0 0.000003 0 89.501624 5.353512 91.880278 16.491526 -0.761393 0.93948 -14.686896 -1.971812 2.750831 9.660358 -3.375033 0.547888 124.063082 -70.526024 91.280902 100.680581 -64.263518 -18.383717 176.856328 64.06717 175.138263 5.286764 1.79889 -2.805826 -0.786621 2.01096 0.159654 5.567135 -15.315433 -24.893183 36.864013 -4.362337 -13.480859 118.643245 -21.244003 -37.868372 46.111837 -22.56587 -2.114833 -0.034264 0.000003 0 40.830867 -2.163897 8.600499 107.245216 8.764194 11.806829 66.897987 2.313661 6.5217 0 0.000003 0 21.174112 -0.333618 -20.402957 116.751883 -23.962801 -45.441604 41.989298 -28.215099 -16.57866 0 0.000003 0 15.240934 -2.117623 -2.977638 114.596877 -10.4073 -25.603401 35.86102 -14.378311 -14.551122 -0.019782 0.000003 0 25.57308 44.865063 59.697001 9.320286 -12.803863 17.377121 38.065358 -22.950478 -44.801612 -6.07677 7.97907 9.192813 0 0.000003 0 0 0.000003 0.000008 0.000002 0.000009 -31.169807 0.000003 0.000009 -62.339628 -0.000007 0.000016 -93.509449 -0.000036 0.002086 -1.15496 -0.000023 0.001567 -0.86622 -0.000013 0.001048 -0.577479 -0.000005 0.000522 -0.288739 0 -0.013986 0 -95.64303 -60.181023 116.579308 -18.802356 -67.130399 33.252004 101.694646 0.401392 0.492402 2.070241 -5.186768 84.138764 -7.361906 0.894115 -0.016219 -2.31197 -14.287039 -22.877688 42.540566 -9.635981 -19.384374 117.86474 -27.026708 -55.382999 40.234848 -33.045925 -11.083797 0 0.000003 0 40.780266 -4.64441 -13.49251 107.593638 -14.627339 -24.104359 64.262047 -23.854413 -14.245416 0 0.000003 0 21.206756 -1.872064 -3.996521 117.981973 -11.606722 -23.487736 45.99838 -16.632813 -12.8431 0 0.000003 0 15.181446 -3.326826 13.309999 119.649413 1.452838 -4.722174 37.330262 -5.154154 -5.123759 0 0.000003 0 25.57308 44.865063 59.697001 7.262696 4.440233 14.949496 -49.340303 25.590338 -16.883408 -6.07677 7.97907 9.192813 0 0.000003 0 0 0.000003 0.000008 0 0.000003 -7.937431 0 0.000003 -15.874869 0.000002 0.000003 -23.812309 0.000003 -0.000749 0.416728 0.000003 -0.000564 0.312546 0.000002 -0.00038 0.208365 0.000001 -0.000189 0.104183 0 0.000003 0 23.576199 -3.181247 0.817857 -0.013946 -0.001083 -4.007387 0 0.000003 0 -29.833891 2.352545 -6.323191 -89.999999 -90 0 0 0.000003 0 0 0.000003 0 90.000009 -63.648278 -90.000009 -5.682401 0.000003 0 -28.319916 0.000003 0 -16.252152 0.000003 0 0 0.000003 0 89.999996 -84.450021 179.999995 0 0.000003 0 -90.000003 -84.450021 0 0 0.000003 0 0 0.000003 0
0 0 0 179.999991 0.000003 179.999991 0.070986 -0.15099799999999997 -0.742699 172.660806 -0.133548 -172.352857 -103.54075 -47.051917 -91.906711 66.466941 -3.442754 -14.631233 0 0.000003 0 -26.998884 -0.080724 -6.454417 75.504886 -7.992029 9.334273 -0.15412 1.329519 -0.522786 7.629077 10.147676 -0.851789 0 0.000003 0 0 0.000003 0 0 0.000003 0 0 0.000003 0 -0.000743 -0.039585 2.14954 -0.000418 -0.029688 1.612155 -0.000186 -0.019791 1.07477 0.01394 -0.010099 1.13398 0 0.000003 0 80.722509 -7.947981 76.47297 57.992691 -4.680146 -10.981575 0 0.000003 0 15.102598 1.269537 3.838485 75.690319 -9.031782 11.401314 -0.421239 2.455134 -0.80889 -0.785226 10.754914 -1.525007 0 0.000003 0 0 0.000003 0 0 0.000003 0 0 0.000003 0 -0.007526 -0.12581 6.846228 -0.004236 -0.094459 5.134667 -0.001883 -0.063013 3.42311 -0.000471 -0.031526 1.711554 0 0.000003 0 88.697035 4.318909 91.604796 16.761411 -0.815228 0.249552 -14.437159 -2.330718 2.062026 9.998794 -3.909277 -0.303742 122.204177 -70.154662 93.570272 101.468088 -62.915383 -16.732133 175.959989 69.409539 174.313914 5.46242 1.158771 3.992436 -2.806084 1.396428 0.091218 5.567135 -15.315433 -24.893183 36.864006 -4.362337 -13.480872 118.643245 -21.244051 -37.868427 46.111748 -22.565891 -2.114799 -0.034264 0.000003 0 40.83084 -2.163877 8.600509 107.245243 8.76416 11.806788 66.897858 2.313613 6.521635 0 0.000003 0 21.174133 -0.333618 -20.402984 116.450727 -24.057823 -45.319425 41.990388 -28.213105 -16.577897 0 0.000003 0 15.240917 -2.117623 -2.977679 114.596877 -10.407368 -25.603456 35.860884 -14.378283 -14.551085 -0.019782 0.000003 0 25.57308 44.865063 59.697001 9.320234 -12.803822 17.377118 38.065399 -22.950526 -44.801659 -6.07677 7.97907 9.192813 0 0.000003 0 0 0.000003 0.000008 0.000002 0.000009 -29.349535 0 0.000009 -58.699076 -0.000003 0.000016 -88.048611 -0.000042 0.002284 -1.264674 -0.000026 0.00171 -0.948505 -0.000014 0.001143 -0.632336 -0.000006 0.000576 -0.316167 0 -0.013986 0 -97.022325 -61.931578 117.521191 -18.514645 -70.41675 29.922297 99.177441 0.40465 0.474766 2.225819 -5.122079 82.407148 -7.824207 2.429316 -0.036522 -2.31197 -14.287039 -22.877688 42.540583 -9.635953 -19.384377 117.86474 -27.02668 -55.382971 40.234879 -33.045894 -11.083826 0 0.000003 0 40.780263 -4.64441 -13.492517 107.59361 -14.62736 -24.1044 64.262074 -23.854447 -14.245471 0 0.000003 0 21.206733 -1.872043 -3.996539 117.981973 -11.606743 -23.487791 45.998438 -16.63282 -12.843136 0 0.000003 0 15.181432 -3.326819 13.31 119.649386 1.452845 -4.722202 37.330174 -5.154161 -5.123755 0 0.000003 0 25.57308 44.865063 59.697001 7.26266 4.44022 14.949491 -49.3403 25.590379 -16.883425 -6.07677 7.97907 9.192813 0 0.000003 0 0 0.000003 0.000008 0 0.000003 -8.39765 0 0.000003 -16.795309 0.000002 0.000003 -25.192968 -0.000031 -0.003399 1.883528 -0.000013 -0.002545 1.412646 -0.000002 -0.001698 0.941765 0.000003 -0.000844 0.470883 0 0.000003 0 24.202004 -2.499553 0.888572 -0.013939 -0.001172 -4.379688 0 0.000003 0 -29.734672 2.443428 -6.875481 -89.999999 -90 0 0 0.000003 0 0 0.000003 0 90.000009 -63.648278 -90.000009 -5.682401 0.000003 0 -28.319916 0.000003 0 -16.252152 0.000003 0 0 0.000003 0 89.999996 -84.450021 179.999995 0 0.000003 0 -90.000003 -84.450021 0 0 0.000003 0 0 0.000003 0
0 0 0 179.999991 0.000003 179.999991 0.07012 -0.15929400000000005 -0.803968 172.150711 -2.274526 -173.420269 -106.285332 -41.890132 -88.144377 68.957207 -3.501255 -14.782018 0 0.000003 0 -31.575582 1.354641 -7.914844 75.504886 -7.992029 9.334273 -0.15412 1.329519 -0.522786 8.877709 10.238955 -0.952699 0 0.000003 0 0 0.000003 0 0 0.000003 0 0 0.000003 0 -0.000027 -0.007531 0.40898 -0.000015 -0.005646 0.306735 -0.000007 -0.003768 0.20449 0.013986 -0.001985 0.698842 0 0.000003 0 79.783474 1.620069 76.839444 77.106169 -5.337585 -12.666316 0 0.000003 0 10.937728 1.997061 5.634954 75.690319 -9.031782 11.401314 -0.421239 2.455134 -0.80889 0.922458 10.946917 -1.682457 0 0.000003 0 0 0.000003 0 0 0.000003 0 0 0.000003 0 -0.005713 -0.109663 5.964009 -0.003215 -0.082308 4.473005 -0.001429 -0.054912 2.982002 -0.000357 -0.027455 1.491001 0 0.000003 0 88.082775 3.394743 91.20827 16.948419 -0.801684 -0.473817 -14.213081 -2.419701 1.374106 9.876845 -3.947116 -0.558031 118.567074 -69.951009 98.167474 101.053619 -61.977964 -14.133611 174.33133 75.107324 172.760851 5.535995 0.728784 8.457019 -4.057011 1.010686 0.020524 5.567135 -15.315433 -24.893183 36.864034 -4.362316 -13.480852 118.643354 -21.24401 -37.868427 46.111775 -22.565863 -1.914688 -0.034264 0.000003 0 40.83082 -2.16387 8.600526 107.245325 8.764139 11.806829 66.897851 2.313572 6.521639 0 0.000003 0 21.174114 -0.333604 -20.402965 116.751965 -23.962842 -45.441733 41.98923 -28.215249 -16.578706 0 0.000003 0 15.240966 -2.117588 -2.977686 114.596986 -10.407375 -25.603497 35.860996 -14.378352 -14.551134 -0.019782 0.000003 0 25.57308 44.865063 59.697001 9.320314 -12.803911 17.377086 38.065351 -22.950533 -44.801612 -6.07677 7.97907 9.192813 0 0.000003 0 0 0.000003 0.000008 0 0.000009 -28.153632 0 0.000009 -56.307274 -0.000007 0.000016 -84.460917 -0.000061 0.002885 -1.595889 -0.000038 0.002161 -1.196916 -0.00002 0.001444 -0.797943 -0.000008 0.00072 -0.398971 0 -0.013986 0 -97.501476 -64.003274 117.774017 -15.846271 -73.959349 25.056781 99.525692 0.404295 0.477188 2.345443 -5.068531 81.060248 -7.456251 4.739942 -0.036181 -2.31197 -14.287039 -22.877688 42.540587 -9.635953 -19.38436 117.86474 -27.026639 -55.382917 40.234903 -33.045853 -11.083843 0 0.000003 0 40.780269 -4.644403 -13.492462 107.593638 -14.627251 -24.104298 64.262012 -23.854351 -14.250633 0 0.000003 0 21.206747 -1.87205 -3.996514 117.981973 -11.606702 -23.48775 45.998346 -16.632772 -12.843097 0 0.000003 0 15.181436 -3.326798 13.310031 119.649413 1.452886 -4.722147 37.330392 -5.15414 -5.123788 0 0.000003 0 25.57308 44.865063 59.697001 7.262705 4.44024 14.748301 -49.277295 25.742883 -16.91349 -6.07677 7.97907 9.192813 0 0.000003 0 0 0.000003 0.000008 0 0.000003 -8.75569 0 0.000003 -17.511388 0.000002 0.000003 -26.267087 -0.000104 -0.005434 3.015175 -0.000051 -0.004075 2.261382 -0.000016 -0.002716 1.507589 0.000001 -0.001357 0.753795 0 0.000003 0 24.437319 -1.416367 0.972774 -0.013934 -0.001227 -4.617872 0 0.000003 0 -29.696399 2.103031 -7.055716 -89.999999 -90 0 0 0.000003 0 0 0.000003 0 90.000009 -63.648278 -90.000009 -5.682401 0.000003 0 -28.319916 0.000003 0 -16.252152 0.000003 0 0 0.000003 0 89.999996 -84.450021 179.999995 0 0.000003 0 -90.000003 -84.450021 0 0 0.000003 0 0 0.000003 0
0 0 0 179.999991 0.000003 179.999991 0.071553 -0.16671199999999997 -0.864922 171.976964 -3.899339 -174.06814 -107.243655 -36.575937 -86.030085 70.260851 -3.529225 -14.861933 0 0.000003 0 -34.744879 2.786986 -8.949009 75.504886 -7.992029 9.334273 -0.15412 1.329519 -0.522786 9.717104 10.300843 -1.062704 0 0.000003 0 0 0.000003 0 0 0.000003 0 0 0.000003 0 -0.000217 0.021415 -1.162943 -0.000122 0.016067 -0.872207 -0.000054 0.010712 -0.581472 0.013975 0.005351 0.305863 0 0.000003 0 79.106841 12.184336 77.320801 90.785549 -5.450106 -13.958619 0 0.000003 0 6.754375 1.318933 5.332853 75.690319 -9.031782 11.401314 -0.421239 2.455134 -0.80889 1.380395 11.045409 -1.795975 0 0.000003 0 0 0.000003 0 0 0.000003 0 0 0.000003 0 -0.003483 -0.085682 4.656242 -0.00196 -0.06429 3.492181 -0.000871 -0.042871 2.32812 -0.000218 -0.021437 1.16406 0 0.000003 0 87.419011 2.54224 90.811811 17.134957 -0.752637 -1.140748 -13.975074 -2.42729 0.66972 10.350855 -3.876936 -1.335033 113.7881 -69.628879 104.038616 99.173418 -61.391911 -9.796202 171.706899 79.737673 170.197318 5.556839 0.546978 10.329188 -4.530576 0.932016 -0.009673 5.567135 -15.315433 -24.893183 36.86404 -4.362323 -13.480814 118.643299 -21.244024 -37.868392 46.111744 -22.565911 -2.114828 -0.034264 0.000003 0 40.830826 -2.163883 8.600547 107.245298 8.764132 11.806843 66.897782 2.313627 6.521673 0 0.000003 0 21.174131 -0.333611 -20.402979 116.751883 -23.962876 -45.441747 41.989332 -28.21527 -16.578753 0 0.000003 0 15.240985 -2.117582 -3.064387 114.604827 -10.486838 -25.736535 35.844771 -14.441176 -14.574831 -0.019782 0.000003 0 25.57308 44.865063 59.697001 9.32027 -12.803843 17.377103 38.065365 -22.950492 -44.801625 -6.07677 7.97907 9.192813 0 0.000003 0 0 0.000003 0.000008 0 0.000009 -27.652072 0 0.000009 -55.304151 -0.000003 0.000016 -82.956226 -0.000116 0.00421 -2.336351 -0.000071 0.003165 -1.752263 -0.000037 0.002113 -1.168175 -0.000013 0.001054 -0.584087 0 -0.013986 0 -97.006793 -66.142924 116.6344 -6.630136 -77.826311 14.096086 102.488546 0.400272 0.498003 2.475025 -5.006649 79.584599 -6.589851 6.268409 -0.005882 -2.31197 -14.287039 -22.877688 42.540576 -9.635926 -19.384364 117.86474 -27.026653 -55.382971 40.234896 -33.045925 -11.083906 0 0.000003 0 40.78028 -4.644424 -13.492491 107.593583 -14.627319 -24.104393 64.26204 -23.854447 -14.245427 0 0.000003 0 21.206747 -1.872023 -3.996558 117.982 -11.606716 -23.487812 45.998462 -16.63282 -12.843127 0 0.000003 0 15.181426 -3.326785 13.309983 119.649441 1.452845 -4.722256 37.330242 -5.154174 -5.123743 0 0.000003 0 25.57308 44.865063 59.697001 7.26269 4.440233 14.741893 -49.275259 25.747732 -16.914426 -6.07677 7.97907 9.192813 0 0.000003 0 0 0.000003 0.000008 0 0.000003 -9.148022 0 0.000003 -18.296048 0.000002 0.000003 -27.444077 -0.000214 -0.007442 4.127585 -0.000111 -0.005585 3.09569 -0.00004 -0.00372 2.063794 -0.000003 -0.001862 1.031898 0 0.000003 0 23.909931 -0.401592 0.900577 -0.013936 -0.001206 -4.506145 0 0.000003 0 -29.820613 2.420608 -7.047988 -89.999999 -90 0 0 0.000003 0 0 0.000003 0 90.000009 -63.648278 -90.000009 -5.682401 0.000003 0 -28.319916 0.000003 0 -16.252152 0.000003 0 0 0.000003 0 89.999996 -84.450021 179.999995 0 0.000003 0 -90.000003 -84.450021 0 0 0.000003 0 0 0.000003 0
0 0 0 179.999991 0.000003 179.999991 0.074024 -0.170338 -0.928581 172.00841 -5.039024 -174.362849 -106.858159 -30.57941 -85.202266 69.544556 -3.514082 -14.817945 0 0.000003 0 -36.866841 4.141167 -9.434206 75.504886 -7.992029 9.334273 -0.15412 1.329519 -0.522786 10.000744 10.26536 -1.179427 0 0.000003 0 0 0.000003 0 0 0.000003 0 0 0.000003 0 -0.001015 0.046284 -2.513268 -0.000571 0.03472 -1.884951 -0.000254 0.023143 -1.256634 0.013924 0.011655 -0.031717 0 0.000003 0 78.293284 23.565842 77.305543 98.125742 -5.383457 -14.652668 0 0.000003 0 4.838111 -0.704736 2.590877 75.690319 -9.031782 11.401314 -0.421239 2.455134 -0.80889 1.638303 11.183474 -1.818487 0 0.000003 0 0 0.000003 0 0 0.000003 0 0 0.000003 0 -0.001898 -0.063272 3.436911 -0.001068 -0.047467 2.577683 -0.000475 -0.031649 1.718455 -0.000119 -0.01583 0.859227 0 0.000003 0 86.745643 1.739583 90.321015 17.333768 -0.700877 -1.829714 -13.778662 -2.410248 -0.016693 10.507706 -3.757503 -1.953334 109.437024 -68.801268 109.264981 96.413461 -62.84354 -5.038228 168.477011 82.57839 167.00486 5.558723 0.527423 10.53015 -4.276897 0.641207 -0.008156 5.567135 -15.315433 -24.893183 36.864051 -4.36231 -13.480832 118.643299 -21.244051 -37.868454 46.111878 -22.565979 -2.114857 -0.034264 0.000003 0 40.83085 -2.163856 8.600525 107.245298 8.764105 11.806747 66.897851 2.313511 6.521611 0 0.000003 0 21.174152 -0.333584 -20.403006 116.751883 -23.962883 -45.441829 41.98936 -28.215359 -16.297371 0 0.000003 0 15.241 -2.117575 -2.977708 114.596931 -10.407416 -25.603586 35.861 -14.378427 -14.551173 -0.019782 0.000003 0 25.57308 44.865063 59.697001 9.320286 -12.803856 17.377094 38.065368 -22.950499 -44.801622 -6.07677 7.97907 9.192813 0 0.000003 0 0 0.000003 0.000008 0 0.000009 -27.59823 0 0.000009 -55.196463 -0.000003 0.000009 -82.794693 -0.000187 0.005528 -3.061345 -0.000113 0.004148 -2.296008 -0.000057 0.002755 -1.530672 -0.000019 0.001382 -0.765335 0 -0.013986 0 -94.437358 -68.304491 113.177553 12.392519 -80.850927 -5.947495 106.949124 0.392212 0.528831 2.584182 -4.951297 78.32695 -5.844968 6.461908 0.045055 -2.31197 -14.287039 -22.877688 42.54057 -9.635926 -19.384364 117.864767 -27.026633 -55.382999 40.234828 -33.045884 -11.083852 0 0.000003 0 40.780252 -4.644417 -13.49247 107.59361 -14.627278 -24.104366 64.262094 -23.854399 -14.245461 0 0.000003 0 21.206725 -1.872036 -3.996547 117.982055 -11.606729 -23.487839 45.998326 -16.632792 -12.843093 0 0.000003 0 15.181405 -3.326805 13.309991 119.649468 1.452811 -4.72227 37.330259 -5.154174 -5.123748 0 0.000003 0 25.57308 44.865063 59.697001 7.262644 4.440233 15.03647 -49.367405 25.524358 -16.62346 -6.07677 7.97907 9.192813 0 0.000003 0 0 0.000003 0.000008 0 0.000003 -9.482455 0 0.000003 -18.964917 0.000002 -0.000004 -28.447379 -0.000332 -0.009054 5.023608 -0.000174 -0.006794 3.767707 -0.000067 -0.004533 2.511805 -0.000008 -0.002265 1.255903 0 0.000003 0 22.841208 0.658767 0.874877 -0.013946 -0.00109 -4.039059 0 0.000003 0 -30.127428 2.661953 -6.523746 -89.999999 -90 0 0 0.000003 0 0 0.000003 0 90.000009 -63.648278 -90.000009 -5.682401 0.000003 0 -28.319916 0.000003 0 -16.252152 0.000003 0 0 0.000003 0 89.999996 -84.450021 179.999995 0 0.000003 0 -90.000003 -84.450021 0 0 0.000003 0 0 0.000003 0
0 0 0 179.999991 0.000003 179.999991 0.07917 -0.16834400000000005 -0.991988 172.52603 -5.835615 -174.08109 -105.046588 -24.487701 -85.137652 66.554313 -3.444906 -14.636493 0 0.000003 0 -37.586773 5.473272 -9.390649 75.504886 -7.992029 9.334273 -0.15412 1.329519 -0.522786 9.731625 10.208738 -0.989478 0 0.000003 0 0 0.000003 0 0 0.000003 0 0 0.000003 0 -0.002188 0.067929 -3.689934 -0.001231 0.050963 -2.76745 -0.000547 0.033976 -1.844966 0.013851 0.017146 -0.325882 0 0.000003 0 77.659565 35.41036 76.550916 98.230729 -5.381852 -14.662534 0 0.000003 0 -4.179675 -2.26219 -2.977954 75.690319 -9.031782 11.401314 -0.421239 2.455134 -0.80889 1.755987 11.306527 -1.836573 0 0.000003 0 0 0.000003 0 0 0.000003 0 0 0.000003 0 -0.00106 -0.047303 2.56864 -0.000597 -0.035487 1.92648 -0.000265 -0.023657 1.28432 -0.000066 -0.011827 0.64216 0 0.000003 0 86.232976 1.203994 89.790753 17.510956 -0.606662 -2.557381 -13.670948 -2.312433 -0.742337 10.508676 -3.510045 -2.629421 106.180154 -67.486703 113.121556 92.173239 -65.685766 1.158998 165.94461 83.894335 164.489943 5.554131 0.573909 10.052287 -3.691009 -0.333884 -0.038243 5.567135 -15.315433 -24.893183 36.864034 -4.362303 -13.480824 118.643299 -21.244044 -37.868502 46.111857 -22.566014 -2.114867 -0.034264 0.000003 0 40.830823 -2.163856 8.600559 107.245271 8.764105 11.806747 66.897933 2.313497 6.521635 0 0.000003 0 21.174116 -0.33357 -20.402974 116.751965 -23.962883 -45.441897 41.989223 -28.215352 -16.57877 0 0.000003 0 15.240954 -2.117561 -2.977676 114.596931 -10.407396 -25.603613 35.860993 -14.378447 -14.551178 -0.019782 0.000003 0 25.57308 44.865063 59.697001 9.32032 -12.803856 17.377097 38.065344 -22.950546 -44.97281 -6.07677 7.97907 9.192813 0 0.000003 0 0 0.000003 0.000008 0 0.000009 -27.726256 0 0.000009 -55.45252 -0.000007 0.000016 -83.178781 -0.000286 0.00699 -3.876705 -0.000171 0.005241 -2.907529 -0.000084 0.003493 -1.938352 -0.000027 0.001751 -0.969175 0 -0.013986 0 -89.774647 -70.268611 107.264959 40.588935 -81.735992 -35.37106 112.300714 0.379392 0.564819 2.730252 -4.872415 76.621171 -5.179908 5.608182 0.10142 -2.31197 -14.287039 -22.877688 42.540583 -9.635892 -19.384357 117.864794 -27.026578 -55.382944 40.234944 -33.045918 -11.083917 0 0.000003 0 40.780263 -4.644376 -13.492462 107.59361 -14.627244 -24.104318 64.262019 -23.854372 -14.245405 0 0.000003 0 21.206701 -1.871995 -3.996571 117.982082 -11.606695 -23.487859 45.998353 -16.632799 -12.843078 0 0.000003 0 15.181407 -3.326764 13.560091 119.640343 1.66941 -4.36751 37.331656 -5.001957 -5.059432 0 0.000003 0 25.57308 44.865063 59.697001 7.262663 4.440199 14.949507 -49.340344 25.590338 -16.883458 -6.07677 7.97907 9.192813 0 0.000003 0 0 0.000003 0.000008 0 0.000003 -9.936148 0 0.000003 -19.872304 0 0.000003 -29.808458 -0.000482 -0.010748 5.963864 -0.000257 -0.008057 4.472898 -0.000101 -0.00538 2.981933 -0.000016 -0.002689 1.490967 0 0.000003 0 21.427912 1.771296 0.975631 -0.013958 -0.00092 -3.343544 0 0.000003 0 -30.546279 2.814279 -5.646384 -89.999999 -90 0 0 0.000003 0 0 0.000003 0 90.000009 -63.648278 -90.000009 -5.682401 0.000003 0 -28.319916 0.000003 0 -16.252152 0.000003 0 0 0.000003 0 89.999996 -84.450021 179.999995 0 0.000003 0 -90.000003 -84.450021 0 0 0.000003 0 0 0.000003 0
0 0 0 179.999991 0.000003 179.999991 0.0856 -0.157408 -1.05935 174.03836 -6.079399 -173.227381 -101.597022 -17.677422 -85.545599 60.140745 -3.26521 -14.260899 0 0.000003 0 -36.549169 6.65579 -9.038697 75.504886 -7.992029 9.334273 -0.15412 1.329519 -0.522786 7.879699 10.046733 -1.094105 0 0.000003 0 0 0.000003 0 0 0.000003 0 0 0.000003 0 -0.003612 0.087238 -4.741258 -0.002032 0.065463 -3.555942 -0.000903 0.043654 -2.370628 0.013761 0.02205 -0.588711 0 0.000003 0 78.23968 45.436367 75.519421 90.686088 -5.450406 -13.949145 0 0.000003 0 -5.640279 -0.258431 1.280825 75.690319 -9.031782 11.401314 -0.421239 2.455134 -0.80889 2.065275 11.420659 -1.844616 0 0.000003 0 0 0.000003 0 0 0.000003 0 0 0.000003 0 -0.000807 -0.041252 2.240274 -0.000454 -0.030945 1.680205 -0.000202 -0.020625 1.120137 -0.00005 -0.010318 0.560068 0 0.000003 0 86.15785 1.23113 89.159855 17.623427 -0.460639 -3.166899 -13.718722 -1.988375 -1.349019 10.277924 -2.879059 -3.242307 103.570871 -65.906841 115.677904 85.674683 -69.290317 9.403876 165.37086 84.129171 163.919308 5.545265 0.654273 9.22512 -2.913725 -1.900108 -0.154506 5.567135 -15.315433 -24.893183 36.864057 -4.362275 -13.48081 118.643354 -21.243969 -37.86844 46.111679 -22.565904 -2.114797 -0.034264 0.000003 0 40.83083 -2.163842 8.600494 107.245298 8.764105 11.80672 66.89796 2.31347 6.521635 0 0.000003 0 21.174133 -0.33357 -20.403011 116.751938 -23.962876 -45.441911 41.989339 -28.215393 -16.578836 0 0.000003 0 15.240975 -2.117561 -2.977714 114.597013 -10.407403 -25.603647 35.861065 -14.378475 -14.551219 -0.019782 0.000003 0 25.57308 44.865063 59.697001 9.32034 -12.803891 17.377075 38.06531 -22.950512 -44.801591 -6.07677 7.97907 9.192813 0 0.000003 0 0 0.000003 0.000008 0 0.000009 -27.94786 -0.000002 0.000003 -55.895727 -0.000003 0.000016 -83.843591 -0.000417 0.008568 -4.75668 -0.000246 0.00643 -3.567509 -0.00012 0.004285 -2.378339 -0.000038 0.002147 -1.189169 0 -0.013986 0 -84.681402 -71.895057 100.844335 61.725649 -80.358549 -58.613624 117.561093 0.363519 0.598926 2.980063 -4.724002 73.635354 -4.087987 4.921885 0.163574 -2.31197 -14.287039 -22.877688 42.540624 -9.63596 -19.384365 117.864767 -27.026598 -55.382965 40.234978 -33.045966 -11.083971 0 0.000003 0 40.78028 -4.64441 -13.492475 107.593638 -14.627278 -24.1044 64.262026 -23.854454 -14.245454 0 0.000003 0 21.206745 -1.872029 -3.995673 117.982028 -11.60591 -23.486671 45.998537 -16.632198 -12.842777 0 0.000003 0 15.181441 -3.326791 13.309984 119.649577 1.452845 -4.722256 37.330327 -5.154154 -5.123735 0 0.000003 0 25.57308 44.865063 59.697001 7.262688 4.440247 14.949484 -49.340347 25.590324 -16.883473 -6.07677 7.97907 9.192813 0 0.000003 0 0 0.000003 0.000008 0 0.000003 -10.730562 0 0.000003 -21.461132 0 0.000003 -32.191703 -0.000727 -0.013009 7.22591 -0.000392 -0.009765 5.419433 -0.000158 -0.006513 3.612956 -0.000028 -0.003255 1.806479 0 0.000003 0 20.31042 2.654986 0.930343 -0.013971 -0.000681 -2.384613 0 0.000003 0 -30.694372 2.746114 -4.281357 -89.999999 -90 0 0 0.000003 0 0 0.000003 0 90.000009 -63.648278 -90.000009 -5.682401 0.000003 0 -28.319916 0.000003 0 -16.252152 0.000003 0 0 0.000003 0 89.999996 -84.450021 179.999995 0 0.000003 0 -90.000003 -84.450021 0 0 0.000003 0 0 0.000003 0
0 0 0 179.999991 0.000003 179.999991 0.092097 -0.13670099999999996 -1.132377 176.738061 -5.244415 -172.099662 -96.679654 -8.935258 -86.649289 48.466114 -2.835113 -13.637729 0 0.000003 0 -31.707664 6.753065 -8.140997 75.504886 -7.992029 9.334273 -0.15412 1.329519 -0.522786 3.691789 9.792841 -0.704738 0 0.000003 0 0 0.000003 0 0 0.000003 0 0 0.000003 0 -0.0043 0.095174 -5.173412 -0.002419 0.071419 -3.880058 -0.001076 0.047636 -2.586704 0.013717 0.024058 -0.696749 0 0.000003 0 81.31317 52.190919 75.500774 77.171234 -5.338863 -12.672368 0 0.000003 0 -4.127885 0.58285 2.534385 75.690319 -9.031782 11.401314 -0.421239 2.455134 -0.80889 2.63729 11.468928 -1.897713 0 0.000003 0 0 0.000003 0 0 0.000003 0 0 0.000003 0 -0.000861 -0.042611 2.313902 -0.000484 -0.031963 1.735427 -0.000215 -0.021308 1.156951 -0.000054 -0.010653 0.578476 0 0.000003 0 86.625117 1.778871 88.704118 17.576978 -0.218359 -3.587665 -13.907133 -1.348372 -1.7798 9.949537 -1.750042 -3.749965 103.159537 -64.692201 116.387561 79.450632 -72.113352 17.226738 165.182019 84.202213 163.731451 5.534219 0.742191 8.318644 -2.067387 -3.731029 -0.382164 5.567135 -15.315433 -24.893183 36.864057 -4.362303 -13.480858 118.643245 -21.244017 -37.868481 46.111761 -22.56602 -2.114872 -0.034264 0.000003 0 40.830857 -2.163842 8.600427 107.245271 8.764057 11.80661 66.897776 2.313422 6.52156 0 0.000003 0 21.174126 -0.333584 -20.403032 116.751911 -23.962842 -45.441911 41.989336 -28.2154 -16.578833 0 0.000003 0 15.240976 -2.117582 -2.977735 114.596959 -10.407396 -25.603668 35.861027 -14.378454 -14.600392 -0.019782 0.000003 0 25.57308 44.865063 59.697001 9.320328 -12.803863 17.37708 38.06532 -22.950499 -44.801608 -6.07677 7.97907 9.192813 0 0.000003 0 0 0.000003 0.000008 0 0.000003 -28.190703 0 0.000009 -56.381415 -0.000003 0.000016 -84.572126 -0.000503 0.009476 -5.257661 -0.000296 0.00712 -3.943246 -0.000143 0.004743 -2.62883 -0.000044 0.002373 -1.314414 0 -0.013986 0 -80.078347 -72.814356 95.197134 70.763567 -79.004918 -70.631826 122.044962 0.347604 0.626622 3.30115 -4.50573 69.646196 -2.489567 4.379445 0.227255 -2.31197 -14.287039 -22.877688 42.540617 -9.635946 -19.384384 117.864658 -27.026646 -55.382944 40.234872 -33.045949 -11.033197 0 0.000003 0 40.780286 -4.64441 -13.492467 107.593665 -14.627244 -24.104386 64.262094 -23.85446 -14.245473 0 0.000003 0 21.206757 -1.872016 -3.996563 117.982192 -11.606654 -23.487866 45.998326 -16.632799 -12.843059 0 0.000003 0 15.181451 -3.326791 13.309975 119.649632 1.452893 -4.722202 37.330174 -5.15414 -5.123718 0 0.000003 0 25.57308 44.865063 59.697001 7.262673 4.440192 14.949512 -49.340429 25.590351 -16.883521 -6.07677 7.97907 9.192813 0 0.000003 0 0 0.000003 0.000008 0.000001 0.000003 -11.792483 0.000002 0.000003 -23.584974 0 0.000003 -35.377463 -0.001016 -0.015215 8.462027 -0.000551 -0.011431 6.34652 -0.000227 -0.007627 4.231014 -0.000043 -0.003816 2.115508 0 0.000003 0 19.966719 2.800489 0.825369 -0.013984 -0.000332 -0.935337 0 0.000003 0 -30.440435 2.930632 -2.322596 -89.999999 -90 0 0 0.000003 0 0 0.000003 0 90.000009 -63.648278 -90.000009 -5.682401 0.000003 0 -28.319916 0.000003 0 -16.252152 0.000003 0 0 0.000003 0 89.999996 -84.450021 179.999995 0 0.000003 0 -90.000003 -84.450021 0 0 0.000003 0 0 0.000003 0
0 0 0 179.999991 0.000003 179.999991 0.096966 -0.10930300000000004 -1.218213 179.886805 -3.361619 -171.113464 -91.895243 0.77083 -87.765752 35.347093 -2.212651 -13.0577 0 0.000003 0 -23.445997 5.050046 -7.20282 75.504886 -7.992029 9.334273 -0.15412 1.329519 -0.522786 -3.754299 9.336639 -0.230417 0 0.000003 0 0 0.000003 0 0 0.000003 0 0 0.000003 0 -0.003783 0.089287 -4.85279 -0.002129 0.067 -3.639592 -0.000946 0.044686 -2.426394 0.01375 0.022569 -0.616594 0 0.000003 0 86.642439 53.987409 77.460178 60.352255 -4.791211 -11.176445 0 0.000003 0 -2.442234 1.610534 3.477884 75.690319 -9.031782 11.401314 -0.421239 2.455134 -0.80889 2.753349 11.333499 -1.92905 0 0.000003 0 0 0.000003 0 0 0.000003 0 0 0.000003 0 -0.001028 -0.046566 2.528442 -0.000578 -0.034927 1.896331 -0.000257 -0.023288 1.264221 -0.000064 -0.011643 0.63211 0 0.000003 0 87.3843 2.654016 88.490845 17.368966 0.076965 -3.773887 -14.232591 -0.557717 -1.996514 9.5263 -0.423257 -4.071695 103.260774 -63.897076 116.013758 72.437038 -74.640576 25.745341 164.666463 84.392898 163.218435 5.523562 0.817952 7.535949 -0.855797 -5.329259 -0.686243 5.567135 -15.315433 -24.893183 36.864092 -4.362303 -13.480837 118.643217 -21.243976 -37.86842 46.111751 -22.565945 -2.114842 -0.034264 0.000003 0 40.830871 -2.163822 8.600477 107.245298 8.764139 11.806679 66.897919 2.313456 6.521598 0 0.000003 0 21.174128 -0.333563 -20.40302 116.751911 -23.962821 -45.441911 41.989213 -28.215345 -16.578785 0 0.000003 0 15.24099 -2.117561 -2.977716 114.596986 -10.407348 -25.60364 35.860986 -14.378468 -14.551221 -0.019782 0.000003 0 25.57308 44.865063 59.697001 9.320341 -12.80385 17.377079 38.065297 -22.950485 -44.801598 -6.07677 7.97907 9.192813 0 0.000003 0 0 0.000003 0.000008 0 0.000009 -28.400376 0 0.000009 -56.800762 -0.000003 0.000016 -85.201146 -0.00054 0.009838 -5.46601 -0.000317 0.007393 -4.099507 -0.000153 0.004927 -2.733004 -0.000047 0.002468 -1.366501 0 -0.013986 0 -77.150395 -72.683423 92.019689 71.309641 -78.985596 -73.854142 124.791982 0.336799 0.64296 3.547966 -4.314218 66.4371 -0.993864 3.731751 0.248346 -2.31197 -14.287039 -22.877688 42.540624 -9.63594 -19.384418 117.864822 -27.026605 -55.383074 40.234807 -33.046 -11.310716 0 0.000003 0 40.780259 -4.644383 -13.492506 107.593665 -14.627278 -24.104414 64.262067 -23.854474 -14.473639 0 0.000003 0 21.206713 -1.871995 -3.996614 117.982219 -11.606627 -23.48788 45.998319 -16.632785 -12.843078 0 0.000003 0 15.1814 -3.326771 13.309936 119.649605 1.4529 -4.722256 37.330286 -5.154174 -5.123752 0 0.000003 0 25.57308 44.865063 59.697001 7.262632 4.440233 14.949495 -49.340351 25.590338 -16.883475 -6.07677 7.97907 9.192813 0 0.000003 0 0 0.000003 0.000008 0.000001 0.000003 -12.647233 0.000002 0.000003 -25.294475 0 0.000003 -37.941714 -0.001188 -0.016397 9.119145 -0.000647 -0.012312 6.839359 -0.000268 -0.008221 4.559573 -0.000052 -0.004109 2.279787 0 0.000003 0 20.667599 2.101215 0.852583 -0.013988 0.000064 0.713252 0 0.000003 0 -29.418164 2.625035 0.137454 -89.999999 -90 0 0 0.000003 0 0 0.000003 0 90.000009 -63.648278 -90.000009 -5.682401 0.000003 0 -28.319916 0.000003 0 -16.252152 0.000003 0 0 0.000003 0 89.999996 -84.450021 179.999995 0 0.000003 0 -90.000003 -84.450021 0 0 0.000003 0 0 0.000003 0
0 0 0 179.999991 0.000003 179.999991 0.101576 -0.08185900000000002 -1.31446 182.645764 -0.773749 -170.582185 -88.77636 11.740025 -88.568204 21.095878 -1.406231 -12.60557 0 0.000003 0 -10.491307 0.935568 -8.441077 75.504886 -7.992029 9.334273 -0.15412 1.329519 -0.522786 -11.999748 8.795558 0.260269 0 0.000003 0 0 0.000003 0 0 0.000003 0 0 0.000003 0 -0.002639 0.074595 -4.052588 -0.001485 0.055969 -3.03944 -0.00066 0.037316 -2.026293 0.013822 0.018833 -0.416544 0 0.000003 0 92.048704 51.02088 80.481669 41.879694 -3.720361 -9.793323 0 0.000003 0 -0.081386 2.775709 4.405027 75.690319 -9.031782 11.401314 -0.421239 2.455134 -0.80889 2.409224 11.27756 -1.899542 0 0.000003 0 0 0.000003 0 0 0.000003 0 0 0.000003 0 -0.001058 -0.047256 2.566249 -0.000596 -0.035446 1.924686 -0.000265 -0.02363 1.283124 -0.000066 -0.011821 0.641562 0 0.000003 0 88.135791 3.990158 88.517121 16.991807 0.352734 -3.914793 -14.638663 0.19077 -2.178701 9.117033 0.819591 -4.33633 106.026276 -63.963893 113.455525 67.01727 -76.578899 32.796519 162.90243 84.957249 161.461997 5.504279 0.939331 6.278447 0.869935 -5.325052 -0.812053 5.567135 -15.315433 -24.893183 36.864068 -4.362323 -13.48084 118.643245 -21.243942 -37.86844 46.111809 -22.565993 -2.114888 -0.034264 0.000003 0 40.830864 -2.163836 8.600501 107.245243 8.76418 11.806679 66.897782 2.313497 6.521608 0 0.000003 0 21.174141 -0.333577 -20.402993 116.751965 -23.962767 -45.441884 41.989285 -28.215331 -16.578802 0 0.000003 0 15.240981 -2.117575 -2.977681 114.596986 -10.40728 -25.603633 35.861037 -14.378475 -14.551236 -0.019782 0.000003 0 25.57308 44.865063 59.697001 9.32036 -12.80387 17.377067 38.065283 -22.950512 -44.801591 -6.07677 7.97907 9.192813 0 0.000003 0 0 0.000003 0.000008 0 0.000009 -28.737229 -0.000003 0.000009 -57.474471 -0.000003 0.000016 -86.211713 -0.000486 0.009305 -5.164811 -0.000286 0.006983 -3.873608 -0.000138 0.004654 -2.582405 -0.000043 0.002332 -1.291201 0 -0.013986 0 -76.569843 -71.197932 91.630615 59.976683 -80.09595 -63.998886 125.391017 0.334347 0.646423 3.634316 -4.24177 65.27956 0.2312 3.25454 0.236226 -2.31197 -14.287039 -22.877688 42.540611 -9.635933 -19.384391 117.864658 -27.026592 -55.382896 40.234892 -33.045966 -11.083894 0 0.000003 0 40.780228 -4.644383 -13.492509 107.59361 -14.627244 -24.104339 64.262019 -23.854413 -14.12834 0 0.000003 0 21.206699 -1.872009 -3.996601 117.982219 -11.606586 -23.330198 46.024717 -16.506878 -12.588187 0 0.000003 0 15.181397 -3.326791 13.309931 119.649632 1.452927 -4.662301 37.330658 -5.114675 -5.107088 0 0.000003 0 25.57308 44.865063 59.697001 7.262632 4.440233 14.949515 -49.340385 25.590365 -16.883502 -6.07677 7.97907 9.192813 0 0.000003 0 0 0.000003 0.000008 0.000001 0.000003 -12.955656 0.000002 0.000003 -25.911318 0 0.000003 -38.86698 -0.001214 -0.016554 9.212684 -0.000661 -0.012442 6.909513 -0.000274 -0.00831 4.606343 -0.000053 -0.00415 2.303172 0 0.000003 0 23.115834 0.779969 1.114823 -0.013984 0.000351 1.870355 0 0.000003 0 -27.798604 1.998256 2.018519 -89.999999 -90 0 0 0.000003 0 0 0.000003 0 90.000009 -63.648278 -90.000009 -5.682401 0.000003 0 -28.319916 0.000003 0 -16.252152 0.000003 0 0 0.000003 0 89.999996 -84.450021 179.999995 0 0.000003 0 -90.000003 -84.450021 0 0 0.000003 0 0 0.000003 0
0 0 0 179.999991 0.000003 179.999991 0.102816 -0.05957199999999996 -1.413238 182.218659 1.091064 -170.616199 -90.593778 18.039987 -86.629304 15.066301 -1.035707 -12.477068 0 0.000003 0 5.381039 -3.498291 -13.018631 75.504886 -7.992029 9.334273 -0.15412 1.329519 -0.522786 -8.915666 9.135579 0.039001 0 0.000003 0 0 0.000003 0 0 0.000003 0 0 0.000003 0 -0.005006 0.102674 -5.582548 -0.002817 0.077061 -4.186909 -0.001252 0.0514 -2.791272 0.013672 0.025971 -0.799032 0 0.000003 0 92.290643 45.905233 81.433197 30.206652 -2.836029 -9.123313 0 0.000003 0 -0.096782 3.772282 3.798976 75.690319 -9.031782 11.401314 -0.421239 2.455134 -0.80889 2.338394 11.251537 -1.817516 0 0.000003 0 0 0.000003 0 0 0.000003 0 0 0.000003 0 -0.000865 -0.042727 2.320211 -0.000487 -0.032045 1.740158 -0.000216 -0.021362 1.160105 -0.000054 -0.010687 0.580053 0 0.000003 0 87.762385 5.521056 88.502026 16.553532 0.344995 -4.023654 -15.036646 0.340986 -2.294691 8.771497 1.134586 -4.422278 107.98277 -63.876733 110.853468 59.693804 -77.537371 42.083507 160.880844 85.474281 159.447433 5.499818 0.965183 6.010023 3.234328 -4.288516 -0.857303 5.567135 -15.315433 -24.893183 36.864047 -4.36233 -13.701353 118.699744 -21.433022 -38.191529 46.03971 -22.714707 -2.084099 -0.034264 0.000003 0 40.830857 -2.163808 8.364364 107.235599 8.538627 11.503814 66.892503 2.097909 6.314633 0 0.000003 0 21.174124 -0.333577 -20.403027 116.751965 -23.962767 -45.441897 41.989179 -28.215277 -16.578744 0 0.000003 0 15.240958 -2.117561 -2.97771 114.596986 -10.407293 -25.60364 35.861027 -14.378447 -14.551231 -0.019782 0.000003 0 25.57308 44.865063 59.697001 9.320351 -12.803863 17.377075 38.065242 -22.950485 -44.801536 -6.07677 7.97907 9.192813 0 0.000003 0 0 0.000003 0.000008 0 0.000009 -28.80913 0 0.000016 -57.618267 -0.000007 0.000016 -86.427411 -0.000585 0.010268 -5.703618 -0.000343 0.007714 -4.277712 -0.000165 0.005139 -2.851808 -0.00005 0.002577 -1.425903 0 -0.013986 0 -78.205202 -69.616796 93.421702 40.030502 -79.936667 -43.488422 124.176049 0.339285 0.639251 3.443252 -4.398195 67.815664 0.749868 4.281814 0.291217 -2.31197 -14.287039 -22.877688 42.540621 -9.63594 -19.384435 117.864822 -27.026626 -55.383033 40.234732 -33.045901 -11.083847 0 0.000003 0 40.780245 -4.64439 -13.492555 107.593692 -14.627326 -24.104462 64.26193 -23.854481 -14.245427 0 0.000003 0 21.206703 -1.871988 -3.99666 117.982164 -11.606675 -23.487907 45.998408 -16.632813 -12.843121 0 0.000003 0 15.18138 -3.326771 13.30987 119.649687 1.452845 -4.722297 37.330361 -5.154188 -5.123783 0 0.000003 0 25.57308 44.865063 59.697001 7.262607 4.440254 14.949524 -49.340375 25.590351 -16.883493 -6.07677 7.97907 9.192813 0 0.000003 0 0 0.000003 0.000008 0.000001 0.000003 -12.279995 0.000002 0.000003 -24.559998 0 0.000003 -36.839998 -0.001206 -0.016506 9.182457 -0.000656 -0.012394 6.886843 -0.000272 -0.008283 4.591229 -0.000053 -0.004137 2.295615 0 0.000003 0 25.740384 -0.592947 1.236304 -0.013977 0.000569 2.762471 0 0.000003 0 -24.895193 1.626004 3.385385 -89.999999 -90 0 0 0.000003 0 0 0.000003 0 90.000009 -63.648278 -90.000009 -5.682401 0.000003 0 -28.319916 0.000003 0 -16.252152 0.000003 0 0 0.000003 0 89.999996 -84.450021 179.999995 0 0.000003 0 -90.000003 -84.450021 0 0 0.000003 0 0 0.000003 0
0 0 0 179.999991 0.000003 179.999991 0.104159 -0.04738299999999995 -1.510762 181.843572 2.951156 -170.704445 -92.322274 23.972293 -85.233111 9.633959 -0.691896 -12.395179 0 0.000003 0 26.458418 -7.490242 -18.922202 75.504886 -7.992029 9.334273 -0.15412 1.329519 -0.522786 -6.130311 9.477184 -0.144211 0 0.000003 0 0 0.000003 0 0 0.000003 0 0 0.000003 0 -0.007167 0.122782 -6.68035 -0.004033 0.092176 -5.010259 -0.001793 0.061495 -3.340171 0.013536 0.031094 -1.07348 0 0.000003 0 92.653948 40.976513 82.7421 19.185569 -1.89155 -8.667174 0 0.000003 0 -0.301377 4.959498 3.375517 75.690319 -9.031782 11.401314 -0.421239 2.455134 -0.80889 2.101529 11.189533 -1.715135 0 0.000003 0 0 0.000003 0 0 0.000003 0 0 0.000003 0 -0.000495 -0.032318 1.754705 -0.000278 -0.024238 1.316028 -0.000124 -0.016158 0.877352 -0.000031 -0.008078 0.438676 0 0.000003 0 87.521265 7.046142 88.497655 16.119069 0.336813 -4.075497 -15.424036 0.486059 -2.359693 8.44229 1.427847 -4.4584 110.16116 -63.781679 108.0951 50.511851 -77.636348 52.875322 160.419847 85.577034 158.987857 5.502565 0.949358 6.174451 5.2057 -3.01832 -0.869929 5.567135 -15.315433 -24.893183 36.936847 -4.229367 -13.381533 118.57956 -21.028593 -37.501106 46.193375 -22.396379 -2.048447 -0.034264 0.000003 0 40.830611 -2.011966 8.688675 107.255243 8.987664 12.106975 66.902932 2.527227 6.673289 0 0.000003 0 21.169471 -0.23956 -20.380646 116.706367 -23.774923 -45.115257 42.075126 -28.048299 -16.514947 0 0.000003 0 15.242498 -2.043549 -2.970157 114.57849 -10.21973 -25.28967 35.899088 -14.230048 -14.495164 -0.019782 0.000003 0 25.57308 44.865063 59.697001 9.32035 -12.803843 17.37705 38.065266 -22.950567 -44.801588 -6.07677 7.97907 9.192813 0 0.000003 0 0 0.000003 0.000008 0 0.000009 -28.765086 0 0.000009 -57.530185 -0.000003 0.000016 -86.295274 -0.000888 0.012802 -7.118284 -0.000517 0.009619 -5.338712 -0.000245 0.006416 -3.559141 -0.000073 0.003213 -1.77957 0 -0.013986 0 -79.747458 -67.915027 95.157663 24.498796 -78.881231 -26.265957 122.979974 0.343978 0.632134 3.201207 -4.577208 70.908333 0.499288 5.768541 0.35366 -2.31197 -14.287039 -22.877688 42.540621 -9.635926 -19.384422 117.864685 -27.026667 -55.382965 40.234746 -33.045908 -11.08384 0 0.000003 0 40.780252 -4.644362 -13.492505 107.593638 -14.627244 -24.104366 64.261978 -23.854426 -14.245386 0 0.000003 0 21.206703 -1.872029 -3.996632 117.982219 -11.606668 -23.487798 45.998326 -16.632703 -12.843063 0 0.000003 0 15.181405 -3.326785 13.309914 119.649687 1.452886 -4.722188 37.330201 -5.154133 -5.123745 0 0.000003 0 25.57308 44.865063 59.697001 7.2626 4.440254 14.949503 -49.340371 25.590406 -16.883522 -6.07677 7.97907 9.192813 0 0.000003 0 0 0.000003 0.000008 0.000001 0.000003 -11.456427 0.000002 0.000003 -22.912862 0 0.000003 -34.369297 -0.001068 -0.015591 8.668084 -0.000581 -0.011711 6.501063 -0.000239 -0.007818 4.334042 -0.000046 -0.003911 2.167022 0 0.000003 0 28.338004 -1.975732 1.347706 -0.013967 0.000767 3.578169 0 0.000003 0 -22.130513 0.697822 4.796917 -89.999999 -90 0 0 0.000003 0 0 0.000003 0 90.000009 -63.648278 -90.000009 -5.682401 0.000003 0 -28.319916 0.000003 0 -16.252152 0.000003 0 0 0.000003 0 89.999996 -84.450021 179.999995 0 0.000003 0 -90.000003 -84.450021 0 0 0.000003 0 0 0.000003 0
0 0 0 179.999991 0.000003 179.999991 0.105199 -0.047653000000000056 -1.597891 182.307834 6.016798 -171.339189 -94.055687 20.174257 -85.540927 23.153839 -1.529331 -12.658259 0 0.000003 0 30.400571 -3.233498 -7.680295 75.504886 -7.992029 9.334273 -0.15412 1.329519 -0.522786 5.388902 10.224878 -0.479556 0 0.000003 0 0 0.000003 0 0 0.000003 0 0 0.000003 0 -0.007362 0.124442 -6.771161 -0.004143 0.093426 -5.078368 -0.001842 0.062335 -3.385577 0.013523 0.031517 -1.096183 0 0.000003 0 94.737224 38.782343 82.814732 24.314724 -2.34211 -8.856828 0 0.000003 0 -1.128606 6.470405 3.950612 75.690319 -9.031782 11.401314 -0.421239 2.455134 -0.80889 1.982079 11.078037 -1.690264 0 0.000003 0 0 0.000003 0 0 0.000003 0 0 0.000003 0 -0.000771 -0.040343 2.190429 -0.000434 -0.030262 1.642822 -0.000193 -0.020167 1.095214 -0.000048 -0.010086 0.547607 0 0.000003 0 88.469186 7.457101 88.844874 15.983531 0.364052 -3.432067 -15.48687 0.708908 -1.728697 8.441871 1.707673 -3.864976 110.301917 -65.257145 107.127412 54.848844 -74.421699 50.237264 156.478322 86.287333 155.056195 5.520187 0.840485 7.302739 5.215755 -2.378693 -0.753806 5.567135 -15.315433 -24.893183 36.864109 -4.362323 -13.48088 118.643245 -21.243976 -37.868427 46.111768 -22.565932 -2.114857 -0.034264 0.000003 0 40.830925 -2.163822 8.600429 107.245243 8.764153 11.926207 66.900467 2.424487 6.600346 0 0.000003 0 21.174167 -0.333577 -20.403004 116.751911 -23.96276 -45.441802 41.989353 -28.21527 -16.578783 0 0.000003 0 15.240983 -2.117575 -2.977685 114.596986 -10.407266 -25.603545 35.860897 -14.378338 -14.551148 -0.019782 0.000003 0 25.57308 44.865063 59.697001 9.320334 -12.803788 17.377089 38.0653 -22.950533 -44.801588 -6.07677 7.97907 9.192813 0 0.000003 0 0 0.000003 0.000008 0 0.000009 -28.46285 0 0.000009 -56.925706 -0.000003 0.000016 -85.388566 -0.001873 0.018861 -10.518358 -0.00108 0.014182 -7.888768 -0.000503 0.009469 -5.259178 -0.000143 0.004743 -2.629588 0 -0.013986 0 -81.880861 -65.949492 97.540367 15.317968 -77.986119 -14.080406 120.298401 0.354039 0.615755 3.01433 -4.702234 73.218303 -0.914804 7.068442 0.341466 -2.31197 -14.287039 -22.877688 42.540587 -9.635933 -19.384442 117.86474 -27.026687 -55.382992 40.234766 -33.045935 -11.083862 0 0.000003 0 40.780211 -4.644376 -13.492584 107.593528 -14.627339 -24.104434 64.261944 -23.854488 -14.245403 0 0.000003 0 21.206648 -1.872036 -3.9967 117.982219 -11.606729 -23.487866 45.998394 -16.632799 -12.8431 0 0.000003 0 15.18135 -3.326805 13.30987 119.649632 1.452818 -4.722243 37.330324 -5.154147 -5.12376 0 0.000003 0 25.57308 44.865063 59.697001 7.26258 4.440227 14.949505 -49.340351 25.590406 -16.883522 -6.07677 7.97907 9.192813 0 0.000003 0 0 0.000003 0.000008 0 0.000003 -10.841549 0 0.000003 -21.683107 0 0.000003 -32.524664 -0.000798 -0.01359 7.548368 -0.00043 -0.010195 5.661277 -0.000175 -0.006807 3.774185 -0.000032 -0.003406 1.887093 0 0.000003 0 28.360967 -3.799529 1.168049 -0.013962 0.000856 3.939912 0 0.000003 0 -21.072228 0.695097 5.263882 -89.999999 -90 0 0 0.000003 0 0 0.000003 0 90.000009 -63.648278 -90.000009 -5.682401 0.000003 0 -28.319916 0.000003 0 -16.252152 0.000003 0 0 0.000003 0 89.999996 -84.450021 179.999995 0 0.000003 0 -90.000003 -84.450021 0 0 0.000003 0 0 0.000003 0
0 0 0 179.999991 0.000003 179.999991 0.107562 -0.06017899999999998 -1.680721 184.177038 9.397318 -172.232167 -93.37861 13.379196 -87.231071 41.376856 -2.515283 -13.306528 0 0.000003 0 22.230999 -1.048097 -0.407686 75.504886 -7.992029 9.334273 -0.15412 1.329519 -0.522786 7.737103 10.370163 -0.900491 0 0.000003 0 0 0.000003 0 0 0.000003 0 0 0.000003 0 -0.004757 0.100092 -5.441848 -0.002677 0.075121 -4.081384 -0.00119 0.050102 -2.720922 0.013688 0.025322 -0.763857 0 0.000003 0 98.345469 36.914805 84.537135 33.188097 -3.074737 -9.277102 0 0.000003 0 -2.839017 4.189422 7.291258 75.690319 -9.031782 11.401314 -0.421239 2.455134 -0.80889 2.806815 11.192422 -1.842348 0 0.000003 0 0 0.000003 0 0 0.000003 0 0 0.000003 0 -0.000563 -0.034483 1.872148 -0.000317 -0.025857 1.404111 -0.000141 -0.017237 0.936074 -0.000035 -0.008617 0.468037 0 0.000003 0 90.206636 6.839706 89.252636 16.029474 0.562667 -2.36843 -15.399421 1.214697 -0.706172 8.707021 2.321509 -2.862121 110.579714 -67.512135 106.640427 64.523021 -69.771039 41.68489 148.578936 87.159657 147.169485 5.52755 0.790474 7.819957 5.160064 -2.652338 -0.797078 5.567135 -15.315433 -24.893183 36.864112 -4.362303 -13.480916 118.643272 -21.244024 -37.868481 46.111775 -22.565945 -2.114871 -0.034264 0.000003 0 40.830912 -2.163795 8.600463 107.245298 8.764146 11.806747 66.897946 2.313565 6.521673 0 0.000003 0 21.174174 -0.333557 -20.403018 116.752047 -23.962801 -45.441891 41.989233 -28.215284 -16.578751 0 0.000003 0 15.240981 -2.117568 -2.977665 114.59704 -10.407287 -25.603524 35.860908 -14.378393 -14.35118 -0.019782 0.000003 0 25.57308 44.865063 59.697001 9.320358 -12.803795 17.377074 38.06529 -22.950567 -44.801577 -6.07677 7.97907 9.192813 0 0.000003 0 0 0.000003 0.000008 0 0.000009 -28.324296 0 0.000009 -56.648599 -0.000003 0.000016 -84.972908 -0.002817 0.023246 -13.004921 -0.00162 0.017508 -9.75369 -0.000749 0.011709 -6.50246 -0.000208 0.005863 -3.251229 0 -0.013986 0 -81.946014 -63.809985 97.766331 7.589003 -77.996164 -2.400393 116.497919 0.366948 0.591938 2.860712 -4.797099 75.073355 -1.903418 8.894828 0.282492 -2.31197 -14.287039 -22.877688 42.540583 -9.635926 -19.384434 117.864822 -27.026667 -55.383012 40.234739 -33.045908 -10.996584 0 0.000003 0 40.780211 -4.644369 -13.492551 107.593638 -14.627333 -24.104407 64.261889 -23.854454 -14.245358 0 0.000003 0 21.206651 -1.87205 -3.996681 117.982164 -11.606729 -23.487825 45.998449 -16.632813 -12.843114 0 0.000003 0 15.181359 -3.326819 13.309869 119.649632 1.452784 -4.72227 37.330112 -5.154168 -5.12373 0 0.000003 0 25.57308 44.865063 59.697001 7.262558 4.440227 14.949501 -49.340364 25.590461 -16.883529 -6.07677 7.97907 9.192813 0 0.000003 0 0 0.000003 0.000008 0 0.000003 -10.347919 0 0.000003 -20.695847 0 -0.000004 -31.043773 -0.000455 -0.010455 5.803759 -0.000242 -0.007852 4.352819 -0.000095 -0.005236 2.90188 -0.000014 -0.002613 1.450941 0 0.000003 0 27.366346 -5.479189 0.905145 -0.013958 0.000918 4.184451 0 0.000003 0 -21.653636 0.838859 5.546797 -89.999999 -90 0 0 0.000003 0 0 0.000003 0 90.000009 -63.648278 -90.000009 -5.682401 0.000003 0 -28.319916 0.000003 0 -16.252152 0.000003 0 0 0.000003 0 89.999996 -84.450021 179.999995 0 0.000003 0 -90.000003 -84.450021 0 0 0.000003 0 0 0.000003 0
0 0 0 179.999991 0.000003 179.999991 0.111604 -0.07962000000000002 -1.758288 186.725805 11.952526 -173.121936 -90.018902 4.138974 -88.732026 61.688329 -3.3124 -14.349637 0 0.000003 0 16.558827 -0.315948 2.929404 75.504886 -7.992029 9.334273 -0.15412 1.329519 -0.522786 7.607663 10.330356 -1.039739 0 0.000003 0 0 0.000003 0 0 0.000003 0 0 0.000003 0 -0.002675 0.075094 -4.080064 -0.001505 0.056338 -3.060047 -0.000669 0.037569 -2.040031 0.01382 0.018963 -0.423413 0 0.000003 0 102.871583 34.718052 88.805546 42.57733 -3.655419 -9.79354 0 0.000003 0 -8.976159 -1.264231 8.208277 75.690319 -9.031782 11.401314 -0.421239 2.455134 -0.80889 4.684871 11.548794 -2.063318 0 0.000003 0 0 0.000003 0 0 0.000003 0 0 0.000003 0 0 0.000003 -0.00001 0 0.000003 -0.000007 0 0.000003 -0.000005 0 0.000003 -0.000002 0 0.000003 0 91.96862 5.608715 89.675534 16.251728 0.812891 -1.258825 -15.090166 1.981065 0.358914 8.892322 3.37876 -2.032929 109.90022 -70.387814 107.659689 72.393059 -63.466931 34.192453 146.335218 87.329141 144.928336 5.523782 0.816463 7.551323 5.269445 -3.496303 -0.975596 5.567135 -15.315433 -24.893183 36.927647 -4.246258 -13.394191 118.587701 -21.05603 -37.547811 46.182898 -22.417874 -2.056848 -0.034264 0.000003 0 40.830707 -2.031234 8.677468 107.254041 8.959189 12.068767 66.902236 2.50005 6.654004 0 0.000003 0 21.170129 -0.251471 -20.383523 116.712213 -23.798911 -45.156826 42.064324 -28.069596 -16.232651 0 0.000003 0 15.242349 -2.052927 -2.971128 114.580867 -10.243676 -25.329606 35.894229 -14.24892 -14.502269 -0.019782 0.000003 0 25.57308 44.865063 59.697001 9.320319 -12.803761 17.377101 38.065355 -22.95056 -44.801629 -6.07677 7.97907 9.192813 0 0.000003 0 0 0.000003 0.000008 0 0.000009 -28.396259 0 0.000003 -56.792524 -0.000003 0.000016 -85.188797 -0.003665 0.026558 -14.897752 -0.002103 0.020015 -11.173314 -0.000968 0.013397 -7.448875 -0.000266 0.006717 -3.724436 0 -0.013986 0 -80.518129 -61.614507 97.078838 3.168818 -78.849788 6.571343 111.641177 0.381079 0.560274 2.674613 -4.903124 77.274103 -3.114402 9.869694 0.178966 -2.31197 -14.287039 -22.877688 42.540553 -9.635905 -19.384429 117.864658 -27.026756 -55.382985 40.234817 -33.045983 -11.083847 0 0.000003 0 40.780201 -4.644349 -13.492531 107.593802 -14.627326 -24.104434 64.261876 -23.85444 -14.245328 0 0.000003 0 21.206629 -1.872016 -3.69411 117.9402 -11.341861 -23.076231 46.042148 -16.421828 -12.73435 0 0.000003 0 15.181347 -3.326785 13.309903 119.649632 1.452797 -4.722215 37.330174 -5.15414 -5.123702 0 0.000003 0 25.57308 44.865063 59.697001 7.262575 4.440227 14.949525 -49.340364 25.590406 -16.883497 -6.07677 7.97907 9.192813 0 0.000003 0 0 0.000003 0.000008 0 0.000003 -9.762473 0 0.000003 -19.524953 0 0.000003 -29.287435 -0.00021 -0.007374 4.090351 -0.000108 -0.00553 3.067764 -0.000039 -0.003686 2.045176 -0.000003 -0.001842 1.022589 0 0.000003 0 25.738704 -6.971968 0.674882 -0.013958 0.000911 4.175272 0 0.000003 0 -23.684919 0.6657 5.631004 -89.999999 -90 0 0 0.000003 0 0 0.000003 0 90.000009 -63.648278 -90.000009 -5.682401 0.000003 0 -28.319916 0.000003 0 -16.252152 0.000003 0 0 0.000003 0 89.999996 -84.450021 179.999995 0 0.000003 0 -90.000003 -84.450021 0 0 0.000003 0 0 0.000003 0
0 0 0 179.999991 0.000003 179.999991 0.116753 -0.09856399999999998 -1.84234 188.602222 12.869527 -174.096632 -86.25501 -6.95634 -88.406151 79.693063 -3.676695 -15.455806 0 0.000003 0 12.58042 -2.106933 2.053352 75.504886 -7.992029 9.334273 -0.15412 1.329519 -0.522786 7.210371 10.163754 -1.230469 0 0.000003 0 0 0.000003 0 0 0.000003 0 0 0.000003 0 -0.003251 0.082778 -4.49803 -0.001829 0.062116 -3.373522 -0.000813 0.041414 -2.249014 0.013783 0.020917 -0.527904 0 0.000003 0 105.286526 30.285587 90.901137 49.037043 -4.187996 -10.287646 0 0.000003 0 -16.977738 -4.462167 8.045094 75.690319 -9.031782 11.401314 -0.421239 2.455134 -0.80889 6.515799 11.794858 -2.145813 0 0.000003 0 0 0.000003 0 0 0.000003 0 0 0.000003 0 -0.000269 0.023819 -1.293302 -0.000151 0.01787 -0.969976 -0.000067 0.011921 -0.646651 -0.000017 0.005958 -0.323325 0 0.000003 0 93.281697 4.466345 89.900289 16.579649 0.932084 -0.348857 -14.600093 2.575018 1.255436 9.488545 4.28402 -1.281055 107.807617 -73.092997 110.474666 79.351116 -56.361243 26.74115 153.385435 86.693647 151.969073 5.515252 0.872382 6.972538 5.336336 -5.00585 -1.308572 5.567135 -15.315433 -24.893183 36.86417 -4.362275 -13.480893 118.643245 -21.244024 -37.868399 46.111775 -22.56587 -2.114825 -0.034264 0.000003 0 40.83096 -2.163747 8.600451 107.245189 8.764167 11.80672 66.897953 2.313586 6.521704 0 0.000003 0 21.174162 -0.333522 -20.403034 116.752047 -23.962808 -45.44187 41.989414 -28.215352 -16.302029 0 0.000003 0 15.240952 -2.117541 -2.977677 114.59704 -10.4073 -25.603517 35.861164 -14.378454 -14.551214 -0.019782 0.000003 0 25.57308 44.865063 59.697001 9.320311 -12.803768 17.515887 38.111513 -22.864937 -44.812099 -6.07677 7.97907 9.192813 0 0.000003 0 0 0.000003 0.000008 0 0.000009 -28.551302 0 0.000009 -57.102615 -0.000003 0.000016 -85.653919 -0.003653 0.02651 -14.873164 -0.002096 0.019988 -11.154874 -0.000965 0.013376 -7.436582 -0.000265 0.006696 -3.71829 0 -0.013986 0 -79.230597 -59.537643 96.385533 2.164484 -79.935182 12.383424 106.01015 0.394077 0.522134 2.379952 -5.052459 80.669042 -4.78807 9.110232 0.090967 -2.31197 -14.287039 -22.877688 42.54057 -9.63594 -19.384386 117.864794 -27.02666 -55.382951 40.234718 -33.045894 -11.083794 0 0.000003 0 40.780187 -4.644369 -13.492572 107.593747 -14.627326 -24.104414 64.262047 -23.854474 -14.245396 0 0.000003 0 21.206617 -1.872057 -3.996713 117.982082 -11.606832 -23.487846 45.998472 -16.632847 -12.843095 0 0.000003 0 15.181325 -3.326839 13.30987 119.649632 1.45275 -4.722202 37.330119 -5.154133 -5.123721 0 0.000003 0 25.57308 44.865063 59.697001 7.262587 4.440206 14.949501 -49.340385 25.590447 -16.883529 -6.07677 7.97907 9.192813 0 0.000003 0 0 0.000003 0.000008 0 0.000003 -8.85969 0 0.000003 -17.719391 0.000002 0.000003 -26.579089 -0.00008 -0.004881 2.705494 -0.000038 -0.003658 2.029121 -0.000011 -0.002436 1.352748 0.000002 -0.00122 0.676375 0 0.000003 0 24.076422 -7.177618 0.411823 -0.013964 0.000822 3.801751 0 0.000003 0 -25.689248 0.500129 5.231097 -89.999999 -90 0 0 0.000003 0 0 0.000003 0 90.000009 -63.648278 -90.000009 -5.682401 0.000003 0 -28.319916 0.000003 0 -16.252152 0.000003 0 0 0.000003 0 89.999996 -84.450021 179.999995 0 0.000003 0 -90.000003 -84.450021 0 0 0.000003 0 0 0.000003 0
0 0 0 179.999991 0.000003 179.999991 0.122235 -0.11204999999999998 -1.931857 189.051061 11.54667 -174.87097 -84.427442 -19.470517 -86.321932 91.418018 -3.721563 -16.21461 0 0.000003 0 9.839135 -5.460426 -2.843079 75.504886 -7.992029 9.334273 -0.15412 1.329519 -0.522786 7.503796 10.089729 -1.296894 0 0.000003 0 0 0.000003 0 0 0.000003 0 0 0.000003 0 -0.00649 0.11686 -6.356971 -0.003652 0.087723 -4.767726 -0.001624 0.058524 -3.178483 0.013579 0.029591 -0.992636 0 0.000003 0 104.814471 24.356723 90.719201 52.118967 -4.369563 -10.517673 0 0.000003 0 -25.674463 -4.599563 6.817318 75.690319 -9.031782 11.401314 -0.421239 2.455134 -0.80889 7.576282 11.903526 -2.194075 0 0.000003 0 0 0.000003 0 0 0.000003 0 0 0.000003 0 -0.000584 0.035117 -1.906314 -0.000329 0.026333 -1.429735 -0.000146 0.017563 -0.953157 -0.000036 0.008779 -0.476578 0 0.000003 0 94.12862 3.736785 90.064985 16.826062 0.929168 0.279134 -14.307783 2.764604 1.885386 9.785289 4.553184 -0.761287 109.497048 -74.277861 108.522301 85.704176 -52.091607 19.023136 161.688732 85.281751 160.252699 5.500777 0.959685 6.067178 5.666475 -5.65635 -1.514465 5.567135 -15.315433 -24.893183 36.864109 -4.362296 -13.480901 118.643272 -21.24403 -37.868406 46.111775 -22.565863 -2.11485 -0.034264 0.000003 0 40.830932 -2.163781 8.600451 107.245161 8.764153 11.806692 66.898021 2.313558 6.521656 0 0.000003 0 21.174172 -0.333543 -20.403013 116.751992 -23.962794 -45.441815 41.989452 -28.215331 -16.578833 0 0.000003 0 15.240923 -2.117575 -2.977664 114.597095 -10.407273 -25.603497 35.861147 -14.378386 -14.551209 -0.019782 0.000003 0 25.57308 44.865063 59.697001 9.320309 -12.803781 17.377091 38.065341 -22.950581 -44.801615 -6.07677 7.97907 9.192813 0 0.000003 0 0 0.000003 0.000008 0 0.000009 -28.79382 0 0.000003 -57.587654 -0.000003 0.000016 -86.381484 -0.002505 0.0219 -12.237483 -0.001441 0.016484 -9.17811 -0.000668 0.01102 -6.11874 -0.000187 0.005514 -3.059369 0 -0.013986 0 -77.340083 -58.073736 95.027773 2.830211 -80.877943 16.320816 100.49327 0.40312 0.483799 2.066067 -5.188428 84.184855 -6.996131 7.16304 -0.015912 -2.31197 -14.287039 -22.877688 42.540573 -9.63596 -19.384415 117.864822 -27.026728 -55.383067 40.234821 -33.046024 -11.083889 0 0.000003 0 40.780191 -4.644369 -13.492557 107.59372 -14.627367 -24.104475 64.261999 -23.854522 -14.245394 0 0.000003 0 21.206651 -1.872077 -3.996691 117.982192 -11.606852 -23.487832 45.998332 -16.632785 -12.843051 0 0.000003 0 15.181349 -3.326839 13.309874 119.649523 1.452715 -4.722215 37.330334 -5.154161 -5.123762 0 0.000003 0 25.57308 44.865063 59.697001 7.262593 4.440233 15.276516 -49.441742 25.342169 -16.675705 -6.07677 7.97907 9.192813 0 0.000003 0 0 0.000003 0.000008 0 0.000003 -7.925181 0 0.000003 -15.850373 0.000002 -0.000004 -23.775562 -0.00002 -0.0029 1.608212 -0.000007 -0.002176 1.20616 0 -0.001445 0.804107 0.000003 -0.000721 0.402054 0 0.000003 0 22.964407 -7.127751 0.012353 -0.013975 0.000604 2.915326 0 0.000003 0 -27.537277 0.299028 4.141362 -89.999999 -90 0 0 0.000003 0 0 0.000003 0 90.000009 -63.648278 -90.000009 -5.682401 0.000003 0 -28.319916 0.000003 0 -16.252152 0.000003 0 0 0.000003 0 89.999996 -84.450021 179.999995 0 0.000003 0 -90.000003 -84.450021 0 0 0.000003 0 0 0.000003 0
0 0 0 179.999991 0.000003 179.999991 0.126614 -0.11411300000000002 -2.021294 187.656159 8.988463 -175.168015 -86.289031 -32.351441 -83.76503 93.837455 -3.711481 -16.371379 0 0.000003 0 2.808592 -9.065421 -8.788217 75.504886 -7.992029 9.334273 -0.15412 1.329519 -0.522786 7.321304 10.023025 -1.190647 0 0.000003 0 0 0.000003 0 0 0.000003 0 0 0.000003 0 -0.008957 0.137214 -7.469741 -0.005042 0.103036 -5.6023 -0.002241 0.068748 -3.734864 0.013422 0.034775 -1.270826 0 0.000003 0 101.962655 16.603448 89.05021 49.303458 -4.204184 -10.307141 0 0.000003 0 -31.064301 -3.896866 6.024392 75.690319 -9.031782 11.401314 -0.421239 2.455134 -0.80889 7.325177 11.903567 -2.189868 0 0.000003 0 0 0.000003 0 0 0.000003 0 0 0.000003 0 -0.000578 0.034918 -1.895695 -0.000325 0.026183 -1.421771 -0.000144 0.017454 -0.947847 -0.000036 0.008731 -0.473924 0 0.000003 0 94.299286 3.470408 90.527081 17.010531 0.739808 0.68819 -14.378009 2.457143 2.321337 9.449811 4.029363 -0.353515 114.99188 -74.093623 101.953278 92.128686 -50.823299 9.928643 167.959611 82.892975 166.491585 5.464002 1.151265 4.07093 6.055123 -5.668774 -1.57944 5.567135 -15.315433 -24.893183 36.864157 -4.362296 -13.480971 118.64319 -21.244092 -37.86842 46.111782 -22.565897 -2.114878 -0.034264 0.000003 0 40.830932 -2.16376 8.60045 107.245407 8.76418 11.806761 66.897755 2.313599 6.521666 0 0.000003 0 21.174164 -0.333536 -20.306982 116.731092 -23.877137 -45.292781 42.028394 -28.139079 -16.549663 0 0.000003 0 15.240935 -2.117561 -2.977669 114.597013 -10.407259 -25.603483 35.86085 -14.378338 -14.551126 -0.019782 0.000003 0 25.57308 44.865063 59.697001 9.32028 -12.803761 17.37708 38.065372 -22.950622 -44.801605 -6.07677 7.97907 9.192813 0 0.000003 0 0 0.000003 0.000008 0.000002 0.000009 -29.328511 0 0.000003 -58.657029 -0.000003 0.000016 -87.985541 -0.001209 0.015049 -8.372699 -0.000701 0.0113 -6.279524 -0.00033 0.007543 -4.186348 -0.000096 0.00378 -2.093173 0 -0.013986 0 -76.339003 -56.79939 93.815312 1.890171 -80.61812 21.630673 96.016928 0.407696 0.452179 1.816687 -5.28069 86.917784 -8.789084 4.505858 -0.077688 -2.31197 -14.287039 -22.877688 42.540539 -9.635987 -19.384401 117.86463 -27.026817 -55.382992 40.234759 -33.045972 -11.083848 0 0.000003 0 40.780191 -4.644383 -13.492544 107.593665 -14.62738 -24.104448 64.262129 -23.854536 -14.245398 0 0.000003 0 21.206595 -1.872105 -3.996665 117.982055 -11.606886 -23.487825 45.998227 -16.632785 -12.842986 0 0.000003 0 15.181311 -3.32686 13.306467 119.649523 1.449758 -4.727065 37.330023 -5.156217 -5.124602 0 0.000003 0 25.57308 44.865063 59.697001 7.26261 4.440186 14.949489 -49.340392 25.590461 -16.639304 -6.07677 7.97907 9.192813 0 0.000003 0 0 0.000003 0.000008 0 0.000003 -7.199024 0 0.000003 -14.398056 0 0.000003 -21.597089 0.000002 -0.001036 0.575417 0.000003 -0.000776 0.431563 0.000002 -0.000523 0.287709 0.000002 -0.000257 0.143855 0 0.000003 0 22.21719 -6.01514 0.186468 -0.013986 0.000242 1.405432 0 0.000003 0 -28.374769 -0.022831 2.214448 -89.999999 -90 0 0 0.000003 0 0 0.000003 0 90.000009 -63.648278 -90.000009 -5.682401 0.000003 0 -28.319916 0.000003 0 -16.252152 0.000003 0 0 0.000003 0 89.999996 -84.450021 179.999995 0 0.000003 0 -90.000003 -84.450021 0 0 0.000003 0 0 0.000003 0
0 0 0 179.999991 0.000003 179.999991 0.13137 -0.10395299999999996 -2.107692 184.976553 6.148225 -175.013011 -90.921115 -42.158012 -81.883395 85.931471 -3.71991 -15.858432 0 0.000003 0 -4.740202 -8.392545 -6.471777 75.504886 -7.992029 9.334273 -0.15412 1.329519 -0.522786 6.255862 9.977072 -0.903396 0 0.000003 0 0 0.000003 0 0 0.000003 0 0 0.000003 0 -0.007391 0.124681 -6.784301 -0.004159 0.093603 -5.088222 -0.001849 0.062444 -3.392146 0.013522 0.031578 -1.099468 0 0.000003 0 98.269073 6.472747 87.244629 39.316686 -3.538295 -9.631018 0 0.000003 0 -31.993023 -2.933004 6.006214 75.690319 -9.031782 11.401314 -0.421239 2.455134 -0.80889 5.157787 11.689086 -2.034872 0 0.000003 0 0 0.000003 0 0 0.000003 0 0 0.000003 0 -0.000415 0.029605 -1.607478 -0.000234 0.022207 -1.205609 -0.000104 0.01481 -0.803739 -0.000026 0.0074 -0.40187 0 0.000003 0 93.820202 3.67877 91.167903 17.055385 0.435523 1.057523 -14.68881 1.789328 2.723981 8.805884 2.887622 0.090223 120.908053 -73.375024 94.835776 96.721079 -51.813802 0.841995 171.78826 79.638417 170.27734 5.373778 1.518552 0.199519 5.702214 -5.095339 -1.368021 5.567135 -15.315433 -24.893183 36.86417 -4.36233 -13.48096 118.643436 -21.243996 -37.868502 46.111778 -22.565979 -2.394002 -0.034264 0.000003 0 40.830932 -2.163781 8.600402 107.245353 8.764173 11.806706 66.897892 2.313586 6.521625 0 0.000003 0 21.174182 -0.333557 -20.403037 116.751856 -23.96278 -45.441747 41.989425 -28.215277 -16.578792 0 0.000003 0 15.240964 -2.117582 -2.977665 114.59704 -10.407205 -25.603442 35.860949 -14.378338 -14.551161 -0.019782 0.000003 0 25.57308 44.865063 59.697001 9.320271 -12.80372 17.377067 38.065402 -22.950601 -44.801642 -6.07677 7.97907 9.192813 0 0.000003 0 0 0.000003 0.000008 0.000002 0.000003 -30.365238 0.000003 0.000009 -60.73049 -0.000003 0.000016 -91.095736 -0.000509 0.009531 -5.294217 -0.000299 0.007161 -3.970663 -0.000144 0.00477 -2.647108 -0.000045 0.002393 -1.323553 0 -0.013986 0 -75.863014 -55.635672 93.387722 3.947163 -79.487265 23.881557 93.00797 0.409397 0.430701 1.664732 -5.330427 88.561052 -9.182363 2.354567 -0.060915 -2.31197 -14.287039 -22.877688 42.540542 -9.635953 -19.384418 117.864712 -27.026756 -55.382978 40.234892 -33.046 -11.083877 0 0.000003 0 40.780198 -4.644369 -13.492525 107.593556 -14.627319 -24.104359 64.262094 -23.85446 -14.245372 0 0.000003 0 21.20659 -1.872111 -3.996674 117.981973 -11.606914 -23.487764 45.998346 -16.632785 -12.843039 0 0.000003 0 15.181303 -3.32686 13.309903 119.649413 1.452736 -4.722147 37.330133 -5.15412 -5.123699 0 0.000003 0 25.57308 44.865063 59.697001 7.262617 4.440186 14.949454 -49.340375 25.590461 -16.60196 -6.07677 7.97907 9.192813 0 0.000003 0 0 0.000003 0.000008 0 0.000003 -6.762493 0.000001 0.000003 -13.524996 0 -0.000004 -20.287497 -0.00001 0.00087 -0.480965 -0.000007 0.000651 -0.360723 -0.000004 0.000433 -0.240481 -0.000002 0.000214 -0.12024 0 0.000003 0 21.731493 -4.759 0.325099 -0.013987 -0.000155 -0.207504 0 0.000003 0 -28.135977 -0.031007 0.001316 -89.999999 -90 0 0 0.000003 0 0 0.000003 0 90.000009 -63.648278 -90.000009 -5.682401 0.000003 0 -28.319916 0.000003 0 -16.252152 0.000003 0 0 0.000003 0 89.999996 -84.450021 179.999995 0 0.000003 0 -90.000003 -84.450021 0 0 0.000003 0 0 0.000003 0
0 0 0 179.999991 0.000003 179.999991 0.135422 -0.08472999999999997 -2.19938 181.714933 3.093607 -174.431748 -96.742472 -46.905567 -80.721443 68.589402 -3.493031 -14.759602 0 0.000003 0 -5.470762 -5.823533 -3.926666 75.504886 -7.992029 9.334273 -0.15412 1.329519 -0.522786 4.909485 9.900942 -0.633799 0 0.000003 0 0 0.000003 0 0 0.000003 0 0 0.000003 0 -0.004707 0.099566 -5.412663 -0.002648 0.074718 -4.059495 -0.001177 0.049829 -2.706329 0.013691 0.025185 -0.756561 0 0.000003 0 94.594459 -4.59692 85.277316 27.189641 -2.586611 -8.980518 0 0.000003 0 -21.727926 -2.078984 7.73642 75.690319 -9.031782 11.401314 -0.421239 2.455134 -0.80889 -0.868156 11.096922 -1.570199 0 0.000003 0 0 0.000003 0 0 0.000003 0 0 0.000003 0 -0.00006 0.011225 -0.609164 -0.000034 0.008417 -0.456873 -0.000015 0.00561 -0.304582 -0.000004 0.00281 -0.152291 0 0.000003 0 92.87207 4.458839 91.526113 16.891169 0.064391 1.520456 -15.088875 0.977082 3.226673 8.216586 1.502412 0.668657 124.191981 -72.5678 91.133206 98.053185 -53.40747 -5.963226 173.85472 76.233171 172.298994 5.205307 2.023064 -5.248207 4.814758 -3.546525 -0.891589 5.567135 -15.315433 -24.893183 36.864129 -4.362289 -13.480964 118.643299 -21.243996 -37.868392 46.11171 -22.565809 -2.114831 -0.034264 0.000003 0 40.830919 -2.163767 8.60045 107.245325 8.764242 11.806747 66.897878 2.313613 6.521659 0 0.000003 0 21.174124 -0.33355 -20.402999 116.751938 -23.962712 -45.441699 41.989264 -28.215154 -16.578677 0 0.000003 0 15.240903 -2.117547 -2.97765 114.596986 -10.407164 -25.60336 35.861095 -14.378324 -14.551168 -0.019782 0.000003 0 25.57308 44.865063 59.697001 9.320288 -12.803761 17.377072 38.065396 -22.950581 -44.801676 -6.07677 7.97907 9.192813 0 0.000003 0 0 0.000003 0.000008 0.000002 0.000009 -31.823484 0.000003 0.000009 -63.646981 -0.000007 0.000016 -95.470479 -0.00028 0.006908 -3.829481 -0.000167 0.00518 -2.87211 -0.000082 0.003459 -1.91474 -0.000027 0.001731 -0.957369 0 -0.013986 0 -76.278221 -54.531948 93.917458 6.966487 -77.888299 25.287363 91.116383 0.409855 0.417195 1.561825 -5.361395 89.665569 -8.350692 0.863598 -0.013103 -2.31197 -14.287039 -22.877688 42.609896 -9.510305 -19.301117 117.788651 -26.827498 -55.026231 40.360834 -32.89898 -11.056837 0 0.000003 0 40.785915 -4.501051 -13.351726 107.567 -14.361973 -23.785867 64.314591 -23.645983 -14.115114 0 0.000003 0 21.20694 -1.783196 -3.960229 117.952221 -11.419302 -23.196272 46.029594 -16.48345 -12.766165 0 0.000003 0 15.186709 -3.257082 13.328478 119.641818 1.630177 -4.431468 37.331628 -5.029428 -5.333345 0 0.000003 0 25.57308 44.865063 59.697001 7.262624 4.440172 14.949452 -49.340358 25.590461 -16.883481 -6.07677 7.97907 9.192813 0 0.000003 0 0 0.000003 0.000008 0 0.000003 -6.469122 0.000001 0.000003 -12.938251 0 0.000003 -19.407381 -0.000073 0.00322 -1.781647 -0.000046 0.002407 -1.336235 -0.000024 0.001608 -0.890823 -0.000009 0.000802 -0.44541 0 0.000003 0 21.665684 -3.982114 0.298148 -0.013976 -0.000578 -1.954005 0 0.000003 0 -27.273365 -0.048533 -2.373296 -89.999999 -90 0 0 0.000003 0 0 0.000003 0 90.000009 -63.648278 -90.000009 -5.682401 0.000003 0 -28.319916 0.000003 0 -16.252152 0.000003 0 0 0.000003 0 89.999996 -84.450021 179.999995 0 0.000003 0 -90.000003 -84.450021 0 0 0.000003 0 0 0.000003 0
0 0 0 179.999991 0.000003 179.999991 0.138706 -0.061861000000000055 -2.299515 179.158693 0.538078 -173.712502 -100.333088 -45.834603 -80.91691 45.206454 -2.693175 -13.480558 0 0.000003 0 -2.653798 -3.263298 -0.591107 75.504886 -7.992029 9.334273 -0.15412 1.329519 -0.522786 5.253887 9.913291 -0.571222 0 0.000003 0 0 0.000003 0 0 0.000003 0 0 0.000003 0 -0.003347 0.083987 -4.56401 -0.001883 0.063018 -3.423007 -0.000837 0.042022 -2.282004 0.013777 0.021224 -0.544399 0 0.000003 0 92.053349 -14.400673 82.974798 16.456309 -1.645294 -8.582891 0 0.000003 0 0.218702 -2.99884 12.514042 75.690319 -9.031782 11.401314 -0.421239 2.455134 -0.80889 -12.780285 9.878703 -0.468496 0 0.000003 0 0 0.000003 0 0 0.000003 0 0 0.000003 0 -0.0002 -0.02055 1.115729 -0.000113 -0.015413 0.836797 -0.00005 -0.010277 0.557865 -0.000012 -0.005134 0.278932 0 0.000003 0 92.006944 5.747757 91.60384 16.571743 -0.218605 2.121981 -15.408225 0.363935 3.860134 7.947552 0.416685 1.349772 124.788366 -71.785219 90.401488 95.821735 -55.569962 -8.865968 175.053541 73.01439 173.455304 4.992064 2.50438 -10.642867 4.317216 -1.968055 -0.540333 5.567135 -15.315433 -24.893183 36.86417 -4.362351 -13.481048 118.643463 -21.24401 -37.868563 46.111775 -22.565904 -2.114912 -0.034264 0.000003 0 40.830977 -2.163795 8.600407 107.245189 8.764262 11.806706 66.898028 2.313633 6.52168 0 0.000003 0 21.17417 -0.333557 -20.620607 116.799476 -24.156669 -45.779486 41.899867 -28.387438 -16.644054 0 0.000003 0 15.240964 -2.117575 -2.977682 114.596931 -10.407164 -25.603388 35.861031 -14.378311 -14.551155 -0.019782 0.000003 0 25.57308 44.865063 59.697001 9.320258 -12.803699 17.583829 38.134148 -22.823006 -44.817222 -6.07677 7.97907 9.192813 0 0.000003 0 0 0.000003 0.000008 0.000002 0.000009 -33.266655 0 0.000009 -66.533317 -0.000007 0.000016 -99.799985 -0.000256 0.006566 -3.643662 -0.000153 0.004934 -2.732746 -0.000076 0.003288 -1.82183 -0.000025 0.001649 -0.910914 0 -0.013986 0 -76.094489 -53.526947 94.031781 7.431409 -76.626447 28.525981 89.740729 0.40993 0.407346 1.614117 -5.345932 89.105056 -7.618764 0.549553 0.003733 -2.31197 -14.287039 -22.877688 42.540536 -9.635919 -19.384323 117.864712 -27.026694 -55.382896 40.235067 -33.046007 -11.083918 0 0.000003 0 40.780191 -4.644349 -13.492478 107.59372 -14.627285 -24.104339 64.26204 -23.854413 -14.245307 0 0.000003 0 21.206563 -1.87207 -3.996654 117.982028 -11.606907 -23.273316 46.034116 -16.461512 -12.754837 0 0.000003 0 15.181306 -3.326826 13.309932 119.649386 1.452763 -4.72212 37.330146 -5.15412 -5.123706 0 0.000003 0 25.57308 44.865063 59.697001 7.262602 4.440206 14.949447 -49.340324 25.59042 -16.883447 -6.07677 7.97907 9.192813 0 0.000003 0 0 0.000003 0.000008 0 0.000003 -6.617995 0.000001 0.000003 -13.235997 0 0.000003 -19.854001 -0.000193 0.00561 -3.107211 -0.000116 0.004203 -2.330408 -0.000058 0.002803 -1.553605 -0.00002 0.001403 -0.776802 0 0.000003 0 22.215177 -3.615579 0.263047 -0.01396 -0.000885 -3.225135 0 0.000003 0 -26.402069 0.340385 -4.240807 -89.999999 -90 0 0 0.000003 0 0 0.000003 0 90.000009 -63.648278 -90.000009 -5.682401 0.000003 0 -28.319916 0.000003 0 -16.252152 0.000003 0 0 0.000003 0 89.999996 -84.450021 179.999995 0 0.000003 0 -90.000003 -84.450021 0 0 0.000003 0 0 0.000003 0
0 0 0 179.999991 0.000003 179.999991 0.142099 -0.04564699999999999 -2.406076 179.617491 -0.686923 -173.911151 -97.849761 -40.066232 -84.189943 20.934431 -1.396518 -12.601625 0 0.000003 0 1.209851 0.196924 2.767774 75.504886 -7.992029 9.334273 -0.15412 1.329519 -0.522786 5.72386 9.912806 -0.52189 0 0.000003 0 0 0.000003 0 0 0.000003 0 0 0.000003 0 -0.002592 0.073926 -4.016346 -0.001459 0.05547 -3.012259 -0.000648 0.036981 -2.008172 0.013825 0.018669 -0.407484 0 0.000003 0 92.612625 -22.387698 81.893722 10.172269 -1.064824 -8.434052 0 0.000003 0 28.418629 -8.038017 13.827163 75.690319 -9.031782 11.401314 -0.421239 2.455134 -0.80889 -20.753711 9.193342 0.378611 0 0.000003 0 0 0.000003 0 0 0.000003 0 0 0.000003 0 -0.000453 -0.030925 1.679001 -0.000255 -0.0232 1.25925 -0.000113 -0.015461 0.8395 -0.000028 -0.007736 0.41975 0 0.000003 0 92.579478 6.827828 91.762492 16.167654 -0.325278 2.713453 -15.667409 0.306541 4.467017 7.835282 0.285621 1.910481 127.144235 -71.229259 88.470641 91.046948 -57.752508 -7.8476 175.458694 71.567934 173.841278 4.84511 2.778503 -13.830774 4.612649 -1.354383 -0.468155 5.567135 -15.315433 -24.893183 36.86417 -4.362316 -13.48104 118.64319 -21.244024 -37.868406 46.111755 -22.565822 -2.114883 -0.034264 0.000003 0 40.830939 -2.163767 8.600395 107.245189 8.764262 11.806692 66.89796 2.313599 6.521652 0 0.000003 0 21.174155 -0.333529 -20.403044 116.751856 -23.962699 -45.441652 41.989209 -28.215106 -16.578645 0 0.000003 0 15.240932 -2.117561 -2.977659 114.596931 -10.407088 -25.603319 35.860836 -14.378215 -14.551064 -0.019782 0.000003 0 25.57308 44.865063 59.697001 9.320297 -12.803734 17.377084 38.065402 -22.950581 -44.80169 -6.07677 7.97907 9.192813 0 0.000003 0 0 0.000003 0.000008 0.000002 0.000009 -34.119001 0 0.000009 -68.238009 -0.000003 0.000016 -102.357024 -0.000337 0.007632 -4.236149 -0.0002 0.005726 -3.177112 -0.000098 0.003827 -2.118074 -0.000031 0.001908 -1.059036 0 -0.013986 0 -73.864862 -52.00976 92.328462 1.601773 -76.394777 36.864061 88.560984 0.409787 0.398897 1.683286 -5.324615 88.361187 -7.034325 -0.046832 -0.000677 -2.31197 -14.287039 -22.877688 42.540525 -9.635926 -19.384408 117.864685 -27.026756 -55.382937 40.234875 -33.045935 -11.083818 0 0.000003 0 40.780184 -4.644376 -13.492545 107.593583 -14.627346 -24.104352 64.262006 -23.85442 -14.245338 0 0.000003 0 21.206549 -1.87207 -3.996671 117.982028 -11.606866 -23.487764 45.998285 -16.632799 -12.843051 0 0.000003 0 15.181282 -3.326846 13.309891 119.649359 1.45275 -4.722188 37.330324 -5.154168 -5.123762 0 0.000003 0 25.57308 44.865063 59.697001 7.262586 4.440151 14.949454 -49.340358 25.590474 -16.883505 -6.07677 7.97907 9.192813 0 0.000003 0 0 0.000003 0.000008 0 0.000003 -6.815585 0.000001 0.000003 -13.631178 0 0.000003 -20.446771 -0.000319 0.007413 -4.110717 -0.00019 0.005555 -3.083037 -0.000093 0.003711 -2.055358 -0.00003 0.001847 -1.027678 0 0.000003 0 23.54886 -3.555958 0.13437 -0.013952 -0.001008 -3.703846 0 0.000003 0 -25.462109 0.599522 -4.961647 -89.999999 -90 0 0 0.000003 0 0 0.000003 0 90.000009 -63.648278 -90.000009 -5.682401 0.000003 0 -28.319916 0.000003 0 -16.252152 0.000003 0 0 0.000003 0 89.999996 -84.450021 179.999995 0 0.000003 0 -90.000003 -84.450021 0 0 0.000003 0 0 0.000003 0
0 0 0 179.999991 0.000003 179.999991 0.145054 -0.040780999999999956 -2.517208 181.644991 -1.827476 -174.779049 -94.967189 -36.208343 -86.97024 12.105961 -0.849318 -12.428392 0 0.000003 0 1.877552 1.516045 3.117522 75.504886 -7.992029 9.334273 -0.15412 1.329519 -0.522786 4.615056 9.76205 -0.247698 0 0.000003 0 0 0.000003 0 0 0.000003 0 0 0.000003 0 -0.001749 0.060737 -3.298925 -0.000984 0.04556 -2.474194 -0.000437 0.030383 -1.649462 0.013878 0.015316 -0.22813 0 0.000003 0 94.775561 -24.076619 83.105473 15.104989 -1.521921 -8.545522 0 0.000003 0 33.323919 -8.789987 9.116861 75.690319 -9.031782 11.401314 -0.421239 2.455134 -0.80889 -10.834992 9.985268 -0.446052 0 0.000003 0 0 0.000003 0 0 0.000003 0 0 0.000003 0 -0.000028 -0.00762 0.413797 -0.000016 -0.005721 0.310348 -0.000007 -0.003809 0.206899 -0.000002 -0.001903 0.103449 0 0.000003 0 93.402782 7.353452 91.777252 15.967452 -0.191625 2.828684 -15.830676 0.571232 4.558742 7.684157 0.655735 1.930123 126.9537 -70.945347 89.087059 86.339588 -59.162994 -4.574881 175.340341 72.015366 173.72888 4.879672 2.717243 -13.109836 5.031268 -1.940195 -0.609623 5.567135 -15.315433 -24.893183 36.864194 -4.362351 -13.481018 118.740916 -21.33296 -37.903909 46.127191 -22.533994 -2.102447 -0.034264 0.000003 0 40.83098 -2.163781 8.600393 107.245243 8.764228 11.806651 66.897912 2.313586 6.521656 0 0.000003 0 21.174191 -0.333563 -20.403049 116.751856 -23.962719 -45.441679 41.989394 -28.215208 -16.578747 0 0.000003 0 15.240956 -2.117575 -2.977669 114.597013 -10.407129 -25.60334 35.860928 -14.378256 -14.55109 -0.019782 0.000003 0 25.57308 44.865063 59.697001 9.320273 -12.803665 17.377097 38.065454 -22.950587 -44.8017 -6.07677 7.97907 9.192813 0 0.000003 0 0 0.000003 0.000008 0.000002 0.000009 -33.926274 0.000003 0.000009 -67.852561 -0.000007 0.000016 -101.778848 -0.00048 0.009244 -5.130983 -0.000282 0.006928 -3.848237 -0.000137 0.004627 -2.565491 -0.000042 0.002318 -1.282745 0 -0.013986 0 -73.014367 -51.772083 91.896698 -2.619092 -76.526238 40.214603 88.105779 0.409705 0.395659 1.895671 -5.252925 86.057371 -7.787046 0.042008 -0.039323 -2.31197 -14.287039 -22.877688 42.540542 -9.635892 -19.384405 117.864767 -27.02668 -55.382985 40.234841 -33.045908 -11.083795 0 0.000003 0 40.78017 -4.644355 -13.492535 107.59361 -14.627319 -24.104373 64.262108 -23.85446 -14.245352 0 0.000003 0 21.206551 -1.87205 -3.996675 117.981973 -11.606879 -23.487805 45.998578 -16.632881 -12.84316 0 0.000003 0 15.181282 -3.326819 13.309874 119.649359 1.452763 -4.722215 37.330395 -5.154195 -5.123779 0 0.000003 0 25.57308 44.865063 59.697001 7.262551 4.440172 14.949426 -49.340382 25.590488 -16.883528 -6.07677 7.97907 9.192813 0 0.000003 0 0 0.000003 0.000008 0 0.000003 -7.427618 0 0.000003 -14.855245 0.000002 0.000003 -22.282871 -0.000291 0.007051 -3.910883 -0.000174 0.005289 -2.933162 -0.000086 0.003534 -1.95544 -0.000028 0.001758 -0.977719 0 0.000003 0 24.505901 -3.018688 0.376552 -0.013947 -0.001077 -3.989273 0 0.000003 0 -23.610335 1.0004 -5.4326 -89.999999 -90 0 0 0.000003 0 0 0.000003 0 90.000009 -63.648278 -90.000009 -5.682401 0.000003 0 -28.319916 0.000003 0 -16.252152 0.000003 0 0 0.000003 0 89.999996 -84.450021 179.999995 0 0.000003 0 -90.000003 -84.450021 0 0 0.000003 0 0 0.000003 0
0 0 0 179.999991 0.000003 179.999991 0.148328 -0.04105499999999995 -2.628093 183.595844 -2.893935 -175.682943 -92.448673 -31.349261 -89.009359 2.051495 -0.202164 -12.336044 0 0.000003 0 2.976715 3.2047 3.086905 75.504886 -7.992029 9.334273 -0.15412 1.329519 -0.522786 3.742057 9.632536 0.0099 0 0.000003 0 0 0.000003 0 0 0.000003 0 0 0.000003 0 -0.001239 0.051126 -2.776216 -0.000697 0.038347 -2.082162 -0.00031 0.025568 -1.388108 0.01391 0.012884 -0.097453 0 0.000003 0 96.844931 -25.515638 83.838571 20.228452 -1.984516 -8.702457 0 0.000003 0 40.716004 -8.398214 10.384101 75.690319 -9.031782 11.401314 -0.421239 2.455134 -0.80889 -0.865469 10.965482 -1.132389 0 0.000003 0 0 0.000003 0 0 0.000003 0 0 0.000003 0 -0.000039 0.00908 -0.492758 -0.000022 0.006812 -0.369568 -0.00001 0.004538 -0.246379 -0.000002 0.00227 -0.123189 0 0.000003 0 94.050475 7.904642 91.777184 15.761053 -0.063061 2.866155 -16.003289 0.838463 4.573199 7.518174 1.052159 1.887369 126.379335 -70.708078 90.015582 81.690879 -60.281734 -0.638244 175.203259 72.506374 173.598301 4.977542 2.533169 -10.973314 5.006098 -2.566899 -0.719836 5.567135 -15.315433 -24.893183 36.864204 -4.36233 -13.481072 118.643408 -21.244044 -37.868515 46.111707 -22.565857 -2.114867 -0.034264 0.000003 0 40.83098 -2.163767 8.600421 107.245079 8.764228 11.806651 66.897885 2.313565 6.521683 0 0.000003 0 21.174184 -0.33355 -20.403049 116.751965 -23.962733 -45.441733 41.989421 -28.215236 -16.578734 0 0.000003 0 15.240944 -2.117561 -2.977681 114.597013 -10.407191 -25.603394 35.861058 -14.378311 -14.551117 -0.019782 0.000003 0 25.57308 44.865063 59.697001 9.320278 -12.803686 17.377087 38.065416 -22.950574 -44.801676 -6.07677 7.97907 9.192813 0 0.000003 0 0 0.000003 0.000008 0.000002 0.000009 -33.355024 0 0.000009 -66.710055 -0.000007 0.000016 -100.065085 -0.000669 0.011026 -6.12707 -0.000392 0.008281 -4.595302 -0.000187 0.005521 -3.063534 -0.000057 0.002769 -1.531766 0 -0.013986 0 -72.231211 -51.822022 91.471621 -7.724824 -75.847187 43.638126 88.403753 0.40978 0.397773 2.000036 -5.214184 84.913205 -8.142972 -0.424043 -0.074776 -2.31197 -14.287039 -22.877688 42.540484 -9.635871 -19.384333 117.86474 -27.026633 -55.38291 40.234944 -33.045908 -11.08385 0 0.000003 0 40.780129 -4.644349 -13.492497 107.59361 -14.627285 -24.104345 64.262156 -23.854454 -14.245331 0 0.000003 0 21.206528 -1.872023 -3.996632 117.981973 -11.606845 -23.487805 45.998169 -16.632779 -12.843004 0 0.000003 0 15.181239 -3.326791 13.309913 119.649386 1.452784 -4.722229 37.330221 -5.154174 -5.123777 0 0.000003 0 25.57308 44.865063 59.697001 7.262573 4.440172 15.06277 -49.375601 25.504455 -16.866163 -6.07677 7.97907 9.192813 0 0.000003 0 0 0.000003 0.000008 0 0.000003 -7.731632 0 0.000003 -15.463272 0.000002 0.000003 -23.194911 -0.000267 0.006723 -3.728149 -0.00016 0.005043 -2.796112 -0.000079 0.003363 -1.864074 -0.000026 0.001683 -0.932036 0 0.000003 0 25.516849 -2.460519 0.637912 -0.013942 -0.001138 -4.228614 0 0.000003 0 -21.76637 1.467974 -5.853052 -89.999999 -90 0 0 0.000003 0 0 0.000003 0 90.000009 -63.648278 -90.000009 -5.682401 0.000003 0 -28.319916 0.000003 0 -16.252152 0.000003 0 0 0.000003 0 89.999996 -84.450021 179.999995 0 0.000003 0 -90.000003 -84.450021 0 0 0.000003 0 0 0.000003 0
0 0 0 179.999991 0.000003 179.999991 0.151444 -0.051881999999999984 -2.720369 181.15998 -4.852246 -176.943741 -96.378026 -31.680232 -88.296984 14.901046 -1.025359 -12.474091 0 0.000003 0 8.838444 3.384655 4.744669 75.504886 -7.992029 9.334273 -0.15412 1.329519 -0.522786 4.074692 9.733111 -0.282117 0 0.000003 0 0 0.000003 0 0 0.000003 0 0 0.000003 0 -0.000968 0.045198 -2.454739 -0.000545 0.033914 -1.841054 -0.000242 0.02261 -1.227369 0.013927 0.011382 -0.017085 0 0.000003 0 93.043624 -20.668806 82.771169 36.658906 -3.341982 -9.471458 0 0.000003 0 35.704968 -5.383348 10.713739 75.690319 -9.031782 11.401314 -0.421239 2.455134 -0.80889 1.659268 11.133771 -1.415844 0 0.000003 0 0 0.000003 0 0 0.000003 0 0 0.000003 0 -0.000165 -0.018678 1.013896 -0.000093 -0.013999 0.760422 -0.000041 -0.009334 0.506948 -0.00001 -0.004669 0.253474 0 0.000003 0 91.932919 7.458514 91.376422 15.907178 -0.312602 2.183474 -15.796834 0.279603 3.939417 7.944383 0.344586 1.502104 120.993622 -70.585998 95.793185 77.554278 -60.765339 4.585646 174.751128 73.957885 173.165404 5.186353 2.071285 -5.778801 4.577377 -3.934699 -0.933783 5.567135 -15.315433 -24.893183 36.864252 -4.36231 -13.481 118.64319 -21.244099 -37.868427 46.111679 -22.565822 -2.11485 -0.034264 0.000003 0 40.831011 -2.163774 8.600468 107.245189 8.764228 11.80672 66.897892 2.313592 6.521717 0 0.000003 0 21.174198 -0.333543 -20.402991 116.751965 -23.962726 -45.441693 41.989336 -28.215188 -16.57871 0 0.000003 0 15.240966 -2.117568 -2.977629 114.596986 -10.407205 -25.603333 35.861089 -14.378345 -14.551103 -0.019782 0.000003 0 25.57308 44.865063 59.697001 9.320292 -12.803693 17.377121 38.065406 -22.950601 -44.801659 -6.07677 7.97907 9.192813 0 0.000003 0 0 0.000003 0.000008 0.000002 0.000009 -31.96547 0.000003 0.000009 -63.930953 -0.000007 0.000016 -95.896437 -0.000979 0.013478 -7.491128 -0.000569 0.010118 -5.618345 -0.000269 0.006744 -3.745563 -0.000079 0.003377 -1.872781 0 -0.013986 0 -77.274629 -53.733594 96.493702 5.541626 -74.726319 26.002855 88.848064 0.409882 0.400973 2.079717 -5.182991 84.033921 -9.314984 0.460385 -0.125856 -2.31197 -14.287039 -22.877688 42.540536 -9.635892 -19.384384 117.864685 -27.026687 -55.382944 40.234971 -33.045925 -11.083869 0 0.000003 0 40.78017 -4.644369 -13.492579 107.59361 -14.627387 -24.104455 64.262088 -23.854488 -14.245331 0 0.000003 0 21.206551 -1.872029 -3.996709 117.981973 -11.606941 -23.487914 45.998329 -16.632854 -12.843115 0 0.000003 0 15.18128 -3.326791 13.309865 119.649359 1.452722 -4.722284 37.330317 -5.154181 -5.123796 0 0.000003 0 25.57308 44.865063 59.697001 7.262547 4.440124 14.949396 -49.34033 25.590515 -16.883519 -6.07677 7.97907 9.192813 0 0.000003 0 0 0.000003 0.000008 0 0.000003 -7.965291 0 0.000003 -15.93059 0.000002 0.000003 -23.895892 -0.000108 0.004039 -2.242276 -0.000066 0.003028 -1.681707 -0.000034 0.002024 -1.121137 -0.000012 0.001007 -0.560568 0 0.000003 0 24.742695 -1.03083 0.761642 -0.013931 -0.001261 -4.748645 0 0.000003 0 -21.114627 1.410792 -6.499253 -89.999999 -90 0 0 0.000003 0 0 0.000003 0 90.000009 -63.648278 -90.000009 -5.682401 0.000003 0 -28.319916 0.000003 0 -16.252152 0.000003 0 0 0.000003 0 89.999996 -84.450021 179.999995 0 0.000003 0 -90.000003 -84.450021 0 0 0.000003 0 0 0.000003 0
0 0 0 179.999991 0.000003 179.999991 0.153394 -0.07173700000000005 -2.804425 177.854807 -7.013564 -178.759032 -102.880824 -32.66048 -83.649402 32.667719 -2.070078 -12.957604 0 0.000003 0 3.901242 -0.420901 4.410025 75.504886 -7.992029 9.334273 -0.15412 1.329519 -0.522786 6.838706 10.044451 -0.59619 0 0.000003 0 0 0.000003 0 0 0.000003 0 0 0.000003 0 -0.002684 0.075223 -4.087209 -0.00151 0.05644 -3.065406 -0.000671 0.037637 -2.043604 0.013819 0.018997 -0.4252 0 0.000003 0 87.086162 -14.207775 80.872356 54.457686 -4.49892 -10.698571 0 0.000003 0 29.234156 -3.595334 11.062844 75.690319 -9.031782 11.401314 -0.421239 2.455134 -0.80889 1.791803 11.108609 -1.686852 0 0.000003 0 0 0.000003 0 0 0.000003 0 0 0.000003 0 -0.001645 -0.058894 3.198855 -0.000925 -0.044182 2.399141 -0.000411 -0.029456 1.599427 -0.000103 -0.01473 0.799713 0 0.000003 0 89.815321 6.15123 90.9645 16.233775 -0.538817 1.337743 -15.34345 -0.627268 3.135298 8.492604 -1.041164 0.733318 115.638398 -69.823353 102.461915 75.079297 -61.0476 9.977189 174.223741 75.3781 172.656787 5.379426 1.498362 0.414092 3.325559 -6.688078 -1.372293 5.567135 -15.315433 -24.893183 36.864249 -4.362269 -13.480925 118.64319 -21.244037 -37.868304 46.111775 -22.565816 -2.114831 -0.034264 0.000003 0 40.831001 -2.163733 8.600497 107.245298 8.764201 11.806774 66.898056 2.313552 6.521728 0 0.000003 0 21.17417 -0.333536 -20.402991 116.752047 -23.962733 -45.441706 41.989291 -28.215243 -16.578686 0 0.000003 0 15.240942 -2.117582 -2.97762 114.597068 -10.407239 -25.603326 35.861003 -14.378311 -14.551079 -0.019782 0.000003 0 25.57308 44.865063 59.697001 9.320281 -12.803727 17.377132 38.065402 -22.950546 -44.801642 -6.07677 7.97907 9.192813 0 0.000003 0 0 0.000003 0.000008 0.000002 0.000009 -30.30779 0 0.000009 -60.615586 -0.000003 0.000016 -90.923383 -0.00137 0.016053 -8.936512 -0.000793 0.012065 -6.702384 -0.000372 0.008048 -4.468255 -0.000107 0.004032 -2.234126 0 -0.013986 0 -83.236442 -56.112976 102.26748 22.209514 -73.196574 4.945152 88.40837 0.409821 0.397879 2.327438 -5.076809 81.263897 -10.570554 1.609769 -0.257192 -2.31197 -14.287039 -22.877688 42.540532 -9.635871 -19.416783 117.875313 -27.05437 -55.4326 40.217356 -33.06633 -11.087601 0 0.000003 0 40.78017 -4.644369 -13.537153 107.597927 -14.669769 -24.155367 64.253625 -23.887785 -14.266102 0 0.000003 0 21.206566 -1.872016 -3.996736 117.982 -11.606927 -23.487955 45.998462 -16.632901 -12.843155 0 0.000003 0 15.181277 -3.326791 13.309832 119.649359 1.452688 -4.722352 37.330474 -5.154215 -5.123822 0 0.000003 0 25.57308 44.865063 59.697001 7.26255 4.440145 14.949418 -49.34033 25.590474 -16.883516 -6.07677 7.97907 9.192813 0 0.000003 0 0 0.000003 0.000008 0 -0.000004 -8.70155 0 0.000003 -17.403109 0.000002 0.000003 -26.104667 0.000003 -0.000564 0.314037 0.000002 -0.000421 0.235528 0.000002 -0.000284 0.157019 0.000001 -0.000141 0.078511 0 0.000003 0 24.160329 0.468437 0.550053 -0.013925 -0.001323 -5.000647 0 0.000003 0 -23.336822 0.737745 -6.681354 -89.999999 -90 0 0 0.000003 0 0 0.000003 0 90.000009 -63.648278 -90.000009 -5.682401 0.000003 0 -28.319916 0.000003 0 -16.252152 0.000003 0 0 0.000003 0 89.999996 -84.450021 179.999995 0 0.000003 0 -90.000003 -84.450021 0 0 0.000003 0 0 0.000003 0
0 0 0 179.999991 0.000003 179.999991 0.156405 -0.09146100000000001 -2.895628 176.235355 -8.284218 -180.492848 -104.937524 -30.115012 -83.765385 44.854388 -2.677302 -13.464048 0 0.000003 0 -5.645385 -1.059292 5.206768 75.504886 -7.992029 9.334273 -0.15412 1.329519 -0.522786 10.047623 10.469569 -0.756563 0 0.000003 0 0 0.000003 0 0 0.000003 0 0 0.000003 0 -0.002459 0.072 -3.911485 -0.001383 0.054016 -2.933614 -0.000615 0.036018 -1.955742 0.013833 0.018178 -0.381269 0 0.000003 0 82.88871 -5.778481 80.40218 70.206709 -5.165471 -12.033905 0 0.000003 0 22.588327 -3.196868 9.314971 75.690319 -9.031782 11.401314 -0.421239 2.455134 -0.80889 1.761769 11.161092 -1.594854 0 0.000003 0 0 0.000003 0 0 0.000003 0 0 0.000003 0 -0.00208 -0.066237 3.597939 -0.00117 -0.049687 2.698453 -0.00052 -0.033138 1.798969 -0.00013 -0.016568 0.899484 0 0.000003 0 88.830421 4.952559 90.830369 16.517682 -0.683508 0.426025 -14.859654 -1.343134 2.248182 9.209323 -2.116564 -0.036033 111.625307 -68.487754 108.176727 73.266736 -61.628777 16.766482 172.875913 78.086461 171.344584 5.516288 0.86579 7.040865 2.149173 -9.576865 -1.969866 5.567135 -15.315433 -24.893183 36.864259 -4.362289 -13.481007 118.643408 -21.244119 -37.868584 46.111707 -22.565945 -2.11483 -0.034264 0.000003 0 40.831001 -2.163767 8.600467 107.245298 8.764098 11.806706 66.897987 2.31347 6.5217 0 0.000003 0 21.174198 -0.33355 -20.403028 116.752129 -23.962835 -45.441877 41.989476 -28.215461 -16.578838 0 0.000003 0 15.240954 -2.117595 -2.977653 114.597204 -10.407389 -25.603531 35.860856 -14.378386 -14.551088 -0.019782 0.000003 0 25.57308 44.865063 59.697001 9.320305 -12.803713 17.377116 38.065361 -22.950512 -44.801601 -6.07677 7.97907 9.192813 0 0.000003 0 0 0.000003 0.000008 0 0.000009 -28.532999 0 0.000009 -57.066009 -0.000003 0.000016 -85.599018 -0.00194 0.019209 -10.713649 -0.001118 0.014442 -8.035236 -0.000521 0.009654 -5.356823 -0.000148 0.004838 -2.678411 0 -0.013986 0 -86.658612 -58.554748 106.901845 44.810351 -71.884906 -21.197847 86.537923 0.409274 0.38457 2.450146 -5.018855 79.869329 -11.614559 2.154087 -0.393284 -2.31197 -14.287039 -22.877688 42.540495 -9.635871 -19.3844 117.86474 -27.026626 -55.383006 40.235183 -33.046078 -11.08407 0 0.000003 0 40.780136 -4.644369 -13.492585 107.593692 -14.627387 -24.104489 64.262217 -23.854529 -14.245381 0 0.000003 0 21.206537 -1.872002 -3.996735 117.982055 -11.606914 -23.48801 45.998244 -16.632874 -12.843112 0 0.000003 0 15.181253 -3.326785 13.309817 119.649413 1.452661 -4.722434 37.330225 -5.15427 -5.123834 0 0.000003 0 25.57308 44.865063 59.697001 7.262545 4.440117 14.949437 -49.34033 25.590461 -16.883533 -6.07677 7.97907 9.192813 0 0.000003 0 0 0.000003 0.000008 0 0.000003 -9.072315 0 0.000003 -18.144637 0.000002 0.000009 -27.216958 -0.000181 -0.006903 3.827419 -0.000092 -0.005175 2.870565 -0.000033 -0.003454 1.913711 -0.000002 -0.001726 0.956856 0 0.000003 0 24.142612 1.667136 0.569346 -0.013922 -0.001364 -5.168729 0 0.000003 0 -25.571484 0.215679 -6.800734 -89.999999 -90 0 0 0.000003 0 0 0.000003 0 90.000009 -63.648278 -90.000009 -5.682401 0.000003 0 -28.319916 0.000003 0 -16.252152 0.000003 0 0 0.000003 0 89.999996 -84.450021 179.999995 0 0.000003 0 -90.000003 -84.450021 0 0 0.000003 0 0 0.000003 0
0 0 0 179.999991 0.000003 179.999991 0.159606 -0.104854 -2.987903 175.567909 -8.642994 -181.278019 -104.502338 -26.035026 -85.120269 51.843315 -2.972509 -13.808803 0 0.000003 0 -15.709787 0.983659 5.906003 75.504886 -7.992029 9.334273 -0.15412 1.329519 -0.522786 12.265563 10.758254 -0.884507 0 0.000003 0 0 0.000003 0 0 0.000003 0 0 0.000003 0 -0.002089 0.066378 -3.60565 -0.001176 0.049795 -2.704237 -0.000523 0.033204 -1.802824 0.013857 0.016757 -0.304811 0 0.000003 0 80.274209 4.867141 80.201113 81.323374 -5.405013 -13.061354 0 0.000003 0 15.973917 -4.987825 5.407286 75.690319 -9.031782 11.401314 -0.421239 2.455134 -0.80889 1.853321 11.209996 -1.750359 0 0.000003 0 0 0.000003 0 0 0.000003 0 0 0.000003 0 -0.001552 -0.057214 3.107321 -0.000873 -0.042918 2.330491 -0.000388 -0.028616 1.55366 -0.000097 -0.014314 0.77683 0 0.000003 0 87.896926 4.202556 90.645571 16.689654 -0.74707 -0.452312 -14.525466 -1.714594 1.29933 9.692973 -2.603679 -0.829337 107.725245 -66.82885 113.644393 71.031959 -62.051411 24.823211 170.744935 80.790601 169.249151 5.567773 0.42092 11.623637 1.53856 -10.668862 -2.214562 5.567135 -15.315433 -24.893183 36.864283 -4.362275 -13.480936 118.64319 -21.244174 -37.868515 46.111697 -22.565952 -2.114831 -0.034264 0.000003 0 40.831007 -2.163733 8.600516 107.245298 8.764071 11.806733 66.89798 2.313497 6.521745 0 0.000003 0 21.174196 -0.333522 -20.713052 116.820076 -24.239253 -45.923357 41.861816 -28.460918 -16.671846 0 0.000003 0 15.240949 -2.117575 -2.977662 114.597177 -10.407498 -25.603654 35.861147 -14.378591 -14.551206 -0.019782 0.000003 0 25.57308 44.865063 59.697001 9.320306 -12.803713 17.480578 38.099792 -22.886711 -44.809436 -6.07677 7.97907 9.192813 0 0.000003 0 0 0.000003 0.000008 0.000001 0.000009 -27.305262 -0.000002 0.000009 -54.610532 -0.000003 0.000016 -81.915811 -0.002837 0.023328 -13.048737 -0.00163 0.017563 -9.786553 -0.000754 0.011744 -6.524367 -0.00021 0.005883 -3.262183 0 -0.013986 0 -88.395994 -61.113856 109.064638 61.964268 -69.882586 -40.981097 85.864439 0.408953 0.379803 2.462071 -5.013022 79.732958 -12.10832 2.383943 -0.458129 -2.31197 -14.287039 -22.877688 42.540501 -9.635844 -19.384377 117.864767 -27.026578 -55.382985 40.234964 -33.045942 -11.08394 0 0.000003 0 40.780119 -4.644342 -13.492585 107.593747 -14.627353 -24.104516 64.261876 -23.85446 -14.245305 0 0.000003 0 21.20653 -1.871975 -3.996745 117.982082 -11.606907 -23.488017 45.998647 -16.632956 -12.843226 0 0.000003 0 15.181265 -3.326744 13.309809 119.649441 1.452695 -4.722393 37.330184 -5.154243 -5.123841 0 0.000003 0 25.57308 44.865063 59.697001 7.262521 4.440124 14.949409 -49.3403 25.590488 -16.883521 -6.07677 7.97907 9.192813 0 0.000003 0 0 0.000003 0.000008 0 0.000003 -9.108575 0 0.000003 -18.217158 0.000002 0.000003 -27.325741 -0.000593 -0.011821 6.564652 -0.000317 -0.00887 4.923489 -0.000127 -0.005919 3.282327 -0.000021 -0.002962 1.641164 0 0.000003 0 23.948959 3.215505 0.700144 -0.01393 -0.001268 -4.775236 0 0.000003 0 -26.972716 0.214197 -6.324286 -89.999999 -90 0 0 0.000003 0 0 0.000003 0 90.000009 -63.648278 -90.000009 -5.682401 0.000003 0 -28.319916 0.000003 0 -16.252152 0.000003 0 0 0.000003 0 89.999996 -84.450021 179.999995 0 0.000003 0 -90.000003 -84.450021 0 0 0.000003 0 0 0.000003 0
0 0 0 179.999991 0.000003 179.999991 0.164603 -0.110101 -3.07393 175.5472 -8.11584 -180.826216 -102.688452 -21.014536 -86.689239 53.317522 -3.029262 -13.885957 0 0.000003 0 -22.475506 3.606322 6.251967 75.504886 -7.992029 9.334273 -0.15412 1.329519 -0.522786 13.193689 10.872421 -0.941622 0 0.000003 0 0 0.000003 0 0 0.000003 0 0 0.000003 0 -0.001841 0.062314 -3.384782 -0.001036 0.046748 -2.538586 -0.000461 0.031169 -1.69239 0.013872 0.015719 -0.249594 0 0.000003 0 78.890317 17.379699 79.801055 85.661541 -5.444 -13.471752 0 0.000003 0 8.930149 -6.970001 -2.575543 75.690319 -9.031782 11.401314 -0.421239 2.455134 -0.80889 1.998585 11.272335 -1.869191 0 0.000003 0 0 0.000003 0 0 0.000003 0 0 0.000003 0 -0.000841 -0.042133 2.287812 -0.000473 -0.031601 1.715859 -0.00021 -0.021069 1.143906 -0.000053 -0.010536 0.571953 0 0.000003 0 86.936068 3.875035 90.242618 16.797477 -0.706041 -1.392504 -14.487653 -1.854899 0.454831 9.63434 -2.746 -1.622356 103.207048 -65.165461 118.858505 67.709598 -62.70787 33.112873 167.785619 82.993133 166.318931 5.578762 0.232987 13.549355 0.826041 -9.841931 -1.883665 5.567135 -15.315433 -24.893183 36.864266 -4.362262 -13.480933 118.643463 -21.244133 -37.868652 46.111703 -22.56602 -2.114855 -0.034264 0.000003 0 40.830994 -2.163726 8.600502 107.245462 8.764016 11.806692 66.898001 2.313394 6.521714 0 0.000003 0 21.174201 -0.333522 -20.403022 116.752047 -23.962972 -45.442 41.989104 -28.215434 -16.804331 0 0.000003 0 15.240959 -2.117561 -2.977664 114.597232 -10.407505 -25.603681 35.860966 -14.378529 -14.551175 -0.019782 0.000003 0 25.57308 44.865063 59.697001 9.320322 -12.803713 17.377106 38.06532 -22.950492 -44.961612 -6.07677 7.97907 9.192813 0 0.000003 0 0 0.000003 0.000008 0 0.000003 -26.789306 0 0.000009 -53.578623 0 0.000016 -80.367933 -0.003997 0.027747 -15.581246 -0.002292 0.020923 -11.685933 -0.001055 0.014011 -7.790621 -0.000289 0.007024 -3.89531 0 -0.013986 0 -87.879133 -63.820602 108.006512 72.374119 -67.883767 -53.978725 87.783681 0.409787 0.393463 2.500491 -4.994013 79.292404 -11.434 2.926486 -0.408081 -2.31197 -14.287039 -22.877688 42.540515 -9.635844 -19.384398 117.864712 -27.026585 -55.382958 40.235169 -33.046054 -11.084087 0 0.000003 0 40.780095 -4.644349 -13.492608 107.593692 -14.62738 -24.10453 64.262122 -23.854563 -14.24544 0 0.000003 0 21.206522 -1.871968 -3.706137 117.941757 -11.352428 -23.092644 46.040734 -16.430277 -12.738815 0 0.000003 0 15.181245 -3.32675 13.309798 119.649523 1.452702 -4.722393 37.330139 -5.154229 -5.123818 0 0.000003 0 25.57308 44.865063 59.697001 7.262489 4.440124 14.949414 -49.340283 25.590474 -16.883524 -6.07677 7.97907 9.192813 0 0.000003 0 0 0.000003 0.000008 0 0.000003 -9.225718 0 0.000003 -18.451442 0.000002 0.000003 -27.677166 -0.001037 -0.015372 8.546328 -0.000562 -0.011541 6.409747 -0.000232 -0.007702 4.273165 -0.000044 -0.00385 2.136583 0 0.000003 0 23.347018 4.198028 0.675968 -0.01395 -0.001022 -3.78089 0 0.000003 0 -27.679451 0.369249 -5.055283 -89.999999 -90 0 0 0.000003 0 0 0.000003 0 90.000009 -63.648278 -90.000009 -5.682401 0.000003 0 -28.319916 0.000003 0 -16.252152 0.000003 0 0 0.000003 0 89.999996 -84.450021 179.999995 0 0.000003 0 -90.000003 -84.450021 0 0 0.000003 0 0 0.000003 0
0 0 0 179.999991 0.000003 179.999991 0.172785 -0.10479899999999998 -3.162899 176.383474 -6.994104 -179.455684 -99.550888 -14.283187 -88.170618 49.182826 -2.865112 -13.673361 0 0.000003 0 -26.391709 6.424957 5.971489 75.504886 -7.992029 9.334273 -0.15412 1.329519 -0.522786 12.305028 10.835503 -0.973736 0 0.000003 0 0 0.000003 0 0 0.000003 0 0 0.000003 0 -0.00179 0.061447 -3.337621 -0.001007 0.046093 -2.503216 -0.000448 0.030738 -1.66881 0.013876 0.0155 -0.237804 0 0.000003 0 79.206063 29.388169 78.89432 81.64164 -5.40892 -13.091348 0 0.000003 0 -3.834116 -5.163825 -1.23064 75.690319 -9.031782 11.401314 -0.421239 2.455134 -0.80889 1.999623 11.29984 -1.879654 0 0.000003 0 0 0.000003 0 0 0.000003 0 0 0.000003 0 -0.000603 -0.035665 1.936533 -0.000339 -0.026751 1.4524 -0.000151 -0.017831 0.968267 -0.000038 -0.008918 0.484133 0 0.000003 0 86.248139 4.073541 89.677358 16.832515 -0.57025 -2.239257 -14.656109 -1.720249 -0.396998 9.22831 -2.441162 -2.421707 98.525663 -63.323141 123.399734 63.130339 -63.281364 41.714288 162.72688 85.00782 161.287131 5.581149 0.16599 14.23514 -0.059856 -9.033196 -1.565335 5.567135 -15.315433 -24.893183 36.864303 -4.362234 -13.480946 118.64349 -21.24414 -37.868679 46.111727 -22.566068 -2.114867 -0.034264 0.000003 0 40.830994 -2.163713 8.600525 107.245243 8.76403 11.806679 66.897837 2.313394 6.52168 0 0.000003 0 21.174198 -0.333495 -20.403008 116.752102 -23.962944 -45.442014 41.989349 -28.215557 -16.578887 0 0.000003 0 15.240954 -2.117541 -2.977652 114.597259 -10.407512 -25.603715 35.861027 -14.378536 -14.750487 -0.019782 0.000003 0 25.57308 44.865063 59.697001 9.320353 -12.80372 17.377063 38.065314 -22.950546 -44.801608 -6.07677 7.97907 9.192813 0 0.000003 0 0 0.000003 0.000008 0 0.000009 -26.605561 0 0.000009 -53.211132 0 0.000009 -79.816703 -0.00557 0.032746 -18.487292 -0.00319 0.024755 -13.865467 -0.001461 0.0166 -9.243644 -0.000396 0.008329 -4.621821 0 -0.013986 0 -86.274264 -66.233213 105.032245 76.236454 -66.237891 -61.143621 91.92921 0.409841 0.423076 2.708501 -4.884518 76.876907 -9.757815 3.317091 -0.27184 -2.31197 -14.287039 -22.877688 42.540539 -9.63583 -19.38436 117.864767 -27.02653 -55.382958 40.235077 -33.046013 -11.084041 0 0.000003 0 40.780129 -4.644314 -13.492554 107.593802 -14.627305 -24.104468 64.262135 -23.854508 -14.245428 0 0.000003 0 21.206528 -1.871941 -3.996725 117.982192 -11.606811 -23.487941 45.99837 -16.63282 -12.843129 0 0.000003 0 15.181272 -3.326716 13.309805 119.64955 1.452743 -4.722311 37.33059 -5.154181 -5.123827 0 0.000003 0 25.57308 44.865063 59.697001 7.262489 4.440138 14.949457 -49.340351 25.590447 -16.883565 -6.07677 7.97907 9.192813 0 0.000003 0 0 0.000003 0.000008 0 0.000003 -9.868122 0 0.000003 -19.736252 0 0.000003 -29.604383 -0.001581 -0.018774 10.453253 -0.000864 -0.014109 7.83994 -0.000362 -0.009416 5.226627 -0.000073 -0.00471 2.613314 0 0.000003 0 22.478349 4.891975 0.718469 -0.01397 -0.000701 -2.464595 0 0.000003 0 -27.894773 0.603429 -3.353591 -89.999999 -90 0 0 0.000003 0 0 0.000003 0 90.000009 -63.648278 -90.000009 -5.682401 0.000003 0 -28.319916 0.000003 0 -16.252152 0.000003 0 0 0.000003 0 89.999996 -84.450021 179.999995 0 0.000003 0 -90.000003 -84.450021 0 0 0.000003 0 0 0.000003 0
0 0 0 179.999991 0.000003 179.999991 0.180633 -0.08911500000000006 -3.253317 178.075944 -5.299692 -177.988227 -95.938401 -6.074214 -89.451921 41.555585 -2.523834 -13.314392 0 0.000003 0 -23.614341 7.846688 6.280583 75.504886 -7.992029 9.334273 -0.15412 1.329519 -0.522786 8.228571 10.489274 -0.802001 0 0.000003 0 0 0.000003 0 0 0.000003 0 0 0.000003 0 -0.00162 0.058448 -3.174468 -0.000911 0.043845 -2.380851 -0.000405 0.029236 -1.587234 0.013886 0.014735 -0.197016 0 0.000003 0 81.687136 37.713978 78.487985 68.78859 -5.120795 -11.906753 0 0.000003 0 -6.371249 -2.882836 0.267338 75.690319 -9.031782 11.401314 -0.421239 2.455134 -0.80889 2.0966 11.3068 -1.839837 0 0.000003 0 0 0.000003 0 0 0.000003 0 0 0.000003 0 -0.000663 -0.037406 2.031099 -0.000373 -0.028056 1.523324 -0.000166 -0.018705 1.015549 -0.000041 -0.009348 0.507775 0 0.000003 0 85.989725 4.668901 89.223328 16.784085 -0.401551 -3.036094 -14.87691 -1.299707 -1.198886 8.814666 -1.528232 -3.211065 95.426 -61.587207 126.242404 58.903859 -63.539864 49.209259 147.159308 87.27006 145.751497 5.580838 0.176215 14.130456 -0.818608 -8.444912 -1.346456 5.567135 -15.315433 -24.893183 36.8643 -4.362289 -13.480916 118.643381 -21.244126 -37.86859 46.111809 -22.566061 -2.114878 -0.034264 0.000003 0 40.831021 -2.16374 8.600496 107.245189 8.76405 12.024111 66.902591 2.515288 6.664916 0 0.000003 0 21.174211 -0.333543 -20.403001 116.752156 -23.962917 -45.442075 41.989189 -28.215516 -16.578823 0 0.000003 0 15.240963 -2.117575 -2.977644 114.597177 -10.407498 -25.603729 35.860983 -14.378584 -14.551219 -0.019782 0.000003 0 25.57308 44.865063 59.697001 9.320346 -12.803781 17.37707 38.06531 -22.950458 -44.801577 -6.07677 7.97907 9.192813 0 0.000003 0 0 0.000003 0.000008 0 0.000009 -26.633611 0 0.000009 -53.267228 0 0.000009 -79.900844 -0.007336 0.037521 -21.308143 -0.004198 0.02843 -15.981106 -0.001919 0.019107 -10.65407 -0.000515 0.009599 -5.327034 0 -0.013986 0 -84.51978 -68.036751 102.022467 76.926372 -65.029645 -65.77408 96.508305 0.40741 0.455717 3.132185 -4.624664 71.768786 -7.741002 4.048297 -0.135128 -2.31197 -14.287039 -22.877688 42.540536 -9.635837 -19.384418 117.864931 -27.026544 -55.383094 40.235046 -33.046048 -11.084065 0 0.000003 0 40.780119 -4.644321 -13.492591 107.593774 -14.627353 -24.104503 64.262081 -23.854508 -14.245428 0 0.000003 0 21.206527 -1.871954 -3.996762 117.982219 -11.606804 -23.487982 45.998554 -16.632881 -12.843245 0 0.000003 0 15.181257 -3.326716 13.309808 119.649577 1.452763 -4.722311 37.330536 -5.154168 -5.12381 0 0.000003 0 25.57308 44.865063 59.697001 7.262463 4.440138 14.949448 -49.340324 25.590474 -16.883577 -6.07677 7.97907 9.192813 0 0.000003 0 0 0.000003 0.000008 0.000001 0.000003 -11.227364 0.000002 0.000003 -22.454739 0 0.000003 -33.682108 -0.002314 -0.02251 12.564408 -0.001273 -0.016936 9.423306 -0.000539 -0.011315 6.282205 -0.000114 -0.005667 3.141103 0 0.000003 0 21.90944 4.962367 0.783179 -0.013984 -0.000353 -1.031397 0 0.000003 0 -27.806247 0.559163 -1.368093 -89.999999 -90 0 0 0.000003 0 0 0.000003 0 90.000009 -63.648278 -90.000009 -5.682401 0.000003 0 -28.319916 0.000003 0 -16.252152 0.000003 0 0 0.000003 0 89.999996 -84.450021 179.999995 0 0.000003 0 -90.000003 -84.450021 0 0 0.000003 0 0 0.000003 0
0 0 0 179.999991 0.000003 179.999991 0.189607 -0.06773700000000005 -3.349613 179.663335 -3.365355 -177.00509 -92.83533 4.436463 -90.291454 30.983292 -1.978102 -12.898135 0 0.000003 0 -12.60671 6.796621 7.423303 75.504886 -7.992029 9.334273 -0.15412 1.329519 -0.522786 -1.217868 9.74475 -0.287412 0 0.000003 0 0 0.000003 0 0 0.000003 0 0 0.000003 0 -0.001352 0.053394 -2.899572 -0.00076 0.040048 -2.174678 -0.000338 0.026702 -1.449786 0.013903 0.013458 -0.128292 0 0.000003 0 84.894299 40.183228 78.698717 49.193953 -4.197552 -10.299119 0 0.000003 0 -5.462901 0.011539 1.843756 75.690319 -9.031782 11.401314 -0.421239 2.455134 -0.80889 1.792311 11.142418 -1.809703 0 0.000003 0 0 0.000003 0 0 0.000003 0 0 0.000003 0 -0.000964 -0.045097 2.448883 -0.000542 -0.033827 1.836662 -0.000241 -0.022551 1.224441 -0.00006 -0.011274 0.612221 0 0.000003 0 85.811758 5.474816 88.863008 16.594863 -0.275958 -3.709182 -15.108399 -0.784247 -1.875689 8.560359 -0.558181 -3.873248 95.605511 -60.142559 125.820407 56.304098 -64.187868 54.978877 89.165244 88.522758 87.787335 5.576826 0.275587 13.113075 -0.739304 -8.184839 -1.290156 5.567135 -15.315433 -24.893183 36.864238 -4.362282 -13.480878 118.643245 -21.244071 -37.868488 46.11172 -22.565966 -2.114821 -0.034264 0.000003 0 40.830973 -2.16376 8.600494 107.245243 8.764071 11.806651 66.897974 2.313408 6.521673 0 0.000003 0 21.174153 -0.33355 -20.402991 116.75202 -23.962876 -45.212062 42.078552 -28.042077 -16.512573 0 0.000003 0 15.240918 -2.117588 -2.977647 114.59715 -10.407464 -25.60375 35.860966 -14.378591 -14.55123 -0.019782 0.000003 0 25.57308 44.865063 59.697001 9.320375 -12.803809 17.37708 38.0653 -22.950485 -44.801601 -6.07677 7.97907 9.192813 0 0.000003 0 0 0.000003 0.000008 0 0.000009 -26.9062 -0.000002 0.000009 -53.81241 0 0.000009 -80.718616 -0.008564 0.040471 -23.079551 -0.004902 0.030732 -17.309661 -0.002237 0.020664 -11.539774 -0.000598 0.010391 -5.769886 0 -0.013986 0 -81.733711 -68.894925 98.559732 74.939176 -65.270971 -67.844686 100.546067 0.403161 0.484165 3.636553 -4.239851 65.249344 -5.540243 4.460198 0.018576 -2.31197 -14.287039 -22.877688 42.54057 -9.635803 -19.3844 117.864876 -27.026455 -55.382944 40.234848 -33.045867 -11.083939 0 0.000003 0 40.780119 -4.644301 -13.492591 107.593692 -14.627298 -24.104455 64.261951 -23.854467 -14.245406 0 0.000003 0 21.20654 -1.871906 -3.996736 117.982301 -11.606675 -23.487921 45.998585 -16.632833 -12.843215 0 0.000003 0 15.181255 -3.326689 13.30981 119.649714 1.452845 -4.722284 37.330211 -5.154202 -5.123806 0 0.000003 0 25.57308 44.865063 59.697001 7.262441 4.440145 14.949457 -49.340337 25.590474 -16.883572 -6.07677 7.97907 9.192813 0 0.000003 0 0 0.000003 0.000008 0.000001 0.000003 -12.963708 0.000002 0.000003 -25.927424 0 0.000003 -38.891142 -0.002978 -0.025392 14.205025 -0.001644 -0.019122 10.653768 -0.000701 -0.012784 7.102513 -0.000152 -0.006404 3.551257 0 0.000003 0 22.282302 4.31033 0.865718 -0.013988 0.000023 0.532789 0 0.000003 0 -27.5163 0.65232 0.738342 -89.999999 -90 0 0 0.000003 0 0 0.000003 0 90.000009 -63.648278 -90.000009 -5.682401 0.000003 0 -28.319916 0.000003 0 -16.252152 0.000003 0 0 0.000003 0 89.999996 -84.450021 179.999995 0 0.000003 0 -90.000003 -84.450021 0 0 0.000003 0 0 0.000003 0
0 0 0 179.999991 0.000003 179.999991 0.196734 -0.04985600000000001 -3.461303 180.271973 -2.260462 -176.684877 -91.408647 15.783511 -90.12617 19.895115 -1.333565 -12.576888 0 0.000003 0 3.050124 2.148322 5.788189 75.504886 -7.992029 9.334273 -0.15412 1.329519 -0.522786 -10.47547 9.088758 0.292401 0 0.000003 0 0 0.000003 0 0 0.000003 0 0 0.000003 0 -0.001464 0.055559 -3.017657 -0.000823 0.04168 -2.263243 -0.000366 0.027788 -1.508828 0.013896 0.014011 -0.157813 0 0.000003 0 86.39774 37.549739 78.319061 27.455892 -2.608925 -8.992577 0 0.000003 0 -1.440445 3.110491 4.171393 75.690319 -9.031782 11.401314 -0.421239 2.455134 -0.80889 1.53035 11.067443 -1.786913 0 0.000003 0 0 0.000003 0 0 0.000003 0 0 0.000003 0 -0.001643 -0.058874 3.197462 -0.000924 -0.044161 2.398096 -0.000411 -0.029442 1.598731 -0.000103 -0.014723 0.799365 0 0.000003 0 85.476075 6.458192 88.534715 16.24483 -0.165821 -4.321412 -15.37794 -0.412862 -2.506819 8.395815 0.185825 -4.488669 99.710004 -59.351872 121.650058 55.235357 -65.780245 58.594212 43.378012 87.853878 42.019945 5.566988 0.431186 11.518202 0.328131 -7.679391 -1.269698 5.567135 -15.315433 -24.893183 36.864238 -4.362289 -13.480931 118.643327 -21.244099 -37.868597 46.111693 -22.566 -2.114823 -0.034264 0.000003 0 40.830973 -2.163754 8.600468 107.245243 8.764057 11.80661 66.897864 2.313388 6.521652 0 0.000003 0 21.174196 -0.333529 -20.40304 116.751992 -23.962876 -45.441986 41.989182 -28.2154 -16.57879 0 0.000003 0 15.24094 -2.117561 -2.977661 114.597095 -10.407409 -25.603695 35.861126 -14.378577 -14.551257 -0.019782 0.000003 0 25.57308 44.865063 59.697001 9.320357 -12.803761 17.377051 38.065307 -22.950478 -44.801588 -6.07677 7.97907 9.192813 0 0.000003 0 0 0.000003 0.000008 0 0.000009 -27.333512 -0.000002 0.000003 -54.667031 -0.000003 0.000016 -82.000546 -0.008407 0.040103 -22.859858 -0.004812 0.030451 -17.144892 -0.002197 0.020479 -11.429927 -0.000587 0.010289 -5.714962 0 -0.013986 0 -77.192155 -69.070321 93.992248 69.654481 -67.026438 -65.918641 103.395991 0.39892 0.504047 4.013785 -3.884709 59.928107 -3.12734 3.520951 0.160893 -2.31197 -14.287039 -22.877688 42.540553 -9.635817 -19.384408 117.864849 -27.026475 -55.383006 40.234797 -33.045884 -11.083935 0 0.000003 0 40.780123 -4.644321 -13.492625 107.593638 -14.627333 -24.104516 64.262115 -23.854549 -14.245527 0 0.000003 0 21.206539 -1.8719 -3.996723 117.982246 -11.606627 -23.487941 45.998462 -16.632806 -12.843215 0 0.000003 0 15.181275 -3.326703 13.309815 119.649632 1.452852 -4.722324 37.330488 -5.154229 -5.123897 0 0.000003 0 25.57308 44.865063 59.697001 7.262438 4.440199 14.949442 -49.340259 25.590433 -16.883514 -6.07677 7.97907 9.192813 0 0.000003 0 0 0.000003 0.000008 0 0.000003 -14.3823 0.000002 0.000003 -28.764604 0 0.000003 -43.146913 -0.003262 -0.026519 14.851341 -0.001803 -0.019983 11.138506 -0.000771 -0.013364 7.425671 -0.000169 -0.006698 3.712836 0 0.000003 0 23.905534 3.176013 0.917113 -0.013985 0.00031 1.719202 0 0.000003 0 -26.952567 0.545229 2.401144 -89.999999 -90 0 0 0.000003 0 0 0.000003 0 90.000009 -63.648278 -90.000009 -5.682401 0.000003 0 -28.319916 0.000003 0 -16.252152 0.000003 0 0 0.000003 0 89.999996 -84.450021 179.999995 0 0.000003 0 -90.000003 -84.450021 0 0 0.000003 0 0 0.000003 0
0 0 0 179.999991 0.000003 179.999991 0.202814 -0.03950600000000004 -3.580437 179.488755 -1.799295 -176.719697 -92.12273 24.562141 -87.910129 13.59955 -0.943677 -12.451754 0 0.000003 0 16.271888 -3.364911 -3.615186 75.504886 -7.992029 9.334273 -0.15412 1.329519 -0.522786 -10.538642 9.242963 0.201045 0 0.000003 0 0 0.000003 0 0 0.000003 0 0 0.000003 0 -0.003509 0.085988 -4.673257 -0.001974 0.064527 -3.504941 -0.000877 0.043026 -2.336627 0.013767 0.021736 -0.571711 0 0.000003 0 85.999301 33.997508 79.670912 11.477921 -1.186736 -8.459731 0 0.000003 0 0.383678 4.769524 4.913739 75.690319 -9.031782 11.401314 -0.421239 2.455134 -0.80889 1.705081 11.144412 -1.768416 0 0.000003 0 0 0.000003 0 0 0.000003 0 0 0.000003 0 -0.00097 -0.045234 2.45627 -0.000546 -0.03393 1.842203 -0.000242 -0.022619 1.228135 -0.000061 -0.011315 0.614068 0 0.000003 0 84.836605 7.680537 88.400871 15.926391 -0.141683 -4.789553 -15.640191 -0.319917 -2.990378 8.20553 0.429266 -4.940717 102.666766 -59.349594 118.888366 52.960382 -66.441786 61.823123 38.200555 87.617881 36.846524 5.542557 0.676902 8.992009 1.829503 -6.192677 -1.091518 5.567135 -15.315433 -24.893183 36.864232 -4.36233 -13.480902 118.643354 -21.244037 -37.868522 46.111632 -22.565945 -2.114796 -0.034264 0.000003 0 40.83098 -2.163767 8.600496 107.245243 8.764139 11.806665 66.898015 2.313463 6.521673 0 0.000003 0 21.174196 -0.333543 -20.402986 116.752074 -23.962808 -45.441932 41.989189 -28.215338 -16.578753 0 0.000003 0 15.240935 -2.117568 -2.977612 114.597204 -10.407321 -25.603613 35.861164 -14.378536 -14.551243 -0.019782 0.000003 0 25.57308 44.865063 59.697001 9.320374 -12.803815 17.377046 38.065269 -22.950505 -44.801557 -6.07677 7.97907 9.192813 0 0.000003 0 0 0.000003 0.000008 0 0.000009 -28.010309 0 0.000009 -56.020631 -0.000003 0.000016 -84.030943 -0.008774 0.040949 -23.370561 -0.005024 0.031114 -17.527917 -0.002292 0.020923 -11.685278 -0.000612 0.010521 -5.842638 0 -0.013986 0 -77.582917 -68.797508 94.161247 60.935806 -67.932402 -58.765582 105.51906 0.395095 0.518719 4.218986 -3.660753 56.810215 -1.01418 2.282474 0.175362 -2.31197 -14.287039 -22.877688 42.540566 -9.635796 -19.533211 117.914081 -27.153544 -55.611229 40.153835 -33.139478 -10.884668 0 0.000003 0 40.780119 -4.64428 -13.657155 107.609429 -14.783812 -24.292374 64.230956 -23.977363 -14.542892 0 0.000003 0 21.206559 -1.871886 -3.725936 117.944516 -11.369455 -23.119343 46.037889 -16.443917 -12.745942 0 0.000003 0 15.181269 -3.326696 13.542063 119.641272 1.654042 -4.392809 37.331997 -5.01281 -5.064175 0 0.000003 0 25.57308 44.865063 59.697001 7.262436 4.440213 14.949467 -49.340272 25.590433 -16.883528 -6.07677 7.97907 9.192813 0 0.000003 0 0 0.000003 0.000008 0 0.000003 -15.214081 0 0.000003 -30.428168 0.000003 0.000003 -45.642254 -0.003417 -0.02712 15.191671 -0.00189 -0.020433 11.393753 -0.000809 -0.013672 7.595836 -0.000178 -0.006848 3.797919 0 0.000003 0 25.883407 1.819114 1.134489 -0.01398 0.000474 2.355977 0 0.000003 0 -25.433603 0.274562 3.357912 -89.999999 -90 0 0 0.000003 0 0 0.000003 0 90.000009 -63.648278 -90.000009 -5.682401 0.000003 0 -28.319916 0.000003 0 -16.252152 0.000003 0 0 0.000003 0 89.999996 -84.450021 179.999995 0 0.000003 0 -90.000003 -84.450021 0 0 0.000003 0 0 0.000003 0
0 0 0 179.999991 0.000003 179.999991 0.204113 -0.035196000000000005 -3.696081 179.563081 -0.617829 -177.229844 -92.80941 24.789867 -86.864645 21.796312 -1.448325 -12.623019 0 0.000003 0 30.059164 -2.064921 -9.361081 75.504886 -7.992029 9.334273 -0.15412 1.329519 -0.522786 -0.282241 9.950564 -0.508701 0 0.000003 0 0 0.000003 0 0 0.000003 0 0 0.000003 0 -0.004921 0.1018 -5.534646 -0.002769 0.076398 -4.150983 -0.001231 0.050956 -2.767321 0.013678 0.025752 -0.787056 0 0.000003 0 87.305534 32.147101 83.553042 10.386312 -1.08485 -8.438077 0 0.000003 0 -0.09493 5.525011 4.661375 75.690319 -9.031782 11.401314 -0.421239 2.455134 -0.80889 2.014147 11.086861 -1.728407 0 0.000003 0 0 0.000003 0 0 0.000003 0 0 0.000003 0 -0.000007 -0.003925 0.212907 -0.000004 -0.002941 0.15968 -0.000002 -0.001958 0.106454 0 -0.000981 0.053227 0 0.000003 0 85.439294 8.384149 88.57054 15.706857 -0.063443 -4.563482 -15.664603 -0.134566 -2.784222 8.376612 0.651104 -4.777185 101.325194 -60.275304 119.955297 51.946806 -64.575493 62.224874 46.381332 87.963652 45.021277 5.533265 0.749281 8.245422 2.940354 -5.443815 -1.061483 5.567135 -15.315433 -24.893183 36.864211 -4.36233 -13.480968 118.643327 -21.244044 -37.868543 46.111737 -22.565979 -2.114838 -0.034264 0.000003 0 40.83096 -2.163788 8.60047 107.245407 8.764153 11.806706 66.898028 2.31349 6.52168 0 0.000003 0 21.174208 -0.33355 -20.403025 116.752074 -23.962794 -45.441911 41.989394 -28.215379 -16.503702 0 0.000003 0 15.240934 -2.117588 -2.977635 114.597095 -10.407314 -25.603545 35.861089 -14.378447 -14.551185 -0.019782 0.000003 0 25.57308 44.865063 59.697001 9.320351 -12.803795 17.278914 38.032498 -23.011014 -44.794003 -6.07677 7.97907 9.192813 0 0.000003 0 0 0.000003 0.000008 0 0.000009 -28.210317 0 0.000009 -56.420644 -0.000003 0.000023 -84.630975 -0.010565 0.044795 -25.721041 -0.006048 0.034112 -19.290778 -0.002758 0.022993 -12.860517 -0.000733 0.011573 -6.430258 0 -0.013986 0 -84.679797 -67.809178 101.969274 56.151344 -67.109142 -53.880197 107.059295 0.392008 0.529265 4.301371 -3.563539 55.502657 1.181529 3.219672 0.216536 -2.31197 -14.287039 -22.877688 42.540563 -9.635817 -19.384418 117.865231 -27.026318 -55.383108 40.234872 -33.045935 -11.083963 0 0.000003 0 40.780123 -4.644308 -13.492634 107.594102 -14.627244 -24.104537 64.261958 -23.854467 -14.245451 0 0.000003 0 21.206573 -1.871893 -4.064928 117.99189 -11.666268 -23.580689 45.98864 -16.680283 -13.035059 0 0.000003 0 15.181267 -3.326682 13.394088 119.646517 1.525921 -4.602632 37.330843 -5.102832 -5.102177 0 0.000003 0 25.57308 44.865063 59.697001 7.262445 4.440247 14.949454 -49.340262 25.590433 -16.883509 -6.07677 7.97907 9.192813 0 0.000003 0 0 0.000003 0.000008 0 0.000003 -15.563033 0 0.000003 -31.126074 0.000003 0.000003 -46.689117 -0.003621 -0.027878 15.628528 -0.002004 -0.021014 11.721396 -0.000858 -0.014068 7.814264 -0.00019 -0.007046 3.907133 0 0.000003 0 26.395782 0.350227 1.248666 -0.01398 0.000474 2.350527 0 0.000003 0 -24.141338 0.182109 3.369466 -89.999999 -90 0 0 0.000003 0 0 0.000003 0 90.000009 -63.648278 -90.000009 -5.682401 0.000003 0 -28.319916 0.000003 0 -16.252152 0.000003 0 0 0.000003 0 89.999996 -84.450021 179.999995 0 0.000003 0 -90.000003 -84.450021 0 0 0.000003 0 0 0.000003 0
0 0 0 179.999991 0.000003 179.999991 0.205171 -0.04254199999999997 -3.812246 179.785145 0.556417 -177.764074 -93.482115 24.48218 -85.557825 30.719233 -1.963513 -12.889066 0 0.000003 0 32.228371 -0.244429 -7.945621 75.504886 -7.992029 9.334273 -0.15412 1.329519 -0.522786 9.251491 10.73482 -1.040581 0 0.000003 0 0 0.000003 0 0 0.000003 0 0 0.000003 0 -0.006986 0.121232 -6.595929 -0.003932 0.091015 -4.946943 -0.001748 0.060723 -3.297961 0.013547 0.030704 -1.052375 0 0.000003 0 88.861383 29.935991 87.953446 9.290561 -0.982158 -8.418293 0 0.000003 0 0.340686 6.42202 4.218011 75.690319 -9.031782 11.401314 -0.421239 2.455134 -0.80889 2.338597 11.018477 -1.682484 0 0.000003 0 0 0.000003 0 0 0.000003 0 0 0.000003 0 -0.000987 0.045642 -2.478156 -0.000555 0.034235 -1.858617 -0.000247 0.022822 -1.239078 -0.000062 0.011416 -0.619539 0 0.000003 0 86.248897 9.085069 88.779509 15.491204 0.031831 -4.272772 -15.674277 0.061037 -2.516736 8.569591 0.866248 -4.562023 100.320493 -61.253052 120.654872 50.425347 -62.487308 62.858026 71.388632 88.442544 70.016857 5.518656 0.850518 7.198932 3.931999 -4.48164 -0.986542 5.567135 -15.315433 -24.893183 36.929446 -4.24313 -13.391877 118.586035 -21.05105 -37.539129 46.184783 -22.413885 -2.055224 -0.034264 0.000003 0 40.830693 -2.027642 8.679577 107.254314 8.964476 12.075815 66.902413 2.505015 6.657601 0 0.000003 0 21.170001 -0.249258 -20.382985 116.711121 -23.794491 -45.149176 42.066298 -28.065696 -16.323759 0 0.000003 0 15.242298 -2.051199 -2.970886 114.580511 -10.239264 -25.322243 35.895096 -14.245484 -14.500953 -0.019782 0.000003 0 25.57308 44.865063 59.697001 9.320326 -12.803774 17.377086 38.0653 -22.950526 -44.801595 -6.07677 7.97907 9.192813 0 0.000003 0 0 0.000003 0.000008 0 0.000009 -28.490657 0 0.000009 -56.981324 -0.000007 0.000016 -85.47199 -0.012743 0.048989 -28.342126 -0.007302 0.037439 -21.25659 -0.003327 0.025288 -14.17106 -0.000881 0.012748 -7.085528 0 -0.013986 0 -90.998925 -66.354937 108.910413 53.228713 -66.474277 -50.001455 108.610465 0.388654 0.53979 4.348542 -3.505783 54.737559 2.621425 4.704015 0.262103 -2.31197 -14.287039 -22.877688 42.540597 -9.635817 -19.384423 117.86474 -27.026469 -55.382889 40.234766 -33.045826 -11.083886 0 0.000003 0 40.780146 -4.64428 -13.492618 107.593583 -14.627285 -24.1044 64.261992 -23.854413 -14.24542 0 0.000003 0 21.206597 -1.871879 -3.996705 117.982164 -11.606517 -23.487764 45.998469 -16.632676 -12.843151 0 0.000003 0 15.181291 -3.326682 13.277413 119.650834 1.424896 -4.768155 37.329921 -5.173838 -5.132143 0 0.000003 0 25.57308 44.865063 59.697001 7.26241 4.440227 14.94945 -49.340276 25.590433 -16.883516 -6.07677 7.97907 9.192813 0 0.000003 0 0 0.000003 0.000008 0 0.000003 -15.767253 0 0.000003 -31.534516 0.000003 0.000003 -47.301775 -0.003543 -0.027591 15.463454 -0.00196 -0.020802 11.59759 -0.000839 -0.013911 7.731727 -0.000185 -0.006964 3.865864 0 0.000003 0 26.880114 -1.107062 1.361439 -0.013981 0.000446 2.281015 0 0.000003 0 -22.855203 0.081384 3.297481 -89.999999 -90 0 0 0.000003 0 0 0.000003 0 90.000009 -63.648278 -90.000009 -5.682401 0.000003 0 -28.319916 0.000003 0 -16.252152 0.000003 0 0 0.000003 0 89.999996 -84.450021 179.999995 0 0.000003 0 -90.000003 -84.450021 0 0 0.000003 0 0 0.000003 0
0 0 0 179.999991 0.000003 179.999991 0.205867 -0.06129399999999996 -3.903152 182.376354 3.335587 -178.925234 -91.067944 18.894765 -87.864762 47.50441 -2.79418 -13.590524 0 0.000003 0 28.761927 1.465898 -4.519121 75.504886 -7.992029 9.334273 -0.15412 1.329519 -0.522786 10.015984 10.717888 -1.183064 0 0.000003 0 0 0.000003 0 0 0.000003 0 0 0.000003 0 -0.003516 0.086077 -4.677807 -0.001978 0.064589 -3.508354 -0.000879 0.043074 -2.338902 0.013767 0.021757 -0.572848 0 0.000003 0 95.056514 30.61218 91.946661 22.701438 -2.202317 -8.792847 0 0.000003 0 7.39328 6.434239 6.749804 75.690319 -9.031782 11.401314 -0.421239 2.455134 -0.80889 3.362635 11.082927 -1.853125 0 0.000003 0 0 0.000003 0 0 0.000003 0 0 0.000003 0 -0.002556 0.073407 -3.988342 -0.001438 0.055081 -2.991256 -0.000639 0.036735 -1.99417 -0.00016 0.018369 -0.997085 0 0.000003 0 88.943181 8.668653 89.034651 15.4284 0.239326 -3.394324 -15.524209 0.569579 -1.67774 9.038652 1.508416 -3.73502 99.422105 -63.700845 121.394172 56.582247 -58.297414 56.065399 38.320479 87.624301 36.966353 5.52191 0.829065 7.42098 3.548457 -4.630463 -0.967055 5.567135 -15.315433 -24.893183 36.864211 -4.362275 -13.480957 118.643518 -21.24401 -37.86857 46.11169 -22.565938 -2.114804 -0.034264 0.000003 0 40.830966 -2.16374 8.600489 107.245462 8.764153 11.745371 66.896403 2.25656 6.481293 0 0.000003 0 21.174167 -0.333516 -20.403022 116.752074 -23.962808 -45.441856 41.989329 -28.21529 -16.578778 0 0.000003 0 15.240884 -2.117561 -2.977621 114.59715 -10.407314 -25.603497 35.860986 -14.378406 -14.551131 -0.019782 0.000003 0 25.57308 44.865063 59.697001 9.320273 -12.803754 17.37712 38.065338 -22.950485 -44.801584 -6.07677 7.97907 9.192813 0 0.000003 0 0 0.000003 0.000008 0 0.000003 -28.431175 0 0.000009 -56.862356 -0.000003 0.000016 -85.293545 -0.013524 0.050389 -29.229265 -0.007751 0.038545 -21.921946 -0.003532 0.026067 -14.614631 -0.000934 0.013144 -7.307314 0 -0.013986 0 -92.460366 -64.590008 110.927928 46.76874 -67.987899 -41.918404 108.760442 0.388319 0.540808 4.363145 -3.487581 54.498134 2.329115 5.048079 0.282328 -2.31197 -14.287039 -22.877688 42.540597 -9.635823 -19.384454 117.864931 -27.026441 -55.383006 40.234746 -33.045843 -11.08387 0 0.000003 0 40.780143 -4.644287 -13.49261 107.593528 -14.627271 -24.104352 64.262176 -23.85444 -14.245493 0 0.000003 0 21.206597 -1.871893 -3.9967 117.982192 -11.606552 -23.487818 45.99836 -16.63271 -12.843179 0 0.000003 0 15.181304 -3.326668 13.446726 119.644605 1.571499 -4.528019 37.331495 -5.070812 -5.088679 0 0.000003 0 25.57308 44.865063 59.697001 7.262417 4.440274 14.997292 -49.355166 25.55411 -16.876238 -6.07677 7.97907 9.192813 0 0.000003 0 0 0.000003 0.000008 0 0.000003 -15.831166 0 0.000003 -31.662343 0.000002 0.000003 -47.493515 -0.00264 -0.023971 13.397256 -0.001456 -0.01805 10.047942 -0.000619 -0.012066 6.698628 -0.000133 -0.006042 3.349315 0 0.000003 0 26.677006 -3.340418 1.049298 -0.013979 0.000515 2.538883 0 0.000003 0 -23.077264 0.783992 3.390072 -89.999999 -90 0 0 0.000003 0 0 0.000003 0 90.000009 -63.648278 -90.000009 -5.682401 0.000003 0 -28.319916 0.000003 0 -16.252152 0.000003 0 0 0.000003 0 89.999996 -84.450021 179.999995 0 0.000003 0 -90.000003 -84.450021 0 0 0.000003 0 0 0.000003 0
0 0 0 179.999991 0.000003 179.999991 0.213205 -0.08876099999999998 -3.987788 185.266098 5.630886 -180.998251 -86.711328 12.224839 -90.422866 65.477649 -3.417708 -14.572055 0 0.000003 0 25.342877 0.033621 -2.979749 75.504886 -7.992029 9.334273 -0.15412 1.329519 -0.522786 10.614245 10.653376 -1.458117 0 0.000003 0 0 0.000003 0 0 0.000003 0 0 0.000003 0 -0.000946 0.044665 -2.425443 -0.000532 0.033505 -1.819082 -0.000236 0.022337 -1.212721 0.013929 0.011245 -0.00976 0 0.000003 0 102.36604 31.459519 97.421556 41.361829 -3.684161 -9.759871 0 0.000003 0 0.05584 2.329869 5.388166 75.690319 -9.031782 11.401314 -0.421239 2.455134 -0.80889 6.74513 11.541998 -2.194635 0 0.000003 0 0 0.000003 0 0 0.000003 0 0 0.000003 0 -0.005908 0.111519 -6.065216 -0.003325 0.083706 -4.548909 -0.001478 0.055839 -3.032605 -0.00037 0.027924 -1.516302 0 0.000003 0 90.934325 7.057152 89.416534 15.843853 0.684353 -2.531901 -15.1585 1.447839 -0.888768 9.217977 2.666215 -3.2317 98.222587 -66.501928 123.106036 64.244213 -52.379482 47.837795 20.176143 85.745589 18.849512 5.518382 0.852308 7.180514 3.315331 -5.886637 -1.205896 5.567135 -15.315433 -24.893183 36.864256 -4.362282 -13.48097 118.643408 -21.244051 -37.868495 46.112014 -22.56602 -2.114895 -0.034264 0.000003 0 40.830973 -2.16374 8.600492 107.245517 8.764139 11.806761 66.897994 2.31347 6.521697 0 0.000003 0 21.174198 -0.333516 -20.403032 116.752102 -23.962821 -45.441891 41.989066 -28.215229 -16.578665 0 0.000003 0 15.240918 -2.117554 -2.977638 114.597232 -10.407348 -25.603545 35.860751 -14.378379 -14.542262 -0.019782 0.000003 0 25.57308 44.865063 59.697001 9.320358 -12.803699 17.377106 38.06532 -22.950533 -44.801629 -6.07677 7.97907 9.192813 0 0.000003 0 0 0.000003 0.000008 0 0.000009 -28.49559 0 0.000009 -56.991191 -0.000003 0.000009 -85.486784 -0.013068 0.049583 -28.711158 -0.007488 0.037896 -21.533363 -0.003412 0.025609 -14.355574 -0.000902 0.012912 -7.177786 0 -0.013986 0 -91.079138 -63.20743 109.912524 37.523977 -70.122276 -30.564506 108.033512 0.389965 0.535825 4.318298 -3.543001 55.229572 1.668362 5.605327 0.308384 -2.31197 -14.287039 -22.877688 42.540576 -9.635823 -19.384495 117.865149 -27.026366 -55.38306 40.234906 -33.045901 -11.083956 0 0.000003 0 40.780136 -4.644308 -13.492626 107.593802 -14.627237 -24.104386 64.261999 -23.854365 -14.245369 0 0.000003 0 21.20658 -1.871934 -4.119957 117.99954 -11.714407 -23.655561 45.980383 -16.718579 -12.887372 0 0.000003 0 15.18128 -3.326716 13.309796 119.649659 1.452941 -4.722174 37.330501 -5.154092 -5.123844 0 0.000003 0 25.57308 44.865063 59.697001 7.262438 4.44022 14.949435 -49.34031 25.590447 -17.174652 -6.07677 7.97907 9.192813 0 0.000003 0 0 0.000003 0.000008 0 -0.000004 -15.635923 0 0.000003 -31.271857 0.000003 0.000003 -46.907793 -0.001614 -0.018958 10.561485 -0.000884 -0.014252 7.921114 -0.00037 -0.009519 5.280743 -0.000075 -0.004758 2.640372 0 0.000003 0 26.426758 -5.266743 1.031613 -0.013978 0.000549 2.641229 0 0.000003 0 -25.961467 0.562762 3.638625 -89.999999 -90 0 0 0.000003 0 0 0.000003 0 90.000009 -63.648278 -90.000009 -5.682401 0.000003 0 -28.319916 0.000003 0 -16.252152 0.000003 0 0 0.000003 0 89.999996 -84.450021 179.999995 0 0.000003 0 -90.000003 -84.450021 0 0 0.000003 0 0 0.000003 0
0 0 0 179.999991 0.000003 179.999991 0.21847 -0.10718099999999997 -4.078794 187.549253 5.212441 -183.121989 -83.045504 3.213265 -89.130574 80.911268 -3.688566 -15.534019 0 0.000003 0 21.88424 -2.510488 -2.515729 75.504886 -7.992029 9.334273 -0.15412 1.329519 -0.522786 10.441384 10.554182 -1.649997 0 0.000003 0 0 0.000003 0 0 0.000003 0 0 0.000003 0 -0.002114 0.066774 -3.627113 -0.00119 0.050095 -2.720334 -0.000529 0.033395 -1.813556 0.013855 0.016853 -0.310176 0 0.000003 0 105.642406 26.907772 97.994384 50.64311 -4.284186 -10.406295 0 0.000003 0 -12.102251 0.745033 3.030149 75.690319 -9.031782 11.401314 -0.421239 2.455134 -0.80889 8.726486 11.889996 -2.31124 0 0.000003 0 0 0.000003 0 0 0.000003 0 0 0.000003 0 -0.006674 0.118506 -6.44679 -0.003756 0.088959 -4.835089 -0.00167 0.05935 -3.223391 -0.000417 0.029687 -1.611695 0 0.000003 0 92.261212 5.851316 89.466285 16.186374 0.937289 -2.0744 -14.564098 2.233761 -0.459872 10.056001 3.907649 -2.952824 95.192435 -68.713873 127.264118 73.014169 -45.172509 37.764232 10.85211 82.273463 9.571952 5.530852 0.766951 8.062993 3.419949 -7.604061 -1.637051 5.567135 -15.315433 -24.893183 36.864269 -4.362296 -13.481007 118.643135 -21.244167 -37.868468 46.111878 -22.565973 -2.11484 -0.034264 0.000003 0 40.830987 -2.163747 8.600475 107.245298 8.764126 11.806706 66.897823 2.313504 6.521687 0 0.000003 0 21.174239 -0.333522 -20.403056 116.751829 -23.96289 -45.441809 41.989083 -28.215263 -16.554975 0 0.000003 0 15.240939 -2.117568 -2.97767 114.597068 -10.407396 -25.603545 35.860884 -14.378413 -14.551132 -0.019782 0.000003 0 25.57308 44.865063 59.697001 9.320328 -12.803713 17.377087 38.065338 -22.950512 -44.801625 -6.07677 7.97907 9.192813 0 0.000003 0 0 0.000003 0.000008 0 0.000009 -28.259189 -0.000002 0.000009 -56.518388 -0.000003 0.000016 -84.777578 -0.010022 0.043675 -25.029474 -0.005737 0.033231 -18.772102 -0.002617 0.022385 -12.514734 -0.000696 0.011265 -6.257366 0 -0.013986 0 -88.092747 -62.139153 107.976507 29.849744 -72.305983 -18.610155 104.476384 0.397062 0.511492 4.053967 -3.842751 59.331832 -0.237242 5.391248 0.293796 -2.31197 -14.287039 -22.877688 42.540501 -9.635837 -19.38448 117.864658 -27.026585 -55.382924 40.234807 -33.045826 -11.083893 0 0.000003 0 40.780071 -4.644342 -13.492679 107.593474 -14.62736 -24.104434 64.26219 -23.854529 -14.245495 0 0.000003 0 21.206559 -1.871968 -3.996759 117.982328 -11.606647 -23.4879 45.998445 -16.632744 -12.843184 0 0.000003 0 15.181238 -3.326737 13.309765 119.649632 1.452838 -4.722284 37.330713 -5.154133 -5.12387 0 0.000003 0 25.57308 44.865063 59.697001 7.262442 4.440199 14.949426 -49.340289 25.590447 -16.883509 -6.07677 7.97907 9.192813 0 0.000003 0 0 0.000003 0.000008 0 0.000003 -14.54134 0 0.000003 -29.082686 0 0.000003 -43.624032 -0.000725 -0.012989 7.215854 -0.00039 -0.009751 5.411891 -0.000158 -0.006507 3.607928 -0.000028 -0.003255 1.803965 0 0.000003 0 26.24561 -6.126568 0.494122 -0.013982 0.000399 2.070184 0 0.000003 0 -27.655327 0.406255 2.942551 -89.999999 -90 0 0 0.000003 0 0 0.000003 0 90.000009 -63.648278 -90.000009 -5.682401 0.000003 0 -28.319916 0.000003 0 -16.252152 0.000003 0 0 0.000003 0 89.999996 -84.450021 179.999995 0 0.000003 0 -90.000003 -84.450021 0 0 0.000003 0 0 0.000003 0
0 0 0 179.999991 0.000003 179.999991 0.224092 -0.11804300000000001 -4.178258 187.525825 1.840493 -184.442961 -83.601106 -8.564843 -85.748421 91.024367 -3.722574 -16.189071 0 0.000003 0 18.603217 -5.737527 -3.070051 75.504886 -7.992029 9.334273 -0.15412 1.329519 -0.522786 9.674112 10.43716 -1.599335 0 0.000003 0 0 0.000003 0 0 0.000003 0 0 0.000003 0 -0.00734 0.124257 -6.761082 -0.004131 0.093289 -5.070808 -0.001837 0.062232 -3.380537 0.013525 0.031476 -1.093663 0 0.000003 0 104.887773 20.246862 95.75428 54.576442 -4.505286 -10.707904 0 0.000003 0 -22.308122 -0.460222 0.006665 75.690319 -9.031782 11.401314 -0.421239 2.455134 -0.80889 9.83396 12.052459 -2.358519 0 0.000003 0 0 0.000003 0 0 0.000003 0 0 0.000003 0 -0.005766 0.110167 -5.991369 -0.003244 0.082689 -4.493524 -0.001442 0.055163 -2.995682 -0.000361 0.027596 -1.49784 0 0.000003 0 92.699491 5.271536 89.472828 16.342288 0.895987 -1.717924 -14.318525 2.238979 -0.090477 10.375202 3.88653 -2.663154 92.994515 -69.690245 129.67329 79.860716 -41.167668 28.250014 9.591855 81.295448 8.324563 5.524477 0.81173 7.600272 3.593602 -7.343742 -1.595968 5.567135 -15.315433 -24.893183 36.864314 -4.362269 -13.481008 118.643354 -21.244099 -37.868474 46.111659 -22.565857 -2.114734 -0.034264 0.000003 0 40.831007 -2.163699 8.600491 107.245571 8.764153 11.806829 66.897878 2.313572 6.521734 0 0.000003 0 21.174223 -0.333502 -20.660573 116.808273 -24.192398 -45.841573 41.883417 -28.419172 -16.656098 0 0.000003 0 15.240956 -2.117541 -2.977653 114.597095 -10.407314 -25.603483 35.86072 -14.378386 -14.551086 -0.019782 0.000003 0 25.57308 44.865063 59.697001 9.320276 -12.803747 17.377084 38.065358 -22.950533 -44.801646 -6.07677 7.97907 9.192813 0 0.000003 0 0 0.000003 0.000008 0 0.000009 -28.383147 0 0.000009 -56.7663 -0.000007 0.000016 -85.149455 -0.006141 0.034379 -19.44211 -0.003517 0.026005 -14.58158 -0.001609 0.017447 -9.721052 -0.000435 0.008759 -4.860525 0 -0.013986 0 -85.166162 -61.743405 105.632673 26.74463 -72.673719 -9.182318 98.827114 0.405217 0.471908 3.468469 -4.378347 67.486094 -2.363118 2.768777 0.181893 -2.31197 -14.287039 -22.877688 42.540522 -9.635864 -19.384471 117.864849 -27.026585 -55.382992 40.234961 -33.045894 -11.083959 0 0.000003 0 40.780092 -4.644335 -13.492684 107.594048 -14.627374 -24.104632 64.261958 -23.854556 -14.245444 0 0.000003 0 21.206556 -1.871988 -3.996773 117.982301 -11.606757 -23.487928 45.998688 -16.63282 -12.843262 0 0.000003 0 15.181269 -3.32675 13.309747 119.649687 1.45275 -4.722297 37.330044 -5.154127 -5.123815 0 0.000003 0 25.57308 44.865063 59.697001 7.262443 4.440192 14.949382 -49.340303 25.590502 -16.883533 -6.07677 7.97907 9.192813 0 0.000003 0 0 0.000003 0.000008 0.000001 0.000003 -12.36778 0.000002 0.000003 -24.735569 0 0.000003 -37.103357 -0.000244 -0.007886 4.373151 -0.000127 -0.005912 3.279863 -0.000047 -0.003945 2.186576 -0.000005 -0.001971 1.093289 0 0.000003 0 26.447787 -4.424171 0.297424 -0.013988 0.000023 0.504791 0 0.000003 0 -28.047981 -0.197369 1.047516 -89.999999 -90 0 0 0.000003 0 0 0.000003 0 90.000009 -63.648278 -90.000009 -5.682401 0.000003 0 -28.319916 0.000003 0 -16.252152 0.000003 0 0 0.000003 0 89.999996 -84.450021 179.999995 0 0.000003 0 -90.000003 -84.450021 0 0 0.000003 0 0 0.000003 0
0 0 0 179.999991 0.000003 179.999991 0.22705 -0.11951500000000004 -4.273687 186.489057 -1.7271 -184.568992 -86.952789 -21.226832 -83.177456 94.074463 -3.710122 -16.386706 0 0.000003 0 15.982369 -8.674304 -5.641919 75.504886 -7.992029 9.334273 -0.15412 1.329519 -0.522786 8.831479 10.343989 -1.375278 0 0.000003 0 0 0.000003 0 0 0.000003 0 0 0.000003 0 -0.011147 0.152992 -8.334552 -0.006275 0.114914 -6.250907 -0.002791 0.076706 -4.167268 0.013283 0.038812 -1.487027 0 0.000003 0 103.435292 12.03608 93.940919 52.299305 -4.379829 -10.53144 0 0.000003 0 -28.67534 -1.701179 -3.229684 75.690319 -9.031782 11.401314 -0.421239 2.455134 -0.80889 9.321941 11.981855 -2.325515 0 0.000003 0 0 0.000003 0 0 0.000003 0 0 0.000003 0 -0.005549 0.10809 -5.877834 -0.003123 0.081131 -4.408373 -0.001388 0.054111 -2.938914 -0.000347 0.027071 -1.469457 0 0.000003 0 93.028877 5.134297 89.74902 16.402462 0.733285 -1.269389 -14.371934 1.883052 0.376083 10.174482 3.547084 -2.252757 94.105178 -70.490161 127.462357 84.416979 -40.002004 20.045799 11.903051 82.934038 10.614066 5.472175 1.111657 4.484778 4.150248 -5.312286 -1.188843 5.567135 -15.315433 -24.893183 36.864307 -4.362275 -13.481053 118.643709 -21.24401 -37.868638 46.111615 -22.565897 -2.11475 -0.034264 0.000003 0 40.831021 -2.163672 8.600472 107.245407 8.764214 11.806788 66.897782 2.313579 6.521731 0 0.000003 0 21.174239 -0.333495 -20.403066 116.752156 -23.962746 -45.441856 41.9895 -28.215352 -16.578846 0 0.000003 0 15.240942 -2.117527 -2.977655 114.59715 -10.407259 -25.603456 35.860863 -14.378399 -14.551134 -0.019782 0.000003 0 25.57308 44.865063 59.697001 9.320268 -12.803699 17.377082 38.065416 -22.950526 -44.80169 -6.07677 7.97907 9.192813 0 0.000003 0 0 0.000003 0.000008 0.000002 0.000003 -29.217664 0 0.000009 -58.435342 -0.000003 0.000016 -87.65302 -0.003583 0.026251 -14.722384 -0.002056 0.01979 -11.041788 -0.000947 0.013239 -7.36119 -0.000261 0.006628 -3.680594 0 -0.013986 0 -84.209716 -60.934376 104.72255 26.381392 -71.808571 -1.927848 93.696132 0.409185 0.435513 2.656585 -4.912898 77.484821 -3.771378 -1.089645 -0.045477 -2.31197 -14.287039 -22.877688 42.54046 -9.635864 -19.384418 117.864712 -27.026653 -55.382828 40.2348 -33.04573 -11.083824 0 0.000003 0 40.780051 -4.644362 -13.492608 107.59372 -14.627374 -24.104427 64.262245 -23.854508 -14.245468 0 0.000003 0 21.206494 -1.872029 -3.996736 117.982 -11.606845 -23.487784 45.998592 -16.632806 -12.84324 0 0.000003 0 15.181209 -3.326785 13.309809 119.649523 1.452756 -4.722215 37.330505 -5.154092 -5.123776 0 0.000003 0 25.57308 44.865063 59.697001 7.262496 4.440179 14.94939 -49.34033 25.590474 -16.883505 -6.07677 7.97907 9.192813 0 0.000003 0 0 0.000003 0.000008 0 0.000003 -9.706425 0 0.000003 -19.412858 0 0.000003 -29.119292 -0.000026 -0.00318 1.763574 -0.00001 -0.002381 1.322681 -0.000001 -0.001589 0.881788 0.000003 -0.00079 0.440895 0 0.000003 0 26.449375 -2.787118 0.288715 -0.013981 -0.000455 -1.432627 0 0.000003 0 -27.908573 -0.396763 -1.52697 -89.999999 -90 0 0 0.000003 0 0 0.000003 0 90.000009 -63.648278 -90.000009 -5.682401 0.000003 0 -28.319916 0.000003 0 -16.252152 0.000003 0 0 0.000003 0 89.999996 -84.450021 179.999995 0 0.000003 0 -90.000003 -84.450021 0 0 0.000003 0 0 0.000003 0
0 0 0 179.999991 0.000003 179.999991 0.228315 -0.11097500000000005 -4.366262 184.783873 -4.231634 -183.777086 -91.265548 -31.917219 -82.384717 88.203369 -3.724705 -16.005889 0 0.000003 0 7.994678 -9.278652 -7.533995 75.504886 -7.992029 9.334273 -0.15412 1.329519 -0.522786 8.1123 10.363804 -1.108191 0 0.000003 0 0 0.000003 0 0 0.000003 0 0 0.000003 0 -0.00892 0.136927 -7.454357 -0.005021 0.102817 -5.590763 -0.002232 0.068612 -3.727174 0.013425 0.034707 -1.26698 0 0.000003 0 101.541349 2.57954 92.666597 44.567384 -3.903212 -9.97208 0 0.000003 0 -29.969832 -2.679569 -5.194589 75.690319 -9.031782 11.401314 -0.421239 2.455134 -0.80889 7.14628 11.66169 -2.361797 0 0.000003 0 0 0.000003 0 0 0.000003 0 0 0.000003 0 -0.005753 0.110044 -5.984838 -0.003237 0.082607 -4.488626 -0.001439 0.055102 -2.992416 -0.00036 0.027562 -1.496208 0 0.000003 0 93.040707 5.338915 90.321185 16.404323 0.547476 -0.692079 -14.558929 1.415033 0.964583 9.79806 2.404502 -1.663326 97.873032 -71.276245 122.260376 87.358133 -40.64143 13.334824 21.557998 86.003798 20.227662 5.363926 1.553078 -0.168052 5.145305 -2.703584 -0.789823 5.567135 -15.315433 -24.893183 36.864327 -4.362289 -13.481034 118.643053 -21.24414 -37.868351 46.111922 -22.565809 -1.916684 -0.034264 0.000003 0 40.831059 -2.163685 8.600496 107.245079 8.764283 11.806761 66.898076 2.31362 6.521765 0 0.000003 0 21.174256 -0.333488 -20.403004 116.751774 -23.962726 -45.44159 41.989599 -28.215318 -16.578857 0 0.000003 0 15.240981 -2.117527 -2.97759 114.597177 -10.407143 -25.603312 35.861041 -14.378324 -14.55111 -0.019782 0.000003 0 25.57308 44.865063 59.697001 9.320319 -12.803706 17.377082 38.065399 -22.950581 -44.801694 -6.07677 7.97907 9.192813 0 0.000003 0 0 0.000003 0.000008 0.000002 0.000009 -30.463655 0 0.000009 -60.927323 -0.000003 0.000016 -91.390991 -0.00218 0.020391 -11.38215 -0.001255 0.015336 -8.536612 -0.000583 0.010255 -5.691074 -0.000164 0.005132 -2.845536 0 -0.013986 0 -84.994355 -59.55465 105.339603 24.785486 -70.00741 5.146683 90.922645 0.409971 0.41574 2.148521 -5.154905 83.270183 -4.43093 -2.804589 -0.158956 -2.31197 -14.287039 -22.877688 42.540426 -9.635912 -19.384439 117.864985 -27.026667 -55.382985 40.234978 -33.045918 -11.083889 0 0.000003 0 40.780027 -4.644403 -13.492674 107.593692 -14.627462 -24.104448 64.262231 -23.854529 -14.245415 0 0.000003 0 21.206464 -1.872084 -3.996798 117.981973 -11.606955 -23.487818 45.998285 -16.632799 -12.843112 0 0.000003 0 15.181197 -3.326839 13.309782 119.649386 1.452681 -4.722256 37.330232 -5.154154 -5.123772 0 0.000003 0 25.57308 44.865063 59.697001 7.262525 4.440151 14.949402 -49.340385 25.590502 -16.883533 -6.07677 7.97907 9.192813 0 0.000003 0 0 0.000003 0.000008 0 0.000003 -8.168265 0 0.000003 -16.336537 0.000002 0.000003 -24.50481 -0.000015 0.00115 -0.637212 -0.00001 0.000863 -0.477909 -0.000006 0.000576 -0.318605 -0.000002 0.000289 -0.159302 0 0.000003 0 26.129766 -1.626402 0.43365 -0.013962 -0.000858 -3.094342 0 0.000003 0 -27.311104 -0.006035 -3.949729 -89.999999 -90 0 0 0.000003 0 0 0.000003 0 90.000009 -63.648278 -90.000009 -5.682401 0.000003 0 -28.319916 0.000003 0 -16.252152 0.000003 0 0 0.000003 0 89.999996 -84.450021 179.999995 0 0.000003 0 -90.000003 -84.450021 0 0 0.000003 0 0 0.000003 0
0 0 0 179.999991 0.000003 179.999991 0.22789 -0.09331400000000001 -4.455009 182.528422 -5.852766 -182.415351 -95.524615 -38.275094 -82.944362 73.194384 -3.585533 -15.043929 0 0.000003 0 6.362262 -5.120256 -1.950339 75.504886 -7.992029 9.334273 -0.15412 1.329519 -0.522786 6.808029 10.388891 -0.887074 0 0.000003 0 0 0.000003 0 0 0.000003 0 0 0.000003 0 -0.004883 0.10141 -5.513419 -0.002748 0.076111 -4.135062 -0.001222 0.050758 -2.756707 0.01368 0.02565 -0.78175 0 0.000003 0 99.080684 -7.038863 91.763626 35.153215 -3.227528 -9.385155 0 0.000003 0 -22.515089 -3.23149 -4.977461 75.690319 -9.031782 11.401314 -0.421239 2.455134 -0.80889 1.441689 11.059233 -1.763681 0 0.000003 0 0 0.000003 0 0 0.000003 0 0 0.000003 0 -0.0057 0.109538 -5.957173 -0.003207 0.082217 -4.467878 -0.001426 0.054849 -2.978584 -0.000357 0.027433 -1.489292 0 0.000003 0 92.608226 5.956344 90.802871 16.273841 0.337933 0.020906 -14.812768 0.822187 1.687709 9.428685 1.285062 -0.916843 102.307935 -71.799363 116.97758 87.849306 -41.755334 9.071294 77.500538 88.487678 76.126386 5.221485 1.980826 -4.785096 5.9679 -0.795482 -0.559109 5.567135 -15.315433 -24.893183 36.86432 -4.362316 -13.481114 118.643272 -21.244099 -37.868502 46.11183 -22.565877 -2.114792 -0.034264 0.000003 0 40.831045 -2.163692 8.600458 107.245462 8.764276 11.806815 66.897899 2.313627 6.521738 0 0.000003 0 21.174235 -0.333481 -20.403039 116.752047 -23.962678 -45.441713 41.989367 -28.215181 -16.578732 0 0.000003 0 15.240958 -2.11752 -2.977626 114.597095 -10.407102 -25.603312 35.860785 -14.378249 -14.551062 -0.019782 0.000003 0 25.57308 44.865063 59.697001 9.320288 -12.803672 17.377089 38.065433 -22.950587 -44.801721 -6.07677 7.97907 9.192813 0 0.000003 0 0 0.000003 0.000008 0.000002 0.000009 -31.699557 0.000003 0.000016 -63.399114 -0.000007 0.000016 -95.098677 -0.001623 0.017522 -9.763916 -0.000937 0.013171 -7.322936 -0.000438 0.008793 -4.881957 -0.000125 0.004401 -2.440977 0 -0.013986 0 -86.378138 -57.846434 106.672815 22.328168 -68.578666 11.425561 90.05017 0.410053 0.409419 2.070497 -5.186666 84.135882 -4.83478 -2.615359 -0.137144 -2.31197 -14.287039 -22.877688 42.540423 -9.635837 -19.384388 117.864603 -27.026756 -55.6309 40.096803 -33.205338 -11.112364 0 0.000003 0 40.780024 -4.644362 -13.492589 107.593938 -14.627408 -24.104414 64.261794 -23.854399 -14.245224 0 0.000003 0 21.20647 -1.872036 -3.996708 117.982082 -11.606879 -23.487736 45.998435 -16.632813 -12.843085 0 0.000003 0 15.181204 -3.326805 13.309863 119.649413 1.452722 -4.722133 37.330358 -5.154113 -5.12374 0 0.000003 0 25.57308 44.865063 59.697001 7.262527 4.440158 15.287002 -49.445006 25.334178 -16.83116 -6.07677 7.97907 9.192813 0 0.000003 0 0 0.000003 0.000008 0 -0.000004 -7.938195 0 0.000003 -15.876399 0.000002 0.000003 -23.814602 -0.000152 0.004907 -2.717315 -0.000092 0.00367 -2.037986 -0.000047 0.002455 -1.358657 -0.000016 0.001225 -0.679328 0 0.000003 0 25.921299 -1.309536 0.513705 -0.013941 -0.001145 -4.268802 0 0.000003 0 -26.05907 0.678056 -5.781615 -89.999999 -90 0 0 0.000003 0 0 0.000003 0 90.000009 -63.648278 -90.000009 -5.682401 0.000003 0 -28.319916 0.000003 0 -16.252152 0.000003 0 0 0.000003 0 89.999996 -84.450021 179.999995 0 0.000003 0 -90.000003 -84.450021 0 0 0.000003 0 0 0.000003 0
0 0 0 179.999991 0.000003 179.999991 0.225425 -0.07171300000000003 -4.551216 180.169612 -6.733621 -180.922234 -98.191892 -38.474979 -84.670317 49.859339 -2.893013 -13.707326 0 0.000003 0 9.854576 -1.85578 1.628365 75.504886 -7.992029 9.334273 -0.15412 1.329519 -0.522786 6.879086 10.351086 -0.874179 0 0.000003 0 0 0.000003 0 0 0.000003 0 0 0.000003 0 -0.002337 0.070196 -3.813573 -0.001315 0.05267 -2.860179 -0.000584 0.035123 -1.906786 0.013841 0.01772 -0.356791 0 0.000003 0 96.206561 -16.699885 89.981882 24.315482 -2.342213 -8.856858 0 0.000003 0 -5.739094 -3.579905 -1.066017 75.690319 -9.031782 11.401314 -0.421239 2.455134 -0.80889 -8.900683 9.998867 -0.866642 0 0.000003 0 0 0.000003 0 0 0.000003 0 0 0.000003 0 -0.003592 0.087012 -4.728602 -0.002021 0.065285 -3.546451 -0.000898 0.043538 -2.3643 -0.000225 0.021777 -1.18215 0 0.000003 0 91.976564 7.060977 91.059133 15.992266 0.078987 0.869393 -15.116914 0.157896 2.5625 9.140697 0.045492 -0.001694 107.815772 -71.697212 110.701729 87.046048 -44.35918 6.526457 148.271058 87.184779 146.861744 5.107603 2.258896 -7.863064 6.028831 -0.428742 -0.500255 5.567135 -15.315433 -24.893183 36.864276 -4.362303 -13.4811 118.643327 -21.244017 -37.868461 46.111768 -22.565802 -2.114792 -0.034264 0.000003 0 40.831042 -2.163726 8.600422 107.245407 8.76431 11.806788 66.897851 2.313647 6.521734 0 0.000003 0 21.174235 -0.333516 -20.633015 116.802044 -24.167686 -45.798556 41.894871 -28.397247 -16.647801 0 0.000003 0 15.24094 -2.117554 -2.96902 114.596248 -10.399186 -25.590089 35.862414 -14.371986 -14.548718 -0.019782 0.000003 0 25.57308 44.865063 59.697001 9.320324 -12.803652 17.377074 38.065454 -22.950587 -44.579282 -6.07677 7.97907 9.192813 0 0.000003 0 0 0.000003 0.000008 0.000002 0.000009 -32.523127 0.000003 0.000016 -65.046268 -0.000007 0.000016 -97.569403 -0.00139 0.016176 -9.006573 -0.000805 0.01216 -6.754929 -0.000377 0.008117 -4.503285 -0.000109 0.00406 -2.251642 0 -0.013986 0 -85.93632 -56.252093 106.392231 18.340386 -67.936874 17.87034 90.206855 0.410067 0.410532 2.238171 -5.116704 82.268686 -5.137164 -1.593009 -0.073454 -2.31197 -14.287039 -22.877688 42.540484 -9.635892 -19.384483 117.864658 -27.026776 -55.382869 40.234957 -33.045901 -11.083903 0 0.000003 0 40.780082 -4.644355 -13.492695 107.593747 -14.627496 -24.104468 64.262197 -23.854529 -14.24541 0 0.000003 0 21.206528 -1.87205 -3.996797 117.982137 -11.606934 -23.487859 45.998343 -16.632854 -12.843115 0 0.000003 0 15.181245 -3.326826 13.309781 119.649523 1.452654 -4.722297 37.33059 -5.154236 -5.12382 0 0.000003 0 25.57308 44.865063 59.697001 7.262459 4.440131 14.949378 -49.340405 25.590542 -16.883579 -6.07677 7.97907 9.192813 0 0.000003 0 0 0.000003 0.000008 0 0.000003 -8.434455 0 0.000003 -16.868916 0.000002 0.000003 -25.303378 -0.000365 0.00796 -4.420405 -0.000216 0.005979 -3.315303 -0.000106 0.003985 -2.210201 -0.000034 0.001997 -1.1051 0 0.000003 0 26.460153 -0.983879 0.604524 -0.013927 -0.001309 -4.953059 0 0.000003 0 -24.857111 1.636482 -7.028521 -89.999999 -90 0 0 0.000003 0 0 0.000003 0 90.000009 -63.648278 -90.000009 -5.682401 0.000003 0 -28.319916 0.000003 0 -16.252152 0.000003 0 0 0.000003 0 89.999996 -84.450021 179.999995 0 0.000003 0 -90.000003 -84.450021 0 0 0.000003 0 0 0.000003 0
0 0 0 179.999991 0.000003 179.999991 0.223374 -0.05583300000000002 -4.663936 179.435982 -6.469252 -179.939466 -97.504768 -34.052916 -87.392482 23.99231 -1.578891 -12.680998 0 0.000003 0 12.138471 1.4891 3.396466 75.504886 -7.992029 9.334273 -0.15412 1.329519 -0.522786 7.033043 10.151371 -0.743624 0 0.000003 0 0 0.000003 0 0 0.000003 0 0 0.000003 0 -0.001125 0.048729 -2.646011 -0.000633 0.036544 -1.984508 -0.000281 0.024373 -1.323006 0.013918 0.01227 -0.064902 0 0.000003 0 94.983315 -25.431695 87.959723 14.326884 -1.450497 -8.525338 0 0.000003 0 17.857181 -4.159262 4.618722 75.690319 -9.031782 11.401314 -0.421239 2.455134 -0.80889 -17.848012 9.291498 0.035913 0 0.000003 0 0 0.000003 0 0 0.000003 0 0 0.000003 0 -0.001624 0.058517 -3.178383 -0.000913 0.0439 -2.383787 -0.000406 0.02927 -1.589191 -0.000101 0.01464 -0.794595 0 0.000003 0 92.067774 8.356643 91.33081 15.657673 -0.112231 1.70073 -15.46306 -0.181681 3.424662 8.820394 -0.611661 0.857036 115.205528 -71.06515 102.516071 85.787818 -47.769367 5.194752 158.045086 86.037061 156.619243 5.064065 2.355086 -8.944611 5.987739 -1.255496 -0.624312 5.567135 -15.315433 -24.893183 36.864286 -4.362323 -13.481036 118.50593 -21.157772 -37.818744 46.097042 -22.596435 -2.126754 -0.034264 0.000003 0 40.831035 -2.163726 8.600412 107.245353 8.764283 11.806706 66.898103 2.313606 6.521717 0 0.000003 0 21.174228 -0.333529 -20.403049 116.751965 -23.962678 -45.441706 41.989421 -28.215208 -16.578746 0 0.000003 0 15.240959 -2.117575 -2.977618 114.597177 -10.407054 -25.603299 35.861198 -14.37829 -14.551137 -0.019782 0.000003 0 25.57308 44.865063 59.697001 9.320281 -12.803631 17.377094 38.065443 -22.950622 -44.801724 -6.07677 7.97907 9.192813 0 0.000003 0 0 0.000003 0.000008 0.000002 0.000009 -32.812447 0 0.000009 -65.624902 -0.000003 0.000009 -98.437356 -0.001282 0.015514 -8.633472 -0.000743 0.011655 -6.475103 -0.000349 0.007782 -4.316735 -0.000101 0.003896 -2.158367 0 -0.013986 0 -82.663737 -54.84627 103.362093 11.519399 -68.476694 25.983325 90.805555 0.409998 0.414804 2.476599 -5.005877 79.566547 -4.533401 -1.336734 -0.061492 -2.31197 -14.287039 -22.877688 42.540457 -9.635858 -19.384429 117.864658 -27.026694 -55.382814 40.235313 -33.046048 -11.084087 0 0.000003 0 40.780027 -4.644362 -13.492647 107.59361 -14.627435 -24.104386 64.262149 -23.854467 -14.245369 0 0.000003 0 21.206494 -1.87205 -3.996753 117.982028 -11.606893 -23.487832 45.998162 -16.632785 -12.843057 0 0.000003 0 15.181224 -3.326819 13.309801 119.649523 1.452702 -4.72227 37.329941 -5.154181 -5.123745 0 0.000003 0 25.57308 44.865063 59.697001 7.262508 4.44011 14.949368 -49.340388 25.590529 -16.883562 -6.07677 7.97907 9.192813 0 0.000003 0 0 0.000003 0.000008 0 0.000003 -9.152821 0 0.000003 -18.305653 0.000002 0.000003 -27.458484 -0.000568 0.010104 -5.609779 -0.000333 0.007584 -4.207333 -0.00016 0.005057 -2.804888 -0.000049 0.002523 -1.402443 0 0.000003 0 27.6102 -0.962699 0.509668 -0.01393 -0.001288 -4.8333 0 0.000003 0 -23.390864 2.597879 -7.152879 -89.999999 -90 0 0 0.000003 0 0 0.000003 0 90.000009 -63.648278 -90.000009 -5.682401 0.000003 0 -28.319916 0.000003 0 -16.252152 0.000003 0 0 0.000003 0 89.999996 -84.450021 179.999995 0 0.000003 0 -90.000003 -84.450021 0 0 0.000003 0 0 0.000003 0
0 0 0 179.999991 0.000003 179.999991 0.222636 -0.049880000000000035 -4.787993 181.13102 -5.563221 -179.945336 -94.555363 -30.382113 -89.167478 7.585509 -0.560449 -12.372821 0 0.000003 0 9.549357 1.493239 3.114832 75.504886 -7.992029 9.334273 -0.15412 1.329519 -0.522786 5.570124 9.914849 -0.39493 0 0.000003 0 0 0.000003 0 0 0.000003 0 0 0.000003 0 -0.000854 0.042438 -2.304542 -0.00048 0.031831 -1.728406 -0.000213 0.021224 -1.152271 0.013935 0.010678 0.020465 0 0.000003 0 96.399821 -30.220381 86.522398 12.758247 -1.305656 -8.487589 0 0.000003 0 33.114147 -5.570584 1.408767 75.690319 -9.031782 11.401314 -0.421239 2.455134 -0.80889 -13.699519 9.77371 -0.302372 0 0.000003 0 0 0.000003 0 0 0.000003 0 0 0.000003 0 -0.000969 0.045218 -2.455846 -0.000545 0.033928 -1.841884 -0.000242 0.022624 -1.227923 -0.000061 0.011306 -0.613961 0 0.000003 0 93.030168 9.221216 91.507104 15.404739 -0.11538 2.265493 -15.744119 0.029359 3.99022 8.496511 -0.306673 1.37024 120.641867 -70.899311 96.819024 84.286379 -49.192823 5.254085 155.698397 86.400331 154.27769 5.101925 2.27173 -8.006713 6.432985 -3.351325 -1.076536 5.567135 -15.315433 -24.893183 36.864327 -4.362323 -13.48109 118.64349 -21.243996 -37.868543 46.111837 -22.565884 -2.114785 -0.034264 0.000003 0 40.831096 -2.163719 8.600441 107.244998 8.76429 11.80672 66.897823 2.313668 6.521762 0 0.000003 0 21.174271 -0.333516 -20.403081 116.752047 -23.962699 -45.441774 41.989544 -28.215284 -16.578829 0 0.000003 0 15.24098 -2.117561 -2.977641 114.597232 -10.407129 -25.603319 35.860747 -14.378174 -14.551025 -0.019782 0.000003 0 25.57308 44.865063 59.697001 9.320262 -12.803686 17.377101 38.065443 -22.950553 -44.801704 -6.07677 7.97907 9.192813 0 0.000003 0 0 0.000003 0.000008 0.000002 0.000009 -32.561554 0.000003 0.000009 -65.123122 -0.000007 0.000016 -97.684689 -0.001317 0.015719 -8.752758 -0.000762 0.011812 -6.564568 -0.000358 0.007885 -4.376378 -0.000104 0.003944 -2.188188 0 -0.013986 0 -78.335972 -53.884429 99.319106 3.852392 -69.643031 33.789847 91.399659 0.409903 0.419046 2.623742 -4.930492 77.867654 -3.463736 -2.515174 -0.161762 -2.31197 -14.287039 -22.877688 42.540447 -9.635858 -19.384459 117.864794 -27.026687 -55.382978 40.234896 -33.04586 -11.083917 0 0.000003 0 40.780051 -4.644369 -13.49271 107.593665 -14.62751 -24.104523 64.262053 -23.854529 -14.245415 0 0.000003 0 21.206489 -1.872023 -3.996781 117.98211 -11.606886 -23.487935 45.998093 -16.632799 -12.843098 0 0.000003 0 15.181209 -3.326798 13.30978 119.649441 1.452688 -4.722365 37.330228 -5.154215 -5.123784 0 0.000003 0 25.57308 44.865063 59.697001 7.262462 4.440117 14.949346 -49.340378 25.590542 -16.883567 -6.07677 7.97907 9.192813 0 0.000003 0 0 0.000003 0.000008 0 0.000003 -9.604604 0 0.000003 -19.209217 0.000002 0.000003 -28.813829 -0.00063 0.010678 -5.929663 -0.000369 0.008021 -4.447246 -0.000177 0.005344 -2.96483 -0.000054 0.00268 -1.482414 0 0.000003 0 28.722226 -1.304823 0.469935 -0.01394 -0.001165 -4.349926 0 0.000003 0 -22.199384 2.724264 -6.485666 -89.999999 -90 0 0 0.000003 0 0 0.000003 0 90.000009 -63.648278 -90.000009 -5.682401 0.000003 0 -28.319916 0.000003 0 -16.252152 0.000003 0 0 0.000003 0 89.999996 -84.450021 179.999995 0 0.000003 0 -90.000003 -84.450021 0 0 0.000003 0 0 0.000003 0
0 0 0 179.999991 0.000003 179.999991 0.219561 -0.05213699999999999 -4.890115 181.765298 -6.217874 -180.715672 -94.675021 -31.162954 -87.554808 12.860151 -0.897047 -12.439891 0 0.000003 0 7.026804 -0.771174 2.713468 75.504886 -7.992029 9.334273 -0.15412 1.329519 -0.522786 4.624745 9.799507 -0.382949 0 0.000003 0 0 0.000003 0 0 0.000003 0 0 0.000003 0 -0.001783 0.061324 -3.330877 -0.001003 0.046004 -2.498157 -0.000446 0.030677 -1.665438 0.013876 0.015466 -0.236118 0 0.000003 0 96.486654 -27.541219 86.090983 23.16835 -2.242956 -8.810951 0 0.000003 0 38.118295 -3.512224 3.724499 75.690319 -9.031782 11.401314 -0.421239 2.455134 -0.80889 -4.544661 10.54313 -0.983889 0 0.000003 0 0 0.000003 0 0 0.000003 0 0 0.000003 0 -0.000717 0.038907 -2.112281 -0.000403 0.029181 -1.584211 -0.000179 0.019455 -1.05614 -0.000045 0.009729 -0.52807 0 0.000003 0 92.681774 9.066703 91.502323 15.460792 -0.102887 2.078169 -15.692874 0.154631 3.799189 8.780965 -0.040883 1.054379 117.967356 -71.252323 99.756935 84.666397 -48.023478 3.843897 143.622117 87.504486 142.21783 5.211042 2.008201 -5.085151 6.919694 -5.126266 -1.562075 5.567135 -15.315433 -24.893183 36.86432 -4.362296 -13.329104 118.604941 -21.113601 -37.646077 46.161366 -22.463267 -2.074649 -0.034264 0.000003 0 40.831055 -2.163726 8.764111 107.252128 8.920598 12.016775 66.90145 2.463112 6.731431 0 0.000003 0 21.174251 -0.333529 -20.403034 116.751719 -23.962746 -45.441604 41.98936 -28.215243 -16.578735 0 0.000003 0 15.240966 -2.117554 -2.977617 114.597177 -10.40715 -25.603258 35.860822 -14.378174 -14.551042 -0.019782 0.000003 0 25.57308 44.865063 59.697001 9.320278 -12.803699 17.377099 38.065426 -22.950533 -44.801721 -6.07677 7.97907 9.192813 0 0.000003 0 0 0.000003 0.000008 0.000002 0.000003 -31.779853 0.000003 0.000009 -63.559719 -0.000003 0.000016 -95.339578 -0.001198 0.014967 -8.332839 -0.000695 0.011252 -6.249628 -0.000327 0.007502 -4.166418 -0.000095 0.003752 -2.083208 0 -0.013986 0 -79.029967 -54.382469 99.969784 7.662112 -69.866368 28.706705 91.164939 0.409964 0.417372 2.592074 -4.947179 78.235514 -3.584901 -3.314292 -0.233371 -2.31197 -14.287039 -22.877688 42.491666 -9.723673 -19.442352 117.918343 -27.165784 -55.703109 40.106905 -33.193484 -11.110295 0 0.000003 0 40.775833 -4.74465 -13.591043 107.612434 -14.813059 -24.327945 64.225355 -24.000818 -14.336746 0 0.000003 0 21.206071 -1.934225 -4.292251 118.041368 -11.974426 -23.889147 45.965575 -16.78921 -12.92357 0 0.000003 0 15.177295 -3.3756 13.092538 119.66291 1.151709 -5.113667 37.328463 -5.298578 -5.184735 0 0.000003 0 25.57308 44.865063 59.697001 7.262494 4.440138 14.949346 -49.340399 25.590515 -16.883577 -6.07677 7.97907 9.192813 0 0.000003 0 0 0.000003 0.000008 0 0.000003 -9.506774 0 0.000003 -19.013556 0.000002 0.000003 -28.520338 -0.000471 0.009134 -5.071556 -0.000277 0.006853 -3.803667 -0.000134 0.004579 -2.535777 -0.000042 0.002291 -1.267888 0 0.000003 0 28.690333 -1.378282 0.554884 -0.013941 -0.001145 -4.276612 0 0.000003 0 -20.859048 3.007622 -6.4188 -89.999999 -90 0 0 0.000003 0 0 0.000003 0 90.000009 -63.648278 -90.000009 -5.682401 0.000003 0 -28.319916 0.000003 0 -16.252152 0.000003 0 0 0.000003 0 89.999996 -84.450021 179.999995 0 0.000003 0 -90.000003 -84.450021 0 0 0.000003 0 0 0.000003 0
0 0 0 179.999991 0.000003 179.999991 0.21666 -0.06468099999999999 -4.992344 182.193141 -6.860212 -181.413362 -95.028039 -31.579445 -85.652116 17.752155 -1.202432 -12.529495 0 0.000003 0 4.251551 -2.452083 2.263381 75.504886 -7.992029 9.334273 -0.15412 1.329519 -0.522786 3.844454 9.704684 -0.367819 0 0.000003 0 0 0.000003 0 0 0.000003 0 0 0.000003 0 -0.003275 0.083078 -4.514653 -0.001843 0.062335 -3.385989 -0.000819 0.041578 -2.257325 0.013782 0.020992 -0.53206 0 0.000003 0 96.181542 -24.585024 84.90046 33.934067 -3.133169 -9.317502 0 0.000003 0 41.857657 -1.855084 4.826198 75.690319 -9.031782 11.401314 -0.421239 2.455134 -0.80889 4.26574 11.417381 -1.506509 0 0.000003 0 0 0.000003 0 0 0.000003 0 0 0.000003 0 -0.000203 0.020712 -1.124537 -0.000114 0.015534 -0.843403 -0.000051 0.010357 -0.562269 -0.000013 0.00518 -0.281134 0 0.000003 0 92.110586 8.954469 91.486948 15.502357 -0.115011 1.833726 -15.658041 0.260424 3.557035 8.533104 0.238472 0.978937 114.226981 -71.565866 103.608745 84.441998 -47.151225 3.257351 119.720485 88.297621 118.331197 5.334944 1.650149 -1.20495 6.751133 -7.025995 -2.033829 5.567135 -15.315433 -24.893183 36.864338 -4.362275 -13.481025 118.642971 -21.244119 -37.868304 46.111908 -22.565802 -2.114763 -0.034264 0.000003 0 40.831062 -2.163699 8.600446 107.245161 8.764255 11.806774 66.897912 2.313647 6.521792 0 0.000003 0 21.174215 -0.333516 -20.403045 116.752102 -23.962705 -45.441768 41.989558 -28.215352 -16.578848 0 0.000003 0 15.240963 -2.117547 -2.977633 114.597095 -10.407211 -25.603306 35.86087 -14.378236 -14.551059 -0.019782 0.000003 0 25.57308 44.865063 59.697001 9.320315 -12.803686 17.377115 38.065437 -22.950594 -44.80169 -6.07677 7.97907 9.192813 0 0.000003 0 0 0.000003 0.000008 0.000002 0.000009 -30.741261 0 0.000009 -61.482535 -0.000003 0.000016 -92.22381 -0.001162 0.014735 -8.199014 -0.000674 0.011067 -6.149259 -0.000317 0.007393 -4.099506 -0.000093 0.003691 -2.049752 0 -0.013986 0 -80.185492 -54.976853 100.663738 9.580375 -68.71453 25.186084 91.46124 0.409937 0.419428 2.443681 -5.021997 79.943225 -3.491521 -4.50405 -0.351712 -2.31197 -14.287039 -22.877688 42.540495 -9.635796 -19.384377 117.864658 -27.026605 -55.382746 40.234828 -33.045607 -11.0838 0 0.000003 0 40.780024 -4.644314 -13.492611 107.593856 -14.627401 -24.104455 64.262286 -23.854467 -14.245452 0 0.000003 0 21.206484 -1.871961 -3.996737 117.982082 -11.606838 -23.487825 45.998203 -16.63271 -12.843032 0 0.000003 0 15.181209 -3.326737 13.309821 119.649468 1.45275 -4.722243 37.32988 -5.15414 -5.123747 0 0.000003 0 25.57308 44.865063 59.697001 7.262493 4.440151 14.949361 -49.340361 25.590461 -16.883534 -6.07677 7.97907 9.192813 0 0.000003 0 0 0.000003 0.000008 0 0.000003 -9.052666 0 0.000003 -18.105343 0.000002 0.000003 -27.158015 -0.000387 0.008212 -4.560279 -0.000229 0.006163 -3.420209 -0.000111 0.004107 -2.280138 -0.000035 0.002052 -1.140068 0 0.000003 0 28.447118 -1.410876 0.849981 -0.013941 -0.001138 -4.242838 0 0.000003 0 -19.552701 3.065637 -6.327976 -89.999999 -90 0 0 0.000003 0 0 0.000003 0 90.000009 -63.648278 -90.000009 -5.682401 0.000003 0 -28.319916 0.000003 0 -16.252152 0.000003 0 0 0.000003 0 89.999996 -84.450021 179.999995 0 0.000003 0 -90.000003 -84.450021 0 0 0.000003 0 0 0.000003 0
0 0 0 179.999991 0.000003 179.999991 0.21606 -0.08370999999999995 -5.076171 177.958789 -8.374527 -182.237702 -102.72681 -34.03024 -81.679637 35.053327 -2.197228 -13.046395 0 0.000003 0 8.473688 -7.130763 2.84302 75.504886 -7.992029 9.334273 -0.15412 1.329519 -0.522786 6.064693 10.003388 -0.801949 0 0.000003 0 0 0.000003 0 0 0.000003 0 0 0.000003 0 -0.004362 0.095864 -5.210771 -0.002454 0.071938 -3.908076 -0.001091 0.047978 -2.605384 0.013713 0.024243 -0.706088 0 0.000003 0 89.402054 -17.226889 84.235043 50.906076 -4.299608 -10.42599 0 0.000003 0 34.611427 0.912393 5.66806 75.690319 -9.031782 11.401314 -0.421239 2.455134 -0.80889 4.939432 11.424846 -1.717973 0 0.000003 0 0 0.000003 0 0 0.000003 0 0 0.000003 0 -0.000024 -0.007115 0.386384 -0.000014 -0.005339 0.289788 -0.000006 -0.003563 0.193192 -0.000002 -0.00178 0.096596 0 0.000003 0 89.509752 8.00844 91.14841 15.810843 -0.52905 1.212177 -15.232063 -0.836928 3.01608 9.158519 -1.4016 0.613472 106.384841 -71.593945 112.24292 84.780338 -45.884064 3.12935 66.601482 88.391851 65.231332 5.438377 1.267126 2.856651 4.630405 -8.184989 -1.970923 5.567135 -15.315433 -24.893183 36.864297 -4.362275 -13.481044 118.643217 -21.244112 -37.868488 46.111761 -22.565897 -2.114767 -0.034264 0.000003 0 40.831076 -2.163706 8.600458 107.245571 8.764167 11.806788 66.897987 2.313552 6.521738 0 0.000003 0 21.174203 -0.333522 -20.403023 116.751856 -23.96278 -45.441638 41.989373 -28.21527 -16.578747 0 0.000003 0 15.240958 -2.117561 -2.977652 114.597286 -10.407246 -25.603347 35.8613 -14.378345 -14.55117 -0.019782 0.000003 0 25.57308 44.865063 59.697001 9.320222 -12.803699 17.377152 38.06545 -22.950492 -44.801663 -6.07677 7.97907 9.192813 0 0.000003 0 0 0.000003 0.000008 0.000002 0.000009 -29.653717 0 0.000009 -59.307441 -0.000007 0.000016 -88.961165 -0.001149 0.014646 -8.149165 -0.000667 0.011006 -6.111874 -0.000314 0.007338 -4.074582 -0.000092 0.003677 -2.03729 0 -0.013986 0 -86.046252 -56.268424 105.959054 24.103902 -65.959532 8.232339 89.529799 0.41008 0.4057 2.372545 -5.055929 80.753108 -4.316442 -1.751388 -0.086719 -2.31197 -14.287039 -22.877688 42.540433 -9.635789 -19.384403 117.864931 -27.026598 -55.38291 40.234756 -33.045631 -11.083765 0 0.000003 0 40.779986 -4.644335 -13.492731 107.593938 -14.627544 -24.104612 64.262368 -23.854604 -14.245512 0 0.000003 0 21.206453 -1.871961 -3.996818 117.982055 -11.606968 -23.487935 45.998346 -16.632813 -12.843124 0 0.000003 0 15.181178 -3.32675 13.309774 119.649468 1.452654 -4.722352 37.329897 -5.154202 -5.123735 0 0.000003 0 25.57308 44.865063 59.697001 7.262441 4.440124 14.949365 -49.340344 25.590502 -16.883536 -6.07677 7.97907 9.192813 0 0.000003 0 0 0.000003 0.000008 0 0.000003 -8.837343 0 0.000003 -17.674694 0.000002 0.000003 -26.512045 -0.000098 0.003827 -2.11876 -0.000061 0.002871 -1.589069 -0.000031 0.001915 -1.059379 -0.000011 0.000959 -0.529689 0 0.000003 0 27.883236 -0.023425 0.688585 -0.01393 -0.001275 -4.788515 0 0.000003 0 -21.504789 2.483084 -6.94845 -89.999999 -90 0 0 0.000003 0 0 0.000003 0 90.000009 -63.648278 -90.000009 -5.682401 0.000003 0 -28.319916 0.000003 0 -16.252152 0.000003 0 0 0.000003 0 89.999996 -84.450021 179.999995 0 0.000003 0 -90.000003 -84.450021 0 0 0.000003 0 0 0.000003 0
0 0 0 179.999991 0.000003 179.999991 0.216866 -0.10372300000000001 -5.164358 177.273393 -8.678996 -184.167503 -103.292992 -32.067244 -83.111285 48.245598 -2.825824 -13.626839 0 0.000003 0 -2.937508 -6.729141 4.894595 75.504886 -7.992029 9.334273 -0.15412 1.329519 -0.522786 8.758827 10.355614 -0.897668 0 0.000003 0 0 0.000003 0 0 0.000003 0 0 0.000003 0 -0.003149 0.081473 -4.427283 -0.001772 0.06114 -3.320461 -0.000788 0.040765 -2.21364 0.01379 0.020589 -0.510218 0 0.000003 0 87.273282 -10.181904 84.136736 64.163234 -4.953367 -11.500338 0 0.000003 0 25.817108 0.563015 4.560334 75.690319 -9.031782 11.401314 -0.421239 2.455134 -0.80889 4.65236 11.41135 -1.779701 0 0.000003 0 0 0.000003 0 0 0.000003 0 0 0.000003 0 -0.000054 -0.010721 0.582009 -0.000031 -0.008043 0.436506 -0.000014 -0.005359 0.291004 -0.000003 -0.002675 0.145502 0 0.000003 0 89.270463 6.618647 91.063197 16.134269 -0.677047 0.631126 -14.843965 -1.348024 2.459865 9.634137 -2.153153 0.125157 107.376168 -70.848947 112.32409 85.823793 -47.286056 4.151225 28.428115 86.909836 27.084825 5.491612 1.010959 5.534161 2.891978 -8.987345 -1.913149 5.567135 -15.315433 -24.893183 36.864297 -4.362269 -13.481031 118.643245 -21.244119 -37.868509 46.112021 -22.566027 -2.11489 -0.034264 0.000003 0 40.831035 -2.163706 8.600458 107.245571 8.764167 11.806802 66.898028 2.313545 6.521758 0 0.000003 0 21.174199 -0.333509 -20.478097 116.768166 -24.029764 -45.558195 41.958313 -28.274699 -16.601256 0 0.000003 0 15.240925 -2.117561 -2.977644 114.597095 -10.407314 -25.603374 35.861058 -14.378358 -14.551117 -0.019782 0.000003 0 25.57308 44.865063 59.697001 9.320276 -12.803672 17.377104 38.065419 -22.95054 -44.801646 -6.07677 7.97907 9.192813 0 0.000003 0 0 0.000003 0.000008 0 0.000009 -28.936595 0 0.000003 -57.873197 -0.000003 0.000016 -86.809806 -0.001197 0.014967 -8.326523 -0.000694 0.011238 -6.244892 -0.000327 0.007509 -4.163261 -0.000095 0.003752 -2.081629 0 -0.013986 0 -88.186061 -57.874215 108.94791 39.591144 -64.817982 -9.542927 85.400423 0.408769 0.376261 2.121651 -5.166004 83.568935 -5.275031 -2.031405 -0.097307 -2.31197 -14.287039 -22.877688 42.540433 -9.635858 -19.384466 117.864685 -27.026776 -55.38291 40.234821 -33.045788 -11.083814 0 0.000003 0 40.779996 -4.644369 -13.492748 107.593747 -14.627578 -24.104571 64.262368 -23.85459 -14.245483 0 0.000003 0 21.206477 -1.872016 -3.996816 117.981973 -11.607016 -23.487914 45.998278 -16.632779 -12.843126 0 0.000003 0 15.18121 -3.326791 13.309747 119.649441 1.452613 -4.445524 37.331697 -4.971713 -5.046678 0 0.000003 0 25.57308 44.865063 59.697001 7.262483 4.44011 14.949406 -49.340399 25.590488 -16.883572 -6.07677 7.97907 9.192813 0 0.000003 0 0 0.000003 0.000008 0 0.000003 -8.088865 0 0.000003 -16.177738 0.000002 0.000003 -24.26661 -0.000017 -0.002764 1.531607 -0.000006 -0.002067 1.148706 0.000001 -0.001377 0.765805 0.000003 -0.000694 0.382903 0 0.000003 0 28.048848 0.611393 0.633827 -0.013931 -0.001254 -4.733684 0 0.000003 0 -23.795618 1.765367 -6.727395 -89.999999 -90 0 0 0.000003 0 0 0.000003 0 90.000009 -63.648278 -90.000009 -5.682401 0.000003 0 -28.319916 0.000003 0 -16.252152 0.000003 0 0 0.000003 0 89.999996 -84.450021 179.999995 0 0.000003 0 -90.000003 -84.450021 0 0 0.000003 0 0 0.000003 0
0 0 0 179.999991 0.000003 179.999991 0.216207 -0.11904300000000001 -5.258399 177.15575 -7.784234 -185.39344 -101.749314 -27.829562 -85.807503 55.894952 -3.123621 -14.024253 0 0.000003 0 -16.014774 -4.540297 5.737622 75.504886 -7.992029 9.334273 -0.15412 1.329519 -0.522786 10.653924 10.566783 -0.988081 0 0.000003 0 0 0.000003 0 0 0.000003 0 0 0.000003 0 -0.0019 0.063291 -3.438093 -0.001069 0.047486 -2.57857 -0.000475 0.03166 -1.719046 0.013869 0.015965 -0.262922 0 0.000003 0 85.966824 -1.076975 84.284111 74.151156 -5.273197 -12.392951 0 0.000003 0 17.565225 -1.349957 1.798098 75.690319 -9.031782 11.401314 -0.421239 2.455134 -0.80889 4.201731 11.409977 -1.832212 0 0.000003 0 0 0.000003 0 0 0.000003 0 0 0.000003 0 -0.000015 -0.00555 0.301344 -0.000008 -0.004164 0.226008 -0.000004 -0.002777 0.150672 -0.000001 -0.001391 0.075336 0 0.000003 0 88.86725 5.667489 90.92565 16.393393 -0.741667 0.031396 -14.586467 -1.547397 1.87488 9.881434 -2.368728 -0.378906 108.819496 -69.671342 111.844119 85.487276 -49.29642 9.251573 16.28656 84.779063 14.972938 5.531519 0.762108 8.113031 3.173993 -11.012264 -2.572715 5.567135 -15.315433 -24.893183 36.864297 -4.362255 -13.480957 118.643299 -21.244071 -37.868468 46.111901 -22.565932 -2.114797 -0.034264 0.000003 0 40.831028 -2.163719 8.600463 107.245189 8.764126 11.80672 66.897912 2.313497 6.521758 0 0.000003 0 21.17417 -0.333543 -20.097299 116.685849 -23.690201 -44.967787 42.113567 -27.97288 -16.485872 0 0.000003 0 15.240911 -2.117582 -2.977619 114.59745 -10.407375 -25.603572 35.860795 -14.378386 -14.551105 -0.019782 0.000003 0 25.57308 44.865063 59.697001 9.320297 -12.803706 17.377109 38.065389 -22.950574 -44.801622 -6.07677 7.97907 9.192813 0 0.000003 0 0 0.000003 0.000008 0 0.000009 -28.245783 0 0.000009 -56.491576 -0.000003 0.000016 -84.737376 -0.001637 0.017597 -9.806753 -0.000945 0.013233 -7.355064 -0.000441 0.008834 -4.903376 -0.000126 0.004422 -2.451687 0 -0.013986 0 -89.028845 -59.666771 110.674084 52.251132 -63.473017 -25.187586 83.077046 0.407109 0.359753 1.800643 -5.286175 87.091974 -5.756255 -3.585027 -0.184365 -2.31197 -14.287039 -22.877688 42.540413 -9.635823 -19.384425 117.864658 -27.026756 -55.382876 40.23535 -33.046065 -11.084106 0 0.000003 0 40.779965 -4.644349 -13.492672 107.59372 -14.627531 -24.104468 64.262176 -23.854495 -14.245323 0 0.000003 0 21.206441 -1.872016 -3.996798 117.982055 -11.606989 -23.487873 45.99866 -16.632867 -12.843203 0 0.000003 0 15.181156 -3.326785 13.309775 119.649413 1.452599 -4.722324 37.330027 -5.154168 -5.123742 0 0.000003 0 25.57308 44.865063 59.697001 7.262497 4.440131 14.949409 -49.340405 25.590461 -16.883567 -6.07677 7.97907 9.192813 0 0.000003 0 0 0.000003 0.000008 0 0.000003 -7.152747 0.000001 0.000003 -14.305502 0 0.000003 -21.458257 -0.000359 -0.009382 5.207305 -0.00019 -0.007046 3.90548 -0.000073 -0.004697 2.603654 -0.00001 -0.002347 1.301828 0 0.000003 0 28.094185 1.332893 0.534281 -0.013944 -0.001111 -4.114126 0 0.000003 0 -25.231272 1.427635 -5.83032 -89.999999 -90 0 0 0.000003 0 0 0.000003 0 90.000009 -63.648278 -90.000009 -5.682401 0.000003 0 -28.319916 0.000003 0 -16.252152 0.000003 0 0 0.000003 0 89.999996 -84.450021 179.999995 0 0.000003 0 -90.000003 -84.450021 0 0 0.000003 0 0 0.000003 0
0 0 0 179.999991 0.000003 179.999991 0.214613 -0.12728499999999998 -5.348665 177.32421 -6.15576 -185.297572 -100.024343 -22.877689 -87.862263 59.318199 -3.239153 -14.21425 0 0.000003 0 -24.45942 -2.308478 4.896736 75.504886 -7.992029 9.334273 -0.15412 1.329519 -0.522786 11.66578 10.694583 -0.954522 0 0.000003 0 0 0.000003 0 0 0.000003 0 0 0.000003 0 -0.001239 0.051126 -2.776426 -0.000697 0.038347 -2.082319 -0.00031 0.025575 -1.388213 0.01391 0.012884 -0.097506 0 0.000003 0 85.217285 10.003593 83.913389 79.127086 -5.373533 -12.854986 0 0.000003 0 6.668109 -4.041202 -6.184679 75.690319 -9.031782 11.401314 -0.421239 2.455134 -0.80889 3.889346 11.452427 -1.874682 0 0.000003 0 0 0.000003 0 0 0.000003 0 0 0.000003 0 -0.000008 -0.004171 0.22621 -0.000005 -0.003126 0.169657 -0.000002 -0.002081 0.113105 -0.000001 -0.001043 0.056552 0 0.000003 0 88.221203 5.307715 90.631399 16.520872 -0.721061 -0.635516 -14.534641 -1.611615 1.21426 9.837393 -2.392879 -0.960293 106.477977 -68.512018 114.882952 82.648021 -51.137043 17.532488 14.492075 84.15783 13.186834 5.548325 0.627711 9.498679 4.664553 -11.67094 -3.093128 5.567135 -15.315433 -24.893183 36.8643 -4.362289 -13.480913 118.643381 -21.244065 -37.868488 46.111857 -22.565959 -2.114796 -0.034264 0.000003 0 40.831045 -2.163726 8.600496 107.245298 8.764085 11.806747 66.897782 2.313511 6.521769 0 0.000003 0 21.17422 -0.333536 -20.402993 116.752102 -23.962869 -45.441925 41.989298 -28.215482 -16.578807 0 0.000003 0 15.240961 -2.117568 -2.977605 114.59745 -10.407423 -25.603565 35.860798 -14.378372 -14.551076 -0.019782 0.000003 0 25.57308 44.865063 59.697001 9.320328 -12.80372 17.377092 38.065348 -22.95054 -44.801588 -6.07677 7.97907 9.192813 0 0.000003 0 0 0.000003 0.000008 0 0.000009 -27.874571 0 0.000009 -55.749151 -0.000003 0.000016 -83.623727 -0.002685 0.022686 -12.684386 -0.001544 0.017078 -9.513289 -0.000714 0.011416 -6.342192 -0.000199 0.005726 -3.171095 0 -0.013986 0 -89.311711 -61.531719 111.153495 59.728816 -61.870947 -36.453631 84.773958 0.408393 0.371883 1.704416 -5.317901 88.133332 -5.206536 -4.233581 -0.23761 -2.31197 -14.287039 -22.877688 42.590259 -9.545665 -19.324729 117.810207 -26.883738 -55.126887 40.325433 -32.940412 -11.064538 0 0.000003 0 40.784125 -4.541459 -13.391629 107.574896 -14.437037 -23.875896 64.299674 -23.704879 -14.151805 0 0.000003 0 21.206757 -1.808201 -3.97062 117.960717 -11.472304 -23.278555 46.020845 -16.525586 -12.78791 0 0.000003 0 15.18508 -3.276712 13.323106 119.644031 1.579982 -4.513635 37.330761 -5.064672 -5.08595 0 0.000003 0 25.57308 44.865063 59.697001 7.262508 4.440158 14.949431 -49.340405 25.59042 -16.883536 -6.07677 7.97907 9.192813 0 0.000003 0 0 0.000003 0.000008 0 0.000003 -6.87611 0.000001 0.000003 -13.752229 0 0.000003 -20.628348 -0.001025 -0.015283 8.499864 -0.000557 -0.011479 6.374898 -0.000229 -0.007654 4.249932 -0.000043 -0.003829 2.124967 0 0.000003 0 27.579419 1.948471 0.461751 -0.013962 -0.000851 -3.080724 0 0.000003 0 -26.154833 1.261907 -4.402007 -89.999999 -90 0 0 0.000003 0 0 0.000003 0 90.000009 -63.648278 -90.000009 -5.682401 0.000003 0 -28.319916 0.000003 0 -16.252152 0.000003 0 0 0.000003 0 89.999996 -84.450021 179.999995 0 0.000003 0 -90.000003 -84.450021 0 0 0.000003 0 0 0.000003 0
0 0 0 179.999991 0.000003 179.999991 0.21555 -0.12796600000000002 -5.449204 177.987886 -4.650113 -184.232363 -98.030201 -15.554606 -89.11608 57.549528 -3.180864 -14.115243 0 0.000003 0 -30.985143 -0.667949 3.163268 75.504886 -7.992029 9.334273 -0.15412 1.329519 -0.522786 11.459464 10.702233 -0.811388 0 0.000003 0 0 0.000003 0 0 0.000003 0 0 0.000003 0 -0.00117 0.049678 -2.697363 -0.000658 0.037254 -2.023022 -0.000293 0.024844 -1.348681 0.013915 0.012515 -0.07774 0 0.000003 0 85.270499 21.349603 82.310569 77.946091 -5.353329 -12.744556 0 0.000003 0 -3.740111 -3.06762 -3.244052 75.690319 -9.031782 11.401314 -0.421239 2.455134 -0.80889 3.809323 11.48403 -1.902098 0 0.000003 0 0 0.000003 0 0 0.000003 0 0 0.000003 0 -0.000178 -0.019375 1.051755 -0.0001 -0.014525 0.788816 -0.000044 -0.00969 0.525877 -0.000011 -0.00484 0.262939 0 0.000003 0 87.588693 5.317592 90.136203 16.5398 -0.608916 -1.413414 -14.613466 -1.490352 0.433267 9.631458 -2.115963 -1.684933 101.826407 -66.928533 119.892677 77.611385 -52.80211 27.565629 17.694138 85.178424 16.375184 5.552757 0.587091 9.916704 5.720955 -10.918342 -3.070779 5.567135 -15.315433 -24.893183 36.864279 -4.362282 -13.480961 118.643736 -21.244044 -37.868693 46.111898 -22.566061 -2.114835 -0.034264 0.000003 0 40.831038 -2.163706 8.600438 107.245243 8.76403 11.806651 66.897987 2.313435 6.521745 0 0.000003 0 21.174189 -0.333529 -20.403006 116.752211 -23.96289 -45.442027 41.9891 -28.215413 -16.578739 0 0.000003 0 15.240939 -2.117575 -2.963827 114.596139 -10.394828 -25.58248 35.863769 -14.368544 -14.547422 -0.019782 0.000003 0 25.57308 44.865063 59.697001 9.320355 -12.803706 17.377062 38.065307 -22.950594 -44.801574 -6.07677 7.97907 9.192813 0 0.000003 0 0 0.000003 0.000008 0 0.000009 -27.762579 0 0.000009 -55.525166 -0.000003 0.000016 -83.28775 -0.004643 0.029905 -16.830413 -0.00266 0.022576 -12.622808 -0.001221 0.015125 -8.415205 -0.000333 0.007577 -4.207601 0 -0.013986 0 -89.024856 -63.536401 110.373255 64.133045 -60.570959 -44.913712 88.705265 0.410019 0.399856 1.932117 -5.239661 85.658789 -4.075987 -4.041359 -0.263409 -2.31197 -14.287039 -22.877688 42.540402 -9.635817 -19.384511 117.865204 -27.026694 -55.383204 40.235108 -33.046089 -11.083961 0 0.000003 0 40.779969 -4.644342 -13.492663 107.593747 -14.627544 -24.104448 64.261992 -23.854467 -14.245256 0 0.000003 0 21.206436 -1.872016 -4.27702 118.021725 -11.852247 -23.869373 45.957105 -16.828026 -12.943407 0 0.000003 0 15.181146 -3.326778 13.309787 119.64955 1.452586 -4.722284 37.330734 -5.154188 -5.123798 0 0.000003 0 25.57308 44.865063 59.697001 7.262478 4.440158 14.949454 -49.340436 25.59042 -16.883555 -6.07677 7.97907 9.192813 0 0.000003 0 0 0.000003 0.000008 0 0.000003 -7.53352 0 0.000003 -15.067049 0.000002 0.000003 -22.600577 -0.001898 -0.020474 11.418186 -0.001041 -0.0154 8.56364 -0.000439 -0.010284 5.709094 -0.000091 -0.005147 2.854548 0 0.000003 0 26.584835 2.711922 0.475573 -0.013977 -0.000564 -1.897424 0 0.000003 0 -27.032461 0.923635 -2.683652 -89.999999 -90 0 0 0.000003 0 0 0.000003 0 90.000009 -63.648278 -90.000009 -5.682401 0.000003 0 -28.319916 0.000003 0 -16.252152 0.000003 0 0 0.000003 0 89.999996 -84.450021 179.999995 0 0.000003 0 -90.000003 -84.450021 0 0 0.000003 0 0 0.000003 0
0 0 0 179.999991 0.000003 179.999991 0.217923 -0.12050799999999995 -5.54731 179.039817 -3.200242 -182.621258 -95.856494 -6.501573 -89.818265 49.896004 -2.894529 -13.709163 0 0.000003 0 -33.892847 0.970538 1.863798 75.504886 -7.992029 9.334273 -0.15412 1.329519 -0.522786 9.078367 10.478168 -0.948332 0 0.000003 0 0 0.000003 0 0 0.000003 0 0 0.000003 0 -0.001323 0.052827 -2.86931 -0.000744 0.039631 -2.151982 -0.000331 0.026422 -1.434654 0.013905 0.013315 -0.120727 0 0.000003 0 86.120694 30.958497 80.224356 69.81553 -5.153485 -11.998699 0 0.000003 0 -6.148897 -1.631368 -1.625228 75.690319 -9.031782 11.401314 -0.421239 2.455134 -0.80889 3.967428 11.53094 -1.885119 0 0.000003 0 0 0.000003 0 0 0.000003 0 0 0.000003 0 -0.000827 -0.041771 2.268052 -0.000465 -0.031328 1.701039 -0.000207 -0.020884 1.134026 -0.000052 -0.010441 0.567013 0 0.000003 0 87.075336 5.662953 89.545952 16.476996 -0.47557 -2.224298 -14.774068 -1.188396 -0.379525 9.341105 -1.296285 -2.467065 97.017551 -64.959275 124.917183 71.447255 -54.074851 37.49597 23.137614 86.261788 21.803774 5.562711 0.483402 10.982331 6.05728 -10.19594 -2.910674 5.567135 -15.315433 -24.893183 36.864256 -4.362269 -13.480884 118.643163 -21.244153 -37.86842 46.111918 -22.565986 -2.114779 -0.034264 0.000003 0 40.831014 -2.163726 8.600487 107.245243 8.764064 11.806733 66.897933 2.313531 6.52181 0 0.000003 0 21.174136 -0.333557 -20.40296 116.752047 -23.962903 -45.441945 41.989466 -28.215557 -16.743645 0 0.000003 0 15.240893 -2.117575 -2.977622 114.597122 -10.407532 -25.603647 35.861095 -14.378543 -14.551192 -0.019782 0.000003 0 25.57308 44.865063 59.697001 9.320338 -12.803713 17.377082 38.065351 -22.950553 -44.546552 -6.07677 7.97907 9.192813 0 0.000003 0 0 0.000003 0.000008 0.000001 0.000009 -27.477083 0 0.000009 -54.954172 -0.000003 0.000016 -82.431258 -0.007507 0.037944 -21.563754 -0.004297 0.028771 -16.172812 -0.001964 0.019332 -10.781875 -0.000527 0.009708 -5.390936 0 -0.013986 0 -88.403152 -65.547405 109.012387 67.231512 -59.659818 -52.062823 92.718452 0.409684 0.428509 2.339029 -5.071488 81.13288 -2.858181 -3.62956 -0.275201 -2.31197 -14.287039 -22.877688 42.54045 -9.635823 -19.384517 117.864931 -27.026715 -55.382978 40.235053 -33.045972 -11.083929 0 0.000003 0 40.780017 -4.644321 -13.49269 107.59402 -14.627483 -24.104564 64.26219 -23.85459 -14.021137 0 0.000003 0 21.206484 -1.872002 -3.996816 117.982328 -11.606941 -23.487894 45.998435 -16.632847 -12.843141 0 0.000003 0 15.181204 -3.326778 13.309759 119.649632 1.452627 -4.722324 37.330139 -5.154222 -5.123735 0 0.000003 0 25.57308 44.865063 59.697001 7.262463 4.440158 14.94946 -49.340443 25.590406 -16.883562 -6.07677 7.97907 9.192813 0 0.000003 0 0 0.000003 0.000008 0 0.000003 -8.736381 0 0.000003 -17.47277 0.000001 0.000003 -26.209157 -0.002899 -0.025057 14.018168 -0.0016 -0.018876 10.513627 -0.000682 -0.012627 7.009085 -0.000148 -0.006315 3.504543 0 0.000003 0 25.742218 3.312665 0.537797 -0.013986 -0.000257 -0.626871 0 0.000003 0 -27.725787 0.451724 -0.768685 -89.999999 -90 0 0 0.000003 0 0 0.000003 0 90.000009 -63.648278 -90.000009 -5.682401 0.000003 0 -28.319916 0.000003 0 -16.252152 0.000003 0 0 0.000003 0 89.999996 -84.450021 179.999995 0 0.000003 0 -90.000003 -84.450021 0 0 0.000003 0 0 0.000003 0
0 0 0 179.999991 0.000003 179.999991 0.220771 -0.10436000000000001 -5.649675 180.292979 -1.463529 -181.088632 -93.55026 3.243495 -90.380519 40.434614 -2.469732 -13.265575 0 0.000003 0 -28.981025 2.295554 2.332469 75.504886 -7.992029 9.334273 -0.15412 1.329519 -0.522786 3.216703 9.993573 -0.641137 0 0.000003 0 0 0.000003 0 0 0.000003 0 0 0.000003 0 -0.001276 0.051871 -2.817024 -0.000717 0.038914 -2.112767 -0.000319 0.025944 -1.408512 0.013908 0.013075 -0.107655 0 0.000003 0 88.087877 36.679628 78.733578 54.993774 -4.527525 -10.740778 0 0.000003 0 -6.089979 0.106342 -0.262206 75.690319 -9.031782 11.401314 -0.421239 2.455134 -0.80889 3.645094 11.380382 -1.845274 0 0.000003 0 0 0.000003 0 0 0.000003 0 0 0.000003 0 -0.001815 -0.061865 3.360436 -0.001021 -0.046415 2.520326 -0.000454 -0.030945 1.680217 -0.000113 -0.015475 0.840109 0 0.000003 0 86.720221 6.296822 89.082483 16.372144 -0.371116 -2.987543 -14.938529 -0.761338 -1.141518 9.122562 -0.512214 -3.194245 93.96811 -62.832798 128.209771 66.074034 -55.353763 45.73842 25.835488 86.626807 24.496487 5.571574 0.367002 12.176486 5.769018 -9.818176 -2.729326 5.567135 -15.315433 -24.893183 36.864286 -4.362289 -13.48092 118.643436 -21.244119 -37.848701 46.118564 -22.551595 -2.109096 -0.034264 0.000003 0 40.831062 -2.163713 8.600491 107.245571 8.764023 11.806733 66.898056 2.313435 6.521751 0 0.000003 0 21.174169 -0.33355 -20.402962 116.752266 -23.96289 -45.442061 41.989548 -28.215639 -16.578956 0 0.000003 0 15.240956 -2.117568 -2.977625 114.59745 -10.407485 -25.603695 35.861294 -14.378557 -14.645467 -0.019782 0.000003 0 25.57308 44.865063 59.697001 9.320353 -12.803713 17.377067 38.065317 -22.950587 -44.801584 -6.07677 7.97907 9.192813 0 0.000003 0 0 0.000003 0.000008 0 0.000009 -27.157141 0 0.000009 -54.314293 -0.000003 0.000016 -81.471439 -0.010385 0.044426 -25.495558 -0.005947 0.033826 -19.121664 -0.002712 0.022802 -12.747775 -0.000721 0.01147 -6.373886 0 -0.013986 0 -87.332015 -67.019089 107.178522 68.167364 -59.178321 -56.917428 96.096459 0.407833 0.452538 2.827767 -4.816565 75.46646 -1.896602 -3.08546 -0.259593 -2.31197 -14.287039 -22.877688 42.54046 -9.63583 -19.415666 117.875531 -27.053182 -55.430892 40.218203 -33.065678 -11.087552 0 0.000003 0 40.78003 -4.644335 -13.557929 107.600277 -14.689501 -24.179088 64.249773 -23.903324 -14.275828 0 0.000003 0 21.206486 -1.872009 -3.99683 117.982355 -11.606866 -23.487914 45.998421 -16.63284 -12.843196 0 0.000003 0 15.181207 -3.326798 13.30973 119.649796 1.452661 -4.722365 37.330443 -5.154263 -5.12381 0 0.000003 0 25.57308 44.865063 59.697001 7.262438 4.440179 14.949467 -49.340446 25.590406 -16.883551 -6.07677 7.97907 9.192813 0 0.000003 0 0 0.000003 0.000008 0 -0.000004 -10.243332 0 0.000003 -20.486671 0 0.000003 -30.730011 -0.003928 -0.028985 16.264941 -0.002177 -0.021861 12.198706 -0.000934 -0.014635 8.132471 -0.000207 -0.007333 4.066236 0 0.000003 0 25.411859 3.5489 0.764495 -0.013988 0.000132 0.977888 0 0.000003 0 -27.90453 0.367241 1.463697 -89.999999 -90 0 0 0.000003 0 0 0.000003 0 90.000009 -63.648278 -90.000009 -5.682401 0.000003 0 -28.319916 0.000003 0 -16.252152 0.000003 0 0 0.000003 0 89.999996 -84.450021 179.999995 0 0.000003 0 -90.000003 -84.450021 0 0 0.000003 0 0 0.000003 0
0 0 0 179.999991 0.000003 179.999991 0.224144 -0.086001 -5.749646 181.306911 0.164098 -180.002682 -91.819831 13.752629 -90.864875 29.343268 -1.886892 -12.842846 0 0.000003 0 -16.884115 2.384934 3.579267 75.504886 -7.992029 9.334273 -0.15412 1.329519 -0.522786 -5.491762 9.322528 -0.084687 0 0.000003 0 0 0.000003 0 0 0.000003 0 0 0.000003 0 -0.000992 0.045737 -2.483812 -0.000558 0.034311 -1.862859 -0.000248 0.022877 -1.241906 0.013926 0.011518 -0.024353 0 0.000003 0 90.38541 37.446726 78.198426 35.590849 -3.261024 -9.409938 0 0.000003 0 -2.92825 2.194529 1.838146 75.690319 -9.031782 11.401314 -0.421239 2.455134 -0.80889 2.791116 11.19639 -1.788418 0 0.000003 0 0 0.000003 0 0 0.000003 0 0 0.000003 0 -0.002778 -0.076523 4.157951 -0.001563 -0.057419 3.118462 -0.000695 -0.038288 2.078974 -0.000174 -0.019143 1.039487 0 0.000003 0 86.344663 7.142919 88.791646 16.113834 -0.259149 -3.687133 -15.138028 -0.333167 -1.854592 9.029221 -0.004587 -3.866128 94.450021 -61.211326 128.219689 62.844598 -57.49598 50.860785 23.220458 86.274424 21.886498 5.57724 0.267056 13.200478 5.193947 -9.431382 -2.489975 5.567135 -15.315433 -24.893183 36.864259 -4.362275 -13.480931 118.643299 -21.244126 -37.868556 46.112041 -22.566116 -2.114891 -0.034264 0.000003 0 40.831045 -2.163719 8.600472 107.245161 8.76405 11.80672 66.897823 2.313524 6.521765 0 0.000003 0 21.174169 -0.333536 -20.403003 116.752129 -23.962903 -45.44202 41.989035 -28.215441 -16.578717 0 0.000003 0 15.240932 -2.117568 -2.977658 114.597122 -10.407485 -25.603654 35.86085 -14.378509 -14.551151 -0.019782 0.000003 0 25.57308 44.865063 59.697001 9.320334 -12.803747 17.37707 38.065331 -22.950553 -44.801564 -6.07677 7.97907 9.192813 0 0.000003 0 0 0.000003 0.000008 0 0.000009 -26.882783 0 0.000009 -53.765572 0 0.000009 -80.64836 -0.011484 0.046625 -26.854053 -0.006575 0.035547 -20.140537 -0.002997 0.02399 -13.427025 -0.000796 0.012085 -6.713511 0 -0.013986 0 -84.793725 -67.729221 103.994794 66.776813 -59.827636 -58.898217 98.397932 0.405743 0.468848 3.242192 -4.548309 70.393145 -0.873954 -2.745843 -0.264026 -2.31197 -14.287039 -22.877688 42.540515 -9.635776 -19.384494 117.86463 -27.026667 -55.382773 40.234964 -33.045836 -11.083886 0 0.000003 0 40.780054 -4.64428 -13.492688 107.593911 -14.627415 -24.104523 64.261978 -23.854522 -14.24537 0 0.000003 0 21.206508 -1.871934 -3.996814 117.982383 -11.60675 -23.487846 45.998735 -16.632813 -12.843285 0 0.000003 0 15.181222 -3.326723 13.309773 119.649687 1.452784 -4.722284 37.33029 -5.154202 -5.123786 0 0.000003 0 25.57308 44.865063 59.697001 7.262422 4.440213 14.949459 -49.34044 25.590365 -16.883519 -6.07677 7.97907 9.192813 0 0.000003 0 0 0.000003 0.000008 0.000001 -0.000004 -11.593593 0.000002 0.000003 -23.187194 0 0.000003 -34.780792 -0.004616 -0.0313 17.603132 -0.002562 -0.02363 13.202348 -0.001104 -0.01583 8.801566 -0.000248 -0.007927 4.400784 0 0.000003 0 25.997662 3.033563 0.89927 -0.013979 0.000508 2.516917 0 0.000003 0 -27.595815 0.027596 3.707803 -89.999999 -90 0 0 0.000003 0 0 0.000003 0 90.000009 -63.648278 -90.000009 -5.682401 0.000003 0 -28.319916 0.000003 0 -16.252152 0.000003 0 0 0.000003 0 89.999996 -84.450021 179.999995 0 0.000003 0 -90.000003 -84.450021 0 0 0.000003 0 0 0.000003 0
0 0 0 179.999991 0.000003 179.999991 0.227992 -0.07208899999999996 -5.855103 180.948449 1.051469 -179.476007 -92.203408 24.0642 -90.58759 18.094634 -1.223523 -12.53674 0 0.000003 0 0.167242 -0.193107 3.22667 75.504886 -7.992029 9.334273 -0.15412 1.329519 -0.522786 -12.851916 8.93792 0.392251 0 0.000003 0 0 0.000003 0 0 0.000003 0 0 0.000003 0 -0.001199 0.050293 -2.731329 -0.000674 0.037726 -2.048497 -0.0003 0.025158 -1.365664 0.013913 0.012666 -0.086232 0 0.000003 0 90.790645 35.109804 78.405189 17.751423 -1.762699 -8.621421 0 0.000003 0 0.511114 4.655849 4.022661 75.690319 -9.031782 11.401314 -0.421239 2.455134 -0.80889 2.377728 11.088029 -1.688162 0 0.000003 0 0 0.000003 0 0 0.000003 0 0 0.000003 0 -0.002878 -0.077889 4.232355 -0.001619 -0.058437 3.174266 -0.00072 -0.038971 2.116176 -0.00018 -0.019491 1.058088 0 0.000003 0 85.494769 8.178505 88.525242 15.803523 -0.281982 -4.334855 -15.393266 -0.177931 -2.505808 8.838634 0.720895 -4.469596 97.551316 -59.983112 125.371473 59.675697 -60.195476 55.046687 21.139401 85.930032 19.810243 5.578507 0.239018 13.487559 4.462482 -8.797274 -2.157802 5.567135 -15.315433 -24.893183 36.864279 -4.362282 -13.480923 118.643463 -21.244051 -37.868604 46.111953 -22.566116 -2.114876 -0.034264 0.000003 0 40.831055 -2.163719 8.600453 107.245517 8.76403 11.80672 66.897892 2.313456 6.521717 0 0.000003 0 21.174153 -0.333529 -20.403018 116.752102 -23.962897 -45.44202 41.98939 -28.215536 -16.578874 0 0.000003 0 15.24092 -2.117547 -2.977662 114.597341 -10.407464 -25.603736 35.860754 -14.378488 -14.551124 -0.019782 0.000003 0 25.57308 44.865063 59.697001 9.320348 -12.803699 17.37707 38.065334 -22.950567 -44.801595 -6.07677 7.97907 9.192813 0 0.000003 0 0 0.000003 0.000008 0 0.000009 -26.805863 0 0.000009 -53.611736 0.000003 0.000009 -80.417609 -0.011484 0.046625 -26.85614 -0.006577 0.03556 -20.142102 -0.002998 0.02399 -13.428067 -0.000796 0.012085 -6.714032 0 -0.013986 0 -81.086763 -67.931075 100.218997 64.924677 -61.3739 -59.378372 99.846629 0.404083 0.478991 3.553918 -4.309321 66.357917 0.301594 -2.630857 -0.308205 -2.31197 -14.287039 -22.877688 42.540471 -9.635796 -19.384524 117.864767 -27.02666 -55.382958 40.234937 -33.045983 -11.083934 0 0.000003 0 40.780003 -4.644308 -13.492746 107.593638 -14.627476 -24.104564 64.262012 -23.854583 -14.245452 0 0.000003 0 21.20647 -1.871934 -3.996806 117.982082 -11.606797 -23.487825 45.99824 -16.632703 -12.84317 0 0.000003 0 15.181199 -3.32673 13.309758 119.649796 1.452784 -4.722365 37.330105 -5.154215 -5.123803 0 0.000003 0 25.57308 44.865063 59.697001 7.262439 4.440227 14.949467 -49.340426 25.590351 -16.883519 -6.07677 7.97907 9.192813 0 0.000003 0 0 0.000003 0.000008 0.000001 0.000003 -12.668328 0.000002 0.000003 -25.336664 0 0.000003 -38.005 -0.004738 -0.03169 17.831718 -0.00263 -0.023924 13.37379 -0.001133 -0.016035 8.915859 -0.000255 -0.008037 4.45793 0 0.000003 0 27.498625 2.841279 1.2328 -0.013966 0.000795 3.682962 0 0.000003 0 -26.71788 -0.340776 5.428081 -89.999999 -90 0 0 0.000003 0 0 0.000003 0 90.000009 -63.648278 -90.000009 -5.682401 0.000003 0 -28.319916 0.000003 0 -16.252152 0.000003 0 0 0.000003 0 89.999996 -84.450021 179.999995 0 0.000003 0 -90.000003 -84.450021 0 0 0.000003 0 0 0.000003 0
0 0 0 179.999991 0.000003 179.999991 0.230435 -0.06534600000000002 -5.962206 179.567617 1.789983 -178.999901 -93.996722 31.292016 -90.102981 11.650114 -0.820412 -12.421768 0 0.000003 0 15.396858 -2.323423 -0.119164 75.504886 -7.992029 9.334273 -0.15412 1.329519 -0.522786 -11.614563 9.310158 0.290293 0 0.000003 0 0 0.000003 0 0 0.000003 0 0 0.000003 0 -0.001784 0.061344 -3.331791 -0.001004 0.046011 -2.498843 -0.000446 0.030684 -1.665895 0.013876 0.015473 -0.236347 0 0.000003 0 90.131504 33.617654 79.97071 7.650643 -0.82781 -8.392366 0 0.000003 0 0.476501 6.515566 4.986296 75.690319 -9.031782 11.401314 -0.421239 2.455134 -0.80889 2.330242 11.099852 -1.596941 0 0.000003 0 0 0.000003 0 0 0.000003 0 0 0.000003 0 -0.001577 -0.057665 3.132065 -0.000887 -0.04326 2.349048 -0.000394 -0.028841 1.566032 -0.000099 -0.014423 0.783016 0 0.000003 0 84.660598 9.336666 88.360948 15.509563 -0.345919 -4.753246 -15.684727 -0.300444 -2.92812 8.557526 0.610731 -4.840127 99.947791 -59.475311 122.84209 54.870123 -62.635697 60.49323 23.058621 86.249753 21.724982 5.570679 0.380376 12.039382 3.661625 -7.501601 -1.659237 5.567135 -15.315433 -24.893183 36.86429 -4.362289 -13.480926 118.643299 -21.244058 -37.868509 46.111755 -22.565966 -2.114785 -0.034264 0.000003 0 40.831028 -2.163713 8.600463 107.245462 8.764071 11.806733 66.898049 2.31347 6.521711 0 0.000003 0 21.174177 -0.333516 -20.402987 116.752102 -23.962794 -45.441918 41.989155 -28.215379 -16.578729 0 0.000003 0 15.24091 -2.117547 -2.977635 114.597314 -10.407382 -25.603668 35.861143 -14.37857 -14.551225 -0.019782 0.000003 0 25.57308 44.865063 59.697001 9.320389 -12.803734 17.377036 38.065273 -22.950574 -44.80156 -6.07677 7.97907 9.192813 0 0.000003 0 0 0.000003 0.000008 0 0.000003 -27.193872 0 0.000009 -54.387758 -0.000003 0.000016 -81.581637 -0.011736 0.04711 -27.159665 -0.006723 0.035943 -20.369747 -0.003064 0.024257 -13.57983 -0.000813 0.012222 -6.789913 0 -0.013986 0 -82.322644 -67.629302 100.881757 61.271018 -61.674002 -56.700279 100.785342 0.40284 0.485647 3.731438 -4.156625 63.953288 1.354834 -2.357485 -0.336325 -2.31197 -14.287039 -22.877688 42.540495 -9.635769 -19.384494 117.864576 -27.026646 -55.382807 40.234869 -33.045884 -11.068897 0 0.000003 0 40.780027 -4.644287 -13.492695 107.594075 -14.627346 -24.104564 64.262067 -23.854549 -14.180023 0 0.000003 0 21.206496 -1.871934 -3.996779 117.982437 -11.60664 -23.487791 45.998742 -16.632738 -12.843281 0 0.000003 0 15.181217 -3.326723 13.309791 119.649905 1.452852 -4.72227 37.330238 -5.154202 -5.12381 0 0.000003 0 25.57308 44.865063 59.697001 7.262433 4.440233 14.949478 -49.340426 25.590351 -16.883529 -6.07677 7.97907 9.192813 0 0.000003 0 0 0.000003 0.000008 0.000001 0.000003 -13.30911 0.000002 0.000003 -26.618227 0 0.000003 -39.927346 -0.00489 -0.032175 18.113334 -0.002717 -0.024299 13.585001 -0.001171 -0.016281 9.056667 -0.000264 -0.00816 4.528335 0 0.000003 0 28.957557 2.215299 1.478132 -0.013954 0.000979 4.442537 0 0.000003 0 -25.219321 -0.701424 6.550611 -89.999999 -90 0 0 0.000003 0 0 0.000003 0 90.000009 -63.648278 -90.000009 -5.682401 0.000003 0 -28.319916 0.000003 0 -16.252152 0.000003 0 0 0.000003 0 89.999996 -84.450021 179.999995 0 0.000003 0 -90.000003 -84.450021 0 0 0.000003 0 0 0.000003 0
0 0 0 179.999991 0.000003 179.999991 0.229999 -0.06394500000000003 -6.063613 179.428786 2.660395 -178.964234 -93.713078 29.811763 -90.301453 19.423858 -1.304885 -12.566044 0 0.000003 0 28.048858 -1.572608 3.714857 75.504886 -7.992029 9.334273 -0.15412 1.329519 -0.522786 -2.310872 9.899201 -0.277909 0 0.000003 0 0 0.000003 0 0 0.000003 0 0 0.000003 0 -0.001598 0.058052 -3.153203 -0.000899 0.043552 -2.364902 -0.0004 0.029038 -1.576601 0.013888 0.014646 -0.1917 0 0.000003 0 91.289501 33.787999 81.314925 11.329884 -1.172905 -8.456672 0 0.000003 0 0.513871 7.244996 5.872905 75.690319 -9.031782 11.401314 -0.421239 2.455134 -0.80889 1.891563 10.980099 -1.530439 0 0.000003 0 0 0.000003 0 0 0.000003 0 0 0.000003 0 -0.000986 -0.045596 2.476221 -0.000554 -0.034203 1.857165 -0.000246 -0.022803 1.23811 -0.000062 -0.011404 0.619055 0 0.000003 0 85.272685 9.887275 88.467288 15.359784 -0.294338 -4.618333 -15.716786 -0.280971 -2.806608 8.632968 0.556991 -4.753801 99.437678 -59.690622 122.996425 51.385333 -62.205727 64.011331 24.581962 86.467527 23.245273 5.563626 0.47272 11.09193 3.439338 -6.760218 -1.436518 5.567135 -15.315433 -24.893183 36.864297 -4.362282 -13.510185 118.65084 -21.269118 -37.911334 46.102104 -22.585678 -2.255258 -0.034264 0.000003 0 40.831038 -2.163692 8.567311 107.244041 8.732447 11.764236 66.897455 2.283253 6.425743 0 0.000003 0 21.174182 -0.333502 -20.126022 116.692105 -23.715746 -45.012292 42.10227 -27.995748 -16.494758 0 0.000003 0 15.240935 -2.11752 -2.977665 114.25105 -10.403803 -25.541458 35.854597 -14.403951 -14.560792 -0.019782 0.000003 0 25.57308 44.865063 59.697001 9.320348 -12.803679 17.377086 38.065334 -22.950505 -44.801588 -6.07677 7.97907 9.192813 0 0.000003 0 0 0.000003 0.000008 0.000001 0.000009 -27.44772 -0.000002 0.000009 -54.895446 -0.000003 0.000016 -82.343176 -0.01357 0.050478 -29.282285 -0.00778 0.03862 -21.96171 -0.003543 0.026107 -14.641139 -0.000937 0.013171 -7.320568 0 -0.013986 0 -87.9407 -67.125285 107.150116 61.206124 -60.500614 -56.849218 100.975645 0.402635 0.486921 3.797828 -4.096082 63.030666 2.797603 -1.108483 -0.268898 -2.31197 -14.287039 -22.877688 42.540529 -9.635782 -19.384541 117.86545 -27.026387 -55.383217 40.234759 -33.045877 -11.110098 0 0.000003 0 40.780041 -4.644273 -13.492716 107.594184 -14.627326 -24.104619 64.261944 -23.854501 -14.245398 0 0.000003 0 21.206525 -1.871913 -3.673488 117.937385 -11.323563 -23.047961 46.045157 -16.407218 -12.727002 0 0.000003 0 15.181243 -3.326709 13.309785 119.649741 1.452873 -4.722256 37.33004 -5.154174 -5.123789 0 0.000003 0 25.57308 44.865063 59.697001 7.262366 4.44024 14.949466 -49.340395 25.590365 -16.621576 -6.07677 7.97907 9.192813 0 0.000003 0 0 0.000003 0.000008 0.000001 -0.000004 -13.555034 0.000002 0.000003 -27.110076 0 0.000003 -40.665116 -0.005378 -0.033663 18.9796 -0.00299 -0.02544 14.2347 -0.001291 -0.017052 9.4898 -0.000292 -0.008549 4.744901 0 0.000003 0 29.293479 1.254128 1.443083 -0.013953 0.001 4.515749 0 0.000003 0 -24.005128 -0.239402 6.432206 -89.999999 -90 0 0 0.000003 0 0 0.000003 0 90.000009 -63.648278 -90.000009 -5.682401 0.000003 0 -28.319916 0.000003 0 -16.252152 0.000003 0 0 0.000003 0 89.999996 -84.450021 179.999995 0 0.000003 0 -90.000003 -84.450021 0 0 0.000003 0 0 0.000003 0
0 0 0 179.999991 0.000003 179.999991 0.229475 -0.07315099999999997 -6.165294 179.479371 3.528103 -178.973673 -93.271636 28.221217 -90.168899 27.520229 -1.783681 -12.784475 0 0.000003 0 28.854421 0.120583 5.591679 75.504886 -7.992029 9.334273 -0.15412 1.329519 -0.522786 6.657882 10.5878 -0.436118 0 0.000003 0 0 0.000003 0 0 0.000003 0 0 0.000003 0 -0.001625 0.058544 -3.179661 -0.000914 0.043914 -2.384745 -0.000406 0.029284 -1.58983 0.013886 0.014763 -0.198314 0 0.000003 0 92.810981 34.080263 83.484603 15.508669 -1.558852 -8.556379 0 0.000003 0 1.361862 7.664547 6.386675 75.690319 -9.031782 11.401314 -0.421239 2.455134 -0.80889 1.39475 10.845093 -1.461674 0 0.000003 0 0 0.000003 0 0 0.000003 0 0 0.000003 0 -0.000296 -0.024989 1.356812 -0.000166 -0.01874 1.017609 -0.000074 -0.012497 0.678406 -0.000018 -0.006247 0.339203 0 0.000003 0 86.100887 10.409573 88.602156 15.220206 -0.216972 -4.431554 -15.737885 -0.249532 -2.636476 8.717268 0.493272 -4.631205 99.270004 -60.017413 122.753106 47.521745 -61.520645 67.450133 29.027126 86.968494 27.683155 5.549083 0.620955 9.568212 3.276947 -5.685795 -1.160388 5.567135 -15.315433 -24.893183 36.86432 -4.362269 -13.480976 118.643354 -21.244024 -37.868474 46.111659 -22.565877 -2.246845 -0.034264 0.000003 0 40.831048 -2.163692 8.600463 107.245517 8.76416 11.806843 66.897673 2.313572 6.580119 0 0.000003 0 21.17421 -0.333509 -20.40301 116.752074 -23.96276 -45.441802 41.989534 -28.215447 -16.759758 0 0.000003 0 15.240939 -2.117568 -2.725397 114.574419 -10.176098 -25.216519 35.908135 -14.195576 -14.482081 -0.019782 0.000003 0 25.57308 44.865063 59.697001 9.320327 -12.803768 17.37707 38.0653 -22.950512 -44.801547 -6.07677 7.97907 9.192813 0 0.000003 0 0 0.000003 0.000008 0 0.000009 -27.855943 0 0.000003 -55.711893 -0.000003 0.000016 -83.567843 -0.01573 0.054084 -31.61335 -0.009024 0.04151 -23.710008 -0.004111 0.028136 -15.80667 -0.001083 0.014202 -7.903333 0 -0.013986 0 -93.214877 -66.35458 112.929767 61.74909 -59.590027 -56.913275 101.224059 0.402294 0.488642 3.868438 -4.029474 62.034073 3.631688 0.754691 -0.097939 -2.31197 -14.287039 -22.877688 42.540546 -9.635803 -19.384552 117.865149 -27.026482 -55.383128 40.234838 -33.045942 -11.22893 0 0.000003 0 40.780075 -4.644287 -13.492736 107.593802 -14.62736 -24.104544 64.261992 -23.854501 -14.245466 0 0.000003 0 21.206535 -1.871906 -3.996789 117.982273 -11.606647 -23.487825 45.998496 -16.632703 -12.843237 0 0.000003 0 15.181258 -3.326703 13.309759 119.649905 1.452866 -4.72227 37.330344 -5.154188 -5.123856 0 0.000003 0 25.57308 44.865063 59.697001 7.262422 4.44024 15.207985 -49.420688 25.394134 -17.081866 -6.07677 7.97907 9.192813 0 0.000003 0 0 0.000003 0.000008 0.000001 0.000003 -13.820717 0.000002 -0.000004 -27.641443 0 0.000003 -41.462168 -0.005575 -0.034244 19.321249 -0.003103 -0.025891 14.490936 -0.001341 -0.01736 9.660625 -0.000305 -0.008706 4.830313 0 0.000003 0 28.971292 0.254666 1.619887 -0.013953 0.001 4.511817 0 0.000003 0 -22.770116 0.238902 6.217192 -89.999999 -90 0 0 0.000003 0 0 0.000003 0 90.000009 -63.648278 -90.000009 -5.682401 0.000003 0 -28.319916 0.000003 0 -16.252152 0.000003 0 0 0.000003 0 89.999996 -84.450021 179.999995 0 0.000003 0 -90.000003 -84.450021 0 0 0.000003 0 0 0.000003 0
0 0 0 179.999991 0.000003 179.999991 0.23333 -0.09123599999999998 -6.255278 182.27326 4.965755 -179.448331 -87.947107 20.371984 -91.365371 44.663451 -2.668669 -13.455155 0 0.000003 0 24.92301 1.187028 11.119744 75.504886 -7.992029 9.334273 -0.15412 1.329519 -0.522786 7.612826 10.616958 -0.805715 0 0.000003 0 0 0.000003 0 0 0.000003 0 0 0.000003 0 -0.000416 0.029625 -1.608603 -0.000234 0.022221 -1.206452 -0.000104 0.014817 -0.804302 0.013962 0.007427 0.194448 0 0.000003 0 99.426674 36.477919 88.5043 29.866044 -2.808264 -9.106534 0 0.000003 0 7.254532 3.612305 5.980583 75.690319 -9.031782 11.401314 -0.421239 2.455134 -0.80889 2.094918 10.931085 -1.705703 0 0.000003 0 0 0.000003 0 0 0.000003 0 0 0.000003 0 -0.000027 0.00755 -0.409966 -0.000015 0.005665 -0.307474 -0.000007 0.00378 -0.204983 -0.000002 0.001888 -0.102492 0 0.000003 0 88.475272 9.952879 88.814555 15.241594 0.060873 -3.896953 -15.514495 0.211936 -2.150228 9.136379 1.027905 -4.271471 95.969349 -61.446421 125.654652 49.770974 -57.9035 64.562623 18.948997 85.484376 17.625993 5.549077 0.62101 9.567675 2.252313 -5.194131 -0.929288 5.567135 -15.315433 -24.893183 36.864307 -4.362282 -13.480994 118.643245 -21.244058 -37.868454 46.111929 -22.565959 -2.114828 -0.034264 0.000003 0 40.831069 -2.163672 8.600432 107.245435 8.764098 11.806774 66.897796 2.313545 6.521738 0 0.000003 0 21.174205 -0.333509 -20.403056 116.751965 -23.962842 -45.420464 41.997747 -28.199321 -16.572696 0 0.000003 0 15.240946 -2.117541 -2.97766 114.597368 -10.4073 -25.563083 35.868267 -14.351953 -14.541193 -0.019782 0.000003 0 25.57308 44.865063 59.697001 9.320353 -12.803686 17.377068 38.06529 -22.950546 -44.80155 -6.07677 7.97907 9.192813 0 0.000003 0 0 0.000003 0.000008 0 0.000009 -27.856088 0 0.000009 -55.712183 -0.000003 0.000016 -83.56828 -0.018307 0.058004 -34.213756 -0.010517 0.044706 -25.660315 -0.004792 0.030383 -17.106875 -0.00126 0.01537 -8.553436 0 -0.013986 0 -98.413354 -65.513866 118.446163 61.0411 -59.216986 -55.40827 100.231305 0.403619 0.481716 3.807045 -4.087517 62.901493 2.617717 1.150329 0.008479 -2.31197 -14.287039 -22.877688 42.55018 -9.618304 -19.373026 117.854931 -26.998622 -55.431193 40.19816 -33.088248 -11.0915 0 0.000003 0 40.780843 -4.624336 -13.473205 107.590496 -14.590429 -24.060352 64.269348 -23.825562 -14.227404 0 0.000003 0 21.206557 -1.859544 -3.991757 117.978093 -11.580549 -23.447261 46.002622 -16.611885 -12.996866 0 0.000003 0 15.181965 -3.317004 13.31231 119.648976 1.47757 -4.681835 37.330607 -5.136812 -4.996099 0 0.000003 0 25.57308 44.865063 59.697001 7.262384 4.440233 14.664256 -49.250872 25.806581 -16.925868 -6.07677 7.97907 9.192813 0 0.000003 0 0 0.000003 0.000008 0.000001 0.000003 -13.589468 0.000002 0.000003 -27.178943 0 0.000003 -40.768416 -0.005448 -0.033875 19.100559 -0.00303 -0.025604 14.325418 -0.001309 -0.017162 9.550279 -0.000296 -0.008604 4.77514 0 0.000003 0 28.006668 -0.441521 1.520192 -0.013952 0.001007 4.547636 0 0.000003 0 -23.353875 1.044939 5.984456 -89.999999 -90 0 0 0.000003 0 0 0.000003 0 90.000009 -63.648278 -90.000009 -5.682401 0.000003 0 -28.319916 0.000003 0 -16.252152 0.000003 0 0 0.000003 0 89.999996 -84.450021 179.999995 0 0.000003 0 -90.000003 -84.450021 0 0 0.000003 0 0 0.000003 0
0 0 0 179.999991 0.000003 179.999991 0.236558 -0.11002699999999999 -6.344127 184.566946 5.803853 -181.18074 -83.149726 11.878528 -91.871454 62.141013 -3.325746 -14.375839 0 0.000003 0 19.903958 -0.525362 11.287207 75.504886 -7.992029 9.334273 -0.15412 1.329519 -0.522786 8.07089 10.525522 -1.037028 0 0.000003 0 0 0.000003 0 0 0.000003 0 0 0.000003 0 -0.00017 0.018929 -1.02773 -0.000096 0.014196 -0.770798 -0.000042 0.009462 -0.513865 0.013978 0.004729 0.339666 0 0.000003 0 104.40022 36.026115 91.782921 44.610909 -3.906108 -9.975037 0 0.000003 0 1.110841 -0.566808 4.158062 75.690319 -9.031782 11.401314 -0.421239 2.455134 -0.80889 4.586052 11.261256 -1.979853 0 0.000003 0 0 0.000003 0 0 0.000003 0 0 0.000003 0 -0.000328 0.026312 -1.42894 -0.000185 0.019742 -1.071705 -0.000082 0.013157 -0.71447 -0.000021 0.00658 -0.357235 0 0.000003 0 89.873104 8.406388 89.10005 15.624731 0.383244 -3.431038 -15.056225 0.806388 -1.731316 9.669096 1.821983 -3.954534 94.997549 -63.587209 127.557106 57.788263 -53.962617 55.597047 11.457962 82.669983 10.172632 5.549525 0.616973 9.609146 1.469526 -5.953737 -1.001919 5.567135 -15.315433 -24.893183 36.864314 -4.362262 -13.481006 118.643381 -21.244037 -37.868509 46.111748 -22.565938 -2.11479 -0.034264 0.000003 0 40.831035 -2.163678 8.600422 107.245161 8.764132 11.944034 66.901081 2.440982 6.612204 0 0.000003 0 21.174199 -0.333495 -20.403081 116.752102 -23.962821 -45.612645 41.922359 -28.343978 -16.627518 0 0.000003 0 15.240944 -2.117541 -2.977702 114.597314 -10.407416 -25.907338 35.809019 -14.577957 -14.626211 -0.019782 0.000003 0 25.57308 44.865063 59.697001 9.320336 -12.803665 17.377079 38.065331 -22.950533 -44.801584 -6.07677 7.97907 9.192813 0 0.000003 0 0 0.000003 0.000008 0 0.000009 -27.844975 0 0.000009 -55.689961 -0.000003 0.000016 -83.534948 -0.016667 0.055559 -32.58074 -0.009567 0.042698 -24.435552 -0.004359 0.028969 -16.290367 -0.001147 0.01464 -8.145182 0 -0.013986 0 -97.65536 -65.215108 118.241175 59.539353 -61.272842 -52.895563 98.999781 0.405101 0.473076 3.638524 -4.238164 65.222678 1.145073 1.672046 0.116235 -2.31197 -14.287039 -22.877688 42.540457 -9.635762 -19.384572 117.864658 -27.026633 -55.38291 40.234797 -33.045795 -11.126539 0 0.000003 0 40.779993 -4.64428 -13.49277 107.593692 -14.627401 -24.104516 64.262081 -23.854508 -14.245502 0 0.000003 0 21.206477 -1.871913 -3.996816 117.982192 -11.606702 -23.487832 45.99864 -16.632724 -12.84331 0 0.000003 0 15.181173 -3.326709 13.309714 119.649823 1.452804 -4.722338 37.330273 -5.154174 -5.123847 0 0.000003 0 25.57308 44.865063 59.697001 7.262385 4.44024 14.949459 -49.340375 25.590379 -16.8835 -6.07677 7.97907 9.192813 0 0.000003 0 0 0.000003 0.000008 0.000001 0.000003 -12.970814 0.000002 0.000003 -25.941636 0 0.000003 -38.912455 -0.004416 -0.030645 17.225237 -0.00245 -0.023138 12.918927 -0.001054 -0.015488 8.612618 -0.000236 -0.007763 4.30631 0 0.000003 0 26.77338 -0.95091 1.370319 -0.013955 0.000966 4.394991 0 0.000003 0 -25.704572 1.246041 5.744887 -89.999999 -90 0 0 0.000003 0 0 0.000003 0 90.000009 -63.648278 -90.000009 -5.682401 0.000003 0 -28.319916 0.000003 0 -16.252152 0.000003 0 0 0.000003 0 89.999996 -84.450021 179.999995 0 0.000003 0 -90.000003 -84.450021 0 0 0.000003 0 0 0.000003 0
0 0 0 179.999991 0.000003 179.999991 0.238019 -0.12338199999999999 -6.442572 185.855871 4.902849 -182.935511 -80.488978 1.58852 -90.231764 77.386371 -3.649682 -15.308479 0 0.000003 0 15.430644 -3.821591 6.081285 75.504886 -7.992029 9.334273 -0.15412 1.329519 -0.522786 8.21142 10.408535 -1.234693 0 0.000003 0 0 0.000003 0 0 0.000003 0 0 0.000003 0 -0.001264 0.051632 -2.803703 -0.000711 0.038723 -2.102777 -0.000316 0.025821 -1.401851 0.013909 0.013007 -0.104325 0 0.000003 0 105.153761 31.891228 90.876439 54.334729 -4.492329 -10.688923 0 0.000003 0 -11.855653 -1.543299 2.578415 75.690319 -9.031782 11.401314 -0.421239 2.455134 -0.80889 6.034626 11.539068 -2.12423 0 0.000003 0 0 0.000003 0 0 0.000003 0 0 0.000003 0 -0.000206 0.020835 -1.131044 -0.000116 0.01563 -0.848283 -0.000051 0.010419 -0.565522 -0.000013 0.005214 -0.282761 0 0.000003 0 90.906744 7.019333 89.192626 15.982943 0.536029 -3.002984 -14.637918 1.112633 -1.318786 10.139674 2.214787 -3.641684 95.158558 -65.326199 128.127836 66.239967 -50.541939 45.695236 8.108461 79.768628 6.861345 5.557574 0.539437 10.406667 1.547312 -7.152469 -1.27807 5.567135 -15.315433 -24.893183 36.864327 -4.362282 -13.481002 118.643408 -21.24414 -37.511986 46.235156 -22.308249 -2.01363 -0.034264 0.000003 0 40.831062 -2.163685 8.600439 107.245517 8.764112 11.834341 66.898561 2.33909 6.539892 0 0.000003 0 21.17422 -0.333502 -20.403057 116.752102 -23.962808 -45.44185 41.989227 -28.215379 -16.578703 0 0.000003 0 15.240963 -2.117547 -2.977682 114.597314 -10.407396 -25.603572 35.860781 -14.378447 -14.474965 -0.019782 0.000003 0 25.57308 44.865063 59.697001 9.320346 -12.803686 17.377091 38.065293 -22.950499 -44.80156 -6.07677 7.97907 9.192813 0 0.000003 0 0 0.000003 0.000008 0 0.000003 -27.631313 0 0.000009 -55.262634 -0.000003 0.000016 -82.893962 -0.012731 0.048975 -28.326705 -0.007295 0.037418 -21.245027 -0.003323 0.025267 -14.16335 -0.00088 0.012741 -7.081673 0 -0.013986 0 -94.440944 -64.978212 115.169338 56.56068 -64.945708 -47.019002 96.994232 0.407109 0.45891 3.42132 -4.415264 68.101111 -0.540275 1.846892 0.155989 -2.31197 -14.287039 -22.877688 42.54045 -9.63581 -19.384545 117.865177 -27.026462 -55.383087 40.234968 -33.045935 -11.083922 0 0.000003 0 40.779993 -4.644314 -13.492766 107.593692 -14.627449 -24.104516 64.261971 -23.854495 -14.245423 0 0.000003 0 21.206475 -1.871947 -4.105586 117.997546 -11.701928 -23.635911 45.982725 -16.708539 -12.882283 0 0.000003 0 15.181146 -3.326744 13.30971 119.649741 1.452743 -4.722352 37.330133 -5.154188 -5.123842 0 0.000003 0 25.57308 44.865063 59.697001 7.262451 4.440213 14.949438 -49.340419 25.590379 -16.883539 -6.07677 7.97907 9.192813 0 0.000003 0 0 0.000003 0.000008 0.000001 0.000003 -12.203964 0.000002 0.000003 -24.407937 0 0.000003 -36.611907 -0.002685 -0.024163 13.50564 -0.00148 -0.018186 10.12923 -0.000629 -0.012162 6.752821 -0.000136 -0.00609 3.376411 0 0.000003 0 26.067518 -0.972166 1.06366 -0.013967 0.000774 3.603491 0 0.000003 0 -27.852443 1.602501 4.556095 -89.999999 -90 0 0 0.000003 0 0 0.000003 0 90.000009 -63.648278 -90.000009 -5.682401 0.000003 0 -28.319916 0.000003 0 -16.252152 0.000003 0 0 0.000003 0 89.999996 -84.450021 179.999995 0 0.000003 0 -90.000003 -84.450021 0 0 0.000003 0 0 0.000003 0
0 0 0 179.999991 0.000003 179.999991 0.239014 -0.130324 -6.536506 185.661334 2.54351 -183.838448 -81.158569 -10.286747 -87.468885 87.096742 -3.723099 -15.93406 0 0.000003 0 11.200354 -7.316455 -1.650166 75.504886 -7.992029 9.334273 -0.15412 1.329519 -0.522786 8.100534 10.305085 -1.281154 0 0.000003 0 0 0.000003 0 0 0.000003 0 0 0.000003 0 -0.00506 0.10322 -5.612385 -0.002847 0.077471 -4.209287 -0.001266 0.05168 -2.80619 0.013669 0.026114 -0.806491 0 0.000003 0 103.602666 26.0808 88.779106 58.439577 -4.701797 -11.018138 0 0.000003 0 -21.829998 -2.721698 0.304619 75.690319 -9.031782 11.401314 -0.421239 2.455134 -0.80889 6.476894 11.657503 -2.179896 0 0.000003 0 0 0.000003 0 0 0.000003 0 0 0.000003 0 -0.000055 0.010746 -0.58311 -0.000031 0.008062 -0.437333 -0.000014 0.005364 -0.291555 -0.000003 0.002687 -0.145778 0 0.000003 0 91.472427 6.283572 89.318418 16.149323 0.505491 -2.544867 -14.47619 0.988269 -0.855493 10.276121 1.957186 -3.247363 94.880419 -66.557647 128.676027 72.436567 -48.314242 36.434169 7.707831 79.259218 6.467378 5.568707 0.408332 11.752699 2.024404 -7.846287 -1.508563 5.567135 -15.315433 -24.893183 36.864317 -4.362234 -13.480953 118.643736 -21.243962 -37.890857 46.104194 -22.582078 -2.12112 -0.034264 0.000003 0 40.831062 -2.163651 8.600484 107.245681 8.764112 11.806843 66.89781 2.313545 6.521782 0 0.000003 0 21.174227 -0.333468 -20.403044 116.752293 -23.962801 -45.441932 41.989196 -28.215386 -16.578706 0 0.000003 0 15.240949 -2.117527 -2.977649 114.597122 -10.407396 -25.60349 35.860945 -14.378488 -14.441171 -0.019782 0.000003 0 25.57308 44.865063 59.697001 9.320305 -12.803686 17.377125 38.065334 -22.950471 -44.801574 -6.07677 7.97907 9.192813 0 0.000003 0 0 0.000003 0.000008 0 0.000003 -27.270683 0 0.000009 -54.541376 -0.000003 0.000016 -81.812074 -0.008781 0.04097 -23.379423 -0.005027 0.031114 -17.534566 -0.002294 0.02093 -11.68971 -0.000612 0.010521 -5.844853 0 -0.013986 0 -91.426488 -64.427685 112.465779 52.973749 -67.385153 -38.749757 94.815566 0.408735 0.443419 3.139483 -4.619712 71.678157 -1.837139 1.466034 0.130787 -2.31197 -14.287039 -22.877688 42.540464 -9.635803 -19.384511 117.86474 -27.026598 -55.382869 40.234985 -33.045843 -11.279854 0 0.000003 0 40.78002 -4.644314 -13.492812 107.593638 -14.627531 -24.10453 64.261807 -23.85446 -14.245369 0 0.000003 0 21.206494 -1.871975 -3.996879 117.982355 -11.606825 -23.487914 45.998575 -16.632785 -12.843286 0 0.000003 0 15.181171 -3.326764 13.309638 119.649687 1.452654 -4.722406 37.330597 -5.154215 -5.123899 0 0.000003 0 25.57308 44.865063 59.697001 7.262363 4.440227 14.949392 -49.340364 25.590433 -16.854988 -6.07677 7.97907 9.192813 0 0.000003 0 0 0.000003 0.000008 0.000001 0.000003 -11.251488 0.000002 0.000003 -22.502985 0 0.000003 -33.754481 -0.001412 -0.01779 9.901876 -0.000771 -0.013371 7.426407 -0.000321 -0.008931 4.950938 -0.000064 -0.004464 2.47547 0 0.000003 0 25.583389 -0.906391 0.826296 -0.013983 0.000378 1.992629 0 0.000003 0 -29.055222 1.47255 2.400344 -89.999999 -90 0 0 0.000003 0 0 0.000003 0 90.000009 -63.648278 -90.000009 -5.682401 0.000003 0 -28.319916 0.000003 0 -16.252152 0.000003 0 0 0.000003 0 89.999996 -84.450021 179.999995 0 0.000003 0 -90.000003 -84.450021 0 0 0.000003 0 0 0.000003 0
0 0 0 179.999991 0.000003 179.999991 0.238826 -0.128938 -6.628909 184.855276 0.305169 -183.761062 -83.774831 -21.911968 -85.152453 89.23078 -3.724971 -16.072613 0 0.000003 0 4.233951 -9.396425 -6.809465 75.504886 -7.992029 9.334273 -0.15412 1.329519 -0.522786 7.549886 10.211019 -1.068092 0 0.000003 0 0 0.000003 0 0 0.000003 0 0 0.000003 0 -0.008532 0.133929 -7.290149 -0.004803 0.100577 -5.467607 -0.002135 0.067102 -3.64507 0.013449 0.033935 -1.225929 0 0.000003 0 102.129312 18.625819 87.750616 57.14766 -4.638406 -10.912933 0 0.000003 0 -28.535216 -4.062703 -2.416202 75.690319 -9.031782 11.401314 -0.421239 2.455134 -0.80889 5.552442 11.568977 -2.156864 0 0.000003 0 0 0.000003 0 0 0.000003 0 0 0.000003 0 -0.000086 0.013472 -0.731495 -0.000048 0.010104 -0.548621 -0.000022 0.006737 -0.365747 -0.000005 0.00337 -0.182874 0 0.000003 0 91.943219 6.076583 89.583866 16.25109 0.380178 -1.965867 -14.51868 0.706927 -0.265439 10.068887 1.497159 -2.705233 94.4302 -67.713132 128.624282 76.403623 -47.092301 28.277521 9.140747 80.882795 7.878919 5.571871 0.362453 12.223171 2.436518 -7.453844 -1.467078 5.567135 -15.315433 -24.893183 36.864355 -4.362248 -13.481033 118.643272 -21.244181 -37.868509 46.111802 -22.565925 -2.114765 -0.034264 0.000003 0 40.831076 -2.163651 8.60045 107.245407 8.764064 11.806774 66.898124 2.313524 6.521786 0 0.000003 0 21.174235 -0.333461 -20.403076 116.752211 -23.962828 -45.441891 41.989397 -28.215407 -16.578764 0 0.000003 0 15.240966 -2.11752 -2.977665 114.597314 -10.407396 -25.603504 35.861068 -14.378481 -14.551132 -0.019782 0.000003 0 25.57308 44.865063 59.697001 9.320299 -12.803617 17.377111 38.065361 -22.950526 -44.801615 -6.07677 7.97907 9.192813 0 0.000003 0 0 0.000003 0.000008 0 0.000009 -27.144632 0 0.000009 -54.289274 -0.000003 0.000016 -81.433914 -0.005928 0.033778 -19.089648 -0.003394 0.025547 -14.317236 -0.001554 0.017139 -9.544823 -0.00042 0.008595 -4.772411 0 -0.013986 0 -90.86523 -63.155535 111.669741 46.859872 -68.172233 -27.382384 93.234124 0.4095 0.432167 2.874676 -4.788759 74.906179 -2.369423 1.381319 0.123058 -2.31197 -14.287039 -22.877688 42.540416 -9.635823 -19.384463 117.865231 -27.026503 -55.383047 40.234899 -33.045853 -11.08385 0 0.000003 0 40.779969 -4.644335 -13.492698 107.593911 -14.627442 -24.104468 64.262149 -23.854467 -14.539523 0 0.000003 0 21.206443 -1.871995 -3.996797 117.982355 -11.606811 -23.487818 45.998319 -16.63269 -12.843185 0 0.000003 0 15.181122 -3.326757 13.309732 119.649741 1.452681 -4.722284 37.330413 -5.154147 -5.123824 0 0.000003 0 25.57308 44.865063 59.697001 7.262489 4.440192 14.949409 -49.34044 25.590392 -16.883545 -6.07677 7.97907 9.192813 0 0.000003 0 0 0.000003 0.000008 0 0.000003 -10.3924 0 0.000003 -20.784809 0 0.000003 -31.177215 -0.000627 -0.012135 6.737165 -0.000336 -0.009109 5.052874 -0.000135 -0.006076 3.368583 -0.000023 -0.003037 1.684292 0 0.000003 0 25.07609 -0.44189 0.879155 -0.013988 -0.000052 0.196236 0 0.000003 0 -29.595421 1.357298 -0.040532 -89.999999 -90 0 0 0.000003 0 0 0.000003 0 90.000009 -63.648278 -90.000009 -5.682401 0.000003 0 -28.319916 0.000003 0 -16.252152 0.000003 0 0 0.000003 0 89.999996 -84.450021 179.999995 0 0.000003 0 -90.000003 -84.450021 0 0 0.000003 0 0 0.000003 0
0 0 0 179.999991 0.000003 179.999991 0.237772 -0.11822500000000002 -6.72004 183.670853 -0.852726 -183.023825 -86.793837 -31.525425 -84.800309 83.619547 -3.709016 -15.708701 0 0.000003 0 -2.510451 -8.154226 -5.150804 75.504886 -7.992029 9.334273 -0.15412 1.329519 -0.522786 6.880148 10.24043 -0.863381 0 0.000003 0 0 0.000003 0 0 0.000003 0 0 0.000003 0 -0.007258 0.123554 -6.722939 -0.004084 0.092756 -5.042201 -0.001816 0.061884 -3.361466 0.01353 0.031292 -1.084127 0 0.000003 0 100.766136 9.353482 87.751525 50.07379 -4.250472 -10.363936 0 0.000003 0 -31.571709 -5.713758 -4.327903 75.690319 -9.031782 11.401314 -0.421239 2.455134 -0.80889 3.306136 11.295933 -2.008791 0 0.000003 0 0 0.000003 0 0 0.000003 0 0 0.000003 0 -0.000431 0.030171 -1.638266 -0.000243 0.022631 -1.2287 -0.000108 0.01509 -0.819133 -0.000027 0.00755 -0.409567 0 0.000003 0 92.221412 6.200291 90.02134 16.304129 0.236395 -1.195198 -14.6501 0.417498 0.46817 9.749077 0.844767 -1.995136 94.950831 -69.120571 127.268407 79.532239 -46.226072 20.73502 12.643692 83.335612 11.349432 5.562819 0.482152 10.995114 2.397531 -6.289208 -1.184011 5.567135 -15.315433 -24.893183 36.864389 -4.362255 -13.481051 118.643545 -21.244099 -37.868556 46.111649 -22.565891 -2.114729 -0.034264 0.000003 0 40.831127 -2.163624 8.600479 107.245298 8.764153 11.80687 66.898206 2.313613 6.521857 0 0.000003 0 21.174261 -0.333447 -20.403044 116.752156 -23.962767 -45.441747 41.989653 -28.215461 -16.578864 0 0.000003 0 15.240993 -2.1175 -2.97765 114.597259 -10.407321 -25.603388 35.860925 -14.378399 -14.551076 -0.019782 0.000003 0 25.57308 44.865063 59.697001 9.320264 -12.803658 17.377115 38.065406 -22.950553 -44.801632 -6.07677 7.97907 9.192813 0 0.000003 0 0 0.000003 0.000008 0 0.000009 -27.473657 0 0.000009 -54.947325 -0.000003 0.000016 -82.420986 -0.003911 0.027446 -15.405154 -0.002242 0.020691 -11.553863 -0.001031 0.013854 -7.702574 -0.000283 0.006942 -3.851287 0 -0.013986 0 -91.290533 -61.382242 111.860125 39.690878 -67.629481 -15.514133 92.302931 0.409814 0.425476 2.642098 -4.920698 77.653882 -2.60538 1.608095 0.13554 -2.31197 -14.287039 -22.877688 42.540385 -9.635871 -19.384505 117.864794 -27.026715 -55.382896 40.234872 -33.045812 -11.083819 0 0.000003 0 40.779979 -4.644396 -13.492835 107.593774 -14.627619 -24.104557 64.262286 -23.854577 -14.391851 0 0.000003 0 21.206435 -1.872043 -3.99688 117.982301 -11.606948 -23.487941 45.998698 -16.632867 -12.843279 0 0.000003 0 15.181106 -3.326819 13.309665 119.649632 1.452552 -4.722434 37.330672 -5.154229 -5.123842 0 0.000003 0 25.57308 44.865063 59.697001 7.262448 4.440179 14.949421 -49.340443 25.590406 -16.883541 -6.07677 7.97907 9.192813 0 0.000003 0 0 0.000003 0.000008 0 0.000003 -9.661462 0 0.000003 -19.322933 0 0.000003 -28.984403 -0.000193 -0.007101 3.939153 -0.000099 -0.005325 2.954365 -0.000035 -0.003549 1.969577 -0.000002 -0.001773 0.98479 0 0.000003 0 24.32577 -1.171061 0.646111 -0.013983 -0.000387 -1.17307 0 0.000003 0 -29.450734 1.748169 -2.102596 -89.999999 -90 0 0 0.000003 0 0 0.000003 0 90.000009 -63.648278 -90.000009 -5.682401 0.000003 0 -28.319916 0.000003 0 -16.252152 0.000003 0 0 0.000003 0 89.999996 -84.450021 179.999995 0 0.000003 0 -90.000003 -84.450021 0 0 0.000003 0 0 0.000003 0
0 0 0 179.999991 0.000003 179.999991 0.236286 -0.098974 -6.807117 182.058915 -1.325129 -181.966881 -89.563396 -37.861546 -86.305109 70.65201 -3.537257 -14.886059 0 0.000003 0 -2.789954 -5.577612 -2.046447 75.504886 -7.992029 9.334273 -0.15412 1.329519 -0.522786 6.264993 10.258311 -0.717039 0 0.000003 0 0 0.000003 0 0 0.000003 0 0 0.000003 0 -0.003686 0.088126 -4.789694 -0.002074 0.066132 -3.59227 -0.000922 0.044105 -2.394846 0.013756 0.022276 -0.60082 0 0.000003 0 98.867965 -1.020318 88.035107 38.670144 -3.491235 -9.591361 0 0.000003 0 -28.546489 -7.64177 -4.975516 75.690319 -9.031782 11.401314 -0.421239 2.455134 -0.80889 -1.26136 10.809508 -1.668787 0 0.000003 0 0 0.000003 0 0 0.000003 0 0 0.000003 0 -0.001148 0.049207 -2.672108 -0.000646 0.036913 -2.004081 -0.000287 0.024612 -1.336054 -0.000072 0.012304 -0.668027 0 0.000003 0 92.183006 6.586484 90.575507 16.273708 0.053305 -0.396011 -14.855733 0.055341 1.375507 9.375497 0.152302 -1.192474 96.239565 -70.505465 125.178807 81.671488 -45.347638 14.413079 21.579668 86.00836 20.249271 5.538518 0.709283 8.658161 1.977952 -4.882599 -0.836144 5.567135 -15.315433 -24.893183 36.864361 -4.362207 -13.481069 118.643736 -21.244024 -37.868604 46.112082 -22.566048 -2.114874 -0.034264 0.000003 0 40.831069 -2.16361 8.600432 107.245435 8.764139 11.806802 66.897741 2.313545 6.521775 0 0.000003 0 21.174184 -0.333461 -20.403076 116.751965 -23.962794 -45.441693 41.989715 -28.215523 -16.578882 0 0.000003 0 15.240901 -2.117534 -2.774786 114.578872 -10.221348 -25.292102 35.898463 -14.231223 -14.495442 -0.019782 0.000003 0 25.57308 44.865063 59.697001 9.320263 -12.803624 17.377128 38.06544 -22.950533 -44.801659 -6.07677 7.97907 9.192813 0 0.000003 0 0 0.000003 0.000008 0 0.000009 -28.099747 0 0.000009 -56.199503 -0.000003 0.000016 -84.29926 -0.002662 0.022583 -12.628181 -0.001531 0.017003 -9.471135 -0.000708 0.011361 -6.314089 -0.000198 0.005699 -3.157044 0 -0.013986 0 -91.833724 -59.388496 112.310645 32.511892 -66.587624 -4.423824 91.796677 0.409916 0.421891 2.457543 -5.015241 79.784717 -2.679997 1.783187 0.146451 -2.31197 -14.287039 -22.877688 42.540436 -9.635864 -19.38449 117.865095 -27.026639 -55.382978 40.235155 -33.045949 -10.967359 0 0.000003 0 40.78 -4.644362 -13.492747 107.594102 -14.627537 -24.10455 64.262388 -23.854563 -14.245557 0 0.000003 0 21.206474 -1.872036 -3.996824 117.982028 -11.606975 -23.487825 45.998701 -16.632861 -12.843264 0 0.000003 0 15.181159 -3.326791 13.309719 119.649523 1.452586 -4.722338 37.330501 -5.154202 -5.123808 0 0.000003 0 25.57308 44.865063 59.697001 7.262492 4.440213 14.949409 -49.340453 25.590379 -16.827086 -6.07677 7.97907 9.192813 0 0.000003 0 0 0.000003 0.000008 0 0.000003 -9.094811 0 0.000003 -18.18963 0.000002 0.000003 -27.284449 -0.000008 -0.002217 1.231424 -0.000001 -0.001664 0.923569 0.000002 -0.001111 0.615713 0.000003 -0.000551 0.307857 0 0.000003 0 23.488587 -1.707531 0.525475 -0.013972 -0.000674 -2.35269 0 0.000003 0 -28.705185 1.951203 -3.792448 -89.999999 -90 0 0 0.000003 0 0 0.000003 0 90.000009 -63.648278 -90.000009 -5.682401 0.000003 0 -28.319916 0.000003 0 -16.252152 0.000003 0 0 0.000003 0 89.999996 -84.450021 179.999995 0 0.000003 0 -90.000003 -84.450021 0 0 0.000003 0 0 0.000003 0
0 0 0 179.999991 0.000003 179.999991 0.232305 -0.075878 -6.894382 180.297774 -1.56183 -181.021491 -91.928144 -39.41078 -88.704336 51.339096 -2.952647 -13.782743 0 0.000003 0 0.504812 -2.615482 1.488393 75.504886 -7.992029 9.334273 -0.15412 1.329519 -0.522786 6.085401 10.238989 -0.661692 0 0.000003 0 0 0.000003 0 0 0.000003 0 0 0.000003 0 -0.001162 0.049501 -2.688121 -0.000653 0.037125 -2.01609 -0.00029 0.024755 -1.34406 0.013915 0.012468 -0.07543 0 0.000003 0 96.023253 -11.708089 88.102433 26.842254 -2.557398 -8.96493 0 0.000003 0 -17.357182 -8.951643 -3.424456 75.690319 -9.031782 11.401314 -0.421239 2.455134 -0.80889 -10.307761 9.93245 -1.124155 0 0.000003 0 0 0.000003 0 0 0.000003 0 0 0.000003 0 -0.001579 0.057711 -3.134047 -0.000888 0.043292 -2.350535 -0.000395 0.02886 -1.567023 -0.000099 0.014442 -0.783512 0 0.000003 0 91.899738 7.270753 90.991691 16.110719 -0.124362 0.500749 -15.094588 -0.373582 2.234803 9.091885 -0.467647 -0.233741 99.211489 -71.458857 121.421001 82.772276 -45.023047 9.743415 49.691863 88.066488 48.329671 5.488488 1.02783 5.358612 1.597178 -3.392696 -0.528093 5.567135 -15.315433 -24.893183 36.864385 -4.362221 -13.481158 118.643518 -21.244126 -37.868611 46.111666 -22.565884 -2.114727 -0.034264 0.000003 0 40.831089 -2.163624 8.600397 107.245189 8.764173 11.806802 66.898097 2.313606 6.52183 0 0.000003 0 21.17424 -0.333461 -20.464731 116.765352 -24.017709 -45.537281 41.964272 -28.264201 -16.597346 0 0.000003 0 15.240952 -2.117506 -2.977673 114.597013 -10.407225 -25.603217 35.861287 -14.378406 -14.551153 -0.019782 0.000003 0 25.57308 44.865063 59.697001 9.320234 -12.80357 17.488261 38.102466 -22.881992 -44.810095 -6.07677 7.97907 9.192813 0 0.000003 0 0 0.000003 0.000008 0.000002 0.000003 -28.983614 0 0.000009 -57.967242 -0.000003 0.000016 -86.950863 -0.001946 0.019243 -10.730708 -0.001121 0.014469 -8.048031 -0.000522 0.009667 -5.365353 -0.000148 0.004838 -2.682676 0 -0.013986 0 -91.570106 -57.63437 112.174874 25.639372 -65.734964 5.48397 91.58975 0.409971 0.420367 2.36287 -5.060444 80.862814 -2.675134 1.868332 0.152445 -2.31197 -14.287039 -22.877688 42.540375 -9.635851 -19.384524 117.864685 -27.02681 -55.382862 40.23506 -33.045894 -11.083886 0 0.000003 0 40.779972 -4.644383 -13.492783 107.593583 -14.627619 -24.104434 64.261944 -23.85446 -14.245382 0 0.000003 0 21.20644 -1.872057 -3.996871 117.982082 -11.607016 -23.487873 45.998814 -16.632929 -12.650156 0 0.000003 0 15.181127 -3.326846 13.309688 119.649687 1.452558 -4.722352 37.33044 -5.154229 -5.123801 0 0.000003 0 25.57308 44.865063 59.697001 7.262487 4.440158 14.980008 -49.350009 25.567197 -16.878927 -6.07677 7.97907 9.192813 0 0.000003 0 0 0.000003 0.000008 0 0.000003 -8.808176 0 0.000003 -17.616361 0.000002 0.000003 -26.424545 -0.000044 0.002359 -1.306874 -0.000028 0.001772 -0.980155 -0.000015 0.001184 -0.653436 -0.000006 0.00059 -0.326717 0 0.000003 0 23.137129 -1.962365 0.590986 -0.013957 -0.000933 -3.407966 0 0.000003 0 -27.614373 1.895762 -5.170413 -89.999999 -90 0 0 0.000003 0 0 0.000003 0 90.000009 -63.648278 -90.000009 -5.682401 0.000003 0 -28.319916 0.000003 0 -16.252152 0.000003 0 0 0.000003 0 89.999996 -84.450021 179.999995 0 0.000003 0 -90.000003 -84.450021 0 0 0.000003 0 0 0.000003 0
0 0 0 179.999991 0.000003 179.999991 0.229279 -0.05524600000000002 -6.99051 178.892422 -1.538443 -180.471879 -93.731226 -36.287054 -91.124416 28.45951 -1.837093 -12.814143 0 0.000003 0 5.172668 2.451986 5.155729 75.504886 -7.992029 9.334273 -0.15412 1.329519 -0.522786 6.750338 10.178917 -0.64509 0 0.000003 0 0 0.000003 0 0 0.000003 0 0 0.000003 0 -0.000134 0.016839 -0.914301 -0.000076 0.012632 -0.685725 -0.000034 0.008417 -0.45715 0.01398 0.004203 0.368023 0 0.000003 0 92.929163 -21.715853 87.12424 16.051501 -1.608425 -8.57139 0 0.000003 0 0.902414 -9.259139 0.569207 75.690319 -9.031782 11.401314 -0.421239 2.455134 -0.80889 -21.355949 9.123161 0.296346 0 0.000003 0 0 0.000003 0 0 0.000003 0 0 0.000003 0 -0.000809 0.041318 -2.243328 -0.000455 0.030984 -1.682496 -0.000202 0.020664 -1.121664 -0.000051 0.010337 -0.560832 0 0.000003 0 91.644951 8.152721 91.273963 15.806178 -0.301762 1.340907 -15.374339 -0.726258 3.101592 8.886209 -1.444091 0.644898 104.502618 -71.753737 115.09548 83.859628 -46.143171 6.346738 109.495534 88.432272 108.110413 5.41561 1.361396 1.864065 1.766941 -2.219044 -0.356737 5.567135 -15.315433 -24.893183 36.864409 -4.362228 -13.481129 118.643299 -21.244133 -37.868447 46.112144 -22.565973 -2.114878 -0.034264 0.000003 0 40.831117 -2.163617 8.60046 107.245271 8.764255 11.806884 66.897721 2.313668 6.521854 0 0.000003 0 21.174227 -0.333441 -20.406561 116.752648 -23.965847 -45.446972 41.988055 -28.218077 -16.579772 0 0.000003 0 15.24094 -2.1175 -2.977633 114.597122 -10.40717 -25.603176 35.861198 -14.378345 -14.551129 -0.019782 0.000003 0 25.57308 44.865063 59.697001 9.320254 -12.803658 17.377113 38.065464 -22.950553 -44.801676 -6.07677 7.97907 9.192813 0 0.000003 0 0 0.000003 0.000008 0.000002 0.000009 -29.919528 0 0.000009 -59.839062 -0.000007 0.000016 -89.758603 -0.001487 0.01675 -9.329686 -0.00086 0.012584 -6.997264 -0.000403 0.008404 -4.664842 -0.000116 0.004203 -2.33242 0 -0.013986 0 -89.528494 -56.46499 110.21058 17.661129 -65.107225 15.21084 91.717993 0.409916 0.421249 2.365226 -5.059351 80.836122 -2.61565 1.434247 0.129346 -2.31197 -14.287039 -22.877688 42.540382 -9.63583 -19.384511 117.864904 -27.026708 -55.374721 40.239629 -33.040652 -11.082967 0 0.000003 0 40.779965 -4.644369 -13.492776 107.593638 -14.627599 -24.104427 64.261848 -23.85444 -14.245346 0 0.000003 0 21.206405 -1.872043 -3.996862 117.982328 -11.606989 -23.487921 45.998438 -16.632867 -12.843177 0 0.000003 0 15.181125 -3.326826 13.3097 119.649468 1.452545 -4.722379 37.330238 -5.154243 -5.123803 0 0.000003 0 25.57308 44.865063 59.697001 7.26248 4.440145 14.949378 -49.340494 25.590461 -16.883613 -6.07677 7.97907 9.192813 0 0.000003 0 0 0.000003 0.000008 0 0.000003 -8.815272 0 -0.000004 -17.630552 0.000002 0.000003 -26.445832 -0.000237 0.006286 -3.487413 -0.000142 0.004715 -2.615559 -0.000071 0.003144 -1.743705 -0.000023 0.001573 -0.871852 0 0.000003 0 23.718872 -2.135914 0.506086 -0.013948 -0.001056 -3.924543 0 0.000003 0 -26.742819 2.56353 -6.104101 -89.999999 -90 0 0 0.000003 0 0 0.000003 0 90.000009 -63.648278 -90.000009 -5.682401 0.000003 0 -28.319916 0.000003 0 -16.252152 0.000003 0 0 0.000003 0 89.999996 -84.450021 179.999995 0 0.000003 0 -90.000003 -84.450021 0 0 0.000003 0 0 0.000003 0
0 0 0 179.999991 0.000003 179.999991 0.228106 -0.04396100000000003 -7.094988 179.369579 -0.930836 -180.321888 -93.594219 -32.000212 -92.190752 8.441581 -0.615473 -12.381596 0 0.000003 0 6.933173 5.728352 6.152131 75.504886 -7.992029 9.334273 -0.15412 1.329519 -0.522786 5.83022 10.000663 -0.351176 0 0.000003 0 0 0.000003 0 0 0.000003 0 0 0.000003 0 -0.000023 0.006983 -0.378985 -0.000013 0.005234 -0.284239 -0.000006 0.003493 -0.189493 0.013987 0.001703 0.501851 0 0.000003 0 91.709155 -28.646883 85.850246 11.162086 -1.157284 -8.453257 0 0.000003 0 19.967051 -8.445547 5.396083 75.690319 -9.031782 11.401314 -0.421239 2.455134 -0.80889 -27.037512 8.837871 0.9362 0 0.000003 0 0 0.000003 0 0 0.000003 0 0 0.000003 0 -0.000211 0.021101 -1.145447 -0.000119 0.015821 -0.859085 -0.000053 0.010548 -0.572724 -0.000013 0.005269 -0.286362 0 0.000003 0 92.261765 9.080138 91.492795 15.522015 -0.32394 1.977074 -15.683836 -0.691472 3.74574 8.570733 -1.334282 1.233944 112.061319 -71.912539 106.604247 83.64182 -46.944461 5.549993 123.953522 88.217435 122.562294 5.370708 1.529405 0.084119 2.685795 -2.108012 -0.414804 5.567135 -15.315433 -24.893183 36.961938 -4.183878 -13.34776 118.557676 -20.955243 -37.375622 46.221215 -22.338268 -2.025508 -0.034264 0.000003 0 40.830645 -1.95992 8.718695 107.258685 9.063896 12.2094 66.904927 2.600112 6.725124 0 0.000003 0 21.167924 -0.207335 -20.373095 116.691067 -23.710774 -45.00372 42.104401 -27.991281 -16.822194 0 0.000003 0 15.242974 -2.018175 -2.967609 114.572233 -10.155751 -25.182327 35.912243 -14.179429 -14.475944 -0.019782 0.000003 0 25.57308 44.865063 59.697001 9.320239 -12.803549 17.425008 38.081487 -22.921033 -44.805351 -6.07677 7.97907 9.192813 0 0.000003 0 0 0.000003 0.000008 0.000002 0.000009 -30.396138 0.000003 0.000009 -60.79229 -0.000007 0.000016 -91.188435 -0.001404 0.016252 -9.049779 -0.000812 0.012215 -6.787334 -0.000381 0.008151 -4.524888 -0.00011 0.00408 -2.262444 0 -0.013986 0 -85.732002 -55.574491 106.551115 7.906118 -65.553727 25.982463 92.511265 0.409664 0.426924 2.378876 -5.052958 80.681282 -2.122887 -0.021321 0.033649 -2.31197 -14.287039 -22.877688 42.540361 -9.63581 -19.384449 117.865013 -27.026605 -55.153702 40.361551 -32.897969 -11.056628 0 0.000003 0 40.779928 -4.644355 -13.492717 107.593802 -14.627524 -24.104434 64.26247 -23.854536 -14.245621 0 0.000003 0 21.206405 -1.872029 -3.996821 117.982246 -11.606934 -23.487887 45.998329 -16.63282 -12.843115 0 0.000003 0 15.181106 -3.326819 13.309709 119.649468 1.452579 -4.722352 37.330249 -5.154229 -5.123812 0 0.000003 0 25.57308 44.865063 59.697001 7.262515 4.440124 14.94938 -49.340484 25.590433 -16.883596 -6.07677 7.97907 9.192813 0 0.000003 0 0 0.000003 0.000008 0 0.000003 -8.856438 0 0.000003 -17.712885 0.000002 0.000003 -26.56933 -0.000493 0.009367 -5.197369 -0.00029 0.007031 -3.898026 -0.00014 0.004681 -2.598683 -0.000044 0.002338 -1.299341 0 0.000003 0 24.802802 -2.274703 0.272883 -0.013949 -0.001043 -3.853597 0 0.000003 0 -26.045803 3.340908 -6.278007 -89.999999 -90 0 0 0.000003 0 0 0.000003 0 90.000009 -63.648278 -90.000009 -5.682401 0.000003 0 -28.319916 0.000003 0 -16.252152 0.000003 0 0 0.000003 0 89.999996 -84.450021 179.999995 0 0.000003 0 -90.000003 -84.450021 0 0 0.000003 0 0 0.000003 0
0 0 0 179.999991 0.000003 179.999991 0.222136 -0.04353499999999999 -7.209104 180.991288 -0.967562 -180.763497 -92.296619 -30.315416 -90.251128 4.528246 -0.36292 -12.34823 0 0.000003 0 3.825673 4.228217 4.102671 75.504886 -7.992029 9.334273 -0.15412 1.329519 -0.522786 5.02035 9.831698 -0.137394 0 0.000003 0 0 0.000003 0 0 0.000003 0 0 0.000003 0 -0.000645 0.036886 -2.002604 -0.000363 0.027665 -1.501953 -0.000161 0.018444 -1.001302 0.013948 0.009271 0.095949 0 0.000003 0 92.41388 -29.47307 86.51399 16.645113 -1.662472 -8.588345 0 0.000003 0 33.619905 -7.351562 4.254475 75.690319 -9.031782 11.401314 -0.421239 2.455134 -0.80889 -17.358205 9.524373 0.077249 0 0.000003 0 0 0.000003 0 0 0.000003 0 0 0.000003 0 -0.000485 0.031975 -1.736117 -0.000273 0.023983 -1.302088 -0.000121 0.015992 -0.868059 -0.00003 0.007994 -0.434029 0 0.000003 0 92.888626 9.35995 91.448535 15.43346 -0.139149 2.026212 -15.790547 -0.35986 3.762542 8.422612 -0.750417 1.196139 113.128167 -71.801856 105.197023 83.273994 -45.813088 6.303681 113.352371 88.390143 111.965761 5.406765 1.396202 1.496453 3.937567 -3.128675 -0.716705 5.567135 -15.315433 -24.893183 36.864433 -4.362248 -13.481165 118.643381 -21.244106 -37.868488 46.112123 -22.565959 -2.114838 -0.034264 0.000003 0 40.831151 -2.16361 8.60048 107.245462 8.764276 11.806925 66.898021 2.313654 6.521861 0 0.000003 0 21.174251 -0.333447 -20.403047 116.751938 -23.962671 -45.441474 41.989732 -28.215304 -16.578799 0 0.000003 0 15.240997 -2.11752 -2.977637 114.597204 -10.40715 -25.603169 35.86141 -14.378372 -14.551134 -0.019782 0.000003 0 25.57308 44.865063 59.697001 9.320244 -12.803542 17.37714 38.065501 -22.950567 -44.80168 -6.07677 7.97907 9.192813 0 0.000003 0 0 0.000003 0.000008 0.000002 0.000009 -30.017971 0 0.000016 -60.035942 -0.000003 0.000016 -90.053913 -0.001508 0.016873 -9.395496 -0.000871 0.012673 -7.046622 -0.000408 0.008465 -4.697747 -0.000117 0.00423 -2.348873 0 -0.013986 0 -85.212013 -55.637909 106.011701 1.956193 -65.364235 31.055265 93.612694 0.409295 0.434694 2.345149 -5.068667 81.063608 -2.579643 -1.215853 -0.056266 -2.31197 -14.287039 -22.877688 42.540351 -9.635817 -19.384459 117.865013 -27.026653 -55.27834 40.293154 -32.978565 -11.071692 0 0.000003 0 40.779904 -4.644369 -13.492738 107.593938 -14.627558 -24.10453 64.262135 -23.854495 -14.245522 0 0.000003 0 21.206385 -1.872036 -3.996825 117.982028 -11.607023 -23.487907 45.998175 -16.632833 -12.843107 0 0.000003 0 15.181069 -3.326798 13.309728 119.649413 1.452565 -4.722379 37.329982 -5.154222 -5.304952 0 0.000003 0 25.57308 44.865063 59.697001 7.262475 4.440117 15.052571 -49.372582 25.512118 -16.867835 -6.07677 7.97907 9.192813 0 0.000003 0 0 0.000003 0.000008 0 0.000003 -8.754796 0 0.000003 -17.5096 0.000002 0.000003 -26.264405 -0.000547 0.009899 -5.494693 -0.000321 0.007427 -4.121019 -0.000155 0.004954 -2.747346 -0.000048 0.002482 -1.373672 0 0.000003 0 24.858771 -2.246788 0.351697 -0.01395 -0.001029 -3.787288 0 0.000003 0 -24.557957 3.85378 -6.292573 -89.999999 -90 0 0 0.000003 0 0 0.000003 0 90.000009 -63.648278 -90.000009 -5.682401 0.000003 0 -28.319916 0.000003 0 -16.252152 0.000003 0 0 0.000003 0 89.999996 -84.450021 179.999995 0 0.000003 0 -90.000003 -84.450021 0 0 0.000003 0 0 0.000003 0
0 0 0 179.999991 0.000003 179.999991 0.216131 -0.048933000000000004 -7.323541 182.493383 -0.993811 -181.125333 -91.12404 -27.931749 -88.526014 -0.874632 -0.01178 -12.330626 0 0.000003 0 1.332554 2.851948 2.017318 75.504886 -7.992029 9.334273 -0.15412 1.329519 -0.522786 4.202874 9.668989 0.081862 0 0.000003 0 0 0.000003 0 0 0.000003 0 0 0.000003 0 -0.001982 0.06465 -3.511815 -0.001115 0.048504 -2.633861 -0.000496 0.032343 -1.755907 0.013864 0.016313 -0.281352 0 0.000003 0 93.116898 -30.037646 86.533101 22.124716 -2.151862 -8.770917 0 0.000003 0 42.654603 -5.184282 4.847385 75.690319 -9.031782 11.401314 -0.421239 2.455134 -0.80889 -7.30021 10.431054 -0.677345 0 0.000003 0 0 0.000003 0 0 0.000003 0 0 0.000003 0 -0.000565 0.034536 -1.875469 -0.000318 0.025909 -1.406602 -0.000141 0.017276 -0.937734 -0.000035 0.008636 -0.468867 0 0.000003 0 93.352341 9.693694 91.401134 15.32816 0.033689 2.019034 -15.910787 -0.0271 3.725227 8.255364 -0.532117 1.132602 113.779057 -71.605326 104.178212 83.501767 -44.604367 7.189829 102.832726 88.4847 101.449995 5.460397 1.168293 3.89285 4.598745 -4.368238 -1.049172 5.567135 -15.315433 -24.893183 36.864481 -4.362262 -13.481152 118.643682 -21.244058 -37.868631 46.111857 -22.565925 -2.114736 -0.034264 0.000003 0 40.831151 -2.163624 8.600468 107.245353 8.764249 11.80687 66.897837 2.313633 6.52182 0 0.000003 0 21.174281 -0.333481 -20.403064 116.752047 -23.962726 -45.44157 41.989759 -28.215352 -16.578812 0 0.000003 0 15.241007 -2.117534 -2.977654 114.597013 -10.407252 -25.603149 35.860901 -14.378263 -14.550997 -0.019782 0.000003 0 25.57308 44.865063 59.697001 9.320226 -12.803535 17.377149 38.065505 -22.95056 -44.80169 -6.07677 7.97907 9.192813 0 0.000003 0 0 0.000003 0.000008 0.000002 0.000009 -29.376206 0 0.000009 -58.75242 -0.000003 0.000016 -88.128633 -0.00161 0.017454 -9.723393 -0.00093 0.013116 -7.292543 -0.000435 0.008759 -4.861695 -0.000124 0.004387 -2.430847 0 -0.013986 0 -84.749281 -55.795058 105.614594 -3.066267 -64.210182 34.399097 95.14601 0.408441 0.445622 2.261619 -5.106411 82.005512 -2.813702 -2.659038 -0.178424 -2.31197 -14.287039 -22.877688 42.540368 -9.63583 -19.384449 117.864985 -27.026639 -55.382889 40.234804 -33.045665 -11.111352 0 0.000003 0 40.779931 -4.644369 -13.49274 107.593747 -14.627572 -24.104462 64.261944 -23.854426 -14.448005 0 0.000003 0 21.206412 -1.872029 -4.056543 117.990442 -11.659274 -23.569186 45.989812 -16.674484 -12.864576 0 0.000003 0 15.181099 -3.326805 13.128457 119.656489 1.295655 -4.979454 37.329371 -5.264468 -5.170402 0 0.000003 0 25.57308 44.865063 59.697001 7.262511 4.440138 14.949382 -49.340453 25.590392 -16.883572 -6.07677 7.97907 9.192813 0 0.000003 0 0 0.000003 0.000008 0 0.000003 -8.504408 0 0.000003 -17.008824 0.000002 0.000003 -25.513241 -0.000562 0.01005 -5.578399 -0.00033 0.007543 -4.183798 -0.000159 0.00503 -2.789198 -0.000049 0.002509 -1.394598 0 0.000003 0 24.95703 -1.841143 0.546436 -0.01395 -0.001022 -3.776275 0 0.000003 0 -22.980166 3.914336 -6.198921 -89.999999 -90 0 0 0.000003 0 0 0.000003 0 90.000009 -63.648278 -90.000009 -5.682401 0.000003 0 -28.319916 0.000003 0 -16.252152 0.000003 0 0 0.000003 0 89.999996 -84.450021 179.999995 0 0.000003 0 -90.000003 -84.450021 0 0 0.000003 0 0 0.000003 0
0 0 0 179.999991 0.000003 179.999991 0.213257 -0.06387600000000004 -7.412863 179.743586 -2.054279 -181.700425 -95.751391 -30.238871 -85.904498 14.862859 -1.022989 -12.473411 0 0.000003 0 4.635733 1.088728 2.207757 75.504886 -7.992029 9.334273 -0.15412 1.329519 -0.522786 3.675576 9.601206 -0.228876 0 0.000003 0 0 0.000003 0 0 0.000003 0 0 0.000003 0 -0.002983 0.079294 -4.308563 -0.001679 0.0595 -3.231421 -0.000746 0.039672 -2.154281 0.0138 0.020029 -0.480538 0 0.000003 0 89.265675 -25.317992 86.919164 37.175675 -3.38075 -9.501773 0 0.000003 0 38.177059 -0.810939 5.960966 75.690319 -9.031782 11.401314 -0.421239 2.455134 -0.80889 -2.645955 10.757694 -1.148274 0 0.000003 0 0 0.000003 0 0 0.000003 0 0 0.000003 0 -0.000377 0.028225 -1.532321 -0.000212 0.021169 -1.149241 -0.000094 0.014114 -0.76616 -0.000024 0.007058 -0.38308 0 0.000003 0 91.317314 9.362286 91.206337 15.430938 -0.17608 1.492312 -15.760436 -0.474894 3.239177 8.474117 -1.107315 0.764279 108.250309 -71.6207 109.639744 81.969729 -42.570091 9.298988 85.59828 88.519056 84.221341 5.514195 0.879062 6.903414 3.501939 -5.259721 -1.092438 5.567135 -15.315433 -24.893183 36.864437 -4.362234 -13.481117 118.643572 -21.244119 -37.868597 46.112079 -22.566027 -2.114814 -0.034264 0.000003 0 40.831096 -2.163624 8.600504 107.245571 8.764167 11.80687 66.898179 2.313524 6.521782 0 0.000003 0 21.174232 -0.333468 -20.40309 116.752156 -23.962815 -45.441713 41.989435 -28.215345 -16.57872 0 0.000003 0 15.24099 -2.117513 -2.977682 114.597122 -10.407355 -25.603265 35.861017 -14.378365 -14.551069 -0.019782 0.000003 0 25.57308 44.865063 59.697001 9.320186 -12.80357 17.377205 38.065559 -22.950546 -44.801697 -6.07677 7.97907 9.192813 0 0.000003 0 0 0.000003 0.000008 0 0.000009 -28.569821 0 0.000009 -57.139645 -0.000007 0.000016 -85.709476 -0.001956 0.019298 -10.760923 -0.001127 0.014503 -8.070692 -0.000525 0.009688 -5.380461 -0.000149 0.004852 -2.690229 0 -0.013986 0 -89.351148 -56.437294 109.650962 2.390565 -62.314211 26.645297 94.475627 0.408885 0.440837 2.131152 -5.162091 83.463341 -3.358727 -2.087904 -0.114236 -2.31197 -14.287039 -22.877688 42.540334 -9.63581 -19.384408 117.865095 -27.026639 -55.38293 40.234834 -33.045672 -11.083754 0 0.000003 0 40.779897 -4.644369 -13.492699 107.593638 -14.627606 -24.104434 64.262108 -23.854447 -14.245411 0 0.000003 0 21.206404 -1.872009 -3.996793 117.982192 -11.607009 -23.487873 45.998749 -16.63284 -12.843179 0 0.000003 0 15.181088 -3.326778 13.309765 119.649523 1.452579 -4.565094 37.331574 -5.050547 -5.080047 0 0.000003 0 25.57308 44.865063 59.697001 7.262518 4.440151 14.949404 -49.340467 25.590392 -16.883565 -6.07677 7.97907 9.192813 0 0.000003 0 0 0.000003 0.000008 0 0.000003 -8.116929 0 0.000003 -16.233866 0.000002 0.000003 -24.350804 -0.00037 0.008035 -4.454728 -0.000219 0.006027 -3.341045 -0.000107 0.004012 -2.227363 -0.000034 0.002004 -1.113681 0 0.000003 0 24.029372 -1.445785 0.586218 -0.013944 -0.001111 -4.123225 0 0.000003 0 -22.255632 3.897199 -6.612531 -89.999999 -90 0 0 0.000003 0 0 0.000003 0 90.000009 -63.648278 -90.000009 -5.682401 0.000003 0 -28.319916 0.000003 0 -16.252152 0.000003 0 0 0.000003 0 89.999996 -84.450021 179.999995 0 0.000003 0 -90.000003 -84.450021 0 0 0.000003 0 0 0.000003 0
0 0 0 179.999991 0.000003 179.999991 0.20936 -0.08487299999999998 -7.496502 176.458169 -3.151385 -183.029211 -101.577399 -31.906591 -82.919494 31.108875 -1.985014 -12.902465 0 0.000003 0 5.790859 -5.08827 1.918664 75.504886 -7.992029 9.334273 -0.15412 1.329519 -0.522786 5.681969 9.834027 -0.6035 0 0.000003 0 0 0.000003 0 0 0.000003 0 0 0.000003 0 -0.003922 0.090905 -4.941209 -0.002207 0.068222 -3.705905 -0.000981 0.045498 -2.470603 0.013741 0.022986 -0.638698 0 0.000003 0 84.771834 -19.424967 87.076395 52.841321 -4.410326 -10.572991 0 0.000003 0 31.094153 1.682087 6.637947 75.690319 -9.031782 11.401314 -0.421239 2.455134 -0.80889 -1.604813 10.816591 -1.339217 0 0.000003 0 0 0.000003 0 0 0.000003 0 0 0.000003 0 -0.000226 0.021811 -1.184262 -0.000127 0.016361 -0.888196 -0.000056 0.010903 -0.592131 -0.000014 0.005453 -0.296065 0 0.000003 0 89.455561 8.343488 90.899204 15.721712 -0.381368 0.96066 -15.392026 -1.189229 2.742338 8.962374 -2.211811 0.387652 103.669458 -71.130868 114.642448 80.984084 -41.03325 11.426203 58.037483 88.261339 56.670967 5.55735 0.541746 10.382963 1.406077 -6.132756 -1.034373 5.567135 -15.315433 -24.893183 36.864443 -4.362234 -13.481052 118.64349 -21.244147 -37.868543 46.111816 -22.565932 -2.114707 -0.034264 0.000003 0 40.831134 -2.163617 8.60055 107.245353 8.764194 11.806925 66.898097 2.313592 6.521871 0 0.000003 0 21.174252 -0.333475 -20.403045 116.752057 -23.962815 -45.441597 41.98937 -28.215318 -16.578672 0 0.000003 0 15.240987 -2.11752 -2.977656 114.597078 -10.407375 -25.603217 35.861051 -14.378365 -14.551062 -0.019782 0.000003 0 25.57308 44.865063 59.697001 9.320162 -12.803556 17.377186 38.065577 -22.950574 -44.801721 -6.07677 7.97907 9.192813 0 0.000003 0 0 0.000003 0.000008 0 0.000016 -27.637662 0 0.000009 -55.275334 -0.000003 0.000016 -82.913005 -0.002332 0.021108 -11.789043 -0.001342 0.015883 -8.841781 -0.000623 0.010617 -5.894521 -0.000175 0.005323 -2.947259 0 -0.013986 0 -93.706049 -57.454429 113.335713 11.300108 -61.352679 15.572502 91.886767 0.409882 0.422382 2.097763 -5.17573 83.833967 -4.055198 -1.636893 -0.071026 -2.31197 -14.287039 -22.877688 42.54032 -9.635803 -19.384476 117.865095 -27.026701 -55.471491 40.186149 -33.102933 -11.094281 0 0.000003 0 40.779901 -4.644383 -13.492679 107.593692 -14.627585 -24.262328 64.22614 -23.997205 -14.33446 0 0.000003 0 21.206368 -1.872036 -3.996806 117.982137 -11.60705 -23.487873 45.998414 -16.632833 -12.84309 0 0.000003 0 15.181077 -3.326812 13.309764 119.649468 1.452552 -4.722338 37.329972 -5.154195 -5.123745 0 0.000003 0 25.57308 44.865063 59.697001 7.262527 4.440124 14.949416 -49.340498 25.590365 -16.883596 -6.07677 7.97907 9.192813 0 0.000003 0 0 0.000003 0.000008 0 0.000003 -8.01843 0 0.000003 -16.036869 0.000002 0.000003 -24.055308 -0.000099 0.003827 -2.123742 -0.000061 0.002871 -1.592806 -0.000032 0.001915 -1.06187 -0.000011 0.000959 -0.530934 0 0.000003 0 23.502111 -0.931635 0.216531 -0.013944 -0.001111 -4.120502 0 0.000003 0 -23.874189 3.795354 -6.67544 -89.999999 -90 0 0 0.000003 0 0 0.000003 0 90.000009 -63.648278 -90.000009 -5.682401 0.000003 0 -28.319916 0.000003 0 -16.252152 0.000003 0 0 0.000003 0 89.999996 -84.450021 179.999995 0 0.000003 0 -90.000003 -84.450021 0 0 0.000003 0 0 0.000003 0
0 0 0 179.999991 0.000003 179.999991 0.20639 -0.10509599999999997 -7.580597 174.505295 -3.351872 -184.906052 -103.82688 -30.723042 -84.973045 44.540934 -2.663116 -13.44946 0 0.000003 0 -2.380125 -6.914007 2.281305 75.504886 -7.992029 9.334273 -0.15412 1.329519 -0.522786 8.043794 10.126113 -0.72237 0 0.000003 0 0 0.000003 0 0 0.000003 0 0 0.000003 0 -0.001708 0.060019 -3.259864 -0.000961 0.045027 -2.444897 -0.000427 0.030028 -1.629932 0.013881 0.015138 -0.218365 0 0.000003 0 82.439967 -11.63808 88.285721 67.704243 -5.084479 -11.810287 0 0.000003 0 23.852571 2.373514 6.146165 75.690319 -9.031782 11.401314 -0.421239 2.455134 -0.80889 -1.314033 10.830203 -1.471131 0 0.000003 0 0 0.000003 0 0 0.000003 0 0 0.000003 0 -0.000831 0.041878 -2.273832 -0.000467 0.031408 -1.705374 -0.000208 0.020944 -1.136916 -0.000052 0.010466 -0.568458 0 0.000003 0 88.793135 7.016512 90.940683 16.041486 -0.593841 0.479377 -14.937036 -1.842748 2.288629 9.578627 -3.196567 0.028437 104.273575 -70.689109 115.094852 81.651701 -41.344598 12.353456 26.126824 86.661695 24.787137 5.577699 0.257303 13.300426 -1.039239 -6.385705 -0.880569 5.567135 -15.315433 -24.893183 36.864399 -4.3622 -13.481017 118.643245 -21.244249 -37.868502 46.112209 -22.566123 -2.114869 -0.034264 0.000003 0 40.831103 -2.163624 8.6006 107.24497 8.764167 11.806815 66.898165 2.313517 6.459088 0 0.000003 0 21.17422 -0.333475 -20.403016 116.752303 -23.962835 -45.441754 41.989179 -28.215345 -16.578659 0 0.000003 0 15.240997 -2.117513 -2.977646 114.596928 -10.407457 -25.603234 35.861953 -14.378625 -14.551281 -0.019782 0.000003 0 25.57308 44.865063 59.697001 9.320168 -12.803617 17.377227 38.065539 -22.950464 -44.801683 -6.07677 7.97907 9.192813 0 0.000003 0 0 0.000003 0.000008 0.000001 0.000009 -26.856003 0 0.000009 -53.71202 0 0.000016 -80.568024 -0.00244 0.021606 -12.070762 -0.001404 0.016258 -9.05307 -0.000651 0.010869 -6.03538 -0.000182 0.005439 -3.017689 0 -0.013986 0 -95.604726 -58.833037 115.838246 26.000355 -61.712676 -1.144322 87.259703 0.409643 0.389416 2.015015 -5.20842 84.748304 -5.10864 -2.204018 -0.103972 -2.31197 -14.287039 -22.877688 42.540334 -9.635844 -19.384504 117.865095 -27.026762 -55.383067 40.23492 -33.045819 -11.083778 0 0.000003 0 40.779948 -4.64439 -13.492765 107.59361 -14.627674 -24.104468 64.261937 -23.854495 -14.24535 0 0.000003 0 21.206399 -1.872057 -3.996858 117.982082 -11.607146 -23.487969 45.99864 -16.632977 -12.843196 0 0.000003 0 15.181108 -3.326832 13.309708 119.649413 1.452449 -4.722461 37.330706 -5.154304 -5.123844 0 0.000003 0 25.57308 44.865063 59.697001 7.262503 4.440158 14.949404 -49.340474 25.590365 -16.88357 -6.07677 7.97907 9.192813 0 0.000003 0 0 0.000003 0.000008 0 0.000003 -7.775451 0 0.000003 -15.550908 0.000002 0.000003 -23.326368 -0.000034 -0.003488 1.934853 -0.000014 -0.002613 1.45114 -0.000002 -0.001746 0.967427 0.000003 -0.000872 0.483715 0 0.000003 0 23.797545 0.112052 0.371262 -0.013943 -0.001124 -4.166148 0 0.000003 0 -25.900129 3.141746 -6.614823 -89.999999 -90 0 0 0.000003 0 0 0.000003 0 90.000009 -63.648278 -90.000009 -5.682401 0.000003 0 -28.319916 0.000003 0 -16.252152 0.000003 0 0 0.000003 0 89.999996 -84.450021 179.999995 0 0.000003 0 -90.000003 -84.450021 0 0 0.000003 0 0 0.000003 0
0 0 0 179.999991 0.000003 179.999991 0.20462 -0.11970999999999998 -7.666918 173.818411 -2.765527 -186.351525 -103.187841 -27.626542 -88.899645 53.554694 -3.038195 -13.898511 0 0.000003 0 -13.417605 -5.486026 3.021004 75.504886 -7.992029 9.334273 -0.15412 1.329519 -0.522786 9.228835 10.260839 -0.806792 0 0.000003 0 0 0.000003 0 0 0.000003 0 0 0.000003 0 -0.000184 0.019687 -1.06861 -0.000103 0.014763 -0.801458 -0.000046 0.009845 -0.534305 0.013977 0.004913 0.329446 0 0.000003 0 82.389314 -1.844094 88.981895 79.114826 -5.373314 -12.853842 0 0.000003 0 16.743987 1.358254 3.774002 75.690319 -9.031782 11.401314 -0.421239 2.455134 -0.80889 -1.199231 10.836323 -1.622269 0 0.000003 0 0 0.000003 0 0 0.000003 0 0 0.000003 0 -0.001836 0.062239 -3.380352 -0.001033 0.046687 -2.535264 -0.000459 0.031128 -1.690176 -0.000115 0.015575 -0.845088 0 0.000003 0 88.29389 5.982429 90.9528 16.369856 -0.72033 0.02364 -14.598845 -2.113026 1.867206 9.919631 -3.518651 -0.338943 106.106716 -70.05587 114.313369 82.936788 -42.978413 13.724159 13.16948 83.592932 11.871723 5.582238 0.123998 14.664792 -1.860055 -6.608581 -0.877244 5.567135 -15.315433 -24.893183 36.864413 -4.362193 -13.480993 118.642971 -21.24429 -37.868392 46.111871 -22.565986 -2.114738 -0.034264 0.000003 0 40.831089 -2.16361 8.600562 107.245735 8.764085 11.806897 66.898138 2.313394 6.521789 0 0.000003 0 21.174247 -0.333427 -20.403034 116.752371 -23.962862 -45.441853 41.989507 -28.21555 -16.578836 0 0.000003 0 15.240987 -2.117527 -2.977683 114.597078 -10.407512 -25.603408 35.861871 -14.378734 -14.551336 -0.019782 0.000003 0 25.57308 44.865063 59.697001 9.320219 -12.803604 17.377179 38.065515 -22.950505 -44.8017 -6.07677 7.97907 9.192813 0 0.000003 0 0 0.000003 0.000008 0 0.000009 -26.490441 0 0.000009 -52.980893 0 0.000009 -79.471341 -0.002543 0.022064 -12.330104 -0.001463 0.0166 -9.247578 -0.000677 0.011102 -6.165051 -0.000189 0.005555 -3.082525 0 -0.013986 0 -95.805581 -60.344306 116.469096 40.385706 -61.922754 -17.925116 84.546554 0.408311 0.37007 1.956829 -5.230515 85.387945 -6.15003 -2.945353 -0.148467 -2.31197 -14.287039 -22.877688 42.540341 -9.635817 -19.384476 117.865095 -27.026721 -55.382992 40.235169 -33.045918 -11.083927 0 0.000003 0 40.779924 -4.644369 -13.492714 107.593911 -14.627633 -24.104523 64.262463 -23.854631 -14.245599 0 0.000003 0 21.206387 -1.872036 -3.996856 117.982219 -11.607125 -23.488037 45.9981 -16.632895 -13.003924 0 0.000003 0 15.181122 -3.326812 13.193332 119.653976 1.351711 -4.887492 37.329456 -5.225058 -5.153659 0 0.000003 0 25.57308 44.865063 59.697001 7.262474 4.440131 14.949409 -49.34047 25.590338 -16.883555 -6.07677 7.97907 9.192813 0 0.000003 0 0 0.000003 0.000008 0 0.000003 -7.605484 0 0.000003 -15.210976 0.000002 0.000003 -22.816472 -0.000503 -0.010967 6.084428 -0.000269 -0.008221 4.563321 -0.000106 -0.005489 3.042215 -0.000017 -0.002743 1.521108 0 0.000003 0 24.511152 0.386564 0.208059 -0.01395 -0.001029 -3.797253 0 0.000003 0 -27.148533 2.97164 -6.121765 -89.999999 -90 0 0 0.000003 0 0 0.000003 0 90.000009 -63.648278 -90.000009 -5.682401 0.000003 0 -28.319916 0.000003 0 -16.252152 0.000003 0 0 0.000003 0 89.999996 -84.450021 179.999995 0 0.000003 0 -90.000003 -84.450021 0 0 0.000003 0 0 0.000003 0
0 0 0 179.999991 0.000003 179.999991 0.202473 -0.12815900000000002 -7.747636 174.194098 -2.249746 -187.001567 -101.581777 -22.974302 -91.724325 57.664883 -3.184771 -14.121628 0 0.000003 0 -21.720744 -4.207326 3.15488 75.504886 -7.992029 9.334273 -0.15412 1.329519 -0.522786 9.621206 10.331531 -0.845714 0 0.000003 0 0 0.000003 0 0 0.000003 0 0 0.000003 0 -0.000011 -0.00471 0.255722 -0.000006 -0.003529 0.191791 -0.000003 -0.002354 0.127861 0.013987 -0.001268 0.660527 0 0.000003 0 83.702008 9.011331 88.085173 84.565098 -5.43706 -13.367794 0 0.000003 0 11.404918 -1.422842 -4.469418 75.690319 -9.031782 11.401314 -0.421239 2.455134 -0.80889 -0.971198 10.935934 -1.692074 0 0.000003 0 0 0.000003 0 0 0.000003 0 0 0.000003 0 -0.001559 0.057342 -3.114231 -0.000877 0.043012 -2.335673 -0.00039 0.028676 -1.557115 -0.000097 0.014339 -0.778558 0 0.000003 0 87.777862 5.267424 90.747314 16.597028 -0.726648 -0.566685 -14.473779 -2.106551 1.264823 9.908421 -3.385435 -0.832797 105.529182 -69.05377 115.452972 82.998519 -45.707992 16.94017 9.085388 80.829069 7.824202 5.580916 0.173694 14.156302 -1.200034 -6.676617 -0.929179 5.567135 -15.315433 -24.893183 36.925509 -4.250643 -13.397638 118.59027 -21.063392 -37.56044 46.18008 -22.423693 -2.058978 -0.034264 0.000003 0 40.830847 -2.036213 8.674637 107.25333 8.951655 12.058699 66.902249 2.492762 6.649049 0 0.000003 0 21.170311 -0.254572 -20.384239 116.713962 -23.80529 -45.167795 42.061152 -28.075347 -16.525146 0 0.000003 0 15.242291 -2.055399 -2.971327 114.581795 -10.250138 -25.340125 35.892651 -14.254035 -14.306144 -0.019782 0.000003 0 25.57308 44.865063 59.697001 9.320256 -12.803686 17.377125 38.06545 -22.950505 -44.801649 -6.07677 7.97907 9.192813 0 0.000003 0 0 0.000003 0.000008 0 0.000009 -26.626683 0 0.000009 -53.25338 0 0.000009 -79.880066 -0.002939 0.023744 -13.290579 -0.001688 0.017884 -9.967934 -0.00078 0.011969 -6.645289 -0.000217 0.005993 -3.322643 0 -0.013986 0 -94.361071 -62.251535 115.23943 52.119685 -61.721468 -32.67626 85.241567 0.408776 0.375029 2.094723 -5.176946 83.867613 -6.831328 -2.485428 -0.134295 -2.31197 -14.287039 -22.877688 42.540351 -9.635817 -19.384534 117.86474 -27.026872 -55.382924 40.235005 -33.045836 -11.262871 0 0.000003 0 40.779979 -4.644383 -13.492807 107.593501 -14.627729 -24.104468 64.262292 -23.854542 -14.245492 0 0.000003 0 21.206417 -1.87205 -3.996887 117.982137 -11.607159 -23.488017 45.998076 -16.632881 -12.84302 0 0.000003 0 15.181156 -3.326812 13.30971 119.649413 1.452442 -4.722434 37.330023 -5.154256 -5.12375 0 0.000003 0 25.57308 44.865063 59.697001 7.262477 4.440117 14.949413 -49.340498 25.590351 -16.883575 -6.07677 7.97907 9.192813 0 0.000003 0 0 0.000003 0.000008 0 0.000003 -8.009489 0 0.000003 -16.018986 0.000002 0.000003 -24.028483 -0.001332 -0.017305 9.629724 -0.000727 -0.013002 7.222293 -0.000302 -0.008685 4.814862 -0.00006 -0.004341 2.407432 0 0.000003 0 25.196863 1.424172 0.287401 -0.013963 -0.000838 -3.018381 0 0.000003 0 -27.611613 2.741661 -4.9853 -89.999999 -90 0 0 0.000003 0 0 0.000003 0 90.000009 -63.648278 -90.000009 -5.682401 0.000003 0 -28.319916 0.000003 0 -16.252152 0.000003 0 0 0.000003 0 89.999996 -84.450021 179.999995 0 0.000003 0 -90.000003 -84.450021 0 0 0.000003 0 0 0.000003 0
0 0 0 179.999991 0.000003 179.999991 0.203892 -0.12868999999999997 -7.83497 175.322828 -2.096135 -186.791471 -99.577232 -16.444416 -92.828459 57.43696 -3.177087 -14.108982 0 0.000003 0 -28.01453 -2.458094 2.137888 75.504886 -7.992029 9.334273 -0.15412 1.329519 -0.522786 9.125481 10.346079 -0.842338 0 0.000003 0 0 0.000003 0 0 0.000003 0 0 0.000003 0 -0.00002 -0.006479 0.351621 -0.000011 -0.004854 0.263715 -0.000005 -0.003235 0.17581 0.013987 -0.001712 0.684502 0 0.000003 0 85.457927 19.705385 85.796185 83.512716 -5.42857 -13.268093 0 0.000003 0 -2.138738 -2.624293 -7.267407 75.690319 -9.031782 11.401314 -0.421239 2.455134 -0.80889 -0.644483 11.055067 -1.739748 0 0.000003 0 0 0.000003 0 0 0.000003 0 0 0.000003 0 -0.000345 0.026968 -1.46413 -0.000194 0.020227 -1.098097 -0.000086 0.013478 -0.732065 -0.000022 0.006744 -0.366032 0 0.000003 0 87.403731 5.029146 90.373347 16.685206 -0.618908 -1.288021 -14.475995 -1.906857 0.561544 9.774843 -2.957319 -1.503991 102.194076 -67.53352 119.222281 81.124342 -48.44376 22.525803 7.954852 79.5798 6.710135 5.575576 0.299889 12.864211 -0.30409 -6.49632 -0.955617 5.567135 -15.315433 -24.893183 36.864399 -4.362228 -13.481001 118.643791 -21.244071 -37.868707 46.112342 -22.566266 -2.114999 -0.034264 0.000003 0 40.831066 -2.163658 8.600547 107.244916 8.764119 11.806733 66.897577 2.313483 6.521769 0 0.000003 0 21.17424 -0.333481 -20.40303 116.752074 -23.962903 -45.441822 41.989892 -28.215741 -16.579062 0 0.000003 0 15.240975 -2.117547 -2.977646 114.597068 -10.407505 -25.603456 35.861123 -14.378543 -14.61217 -0.019782 0.000003 0 25.57308 44.865063 59.697001 9.320295 -12.803665 17.377096 38.065382 -22.950499 -44.801601 -6.07677 7.97907 9.192813 0 0.000003 0 0 0.000003 0.000008 0 0.000003 -26.97288 0 0.000003 -53.945766 0 0.000009 -80.918651 -0.003881 0.02733 -15.343137 -0.002226 0.020616 -11.507352 -0.001024 0.013793 -7.671568 -0.000281 0.006915 -3.835782 0 -0.013986 0 -92.974092 -64.135713 113.587275 60.290073 -60.874748 -43.920336 87.746115 0.409882 0.39291 2.399801 -5.043068 80.443434 -6.858464 -1.006856 -0.08288 -2.31197 -14.287039 -22.877688 42.540337 -9.63581 -19.384519 117.865231 -27.026639 -55.383019 40.234862 -33.04572 -11.083736 0 0.000003 0 40.779962 -4.644369 -13.492809 107.593802 -14.627681 -24.104585 64.261992 -23.854508 -14.24542 0 0.000003 0 21.206404 -1.872043 -3.996912 117.98241 -11.607125 -23.488105 45.998513 -16.63297 -12.84317 0 0.000003 0 15.181125 -3.326826 13.309693 119.649687 1.452449 -4.722488 37.329439 -5.154297 -5.123714 0 0.000003 0 25.57308 44.865063 59.697001 7.262475 4.440145 15.275839 -49.441694 25.342525 -16.832984 -6.07677 7.97907 9.192813 0 0.000003 0 0 0.000003 0.000008 0 0.000003 -8.919674 0 0.000003 -17.839354 0.000002 0.000003 -26.759037 -0.002268 -0.022298 12.446051 -0.001248 -0.016772 9.334538 -0.000528 -0.011213 6.223026 -0.000112 -0.005605 3.111514 0 0.000003 0 25.463089 2.369689 0.423698 -0.013974 -0.000626 -2.15617 0 0.000003 0 -27.406455 2.549234 -3.712509 -89.999999 -90 0 0 0.000003 0 0 0.000003 0 90.000009 -63.648278 -90.000009 -5.682401 0.000003 0 -28.319916 0.000003 0 -16.252152 0.000003 0 0 0.000003 0 89.999996 -84.450021 179.999995 0 0.000003 0 -90.000003 -84.450021 0 0 0.000003 0 0 0.000003 0
0 0 0 179.999991 0.000003 179.999991 0.204743 -0.12227900000000003 -7.923414 176.887884 -1.96576 -185.904516 -97.524303 -8.51738 -92.892615 52.631484 -3.003102 -13.849868 0 0.000003 0 -31.738687 -1.074946 0.578703 75.504886 -7.992029 9.334273 -0.15412 1.329519 -0.522786 7.453843 10.236147 -0.983902 0 0.000003 0 0 0.000003 0 0 0.000003 0 0 0.000003 0 -0.00001 0.004572 -0.248414 -0.000006 0.003431 -0.18631 -0.000002 0.002284 -0.124207 0.013987 0.001095 0.534494 0 0.000003 0 87.230894 28.673307 83.129993 76.059525 -5.316391 -12.569129 0 0.000003 0 -4.954203 -1.541093 -5.831878 75.690319 -9.031782 11.401314 -0.421239 2.455134 -0.80889 -0.029998 11.149754 -1.73994 0 0.000003 0 0 0.000003 0 0 0.000003 0 0 0.000003 0 -0.000051 -0.010352 0.561866 -0.000029 -0.007763 0.4214 -0.000013 -0.005175 0.280933 -0.000003 -0.002586 0.140467 0 0.000003 0 87.160782 5.2898 89.789694 16.621008 -0.491655 -1.952488 -14.591994 -1.523341 -0.120577 9.562642 -1.90465 -2.192608 97.973299 -65.471121 123.363015 76.974156 -51.110651 30.321409 7.754596 79.322001 6.51331 5.570246 0.386728 11.974303 0.910617 -6.116384 -0.982802 5.567135 -15.315433 -24.893183 36.864409 -4.362193 -13.480996 118.643682 -21.244078 -37.868693 46.111799 -22.566027 -2.114784 -0.034264 0.000003 0 40.831083 -2.16361 8.600578 107.245735 8.764119 11.806856 66.897864 2.313415 6.521714 0 0.000003 0 21.174239 -0.333447 -20.403022 116.752266 -23.962835 -45.441932 41.988796 -28.215366 -16.578573 0 0.000003 0 15.240973 -2.117506 -2.977632 114.597587 -10.407444 -25.603552 35.861471 -14.378632 -14.551257 -0.019782 0.000003 0 25.57308 44.865063 59.697001 9.320328 -12.803679 17.377091 38.065368 -22.95054 -44.801608 -6.07677 7.97907 9.192813 0 0.000003 0 0 0.000003 0.000008 0 0.000009 -27.21131 0 0.000003 -54.42263 -0.000007 0.000016 -81.63395 -0.005651 0.032979 -18.626769 -0.003236 0.02494 -13.970078 -0.001483 0.016723 -9.313384 -0.000401 0.00839 -4.656691 0 -0.013986 0 -92.217594 -65.856512 112.458354 65.887235 -59.857194 -52.455262 90.314881 0.410155 0.411239 2.702395 -4.887893 76.948556 -6.299331 0.274528 -0.030097 -2.31197 -14.287039 -22.877688 42.540365 -9.635789 -19.384541 117.865231 -27.026619 -55.383108 40.235333 -33.046071 -11.08405 0 0.000003 0 40.779962 -4.644355 -13.492746 107.594211 -14.627565 -24.104632 64.262654 -23.854645 -14.182985 0 0.000003 0 21.206388 -1.872023 -3.996887 117.982492 -11.60705 -23.488092 45.998418 -16.632901 -12.84317 0 0.000003 0 15.181122 -3.326805 13.30972 119.649714 1.452483 -4.722475 37.331266 -5.154297 -5.1239 0 0.000003 0 25.57308 44.865063 59.697001 7.262495 4.440131 14.949474 -49.340549 25.590297 -17.22293 -6.07677 7.97907 9.192813 0 0.000003 0 0 0.000003 0.000008 0 0.000003 -9.849063 0 0.000003 -19.698132 0 0.000003 -29.5472 -0.003219 -0.026355 14.75256 -0.001778 -0.019846 11.06442 -0.00076 -0.013275 7.37628 -0.000166 -0.00665 3.688141 0 0.000003 0 25.599969 3.173705 0.527816 -0.013983 -0.000387 -1.154534 0 0.000003 0 -26.957616 2.507604 -2.306634 -89.999999 -90 0 0 0.000003 0 0 0.000003 0 90.000009 -63.648278 -90.000009 -5.682401 0.000003 0 -28.319916 0.000003 0 -16.252152 0.000003 0 0 0.000003 0 89.999996 -84.450021 179.999995 0 0.000003 0 -90.000003 -84.450021 0 0 0.000003 0 0 0.000003 0
0 0 0 179.999991 0.000003 179.999991 0.207205 -0.10940499999999997 -8.016986 178.605171 -1.432411 -184.85014 -95.337099 1.603499 -92.656878 42.930235 -2.588844 -13.375682 0 0.000003 0 -31.178413 -0.737351 -0.748059 75.504886 -7.992029 9.334273 -0.15412 1.329519 -0.522786 4.083412 9.979933 -0.845663 0 0.000003 0 0 0.000003 0 0 0.000003 0 0 0.000003 0 -0.00015 0.017816 -0.967132 -0.000085 0.013362 -0.725349 -0.000038 0.008909 -0.483566 0.013979 0.004442 0.354815 0 0.000003 0 89.012542 34.364112 80.880109 63.184666 -4.9138 -11.416154 0 0.000003 0 -3.590717 0.460002 -3.593496 75.690319 -9.031782 11.401314 -0.421239 2.455134 -0.80889 0.552289 11.137008 -1.73299 0 0.000003 0 0 0.000003 0 0 0.000003 0 0 0.000003 0 -0.000833 -0.041914 2.275901 -0.000468 -0.031437 1.706926 -0.000208 -0.020959 1.13795 -0.000052 -0.010482 0.568975 0 0.000003 0 87.095854 5.833339 89.288672 16.481542 -0.307028 -2.589589 -14.76713 -1.00077 -0.768716 9.341921 -1.056034 -2.851802 95.536977 -63.394823 125.947995 72.607752 -53.539357 38.217494 8.352024 80.056315 7.101119 5.564516 0.462099 11.200974 2.033622 -6.169434 -1.113581 5.567135 -15.315433 -24.893183 36.864409 -4.362221 -13.480992 118.643299 -21.244133 -37.883958 46.106857 -22.577277 -2.11928 -0.034264 0.000003 0 40.831062 -2.163638 8.600549 107.245763 8.764112 12.003894 66.902031 2.496314 6.651505 0 0.000003 0 21.174264 -0.333454 -20.403023 116.752375 -23.962787 -45.441993 41.988854 -28.215318 -16.578582 0 0.000003 0 15.240976 -2.11752 -2.977637 114.597642 -10.407416 -25.603592 35.86157 -14.378645 -14.551288 -0.019782 0.000003 0 25.57308 44.865063 59.697001 9.320316 -12.803693 17.377063 38.065331 -22.950526 -44.801564 -6.07677 7.97907 9.192813 0 0.000003 0 0 0.000003 0.000008 0 0.000003 -27.418504 0 0.000009 -54.837014 -0.000007 0.000016 -82.255524 -0.007745 0.038532 -21.913351 -0.004434 0.029215 -16.43501 -0.002025 0.019639 -10.956674 -0.000543 0.009872 -5.478336 0 -0.013986 0 -91.479456 -67.131804 111.351618 68.059734 -59.122057 -57.579383 92.586896 0.409759 0.427447 2.916067 -4.763713 74.409112 -5.684883 0.44725 -0.00913 -2.31197 -14.287039 -22.877688 42.540399 -9.635782 -19.384521 117.864849 -27.02666 -55.382883 40.234831 -33.045682 -11.083748 0 0.000003 0 40.779972 -4.644321 -13.49269 107.593747 -14.627544 -24.104455 64.261582 -23.85431 -14.329498 0 0.000003 0 21.206409 -1.871961 -3.996822 117.982519 -11.606934 -23.488023 45.998701 -16.632874 -12.843233 0 0.000003 0 15.181144 -3.326744 13.309769 119.649796 1.452579 -4.722434 37.329689 -5.154243 -5.123771 0 0.000003 0 25.57308 44.865063 59.697001 7.262511 4.440131 14.949469 -49.340563 25.590256 -16.80816 -6.07677 7.97907 9.192813 0 0.000003 0 0 0.000003 0.000008 0 0.000003 -10.52466 0 -0.000004 -21.049328 0 0.000003 -31.573994 -0.004141 -0.029729 16.689856 -0.002295 -0.022421 12.517392 -0.000987 -0.01501 8.344928 -0.00022 -0.007524 4.172464 0 0.000003 0 25.785535 3.536449 0.639668 -0.013988 -0.000107 -0.002842 0 0.000003 0 -26.479312 2.238686 -0.614364 -89.999999 -90 0 0 0.000003 0 0 0.000003 0 90.000009 -63.648278 -90.000009 -5.682401 0.000003 0 -28.319916 0.000003 0 -16.252152 0.000003 0 0 0.000003 0 89.999996 -84.450021 179.999995 0 0.000003 0 -90.000003 -84.450021 0 0 0.000003 0 0 0.000003 0
0 0 0 179.999991 0.000003 179.999991 0.209261 -0.09254600000000002 -8.110281 179.959283 -0.671098 -183.93111 -93.803687 10.928776 -92.514516 33.372031 -2.108019 -12.983268 0 0.000003 0 -24.917056 -0.868524 -1.236461 75.504886 -7.992029 9.334273 -0.15412 1.329519 -0.522786 -3.07228 9.409981 -0.216283 0 0.000003 0 0 0.000003 0 0 0.000003 0 0 0.000003 0 -0.000275 0.024106 -1.308681 -0.000155 0.018082 -0.981511 -0.000069 0.012051 -0.654341 0.013971 0.006034 0.269428 0 0.000003 0 90.331581 36.067766 79.069965 46.990581 -4.060695 -10.140387 0 0.000003 0 1.111686 3.114145 -0.446069 75.690319 -9.031782 11.401314 -0.421239 2.455134 -0.80889 0.40906 10.942847 -1.675678 0 0.000003 0 0 0.000003 0 0 0.000003 0 0 0.000003 0 -0.002154 -0.067391 3.660887 -0.001212 -0.050555 2.745665 -0.000539 -0.033711 1.830443 -0.000135 -0.016854 0.915221 0 0.000003 0 87.068861 6.566662 88.930197 16.282111 -0.164079 -3.136056 -15.001022 -0.475898 -1.327974 9.090108 -0.202103 -3.414352 95.59291 -61.467991 126.00974 67.880988 -55.878448 46.034406 10.106674 81.725968 8.833817 5.556722 0.548166 10.316936 3.2783 -6.539118 -1.358321 5.567135 -15.315433 -24.893183 36.864392 -4.362248 -13.480964 118.643245 -21.244112 -37.86844 46.112123 -22.566048 -2.11485 -0.034264 0.000003 0 40.831069 -2.163665 8.600552 107.244943 8.764167 11.520835 66.89128 2.048165 6.333443 0 0.000003 0 21.174246 -0.333488 -20.403004 116.752402 -23.96278 -45.403088 42.004905 -28.186344 -16.567826 0 0.000003 0 15.240961 -2.117541 -2.977607 114.597696 -10.407314 -25.285647 35.914822 -14.169539 -14.472211 -0.019782 0.000003 0 25.57308 44.865063 59.697001 9.320362 -12.803706 17.37707 38.06531 -22.950546 -44.801584 -6.07677 7.97907 9.192813 0 0.000003 0 0 0.000003 0.000008 0 0.000009 -27.655351 0 0.000009 -55.310715 -0.000003 0.000016 -82.966076 -0.010006 0.043641 -25.010373 -0.005728 0.033204 -18.757779 -0.002613 0.022365 -12.505185 -0.000696 0.011259 -6.252591 0 -0.013986 0 -89.753078 -67.897359 109.571158 68.267631 -59.530991 -60.31516 94.288911 0.409035 0.439523 3.093516 -4.650585 72.247002 -4.915673 0.053558 -0.006248 -2.31197 -14.287039 -22.877688 42.540423 -9.635803 -19.269688 117.827174 -26.928373 -55.206821 40.297447 -32.973467 -11.070765 0 0.000003 0 40.779979 -4.644328 -13.392796 107.584485 -14.532413 -23.990404 64.281287 -23.779807 -14.19899 0 0.000003 0 21.206423 -1.871975 -3.996905 117.982519 -11.606955 -23.488146 45.998449 -16.632901 -12.843215 0 0.000003 0 15.181166 -3.326744 13.309709 119.649741 1.452586 -4.722475 37.32959 -5.154256 -5.123793 0 0.000003 0 25.57308 44.865063 59.697001 7.262475 4.440124 14.949457 -49.340522 25.590269 -16.883577 -6.07677 7.97907 9.192813 0 0.000003 0 0 0.000003 0.000008 0.000001 0.000003 -11.100068 0.000002 0.000003 -22.200143 0 0.000003 -33.300218 -0.00468 -0.031505 17.726424 -0.002599 -0.023794 13.294818 -0.001119 -0.015932 8.863212 -0.000251 -0.007982 4.431607 0 0.000003 0 26.277759 3.312173 0.643644 -0.013987 0.000214 1.332545 0 0.000003 0 -25.910917 2.1396 1.248991 -89.999999 -90 0 0 0.000003 0 0 0.000003 0 90.000009 -63.648278 -90.000009 -5.682401 0.000003 0 -28.319916 0.000003 0 -16.252152 0.000003 0 0 0.000003 0 89.999996 -84.450021 179.999995 0 0.000003 0 -90.000003 -84.450021 0 0 0.000003 0 0 0.000003 0
0 0 0 179.999991 0.000003 179.999991 0.212954 -0.07696100000000006 -8.204527 180.940331 0.266093 -183.214227 -92.856183 19.917838 -93.0911 23.957227 -1.576835 -12.680034 0 0.000003 0 -13.311474 -1.65233 -2.134966 75.504886 -7.992029 9.334273 -0.15412 1.329519 -0.522786 -12.367794 8.775115 0.404665 0 0.000003 0 0 0.000003 0 0 0.000003 0 0 0.000003 0 -0.000141 0.017269 -0.93755 -0.00008 0.012953 -0.703162 -0.000035 0.008629 -0.468775 0.013979 0.004299 0.362211 0 0.000003 0 91.665066 34.596598 79.301262 28.693775 -2.711938 -9.050065 0 0.000003 0 6.704466 4.789502 2.564437 75.690319 -9.031782 11.401314 -0.421239 2.455134 -0.80889 0.566491 10.90778 -1.64021 0 0.000003 0 0 0.000003 0 0 0.000003 0 0 0.000003 0 -0.002385 -0.070909 3.852318 -0.001342 -0.053205 2.889238 -0.000596 -0.035473 1.926158 -0.000149 -0.017735 0.963079 0 0.000003 0 87.128407 7.724161 88.821105 15.939035 -0.037905 -3.730802 -15.291393 0.001444 -1.946586 8.877678 0.728777 -4.036459 98.881427 -60.612244 122.789169 62.529774 -58.777546 53.578555 14.213117 84.048725 12.909454 5.544317 0.662285 9.142599 4.114736 -6.56135 -1.486217 5.567135 -15.315433 -24.893183 36.864409 -4.362262 -13.480994 118.643436 -21.244071 -37.868543 46.112014 -22.566055 -2.114847 -0.034264 0.000003 0 40.831076 -2.163651 8.600561 107.245243 8.764201 11.806802 66.897946 2.313524 6.521762 0 0.000003 0 21.174244 -0.333461 -20.402996 116.75243 -23.962712 -45.441973 41.989128 -28.215352 -16.578679 0 0.000003 0 15.240976 -2.117534 -2.977616 114.597478 -10.407403 -25.801053 35.827566 -14.508269 -14.60006 -0.019782 0.000003 0 25.57308 44.865063 59.697001 9.320357 -12.803679 17.37706 38.065324 -22.950546 -44.801591 -6.07677 7.97907 9.192813 0 0.000003 0 0 0.000003 0.000008 0 0.000009 -27.969966 -0.000002 0.000009 -55.939939 -0.000003 0.000009 -83.909912 -0.011739 0.047117 -27.161914 -0.006723 0.03595 -20.371435 -0.003064 0.02425 -13.580955 -0.000813 0.012222 -6.790476 0 -0.013986 0 -86.421919 -67.857131 106.285721 67.011519 -61.428308 -60.811537 95.564783 0.408236 0.44861 3.218966 -4.56475 70.685471 -3.877821 -0.384134 -0.010182 -2.31197 -14.287039 -22.877688 42.540423 -9.63581 -19.370147 117.859849 -27.01442 -55.275287 40.289899 -32.981513 -11.092335 0 0.000003 0 40.78 -4.644342 -13.503474 107.594976 -14.637728 -24.116824 64.260114 -23.862486 -14.393691 0 0.000003 0 21.206426 -1.871961 -3.74253 117.947303 -11.384222 -23.142122 46.034792 -16.45544 -12.751683 0 0.000003 0 15.181161 -3.32675 13.571477 119.640179 1.679218 -4.351254 37.331174 -4.994976 -5.056539 0 0.000003 0 25.57308 44.865063 59.697001 7.262451 4.440172 14.949496 -49.340515 25.590256 -16.88356 -6.07677 7.97907 9.192813 0 0.000003 0 0 0.000003 0.000008 0.000001 0.000003 -11.515762 0.000002 0.000003 -23.031531 0 0.000003 -34.547302 -0.004528 -0.03102 17.440162 -0.002514 -0.023411 13.080122 -0.001082 -0.01568 8.720081 -0.000243 -0.007859 4.360042 0 0.000003 0 27.528579 2.471035 0.881258 -0.01398 0.000481 2.367059 0 0.000003 0 -25.216015 1.861871 2.761717 -89.999999 -90 0 0 0.000003 0 0 0.000003 0 90.000009 -63.648278 -90.000009 -5.682401 0.000003 0 -28.319916 0.000003 0 -16.252152 0.000003 0 0 0.000003 0 89.999996 -84.450021 179.999995 0 0.000003 0 -90.000003 -84.450021 0 0 0.000003 0 0 0.000003 0
0 0 0 179.999991 0.000003 179.999991 0.213902 -0.06787900000000002 -8.304792 180.139792 0.087661 -182.950623 -93.825796 23.867955 -93.767385 22.523884 -1.491834 -12.641668 0 0.000003 0 1.136047 -1.316851 -3.035953 75.504886 -7.992029 9.334273 -0.15412 1.329519 -0.522786 -13.554317 8.925987 0.436041 0 0.000003 0 0 0.000003 0 0 0.000003 0 0 0.000003 0 -0.000066 0.011757 -0.638358 -0.000037 0.00882 -0.478769 -0.000016 0.005883 -0.319179 0.013984 0.002905 0.437008 0 0.000003 0 90.591565 31.693207 81.518246 17.218989 -1.714512 -8.605266 0 0.000003 0 4.484159 5.249741 3.432753 75.690319 -9.031782 11.401314 -0.421239 2.455134 -0.80889 1.143718 11.03097 -1.376112 0 0.000003 0 0 0.000003 0 0 0.000003 0 0 0.000003 0 -0.00081 -0.041334 2.244546 -0.000456 -0.031007 1.68341 -0.000203 -0.020672 1.122273 -0.000051 -0.010332 0.561137 0 0.000003 0 86.697613 8.726833 88.828236 15.619943 -0.077493 -4.165618 -15.576263 -0.031983 -2.384592 8.638692 0.772429 -4.444053 101.690349 -59.9964 119.983847 56.348688 -61.069504 60.26407 26.073235 86.655903 24.733824 5.545043 0.656158 9.205727 3.94476 -5.938034 -1.311462 5.567135 -15.315433 -24.893183 36.961005 -4.185517 -13.348809 118.558714 -20.957757 -37.38017 46.219754 -22.340214 -2.026176 -0.034264 0.000003 0 40.830536 -1.961853 8.717693 107.259068 9.061075 12.205753 66.904408 2.59738 6.45192 0 0.000003 0 21.167933 -0.208523 -20.560019 116.731994 -23.879691 -45.297371 42.027441 -28.141599 -16.806128 0 0.000003 0 15.24293 -2.019111 -3.08525 114.583353 -10.26599 -25.366838 35.890172 -14.266705 -14.508987 -0.019782 0.000003 0 25.57308 44.865063 59.697001 9.320321 -12.803652 17.377074 38.065348 -22.95056 -44.754193 -6.07677 7.97907 9.192813 0 0.000003 0 0 0.000003 0.000008 0 0.000009 -27.953055 0 0.000009 -55.906116 -0.000003 0.000016 -83.859177 -0.013046 0.049542 -28.688625 -0.007476 0.037862 -21.516465 -0.003407 0.025595 -14.344309 -0.000902 0.012912 -7.172154 0 -0.013986 0 -86.514892 -67.618392 106.043591 63.009137 -62.497705 -57.252148 96.420838 0.407642 0.454634 3.288265 -4.515135 69.810011 -1.819001 0.474851 0.064237 -2.31197 -14.287039 -22.877688 42.540447 -9.635755 -19.384577 117.865477 -27.02651 -55.383272 40.235043 -33.045949 -11.083952 0 0.000003 0 40.779996 -4.644294 -13.492775 107.593856 -14.627558 -24.104619 64.26221 -23.854556 -14.245568 0 0.000003 0 21.20645 -1.871913 -3.996876 117.982273 -11.606934 -23.488017 45.998175 -16.632792 -12.843126 0 0.000003 0 15.181168 -3.326703 13.309697 119.649851 1.452613 -4.722475 37.330314 -5.154256 -5.123837 0 0.000003 0 25.57308 44.865063 59.697001 7.262438 4.440145 14.949472 -49.340508 25.590269 -16.883551 -6.07677 7.97907 9.192813 0 0.000003 0 0 0.000003 0.000008 0.000001 0.000003 -11.748861 0.000002 0.000003 -23.497731 0 0.000003 -35.246597 -0.004305 -0.030269 17.01034 -0.002387 -0.022844 12.757756 -0.001026 -0.015297 8.505171 -0.000229 -0.007661 4.252586 0 0.000003 0 28.383319 2.000169 1.10725 -0.013974 0.000624 3.0115 0 0.000003 0 -23.631375 1.48716 3.768672 -89.999999 -90 0 0 0.000003 0 0 0.000003 0 90.000009 -63.648278 -90.000009 -5.682401 0.000003 0 -28.319916 0.000003 0 -16.252152 0.000003 0 0 0.000003 0 89.999996 -84.450021 179.999995 0 0.000003 0 -90.000003 -84.450021 0 0 0.000003 0 0 0.000003 0
0 0 0 179.999991 0.000003 179.999991 0.215645 -0.06196500000000005 -8.405003 179.372051 -0.081113 -182.720418 -94.683436 27.873683 -94.471509 21.009174 -1.401033 -12.60345 0 0.000003 0 16.486728 -1.838787 -7.065517 75.504886 -7.992029 9.334273 -0.15412 1.329519 -0.522786 -14.646975 9.087166 0.456714 0 0.000003 0 0 0.000003 0 0 0.000003 0 0 0.000003 0 -0.000022 0.006764 -0.366909 -0.000012 0.005064 -0.275182 -0.000005 0.003377 -0.183455 0.013987 0.001642 0.504871 0 0.000003 0 89.667639 28.364282 84.579749 5.340619 -0.616729 -8.363778 0 0.000003 0 2.406547 5.444374 3.703844 75.690319 -9.031782 11.401314 -0.421239 2.455134 -0.80889 1.652779 11.113526 -1.337765 0 0.000003 0 0 0.000003 0 0 0.000003 0 0 0.000003 0 0 0.000003 0 0 0.000003 0 0 0.000003 0 0 0.000003 0 0 0.000003 0 86.370351 9.733958 88.844956 15.302817 -0.113399 -4.563985 -15.841012 -0.074515 -2.790136 8.436617 0.784525 -4.825702 104.478959 -59.419279 117.264366 49.056618 -62.779442 67.462475 85.910727 88.519848 84.53387 5.538314 0.710882 8.641654 3.62004 -5.070908 -1.070791 5.567135 -15.315433 -24.893183 36.864392 -4.362228 -13.390108 118.620295 -21.166043 -37.735395 46.141643 -22.504549 -1.787571 -0.034264 0.000003 0 40.831055 -2.163631 8.670732 107.248385 8.831273 11.642249 66.893575 2.141315 6.399553 0 0.000003 0 21.174234 -0.333461 -20.375723 116.746173 -23.938383 -45.399414 42.000384 -28.193673 -16.75875 0 0.000003 0 15.240922 -2.117534 -2.788248 114.57991 -10.233772 -25.312818 35.895984 -14.240962 -14.75578 -0.019782 0.000003 0 25.57308 44.865063 59.697001 9.320303 -12.803699 17.377084 38.065368 -22.950546 -44.801656 -6.07677 7.97907 9.192813 0 0.000003 0 0 0.000003 0.000008 0 0.000009 -28.104169 0 0.000009 -56.208349 -0.000003 0.000016 -84.312524 -0.014427 0.051946 -30.224639 -0.008271 0.039788 -22.668474 -0.003769 0.026927 -15.112314 -0.000995 0.013588 -7.556156 0 -0.013986 0 -86.297862 -67.426503 105.523383 59.274752 -63.43255 -53.520447 97.200012 0.406972 0.460133 3.321132 -4.491031 69.391389 -0.411339 1.666719 0.143514 -2.31197 -14.287039 -22.877688 42.540471 -9.635817 -19.384593 117.864712 -27.026715 -55.382848 40.235046 -33.045802 -11.08393 0 0.000003 0 40.78002 -4.644328 -13.492781 107.593829 -14.627544 -24.104523 64.26178 -23.854372 -14.245346 0 0.000003 0 21.206436 -1.871961 -3.996855 117.982601 -11.606845 -23.488044 45.998326 -16.632813 -12.843127 0 0.000003 0 15.181181 -3.326744 13.309722 119.650069 1.45264 -4.722379 37.330809 -5.154174 -5.123794 0 0.000003 0 25.57308 44.865063 59.697001 7.262438 4.440179 14.949501 -49.340532 25.590269 -16.883575 -6.07677 7.97907 9.192813 0 0.000003 0 0 0.000003 0.000008 0.000001 0.000003 -11.860334 0.000002 0.000003 -23.720678 0 0.000003 -35.581017 -0.003973 -0.029142 16.353735 -0.002201 -0.021977 12.265304 -0.000944 -0.01471 8.176869 -0.00021 -0.007374 4.088435 0 0.000003 0 29.250032 1.089616 1.211374 -0.013965 0.000808 3.737189 0 0.000003 0 -22.102438 1.869801 4.595046 -89.999999 -90 0 0 0.000003 0 0 0.000003 0 90.000009 -63.648278 -90.000009 -5.682401 0.000003 0 -28.319916 0.000003 0 -16.252152 0.000003 0 0 0.000003 0 89.999996 -84.450021 179.999995 0 0.000003 0 -90.000003 -84.450021 0 0 0.000003 0 0 0.000003 0
0 0 0 179.999991 0.000003 179.999991 0.217323 -0.06580399999999997 -8.493442 179.140043 -0.604435 -182.928794 -93.549891 24.32665 -95.962314 32.520682 -2.062134 -12.952305 0 0.000003 0 29.43942 0.238602 0.799218 75.504886 -7.992029 9.334273 -0.15412 1.329519 -0.522786 -3.159589 9.749012 -0.330654 0 0.000003 0 0 0.000003 0 0 0.000003 0 0 0.000003 0 -0.00016 -0.018391 0.998367 -0.00009 -0.013788 0.748775 -0.00004 -0.009191 0.499183 0.013978 -0.004731 0.846188 0 0.000003 0 90.783862 28.287962 86.114199 11.135137 -1.154771 -8.452712 0 0.000003 0 -0.737199 4.985364 1.891047 75.690319 -9.031782 11.401314 -0.421239 2.455134 -0.80889 1.938919 10.988732 -1.615589 0 0.000003 0 0 0.000003 0 0 0.000003 0 0 0.000003 0 -0.000122 0.01604 -0.870761 -0.000069 0.012024 -0.653071 -0.00003 0.008028 -0.43538 -0.000008 0.004012 -0.21769 0 0.000003 0 86.890211 9.874721 88.950974 15.345751 -0.119806 -4.522281 -15.820429 -0.273198 -2.742879 8.434499 0.176699 -4.804523 102.344135 -59.310789 119.380577 46.002127 -61.394193 69.202698 132.318618 88.000221 130.923074 5.539677 0.700152 8.75232 1.725873 -4.737335 -0.782554 5.567135 -15.315433 -24.893183 36.864368 -4.362228 -13.481068 118.643299 -21.244133 -37.78462 46.14053 -22.505177 -2.090892 -0.034264 0.000003 0 40.831035 -2.163658 8.600497 107.24497 8.764228 11.9947 66.901641 2.488001 6.645562 0 0.000003 0 21.174225 -0.333475 -20.403066 116.752266 -23.962746 -45.184051 42.089634 -28.020958 -16.504471 0 0.000003 0 15.240899 -2.117534 -2.97764 114.597532 -10.407246 -25.300086 35.912732 -14.179136 -14.475886 -0.019782 0.000003 0 25.57308 44.865063 59.697001 9.320269 -12.803665 17.377135 38.065365 -22.950451 -44.801625 -6.07677 7.97907 9.192813 0 0.000003 0 0 0.000003 0.000008 0 0.000009 -28.074523 0 0.000009 -56.149052 -0.000003 0.000016 -84.223582 -0.016652 0.055532 -32.563665 -0.009556 0.042684 -24.422748 -0.004354 0.028956 -16.281829 -0.001147 0.014633 -8.140913 0 -0.013986 0 -90.823894 -67.63264 109.91109 56.943045 -62.006413 -50.669407 97.235358 0.406911 0.460368 3.400755 -4.43111 68.367789 -0.411734 1.912893 0.159915 -2.31197 -14.287039 -22.877688 42.540464 -9.63581 -19.185486 117.799935 -26.85624 -55.077908 40.342745 -32.920157 -11.060865 0 0.000003 0 40.780013 -4.644321 -13.298191 107.575142 -14.442378 -23.882269 64.299039 -23.709128 -14.154775 0 0.000003 0 21.206457 -1.871968 -3.996879 117.850232 -11.635102 -23.461386 45.998483 -16.632813 -12.843151 0 0.000003 0 15.181183 -3.326757 13.30971 119.533792 1.366532 -4.725152 37.330631 -5.12238 -5.110366 0 0.000003 0 25.57308 44.865063 59.697001 7.262451 4.440151 14.949483 -49.340549 25.590297 -17.026212 -6.07677 7.97907 9.192813 0 0.000003 0 0 0.000003 0.000008 0.000001 0.000003 -12.132937 0.000002 0.000003 -24.265883 0 0.000003 -36.398829 -0.004219 -0.029989 16.844334 -0.002341 -0.022626 12.633253 -0.001006 -0.015147 8.422168 -0.000225 -0.007586 4.211085 0 0.000003 0 28.372725 1.278962 1.118788 -0.013969 0.000733 3.439898 0 0.000003 0 -21.006322 2.352231 4.034902 -89.999999 -90 0 0 0.000003 0 0 0.000003 0 90.000009 -63.648278 -90.000009 -5.682401 0.000003 0 -28.319916 0.000003 0 -16.252152 0.000003 0 0 0.000003 0 89.999996 -84.450021 179.999995 0 0.000003 0 -90.000003 -84.450021 0 0 0.000003 0 0 0.000003 0
0 0 0 179.999991 0.000003 179.999991 0.219497 -0.07879199999999997 -8.581247 181.024233 -0.650163 -183.444651 -89.054868 18.217032 -97.371498 47.71006 -2.802998 -13.600558 0 0.000003 0 27.55884 1.144688 6.832218 75.504886 -7.992029 9.334273 -0.15412 1.329519 -0.522786 2.012107 10.073883 -0.638518 0 0.000003 0 0 0.000003 0 0 0.000003 0 0 0.000003 0 -0.001252 -0.051395 2.791316 -0.000704 -0.038547 2.093487 -0.000313 -0.025706 1.395658 0.013908 -0.013091 1.294423 0 0.000003 0 95.531356 30.923855 87.718835 24.700467 -2.375312 -8.872707 0 0.000003 0 5.233985 4.824575 1.736097 75.690319 -9.031782 11.401314 -0.421239 2.455134 -0.80889 2.756785 10.921789 -1.750736 0 0.000003 0 0 0.000003 0 0 0.000003 0 0 0.000003 0 -0.000161 0.018458 -1.002119 -0.000091 0.013847 -0.751589 -0.00004 0.00923 -0.501059 -0.00001 0.00462 -0.25053 0 0.000003 0 88.81935 9.43916 89.095685 15.383142 0.028621 -4.206024 -15.629812 -0.169994 -2.447233 8.744621 0.373259 -4.63099 98.268028 -59.984901 123.23458 46.3097 -58.544237 66.723257 138.468644 87.769183 137.068892 5.543549 0.668699 9.07648 -0.182826 -4.874512 -0.650016 5.567135 -15.315433 -24.893183 36.864382 -4.362241 -13.480991 118.643354 -21.244092 -37.729869 46.160368 -22.465979 -2.075708 -0.034264 0.000003 0 40.831014 -2.163651 8.600583 107.245599 8.764228 11.806966 66.898138 2.313606 6.521857 0 0.000003 0 21.174179 -0.333475 -20.402982 116.751938 -23.96278 -45.178764 42.090805 -28.016819 -16.502635 0 0.000003 0 15.240869 -2.117527 -2.977549 114.597204 -10.40728 -25.481359 35.881856 -14.298302 -14.520869 -0.019782 0.000003 0 25.57308 44.865063 59.697001 9.320252 -12.803768 17.377173 38.065358 -22.950423 -44.801612 -6.07677 7.97907 9.192813 0 0.000003 0 0 0.000003 0.000008 0 0.000009 -27.98768 0 0.000009 -55.975371 -0.000007 0.000016 -83.963058 -0.018612 0.058442 -34.512027 -0.010694 0.045061 -25.884018 -0.004874 0.030643 -17.256008 -0.001281 0.0155 -8.628003 0 -0.013986 0 -95.268503 -67.569169 114.649274 56.721852 -61.119245 -49.781 97.147625 0.40702 0.459771 3.44777 -4.39465 67.75672 -0.715956 2.613451 0.201894 -2.31197 -14.287039 -22.877688 42.540477 -9.635796 -19.384565 117.865477 -27.026441 -55.383183 40.235097 -33.045935 -11.084007 0 0.000003 0 40.780013 -4.644301 -13.492754 107.593501 -14.627517 -24.104414 64.261917 -23.854372 -14.245411 0 0.000003 0 21.20644 -1.87192 -3.996858 117.982301 -11.606879 -23.487982 45.998513 -16.632833 -12.843204 0 0.000003 0 15.181163 -3.326723 13.309722 119.650014 1.452681 -4.722393 37.330966 -5.154229 -5.123859 0 0.000003 0 25.57308 44.865063 59.697001 7.262443 4.440158 14.945362 -49.339261 25.593398 -16.884183 -6.07677 7.97907 9.192813 0 0.000003 0 0 0.000003 0.000008 0.000001 0.000003 -12.295695 0.000002 0.000003 -24.591399 0 0.000003 -36.887099 -0.0043 -0.030262 17.001423 -0.002385 -0.022838 12.751066 -0.001025 -0.01529 8.500712 -0.000229 -0.007661 4.250356 0 0.000003 0 26.937754 1.055465 1.216185 -0.013972 0.000686 3.209263 0 0.000003 0 -20.86038 2.909752 3.541397 -89.999999 -90 0 0 0.000003 0 0 0.000003 0 90.000009 -63.648278 -90.000009 -5.682401 0.000003 0 -28.319916 0.000003 0 -16.252152 0.000003 0 0 0.000003 0 89.999996 -84.450021 179.999995 0 0.000003 0 -90.000003 -84.450021 0 0 0.000003 0 0 0.000003 0
0 0 0 179.999991 0.000003 179.999991 0.225008 -0.10097299999999998 -8.661962 183.58136 -0.365973 -185.219366 -83.796586 12.057069 -97.143895 63.497332 -3.364494 -14.454955 0 0.000003 0 23.238969 1.896418 11.800748 75.504886 -7.992029 9.334273 -0.15412 1.329519 -0.522786 4.510577 10.222426 -0.948311 0 0.000003 0 0 0.000003 0 0 0.000003 0 0 0.000003 0 -0.001484 -0.055957 3.039437 -0.000835 -0.041983 2.279577 -0.000371 -0.027988 1.519718 0.013893 -0.014245 1.356453 0 0.000003 0 101.319736 33.178405 90.056959 41.127233 -3.667672 -9.744841 0 0.000003 0 4.723934 4.246727 1.274293 75.690319 -9.031782 11.401314 -0.421239 2.455134 -0.80889 5.643393 11.310126 -2.092442 0 0.000003 0 0 0.000003 0 0 0.000003 0 0 0.000003 0 -0.000251 0.023041 -1.25056 -0.000141 0.017276 -0.93792 -0.000063 0.011518 -0.62528 -0.000016 0.00576 -0.31264 0 0.000003 0 90.183263 8.05576 89.110241 15.750423 0.361559 -3.793691 -15.249436 0.445406 -2.08663 9.144904 1.207559 -4.376345 99.073492 -61.464218 122.723654 52.518691 -56.863949 59.352623 117.045851 88.340706 115.657956 5.529697 0.775256 7.977235 -1.697864 -5.284324 -0.634979 5.567135 -15.315433 -24.893183 36.864382 -4.362193 -13.481059 118.643791 -21.24403 -37.868713 46.111761 -22.565979 -2.114779 -0.034264 0.000003 0 40.831021 -2.163603 8.600508 107.245189 8.764139 11.806788 66.897871 2.313524 6.521786 0 0.000003 0 21.174201 -0.333434 -20.403059 116.752266 -23.96276 -45.441891 41.989179 -28.215393 -16.313623 0 0.000003 0 15.240877 -2.117472 -3.156439 114.613761 -10.571204 -25.877831 35.827867 -14.508064 -14.892297 -0.019782 0.000003 0 25.57308 44.865063 59.697001 9.320238 -12.803693 17.377135 38.065382 -22.950458 -44.801615 -6.07677 7.97907 9.192813 0 0.000003 0 0 0.000003 0.000008 0 0.000009 -28.282162 0 0.000009 -56.564331 -0.000003 0.000016 -84.846509 -0.016442 0.055204 -32.349818 -0.009436 0.042418 -24.262362 -0.004299 0.028771 -16.174902 -0.001132 0.014544 -8.087451 0 -0.013986 0 -93.433402 -67.549397 113.012781 56.311187 -63.428336 -48.443622 96.845949 0.407287 0.457653 3.419667 -4.416534 68.122545 -1.515366 3.103845 0.215971 -2.31197 -14.287039 -22.877688 42.54045 -9.63583 -19.384545 117.864521 -27.026756 -55.382835 40.234978 -33.045836 -11.083906 0 0.000003 0 40.780003 -4.644335 -13.492762 107.593856 -14.627524 -24.104544 64.261924 -23.854426 -14.245413 0 0.000003 0 21.206421 -1.871968 -3.996873 117.982656 -11.606866 -23.488119 45.998831 -16.632915 -12.808973 0 0.000003 0 15.181128 -3.326737 13.309708 119.650014 1.452606 -4.722516 37.329689 -5.15427 -5.123789 0 0.000003 0 25.57308 44.865063 59.697001 7.262482 4.440124 14.783224 -49.288503 25.716327 -16.908468 -6.07677 7.97907 9.192813 0 0.000003 0 0 0.000003 0.000008 0.000001 0.000003 -12.198254 0.000002 0.000003 -24.396517 0 0.000003 -36.594777 -0.003402 -0.027059 15.157341 -0.001881 -0.020386 11.368005 -0.000804 -0.013637 7.57867 -0.000177 -0.006835 3.789336 0 0.000003 0 26.267767 -0.145166 1.128609 -0.01397 0.00072 3.376276 0 0.000003 0 -23.406792 3.390911 3.562725 -89.999999 -90 0 0 0.000003 0 0 0.000003 0 90.000009 -63.648278 -90.000009 -5.682401 0.000003 0 -28.319916 0.000003 0 -16.252152 0.000003 0 0 0.000003 0 89.999996 -84.450021 179.999995 0 0.000003 0 -90.000003 -84.450021 0 0 0.000003 0 0 0.000003 0
0 0 0 179.999991 0.000003 179.999991 0.228004 -0.11818899999999999 -8.744317 185.802947 -0.5757 -187.217005 -80.100463 4.643445 -94.757257 77.039384 -3.645112 -15.286397 0 0.000003 0 18.282512 1.956018 12.55474 75.504886 -7.992029 9.334273 -0.15412 1.329519 -0.522786 5.165086 9.933208 -1.231501 0 0.000003 0 0 0.000003 0 0 0.000003 0 0 0.000003 0 -0.000152 -0.017879 0.970957 -0.000085 -0.013412 0.728218 -0.000038 -0.008938 0.485479 0.013978 -0.004601 0.839336 0 0.000003 0 103.871359 30.345816 88.554728 50.676151 -4.121313 -10.328805 0 0.000003 0 -3.232799 3.263522 0.766753 75.690319 -9.031782 11.401314 -0.421239 2.455134 -0.80889 8.364868 11.707664 -2.281748 0 0.000003 0 0 0.000003 0 0 0.000003 0 0 0.000003 0 0 0.000003 -0.000004 0 0.000003 -0.000003 0 0.000003 -0.000002 0 0.000003 -0.000001 0 0.000003 0 91.272931 6.827603 89.167252 16.141943 0.571157 -3.412272 -14.830118 0.927802 -1.731627 9.609641 1.736414 -4.114706 99.998389 -62.841281 122.544157 61.336301 -55.056575 49.52927 53.06196 88.155389 51.698095 5.509818 0.906164 6.622431 -2.446085 -5.742629 -0.68029 5.567135 -15.315433 -24.893183 36.864382 -4.362234 -13.704651 118.701055 -21.435713 -38.196228 46.039191 -22.717043 -2.431909 -0.034264 0.000003 0 40.831042 -2.163624 8.370212 107.236446 8.544173 11.511505 66.892236 2.103209 6.562927 0 0.000003 0 21.174167 -0.333461 -20.402984 116.752211 -23.962671 -45.441699 41.989507 -28.21542 -16.578799 0 0.000003 0 15.240877 -2.117534 -2.977576 114.59704 -10.40728 -25.603224 35.860846 -14.378372 -14.551042 -0.019782 0.000003 0 25.57308 44.865063 59.697001 9.320264 -12.803761 17.377109 38.065375 -22.950492 -44.801656 -6.07677 7.97907 9.192813 0 0.000003 0 0 0.000003 0.000008 0 0.000009 -28.645089 0 0.000009 -57.290186 -0.000003 0.000016 -85.935282 -0.01258 0.048695 -28.152257 -0.007208 0.0372 -21.114191 -0.003284 0.025117 -14.076124 -0.000869 0.012659 -7.038061 0 -0.013986 0 -89.683451 -67.171013 109.798508 55.010091 -67.068053 -45.070526 95.972334 0.408018 0.451462 3.304504 -4.503271 69.603439 -2.69927 3.25762 0.191658 -2.31197 -14.287039 -22.877688 42.540416 -9.635892 -19.384586 117.864494 -27.02679 -55.382896 40.235172 -33.046 -11.084034 0 0.000003 0 40.780013 -4.64441 -13.492863 107.594293 -14.627592 -24.104776 64.262122 -23.85459 -14.245599 0 0.000003 0 21.206433 -1.872036 -3.996911 117.982574 -11.606961 -23.48818 45.998899 -16.632983 -12.588682 0 0.000003 0 15.18113 -3.326805 13.309665 119.650014 1.452511 -4.722652 37.329928 -5.154297 -5.123818 0 0.000003 0 25.57308 44.865063 59.697001 7.262496 4.440131 14.893943 -49.323166 25.632357 -16.891937 -6.07677 7.97907 9.192813 0 0.000003 0 0 0.000003 0.000008 0.000001 0.000003 -11.803866 0.000001 0.000003 -23.607739 0 0.000003 -35.411614 -0.002143 -0.021697 12.106135 -0.001178 -0.016315 9.079601 -0.000498 -0.010898 6.053068 -0.000105 -0.005455 3.026535 0 0.000003 0 26.328866 -0.550811 0.840894 -0.013972 0.000665 3.160222 0 0.000003 0 -24.989009 3.972693 3.030947 -89.999999 -90 0 0 0.000003 0 0 0.000003 0 90.000009 -63.648278 -90.000009 -5.682401 0.000003 0 -28.319916 0.000003 0 -16.252152 0.000003 0 0 0.000003 0 89.999996 -84.450021 179.999995 0 0.000003 0 -90.000003 -84.450021 0 0 0.000003 0 0 0.000003 0
0 0 0 179.999991 0.000003 179.999991 0.230729 -0.13046400000000002 -8.826905 186.799458 -1.712777 -188.42517 -78.627348 -4.494023 -92.35428 86.780477 -3.722369 -15.913531 0 0.000003 0 13.803837 0.496899 9.711066 75.504886 -7.992029 9.334273 -0.15412 1.329519 -0.522786 5.408946 10.142376 -1.342055 0 0.000003 0 0 0.000003 0 0 0.000003 0 0 0.000003 0 -0.000401 0.029085 -1.579188 -0.000226 0.021811 -1.18439 -0.0001 0.014544 -0.789594 0.013963 0.00729 0.201802 0 0.000003 0 104.266123 25.745656 85.925002 55.8925 -4.574605 -10.81209 0 0.000003 0 -14.503654 2.88698 -0.473344 75.690319 -9.031782 11.401314 -0.421239 2.455134 -0.80889 10.11356 11.941113 -2.389733 0 0.000003 0 0 0.000003 0 0 0.000003 0 0 0.000003 0 -0.000352 -0.02727 1.480823 -0.000198 -0.020454 1.110617 -0.000088 -0.013637 0.740412 -0.000022 -0.006814 0.370206 0 0.000003 0 91.863292 6.221683 89.286466 16.325984 0.606346 -3.000333 -14.587773 1.047043 -1.32268 9.884814 2.080369 -3.782184 98.759276 -63.864295 124.19892 67.98105 -52.874609 41.088301 31.538784 87.187074 30.191516 5.496364 0.984711 5.807065 -2.248081 -5.854351 -0.705665 5.567135 -15.315433 -24.893183 36.864416 -4.362241 -13.481078 118.643627 -21.24403 -37.868543 46.112069 -22.566 -2.114849 -0.034264 0.000003 0 40.831062 -2.163624 8.600502 107.245517 8.764208 11.806897 66.898329 2.313552 6.521823 0 0.000003 0 21.174203 -0.333468 -20.40304 116.752102 -23.962733 -45.441706 41.98979 -28.21555 -16.578932 0 0.000003 0 15.240898 -2.117527 -2.977603 114.597095 -10.40728 -25.603224 35.861263 -14.378475 -14.551131 -0.019782 0.000003 0 25.57308 44.865063 59.697001 9.320211 -12.80372 17.377133 38.065419 -22.950471 -44.801694 -6.07677 7.97907 9.192813 0 0.000003 0 0 0.000003 0.000008 0 0.000003 -28.863495 0 0.000009 -57.726997 -0.000003 0.000016 -86.590502 -0.009558 0.042684 -24.42601 -0.005472 0.03246 -18.319503 -0.002496 0.021852 -12.213001 -0.000665 0.010992 -6.1065 0 -0.013986 0 -88.578012 -66.34496 109.228611 51.716331 -69.853751 -38.349849 95.248231 0.408584 0.446322 3.209185 -4.571621 70.808264 -3.01365 3.645138 0.192885 -2.31197 -14.287039 -22.877688 42.540399 -9.635899 -19.384596 117.864849 -27.026715 -55.383047 40.234711 -33.045737 -11.083804 0 0.000003 0 40.78 -4.644437 -13.492875 107.593884 -14.62766 -24.104694 64.261896 -23.854508 -14.245527 0 0.000003 0 21.206414 -1.872036 -3.996929 117.982246 -11.60703 -23.488119 45.998271 -16.632861 -13.064029 0 0.000003 0 15.181128 -3.326812 13.30965 119.650014 1.45249 -4.722693 37.330276 -5.154325 -5.123863 0 0.000003 0 25.57308 44.865063 59.697001 7.262486 4.440076 14.949445 -49.340549 25.590283 -16.883606 -6.07677 7.97907 9.192813 0 0.000003 0 0 0.000003 0.000008 0.000001 0.000003 -11.483069 0.000002 0.000003 -22.966146 0 0.000003 -34.449224 -0.001181 -0.016342 9.093022 -0.000643 -0.012278 6.819767 -0.000266 -0.008201 4.546512 -0.000052 -0.004102 2.273257 0 0.000003 0 26.614157 -0.166415 0.62662 -0.01398 0.000474 2.366693 0 0.000003 0 -25.414774 4.123593 1.891302 -89.999999 -90 0 0 0.000003 0 0 0.000003 0 90.000009 -63.648278 -90.000009 -5.682401 0.000003 0 -28.319916 0.000003 0 -16.252152 0.000003 0 0 0.000003 0 89.999996 -84.450021 179.999995 0 0.000003 0 -90.000003 -84.450021 0 0 0.000003 0 0 0.000003 0
0 0 0 179.999991 0.000003 179.999991 0.22989 -0.137436 -8.903702 186.780416 -3.16579 -188.7472 -79.073872 -15.197565 -90.630019 92.353235 -3.718434 -16.275275 0 0.000003 0 7.975675 -1.852406 1.479412 75.504886 -7.992029 9.334273 -0.15412 1.329519 -0.522786 5.589886 10.135327 -1.294373 0 0.000003 0 0 0.000003 0 0 0.000003 0 0 0.000003 0 -0.002067 0.066016 -3.586245 -0.001163 0.049528 -2.689683 -0.000517 0.03302 -1.793122 0.013858 0.016661 -0.29996 0 0.000003 0 103.757629 21.06531 84.269815 58.638513 -4.711332 -11.034463 0 0.000003 0 -22.370195 2.383991 -2.556319 75.690319 -9.031782 11.401314 -0.421239 2.455134 -0.80889 10.777892 12.010931 -2.419144 0 0.000003 0 0 0.000003 0 0 0.000003 0 0 0.000003 0 -0.000794 -0.040931 2.222288 -0.000447 -0.030699 1.666716 -0.000199 -0.020468 1.111144 -0.00005 -0.010229 0.555572 0 0.000003 0 92.15531 6.042924 89.554893 16.362343 0.497807 -2.484496 -14.49905 0.939338 -0.792434 9.99408 2.166839 -3.298028 96.224613 -64.938854 126.532714 72.728442 -50.818487 33.636189 29.986774 87.056958 28.641454 5.484974 1.046476 5.164446 -1.318936 -5.617391 -0.707406 5.567135 -15.315433 -24.893183 36.864375 -4.362228 -13.481076 118.643518 -21.244058 -37.868468 46.11183 -22.565857 -2.114768 -0.034264 0.000003 0 40.831014 -2.163631 8.600532 107.24579 8.764249 11.806966 66.898049 2.313565 6.521813 0 0.000003 0 21.174187 -0.333461 -20.507588 116.774696 -24.055944 -45.603814 41.946043 -28.297915 -16.609968 0 0.000003 0 15.240879 -2.11752 -2.977585 114.597368 -10.407205 -25.60321 35.860788 -14.378277 -14.551004 -0.019782 0.000003 0 25.57308 44.865063 59.697001 9.320226 -12.803713 17.377138 38.065409 -22.950458 -44.80169 -6.07677 7.97907 9.192813 0 0.000003 0 0 0.000003 0.000008 0.000002 0.000009 -29.035626 -0.000003 0.000009 -58.071252 -0.000003 0.000016 -87.106891 -0.007163 0.037084 -21.048322 -0.0041 0.028095 -15.786239 -0.001874 0.018867 -10.524159 -0.000504 0.009483 -5.262078 0 -0.013986 0 -89.981616 -64.986609 111.262067 45.934231 -70.901085 -28.628193 95.129454 0.40868 0.445496 3.112691 -4.637792 72.010165 -2.539672 4.303985 0.230309 -2.31197 -14.287039 -22.877688 42.54043 -9.635899 -19.384538 117.865368 -27.026475 -55.38319 40.234944 -33.045884 -11.083927 0 0.000003 0 40.779993 -4.64441 -13.492836 107.594129 -14.627599 -24.104748 64.262047 -23.85459 -14.24556 0 0.000003 0 21.206412 -1.872036 -3.996881 117.982683 -11.606941 -23.488187 45.998879 -16.632977 -12.843349 0 0.000003 0 15.181127 -3.326798 13.309669 119.649905 1.452511 -4.722652 37.330672 -5.154345 -5.123928 0 0.000003 0 25.57308 44.865063 59.697001 7.262499 4.440097 14.94943 -49.340535 25.590256 -16.878683 -6.07677 7.97907 9.192813 0 0.000003 0 0 0.000003 0.000008 0.000001 0.000003 -11.163108 0.000001 0.000003 -22.326225 0 0.000003 -33.48934 -0.000613 -0.012019 6.673926 -0.000329 -0.00902 5.005445 -0.000132 -0.006015 3.336964 -0.000022 -0.00301 1.668483 0 0.000003 0 26.579736 -0.153294 0.42269 -0.013987 0.00016 1.109421 0 0.000003 0 -25.253475 4.195091 0.167403 -89.999999 -90 0 0 0.000003 0 0 0.000003 0 90.000009 -63.648278 -90.000009 -5.682401 0.000003 0 -28.319916 0.000003 0 -16.252152 0.000003 0 0 0.000003 0 89.999996 -84.450021 179.999995 0 0.000003 0 -90.000003 -84.450021 0 0 0.000003 0 0 0.000003 0
0 0 0 179.999991 0.000003 179.999991 0.230818 -0.13759500000000002 -8.975536 185.849666 -4.167349 -188.382263 -80.825563 -25.826159 -90.290552 92.485522 -3.717943 -16.283827 0 0.000003 0 -3.298831 -0.470113 1.775017 75.504886 -7.992029 9.334273 -0.15412 1.329519 -0.522786 5.648632 10.168761 -1.136789 0 0.000003 0 0 0.000003 0 0 0.000003 0 0 0.000003 0 -0.002614 0.074233 -4.032983 -0.001471 0.055689 -3.024736 -0.000654 0.037138 -2.016491 0.013824 0.018745 -0.411643 0 0.000003 0 102.911075 15.642659 83.474966 57.901262 -4.675651 -10.97412 0 0.000003 0 -27.849837 1.769083 -4.424415 75.690319 -9.031782 11.401314 -0.421239 2.455134 -0.80889 10.610907 11.98777 -2.400525 0 0.000003 0 0 0.000003 0 0 0.000003 0 0 0.000003 0 -0.000853 -0.04242 2.303368 -0.00048 -0.031813 1.727526 -0.000213 -0.021205 1.151684 -0.000053 -0.010612 0.575842 0 0.000003 0 92.270323 6.032637 90.014735 16.36679 0.297908 -1.798895 -14.507872 0.678575 -0.11216 9.979765 1.38246 -2.610994 95.095535 -66.338066 126.919412 77.11748 -49.762833 26.381418 40.222742 87.719118 38.866969 5.467101 1.136423 4.226146 -0.169306 -5.053067 -0.676889 5.567135 -15.315433 -24.893183 36.864361 -4.362221 -13.481092 118.643654 -21.244037 -37.868529 46.112168 -22.565993 -2.114886 -0.034264 0.000003 0 40.831021 -2.163631 8.600538 107.245079 8.76431 11.80687 66.897618 2.313661 6.521844 0 0.000003 0 21.174174 -0.333454 -20.402991 116.752102 -23.962644 -45.441535 41.988786 -28.215004 -16.578384 0 0.000003 0 15.240877 -2.117541 -2.815775 114.58256 -10.258907 -25.354905 35.891462 -14.261057 -14.506821 -0.019782 0.000003 0 25.57308 44.865063 59.697001 9.320194 -12.803754 17.377138 38.065423 -22.950458 -44.80169 -6.07677 7.97907 9.192813 0 0.000003 0 0 0.000003 0.000008 0.000002 0.000003 -29.286936 0 0.000009 -58.573885 -0.000003 0.000016 -87.860835 -0.004958 0.030902 -17.409903 -0.002841 0.023341 -13.057427 -0.001303 0.015644 -8.704951 -0.000354 0.007844 -4.352474 0 -0.013986 0 -91.810167 -63.167108 113.520729 38.191262 -70.145731 -17.418611 95.62064 0.408393 0.448955 3.01502 -4.70179 73.20982 -1.777084 5.066125 0.279811 -2.31197 -14.287039 -22.877688 42.54045 -9.635905 -19.384552 117.865013 -27.026633 -55.383108 40.234681 -33.045754 -11.083775 0 0.000003 0 40.780024 -4.644403 -13.492806 107.59361 -14.627654 -24.104557 64.262784 -23.854645 -14.245775 0 0.000003 0 21.206462 -1.872002 -3.742286 117.947112 -11.384086 -23.14176 46.035912 -16.455467 -12.64238 0 0.000003 0 15.181152 -3.326771 13.352164 119.648266 1.489277 -4.66241 37.330112 -5.128466 -5.112952 0 0.000003 0 25.57308 44.865063 59.697001 7.262494 4.44009 15.010309 -49.359448 25.544056 -17.042143 -6.07677 7.97907 9.192813 0 0.000003 0 0 0.000003 0.000008 0 0.000003 -10.84381 0 0.000003 -21.687626 0 0.000003 -32.531443 -0.000292 -0.008549 4.742529 -0.000153 -0.006411 3.556897 -0.000058 -0.00428 2.371265 -0.000007 -0.002135 1.185633 0 0.000003 0 26.196183 -0.271306 0.324286 -0.013987 -0.000168 -0.283246 0 0.000003 0 -25.065445 4.351345 -1.769661 -89.999999 -90 0 0 0.000003 0 0 0.000003 0 90.000009 -63.648278 -90.000009 -5.682401 0.000003 0 -28.319916 0.000003 0 -16.252152 0.000003 0 0 0.000003 0 89.999996 -84.450021 179.999995 0 0.000003 0 -90.000003 -84.450021 0 0 0.000003 0 0 0.000003 0
0 0 0 179.999991 0.000003 179.999991 0.230319 -0.13123399999999996 -9.052559 184.167636 -4.528809 -187.450406 -83.044479 -34.881077 -91.669697 86.670101 -3.722102 -15.906346 0 0.000003 0 -4.684517 1.914184 3.794089 75.504886 -7.992029 9.334273 -0.15412 1.329519 -0.522786 5.704092 10.28652 -0.945908 0 0.000003 0 0 0.000003 0 0 0.000003 0 0 0.000003 0 -0.001286 0.052076 -2.828021 -0.000723 0.039064 -2.121016 -0.000322 0.026053 -1.41401 0.013907 0.013123 -0.110405 0 0.000003 0 101.394186 8.647288 82.977632 53.60467 -4.452618 -10.631968 0 0.000003 0 -31.505299 1.312512 -5.285677 75.690319 -9.031782 11.401314 -0.421239 2.455134 -0.80889 9.440732 11.856173 -2.339231 0 0.000003 0 0 0.000003 0 0 0.000003 0 0 0.000003 0 -0.000673 -0.037686 2.046559 -0.000379 -0.028274 1.53492 -0.000168 -0.018849 1.02328 -0.000042 -0.009423 0.51164 0 0.000003 0 92.220613 6.115877 90.632007 16.354864 0.066897 -1.023267 -14.614122 0.321144 0.715198 9.775213 0.684565 -1.770085 96.227407 -67.978989 124.823965 80.149982 -48.747198 20.459381 72.361982 88.451492 70.989701 5.437493 1.270909 2.816774 1.01802 -4.227536 -0.619551 5.567135 -15.315433 -24.893183 36.864385 -4.362248 -13.481075 118.643518 -21.244037 -37.868447 46.111563 -22.565713 -2.114637 -0.034264 0.000003 0 40.831045 -2.163644 8.600537 107.245353 8.764317 11.806966 66.898274 2.313695 6.521878 0 0.000003 0 21.174193 -0.333475 -20.403003 116.752129 -23.962671 -45.441604 41.989288 -28.215208 -16.578635 0 0.000003 0 15.240911 -2.11752 -2.974736 114.596849 -10.404595 -25.598777 35.861235 -14.376132 -14.550198 -0.019782 0.000003 0 25.57308 44.865063 59.697001 9.320196 -12.803699 17.377166 38.065491 -22.950512 -44.801765 -6.07677 7.97907 9.192813 0 0.000003 0 0 0.000003 0.000008 0.000002 0.000009 -29.664399 0 0.000016 -59.328799 -0.000003 0.000009 -88.993198 -0.003576 0.026224 -14.708819 -0.002052 0.019776 -11.031614 -0.000946 0.013233 -7.354408 -0.00026 0.006628 -3.677203 0 -0.013986 0 -93.106154 -61.280503 114.94733 30.868815 -68.816894 -7.218177 96.312784 0.407826 0.453907 2.929045 -4.755749 74.252687 -1.183971 5.520462 0.314704 -2.31197 -14.287039 -22.877688 42.54045 -9.635864 -19.384531 117.865368 -27.026482 -55.38321 40.234869 -33.045826 -11.033766 0 0.000003 0 40.779996 -4.644369 -13.492787 107.594048 -14.627592 -24.104639 64.261534 -23.854372 -14.40573 0 0.000003 0 21.206412 -1.871995 -4.042759 117.989022 -11.647157 -23.550629 45.992349 -16.66499 -12.859814 0 0.000003 0 15.181134 -3.326764 13.309686 119.649796 1.45249 -4.722611 37.329736 -5.154277 -5.123829 0 0.000003 0 25.57308 44.865063 59.697001 7.262515 4.440076 14.949431 -49.340549 25.590283 -16.883604 -6.07677 7.97907 9.192813 0 0.000003 0 0 0.000003 0.000008 0 0.000003 -10.566283 0 0.000003 -21.132575 0 0.000003 -31.698864 -0.000091 -0.005154 2.858114 -0.000044 -0.003863 2.143586 -0.000014 -0.002579 1.429058 0.000001 -0.001288 0.71453 0 0.000003 0 25.708672 -0.749727 0.173853 -0.01398 -0.000476 -1.524343 0 0.000003 0 -24.914078 4.387825 -3.456284 -89.999999 -90 0 0 0.000003 0 0 0.000003 0 90.000009 -63.648278 -90.000009 -5.682401 0.000003 0 -28.319916 0.000003 0 -16.252152 0.000003 0 0 0.000003 0 89.999996 -84.450021 179.999995 0 0.000003 0 -90.000003 -84.450021 0 0 0.000003 0 0 0.000003 0
0 0 0 179.999991 0.000003 179.999991 0.228762 -0.11788900000000002 -9.135221 182.158126 -4.541971 -186.142111 -85.131437 -40.805105 -94.18335 75.379539 -3.621418 -15.181239 0 0.000003 0 -3.936471 3.17839 3.209025 75.504886 -7.992029 9.334273 -0.15412 1.329519 -0.522786 5.840182 10.354733 -0.871969 0 0.000003 0 0 0.000003 0 0 0.000003 0 0 0.000003 0 -0.000123 0.016129 -0.875529 -0.000069 0.012092 -0.656647 -0.000031 0.008062 -0.437764 0.01398 0.004012 0.377716 0 0.000003 0 99.355121 0.655981 82.366993 46.89557 -4.054657 -10.133696 0 0.000003 0 -30.338696 0.752785 -4.709228 75.690319 -9.031782 11.401314 -0.421239 2.455134 -0.80889 6.91501 11.557188 -2.170948 0 0.000003 0 0 0.000003 0 0 0.000003 0 0 0.000003 0 -0.000589 -0.035241 1.913612 -0.000331 -0.02643 1.435209 -0.000147 -0.017626 0.956806 -0.000037 -0.008808 0.478403 0 0.000003 0 91.945978 6.425435 91.136437 16.267069 -0.11245 -0.227837 -14.768882 -0.03395 1.616631 9.566308 -0.228734 -0.891703 98.432766 -69.573617 121.875399 81.912218 -47.665572 16.001016 123.61764 88.224798 122.226604 5.404524 1.404877 1.404805 1.79935 -3.568416 -0.571532 5.567135 -15.315433 -24.893183 36.864392 -4.362248 -13.481076 118.644255 -21.243812 -37.868645 46.111642 -22.565734 -2.114698 -0.034264 0.000003 0 40.831083 -2.163631 8.600494 107.245708 8.764303 11.806993 66.897974 2.313681 6.521837 0 0.000003 0 21.174208 -0.333468 -20.403015 116.751692 -23.962726 -45.441392 41.989046 -28.215072 -16.578474 0 0.000003 0 15.240911 -2.11752 -2.977579 114.59745 -10.407143 -25.603155 35.861283 -14.378304 -14.551093 -0.019782 0.000003 0 25.57308 44.865063 59.697001 9.320179 -12.803658 17.377135 38.065471 -22.950512 -44.918971 -6.07677 7.97907 9.192813 0 0.000003 0 0 0.000003 0.000008 0.000002 0.000009 -30.042512 0.000003 0.000009 -60.085024 -0.000007 0.000016 -90.127543 -0.002774 0.023068 -12.899285 -0.001595 0.017365 -9.674463 -0.000737 0.011607 -6.449642 -0.000205 0.005815 -3.22482 0 -0.013986 0 -94.035381 -59.455978 115.796213 24.71797 -66.811098 1.23906 96.786349 0.40741 0.457192 2.828463 -4.816155 75.458188 -1.138696 5.90255 0.329092 -2.31197 -14.287039 -22.877688 42.540423 -9.635885 -19.253432 117.82272 -26.914317 -55.182512 40.306142 -32.963382 -11.068924 0 0.000003 0 40.779989 -4.64441 -13.348666 107.579923 -14.490538 -23.93997 64.289893 -23.746926 -14.117689 0 0.000003 0 21.206426 -1.872016 -3.99692 117.982519 -11.607078 -23.488242 45.997841 -16.632813 -12.843018 0 0.000003 0 15.181152 -3.326778 13.309657 119.649577 1.452415 -4.72268 37.330074 -5.154304 -5.123827 0 0.000003 0 25.57308 44.865063 59.697001 7.262501 4.44009 14.949431 -49.340474 25.590256 -16.883553 -6.07677 7.97907 9.192813 0 0.000003 0 0 0.000003 0.000008 0 0.000003 -10.245532 0 0.000003 -20.491071 0 0.000003 -30.736613 -0.000004 -0.00191 1.058516 0 -0.001432 0.793888 0.000002 -0.000954 0.529259 0.000002 -0.000476 0.26463 0 0.000003 0 25.263838 -1.551584 0.167772 -0.013969 -0.000735 -2.610175 0 0.000003 0 -24.451606 4.407244 -4.905903 -89.999999 -90 0 0 0.000003 0 0 0.000003 0 90.000009 -63.648278 -90.000009 -5.682401 0.000003 0 -28.319916 0.000003 0 -16.252152 0.000003 0 0 0.000003 0 89.999996 -84.450021 179.999995 0 0.000003 0 -90.000003 -84.450021 0 0 0.000003 0 0 0.000003 0
0 0 0 179.999991 0.000003 179.999991 0.228667 -0.100047 -9.225257 180.571104 -4.522819 -184.862557 -86.760287 -42.111112 -97.070853 57.612933 -3.183043 -14.118746 0 0.000003 0 -3.030741 3.109535 1.825696 75.504886 -7.992029 9.334273 -0.15412 1.329519 -0.522786 6.138162 10.378584 -0.850402 0 0.000003 0 0 0.000003 0 0 0.000003 0 0 0.000003 0 -0.00022 -0.02154 1.16935 -0.000124 -0.016151 0.877012 -0.000055 -0.010769 0.584675 0.013974 -0.00553 0.888933 0 0.000003 0 95.864546 -7.940468 81.53985 39.067371 -3.520209 -9.61568 0 0.000003 0 -24.097044 1.165847 -2.034653 75.690319 -9.031782 11.401314 -0.421239 2.455134 -0.80889 -0.00179 10.79584 -1.656202 0 0.000003 0 0 0.000003 0 0 0.000003 0 0 0.000003 0 -0.000762 -0.040091 2.177171 -0.000429 -0.030078 1.632878 -0.00019 -0.020051 1.088585 -0.000048 -0.010024 0.544293 0 0.000003 0 91.868155 7.025965 91.532902 16.096703 -0.271648 0.64483 -14.970026 -0.344533 2.40586 9.351991 -0.562546 -0.069724 101.36138 -70.873925 118.485303 81.688461 -46.703602 13.484812 143.270048 87.525824 141.866034 5.386152 1.47393 0.673452 2.030699 -2.977823 -0.493786 5.567135 -15.315433 -24.893183 36.971636 -4.165976 -13.334256 118.549562 -20.926065 -37.326192 46.232041 -22.315257 -2.016456 -0.034264 0.000003 0 40.830505 -1.939546 8.730635 107.260816 9.093969 12.249958 66.905091 2.628867 6.745491 0 0.000003 0 21.167202 -0.194713 -20.369989 116.685084 -23.685413 -44.959754 42.116299 -27.968891 -16.716266 0 0.000003 0 15.243089 -2.008251 -2.966457 114.569774 -10.130452 -25.139925 35.917178 -14.159314 -14.468301 -0.019782 0.000003 0 25.57308 44.865063 59.697001 9.320188 -12.803679 17.377149 38.065498 -22.950546 -44.801752 -6.07677 7.97907 9.192813 0 0.000003 0 0 0.000003 0.000008 0.000002 0.000009 -30.23834 0 0.000016 -60.476694 -0.000007 0.000016 -90.715048 -0.002466 0.021716 -12.136034 -0.001418 0.016347 -9.102024 -0.000657 0.010924 -6.068016 -0.000184 0.005473 -3.034007 0 -0.013986 0 -93.807744 -57.841571 115.309781 18.498659 -65.368331 9.549754 97.143329 0.407116 0.459713 2.705626 -4.88611 76.910662 -1.424504 6.220672 0.329927 -2.31197 -14.287039 -22.877688 42.540389 -9.635871 -19.281218 117.831244 -26.938298 -55.224832 40.291306 -32.980959 -11.07222 0 0.000003 0 40.779959 -4.644424 -13.360886 107.581398 -14.502169 -23.954061 64.286854 -23.755983 -14.183946 0 0.000003 0 21.206376 -1.872009 -3.996878 117.982629 -11.607071 -23.488221 45.998011 -16.632826 -12.843049 0 0.000003 0 15.181091 -3.326798 13.309722 119.649796 1.452449 -4.722598 37.330023 -5.15427 -5.123796 0 0.000003 0 25.57308 44.865063 59.697001 7.262501 4.440104 14.949414 -49.340511 25.590242 -16.883575 -6.07677 7.97907 9.192813 0 0.000003 0 0 0.000003 0.000008 0 0.000003 -9.859142 0 0.000003 -19.718292 0 0.000003 -29.577441 -0.000027 0.001751 -0.967448 -0.000018 0.001307 -0.725586 -0.00001 0.000877 -0.483723 -0.000004 0.000433 -0.241861 0 0.000003 0 25.208186 -2.24368 0.32617 -0.013952 -0.001015 -3.715379 0 0.000003 0 -23.802075 4.578162 -6.421833 -89.999999 -90 0 0 0.000003 0 0 0.000003 0 90.000009 -63.648278 -90.000009 -5.682401 0.000003 0 -28.319916 0.000003 0 -16.252152 0.000003 0 0 0.000003 0 89.999996 -84.450021 179.999995 0 0.000003 0 -90.000003 -84.450021 0 0 0.000003 0 0 0.000003 0
0 0 0 179.999991 0.000003 179.999991 0.222437 -0.081237 -9.315915 180.461179 -5.150035 -184.113627 -87.822443 -38.602803 -98.96035 37.739196 -2.33584 -13.152585 0 0.000003 0 0.085036 5.69608 4.868018 75.504886 -7.992029 9.334273 -0.15412 1.329519 -0.522786 6.090212 10.288153 -0.635688 0 0.000003 0 0 0.000003 0 0 0.000003 0 0 0.000003 0 -0.001176 -0.049817 2.705808 -0.000662 -0.037372 2.029356 -0.000294 -0.024914 1.352904 0.013913 -0.012695 1.273046 0 0.000003 0 93.377982 -14.976663 78.379269 32.829844 -3.046494 -9.25797 0 0.000003 0 -11.525871 1.113214 3.277693 75.690319 -9.031782 11.401314 -0.421239 2.455134 -0.80889 -8.751839 10.025101 -0.88578 0 0.000003 0 0 0.000003 0 0 0.000003 0 0 0.000003 0 -0.0033 -0.083401 4.532344 -0.001857 -0.062576 3.399258 -0.000825 -0.041737 2.266171 -0.000206 -0.020871 1.133085 0 0.000003 0 91.987553 7.757055 91.546296 15.910246 -0.302247 1.145447 -15.20527 -0.33997 2.907246 9.074171 -0.652096 0.40338 105.158357 -71.324243 114.069586 81.035509 -47.055889 12.157843 142.14543 87.588894 140.7424 5.381749 1.489981 0.503173 1.557372 -2.534537 -0.386893 5.567135 -15.315433 -24.893183 36.533528 -4.354393 -13.456211 118.658462 -21.292661 -37.951816 46.083997 -22.623066 -2.137065 -0.034264 0.000003 0 40.545588 -2.310125 8.612013 107.243058 8.720945 11.748595 66.89378 2.151963 6.407069 0 0.000003 0 21.174193 -0.333481 -20.403051 116.752156 -23.962719 -45.106542 42.119769 -27.962587 -16.482099 0 0.000003 0 15.240893 -2.117534 -2.97759 114.597177 -10.407164 -25.48819 35.880903 -14.30281 -14.522618 -0.019782 0.000003 0 25.57308 44.865063 59.697001 9.320169 -12.803645 17.377181 38.065519 -22.950512 -44.801752 -6.07677 7.97907 9.192813 0 0.000003 0 0 0.000003 0.000008 0.000002 0.000009 -30.283939 0.000003 0.000009 -60.567877 -0.000007 0.000016 -90.85183 -0.0023 0.020958 -11.706577 -0.001324 0.015767 -8.779932 -0.000615 0.010548 -5.853287 -0.000173 0.005275 -2.926643 0 -0.013986 0 -90.941462 -57.467532 112.252417 9.925276 -65.021361 18.902518 97.523572 0.40672 0.462332 2.552087 -4.967881 78.698205 -2.518751 6.779027 0.289965 -2.31197 -14.287039 -22.877688 42.540358 -9.635905 -19.384494 117.864931 -27.026728 -55.383101 40.234561 -33.045672 -11.083679 0 0.000003 0 40.779942 -4.644437 -13.492768 107.594048 -14.627667 -24.104666 64.261773 -23.854467 -14.245384 0 0.000003 0 21.20633 -1.87207 -3.996924 117.98241 -11.607228 -23.488235 45.99769 -16.632826 -12.842989 0 0.000003 0 15.181076 -3.326832 13.309678 119.649632 1.45234 -4.722721 37.331017 -5.154325 -5.123868 0 0.000003 0 25.57308 44.865063 59.697001 7.262548 4.440042 14.949392 -49.340505 25.590256 -16.883569 -6.07677 7.97907 9.192813 0 0.000003 0 0 0.000003 0.000008 0 0.000003 -9.383726 0 0.000003 -18.767461 0.000002 0.000003 -28.151195 -0.000148 0.004831 -2.680187 -0.00009 0.003623 -2.01014 -0.000046 0.00242 -1.340093 -0.000016 0.001211 -0.670046 0 0.000003 0 25.624713 -2.714089 0.27632 -0.01394 -0.001159 -4.344729 0 0.000003 0 -23.067034 5.159398 -7.436798 -89.999999 -90 0 0 0.000003 0 0 0.000003 0 90.000009 -63.648278 -90.000009 -5.682401 0.000003 0 -28.319916 0.000003 0 -16.252152 0.000003 0 0 0.000003 0 89.999996 -84.450021 179.999995 0 0.000003 0 -90.000003 -84.450021 0 0 0.000003 0 0 0.000003 0
0 0 0 179.999991 0.000003 179.999991 0.214882 -0.06968799999999997 -9.406178 180.375993 -5.741523 -183.354902 -88.771641 -35.121377 -101.122057 18.253672 -1.233256 -12.540137 0 0.000003 0 3.414693 8.136124 7.789756 75.504886 -7.992029 9.334273 -0.15412 1.329519 -0.522786 6.042068 10.190658 -0.413852 0 0.000003 0 0 0.000003 0 0 0.000003 0 0 0.000003 0 -0.003232 -0.08254 4.485234 -0.001818 -0.061927 3.363924 -0.000808 -0.0413 2.242615 0.013782 -0.021 1.7179 0 0.000003 0 91.230762 -21.916551 75.573851 26.798269 -2.553696 -8.962955 0 0.000003 0 1.880625 0.286249 9.032423 75.690319 -9.031782 11.401314 -0.421239 2.455134 -0.80889 -17.854897 9.371015 0.050393 0 0.000003 0 0 0.000003 0 0 0.000003 0 0 0.000003 0 -0.006983 -0.121213 6.594567 -0.00393 -0.090996 4.945923 -0.001747 -0.060704 3.29728 -0.000437 -0.030365 1.648639 0 0.000003 0 92.064038 8.478091 91.538154 15.723784 -0.3298 1.629487 -15.452886 -0.309774 3.394085 8.769055 -0.713868 0.864577 109.27534 -71.722458 109.200258 80.43907 -47.456155 11.144912 141.954444 87.599221 140.551578 5.389402 1.46197 0.800287 0.674489 -2.137164 -0.272621 5.567135 -15.315433 -24.893183 36.86444 -4.362262 -13.481164 118.643709 -21.244024 -37.868488 46.111847 -22.565761 -2.114726 -0.034264 0.000003 0 40.831127 -2.163624 8.600448 107.244861 8.764303 12.105937 66.904107 2.591315 6.718881 0 0.000003 0 21.174227 -0.333481 -20.403054 116.751747 -23.96276 -45.144702 42.104995 -27.991595 -16.493249 0 0.000003 0 15.240906 -2.117554 -2.977621 114.597587 -10.407218 -25.772045 35.831654 -14.489035 -14.592645 -0.019782 0.000003 0 25.57308 44.865063 59.697001 9.320182 -12.803652 17.377144 38.065532 -22.950594 -44.801786 -6.07677 7.97907 9.192813 0 0.000003 0 0 0.000003 0.000008 0.000002 0.000009 -30.204381 0.000003 0.000009 -60.408775 -0.000003 0.000016 -90.613169 -0.002175 0.02037 -11.370735 -0.001253 0.015323 -8.52805 -0.000582 0.010241 -5.685367 -0.000164 0.005125 -2.842682 0 -0.013986 0 -88.043351 -57.076231 109.174918 1.787811 -63.927645 27.274026 97.989794 0.406262 0.465621 2.356753 -5.063292 80.932196 -3.706745 7.257898 0.227768 -2.31197 -14.287039 -22.877688 42.540351 -9.635919 -19.57849 117.928779 -27.192647 -55.680686 40.129554 -33.168072 -11.10585 0 0.000003 0 40.779972 -4.644451 -13.665887 107.610303 -14.792452 -24.302366 64.229624 -23.983927 -14.326305 0 0.000003 0 21.206346 -1.872084 -3.996972 117.982246 -11.607364 -23.488351 45.99783 -16.632949 -12.843054 0 0.000003 0 15.181082 -3.326832 13.309667 119.649523 1.452258 -4.722775 37.330023 -5.154352 -5.123798 0 0.000003 0 25.57308 44.865063 59.697001 7.26252 4.440076 14.949409 -49.340481 25.590242 -16.883553 -6.07677 7.97907 9.192813 0 0.000003 0 0 0.000003 0.000008 0 0.000003 -8.789732 0 0.000003 -17.579473 0.000002 0.000003 -26.369214 -0.00032 0.007413 -4.113429 -0.00019 0.005562 -3.085072 -0.000093 0.003704 -2.056714 -0.00003 0.00186 -1.028356 0 0.000003 0 26.062113 -3.12498 0.245778 -0.013925 -0.001323 -5.009086 0 0.000003 0 -22.25681 5.070544 -8.234254 -89.999999 -90 0 0 0.000003 0 0 0.000003 0 90.000009 -63.648278 -90.000009 -5.682401 0.000003 0 -28.319916 0.000003 0 -16.252152 0.000003 0 0 0.000003 0 89.999996 -84.450021 179.999995 0 0.000003 0 -90.000003 -84.450021 0 0 0.000003 0 0 0.000003 0
0 0 0 179.999991 0.000003 179.999991 0.211177 -0.06755999999999995 -9.490463 181.676229 -6.477619 -182.891801 -89.361154 -34.173876 -99.641081 11.414358 -0.805441 -12.418423 0 0.000003 0 4.43589 10.404355 9.588796 75.504886 -7.992029 9.334273 -0.15412 1.329519 -0.522786 6.172117 10.132335 -0.209253 0 0.000003 0 0 0.000003 0 0 0.000003 0 0 0.000003 0 -0.002194 -0.068013 3.694737 -0.001234 -0.051026 2.771052 -0.000549 -0.034025 1.847368 0.013848 -0.017305 1.520277 0 0.000003 0 91.604926 -23.802039 74.099015 28.202293 -2.671189 -9.026974 0 0.000003 0 14.826172 0.346566 13.004602 75.690319 -9.031782 11.401314 -0.421239 2.455134 -0.80889 -17.488689 9.569685 0.082959 0 0.000003 0 0 0.000003 0 0 0.000003 0 0 0.000003 0 -0.009075 -0.138104 7.518927 -0.005108 -0.103714 5.63919 -0.002271 -0.069201 3.759457 -0.000568 -0.034613 1.879728 0 0.000003 0 92.545648 8.973348 91.300805 15.539693 -0.282829 1.794323 -15.686339 -0.088127 3.550557 8.467526 -0.187015 0.968882 110.56324 -72.055066 107.311902 78.760551 -46.578025 11.94985 121.14309 88.272964 119.753065 5.409214 1.386661 1.597315 -0.181421 -2.441852 -0.269826 5.567135 -15.315433 -24.893183 36.864457 -4.362241 -13.481173 118.643846 -21.244024 -37.868604 46.112175 -22.565925 -2.114831 -0.034264 0.000003 0 40.83112 -2.16361 8.600492 107.245435 8.764235 11.806938 66.897748 2.313668 6.521854 0 0.000003 0 21.240124 0.012877 -20.40273 116.711203 -23.795222 -45.150173 42.216481 -27.771635 -16.408269 0 0.000003 0 15.383212 -2.007124 -2.982567 114.589828 -10.33376 -25.480055 35.901721 -14.222541 -14.49229 -0.019782 0.000003 0 25.57308 44.865063 59.697001 9.32016 -12.803645 17.377178 38.065546 -22.950533 -44.801765 -6.07677 7.97907 9.192813 0 0.000003 0 0 0.000003 0.000008 0.000002 0.000009 -29.990958 0 0.000009 -59.981929 -0.000003 0.000016 -89.972893 -0.002397 0.021408 -11.961155 -0.00138 0.016115 -8.970867 -0.00064 0.010767 -5.980577 -0.00018 0.005392 -2.990288 0 -0.013986 0 -85.87129 -56.807063 107.057034 -4.692276 -62.592918 33.121971 99.267319 0.404841 0.474565 2.127221 -5.163716 83.507074 -4.774198 6.787114 0.175306 -2.31197 -14.287039 -22.877688 42.540341 -9.635912 -19.384476 117.864794 -27.026831 -55.383026 40.234899 -33.045778 -11.083782 0 0.000003 0 40.779959 -4.644451 -13.492752 107.59361 -14.627763 -24.10453 64.261623 -23.854413 -14.245273 0 0.000003 0 21.206324 -1.872084 -3.996927 117.982246 -11.607364 -23.488262 45.998278 -16.632983 -12.843126 0 0.000003 0 15.181088 -3.326846 13.309696 119.649632 1.452265 -4.722721 37.329566 -5.154331 -5.123709 0 0.000003 0 25.57308 44.865063 59.697001 7.262573 4.440056 14.949413 -49.340474 25.590215 -16.883531 -6.07677 7.97907 9.192813 0 0.000003 0 0 0.000003 0.000008 0 0.000003 -8.105306 0 0.000003 -16.210621 0.000002 0.000003 -24.315934 -0.000447 0.008882 -4.930203 -0.000264 0.006669 -3.697652 -0.000128 0.004442 -2.4651 -0.00004 0.002222 -1.232549 0 0.000003 0 25.911501 -2.877795 -0.043541 -0.013914 -0.001432 -5.460474 0 0.000003 0 -21.086945 5.073522 -8.748222 -89.999999 -90 0 0 0.000003 0 0 0.000003 0 90.000009 -63.648278 -90.000009 -5.682401 0.000003 0 -28.319916 0.000003 0 -16.252152 0.000003 0 0 0.000003 0 89.999996 -84.450021 179.999995 0 0.000003 0 -90.000003 -84.450021 0 0 0.000003 0 0 0.000003 0
0 0 0 179.999991 0.000003 179.999991 0.206257 -0.07430800000000004 -9.584322 181.91157 -6.916069 -182.851175 -90.943504 -33.538105 -95.747313 13.262323 -0.922415 -12.44626 0 0.000003 0 2.636392 10.330705 9.114811 75.504886 -7.992029 9.334273 -0.15412 1.329519 -0.522786 6.274704 10.029596 -0.376088 0 0.000003 0 0 0.000003 0 0 0.000003 0 0 0.000003 0 -0.000348 -0.02712 1.47255 -0.000196 -0.020338 1.104413 -0.000087 -0.013562 0.736275 0.013965 -0.006937 0.964733 0 0.000003 0 90.768925 -23.214055 74.651878 34.615214 -3.186042 -9.355062 0 0.000003 0 25.156266 0.877115 11.72361 75.690319 -9.031782 11.401314 -0.421239 2.455134 -0.80889 -8.724792 10.345287 -0.58715 0 0.000003 0 0 0.000003 0 0 0.000003 0 0 0.000003 0 -0.008492 -0.133616 7.273055 -0.004779 -0.100326 5.454788 -0.002125 -0.06694 3.636523 -0.000531 -0.033486 1.818261 0 0.000003 0 92.351377 9.124152 91.346397 15.494525 -0.219301 1.777741 -15.735115 -0.020126 3.523213 8.414308 0.117851 0.928916 109.021093 -72.483821 108.538475 77.469973 -44.744464 12.933045 98.304078 88.507213 96.922795 5.427547 1.31286 2.375594 -0.644153 -3.924918 -0.459782 5.567135 -15.315433 -24.893183 36.933196 -4.152923 -13.326309 118.660375 -21.299464 -37.96323 46.090629 -22.609365 -2.131687 -0.034264 0.000003 0 40.789125 -1.947872 8.721467 107.241063 8.663373 11.671455 66.895788 2.217212 6.453439 0 0.000003 0 21.139886 -0.054168 -20.334525 116.767401 -24.027148 -45.553359 41.901394 -28.092415 -16.572812 0 0.000003 0 15.386113 -1.528642 -2.950522 114.586932 -10.301446 -25.426014 35.941586 -14.060522 -14.430701 -0.019782 0.000003 0 25.57308 44.865063 59.697001 9.320112 -12.803631 17.377174 37.835447 -22.677756 -44.71245 -6.07677 7.97907 9.192813 0 0.000003 0 0 0.000003 0.000008 0.000002 0.000009 -29.782541 -0.000003 0.000009 -59.565096 -0.000007 0.000016 -89.347651 -0.002677 0.022651 -12.666059 -0.001539 0.017051 -9.499543 -0.000712 0.011395 -6.333028 -0.000199 0.005706 -3.166513 0 -0.013986 0 -86.434664 -56.791146 108.040178 -7.570789 -60.267107 33.792945 100.921304 0.402745 0.486135 1.990471 -5.217825 85.018466 -5.307272 6.044098 0.154199 -2.31197 -14.287039 -22.877688 42.540303 -9.635864 -19.384514 117.865231 -27.026776 -55.383279 40.235634 -33.046307 -11.084193 0 0.000003 0 40.779901 -4.644424 -13.492789 107.593966 -14.62779 -24.104673 64.261411 -23.854447 -14.245206 0 0.000003 0 21.206289 -1.872077 -3.996946 117.982164 -11.607412 -23.488262 45.997687 -16.632929 -12.842958 0 0.000003 0 15.181035 -3.326839 13.30968 119.649468 1.45223 -4.722721 37.331027 -5.154352 -5.12383 0 0.000003 0 25.57308 44.865063 59.697001 7.26254 4.440042 14.949407 -49.340501 25.590269 -16.88358 -6.07677 7.97907 9.192813 0 0.000003 0 0 0.000003 0.000008 0 0.000003 -7.703662 0 -0.000004 -15.407331 0.000002 0.000009 -23.111 -0.000446 0.008882 -4.928479 -0.000263 0.006662 -3.696359 -0.000128 0.004442 -2.464239 -0.00004 0.002222 -1.232119 0 0.000003 0 25.166966 -2.101292 0.124877 -0.013903 -0.001548 -5.917071 0 0.000003 0 -19.561916 4.412332 -9.009923 -89.999999 -90 0 0 0.000003 0 0 0.000003 0 90.000009 -63.648278 -90.000009 -5.682401 0.000003 0 -28.319916 0.000003 0 -16.252152 0.000003 0 0 0.000003 0 89.999996 -84.450021 179.999995 0 0.000003 0 -90.000003 -84.450021 0 0 0.000003 0 0 0.000003 0
0 0 0 179.999991 0.000003 179.999991 0.199379 -0.08876899999999999 -9.672394 179.39317 -7.122409 -182.681049 -95.861753 -34.828174 -90.512253 22.485425 -1.48958 -12.640667 0 0.000003 0 4.254857 4.273187 8.034982 75.504886 -7.992029 9.334273 -0.15412 1.329519 -0.522786 6.502495 10.026215 -0.620029 0 0.000003 0 0 0.000003 0 0 0.000003 0 0 0.000003 0 -0.000135 0.016873 -0.916054 -0.000076 0.012652 -0.68704 -0.000034 0.008445 -0.458027 0.01398 0.004203 0.367585 0 0.000003 0 86.322205 -19.625228 75.343263 46.857318 -4.052219 -10.130982 0 0.000003 0 27.755379 4.028885 14.163999 75.690319 -9.031782 11.401314 -0.421239 2.455134 -0.80889 1.364962 11.217489 -1.317038 0 0.000003 0 0 0.000003 0 0 0.000003 0 0 0.000003 0 -0.008985 -0.137421 7.481248 -0.005057 -0.103195 5.610932 -0.002248 -0.068859 3.740619 -0.000562 -0.034449 1.870309 0 0.000003 0 90.460555 9.075289 91.261477 15.555189 -0.32853 1.62976 -15.57486 -0.328639 3.396941 8.696174 -0.681063 0.920455 104.523164 -73.0224 113.102814 77.224127 -42.371551 13.477237 91.221698 88.522895 89.842792 5.449579 1.2179 3.373296 -0.71245 -5.530163 -0.724786 5.567135 -15.315433 -24.893183 36.964431 -4.260635 -13.403566 118.774876 -21.118184 -37.993883 46.063226 -22.667462 -2.15446 -0.034264 0.000003 0 40.868826 -2.02687 8.683856 107.180521 8.995601 11.7229 66.895433 2.197268 6.754719 0 0.000003 0 21.216711 -0.157249 -20.366133 116.763167 -24.007197 -45.519106 41.968821 -28.254783 -16.593658 0 0.000003 0 15.281363 -1.933296 -2.960713 114.602013 -10.454265 -25.681798 35.814712 -14.34097 -14.555886 -0.019782 0.000003 0 25.57308 44.865063 59.697001 9.320151 -12.803699 17.37719 38.065529 -22.950485 -44.801769 -6.07677 7.97907 9.192813 0 0.000003 0 0 0.000003 0.000008 0.000002 0.000009 -29.515351 -0.000003 0.000009 -59.030716 -0.000007 0.000016 -88.546074 -0.002855 0.023403 -13.094728 -0.001641 0.017618 -9.821045 -0.000759 0.011785 -6.547363 -0.000211 0.005904 -3.273681 0 -0.013986 0 -91.149885 -56.652715 112.032164 -7.131325 -56.719111 30.228607 102.643236 0.400327 0.498214 1.937335 -5.237735 85.601607 -5.060965 5.254672 0.174439 -2.31197 -14.287039 -22.877688 42.540286 -9.635892 -19.384565 117.865313 -27.026844 -55.383388 40.234479 -33.045682 -11.083578 0 0.000003 0 40.779914 -4.644437 -13.492806 107.593747 -14.627852 -24.104653 64.262313 -23.854652 -14.245572 0 0.000003 0 21.2063 -1.872098 -3.996963 117.98211 -11.607467 -23.488249 45.998278 -16.632997 -12.843092 0 0.000003 0 15.181067 -3.32686 13.309658 119.649468 1.452176 -4.722748 37.329952 -5.154345 -5.12369 0 0.000003 0 25.57308 44.865063 59.697001 7.262561 4.440042 14.949426 -49.340487 25.590242 -16.88356 -6.07677 7.97907 9.192813 0 0.000003 0 0 0.000003 0.000008 0 0.000003 -7.548714 0 0.000003 -15.097436 0.000002 0.000003 -22.646162 -0.000364 0.00796 -4.415227 -0.000216 0.005965 -3.31142 -0.000106 0.003978 -2.207612 -0.000034 0.00199 -1.103805 0 0.000003 0 23.902117 -1.610426 0.439739 -0.013895 -0.001609 -6.190844 0 0.000003 0 -18.731432 4.361713 -9.29874 -89.999999 -90 0 0 0.000003 0 0 0.000003 0 90.000009 -63.648278 -90.000009 -5.682401 0.000003 0 -28.319916 0.000003 0 -16.252152 0.000003 0 0 0.000003 0 89.999996 -84.450021 179.999995 0 0.000003 0 -90.000003 -84.450021 0 0 0.000003 0 0 0.000003 0
0 0 0 179.999991 0.000003 179.999991 0.192261 -0.10936199999999996 -9.756989 175.658423 -7.039068 -183.251452 -102.901082 -38.189498 -85.100585 36.574731 -2.276377 -13.10576 0 0.000003 0 6.774328 -2.406444 4.717519 75.504886 -7.992029 9.334273 -0.15412 1.329519 -0.522786 9.160349 10.341032 -0.926283 0 0.000003 0 0 0.000003 0 0 0.000003 0 0 0.000003 0 -0.001009 0.046134 -2.505251 -0.000567 0.034611 -1.878938 -0.000252 0.023075 -1.252625 0.013925 0.011621 -0.029712 0 0.000003 0 80.529829 -14.483885 76.246617 62.036573 -4.865524 -11.318288 0 0.000003 0 22.88848 6.629295 15.080481 75.690319 -9.031782 11.401314 -0.421239 2.455134 -0.80889 4.971439 11.53096 -1.673506 0 0.000003 0 0 0.000003 0 0 0.000003 0 0 0.000003 0 -0.008551 -0.134074 7.298013 -0.004813 -0.100674 5.473505 -0.00214 -0.067172 3.649001 -0.000535 -0.033602 1.8245 0 0.000003 0 88.573162 8.264443 91.13977 15.802746 -0.556289 1.447629 -15.263934 -1.120722 3.254264 9.14097 -1.985977 0.903009 100.982571 -73.043348 116.357699 78.153593 -41.492277 14.117089 86.149203 88.520108 84.771991 5.482766 1.058026 5.044203 -1.073215 -6.871072 -0.95981 5.567135 -15.315433 -24.893183 36.86446 -4.362193 -13.249736 118.58527 -21.045463 -37.52995 46.187201 -22.409595 -2.198954 -0.034264 0.000003 0 40.831113 -2.163617 8.835584 107.255844 8.98875 12.10871 66.903247 2.528313 6.779738 0 0.000003 0 21.174218 -0.333461 -20.670738 116.81065 -24.201414 -45.8572 41.878864 -28.427088 -16.658835 0 0.000003 0 15.240944 -2.117541 -2.977617 114.600838 -10.670269 -25.603517 35.884571 -14.286561 -14.516365 -0.019782 0.000003 0 25.57308 44.865063 59.697001 9.320099 -12.803679 17.377185 38.065546 -22.950464 -44.801786 -6.07677 7.97907 9.192813 0 0.000003 0 0 0.000003 0.000008 0.000002 0.000009 -29.06783 0 0.000003 -58.135667 -0.000003 0.000016 -87.203511 -0.00295 0.023792 -13.316791 -0.001695 0.017918 -9.987591 -0.000783 0.011983 -6.658394 -0.000217 0.005999 -3.329196 0 -0.013986 0 -94.655917 -56.976824 114.829851 -5.410299 -55.25188 25.847813 103.053218 0.399685 0.501056 1.984761 -5.219997 85.081262 -4.50499 5.200276 0.203416 -2.31197 -14.287039 -22.877688 42.540262 -9.635885 -19.384553 117.865095 -27.026947 -55.539369 40.148788 -33.146738 -11.102211 0 0.000003 0 40.779883 -4.644458 -13.492771 107.593938 -14.627838 -24.104639 64.263016 -23.854795 -14.24585 0 0.000003 0 21.206277 -1.872111 -3.996972 117.982219 -11.607508 -23.488256 45.997718 -16.632929 -12.842907 0 0.000003 0 15.181047 -3.326853 13.309675 119.649468 1.452135 -4.722707 37.32975 -5.154318 -5.123646 0 0.000003 0 25.57308 44.865063 59.697001 7.262561 4.440035 14.949457 -49.340508 25.590215 -17.192076 -6.07677 7.97907 9.192813 0 0.000003 0 0 0.000003 0.000008 0 0.000003 -7.686977 0 0.000003 -15.373964 0.000002 0.000003 -23.060949 -0.000197 0.005678 -3.146365 -0.000118 0.004251 -2.359773 -0.000059 0.002844 -1.573182 -0.00002 0.001423 -0.78659 0 0.000003 0 23.144058 -1.231508 0.446786 -0.013895 -0.001609 -6.180545 0 0.000003 0 -20.645346 3.547371 -9.132044 -89.999999 -90 0 0 0.000003 0 0 0.000003 0 90.000009 -63.648278 -90.000009 -5.682401 0.000003 0 -28.319916 0.000003 0 -16.252152 0.000003 0 0 0.000003 0 89.999996 -84.450021 179.999995 0 0.000003 0 -90.000003 -84.450021 0 0 0.000003 0 0 0.000003 0
0 0 0 179.999991 0.000003 179.999991 0.18256 -0.12572499999999998 -9.831578 173.852794 -5.868196 -185.033585 -105.022348 -38.248196 -85.747035 48.979703 -2.856656 -13.663218 0 0.000003 0 0.589339 -2.867311 3.544636 75.504886 -7.992029 9.334273 -0.15412 1.329519 -0.522786 11.646593 10.626903 -1.051705 0 0.000003 0 0 0.000003 0 0 0.000003 0 0 0.000003 0 -0.000427 0.030028 -1.630568 -0.00024 0.022528 -1.222926 -0.000107 0.015022 -0.815284 0.013961 0.007536 0.188957 0 0.000003 0 77.919706 -8.08397 78.621194 75.016815 -5.293497 -12.472677 0 0.000003 0 15.793212 7.542956 13.990508 75.690319 -9.031782 11.401314 -0.421239 2.455134 -0.80889 4.879231 11.509657 -1.787256 0 0.000003 0 0 0.000003 0 0 0.000003 0 0 0.000003 0 -0.004446 -0.096781 5.261023 -0.002502 -0.07263 3.945766 -0.001112 -0.048437 2.630509 -0.000278 -0.024217 1.315255 0 0.000003 0 88.246119 7.237981 91.356109 16.073628 -0.706 1.217069 -14.838026 -1.733151 3.039693 9.773673 -2.670328 0.749018 101.758733 -73.227221 116.279944 81.041916 -41.995614 13.663817 65.189614 88.374666 63.819901 5.498418 0.973147 5.927248 -2.239918 -6.778195 -0.87415 5.567135 -15.315433 -24.893183 36.864491 -4.362248 -13.481134 118.64431 -21.24388 -38.140521 46.016542 -22.761828 -2.190986 -0.034264 0.000003 0 40.831171 -2.163603 8.600485 107.245134 8.764208 12.092454 66.904162 2.578672 6.709951 0 0.000003 0 21.174249 -0.333454 -20.403022 116.751801 -23.962842 -45.163116 42.097512 -28.005433 -16.498455 0 0.000003 0 15.240958 -2.117547 -2.977622 114.597204 -10.407355 -25.603203 35.86057 -14.378283 -14.550931 -0.019782 0.000003 0 25.57308 44.865063 59.697001 9.320162 -12.803686 17.377164 38.065553 -22.95054 -44.801793 -6.07677 7.97907 9.192813 0 0.000003 0 0 0.000003 0.000008 0 0.000003 -28.831304 0 0.000009 -57.662615 -0.000003 0.000016 -86.493923 -0.002684 0.022679 -12.681028 -0.001543 0.017078 -9.510769 -0.000714 0.011416 -6.340513 -0.000199 0.005713 -3.170255 0 -0.013986 0 -97.679034 -57.20762 118.678976 0.567209 -56.251161 17.729945 101.511952 0.402034 0.490319 1.961261 -5.228856 85.339361 -3.595973 4.320486 0.233357 -2.31197 -14.287039 -22.877688 42.562734 -9.595334 -19.357726 117.840779 -26.962531 -55.26819 40.275928 -32.998718 -11.075309 0 0.000003 0 40.781806 -4.598149 -13.447381 107.584977 -14.542194 -24.001722 64.27988 -23.78747 -14.203751 0 0.000003 0 21.206446 -1.843418 -3.985251 117.972602 -11.546958 -23.394136 46.008059 -16.584762 -12.790873 0 0.000003 0 15.182839 -3.304354 13.315639 119.646982 1.50944 -4.628847 37.330877 -5.114054 -5.340125 0 0.000003 0 25.57308 44.865063 59.697001 7.262551 4.440063 15.015167 -49.360992 25.540354 -16.596504 -6.07677 7.97907 9.192813 0 0.000003 0 0 0.000003 0.000008 0 0.000003 -7.618393 0 0.000003 -15.236795 0.000002 0.000003 -22.855196 -0.000011 0.000952 -0.528229 -0.000008 0.000713 -0.396171 -0.000005 0.000474 -0.264114 -0.000002 0.000242 -0.132056 0 0.000003 0 23.243031 -1.355032 0.331258 -0.013907 -0.001507 -5.756781 0 0.000003 0 -22.552523 3.425137 -8.650056 -89.999999 -90 0 0 0.000003 0 0 0.000003 0 90.000009 -63.648278 -90.000009 -5.682401 0.000003 0 -28.319916 0.000003 0 -16.252152 0.000003 0 0 0.000003 0 89.999996 -84.450021 179.999995 0 0.000003 0 -90.000003 -84.450021 0 0 0.000003 0 0 0.000003 0
0 0 0 179.999991 0.000003 179.999991 0.17407 -0.13798500000000002 -9.906317 173.310887 -4.191971 -186.730887 -104.252039 -36.05535 -89.044637 58.479308 -3.275463 -14.203414 0 0.000003 0 -8.74018 -1.848137 3.296541 75.504886 -7.992029 9.334273 -0.15412 1.329519 -0.522786 13.640902 10.807015 -1.136165 0 0.000003 0 0 0.000003 0 0 0.000003 0 0 0.000003 0 0 0.000003 0.000008 0 0.000003 0.000006 0 0.000003 0.000004 0.013988 -0.000073 0.596599 0 0.000003 0 77.76126 -0.145241 80.765095 84.779846 -5.438597 -13.388117 0 0.000003 0 8.548358 6.671759 11.478064 75.690319 -9.031782 11.401314 -0.421239 2.455134 -0.80889 4.75137 11.508311 -1.833264 0 0.000003 0 0 0.000003 0 0 0.000003 0 0 0.000003 0 -0.00142 -0.054721 2.971936 -0.000799 -0.041047 2.228952 -0.000355 -0.027366 1.485968 -0.000089 -0.013685 0.742984 0 0.000003 0 88.239139 6.45281 91.445899 16.29872 -0.789998 0.938477 -14.511041 -1.950986 2.768504 10.205411 -2.932526 0.538784 103.577517 -72.955326 115.030949 84.478669 -43.825275 13.416937 41.219956 87.764361 39.86318 5.495999 0.98676 5.78584 -2.657249 -5.917762 -0.70101 5.567135 -15.315433 -24.893183 36.86445 -4.362248 -13.481101 118.643736 -21.244058 -37.86855 46.112212 -22.566027 -2.114864 -0.034264 0.000003 0 40.83113 -2.16361 8.600525 107.245817 8.764187 11.560587 66.891861 2.084938 6.359555 0 0.000003 0 21.174227 -0.333488 -20.403003 116.751747 -23.96278 -45.44144 41.989759 -28.215482 -16.57884 0 0.000003 0 15.240949 -2.117534 -2.97761 114.596931 -10.407321 -25.603114 35.861539 -14.378461 -14.551153 -0.019782 0.000003 0 25.57308 44.865063 59.697001 9.320118 -12.803706 17.377152 38.065529 -22.950478 -44.801762 -6.07677 7.97907 9.192813 0 0.000003 0 0 0.000003 0.000008 0 0.000009 -28.869181 0 0.000009 -57.738369 -0.000003 0.000016 -86.607564 -0.002362 0.021244 -11.868673 -0.001359 0.015992 -8.901504 -0.00063 0.010685 -5.934335 -0.000177 0.005351 -2.967167 0 -0.013986 0 -101.007658 -57.640572 123.134896 8.692451 -57.701914 7.488701 99.934465 0.404138 0.479322 1.916165 -5.245501 85.833334 -2.750086 3.392141 0.231783 -2.31197 -14.287039 -22.877688 42.540266 -9.635926 -19.384586 117.865313 -27.026933 -55.383422 40.23547 -33.046341 -11.084156 0 0.000003 0 40.779931 -4.644492 -13.492795 107.594102 -14.627845 -24.104714 64.261958 -23.854618 -14.245413 0 0.000003 0 21.206269 -1.872152 -4.379543 118.036177 -11.942365 -24.009139 45.942134 -16.899559 -12.783273 0 0.000003 0 15.181062 -3.326908 13.134029 119.656244 1.300054 -4.971845 37.329511 -5.261176 -5.168782 0 0.000003 0 25.57308 44.865063 59.697001 7.262593 4.440022 15.283846 -49.444228 25.33635 -16.831755 -6.07677 7.97907 9.192813 0 0.000003 0 0 0.000003 0.000008 0 0.000003 -7.487142 0 0.000003 -14.974293 0.000002 0.000003 -22.461443 -0.000085 -0.005004 2.776711 -0.000041 -0.003754 2.082534 -0.000012 -0.002504 1.388356 0.000001 -0.001247 0.694179 0 0.000003 0 23.691957 -1.607558 0.405329 -0.013927 -0.001302 -4.913082 0 0.000003 0 -23.496435 3.579377 -7.637289 -89.999999 -90 0 0 0.000003 0 0 0.000003 0 90.000009 -63.648278 -90.000009 -5.682401 0.000003 0 -28.319916 0.000003 0 -16.252152 0.000003 0 0 0.000003 0 89.999996 -84.450021 179.999995 0 0.000003 0 -90.000003 -84.450021 0 0 0.000003 0 0 0.000003 0
0 0 0 179.999991 0.000003 179.999991 0.168626 -0.14388900000000004 -9.973039 173.39274 -2.957647 -187.95595 -102.579299 -32.236851 -92.194802 63.353952 -3.360478 -14.44655 0 0.000003 0 -16.19102 -1.120265 2.99359 75.504886 -7.992029 9.334273 -0.15412 1.329519 -0.522786 14.63744 10.878745 -1.185594 0 0.000003 0 0 0.000003 0 0 0.000003 0 0 0.000003 0 -0.000312 -0.025652 1.39258 -0.000175 -0.019238 1.044435 -0.000078 -0.012825 0.69629 0.013968 -0.006568 0.944741 0 0.000003 0 78.658487 8.883299 81.620699 90.580712 -5.450666 -13.939139 0 0.000003 0 7.394972 3.298274 6.045572 75.690319 -9.031782 11.401314 -0.421239 2.455134 -0.80889 3.997536 11.483593 -1.809467 0 0.000003 0 0 0.000003 0 0 0.000003 0 0 0.000003 0 -0.000408 -0.02934 1.592934 -0.000229 -0.022004 1.1947 -0.000102 -0.014669 0.796467 -0.000026 -0.007333 0.398233 0 0.000003 0 88.040339 5.796661 91.321344 16.511742 -0.782471 0.47191 -14.296955 -2.049198 2.298123 10.402697 -3.391432 0.138589 104.414475 -72.055111 114.447541 87.093081 -47.258032 14.194311 32.532673 87.263544 31.184004 5.475862 1.09329 4.676446 -2.694842 -5.180409 -0.576599 5.567135 -15.315433 -24.893183 36.864484 -4.362214 -13.481085 118.643818 -21.24399 -37.86857 46.111724 -22.565795 -2.114664 -0.034264 0.000003 0 40.831154 -2.163576 8.600543 107.245599 8.76429 11.807047 66.898008 2.313695 6.521909 0 0.000003 0 21.174223 -0.333447 -20.402952 116.751883 -23.962671 -45.441453 41.989206 -28.215222 -16.578587 0 0.000003 0 15.240947 -2.117527 -2.977603 114.597314 -10.407239 -25.603169 35.86044 -14.378188 -14.550902 -0.019782 0.000003 0 25.57308 44.865063 59.697001 9.320166 -12.803699 17.377142 38.065536 -22.950499 -44.801796 -6.07677 7.97907 9.192813 0 0.000003 0 0 0.000003 0.000008 0.000002 0.000009 -29.166328 0 0.000009 -58.332671 -0.000007 0.000016 -87.499013 -0.002129 0.020145 -11.246222 -0.001226 0.015152 -8.434665 -0.00057 0.010125 -5.623109 -0.000161 0.005071 -2.811554 0 -0.013986 0 -102.684634 -59.084255 125.068851 16.105367 -59.264477 -2.227969 99.76606 0.404438 0.478144 1.972484 -5.224641 85.216138 -2.39749 3.194878 0.229998 -2.31197 -14.287039 -22.877688 42.54029 -9.635885 -19.384596 117.865477 -27.026872 -55.38349 40.235213 -33.046218 -11.083987 0 0.000003 0 40.779924 -4.644451 -13.492852 107.594157 -14.627913 -24.104755 64.262436 -23.854727 -14.245662 0 0.000003 0 21.206294 -1.872111 -3.997034 117.982192 -11.607603 -23.488303 45.997772 -16.632949 -12.842921 0 0.000003 0 15.181045 -3.32688 13.52173 119.641709 1.635689 -4.422015 37.331622 -5.02533 -5.069155 0 0.000003 0 25.57308 44.865063 59.697001 7.262542 4.440042 15.335544 -49.460081 25.297077 -16.902748 -6.07677 7.97907 9.192813 0 0.000003 0 0 0.000003 0.000008 0 -0.000004 -7.651137 0 0.000003 -15.302284 0.000002 0.000003 -22.95343 -0.000481 -0.010735 5.958067 -0.000256 -0.00805 4.468551 -0.000101 -0.005373 2.979034 -0.000015 -0.002682 1.489518 0 0.000003 0 24.033969 -1.186299 0.418849 -0.013949 -0.001036 -3.839479 0 0.000003 0 -24.19797 3.252457 -6.10903 -89.999999 -90 0 0 0.000003 0 0 0.000003 0 90.000009 -63.648278 -90.000009 -5.682401 0.000003 0 -28.319916 0.000003 0 -16.252152 0.000003 0 0 0.000003 0 89.999996 -84.450021 179.999995 0 0.000003 0 -90.000003 -84.450021 0 0 0.000003 0 0 0.000003 0
0 0 0 179.999991 0.000003 179.999991 0.163588 -0.14305999999999996 -10.048238 173.987308 -2.325868 -188.593029 -100.828974 -26.496173 -94.643022 65.064669 -3.406937 -14.547504 0 0.000003 0 -22.82097 -0.203585 2.552954 75.504886 -7.992029 9.334273 -0.15412 1.329519 -0.522786 14.764019 10.874019 -1.189528 0 0.000003 0 0 0.000003 0 0 0.000003 0 0 0.000003 0 -0.000943 -0.044612 2.42269 -0.000531 -0.033465 1.817018 -0.000236 -0.022305 1.211345 0.013928 -0.011377 1.202267 0 0.000003 0 79.77495 17.816011 81.234493 91.528537 -5.447374 -14.029164 0 0.000003 0 -7.148844 4.324578 5.08077 75.690319 -9.031782 11.401314 -0.421239 2.455134 -0.80889 3.168296 11.537592 -1.510237 0 0.000003 0 0 0.000003 0 0 0.000003 0 0 0.000003 0 -0.00027 -0.023883 1.296758 -0.000152 -0.017913 0.972569 -0.000068 -0.011943 0.648379 -0.000017 -0.005967 0.324189 0 0.000003 0 87.71695 5.279964 91.019033 16.680326 -0.701998 -0.128593 -14.211377 -2.0039 1.688494 10.370565 -3.27301 -0.428038 104.493951 -70.64065 114.387162 87.129855 -51.623503 16.881909 38.278986 87.622894 36.924716 5.444204 1.241772 3.122843 -2.030396 -4.735887 -0.525689 5.567135 -15.315433 -24.893183 36.864488 -4.362214 -13.481121 118.644228 -21.243867 -37.868686 46.112202 -22.56602 -2.114886 -0.034264 0.000003 0 40.83113 -2.163576 8.600514 107.245954 8.764242 11.807007 66.89798 2.31362 6.521779 0 0.000003 0 21.17421 -0.333441 -20.402993 116.752102 -23.962644 -45.441617 41.988929 -28.215147 -16.578481 0 0.000003 0 15.240952 -2.117506 -2.977637 114.597532 -10.407211 -25.603251 35.861666 -14.378481 -14.551206 -0.019782 0.000003 0 25.57308 44.865063 59.697001 9.320221 -12.803665 17.377121 38.065495 -22.950546 -44.801769 -6.07677 7.97907 9.192813 0 0.000003 0 0 0.000003 0.000008 0.000002 0.000009 -29.582424 0 0.000003 -59.164861 -0.000007 0.000016 -88.747298 -0.002166 0.020329 -11.345932 -0.001247 0.015288 -8.509448 -0.000579 0.010214 -5.672965 -0.000163 0.005111 -2.836482 0 -0.013986 0 -102.609987 -61.376195 124.735087 23.111704 -61.407635 -11.359212 100.583442 0.403352 0.483939 2.181194 -5.14119 82.906059 -2.358406 3.382708 0.234171 -2.31197 -14.287039 -22.877688 42.5403 -9.635864 -19.384572 117.86575 -27.026715 -55.383511 40.235073 -33.046112 -11.083927 0 0.000003 0 40.779904 -4.644417 -13.492841 107.594293 -14.627831 -24.104721 64.262627 -23.854713 -14.245691 0 0.000003 0 21.206257 -1.872084 -3.997035 117.982437 -11.607501 -23.488276 45.9981 -16.632983 -12.842977 0 0.000003 0 15.181031 -3.326839 13.309641 119.649632 1.452108 -4.722803 37.330235 -5.154393 -5.123643 0 0.000003 0 25.57308 44.865063 59.697001 7.262538 4.440028 14.949486 -49.340614 25.590228 -17.246183 -6.07677 7.97907 9.192813 0 0.000003 0 0 0.000003 0.000008 0 -0.000004 -8.265042 0 0.000003 -16.530093 0.000002 0.000003 -24.795144 -0.001043 -0.015413 8.572067 -0.000567 -0.011581 6.429051 -0.000233 -0.007729 4.286034 -0.000044 -0.00387 2.143018 0 0.000003 0 24.231563 -1.003537 0.374247 -0.013971 -0.000694 -2.444463 0 0.000003 0 -24.884748 3.571952 -4.385209 -89.999999 -90 0 0 0.000003 0 0 0.000003 0 90.000009 -63.648278 -90.000009 -5.682401 0.000003 0 -28.319916 0.000003 0 -16.252152 0.000003 0 0 0.000003 0 89.999996 -84.450021 179.999995 0 0.000003 0 -90.000003 -84.450021 0 0 0.000003 0 0 0.000003 0
0 0 0 179.999991 0.000003 179.999991 0.160955 -0.13538300000000003 -10.124834 175.12116 -2.013216 -188.604681 -98.784548 -19.601541 -96.269577 63.390473 -3.361537 -14.448691 0 0.000003 0 -27.366249 0.672209 2.158411 75.504886 -7.992029 9.334273 -0.15412 1.329519 -0.522786 14.180955 10.875323 -1.193697 0 0.000003 0 0 0.000003 0 0 0.000003 0 0 0.000003 0 -0.00144 -0.055117 2.993603 -0.00081 -0.041347 2.245202 -0.00036 -0.027564 1.496801 0.013896 -0.01404 1.344994 0 0.000003 0 80.947482 25.584477 79.978933 88.164041 -5.452387 -13.709467 0 0.000003 0 -8.952618 2.365188 3.657912 75.690319 -9.031782 11.401314 -0.421239 2.455134 -0.80889 2.588577 11.498558 -1.7476 0 0.000003 0 0 0.000003 0 0 0.000003 0 0 0.000003 0 -0.000526 -0.033322 1.809178 -0.000296 -0.024989 1.356883 -0.000132 -0.016663 0.904589 -0.000033 -0.00833 0.452294 0 0.000003 0 87.485106 5.028292 90.631652 16.746775 -0.549807 -0.784958 -14.230976 -1.772384 1.01968 10.214358 -2.551196 -1.093067 102.943901 -69.039369 115.872892 83.460554 -55.589077 22.638679 69.125387 88.42107 67.754336 5.403471 1.408934 1.361891 -1.158338 -4.497561 -0.522286 5.567135 -15.315433 -24.893183 36.864512 -4.362228 -13.481116 118.643026 -21.244126 -37.868256 46.111966 -22.565802 -2.11475 -0.034264 0.000003 0 40.831124 -2.163562 8.600569 107.246036 8.764358 11.807157 66.897946 2.313709 6.521857 0 0.000003 0 21.174228 -0.333427 -20.40296 116.751856 -23.962596 -45.441378 41.989759 -28.215379 -16.578833 0 0.000003 0 15.24098 -2.117493 -2.977598 114.597122 -10.407136 -25.603073 35.861393 -14.378379 -14.551137 -0.019782 0.000003 0 25.57308 44.865063 59.697001 9.320198 -12.80372 17.377135 38.065474 -22.950471 -44.801735 -6.07677 7.97907 9.192813 0 0.000003 0 0 0.000003 0.000008 0.000002 0.000009 -30.054 0 0.000009 -60.108007 -0.000007 0.000016 -90.162021 -0.002782 0.023089 -12.916337 -0.001598 0.017385 -9.687251 -0.000739 0.011621 -6.458167 -0.000206 0.005822 -3.229082 0 -0.013986 0 -101.921968 -63.7339 123.338422 29.424858 -63.23205 -19.298571 101.851221 0.401686 0.492849 2.417119 -5.034817 80.246281 -2.390677 3.356672 0.226457 -2.31197 -14.287039 -22.877688 42.540303 -9.635851 -19.384618 117.865614 -27.026728 -55.383463 40.234527 -33.045737 -11.083657 0 0.000003 0 40.779897 -4.64441 -13.4929 107.593528 -14.627934 -24.104571 64.262306 -23.854624 -14.197732 0 0.000003 0 21.206252 -1.872064 -3.997084 117.982465 -11.607501 -23.488344 45.998462 -16.633065 -12.843117 0 0.000003 0 15.181047 -3.326839 13.309607 119.649741 1.452121 -4.72283 37.330734 -5.154386 -5.123673 0 0.000003 0 25.57308 44.865063 59.697001 7.262511 4.440076 14.949476 -49.340583 25.590256 -16.883577 -6.07677 7.97907 9.192813 0 0.000003 0 0 0.000003 0.000008 0 0.000003 -8.97209 0 0.000003 -17.944189 0.000002 0.000003 -26.916288 -0.001551 -0.018603 10.358168 -0.000849 -0.013986 7.768626 -0.000355 -0.009334 5.179085 -0.000072 -0.004676 2.589543 0 0.000003 0 24.18405 -0.090982 0.508275 -0.013982 -0.0004 -1.204524 0 0.000003 0 -25.357883 3.305384 -2.626074 -89.999999 -90 0 0 0.000003 0 0 0.000003 0 90.000009 -63.648278 -90.000009 -5.682401 0.000003 0 -28.319916 0.000003 0 -16.252152 0.000003 0 0 0.000003 0 89.999996 -84.450021 179.999995 0 0.000003 0 -90.000003 -84.450021 0 0 0.000003 0 0 0.000003 0
0 0 0 179.999991 0.000003 179.999991 0.163649 -0.12278 -10.210455 176.548615 -1.492134 -188.011602 -96.259932 -11.16483 -97.523408 58.189599 -3.202332 -14.150842 0 0.000003 0 -29.514962 1.978169 2.307376 75.504886 -7.992029 9.334273 -0.15412 1.329519 -0.522786 12.903352 10.821413 -1.0729 0 0.000003 0 0 0.000003 0 0 0.000003 0 0 0.000003 0 -0.001847 -0.062425 3.39055 -0.001039 -0.046825 2.542912 -0.000462 -0.031225 1.695274 0.01387 -0.015891 1.444231 0 0.000003 0 82.184688 31.80514 78.506017 80.536495 -5.394638 -12.987284 0 0.000003 0 -10.164939 -0.031451 2.213818 75.690319 -9.031782 11.401314 -0.421239 2.455134 -0.80889 2.645869 11.497847 -1.717478 0 0.000003 0 0 0.000003 0 0 0.000003 0 0 0.000003 0 -0.001076 -0.047638 2.587101 -0.000605 -0.035733 1.940326 -0.000269 -0.023828 1.29355 -0.000067 -0.011909 0.646775 0 0.000003 0 87.285699 5.124311 90.202354 16.706057 -0.374811 -1.441803 -14.320075 -1.388862 0.35464 10.046423 -2.130661 -1.745978 100.933476 -67.511385 118.390473 78.00268 -58.535323 30.074436 121.104254 88.274098 119.714501 5.372641 1.522581 0.156686 -0.074171 -4.010521 -0.503006 5.567135 -15.315433 -24.893183 36.86445 -4.362221 -13.481077 118.644173 -21.243812 -37.68828 46.174381 -22.435571 -2.063706 -0.034264 0.000003 0 40.8311 -2.16359 8.600533 107.245243 8.764365 11.806966 66.897946 2.313743 6.521837 0 0.000003 0 21.174208 -0.333441 -20.402987 116.752375 -23.962507 -45.441699 41.989882 -28.215475 -16.578915 0 0.000003 0 15.240944 -2.117486 -2.977594 114.597068 -10.407129 -25.603039 35.861396 -14.37827 -14.811446 -0.019782 0.000003 0 25.57308 44.865063 59.697001 9.320211 -12.803727 17.377135 38.065467 -22.950499 -44.801735 -6.07677 7.97907 9.192813 0 0.000003 0 0 0.000003 0.000008 0.000002 0.000009 -30.376713 0.000003 0.000009 -60.753426 -0.000003 0.000016 -91.130146 -0.003864 0.027275 -15.309521 -0.002216 0.020568 -11.482141 -0.00102 0.013772 -7.654759 -0.00028 0.006901 -3.827378 0 -0.013986 0 -101.744205 -65.736245 122.485605 35.442108 -63.480542 -26.762194 103.277842 0.399466 0.502733 2.628749 -4.927822 77.809372 -1.974769 3.365175 0.232113 -2.31197 -14.287039 -22.877688 42.540331 -9.635844 -19.384657 117.86575 -27.02668 -55.383552 40.234834 -33.045942 -11.083852 0 0.000003 0 40.77989 -4.64441 -13.492887 107.593802 -14.627872 -24.104639 64.262169 -23.854577 -14.074976 0 0.000003 0 21.20625 -1.872043 -3.997073 117.982547 -11.607433 -23.488276 45.99769 -16.632833 -12.842864 0 0.000003 0 15.181029 -3.326826 13.309628 119.649905 1.452169 -4.722789 37.331 -5.154366 -5.123723 0 0.000003 0 25.57308 44.865063 59.697001 7.262504 4.44009 14.949488 -49.340617 25.590201 -16.883577 -6.07677 7.97907 9.192813 0 0.000003 0 0 0.000003 0.000008 0 0.000003 -9.620106 0 0.000003 -19.240223 0.000002 0.000003 -28.860336 -0.002162 -0.021793 12.156801 -0.001188 -0.01639 9.117601 -0.000502 -0.010946 6.078401 -0.000106 -0.005475 3.039201 0 0.000003 0 23.9128 0.095352 0.411638 -0.013988 -0.00012 -0.044035 0 0.000003 0 -25.889899 3.151185 -1.012982 -89.999999 -90 0 0 0.000003 0 0 0.000003 0 90.000009 -63.648278 -90.000009 -5.682401 0.000003 0 -28.319916 0.000003 0 -16.252152 0.000003 0 0 0.000003 0 89.999996 -84.450021 179.999995 0 0.000003 0 -90.000003 -84.450021 0 0 0.000003 0 0 0.000003 0
0 0 0 179.999991 0.000003 179.999991 0.162073 -0.104429 -10.283533 178.058032 -1.376957 -186.961966 -94.532994 -2.761429 -97.919948 49.139291 -2.863281 -13.671179 0 0.000003 0 -25.913162 1.70964 3.503694 75.504886 -7.992029 9.334273 -0.15412 1.329519 -0.522786 8.896621 10.584125 -0.929716 0 0.000003 0 0 0.000003 0 0 0.000003 0 0 0.000003 0 -0.001821 -0.061975 3.366281 -0.001025 -0.046497 2.52471 -0.000455 -0.031 1.68314 0.013872 -0.015775 1.438164 0 0.000003 0 83.502573 33.83036 77.438554 65.575492 -5.00796 -11.622976 0 0.000003 0 -9.449568 0.059582 3.956846 75.690319 -9.031782 11.401314 -0.421239 2.455134 -0.80889 2.238981 11.340603 -1.766615 0 0.000003 0 0 0.000003 0 0 0.000003 0 0 0.000003 0 -0.001865 -0.062712 3.406558 -0.001049 -0.047044 2.554918 -0.000466 -0.031375 1.703279 -0.000117 -0.015686 0.851639 0 0.000003 0 87.232567 5.594337 89.812739 16.562686 -0.204131 -2.104178 -14.455737 -0.96593 -0.314109 9.897154 -1.366493 -2.430075 99.714929 -66.002641 120.248885 69.268951 -61.111667 39.598104 149.806539 87.057286 148.395477 5.339696 1.634651 -1.03916 1.359269 -3.496255 -0.520338 5.567135 -15.315433 -24.893183 36.864491 -4.362228 -13.481137 118.643572 -21.243955 -37.868495 46.112185 -22.565966 -2.114878 -0.034264 0.000003 0 40.831103 -2.163583 8.600472 107.245107 8.764324 11.806884 66.898069 2.313695 6.521823 0 0.000003 0 21.174223 -0.333441 -20.403047 116.752211 -23.962589 -45.441706 41.990039 -28.215584 -16.579004 0 0.000003 0 15.240951 -2.117486 -2.977667 114.597505 -10.40715 -25.603271 35.861311 -14.378311 -14.861313 -0.019782 0.000003 0 25.57308 44.865063 59.697001 9.320255 -12.803672 17.377108 38.065413 -22.950512 -44.8017 -6.07677 7.97907 9.192813 0 0.000003 0 0 0.000003 0.000008 0.000002 0.000009 -30.696878 0.000003 0.000009 -61.39377 -0.000007 0.000016 -92.090655 -0.005672 0.033047 -18.664754 -0.003249 0.024987 -13.998565 -0.001489 0.016757 -9.332376 -0.000403 0.008404 -4.666187 0 -0.013986 0 -101.380368 -67.37757 121.57999 40.192781 -63.449614 -32.240801 104.504599 0.397376 0.511243 2.874215 -4.789039 74.911753 -1.05313 3.974749 0.271668 -2.31197 -14.287039 -22.877688 42.540317 -9.635782 -19.384635 117.865395 -27.02668 -55.383306 40.234889 -33.045894 -11.083882 0 0.000003 0 40.779873 -4.644362 -13.492902 107.593884 -14.627783 -24.104646 64.261889 -23.854522 -14.445982 0 0.000003 0 21.20618 -1.872002 -3.997121 117.982765 -11.607317 -23.488372 45.997861 -16.632881 -12.84294 0 0.000003 0 15.18099 -3.326785 13.309584 119.650178 1.452244 -4.722816 37.330973 -5.154427 -5.123801 0 0.000003 0 25.57308 44.865063 59.697001 7.262463 4.440104 14.949508 -49.340665 25.590215 -16.883598 -6.07677 7.97907 9.192813 0 0.000003 0 0 0.000003 0.000008 0 0.000003 -10.390919 0 0.000003 -20.781844 0 0.000003 -31.172775 -0.002615 -0.023862 13.333643 -0.001442 -0.017968 10.000233 -0.000613 -0.012005 6.666823 -0.000132 -0.006008 3.333412 0 0.000003 0 23.572468 0.946032 0.66206 -0.013987 0.000173 1.115544 0 0.000003 0 -25.992452 2.952024 0.635707 -89.999999 -90 0 0 0.000003 0 0 0.000003 0 90.000009 -63.648278 -90.000009 -5.682401 0.000003 0 -28.319916 0.000003 0 -16.252152 0.000003 0 0 0.000003 0 89.999996 -84.450021 179.999995 0 0.000003 0 -90.000003 -84.450021 0 0 0.000003 0 0 0.000003 0
0 0 0 179.999991 0.000003 179.999991 0.161878 -0.08512699999999995 -10.358324 179.528572 -1.40104 -185.878015 -93.144649 7.64461 -97.757608 35.23278 -2.206661 -13.053291 0 0.000003 0 -19.873153 0.904231 5.206439 75.504886 -7.992029 9.334273 -0.15412 1.329519 -0.522786 4.216406 10.085808 -0.649042 0 0.000003 0 0 0.000003 0 0 0.000003 0 0 0.000003 0 -0.001403 -0.054407 2.954736 -0.000789 -0.040808 2.216052 -0.000351 -0.027209 1.477368 0.013898 -0.013856 1.335278 0 0.000003 0 84.85271 35.744069 76.498843 49.992586 -4.245609 -10.357932 0 0.000003 0 -8.839514 0.316015 5.045225 75.690319 -9.031782 11.401314 -0.421239 2.455134 -0.80889 1.878776 11.184956 -1.757154 0 0.000003 0 0 0.000003 0 0 0.000003 0 0 0.000003 0 -0.002765 -0.076352 4.148362 -0.001556 -0.057282 3.111271 -0.000691 -0.038199 2.07418 -0.000173 -0.019095 1.03709 0 0.000003 0 87.168363 6.088283 89.437106 16.411961 -0.036102 -2.769095 -14.615604 -0.562402 -0.991287 9.720505 -0.589395 -3.121145 98.666939 -64.366689 122.12186 59.129808 -62.408766 50.407182 160.151626 85.637495 158.720428 5.322699 1.68932 -1.625188 2.598945 -2.823584 -0.517943 5.567135 -15.315433 -24.893183 36.821604 -4.440208 -13.539167 118.681056 -21.370143 -38.083967 46.063875 -22.665126 -2.153514 -0.034264 0.000003 0 40.83111 -2.25273 8.548625 107.239725 8.633082 11.630733 66.894395 2.188272 6.432764 0 0.000003 0 21.176802 -0.388642 -20.416089 116.779067 -24.072726 -45.633368 41.938939 -28.313242 -16.885785 0 0.000003 0 15.23994 -2.160974 -2.982021 114.608379 -10.517116 -25.787407 35.838979 -14.465512 -14.203962 -0.019782 0.000003 0 25.57308 44.865063 59.697001 9.320223 -12.803699 17.377121 38.065423 -22.950492 -44.801717 -6.07677 7.97907 9.192813 0 0.000003 0 0 0.000003 0.000008 0.000002 0.000009 -30.853768 0.000003 0.000016 -61.707535 -0.000007 0.000016 -92.56131 -0.008365 0.040007 -22.802064 -0.004789 0.03037 -17.101547 -0.002186 0.020418 -11.40103 -0.000584 0.010261 -5.700514 0 -0.013986 0 -100.956206 -68.997937 120.60565 45.574106 -63.31853 -38.109078 105.606001 0.395368 0.518753 3.074555 -4.663125 72.48054 -0.483203 4.769817 0.307611 -2.31197 -14.287039 -22.877688 42.540389 -9.63581 -19.384654 117.865423 -27.026633 -55.383313 40.235097 -33.046024 -11.084034 0 0.000003 0 40.779918 -4.644355 -13.492917 107.593966 -14.62777 -24.104666 64.262074 -23.854536 -14.24556 0 0.000003 0 21.206255 -1.871975 -3.99708 117.983066 -11.607173 -23.488379 45.998367 -16.632942 -12.843069 0 0.000003 0 15.181038 -3.326764 13.309582 119.64996 1.452326 -4.722762 37.330959 -5.154386 -5.123774 0 0.000003 0 25.57308 44.865063 59.697001 7.262436 4.440124 14.949488 -49.340648 25.590201 -16.883555 -6.07677 7.97907 9.192813 0 0.000003 0 0 0.000003 0.000008 0.000001 0.000003 -11.037907 0 0.000003 -22.07582 0 0.000003 -33.113737 -0.003065 -0.025747 14.408696 -0.001693 -0.019395 10.806522 -0.000722 -0.012968 7.204349 -0.000157 -0.006493 3.602175 0 0.000003 0 23.307078 1.489735 0.804718 -0.013982 0.000405 2.099314 0 0.000003 0 -26.108933 2.558735 2.122597 -89.999999 -90 0 0 0.000003 0 0 0.000003 0 90.000009 -63.648278 -90.000009 -5.682401 0.000003 0 -28.319916 0.000003 0 -16.252152 0.000003 0 0 0.000003 0 89.999996 -84.450021 179.999995 0 0.000003 0 -90.000003 -84.450021 0 0 0.000003 0 0 0.000003 0
0 0 0 179.999991 0.000003 179.999991 0.163252 -0.06607099999999999 -10.440098 179.773721 -2.247116 -185.068583 -93.226365 17.734315 -95.365553 21.930482 -1.456399 -12.626406 0 0.000003 0 -10.572167 -0.827229 6.668412 75.504886 -7.992029 9.334273 -0.15412 1.329519 -0.522786 -4.266935 9.343367 -0.098856 0 0.000003 0 0 0.000003 0 0 0.000003 0 0 0.000003 0 -0.0001 -0.014539 0.789388 -0.000056 -0.010905 0.592041 -0.000025 -0.007265 0.394694 0.013981 -0.003754 0.793943 0 0.000003 0 85.180327 32.597961 75.911091 28.559956 -2.700852 -9.043742 0 0.000003 0 -3.142044 1.541262 6.636313 75.690319 -9.031782 11.401314 -0.421239 2.455134 -0.80889 1.132956 10.984402 -1.616863 0 0.000003 0 0 0.000003 0 0 0.000003 0 0 0.000003 0 -0.003814 -0.089644 4.872383 -0.002146 -0.067275 3.654286 -0.000954 -0.044858 2.43619 -0.000239 -0.022435 1.218095 0 0.000003 0 86.683987 6.903172 89.125287 16.127228 -0.075963 -3.433675 -14.831821 -0.433441 -1.636597 9.584994 -0.204029 -3.735731 99.930886 -62.392638 120.784181 47.51249 -64.459539 62.654316 162.473261 85.080397 161.034441 5.342042 1.62696 -0.956724 3.198004 -2.301116 -0.49211 5.567135 -15.315433 -24.893183 36.864484 -4.362228 -13.481111 118.643354 -21.243976 -37.868386 46.111556 -22.565672 -2.114637 -0.034264 0.000003 0 40.831117 -2.163576 8.60052 107.245626 8.764371 11.807075 66.897571 2.31377 6.521827 0 0.000003 0 21.174184 -0.333447 -20.402981 116.751883 -23.962582 -45.441508 41.989749 -28.215468 -16.722079 0 0.000003 0 15.240939 -2.117486 -2.977606 114.597587 -10.407068 -25.603203 35.860826 -14.378236 -14.550963 -0.019782 0.000003 0 25.57308 44.865063 59.697001 9.320246 -12.803747 17.415254 38.078079 -22.926934 -44.840663 -6.07677 7.97907 9.192813 0 0.000003 0 0 0.000003 0.000008 0 0.000009 -30.674806 0.000003 0.000009 -61.34962 -0.000007 0.000016 -92.024443 -0.010598 0.044863 -25.762681 -0.006067 0.03416 -19.322009 -0.002766 0.023034 -12.881338 -0.000735 0.011593 -6.440668 0 -0.013986 0 -96.939406 -70.355626 115.939838 48.736969 -64.580061 -41.339061 105.569535 0.395375 0.518517 3.071621 -4.665058 72.516665 -0.245213 5.875461 0.345611 -2.31197 -14.287039 -22.877688 42.54044 -9.635837 -19.384663 117.865259 -27.026639 -55.383251 40.235135 -33.046013 -11.084074 0 0.000003 0 40.779945 -4.644349 -13.49288 107.594211 -14.627654 -24.10466 64.262436 -23.854542 -14.245722 0 0.000003 0 21.206245 -1.871961 -3.997069 117.982629 -11.607153 -23.488221 45.998606 -16.632895 -12.843121 0 0.000003 0 15.18104 -3.326757 13.104974 119.657828 1.275267 -5.012922 37.328439 -5.278812 -5.176269 0 0.000003 0 25.57308 44.865063 59.697001 7.262464 4.440145 14.949491 -49.340672 25.590174 -16.883545 -6.07677 7.97907 9.192813 0 0.000003 0 0 0.000003 0.000008 0.000001 0.000003 -11.028295 0 0.000003 -22.056597 0 -0.000004 -33.084897 -0.002957 -0.025303 14.155837 -0.001632 -0.019061 10.616878 -0.000696 -0.012749 7.077919 -0.000151 -0.006384 3.53896 0 0.000003 0 24.064795 1.872396 0.80158 -0.013976 0.000576 2.787844 0 0.000003 0 -26.179562 2.313982 3.152483 -89.999999 -90 0 0 0.000003 0 0 0.000003 0 90.000009 -63.648278 -90.000009 -5.682401 0.000003 0 -28.319916 0.000003 0 -16.252152 0.000003 0 0 0.000003 0 89.999996 -84.450021 179.999995 0 0.000003 0 -90.000003 -84.450021 0 0 0.000003 0 0 0.000003 0
0 0 0 179.999991 0.000003 179.999991 0.16795 -0.05421799999999999 -10.534461 179.480255 -3.0743 -184.496609 -93.402031 26.433224 -93.732435 11.509702 -0.811472 -12.419767 0 0.000003 0 -1.693492 -2.001776 8.223219 75.504886 -7.992029 9.334273 -0.15412 1.329519 -0.522786 -11.084971 8.977405 0.378848 0 0.000003 0 0 0.000003 0 0 0.000003 0 0 0.000003 0 -0.000068 0.011935 -0.64812 -0.000038 0.008957 -0.48609 -0.000017 0.005965 -0.32406 0.013984 0.002953 0.434568 0 0.000003 0 85.340393 29.6 76.815893 12.632301 -1.294004 -8.48473 0 0.000003 0 0.451929 1.866577 6.63704 75.690319 -9.031782 11.401314 -0.421239 2.455134 -0.80889 1.317416 11.028456 -1.626562 0 0.000003 0 0 0.000003 0 0 0.000003 0 0 0.000003 0 -0.003302 -0.083421 4.533174 -0.001858 -0.062589 3.39988 -0.000826 -0.041744 2.266586 -0.000206 -0.020871 1.133293 0 0.000003 0 86.092349 7.861099 88.962148 15.839805 -0.128583 -4.02794 -15.120738 -0.418763 -2.221651 9.320702 -0.195116 -4.280019 101.776669 -60.812672 119.203785 36.316717 -65.602211 74.29401 165.110862 84.233399 163.660622 5.389809 1.460475 0.816245 3.307508 -1.573892 -0.392086 5.567135 -15.315433 -24.893183 36.864467 -4.362234 -13.481076 118.643463 -21.243921 -37.868386 46.112134 -22.565904 -2.147186 -0.034264 0.000003 0 40.831106 -2.163583 8.600554 107.245954 8.764337 11.807143 66.898465 2.31375 6.211565 0 0.000003 0 21.174152 -0.333461 -20.402945 116.751938 -23.962589 -45.441494 41.989927 -28.215482 -16.578934 0 0.000003 0 15.240934 -2.117506 -2.97758 114.597532 -10.407095 -25.603169 35.860706 -14.378188 -14.550933 -0.019782 0.000003 0 25.57308 44.865063 59.697001 9.32023 -12.803774 17.377145 38.065382 -22.950458 -44.801649 -6.07677 7.97907 9.192813 0 0.000003 0 0 0.000003 0.000008 0.000002 0.000009 -30.200112 0.000003 0.000016 -60.400223 -0.000003 0.000016 -90.600342 -0.012438 0.048435 -27.987692 -0.007126 0.036981 -20.990766 -0.003247 0.024981 -13.993842 -0.00086 0.012591 -6.99692 0 -0.013986 0 -92.474068 -71.094957 110.752282 49.61197 -65.775517 -42.248869 105.449139 0.395593 0.517653 3.057889 -4.67406 72.685323 0.195065 6.453903 0.371481 -2.31197 -14.287039 -22.877688 42.512272 -9.686585 -19.418182 117.895694 -27.10727 -55.49623 40.201264 -33.085208 -11.09114 0 0.000003 0 40.777582 -4.70231 -13.549796 107.604894 -14.734956 -24.233429 64.241044 -23.938725 -14.298246 0 0.000003 0 21.206066 -1.907915 -4.011812 117.994896 -11.682988 -23.606227 45.986168 -16.693349 -12.874278 0 0.000003 0 15.178813 -3.354952 13.302084 119.65343 1.380643 -4.840255 37.329863 -5.204725 -5.384405 0 0.000003 0 25.57308 44.865063 59.697001 7.262451 4.440165 15.256209 -49.435803 25.357333 -16.836094 -6.07677 7.97907 9.192813 0 0.000003 0 0 0.000003 0.000008 0 0.000003 -10.983402 0 0.000003 -21.966812 0 0.000003 -32.950226 -0.002734 -0.024374 13.624347 -0.001507 -0.01835 10.21826 -0.000641 -0.012265 6.812175 -0.000138 -0.006145 3.406088 0 0.000003 0 25.584465 2.210819 0.860896 -0.013972 0.000665 3.145398 0 0.000003 0 -25.264762 2.448844 3.587968 -89.999999 -90 0 0 0.000003 0 0 0.000003 0 90.000009 -63.648278 -90.000009 -5.682401 0.000003 0 -28.319916 0.000003 0 -16.252152 0.000003 0 0 0.000003 0 89.999996 -84.450021 179.999995 0 0.000003 0 -90.000003 -84.450021 0 0 0.000003 0 0 0.000003 0
0 0 0 179.999991 0.000003 179.999991 0.173479 -0.04903400000000002 -10.627668 179.029299 -3.967572 -183.963499 -93.222971 32.691166 -92.786494 5.357578 -0.416625 -12.353862 0 0.000003 0 7.868712 -2.232438 10.500606 75.504886 -7.992029 9.334273 -0.15412 1.329519 -0.522786 -16.332973 8.896269 0.756831 0 0.000003 0 0 0.000003 0 0 0.000003 0 0 0.000003 0 -0.000295 0.02496 -1.355122 -0.000166 0.018724 -1.016341 -0.000074 0.012481 -0.677561 0.01397 0.006252 0.257818 0 0.000003 0 85.314868 27.835216 78.286891 4.351713 -0.515376 -8.353644 0 0.000003 0 0.591232 1.960123 6.006815 75.690319 -9.031782 11.401314 -0.421239 2.455134 -0.80889 1.529306 11.092926 -1.646097 0 0.000003 0 0 0.000003 0 0 0.000003 0 0 0.000003 0 -0.002117 -0.06681 3.6296 -0.001191 -0.050117 2.722199 -0.000529 -0.033424 1.814799 -0.000132 -0.016711 0.9074 0 0.000003 0 85.636434 8.859052 88.891606 15.543364 -0.190198 -4.510114 -15.389232 -0.476608 -2.699974 9.072246 0.031633 -4.74409 102.952766 -59.476872 118.471561 26.44693 -65.14454 84.061945 168.863409 82.330358 167.387815 5.418617 1.349341 1.991205 3.433216 -0.714654 -0.281938 5.567135 -15.315433 -24.893183 36.864471 -4.362241 -13.481123 118.643627 -21.243949 -37.868502 46.112434 -22.566082 -2.114951 -0.034264 0.000003 0 40.831103 -2.163583 8.600448 107.245653 8.764276 11.80702 66.897441 2.313709 6.817461 0 0.000003 0 21.174165 -0.333461 -20.403034 116.751992 -23.962637 -45.441576 41.989459 -28.215331 -16.578703 0 0.000003 0 15.240956 -2.1175 -2.977688 114.597587 -10.407205 -25.60334 35.861744 -14.378509 -14.551204 -0.019782 0.000003 0 25.57308 44.865063 59.697001 9.32023 -12.803624 17.377121 38.065392 -22.950464 -44.801653 -6.07677 7.97907 9.192813 0 0.000003 0 0 0.000003 0.000008 0.000002 0.000009 -29.885479 0 0.000003 -59.770972 -0.000003 0.000016 -89.656464 -0.014876 0.052691 -30.707957 -0.008531 0.040396 -23.030964 -0.003886 0.027351 -15.353975 -0.001025 0.013806 -7.676986 0 -0.013986 0 -89.315447 -71.666136 107.071275 50.651604 -66.427094 -43.328275 105.2573 0.395935 0.51628 3.079862 -4.659628 72.415271 0.846486 6.489625 0.386751 -2.31197 -14.287039 -22.877688 42.478862 -9.746636 -19.457703 117.932085 -27.202414 -55.530975 40.216017 -33.067723 -11.087905 0 0.000003 0 40.774624 -4.770905 -13.616991 107.618172 -14.861758 -24.385886 64.215629 -24.03835 -14.360256 0 0.000003 0 21.20574 -1.950495 -4.029191 118.009184 -11.772682 -23.745672 45.971025 -16.764704 -12.910917 0 0.000003 0 15.176105 -3.388352 13.293227 119.657036 1.295778 -4.979317 37.328463 -5.264366 -5.398916 0 0.000003 0 25.57308 44.865063 59.697001 7.262495 4.440145 14.949536 -49.340692 25.590133 -16.883536 -6.07677 7.97907 9.192813 0 0.000003 0 0 0.000003 0.000008 0.000001 0.000003 -11.055281 0 0.000003 -22.110569 0 0.000003 -33.165858 -0.002633 -0.023944 13.379412 -0.001452 -0.018022 10.034559 -0.000617 -0.012046 6.689706 -0.000133 -0.006029 3.344854 0 0.000003 0 27.046958 2.580523 0.896502 -0.013971 0.000692 3.242835 0 0.000003 0 -24.235454 2.344677 3.761964 -89.999999 -90 0 0 0.000003 0 0 0.000003 0 90.000009 -63.648278 -90.000009 -5.682401 0.000003 0 -28.319916 0.000003 0 -16.252152 0.000003 0 0 0.000003 0 89.999996 -84.450021 179.999995 0 0.000003 0 -90.000003 -84.450021 0 0 0.000003 0 0 0.000003 0
0 0 0 179.999991 0.000003 179.999991 0.177367 -0.050234 -10.720029 178.512349 -4.719064 -183.595912 -92.68062 34.673342 -92.992991 6.667867 -0.501299 -12.364339 0 0.000003 0 17.350764 -1.829511 15.028759 75.504886 -7.992029 9.334273 -0.15412 1.329519 -0.522786 -18.748799 9.010292 0.988224 0 0.000003 0 0 0.000003 0 0 0.000003 0 0 0.000003 0 -0.000202 0.020643 -1.121058 -0.000114 0.015493 -0.840793 -0.000051 0.01033 -0.560529 0.013976 0.005159 0.316334 0 0.000003 0 85.500984 26.885669 79.669 3.993671 -0.481314 -8.350524 0 0.000003 0 -1.239289 2.289612 4.974651 75.690319 -9.031782 11.401314 -0.421239 2.455134 -0.80889 1.418429 11.054541 -1.609838 0 0.000003 0 0 0.000003 0 0 0.000003 0 0 0.000003 0 -0.001213 -0.050575 2.746714 -0.000682 -0.037939 2.060035 -0.000303 -0.025297 1.373357 -0.000076 -0.012647 0.686678 0 0.000003 0 85.351239 9.667589 88.84622 15.367861 -0.265671 -4.79825 -15.57612 -0.594962 -2.981509 8.895448 -0.290506 -5.005346 102.983448 -58.572623 119.021145 20.975446 -64.33726 89.579884 171.343041 80.168822 169.838924 5.434918 1.28192 2.701175 3.613664 0.203658 -0.179185 5.567135 -15.315433 -24.893183 36.94755 -4.52633 -13.487604 118.661222 -21.304409 -37.971419 46.028167 -22.739459 -2.182445 -0.034264 0.000003 0 40.987613 -2.263324 8.594345 107.244834 8.735207 11.768088 66.742437 2.430197 6.418387 0 0.000003 0 21.174172 -0.333427 -20.403013 116.75232 -23.962569 -45.418258 41.998768 -28.19775 -16.57205 0 0.000003 0 15.24098 -2.117479 -2.977681 114.59745 -10.407239 -25.714269 35.842323 -14.451319 -14.57854 -0.019782 0.000003 0 25.57308 44.865063 59.697001 9.320225 -12.803713 17.377152 38.065382 -22.95041 -44.801649 -6.07677 7.97907 9.192813 0 0.000003 0 0 0.000003 0.000008 0.000002 0.000009 -29.695354 0 0.000009 -59.390715 -0.000003 0.000016 -89.086075 -0.016847 0.055832 -32.762843 -0.00967 0.04293 -24.572131 -0.004405 0.029126 -16.381416 -0.00116 0.014728 -8.190707 0 -0.013986 0 -88.274301 -71.979294 105.889632 51.810093 -65.527909 -44.337613 105.146227 0.396099 0.515519 3.107138 -4.641507 72.078891 1.338118 6.226799 0.385507 -2.31197 -14.287039 -22.877688 42.47389 -9.755516 -19.463536 117.937549 -27.216491 -55.696627 40.129103 -33.168438 -11.106021 0 0.000003 0 40.774173 -4.781055 -13.626957 107.619155 -14.880644 -24.4082 64.212002 -24.053055 -14.369429 0 0.000003 0 21.205661 -1.956758 -4.031764 118.011343 -11.785953 -23.766319 45.968737 -16.775256 -12.661101 0 0.000003 0 15.175668 -3.393297 13.29191 119.657774 1.28319 -4.999931 37.328599 -5.273211 -5.173879 0 0.000003 0 25.57308 44.865063 59.697001 7.262477 4.440138 15.078449 -49.380847 25.492311 -16.863814 -6.07677 7.97907 9.192813 0 0.000003 0 0 0.000003 0.000008 0.000001 0.000003 -11.144815 0.000002 -0.000004 -22.289639 0 0.000003 -33.434462 -0.00284 -0.024825 13.879156 -0.001566 -0.018692 10.409367 -0.000667 -0.012497 6.939578 -0.000144 -0.006261 3.46979 0 0.000003 0 27.879367 2.631073 0.692177 -0.013972 0.000686 3.234683 0 0.000003 0 -23.194498 2.303607 3.769542 -89.999999 -90 0 0 0.000003 0 0 0.000003 0 90.000009 -63.648278 -90.000009 -5.682401 0.000003 0 -28.319916 0.000003 0 -16.252152 0.000003 0 0 0.000003 0 89.999996 -84.450021 179.999995 0 0.000003 0 -90.000003 -84.450021 0 0 0.000003 0 0 0.000003 0
0 0 0 179.999991 0.000003 179.999991 0.17988 -0.05831399999999998 -10.80545 178.68798 -5.323467 -183.385884 -90.650496 32.621362 -93.784802 14.752543 -1.01607 -12.471446 0 0.000003 0 27.754938 -3.1612 16.938944 75.504886 -7.992029 9.334273 -0.15412 1.329519 -0.522786 -15.739179 9.376971 0.920831 0 0.000003 0 0 0.000003 0 0 0.000003 0 0 0.000003 0 -0.000005 0.003342 -0.181213 -0.000003 0.002502 -0.13591 -0.000001 0.001676 -0.090607 0.013988 0.000774 0.551294 0 0.000003 0 86.811499 26.900504 80.959462 9.697651 -1.020346 -8.425412 0 0.000003 0 -1.965442 2.779767 4.022786 75.690319 -9.031782 11.401314 -0.421239 2.455134 -0.80889 1.050601 10.799672 -1.472963 0 0.000003 0 0 0.000003 0 0 0.000003 0 0 0.000003 0 -0.000686 -0.038048 2.066141 -0.000386 -0.028541 1.549605 -0.000172 -0.019026 1.03307 -0.000043 -0.009512 0.516535 0 0.000003 0 85.772901 10.235287 88.882918 15.281083 -0.326248 -4.845536 -15.642851 -0.692749 -3.020985 8.857441 -0.534351 -5.067456 100.205808 -58.146901 122.133143 19.725276 -62.779861 90.241388 172.679722 78.406579 171.152492 5.442555 1.248998 3.046991 3.97077 1.160165 -0.097782 5.567135 -15.315433 -24.893183 36.864532 -4.362193 -13.481158 118.644119 -21.243805 -38.175648 46.00465 -22.787366 -2.201017 -0.034264 0.000003 0 40.83112 -2.163542 8.60052 107.245844 8.764269 11.807102 66.8977 2.313709 6.521854 0 0.000003 0 21.174179 -0.333413 -20.403013 116.752484 -23.962548 -45.441774 41.989411 -28.215379 -16.578689 0 0.000003 0 15.240976 -2.117452 -2.977669 114.597232 -10.407239 -25.603203 35.86156 -14.378509 -14.469544 -0.019782 0.000003 0 25.57308 44.865063 59.697001 9.320229 -12.803665 17.377161 38.065402 -22.950478 -44.801676 -6.07677 7.97907 9.192813 0 0.000003 0 0 0.000003 0.000008 0 0.000009 -29.602743 0 0.000009 -59.205494 -0.000003 0.000016 -88.808237 -0.019196 0.059275 -35.072758 -0.011032 0.045737 -26.304565 -0.005028 0.031121 -17.536374 -0.001321 0.015753 -8.768185 0 -0.013986 0 -91.343289 -71.97126 109.41586 54.578437 -63.024858 -46.3236 105.234432 0.395983 0.516045 3.130409 -4.625859 71.790752 1.602222 5.985086 0.378262 -2.31197 -14.287039 -22.877688 42.540457 -9.635823 -19.384654 117.86474 -27.02679 -55.382978 40.235012 -33.04586 -11.08399 0 0.000003 0 40.779962 -4.644342 -13.492894 107.594184 -14.627633 -24.104632 64.26234 -23.854522 -14.245654 0 0.000003 0 21.206296 -1.871934 -3.997023 117.982711 -11.607016 -23.488153 45.998671 -16.632867 -13.030133 0 0.000003 0 15.181041 -3.326737 13.30964 119.65037 1.452497 -4.722584 37.330816 -5.15429 -5.123762 0 0.000003 0 25.57308 44.865063 59.697001 7.262463 4.440151 14.827227 -49.302498 25.682914 -16.901904 -6.07677 7.97907 9.192813 0 0.000003 0 0 0.000003 0.000008 0.000001 0.000003 -11.221516 0.000002 0.000003 -22.443039 0 0.000003 -33.664561 -0.00336 -0.026902 15.068704 -0.001859 -0.020276 11.301527 -0.000795 -0.013562 7.534352 -0.000174 -0.006794 3.767177 0 0.000003 0 27.970506 3.274436 0.735068 -0.013974 0.000638 3.021783 0 0.000003 0 -21.768281 2.56271 3.402646 -89.999999 -90 0 0 0.000003 0 0 0.000003 0 90.000009 -63.648278 -90.000009 -5.682401 0.000003 0 -28.319916 0.000003 0 -16.252152 0.000003 0 0 0.000003 0 89.999996 -84.450021 179.999995 0 0.000003 0 -90.000003 -84.450021 0 0 0.000003 0 0 0.000003 0
0 0 0 179.999991 0.000003 179.999991 0.181927 -0.07133299999999998 -10.879793 181.175836 -5.485268 -183.178246 -85.354128 27.132854 -94.224208 27.01339 -1.754659 -12.768839 0 0.000003 0 31.368556 -1.359786 22.202273 75.504886 -7.992029 9.334273 -0.15412 1.329519 -0.522786 -5.597146 9.966164 0.420545 0 0.000003 0 0 0.000003 0 0 0.000003 0 0 0.000003 0 -0.000172 -0.019033 1.033532 -0.000097 -0.014279 0.775149 -0.000043 -0.009519 0.516766 0.013977 -0.004895 0.854979 0 0.000003 0 91.126629 29.755619 83.245587 19.589295 -1.927627 -8.680631 0 0.000003 0 3.102869 1.972479 2.394048 75.690319 -9.031782 11.401314 -0.421239 2.455134 -0.80889 1.578311 10.70698 -1.564584 0 0.000003 0 0 0.000003 0 0 0.000003 0 0 0.000003 0 -0.000229 -0.02197 1.192744 -0.000129 -0.016472 0.894558 -0.000057 -0.01098 0.596372 -0.000014 -0.005496 0.298186 0 0.000003 0 87.892001 10.614567 88.996716 15.058236 -0.270951 -4.625399 -15.537664 -0.481451 -2.814002 9.269276 0.068953 -4.988804 93.747283 -58.373881 129.01852 22.84702 -59.639447 84.991213 173.131498 77.659383 171.594433 5.468261 1.130809 4.284758 4.013045 2.163383 0.000112 5.567135 -15.315433 -24.893183 36.864532 -4.3622 -13.481163 118.643791 -21.243996 -37.868604 46.11225 -22.56602 -2.114862 -0.034264 0.000003 0 40.831113 -2.163535 8.600533 107.245626 8.764255 11.608139 66.893534 2.129116 6.390892 0 0.000003 0 21.174172 -0.333406 -20.402999 116.752484 -23.962582 -45.441706 41.989408 -28.215331 -16.578659 0 0.000003 0 15.240947 -2.117459 -2.977649 114.597368 -10.407266 -25.603196 35.86158 -14.378475 -14.551127 -0.019782 0.000003 0 25.57308 44.865063 59.697001 9.32016 -12.803747 17.377208 38.065392 -22.950417 -44.801625 -6.07677 7.97907 9.192813 0 0.000003 0 0 0.000003 0.000008 0.000002 0.000003 -29.27124 0 0.000009 -58.542487 -0.000003 0.000009 -87.813734 -0.022468 0.063612 -38.08575 -0.012937 0.049337 -28.564305 -0.005899 0.033689 -19.042868 -0.001547 0.017098 -9.521433 0 -0.013986 0 -101.148449 -71.031585 119.928792 59.095985 -58.585044 -49.213432 105.271144 0.395914 0.516308 3.166991 -4.600929 71.335998 1.838953 6.150711 0.383908 -2.31197 -14.287039 -22.877688 42.540501 -9.635796 -19.384632 117.865532 -27.026516 -55.383286 40.234916 -33.045867 -11.083971 0 0.000003 0 40.779983 -4.644273 -13.492899 107.59361 -14.62766 -24.104496 64.261965 -23.854344 -14.245452 0 0.000003 0 21.206303 -1.871886 -4.220414 118.014239 -11.802503 -23.792301 45.965302 -16.788411 -12.922989 0 0.000003 0 15.181055 -3.326675 13.515735 119.64302 1.630997 -4.430266 37.331444 -5.028881 -5.070789 0 0.000003 0 25.57308 44.865063 59.697001 7.262417 4.440199 14.949542 -49.340754 25.590146 -16.883557 -6.07677 7.97907 9.192813 0 0.000003 0 0 0.000003 0.000008 0.000001 0.000003 -11.342573 0.000002 0.000003 -22.685155 0 0.000003 -34.027736 -0.004311 -0.030296 17.020271 -0.002391 -0.022858 12.765204 -0.001028 -0.015304 8.510136 -0.000229 -0.007668 4.255069 0 0.000003 0 27.13446 2.943015 0.79377 -0.01398 0.000481 2.402194 0 0.000003 0 -20.850872 2.447983 2.629862 -89.999999 -90 0 0 0.000003 0 0 0.000003 0 90.000009 -63.648278 -90.000009 -5.682401 0.000003 0 -28.319916 0.000003 0 -16.252152 0.000003 0 0 0.000003 0 89.999996 -84.450021 179.999995 0 0.000003 0 -90.000003 -84.450021 0 0 0.000003 0 0 0.000003 0
0 0 0 179.999991 0.000003 179.999991 0.183091 -0.08850100000000005 -10.944489 184.607623 -5.084588 -184.614334 -79.572093 20.564958 -93.790006 42.229796 -2.555909 -13.344264 0 0.000003 0 34.424573 0.210687 29.720076 75.504886 -7.992029 9.334273 -0.15412 1.329519 -0.522786 3.59111 10.392388 -0.389112 0 0.000003 0 0 0.000003 0 0 0.000003 0 0 0.000003 0 -0.000268 -0.023801 1.292575 -0.000151 -0.017858 0.969431 -0.000067 -0.011903 0.646287 0.013971 -0.006097 0.91974 0 0.000003 0 96.305531 32.118728 85.164905 31.859219 -2.969354 -9.207016 0 0.000003 0 4.88582 -0.328263 0.973268 75.690319 -9.031782 11.401314 -0.421239 2.455134 -0.80889 3.862407 11.119236 -1.895828 0 0.000003 0 0 0.000003 0 0 0.000003 0 0 0.000003 0 -0.000135 -0.016848 0.914736 -0.000076 -0.01264 0.686052 -0.000034 -0.008426 0.457368 -0.000008 -0.004212 0.228684 0 0.000003 0 89.559578 9.729402 88.928291 15.242218 0.135793 -4.249935 -15.104024 0.396905 -2.507823 9.979032 1.342476 -4.793844 91.848416 -59.699853 130.607195 29.952592 -58.868954 77.185625 171.831604 79.591056 170.319947 5.511727 0.89445 6.743951 3.132807 2.140645 0.055449 5.567135 -15.315433 -24.893183 36.864587 -4.36218 -13.481126 118.643299 -21.244133 -37.868365 46.229657 -22.618408 -2.159984 -0.034264 0.000003 0 40.831151 -2.163515 8.600508 107.2462 8.76416 11.807129 66.897618 2.313668 6.521851 0 0.000003 0 21.105583 -0.621613 -20.402115 116.786854 -24.102485 -45.685305 41.796308 -28.585685 -16.718626 0 0.000003 0 15.240995 -2.117445 -2.977696 114.597122 -10.407355 -25.603176 35.861615 -14.378502 -14.551137 -0.019782 0.000003 0 25.57308 44.865063 59.697001 9.320181 -12.803665 17.377174 38.065389 -22.950451 -44.801615 -6.07677 7.97907 9.192813 0 0.000003 0 0 0.000003 0.000008 0 0.000003 -28.612535 0 0.000009 -57.22508 -0.000003 0.000016 -85.837624 -0.021223 0.062021 -36.963543 -0.012212 0.048012 -27.722655 -0.005566 0.03274 -18.481768 -0.00146 0.0166 -9.240881 0 -0.013986 0 -104.683591 -69.958961 124.188781 63.58872 -57.116693 -52.441154 105.229856 0.39599 0.516072 2.986497 -4.719931 73.557135 0.846484 6.923164 0.403313 -2.31197 -14.287039 -22.877688 42.540419 -9.635817 -19.384698 117.864576 -27.026851 -55.443958 40.201151 -33.085096 -11.091117 0 0.000003 0 40.779928 -4.644349 -13.492889 107.594102 -14.627626 -23.948084 64.298042 -23.713007 -14.157281 0 0.000003 0 21.206245 -1.871934 -3.996973 117.982929 -11.606941 -23.649072 45.971138 -16.761193 -12.909013 0 0.000003 0 15.181014 -3.326723 13.309663 119.650069 1.452517 -4.578699 37.331201 -5.059433 -5.083751 0 0.000003 0 25.57308 44.865063 59.697001 7.262479 4.440151 14.949577 -49.340774 25.590133 -16.88357 -6.07677 7.97907 9.192813 0 0.000003 0 0 0.000003 0.000008 0 0.000003 -10.751376 0 0.000003 -21.502762 0 0.000003 -32.254148 -0.00452 -0.030993 17.422107 -0.002508 -0.023391 13.06658 -0.00108 -0.015666 8.711054 -0.000242 -0.007852 4.355527 0 0.000003 0 26.763048 2.338482 0.830221 -0.013982 0.000426 2.18294 0 0.000003 0 -23.263788 2.495412 2.293167 -89.999999 -90 0 0 0.000003 0 0 0.000003 0 90.000009 -63.648278 -90.000009 -5.682401 0.000003 0 -28.319916 0.000003 0 -16.252152 0.000003 0 0 0.000003 0 89.999996 -84.450021 179.999995 0 0.000003 0 -90.000003 -84.450021 0 0 0.000003 0 0 0.000003 0
0 0 0 179.999991 0.000003 179.999991 0.180364 -0.09348699999999999 -11.01074 186.693358 -4.948517 -186.796593 -76.900212 13.049291 -92.451569 58.649045 -3.227221 -14.18216 0 0.000003 0 28.781785 2.773503 29.133561 75.504886 -7.992029 9.334273 -0.15412 1.329519 -0.522786 6.711108 10.537612 -0.678855 0 0.000003 0 0 0.000003 0 0 0.000003 0 0 0.000003 0 0 0.000003 0.000002 0 0.000003 0.000001 0 0.000003 0.000001 0.013988 -0.000073 0.596598 0 0.000003 0 97.932536 29.590561 82.615523 38.391578 -3.470785 -9.574464 0 0.000003 0 1.999321 -1.700455 2.928274 75.690319 -9.031782 11.401314 -0.421239 2.455134 -0.80889 5.962827 11.410298 -2.063427 0 0.000003 0 0 0.000003 0 0 0.000003 0 0 0.000003 0 -0.001337 -0.053102 2.883905 -0.000752 -0.039831 2.162928 -0.000334 -0.026553 1.441952 -0.000084 -0.013275 0.720976 0 0.000003 0 90.419745 8.346999 88.991798 15.628603 0.38263 -3.922083 -14.686141 0.94918 -2.209349 10.463667 1.878817 -4.557441 93.154539 -61.201416 129.587257 41.932857 -58.928469 65.488892 166.088112 83.837412 164.632598 5.551601 0.597958 9.804869 1.988743 1.088024 0.024169 5.567135 -15.315433 -24.893183 36.864529 -4.3622 -13.481123 118.644255 -21.243942 -37.868782 46.111912 -22.565973 -2.114729 -0.034264 0.000003 0 40.831158 -2.163562 8.600602 107.245981 8.764208 11.807211 66.898206 2.313715 6.521912 0 0.000003 0 21.174194 -0.333447 -20.40295 116.752375 -23.962685 -45.441686 41.990077 -28.21568 -16.579007 0 0.000003 0 15.241005 -2.1175 -2.977638 114.597587 -10.407382 -25.603292 35.860774 -14.378338 -14.550924 -0.019782 0.000003 0 25.57308 44.865063 59.697001 9.320184 -12.803699 17.377197 38.065423 -22.950499 -44.801656 -6.07677 7.97907 9.192813 0 0.000003 0 0 0.000003 0.000008 0 0.000009 -27.792542 0 0.000009 -55.58509 -0.000003 0.000016 -83.377636 -0.016883 0.055887 -32.798329 -0.009689 0.042978 -24.598742 -0.004414 0.029161 -16.39916 -0.001162 0.014735 -8.199579 0 -0.013986 0 -100.648985 -69.99908 120.849078 65.739355 -59.815748 -54.265754 104.153049 0.398011 0.508648 2.731587 -4.871664 76.605394 -0.740264 8.005558 0.376256 -2.31197 -14.287039 -22.877688 42.540426 -9.63583 -19.384712 117.865942 -27.026462 -55.3836 40.234913 -33.045935 -11.084045 0 0.000003 0 40.779952 -4.644355 -13.492925 107.594239 -14.627654 -24.104707 64.262286 -23.854508 -14.245652 0 0.000003 0 21.206272 -1.871975 -3.997025 117.982929 -11.607037 -23.488303 45.998817 -16.63297 -12.84324 0 0.000003 0 15.181012 -3.326757 13.309615 119.650178 1.452435 -4.72268 37.329798 -5.154277 -5.123706 0 0.000003 0 25.57308 44.865063 59.697001 7.262475 4.440117 14.949534 -49.34072 25.590187 -16.88357 -6.07677 7.97907 9.192813 0 0.000003 0 0 0.000003 0.000008 0 0.000003 -9.940342 0 0.000003 -19.880693 0 0.000003 -29.821043 -0.003687 -0.028117 15.767389 -0.002042 -0.021198 11.825542 -0.000875 -0.014184 7.883695 -0.000193 -0.007108 3.941848 0 0.000003 0 27.435576 2.509032 0.627038 -0.013982 0.000405 2.065769 0 0.000003 0 -25.36137 2.924881 1.945653 -89.999999 -90 0 0 0.000003 0 0 0.000003 0 90.000009 -63.648278 -90.000009 -5.682401 0.000003 0 -28.319916 0.000003 0 -16.252152 0.000003 0 0 0.000003 0 89.999996 -84.450021 179.999995 0 0.000003 0 -90.000003 -84.450021 0 0 0.000003 0 0 0.000003 0
0 0 0 179.999991 0.000003 179.999991 0.176258 -0.09189499999999995 -11.073753 187.602934 -5.279488 -188.32881 -76.467137 4.31354 -91.899198 72.941994 -3.581086 -15.028161 0 0.000003 0 17.15389 4.923415 22.156932 75.504886 -7.992029 9.334273 -0.15412 1.329519 -0.522786 7.142758 10.484227 -1.028931 0 0.000003 0 0 0.000003 0 0 0.000003 0 0 0.000003 0 -0.00023 0.02205 -1.197115 -0.00013 0.016532 -0.897836 -0.000058 0.011026 -0.598557 0.013974 0.005514 0.29732 0 0.000003 0 98.005879 25.662492 80.25281 42.685325 -3.776068 -9.845994 0 0.000003 0 -3.46116 -1.286559 4.099836 75.690319 -9.031782 11.401314 -0.421239 2.455134 -0.80889 6.795373 11.506624 -2.131456 0 0.000003 0 0 0.000003 0 0 0.000003 0 0 0.000003 0 -0.003223 -0.082411 4.478665 -0.001813 -0.061838 3.358998 -0.000806 -0.041238 2.239331 -0.000202 -0.020625 1.119665 0 0.000003 0 90.971734 7.440278 89.099756 15.941049 0.476067 -3.597283 -14.507942 1.123234 -1.892007 10.501743 2.03975 -4.2921 93.543805 -62.323136 129.424725 53.146358 -57.374632 54.000159 149.798671 87.058092 148.387636 5.573057 0.343663 12.415706 1.671409 -0.216555 -0.092964 5.567135 -15.315433 -24.893183 36.864529 -4.362173 -13.481113 118.643518 -21.24416 -37.868502 46.112028 -22.565938 -2.114734 -0.034264 0.000003 0 40.831158 -2.163535 8.600559 107.245298 8.764153 11.807075 66.89755 2.313729 6.521929 0 0.000003 0 21.174196 -0.333447 -20.403016 116.75232 -23.962767 -45.441693 41.989015 -28.215297 -16.578519 0 0.000003 0 15.241002 -2.117486 -2.977691 114.597723 -10.407464 -25.603374 35.860942 -14.378399 -14.55098 -0.019782 0.000003 0 25.57308 44.865063 59.697001 9.320163 -12.803706 17.377183 38.065389 -22.950444 -44.801629 -6.07677 7.97907 9.192813 0 0.000003 0 0 0.000003 0.000008 0 0.000009 -27.093047 0 0.000009 -54.186104 -0.000003 0.000016 -81.279156 -0.013295 0.049986 -28.970848 -0.007619 0.038224 -21.728133 -0.003471 0.025841 -14.485421 -0.000918 0.013028 -7.242709 0 -0.013986 0 -97.086542 -69.696838 117.462219 63.540977 -63.342072 -51.404892 102.787462 0.400279 0.499225 2.493132 -4.997681 79.376975 -1.815729 7.432143 0.337265 -2.31197 -14.287039 -22.877688 42.540378 -9.635864 -19.384698 117.865587 -27.026639 -55.383511 40.234944 -33.045959 -11.149562 0 0.000003 0 40.77989 -4.644396 -13.49291 107.593692 -14.627783 -24.104571 64.262122 -23.854467 -14.24556 0 0.000003 0 21.206248 -1.872023 -3.997021 117.982738 -11.607166 -23.488351 45.998162 -16.632888 -12.843056 0 0.000003 0 15.180994 -3.326798 13.309584 119.650342 1.452319 -4.722762 37.330003 -5.154304 -5.123713 0 0.000003 0 25.57308 44.865063 59.697001 7.262501 4.440124 14.949542 -49.340696 25.590146 -17.17545 -6.07677 7.97907 9.192813 0 0.000003 0 0 0.000003 0.000008 0 0.000003 -9.203228 0 0.000003 -18.406467 0.000002 0.000003 -27.609703 -0.002653 -0.024026 13.426004 -0.001463 -0.018084 10.069504 -0.000621 -0.012087 6.713003 -0.000134 -0.006056 3.356502 0 0.000003 0 28.578403 2.742358 0.552809 -0.013984 0.000337 1.812413 0 0.000003 0 -26.010192 2.789349 1.644474 -89.999999 -90 0 0 0.000003 0 0 0.000003 0 90.000009 -63.648278 -90.000009 -5.682401 0.000003 0 -28.319916 0.000003 0 -16.252152 0.000003 0 0 0.000003 0 89.999996 -84.450021 179.999995 0 0.000003 0 -90.000003 -84.450021 0 0 0.000003 0 0 0.000003 0
0 0 0 179.999991 0.000003 179.999991 0.175109 -0.08641100000000002 -11.139194 187.907206 -5.217736 -189.303286 -76.95943 -4.26278 -92.61828 81.935509 -3.697254 -15.599947 0 0.000003 0 7.721643 3.420069 17.33959 75.504886 -7.992029 9.334273 -0.15412 1.329519 -0.522786 6.485557 10.438758 -0.843965 0 0.000003 0 0 0.000003 0 0 0.000003 0 0 0.000003 0 -0.000318 0.025909 -1.40655 -0.000179 0.019428 -1.054913 -0.00008 0.012953 -0.703275 0.013968 0.006498 0.244961 0 0.000003 0 98.249293 20.468358 78.958612 43.873963 -3.856855 -9.925139 0 0.000003 0 -7.683154 -0.66728 4.942958 75.690319 -9.031782 11.401314 -0.421239 2.455134 -0.80889 6.918125 11.487445 -2.076214 0 0.000003 0 0 0.000003 0 0 0.000003 0 0 0.000003 0 -0.00463 -0.098755 5.36899 -0.002606 -0.074112 4.026741 -0.001158 -0.049428 2.684493 -0.00029 -0.024723 1.342246 0 0.000003 0 91.446637 6.885175 89.342501 16.072425 0.481633 -3.133427 -14.488769 1.183743 -1.428701 10.362763 2.4267 -3.885172 92.374955 -63.41835 130.365215 61.172294 -54.540106 44.728611 116.648238 88.346963 115.26048 5.58014 0.197108 13.916681 2.041148 -1.08625 -0.223065 5.567135 -15.315433 -24.893183 36.864542 -4.362159 -13.481144 118.643682 -21.244147 -38.241191 45.981161 -22.834502 -2.219127 -0.034264 0.000003 0 40.831151 -2.163521 8.600555 107.245216 8.764064 11.80702 66.898233 2.313722 6.521967 0 0.000003 0 21.174205 -0.33342 -20.403022 116.752402 -23.962815 -45.441802 41.990104 -28.215809 -16.579068 0 0.000003 0 15.240995 -2.117465 -2.977665 114.597119 -10.407573 -25.603275 35.86056 -14.378358 -14.550898 -0.019782 0.000003 0 25.57308 44.865063 59.697001 9.320141 -12.803658 17.377202 38.065423 -22.950437 -44.801649 -6.07677 7.97907 9.192813 0 0.000003 0 0 0.000003 0.000008 0 0.000009 -26.690887 0 0.000009 -53.381784 0 0.000009 -80.072678 -0.010825 0.045321 -26.047562 -0.006198 0.034529 -19.535669 -0.002826 0.02328 -13.023779 -0.000751 0.011716 -6.511888 0 -0.013986 0 -96.383545 -68.482894 117.343292 57.441119 -65.385953 -43.825366 101.316485 0.40254 0.488936 2.197337 -5.134333 82.725803 -2.110761 6.040724 0.326185 -2.31197 -14.287039 -22.877688 42.540307 -9.635919 -19.384756 117.866051 -27.026598 -55.383771 40.234647 -33.045877 -11.083932 0 0.000003 0 40.779877 -4.644478 -13.492993 107.594403 -14.627817 -24.104824 64.262224 -23.854645 -14.2457 0 0.000003 0 21.206214 -1.872105 -3.99711 117.982738 -11.607344 -23.488419 45.997902 -16.632901 -12.842967 0 0.000003 0 15.180927 -3.32688 13.309518 119.650151 1.452135 -4.722885 37.329757 -5.154372 -5.123692 0 0.000003 0 25.57308 44.865063 59.697001 7.262489 4.440104 14.812324 -49.297744 25.694211 -16.904153 -6.07677 7.97907 9.192813 0 0.000003 0 0 0.000003 0.000008 0 0.000003 -8.312951 0 0.000003 -16.62591 0.000002 0.000003 -24.93887 -0.001895 -0.020461 11.409145 -0.00104 -0.015386 8.556859 -0.000438 -0.010277 5.704574 -0.000091 -0.005141 2.852288 0 0.000003 0 29.666295 2.545949 0.435267 -0.013987 0.000187 1.196557 0 0.000003 0 -25.930692 2.573112 0.895037 -89.999999 -90 0 0 0.000003 0 0 0.000003 0 90.000009 -63.648278 -90.000009 -5.682401 0.000003 0 -28.319916 0.000003 0 -16.252152 0.000003 0 0 0.000003 0 89.999996 -84.450021 179.999995 0 0.000003 0 -90.000003 -84.450021 0 0 0.000003 0 0 0.000003 0
0 0 0 179.999991 0.000003 179.999991 0.168771 -0.07848 -11.200565 187.810039 -4.657066 -189.716253 -77.657762 -11.214601 -93.788428 82.447261 -3.701181 -15.632971 0 0.000003 0 -9.778685 4.224181 12.652693 75.504886 -7.992029 9.334273 -0.15412 1.329519 -0.522786 5.347376 10.350922 -0.66228 0 0.000003 0 0 0.000003 0 0 0.000003 0 0 0.000003 0 -0.000173 0.019127 -1.038532 -0.000098 0.014346 -0.778899 -0.000043 0.009558 -0.519266 0.013977 0.00477 0.336965 0 0.000003 0 98.166416 14.839237 78.612759 42.546365 -3.766512 -9.836866 0 0.000003 0 -9.69246 -0.473712 6.108892 75.690319 -9.031782 11.401314 -0.421239 2.455134 -0.80889 6.582107 11.46929 -2.121375 0 0.000003 0 0 0.000003 0 0 0.000003 0 0 0.000003 0 -0.004832 -0.100873 5.484505 -0.002719 -0.075703 4.113376 -0.001209 -0.050486 2.74225 -0.000302 -0.025256 1.371125 0 0.000003 0 91.836333 6.635361 89.589187 16.135936 0.441356 -2.529454 -14.532115 1.181181 -0.824249 10.199878 2.176729 -3.301611 92.154722 -64.859911 130.092663 67.570447 -52.491774 36.69207 83.338744 88.514043 81.962748 5.583296 0.059336 15.326381 2.533974 -1.571931 -0.328915 5.567135 -15.315433 -24.893183 36.864553 -4.362173 -13.481119 118.644337 -21.244092 -37.86885 46.112062 -22.566109 -2.114806 -0.034264 0.000003 0 40.831158 -2.163542 8.6006 107.245954 8.764037 11.807184 66.898534 2.313654 6.521953 0 0.000003 0 21.174206 -0.333434 -20.402972 116.752276 -23.962856 -45.441665 41.989452 -28.215529 -16.578768 0 0.000003 0 15.24098 -2.117479 -2.97764 114.597624 -10.407519 -25.60334 35.860751 -14.378516 -14.192409 -0.019782 0.000003 0 25.57308 44.865063 59.697001 9.320159 -12.803686 17.377219 38.065437 -22.950458 -44.801656 -6.07677 7.97907 9.192813 0 0.000003 0 0 0.000003 0.000008 0 0.000003 -26.313176 0 0.000009 -52.626362 0 0.000009 -78.939549 -0.008206 0.039638 -22.576799 -0.004696 0.030076 -16.932597 -0.002144 0.02022 -11.288397 -0.000574 0.010173 -5.644198 0 -0.013986 0 -96.964125 -66.375433 118.594938 48.333291 -65.109758 -32.128189 100.479951 0.403633 0.483075 1.814611 -5.281407 86.940392 -2.22396 5.530427 0.329846 -2.31197 -14.287039 -22.877688 42.540317 -9.635933 -19.384748 117.86575 -27.026817 -55.383607 40.234773 -33.045894 -11.083947 0 0.000003 0 40.779907 -4.644485 -13.492929 107.593993 -14.627886 -24.104619 64.262409 -23.854611 -14.245688 0 0.000003 0 21.20624 -1.872132 -3.997107 117.982875 -11.607419 -23.488365 45.998332 -16.632956 -12.843032 0 0.000003 0 15.18098 -3.326894 13.309534 119.650014 1.452039 -4.722844 37.329661 -5.154338 -5.123619 0 0.000003 0 25.57308 44.865063 59.697001 7.262538 4.440124 14.949518 -49.34072 25.59016 -16.883577 -6.07677 7.97907 9.192813 0 0.000003 0 0 0.000003 0.000008 0 -0.000004 -7.193017 0 0.000003 -14.386042 0 0.000003 -21.579067 -0.001294 -0.017073 9.499819 -0.000706 -0.012825 7.124865 -0.000293 -0.008556 4.749911 -0.000058 -0.00428 2.374956 0 0.000003 0 30.44523 2.776515 0.636618 -0.013988 0.00005 0.621583 0 0.000003 0 -25.148533 2.372066 0.210382 -89.999999 -90 0 0 0.000003 0 0 0.000003 0 90.000009 -63.648278 -90.000009 -5.682401 0.000003 0 -28.319916 0.000003 0 -16.252152 0.000003 0 0 0.000003 0 89.999996 -84.450021 179.999995 0 0.000003 0 -90.000003 -84.450021 0 0 0.000003 0 0 0.000003 0
0 0 0 179.999991 0.000003 179.999991 0.160625 -0.068388 -11.260565 187.752625 -3.999626 -190.128455 -78.392581 -18.067842 -94.940586 81.978382 -3.697623 -15.602727 0 0.000003 0 -19.322648 2.248651 6.69602 75.504886 -7.992029 9.334273 -0.15412 1.329519 -0.522786 4.314511 10.273891 -0.508812 0 0.000003 0 0 0.000003 0 0 0.000003 0 0 0.000003 0 -0.000061 0.01132 -0.614427 -0.000034 0.008486 -0.46082 -0.000015 0.005658 -0.307213 0.013984 0.002796 0.442991 0 0.000003 0 98.251602 8.835822 78.360028 40.702532 -3.637661 -9.717763 0 0.000003 0 -11.06553 -0.278437 7.27584 75.690319 -9.031782 11.401314 -0.421239 2.455134 -0.80889 6.022031 11.457734 -1.852211 0 0.000003 0 0 0.000003 0 0 0.000003 0 0 0.000003 0 -0.004816 -0.100709 5.475504 -0.00271 -0.075587 4.106626 -0.001205 -0.050411 2.73775 -0.000301 -0.025215 1.368874 0 0.000003 0 92.297036 6.412075 89.809768 16.204972 0.400176 -1.905893 -14.562993 1.189296 -0.201878 10.033952 2.315225 -2.718354 92.16744 -66.419359 129.606709 72.916675 -49.601979 29.10974 53.623976 88.169009 52.259727 5.583588 0.015705 15.772561 2.878437 -1.987029 -0.422102 5.567135 -15.315433 -24.893183 36.864556 -4.362159 -13.481102 118.644228 -21.244106 -37.868823 46.111693 -22.565932 -2.114647 -0.034264 0.000003 0 40.831137 -2.163528 8.60062 107.245407 8.76405 11.807047 66.898267 2.313674 6.521956 0 0.000003 0 21.17422 -0.333406 -20.403006 116.75244 -23.962835 -45.441751 41.989398 -28.21555 -16.263568 0 0.000003 0 15.24098 -2.117479 -2.977635 114.597679 -10.407498 -25.603336 35.861789 -14.378666 -14.551213 -0.019782 0.000003 0 25.57308 44.865063 59.697001 9.320072 -12.803686 17.377214 38.065519 -22.950451 -44.783686 -6.07677 7.97907 9.192813 0 0.000003 0 0 0.000003 0.000008 0 0.000009 -26.193629 0 0.000009 -52.387271 0 0.000009 -78.580903 -0.006122 0.034311 -19.40946 -0.003505 0.025957 -14.557093 -0.001604 0.017419 -9.704727 -0.000434 0.008745 -4.852363 0 -0.013986 0 -97.31672 -64.188479 119.483627 39.683665 -64.700749 -20.421555 99.663156 0.404643 0.477338 1.467248 -5.387972 90.675194 -2.621508 4.482451 0.294897 -2.31197 -14.287039 -22.877688 42.540245 -9.635974 -19.384715 117.865477 -27.026981 -55.383456 40.235398 -33.046283 -11.084195 0 0.000003 0 40.77989 -4.644533 -13.49297 107.593829 -14.627975 -24.104564 64.26232 -23.854638 -14.00733 0 0.000003 0 21.206197 -1.872207 -3.99714 117.982383 -11.60761 -23.48831 45.997803 -16.632942 -12.842897 0 0.000003 0 15.180947 -3.326962 13.30952 119.650014 1.451985 -4.722775 37.330051 -5.15427 -5.123598 0 0.000003 0 25.57308 44.865063 59.697001 7.262557 4.440104 14.949536 -49.340696 25.590174 -16.883562 -6.07677 7.97907 9.192813 0 0.000003 0 0 0.000003 0.000008 0 0.000003 -6.200978 0.000001 0.000003 -12.401965 0 0.000003 -18.602951 -0.000671 -0.012531 6.955977 -0.000361 -0.009403 5.216983 -0.000145 -0.006274 3.477989 -0.000025 -0.003133 1.738995 0 0.000003 0 31.209702 1.958327 0.582272 -0.013988 -0.000059 0.178584 0 0.000003 0 -24.618898 2.864427 -0.561547 -89.999999 -90 0 0 0.000003 0 0 0.000003 0 90.000009 -63.648278 -90.000009 -5.682401 0.000003 0 -28.319916 0.000003 0 -16.252152 0.000003 0 0 0.000003 0 89.999996 -84.450021 179.999995 0 0.000003 0 -90.000003 -84.450021 0 0 0.000003 0 0 0.000003 0
0 0 0 179.999991 0.000003 179.999991 0.15682 -0.05792699999999995 -11.335476 187.185596 -2.825654 -190.132376 -78.749001 -22.612998 -96.929284 73.561643 -3.591939 -15.066933 0 0.000003 0 -19.567782 2.492673 5.987147 75.504886 -7.992029 9.334273 -0.15412 1.329519 -0.522786 4.060738 10.241789 -0.462312 0 0.000003 0 0 0.000003 0 0 0.000003 0 0 0.000003 0 -0.000049 -0.010133 0.55016 -0.000027 -0.007599 0.41262 -0.000012 -0.005065 0.27508 0.013985 -0.002634 0.734137 0 0.000003 0 97.765764 1.879438 78.446068 36.194235 -3.306875 -9.44453 0 0.000003 0 -10.572633 -0.016458 8.893926 75.690319 -9.031782 11.401314 -0.421239 2.455134 -0.80889 4.67968 11.291125 -1.979812 0 0.000003 0 0 0.000003 0 0 0.000003 0 0 0.000003 0 -0.004137 -0.093353 5.074194 -0.002327 -0.070055 3.805644 -0.001035 -0.046716 2.537095 -0.000259 -0.023364 1.268547 0 0.000003 0 92.46844 6.380069 90.101943 16.227317 0.321192 -1.240853 -14.628896 1.096173 0.463791 9.86204 2.002928 -2.054041 94.129938 -67.848199 126.984654 76.674317 -47.588582 23.570199 28.546972 86.923169 27.203566 5.583606 -0.006889 16.003736 3.052272 -2.255626 -0.481575 5.567135 -15.315433 -24.893183 36.864245 -4.362692 -13.481496 118.64401 -21.245055 -37.870052 46.112082 -22.566826 -2.115147 -0.034264 0.000003 0 40.831127 -2.164157 8.600267 107.245462 8.76319 11.805968 66.89811 2.312916 6.521403 0 0.000003 0 21.17423 -0.333803 -20.403095 116.752207 -23.963634 -45.442802 41.989261 -28.216185 -16.579 0 0.000003 0 15.240966 -2.117786 -2.977671 114.597556 -10.408222 -25.604484 35.860997 -14.379001 -14.708266 -0.019782 0.000003 0 25.57308 44.865063 59.697001 9.320057 -12.803645 17.377224 38.065525 -22.950423 -45.026533 -6.07677 7.97907 9.192813 0 0.000003 0 0 0.000003 0.000008 0 0.000009 -26.131689 0 0.000009 -52.263385 0 0.000009 -78.395081 -0.004662 0.029967 -16.867514 -0.002671 0.022624 -12.650634 -0.001226 0.015152 -8.433755 -0.000334 0.007598 -4.216876 0 -0.013986 0 -96.697242 -62.108549 119.255103 32.722907 -63.952457 -10.297606 99.046021 0.405326 0.472987 1.375525 -5.412055 91.649821 -3.199697 4.654319 0.286218 -2.31197 -14.287039 -22.877688 42.540242 -9.636001 -19.384719 117.865286 -27.02707 -55.383333 40.235292 -33.046242 -11.084099 0 0.000003 0 40.779883 -4.64456 -13.492958 107.594157 -14.627934 -24.104578 64.261705 -23.854542 -14.24544 0 0.000003 0 21.206207 -1.872248 -3.728535 117.945035 -11.372454 -23.122806 46.037517 -16.445809 -12.746615 0 0.000003 0 15.180937 -3.327003 13.117581 119.657227 1.285765 -4.994972 37.329169 -5.271059 -5.17289 0 0.000003 0 25.57308 44.865063 59.697001 7.262558 4.440042 14.949522 -49.340733 25.590228 -16.883601 -6.07677 7.97907 9.192813 0 0.000003 0 0 0.000003 0.000008 0 0.000003 -5.942151 0.000001 0.000003 -11.884311 0 0.000003 -17.826471 -0.00024 -0.007825 4.337322 -0.000124 -0.005865 3.252992 -0.000046 -0.003911 2.168662 -0.000004 -0.001951 1.084332 0 0.000003 0 31.987883 1.312396 0.623518 -0.013988 -0.000127 -0.087045 0 0.000003 0 -24.198899 2.764651 -0.8693 -89.999999 -90 0 0 0.000003 0 0 0.000003 0 90.000009 -63.648278 -90.000009 -5.682401 0.000003 0 -28.319916 0.000003 0 -16.252152 0.000003 0 0 0.000003 0 89.999996 -84.450021 179.999995 0 0.000003 0 -90.000003 -84.450021 0 0 0.000003 0 0 0.000003 0
0 0 0 179.999991 0.000003 179.999991 0.152776 -0.04944700000000002 -11.398382 186.50352 -1.821554 -189.897021 -79.025849 -25.622175 -98.957598 61.288244 -3.300441 -14.326597 0 0.000003 0 -15.871119 4.967422 6.978263 75.504886 -7.992029 9.334273 -0.15412 1.329519 -0.522786 4.288109 10.140409 -0.502361 0 0.000003 0 0 0.000003 0 0 0.000003 0 0 0.000003 0 -0.000518 -0.033069 1.795555 -0.000291 -0.024798 1.346666 -0.00013 -0.016533 0.897777 0.013955 -0.008453 1.045484 0 0.000003 0 96.959699 -5.128363 78.25416 31.000193 -2.900362 -9.163033 0 0.000003 0 -9.223584 0.019701 10.710938 75.690319 -9.031782 11.401314 -0.421239 2.455134 -0.80889 2.876893 11.113096 -2.11994 0 0.000003 0 0 0.000003 0 0 0.000003 0 0 0.000003 0 -0.003809 -0.089582 4.868868 -0.002143 -0.06722 3.65165 -0.000952 -0.044831 2.434433 -0.000238 -0.022421 1.217216 0 0.000003 0 92.50688 6.486217 90.341929 16.202491 0.159925 -0.62471 -14.725861 0.958995 1.169363 9.673352 1.819715 -1.480677 97.267952 -68.711916 123.609311 79.496613 -45.453219 19.340592 18.280586 85.327978 16.959519 5.583454 -0.04175 16.360349 2.840695 -2.814466 -0.552464 5.567135 -15.315433 -24.893183 36.864525 -4.362193 -13.481074 118.643081 -21.244345 -37.960197 46.080015 -22.632212 -2.140614 -0.034264 0.000003 0 40.831154 -2.163562 8.600636 107.246172 8.764057 11.780246 66.897789 2.288628 6.504184 0 0.000003 0 21.174227 -0.333454 -20.402982 116.75233 -23.962821 -45.605767 41.925904 -28.339429 -16.625965 0 0.000003 0 15.24098 -2.11752 -2.977632 114.597228 -10.407573 -25.853386 35.819059 -14.542959 -14.613067 -0.019782 0.000003 0 25.57308 44.865063 59.697001 9.320077 -12.803686 17.377222 38.065532 -22.950417 -44.801717 -6.07677 7.97907 9.192813 0 0.000003 0 0 0.000003 0.000008 0 0.000009 -26.03614 0 0.000009 -52.072286 0 0.000009 -78.108431 -0.003697 0.026668 -14.962004 -0.00212 0.020111 -11.221503 -0.000976 0.013458 -7.481 -0.000269 0.006744 -3.740499 0 -0.013986 0 -95.452495 -60.47258 118.151249 27.00277 -63.56454 -1.207052 98.742952 0.405675 0.470805 1.42726 -5.398675 91.100626 -3.456653 4.343129 0.26404 -2.31197 -14.287039 -22.877688 42.540259 -9.636001 -19.384715 117.865477 -27.027029 -55.383429 40.234616 -33.045925 -11.083763 0 0.000003 0 40.779897 -4.644547 -13.492901 107.594129 -14.627899 -24.104489 64.261951 -23.854549 -14.24544 0 0.000003 0 21.206262 -1.872248 -3.997089 117.982246 -11.607603 -23.488139 45.997759 -16.632915 -12.84283 0 0.000003 0 15.180946 -3.327003 13.309596 119.649523 1.451971 -4.722639 37.329934 -5.154284 -5.12352 0 0.000003 0 25.57308 44.865063 59.697001 7.262588 4.440035 14.949536 -49.340761 25.590215 -16.883625 -6.07677 7.97907 9.192813 0 0.000003 0 0 0.000003 0.000008 0 0.000003 -6.087997 0.000001 0.000003 -12.176002 0 0.000003 -18.264006 -0.000019 -0.002846 1.576924 -0.000007 -0.002129 1.182693 0.000001 -0.001418 0.788463 0.000003 -0.000708 0.394232 0 0.000003 0 32.5107 0.638079 0.58407 -0.013987 -0.000196 -0.393512 0 0.000003 0 -23.984479 2.702039 -1.251384 -89.999999 -90 0 0 0.000003 0 0 0.000003 0 90.000009 -63.648278 -90.000009 -5.682401 0.000003 0 -28.319916 0.000003 0 -16.252152 0.000003 0 0 0.000003 0 89.999996 -84.450021 179.999995 0 0.000003 0 -90.000003 -84.450021 0 0 0.000003 0 0 0.000003 0
0 0 0 179.999991 0.000003 179.999991 0.15081 -0.046626999999999974 -11.471228 186.526182 -1.173458 -189.256527 -78.76249 -27.118102 -101.01914 43.795357 -2.628985 -13.415043 0 0.000003 0 -9.770282 6.565747 7.628186 75.504886 -7.992029 9.334273 -0.15412 1.329519 -0.522786 5.303127 10.253373 -0.587615 0 0.000003 0 0 0.000003 0 0 0.000003 0 0 0.000003 0 -0.001495 -0.056169 3.050662 -0.000841 -0.042133 2.287996 -0.000374 -0.02809 1.525331 0.013892 -0.014307 1.359259 0 0.000003 0 96.784846 -11.579668 77.648486 26.580289 -2.535336 -8.953278 0 0.000003 0 -6.749007 0.293673 12.174682 75.690319 -9.031782 11.401314 -0.421239 2.455134 -0.80889 0.087426 10.792999 -1.655273 0 0.000003 0 0 0.000003 0 0 0.000003 0 0 0.000003 0 -0.003972 -0.091481 4.972332 -0.002235 -0.068648 3.729247 -0.000993 -0.04578 2.486164 -0.000248 -0.022892 1.243082 0 0.000003 0 92.94589 6.913097 90.245589 16.032595 0.076159 -0.016873 -14.892565 0.883201 1.703947 9.498587 1.674649 -0.817544 99.689432 -69.13165 120.869121 80.779042 -43.327098 16.797662 13.448125 83.722556 12.148612 5.583604 0.007796 15.853485 2.689714 -3.814303 -0.713633 5.567135 -15.315433 -24.893183 36.797245 -4.484392 -13.765649 118.753402 -21.607841 -38.323222 46.031893 -22.731393 -2.179203 -0.034264 0.000003 0 40.831089 -2.303294 8.312526 107.228851 8.360673 11.265577 66.888343 1.92809 6.248308 0 0.000003 0 21.178272 -0.419959 -20.602982 116.834197 -24.295506 -45.823988 41.91402 -28.362734 -16.253774 0 0.000003 0 15.239332 -2.185631 -3.116229 114.627144 -10.700691 -26.047975 35.80835 -14.579815 -14.352891 -0.019782 0.000003 0 25.57308 44.865063 59.697001 9.320059 -12.803658 17.37722 38.065559 -22.950423 -44.754132 -6.07677 7.97907 9.192813 0 0.000003 0 0 0.000003 0.000008 0 0.000009 -26.171946 0 0.000003 -52.343899 0 0.000009 -78.515859 -0.003218 0.024871 -13.928224 -0.001848 0.018738 -10.446168 -0.000852 0.012536 -6.964111 -0.000236 0.006279 -3.482055 0 -0.013986 0 -94.502361 -59.324067 117.090179 21.788927 -63.22712 7.209505 99.007465 0.405354 0.472676 1.568215 -5.359538 89.597151 -3.593689 3.788804 0.234222 -2.31197 -14.287039 -22.877688 42.540228 -9.635994 -19.384697 117.865969 -27.026885 -55.383654 40.23519 -33.046307 -11.084065 0 0.000003 0 40.77987 -4.64456 -13.493003 107.594075 -14.628036 -24.387061 64.197494 -24.109903 -14.404686 0 0.000003 0 21.206226 -1.872248 -3.997124 117.982465 -11.607617 -23.376753 46.017074 -16.544027 -12.797201 0 0.000003 0 15.18093 -3.326996 13.309517 119.649823 1.45193 -4.440224 37.33252 -4.968161 -5.045024 0 0.000003 0 25.57308 44.865063 59.697001 7.262535 4.440035 14.949505 -49.34072 25.590215 -16.883598 -6.07677 7.97907 9.192813 0 0.000003 0 0 0.000003 0.000008 0 0.000003 -6.487294 0.000001 0.000003 -12.974597 0 0.000003 -19.4619 -0.000032 0.001935 -1.069568 -0.000021 0.001451 -0.802175 -0.000011 0.000959 -0.534783 -0.000005 0.000481 -0.267391 0 0.000003 0 32.805214 -0.339847 0.628174 -0.013985 -0.000319 -0.871951 0 0.000003 0 -24.130157 2.70012 -1.89849 -89.999999 -90 0 0 0.000003 0 0 0.000003 0 90.000009 -63.648278 -90.000009 -5.682401 0.000003 0 -28.319916 0.000003 0 -16.252152 0.000003 0 0 0.000003 0 89.999996 -84.450021 179.999995 0 0.000003 0 -90.000003 -84.450021 0 0 0.000003 0 0 0.000003 0
0 0 0 179.999991 0.000003 179.999991 0.147564 -0.048873000000000055 -11.503171 187.01424 -0.892853 -188.830514 -78.509186 -27.204655 -101.956133 33.12596 -2.094817 -12.974257 0 0.000003 0 -4.01703 5.187695 6.503542 75.504886 -7.992029 9.334273 -0.15412 1.329519 -0.522786 6.184071 10.423056 -0.709379 0 0.000003 0 0 0.000003 0 0 0.000003 0 0 0.000003 0 -0.002134 -0.067084 3.644164 -0.001201 -0.050322 2.733122 -0.000534 -0.033561 1.822081 0.013852 -0.017073 1.507634 0 0.000003 0 97.229628 -14.286691 76.886907 25.125059 -2.411683 -8.890453 0 0.000003 0 -4.961299 0.312887 13.124736 75.690319 -9.031782 11.401314 -0.421239 2.455134 -0.80889 -1.683331 10.643425 -1.509718 0 0.000003 0 0 0.000003 0 0 0.000003 0 0 0.000003 0 -0.004577 -0.098181 5.337914 -0.002575 -0.073688 4.003434 -0.001145 -0.049148 2.668955 -0.000286 -0.024579 1.334477 0 0.000003 0 93.457246 7.255952 90.229763 16.015798 0.063277 0.132154 -14.947323 0.931599 1.851583 9.490941 1.647376 -0.880206 101.50812 -69.23588 119.170644 81.160351 -42.411419 15.408203 11.923255 82.948395 10.634062 5.579376 0.217783 13.705028 2.949033 -3.810246 -0.740267 5.567135 -15.315433 -24.893183 36.864546 -4.362152 -13.481106 118.643408 -21.244311 -37.868495 46.112052 -22.566 -2.114763 -0.034264 0.000003 0 40.831144 -2.163528 8.600666 107.245763 8.764091 11.807239 66.898301 2.313715 6.521994 0 0.000003 0 21.174239 -0.333434 -20.402984 116.751921 -23.962897 -45.441433 41.989671 -28.215591 -16.578823 0 0.000003 0 15.24098 -2.117506 -2.977626 114.59746 -10.407464 -25.603213 35.860641 -14.378379 -14.550912 -0.019782 0.000003 0 25.57308 44.865063 59.697001 9.320101 -12.803734 17.377169 38.409115 -22.787503 -44.935579 -6.07677 7.97907 9.192813 0 0.000003 0 0 0.000003 0.000008 0.000001 0.000009 -26.747598 0 0.000009 -53.495203 0.000003 0.000009 -80.242811 -0.002968 0.02386 -13.359823 -0.001705 0.01798 -10.019865 -0.000788 0.012024 -6.67991 -0.000219 0.00602 -3.339954 0 -0.013986 0 -93.819041 -58.980914 116.440792 18.595928 -64.3713 11.983213 99.691706 0.404589 0.477505 1.774633 -5.294945 87.374109 -4.123872 2.310594 0.156367 -2.31197 -14.287039 -22.877688 42.540283 -9.635926 -19.384618 117.864904 -27.027022 -55.382951 40.235166 -33.046024 -11.08398 0 0.000003 0 40.779877 -4.644492 -13.492943 107.593938 -14.62794 -24.104537 64.262511 -23.854713 -14.245734 0 0.000003 0 21.206224 -1.872193 -3.997143 117.982219 -11.60759 -23.488201 45.998606 -16.633127 -12.843131 0 0.000003 0 15.180922 -3.326948 13.309523 119.650124 1.452026 -4.722762 37.329921 -5.154413 -5.123593 0 0.000003 0 25.57308 44.865063 59.697001 7.262479 4.440056 14.94946 -49.340733 25.590215 -16.763803 -6.07677 7.97907 9.192813 0 0.000003 0 0 0.000003 0.000008 0 0.000003 -7.077795 0.000001 0.000003 -14.155598 0 0.000003 -21.233402 -0.000115 0.004176 -2.314863 -0.00007 0.003138 -1.736146 -0.000036 0.002093 -1.15743 -0.000013 0.001048 -0.578714 0 0.000003 0 32.780045 -1.042967 0.416626 -0.013985 -0.000305 -0.839136 0 0.000003 0 -24.928107 2.334418 -1.741587 -89.999999 -90 0 0 0.000003 0 0 0.000003 0 90.000009 -63.648278 -90.000009 -5.682401 0.000003 0 -28.319916 0.000003 0 -16.252152 0.000003 0 0 0.000003 0 89.999996 -84.450021 179.999995 0 0.000003 0 -90.000003 -84.450021 0 0 0.000003 0 0 0.000003 0
