HIERARCHY
ROOT body_world
{
OFFSET 0.000000 0.000000 0.000000
CHANNELS 6 Xposition Yposition Zposition Zrotation Yrotation Xrotation
JOINT root
{
OFFSET 0.000000 0.923987 0.000000
CHANNELS 6 Xposition Yposition Zposition Zrotation Yrotation Xrotation
JOINT l_upleg
{
OFFSET 0.082046 -0.018406 0.005326
CHANNELS 3 Zrotation Yrotation Xrotation
JOINT l_lowleg
{
OFFSET 0.419694 -0.007731 0.000000
CHANNELS 3 Zrotation Yrotation Xrotation
JOINT l_foot
{
OFFSET 0.420583 0.000000 0.000000
CHANNELS 3 Zrotation Yrotation Xrotation
JOINT l_talocrural
{
OFFSET 0.000001 0.000000 -0.000000
CHANNELS 3 Zrotation Yrotation Xrotation
JOINT l_subtalar
{
OFFSET 0.033966 -0.008989 0.004672
CHANNELS 3 Zrotation Yrotation Xrotation
JOINT l_transversetarsal
{
OFFSET -0.061096 -0.000000 -0.000000
CHANNELS 3 Zrotation Yrotation Xrotation
JOINT l_ball
{
OFFSET -0.065614 -0.041564 0.004394
CHANNELS 3 Zrotation Yrotation Xrotation
}
}
}
}
}
JOINT l_lowleg_twist1_proc
{
OFFSET 0.084117 0.000000 0.000000
CHANNELS 3 Zrotation Yrotation Xrotation
}
JOINT l_lowleg_twist2_proc
{
OFFSET 0.168233 0.000000 0.000000
CHANNELS 3 Zrotation Yrotation Xrotation
}
JOINT l_lowleg_twist3_proc
{
OFFSET 0.252350 0.000000 -0.000000
CHANNELS 3 Zrotation Yrotation Xrotation
}
JOINT l_lowleg_twist4_proc
{
OFFSET 0.336466 0.000000 0.000000
CHANNELS 3 Zrotation Yrotation Xrotation
}
}
JOINT l_upleg_twist0_proc
{
OFFSET 0.000000 0.000000 0.000000
CHANNELS 3 Zrotation Yrotation Xrotation
}
JOINT l_upleg_twist1_proc
{
OFFSET 0.104923 -0.001933 0.000000
CHANNELS 3 Zrotation Yrotation Xrotation
}
JOINT l_upleg_twist2_proc
{
OFFSET 0.209847 -0.003866 0.000000
CHANNELS 3 Zrotation Yrotation Xrotation
}
JOINT l_upleg_twist3_proc
{
OFFSET 0.314770 -0.005798 0.000000
CHANNELS 3 Zrotation Yrotation Xrotation
}
JOINT l_upleg_twist4_proc
{
OFFSET 0.419694 -0.007731 0.000000
CHANNELS 3 Zrotation Yrotation Xrotation
}
}
JOINT r_upleg
{
OFFSET -0.082046 -0.018406 0.005326
CHANNELS 3 Zrotation Yrotation Xrotation
JOINT r_lowleg
{
OFFSET -0.419694 0.007731 -0.000000
CHANNELS 3 Zrotation Yrotation Xrotation
JOINT r_foot
{
OFFSET -0.420583 0.000000 -0.000000
CHANNELS 3 Zrotation Yrotation Xrotation
JOINT r_talocrural
{
OFFSET -0.000000 -0.000000 -0.000000
CHANNELS 3 Zrotation Yrotation Xrotation
JOINT r_subtalar
{
OFFSET -0.033966 0.008989 -0.004672
CHANNELS 3 Zrotation Yrotation Xrotation
JOINT r_transversetarsal
{
OFFSET 0.061096 0.000000 -0.000000
CHANNELS 3 Zrotation Yrotation Xrotation
JOINT r_ball
{
OFFSET 0.065614 0.041564 -0.004394
CHANNELS 3 Zrotation Yrotation Xrotation
}
}
}
}
}
JOINT r_lowleg_twist1_proc
{
OFFSET -0.084117 0.000000 -0.000000
CHANNELS 3 Zrotation Yrotation Xrotation
}
JOINT r_lowleg_twist2_proc
{
OFFSET -0.168233 0.000000 -0.000000
CHANNELS 3 Zrotation Yrotation Xrotation
}
JOINT r_lowleg_twist3_proc
{
OFFSET -0.252350 0.000000 -0.000000
CHANNELS 3 Zrotation Yrotation Xrotation
}
JOINT r_lowleg_twist4_proc
{
OFFSET -0.336466 0.000000 -0.000000
CHANNELS 3 Zrotation Yrotation Xrotation
}
}
JOINT r_upleg_twist0_proc
{
OFFSET 0.000000 0.000000 0.000000
CHANNELS 3 Zrotation Yrotation Xrotation
}
JOINT r_upleg_twist1_proc
{
OFFSET -0.104923 0.001933 -0.000000
CHANNELS 3 Zrotation Yrotation Xrotation
}
JOINT r_upleg_twist2_proc
{
OFFSET -0.209847 0.003866 -0.000000
CHANNELS 3 Zrotation Yrotation Xrotation
}
JOINT r_upleg_twist3_proc
{
OFFSET -0.314770 0.005798 -0.000000
CHANNELS 3 Zrotation Yrotation Xrotation
}
JOINT r_upleg_twist4_proc
{
OFFSET -0.419694 0.007731 -0.000000
CHANNELS 3 Zrotation Yrotation Xrotation
}
}
JOINT c_spine0
{
OFFSET 0.000000 0.020220 -0.032536
CHANNELS 3 Zrotation Yrotation Xrotation
JOINT c_spine1
{
OFFSET 0.109884 0.015431 -0.000000
CHANNELS 3 Zrotation Yrotation Xrotation
JOINT c_spine2
{
OFFSET 0.110315 -0.021572 0.000000
CHANNELS 3 Zrotation Yrotation Xrotation
JOINT c_spine3
{
OFFSET 0.183773 0.017662 0.000000
CHANNELS 3 Zrotation Yrotation Xrotation
JOINT r_clavicle
{
OFFSET 0.053133 0.102892 -0.028218
CHANNELS 3 Zrotation Yrotation Xrotation
JOINT r_uparm
{
OFFSET -0.176505 -0.000000 0.000000
CHANNELS 3 Zrotation Yrotation Xrotation
JOINT r_lowarm
{
OFFSET -0.256801 0.000463 -0.000003
CHANNELS 3 Zrotation Yrotation Xrotation
JOINT r_wrist_twist
{
OFFSET -0.270000 0.000000 0.000000
CHANNELS 3 Zrotation Yrotation Xrotation
JOINT r_wrist
{
OFFSET 0.000000 0.000000 0.000000
CHANNELS 3 Zrotation Yrotation Xrotation
JOINT r_pinky0
{
OFFSET -0.020404 -0.010705 -0.022632
CHANNELS 3 Zrotation Yrotation Xrotation
JOINT r_pinky1
{
OFFSET -0.045651 -0.000001 0.000002
CHANNELS 3 Zrotation Yrotation Xrotation
JOINT r_pinky2
{
OFFSET -0.030723 -0.000003 -0.000003
CHANNELS 3 Zrotation Yrotation Xrotation
JOINT r_pinky3
{
OFFSET -0.020308 0.000004 0.000003
CHANNELS 3 Zrotation Yrotation Xrotation
JOINT r_pinky_null
{
OFFSET -0.020399 -0.000003 -0.000003
CHANNELS 3 Zrotation Yrotation Xrotation
}
}
}
}
}
JOINT r_ring1
{
OFFSET -0.075024 -0.007814 -0.017099
CHANNELS 3 Zrotation Yrotation Xrotation
JOINT r_ring2
{
OFFSET -0.038994 0.000001 0.000001
CHANNELS 3 Zrotation Yrotation Xrotation
JOINT r_ring3
{
OFFSET -0.026577 -0.000003 -0.000001
CHANNELS 3 Zrotation Yrotation Xrotation
JOINT r_ring_null
{
OFFSET -0.022154 0.000002 0.000001
CHANNELS 3 Zrotation Yrotation Xrotation
}
}
}
}
JOINT r_middle1
{
OFFSET -0.081976 -0.003826 0.002093
CHANNELS 3 Zrotation Yrotation Xrotation
JOINT r_middle2
{
OFFSET -0.042926 0.000001 0.000000
CHANNELS 3 Zrotation Yrotation Xrotation
JOINT r_middle3
{
OFFSET -0.027549 0.000001 0.000001
CHANNELS 3 Zrotation Yrotation Xrotation
JOINT r_middle_null
{
OFFSET -0.023488 -0.000000 -0.000000
CHANNELS 3 Zrotation Yrotation Xrotation
}
}
}
}
JOINT r_index1
{
OFFSET -0.082327 -0.008602 0.023917
CHANNELS 3 Zrotation Yrotation Xrotation
JOINT r_index2
{
OFFSET -0.037925 0.000004 0.000001
CHANNELS 3 Zrotation Yrotation Xrotation
JOINT r_index3
{
OFFSET -0.024306 -0.000004 -0.000002
CHANNELS 3 Zrotation Yrotation Xrotation
JOINT r_index_null
{
OFFSET -0.021223 0.000005 0.000002
CHANNELS 3 Zrotation Yrotation Xrotation
}
}
}
}
JOINT r_thumb0
{
OFFSET -0.006401 -0.012841 0.010863
CHANNELS 3 Zrotation Yrotation Xrotation
JOINT r_thumb1
{
OFFSET -0.024852 0.000001 0.000000
CHANNELS 3 Zrotation Yrotation Xrotation
JOINT r_thumb2
{
OFFSET -0.032514 -0.000002 0.000001
CHANNELS 3 Zrotation Yrotation Xrotation
JOINT r_thumb3
{
OFFSET -0.033793 0.000002 -0.000001
CHANNELS 3 Zrotation Yrotation Xrotation
JOINT r_thumb_null
{
OFFSET -0.025461 -0.000001 0.000001
CHANNELS 3 Zrotation Yrotation Xrotation
}
}
}
}
}
}
}
JOINT r_lowarm_twist1_proc
{
OFFSET -0.054000 -0.000000 0.000000
CHANNELS 3 Zrotation Yrotation Xrotation
}
JOINT r_lowarm_twist2_proc
{
OFFSET -0.108000 0.000000 0.000000
CHANNELS 3 Zrotation Yrotation Xrotation
}
JOINT r_lowarm_twist3_proc
{
OFFSET -0.162000 0.000000 0.000000
CHANNELS 3 Zrotation Yrotation Xrotation
}
JOINT r_lowarm_twist4_proc
{
OFFSET -0.216000 0.000000 -0.000000
CHANNELS 3 Zrotation Yrotation Xrotation
}
}
JOINT r_uparm_twist0_proc
{
OFFSET 0.000000 0.000000 0.000000
CHANNELS 3 Zrotation Yrotation Xrotation
}
JOINT r_uparm_twist1_proc
{
OFFSET -0.064200 0.000116 -0.000001
CHANNELS 3 Zrotation Yrotation Xrotation
}
JOINT r_uparm_twist2_proc
{
OFFSET -0.128400 0.000232 -0.000002
CHANNELS 3 Zrotation Yrotation Xrotation
}
JOINT r_uparm_twist3_proc
{
OFFSET -0.192601 0.000348 -0.000002
CHANNELS 3 Zrotation Yrotation Xrotation
}
JOINT r_uparm_twist4_proc
{
OFFSET -0.256801 0.000463 -0.000003
CHANNELS 3 Zrotation Yrotation Xrotation
}
}
}
JOINT l_clavicle
{
OFFSET 0.053133 0.102892 0.028218
CHANNELS 3 Zrotation Yrotation Xrotation
JOINT l_uparm
{
OFFSET 0.176505 -0.000000 -0.000000
CHANNELS 3 Zrotation Yrotation Xrotation
JOINT l_lowarm
{
OFFSET 0.256801 -0.000463 0.000003
CHANNELS 3 Zrotation Yrotation Xrotation
JOINT l_wrist_twist
{
OFFSET 0.270000 -0.000000 -0.000000
CHANNELS 3 Zrotation Yrotation Xrotation
JOINT l_wrist
{
OFFSET 0.000000 0.000000 0.000000
CHANNELS 3 Zrotation Yrotation Xrotation
JOINT l_pinky0
{
OFFSET 0.020404 0.010705 0.022632
CHANNELS 3 Zrotation Yrotation Xrotation
JOINT l_pinky1
{
OFFSET 0.045651 0.000001 -0.000002
CHANNELS 3 Zrotation Yrotation Xrotation
JOINT l_pinky2
{
OFFSET 0.030720 0.000000 -0.000000
CHANNELS 3 Zrotation Yrotation Xrotation
JOINT l_pinky3
{
OFFSET 0.020311 0.000000 0.000000
CHANNELS 3 Zrotation Yrotation Xrotation
JOINT l_pinky_null
{
OFFSET 0.020397 0.000000 -0.000000
CHANNELS 3 Zrotation Yrotation Xrotation
}
}
}
}
}
JOINT l_ring1
{
OFFSET 0.075024 0.007814 0.017098
CHANNELS 3 Zrotation Yrotation Xrotation
JOINT l_ring2
{
OFFSET 0.038996 -0.000000 -0.000000
CHANNELS 3 Zrotation Yrotation Xrotation
JOINT l_ring3
{
OFFSET 0.026573 -0.000000 -0.000000
CHANNELS 3 Zrotation Yrotation Xrotation
JOINT l_ring_null
{
OFFSET 0.022156 0.000000 -0.000000
CHANNELS 3 Zrotation Yrotation Xrotation
}
}
}
}
JOINT l_middle1
{
OFFSET 0.081977 0.003828 -0.002093
CHANNELS 3 Zrotation Yrotation Xrotation
JOINT l_middle2
{
OFFSET 0.042927 -0.000000 -0.000000
CHANNELS 3 Zrotation Yrotation Xrotation
JOINT l_middle3
{
OFFSET 0.027550 -0.000000 0.000000
CHANNELS 3 Zrotation Yrotation Xrotation
JOINT l_middle_null
{
OFFSET 0.023488 0.000000 -0.000000
CHANNELS 3 Zrotation Yrotation Xrotation
}
}
}
}
JOINT l_index1
{
OFFSET 0.082327 0.008601 -0.023918
CHANNELS 3 Zrotation Yrotation Xrotation
JOINT l_index2
{
OFFSET 0.037927 -0.000000 -0.000000
CHANNELS 3 Zrotation Yrotation Xrotation
JOINT l_index3
{
OFFSET 0.024304 -0.000000 -0.000000
CHANNELS 3 Zrotation Yrotation Xrotation
JOINT l_index_null
{
OFFSET 0.021226 0.000000 -0.000000
CHANNELS 3 Zrotation Yrotation Xrotation
}
}
}
}
JOINT l_thumb0
{
OFFSET 0.006400 0.012839 -0.010863
CHANNELS 3 Zrotation Yrotation Xrotation
JOINT l_thumb1
{
OFFSET 0.024853 -0.000000 -0.000000
CHANNELS 3 Zrotation Yrotation Xrotation
JOINT l_thumb2
{
OFFSET 0.032513 -0.000000 -0.000000
CHANNELS 3 Zrotation Yrotation Xrotation
JOINT l_thumb3
{
OFFSET 0.033793 0.000000 0.000000
CHANNELS 3 Zrotation Yrotation Xrotation
JOINT l_thumb_null
{
OFFSET 0.025460 0.000000 0.000000
CHANNELS 3 Zrotation Yrotation Xrotation
}
}
}
}
}
}
}
JOINT l_lowarm_twist1_proc
{
OFFSET 0.054000 0.000000 -0.000000
CHANNELS 3 Zrotation Yrotation Xrotation
}
JOINT l_lowarm_twist2_proc
{
OFFSET 0.108000 -0.000000 -0.000000
CHANNELS 3 Zrotation Yrotation Xrotation
}
JOINT l_lowarm_twist3_proc
{
OFFSET 0.162000 0.000000 0.000000
CHANNELS 3 Zrotation Yrotation Xrotation
}
JOINT l_lowarm_twist4_proc
{
OFFSET 0.216000 0.000000 -0.000000
CHANNELS 3 Zrotation Yrotation Xrotation
}
}
JOINT l_uparm_twist0_proc
{
OFFSET 0.000000 0.000000 0.000000
CHANNELS 3 Zrotation Yrotation Xrotation
}
JOINT l_uparm_twist1_proc
{
OFFSET 0.064200 -0.000116 0.000001
CHANNELS 3 Zrotation Yrotation Xrotation
}
JOINT l_uparm_twist2_proc
{
OFFSET 0.128400 -0.000232 0.000002
CHANNELS 3 Zrotation Yrotation Xrotation
}
JOINT l_uparm_twist3_proc
{
OFFSET 0.192601 -0.000348 0.000003
CHANNELS 3 Zrotation Yrotation Xrotation
}
JOINT l_uparm_twist4_proc
{
OFFSET 0.256801 -0.000463 0.000003
CHANNELS 3 Zrotation Yrotation Xrotation
}
}
}
JOINT c_neck
{
OFFSET 0.091767 0.047655 -0.000000
CHANNELS 3 Zrotation Yrotation Xrotation
JOINT c_neck_twist1_proc
{
OFFSET 0.049646 0.000000 -0.000000
CHANNELS 3 Zrotation Yrotation Xrotation
}
JOINT c_neck_twist0_proc
{
OFFSET 0.000000 0.000000 0.000000
CHANNELS 3 Zrotation Yrotation Xrotation
}
JOINT c_head
{
OFFSET 0.099293 0.000000 0.000000
CHANNELS 3 Zrotation Yrotation Xrotation
JOINT c_jaw
{
OFFSET 0.017994 0.018894 0.000000
CHANNELS 3 Zrotation Yrotation Xrotation
JOINT c_teeth
{
OFFSET -0.000000 -0.008973 0.023750
CHANNELS 3 Zrotation Yrotation Xrotation
}
JOINT c_jaw_null
{
OFFSET 0.000000 -0.042971 0.078795
CHANNELS 3 Zrotation Yrotation Xrotation
}
JOINT c_tongue0
{
OFFSET -0.000000 -0.008973 0.000468
CHANNELS 3 Zrotation Yrotation Xrotation
JOINT c_tongue1
{
OFFSET 0.010978 -0.000000 0.000000
CHANNELS 3 Zrotation Yrotation Xrotation
JOINT c_tongue2
{
OFFSET 0.021681 -0.000000 0.000000
CHANNELS 3 Zrotation Yrotation Xrotation
JOINT c_tongue3
{
OFFSET 0.018401 0.000000 0.000000
CHANNELS 3 Zrotation Yrotation Xrotation
JOINT c_tongue4
{
OFFSET 0.010789 0.000000 0.000000
CHANNELS 3 Zrotation Yrotation Xrotation
}
}
}
}
}
}
JOINT r_eye
{
OFFSET 0.088331 0.069878 -0.032078
CHANNELS 3 Zrotation Yrotation Xrotation
JOINT r_eye_null
{
OFFSET 0.000001 0.000000 0.016965
CHANNELS 3 Zrotation Yrotation Xrotation
}
}
JOINT l_eye
{
OFFSET 0.088331 0.069882 0.032080
CHANNELS 3 Zrotation Yrotation Xrotation
JOINT l_eye_null
{
OFFSET 0.000001 0.000000 0.016966
CHANNELS 3 Zrotation Yrotation Xrotation
}
}
JOINT c_head_null
{
OFFSET 0.190763 0.000000 -0.000000
CHANNELS 3 Zrotation Yrotation Xrotation
}
}
}
}
}
}
}
}
}
MOTION
Frames: 150
Frame Time: 0.033333
0 0 0 179.999991 0.000003 179.999991 -0.000385 -0.043543 -0.018136 179.633839 -0.025488 175.3821 -83.347842 7.290704 -101.623366 4.521537 -0.36251 -12.348179 0 0.000003 0 2.076224 7.420668 0.285156 75.504886 -7.992029 9.334273 -0.15412 1.329519 -0.522786 9.740648 10.509157 -0.904358 0 0.000003 0 0 0.000003 0 0 0.000003 0 0 0.000003 0 -0.006634 -0.11816 6.427731 -0.003734 -0.088701 4.820795 -0.00166 -0.059167 3.213862 0.013566 -0.030057 2.203521 0 0.000003 0 81.936411 -4.845375 71.139767 9.137517 -0.967781 -8.415684 0 0.000003 0 1.170833 9.746512 -1.108229 75.690319 -9.031782 11.401314 -0.421239 2.455134 -0.80889 6.57361 11.607171 -2.119121 0 0.000003 0 0 0.000003 0 0 0.000003 0 0 0.000003 0 -0.018983 -0.199275 10.883133 -0.010692 -0.149845 8.162335 -0.004756 -0.10008 5.44155 -0.00119 -0.050097 2.720773 0 0.000003 0 89.735141 7.755068 90.270423 15.999829 -0.246677 -0.840342 -14.525365 0.018813 0.952958 10.315853 0.439061 -1.323047 74.256416 -65.926742 149.613399 43.497971 -44.430682 81.663729 1.315314 43.821096 0.56701 5.453933 1.198195 3.579747 -3.198458 3.457806 0.131809 5.567135 -15.315433 -24.893183 6.482058 -0.197151 -3.99159 1.285496 -9.153189 3.241501 11.104639 4.511588 7.178793 -0.034264 0.000003 0 3.938273 -7.56433 14.038351 21.40179 4.1459 0.965002 2.820063 2.048704 3.641377 0 0.000003 0 2.739698 -4.265621 -20.428949 16.625408 -7.152223 -7.158612 -9.293198 3.956478 -4.551605 0 0.000003 0 7.05533 8.448434 -1.604808 7.777819 -1.982699 -8.403454 -6.531052 -0.60828 -8.606582 -0.019782 0.000003 0 25.57308 44.865063 59.697001 13.365546 10.603311 22.106389 -0.472547 -12.780805 -30.031952 -6.07677 7.97907 9.192813 0 0.000003 0 0 0.000003 0.000008 0.000002 0.000009 -29.460061 -0.000003 0.000009 -58.920135 -0.000003 0.000016 -88.380203 -0.052196 0.089089 -59.914829 -0.030722 0.072805 -44.936105 -0.014181 0.051523 -29.957394 -0.003705 0.026702 -14.978694 0 -0.013986 0 -96.61237 -62.812131 117.08843 35.390601 -60.00756 13.507996 32.234849 0.218534 0.063149 2.179466 -5.141928 82.925361 -0.695276 2.264661 0.192297 -2.31197 -14.287039 -22.877688 25.165127 -7.994993 -6.318009 19.416291 -9.340534 -6.921108 7.336639 -1.104077 0.384134 0 0.000003 0 28.109486 -7.562199 -10.090669 41.374831 -7.866183 -6.530863 17.266971 -4.548774 -0.677997 0 0.000003 0 26.619624 -5.164297 -4.665633 30.42086 -6.236479 -2.737269 3.658825 -2.103682 -4.333294 0 0.000003 0 8.663161 2.32976 13.536795 35.723389 1.156736 -2.915449 8.118124 -1.994146 -2.363266 0 0.000003 0 25.57308 44.865063 59.697001 14.63924 -11.879896 23.373037 -37.367623 12.14246 -10.5433 -6.07677 7.97907 9.192813 0 0.000003 0 0 0.000003 0.000008 0 -0.000004 -8.259913 0 0.000003 -16.519832 0.000002 0.000003 -24.779754 -0.001603 0.017406 -9.697342 -0.000926 0.013082 -7.273007 -0.000433 0.008745 -4.848671 -0.000124 0.004367 -2.424334 0 0.000003 0 21.984157 3.67308 0.858871 -0.013984 0.000358 1.885663 0 0.000003 0 -26.699254 2.462053 1.863162 -89.999999 -90 0 0 0.000003 0 0 0.000003 0 90.000009 -63.648278 -90.000009 -5.682401 0.000003 0 -28.319916 0.000003 0 -16.252152 0.000003 0 0 0.000003 0 89.999996 -84.450021 179.999995 0 0.000003 0 -90.000003 -84.450021 0 0 0.000003 0 0 0.000003 0
0 0 0 179.999991 0.000003 179.999991 -0.000338 -0.04332899999999995 -0.018247 179.639521 -0.067644 175.393602 -83.37155 7.44622 -101.599139 4.162822 -0.339267 -12.345999 0 0.000003 0 2.253025 7.361341 0.295207 75.504886 -7.992029 9.334273 -0.15412 1.329519 -0.522786 9.740639 10.509171 -0.904357 0 0.000003 0 0 0.000003 0 0 0.000003 0 0 0.000003 0 -0.006604 -0.117887 6.412881 -0.003716 -0.088489 4.809658 -0.001652 -0.059031 3.206437 0.013567 -0.029996 2.199808 0 0.000003 0 82.006386 -5.072998 71.192216 8.662338 -0.923132 -8.407843 0 0.000003 0 1.38414 9.700415 -1.213019 75.690319 -9.031782 11.401314 -0.421239 2.455134 -0.80889 6.57361 11.607158 -2.119134 0 0.000003 0 0 0.000003 0 0 0.000003 0 0 0.000003 0 -0.018872 -0.198695 10.851044 -0.010629 -0.149415 8.138268 -0.004728 -0.099793 5.425505 -0.001183 -0.049947 2.712751 0 0.000003 0 89.697753 7.75491 90.187478 16.004506 -0.243036 -0.763074 -14.525651 0.018246 0.950767 10.299493 0.455433 -1.356173 74.256444 -65.926742 149.613371 43.469643 -44.456022 81.504852 1.315118 43.815919 0.566878 5.456769 1.18517 3.716167 -3.091689 3.490038 0.13782 5.567135 -15.315433 -24.893183 6.482031 -0.197144 -3.991604 1.285496 -9.153189 3.241501 11.104638 4.511595 7.178793 -0.034264 0.000003 0 3.93826 -7.56433 14.038351 21.401786 4.1459 0.965006 2.820073 2.048704 3.641369 0 0.000003 0 2.739684 -4.265621 -20.428949 16.625418 -7.152223 -7.158611 -9.293198 3.956478 -4.551607 0 0.000003 0 7.055302 8.448441 -1.604821 7.777822 -1.982699 -8.403458 -6.531059 -0.608287 -8.606583 -0.019782 0.000003 0 25.57308 44.865063 59.697001 13.365546 10.603304 22.106389 -0.472547 -12.780805 -30.031952 -6.07677 7.97907 9.192813 0 0.000003 0 0 0.000003 0.000008 0.000002 0.000009 -29.423526 0 0.000009 -58.847059 -0.000007 0.000016 -88.270592 -0.051944 0.088945 -59.751219 -0.030565 0.072655 -44.8134 -0.014109 0.0514 -29.875589 -0.003684 0.026627 -14.937791 0 -0.013986 0 -96.612391 -62.812116 117.088458 35.317884 -60.019175 13.59058 32.207299 0.218343 0.063055 2.179889 -5.14175 82.920621 -0.715002 2.32754 0.196518 -2.31197 -14.287039 -22.877688 25.165088 -7.994987 -6.317966 19.416291 -9.340534 -6.921108 7.336643 -1.104077 0.384135 0 0.000003 0 28.109457 -7.562205 -10.090626 41.374841 -7.86619 -6.530861 17.266971 -4.548774 -0.677998 0 0.000003 0 26.619597 -5.164304 -4.665589 30.420857 -6.236472 -2.737261 3.658828 -2.103682 -4.333295 0 0.000003 0 8.663134 2.329766 13.536842 35.723399 1.156743 -2.915454 8.118119 -1.994146 -2.363266 0 0.000003 0 25.57308 44.865063 59.697001 14.639232 -11.879903 23.37309 -37.367613 12.14246 -10.543301 -6.07677 7.97907 9.192813 0 0.000003 0 0 0.000003 0.000008 0 0.000003 -8.261171 0 0.000003 -16.522351 0.000002 0.000003 -24.783531 -0.001609 0.01744 -9.718289 -0.00093 0.01311 -7.288717 -0.000435 0.008752 -4.859144 -0.000125 0.004387 -2.429571 0 0.000003 0 21.984152 3.673067 0.858879 -0.013984 0.000358 1.885653 0 0.000003 0 -26.699261 2.46204 1.863152 -89.999999 -90 0 0 0.000003 0 0 0.000003 0 90.000009 -63.648278 -90.000009 -5.682401 0.000003 0 -28.319916 0.000003 0 -16.252152 0.000003 0 0 0.000003 0 89.999996 -84.450021 179.999995 0 0.000003 0 -90.000003 -84.450021 0 0 0.000003 0 0 0.000003 0
0 0 0 179.999991 0.000003 179.999991 -0.000248 -0.04315800000000003 -0.018177 179.626653 -0.106917 175.392236 -83.400039 7.570229 -101.591715 3.89404 -0.321836 -12.344448 0 0.000003 0 2.39157 7.319452 0.32217 75.504886 -7.992029 9.334273 -0.15412 1.329519 -0.522786 9.740671 10.509177 -0.904362 0 0.000003 0 0 0.000003 0 0 0.000003 0 0 0.000003 0 -0.006598 -0.117832 6.410045 -0.003713 -0.088448 4.80753 -0.001651 -0.059003 3.205019 0.013568 -0.029975 2.199099 0 0.000003 0 82.033871 -5.221015 71.223307 8.366239 -0.895278 -8.403132 0 0.000003 0 1.519108 9.670867 -1.287636 75.690319 -9.031782 11.401314 -0.421239 2.455134 -0.80889 6.57361 11.607165 -2.119134 0 0.000003 0 0 0.000003 0 0 0.000003 0 0 0.000003 0 -0.018807 -0.19836 10.832383 -0.010593 -0.149155 8.124273 -0.004712 -0.099623 5.416175 -0.001179 -0.049865 2.708085 0 0.000003 0 89.673171 7.751058 90.188809 15.994691 -0.239307 -0.76114 -14.518568 0.012543 0.947116 10.299874 0.467959 -1.391879 74.256457 -65.926776 149.613344 43.394589 -44.478237 81.416613 1.31744 43.862637 0.568483 5.451171 1.210735 3.448376 -2.982298 3.522003 0.144297 5.567135 -15.315433 -24.893183 6.371462 -0.264592 -3.989362 1.229292 -9.160756 3.251437 11.130936 4.445172 7.192376 -0.034264 0.000003 0 3.899048 -7.624702 14.048099 21.425854 4.013415 0.973206 2.831868 2.032482 3.645467 0 0.000003 0 2.721897 -4.318337 -20.430527 16.580223 -7.258808 -7.149323 -9.269068 4.013087 -4.549903 0 0.000003 0 7.119327 8.367763 -1.595712 7.765286 -2.031521 -8.402168 -6.534618 -0.567648 -8.606408 -0.019782 0.000003 0 25.57308 44.865063 59.697001 13.365514 10.603277 22.288623 -0.431149 -12.782239 -29.98047 -6.07677 7.97907 9.192813 0 0.000003 0 0 0.000003 0.000008 0.000002 0.000009 -29.495243 0 0.000009 -58.9905 -0.000003 0.000016 -88.485756 -0.051783 0.08885 -59.648028 -0.030468 0.07256 -44.736004 -0.014058 0.051318 -29.823994 -0.003671 0.026579 -14.911993 0 -0.013986 0 -96.612377 -62.812131 117.088444 35.139452 -60.040806 13.735164 32.240627 0.218555 0.063169 2.177007 -5.142966 82.952716 -0.73888 2.379033 0.199947 -2.31197 -14.287039 -22.877688 25.165099 -7.994993 -6.317988 19.416278 -9.340534 -6.921106 7.336652 -1.104077 0.384136 0 0.000003 0 28.109466 -7.562219 -10.090648 41.374827 -7.866183 -6.530858 17.266973 -4.548781 -0.677999 0 0.000003 0 26.6196 -5.16431 -4.66561 30.42085 -6.236479 -2.737266 3.658825 -2.103682 -4.333293 0 0.000003 0 8.66314 2.329746 13.536819 35.723392 1.156736 -2.915444 8.118114 -1.994153 -2.363265 0 0.000003 0 25.57308 44.865063 59.697001 14.639238 -11.879909 23.373066 -37.367617 12.142446 -10.5433 -6.07677 7.97907 9.192813 0 0.000003 0 0 0.000003 0.000008 0 0.000003 -8.252642 0 0.000003 -16.505292 0.000002 0.000003 -24.757942 -0.001615 0.017474 -9.7373 -0.000934 0.013137 -7.302975 -0.000437 0.008779 -4.868649 -0.000125 0.004387 -2.434324 0 0.000003 0 21.984159 3.673067 0.858878 -0.013984 0.000358 1.885653 0 0.000003 0 -26.699285 2.462047 1.863143 -89.999999 -90 0 0 0.000003 0 0 0.000003 0 90.000009 -63.648278 -90.000009 -5.682401 0.000003 0 -28.319916 0.000003 0 -16.252152 0.000003 0 0 0.000003 0 89.999996 -84.450021 179.999995 0 0.000003 0 -90.000003 -84.450021 0 0 0.000003 0 0 0.000003 0
0 0 0 179.999991 0.000003 179.999991 -0.000133 -0.04322999999999999 -0.018169 179.604906 -0.136335 175.382182 -83.410851 7.568822 -101.595014 3.912714 -0.323038 -12.344539 0 0.000003 0 2.388645 7.3262 0.356585 75.504886 -7.992029 9.334273 -0.15412 1.329519 -0.522786 9.740663 10.509177 -0.904349 0 0.000003 0 0 0.000003 0 0 0.000003 0 0 0.000003 0 -0.006602 -0.117873 6.412243 -0.003716 -0.088489 4.809179 -0.001652 -0.059031 3.206118 0.013568 -0.029989 2.199649 0 0.000003 0 81.995636 -5.135562 71.257021 8.583857 -0.915735 -8.406571 0 0.000003 0 1.395059 9.702259 -1.346107 75.690319 -9.031782 11.401314 -0.421239 2.455134 -0.80889 6.57361 11.607165 -2.119134 0 0.000003 0 0 0.000003 0 0 0.000003 0 0 0.000003 0 -0.018704 -0.197813 10.80246 -0.010535 -0.148752 8.101831 -0.004686 -0.099349 5.401213 -0.001172 -0.049728 2.700605 0 0.000003 0 89.643473 7.7514 90.190408 15.99193 -0.23721 -0.761505 -14.506738 0.005494 0.948442 10.301254 0.480848 -1.419958 74.256451 -65.926742 149.613371 43.30107 -44.465697 81.420479 1.320597 43.926117 0.57067 5.451708 1.208311 3.473818 -2.92449 3.525029 0.147316 5.567135 -15.315433 -24.893183 6.371452 -0.264599 -3.989367 1.229289 -9.16075 3.251436 11.130936 4.445172 7.192376 -0.034264 0.000003 0 3.899029 -7.624729 14.048099 21.425856 4.013408 0.973213 2.831867 2.032482 3.645465 0 0.000003 0 2.721881 -4.318357 -20.43053 16.580223 -7.258802 -7.14932 -9.269069 4.013087 -4.549902 0 0.000003 0 6.806263 8.378561 -1.641309 7.777235 -1.986401 -8.394363 -6.531145 -0.608581 -8.591347 -0.019782 0.000003 0 25.57308 44.865063 59.697001 13.365521 10.603263 22.288623 -0.431152 -12.782232 -29.98047 -6.07677 7.97907 9.192813 0 0.000003 0 0 0.000003 0.000008 0.000002 0.000009 -29.488433 0 0.000003 -58.976867 -0.000003 0.000016 -88.465307 -0.051793 0.088856 -59.655542 -0.030475 0.07256 -44.741639 -0.014062 0.051331 -29.82775 -0.003672 0.026579 -14.913872 0 -0.013986 0 -96.61237 -62.812131 117.088458 34.985943 -60.062355 13.864095 32.258259 0.218664 0.063239 2.174715 -5.143943 82.97837 -0.763141 2.434016 0.203553 -2.31197 -14.287039 -22.877688 25.128092 -8.262996 -6.312725 19.413705 -9.353504 -6.82395 7.34239 -1.096004 0.417843 0 0.000003 0 28.203485 -7.818337 -10.103204 41.303851 -7.66461 -6.351881 17.266974 -4.548774 -0.677997 0 0.000003 0 26.713153 -5.420265 -4.674212 30.334625 -6.009874 -2.603672 3.658831 -2.103668 -4.333292 0 0.000003 0 8.760982 2.089262 13.540617 35.729273 1.108153 -2.789203 8.11715 -1.981278 -2.33613 0 0.000003 0 25.57308 44.865063 59.697001 14.639274 -11.879882 23.373061 -37.367617 12.14246 -10.543308 -6.07677 7.97907 9.192813 0 0.000003 0 0 0.000003 0.000008 0 0.000003 -8.245823 0 0.000003 -16.491654 0.000002 0.000003 -24.737484 -0.001622 0.017508 -9.755551 -0.000937 0.013164 -7.316663 -0.000438 0.008786 -4.877774 -0.000125 0.004394 -2.438886 0 0.000003 0 21.984169 3.67308 0.858881 -0.013984 0.000358 1.885656 0 0.000003 0 -26.699273 2.462047 1.863151 -89.999999 -90 0 0 0.000003 0 0 0.000003 0 90.000009 -63.648278 -90.000009 -5.682401 0.000003 0 -28.319916 0.000003 0 -16.252152 0.000003 0 0 0.000003 0 89.999996 -84.450021 179.999995 0 0.000003 0 -90.000003 -84.450021 0 0 0.000003 0 0 0.000003 0
0 0 0 179.999991 0.000003 179.999991 0.000038 -0.04325199999999996 -0.018118 179.586574 -0.178518 175.38516 -83.425133 7.558645 -101.596892 3.907526 -0.322724 -12.344518 0 0.000003 0 2.401483 7.32105 0.399248 75.504886 -7.992029 9.334273 -0.15412 1.329519 -0.522786 9.740644 10.509164 -0.904358 0 0.000003 0 0 0.000003 0 0 0.000003 0 0 0.000003 0 -0.006604 -0.117887 6.412938 -0.003716 -0.088496 4.809701 -0.001652 -0.059031 3.206466 0.013567 -0.029989 2.199823 0 0.000003 0 81.972174 -5.073407 71.255443 8.724403 -0.928951 -8.408836 0 0.000003 0 1.313024 9.717818 -1.385906 75.690319 -9.031782 11.401314 -0.421239 2.455134 -0.80889 6.57361 11.607165 -2.119121 0 0.000003 0 0 0.000003 0 0 0.000003 0 0 0.000003 0 -0.018699 -0.197793 10.801218 -0.010532 -0.148732 8.100899 -0.004685 -0.099336 5.400593 -0.001172 -0.049721 2.700294 0 0.000003 0 89.634936 7.758052 90.285525 15.98254 -0.226309 -0.839527 -14.498637 -0.003467 0.949315 10.306747 0.493771 -1.475033 74.25643 -65.926759 149.613371 43.211663 -44.413398 81.508944 1.322062 43.956607 0.571685 5.450289 1.214704 3.406677 -3.137223 3.425274 0.135055 5.567135 -15.315433 -24.893183 6.627034 -0.253582 -3.907778 1.229289 -9.16075 3.251439 11.130936 4.445172 7.192376 -0.034264 0.000003 0 4.133925 -7.498241 14.062714 21.425856 4.013408 0.97321 2.83187 2.032482 3.645466 0 0.000003 0 2.957813 -4.191609 -20.418611 16.58023 -7.258808 -7.149321 -9.269075 4.01308 -4.549904 0 0.000003 0 7.046179 8.504148 -1.620196 7.777238 -1.986401 -8.394361 -6.531148 -0.608588 -8.591348 -0.019782 0.000003 0 25.57308 44.865063 59.697001 13.362039 10.863685 22.221286 -0.431151 -12.782232 -29.98048 -6.07677 7.97907 9.192813 0 0.000003 0 0 0.000003 0.000008 0.000002 0.000009 -29.50641 0 0.000009 -59.012834 -0.000007 0.000016 -88.519252 -0.051978 0.088966 -59.773902 -0.030587 0.072676 -44.830411 -0.014118 0.051413 -29.88693 -0.003688 0.026633 -14.943462 0 -0.013986 0 -96.61237 -62.812131 117.088444 34.906235 -60.105044 13.881832 32.250289 0.218616 0.063213 2.168288 -5.146641 83.049964 -0.77426 2.472155 0.20608 -2.31197 -14.287039 -22.877688 25.128075 -8.262969 -6.312743 19.413699 -9.353504 -6.82395 7.342398 -1.096004 0.417844 0 0.000003 0 28.203441 -7.818331 -10.103214 41.303844 -7.66461 -6.351881 17.266978 -4.548774 -0.677998 0 0.000003 0 26.713104 -5.420258 -4.674225 30.334632 -6.009874 -2.603669 3.658828 -2.103675 -4.333294 0 0.000003 0 8.76094 2.089262 13.540606 35.729266 1.108153 -2.789207 8.117143 -1.981278 -2.336134 0 0.000003 0 25.57308 44.865063 59.697001 14.63924 -11.879909 23.373082 -37.367617 12.142446 -10.5433 -6.07677 7.97907 9.192813 0 0.000003 0 0 0.000003 0.000008 0 0.000003 -8.226793 0 0.000003 -16.453594 0.000002 0.000003 -24.680397 -0.001613 0.01746 -9.729867 -0.000932 0.01313 -7.297401 -0.000436 0.008766 -4.864933 -0.000125 0.004387 -2.432466 0 0.000003 0 21.984164 3.673073 0.858883 -0.013984 0.000358 1.885653 0 0.000003 0 -26.699264 2.462047 1.863148 -89.999999 -90 0 0 0.000003 0 0 0.000003 0 90.000009 -63.648278 -90.000009 -5.682401 0.000003 0 -28.319916 0.000003 0 -16.252152 0.000003 0 0 0.000003 0 89.999996 -84.450021 179.999995 0 0.000003 0 -90.000003 -84.450021 0 0 0.000003 0 0 0.000003 0
0 0 0 179.999991 0.000003 179.999991 -0.000073 -0.04328799999999999 -0.017983 179.577312 -0.216296 175.391089 -83.429804 7.497706 -101.582835 4.003353 -0.328919 -12.345068 0 0.000003 0 2.359257 7.327108 0.422049 75.504886 -7.992029 9.334273 -0.15412 1.329519 -0.522786 9.740649 10.509164 -0.904348 0 0.000003 0 0 0.000003 0 0 0.000003 0 0 0.000003 0 -0.006577 -0.117648 6.399789 -0.003701 -0.088312 4.799839 -0.001645 -0.058915 3.199891 0.013569 -0.029927 2.196535 0 0.000003 0 81.944033 -5.022741 71.222344 8.821719 -0.938131 -8.410427 0 0.000003 0 1.271183 9.73572 -1.387053 75.690319 -9.031782 11.401314 -0.421239 2.455134 -0.80889 6.57361 11.607158 -2.119134 0 0.000003 0 0 0.000003 0 0 0.000003 0 0 0.000003 0 -0.018783 -0.19823 10.825288 -0.010579 -0.14906 8.118952 -0.004706 -0.099561 5.412628 -0.001177 -0.049831 2.706312 0 0.000003 0 89.618352 7.761877 90.29853 15.974602 -0.223939 -0.839316 -14.49278 -0.011752 0.948951 10.306824 0.508954 -1.522477 74.256444 -65.926776 149.613371 43.135103 -44.349741 81.619859 1.322694 43.9683 0.572121 5.454187 1.197041 3.591908 -3.14462 3.445307 0.134645 5.567135 -15.315433 -24.893183 6.708387 -0.202888 -3.997621 1.256422 -9.15715 3.255511 11.117589 4.47894 7.020305 -0.034264 0.000003 0 4.162199 -7.452717 14.012143 21.411134 4.094933 0.764868 2.831869 2.032482 3.645466 0 0.000003 0 2.761387 -4.314136 -20.676275 16.829704 -7.183738 -7.126613 -9.269088 4.013087 -4.549904 0 0.000003 0 6.99848 8.563195 -1.612857 7.786753 -1.948562 -8.671153 -6.531152 -0.608588 -8.591347 -0.019782 0.000003 0 25.57308 44.865063 59.697001 13.365552 10.603263 22.088401 -0.47664 -12.780606 -30.039411 -6.07677 7.97907 9.192813 0 0.000003 0 0 0.000003 0.000008 0.000002 0.000009 -29.456803 0 0.000009 -58.913619 -0.000003 0.000016 -88.370422 -0.05221 0.089095 -59.923504 -0.030729 0.072819 -44.942614 -0.014186 0.051536 -29.961731 -0.003705 0.026695 -14.980862 0 -0.013986 0 -96.612397 -62.812131 117.088471 34.861432 -60.158408 13.84028 32.194674 0.218275 0.063002 2.160208 -5.150028 83.140013 -0.879363 2.252708 0.191641 -2.31197 -14.287039 -22.877688 25.312616 -8.077236 -6.181592 19.413708 -9.353511 -6.823949 7.342394 -1.095997 0.417843 0 0.000003 0 28.289165 -7.579397 -9.94639 41.303858 -7.66461 -6.351885 17.266974 -4.548774 -0.677996 0 0.000003 0 26.806001 -5.177363 -4.524425 30.334629 -6.009867 -2.603671 3.658835 -2.103682 -4.333291 0 0.000003 0 8.870276 2.366287 13.607726 35.729266 1.108146 -2.789208 8.117147 -1.981285 -2.336132 0 0.000003 0 25.57308 44.865063 59.697001 14.639247 -11.879896 23.441732 -37.379351 12.100721 -10.606321 -6.07677 7.97907 9.192813 0 0.000003 0 0 0.000003 0.000008 0 0.000003 -8.202863 0 0.000003 -16.405734 0.000002 0.000003 -24.608605 -0.001598 0.017372 -9.679454 -0.000923 0.013062 -7.25959 -0.000432 0.008718 -4.839726 -0.000124 0.004367 -2.419862 0 0.000003 0 21.984156 3.673067 0.858877 -0.013984 0.000351 1.849972 0 0.000003 0 -26.414519 2.448543 1.823509 -89.999999 -90 0 0 0.000003 0 0 0.000003 0 90.000009 -63.648278 -90.000009 -5.682401 0.000003 0 -28.319916 0.000003 0 -16.252152 0.000003 0 0 0.000003 0 89.999996 -84.450021 179.999995 0 0.000003 0 -90.000003 -84.450021 0 0 0.000003 0 0 0.000003 0
0 0 0 179.999991 0.000003 179.999991 -0.000178 -0.04336799999999996 -0.018362 179.564539 -0.243972 175.402113 -83.438609 7.456397 -101.578362 4.074391 -0.333536 -12.345474 0 0.000003 0 2.31936 7.335995 0.44375 75.504886 -7.992029 9.334273 -0.15412 1.329519 -0.522786 9.740661 10.509164 -0.904361 0 0.000003 0 0 0.000003 0 0 0.000003 0 0 0.000003 0 -0.006567 -0.117552 6.394676 -0.003695 -0.088244 4.796003 -0.001643 -0.058867 3.197334 0.01357 -0.029907 2.195257 0 0.000003 0 81.910299 -4.991438 71.179457 8.924189 -0.947755 -8.412114 0 0.000003 0 1.205064 9.764871 -1.367157 75.690319 -9.031782 11.401314 -0.421239 2.455134 -0.80889 6.57361 11.607158 -2.119121 0 0.000003 0 0 0.000003 0 0 0.000003 0 0 0.000003 0 -0.018895 -0.198817 10.857846 -0.010642 -0.149504 8.143371 -0.004734 -0.099855 5.428907 -0.001184 -0.049981 2.714451 0 0.000003 0 89.603988 7.764698 90.301501 15.973367 -0.221296 -0.832615 -14.492753 -0.020331 0.95481 10.299854 0.517137 -1.562775 74.25643 -65.926759 149.613371 43.093965 -44.308828 81.697976 1.322573 43.965773 0.572043 5.452826 1.203229 3.526983 -3.14811 3.471979 0.134794 5.567135 -15.315433 -24.893183 6.41705 -0.339219 -3.996218 1.285436 -9.153202 3.301073 11.102261 4.477526 7.02326 -0.034264 0.000003 0 3.958245 -7.693529 14.038995 21.416683 4.069416 0.858435 2.819871 2.022824 3.654501 0 0.000003 0 2.761384 -4.314143 -20.676291 16.55308 -7.343967 -7.091648 -9.293985 3.954907 -4.592032 0 0.000003 0 7.132808 8.307965 -1.59319 7.772684 -2.013332 -8.639914 -6.533563 -0.618997 -8.63019 -0.019782 0.000003 0 25.57308 44.865063 59.697001 13.365551 10.603256 22.088388 -0.476635 -12.780606 -30.039418 -6.07677 7.97907 9.192813 0 0.000003 0 0 0.000003 0.000008 0.000002 0.000009 -29.474192 0 0.000009 -58.948392 -0.000003 0.000009 -88.422591 -0.052374 0.089191 -60.026284 -0.030831 0.072915 -45.019696 -0.014232 0.051618 -30.013122 -0.003717 0.026743 -15.006557 0 -0.013986 0 -96.61237 -62.812131 117.088444 34.848452 -60.217346 13.757656 32.107732 0.217756 0.062667 2.150164 -5.154222 83.251851 -0.870183 2.33159 0.196914 -2.31197 -14.287039 -22.877688 25.312614 -8.077236 -6.1816 19.413705 -9.353504 -6.823951 7.34239 -1.096004 0.417845 0 0.000003 0 28.28916 -7.579397 -9.946396 41.303861 -7.66461 -6.351883 17.266976 -4.548781 -0.677999 0 0.000003 0 26.805996 -5.17737 -4.647704 30.323373 -6.072111 -2.496673 3.658828 -2.103682 -4.333294 0 0.000003 0 8.585628 2.317014 13.596089 35.702058 1.327853 -2.728418 8.110613 -1.898134 -2.346024 0 0.000003 0 25.57308 44.865063 59.697001 14.63924 -11.879896 23.441739 -37.379334 12.100728 -10.606314 -6.07677 7.97907 9.192813 0 0.000003 0 0 0.000003 0.000008 0 0.000003 -8.173138 0 0.000003 -16.346285 0.000002 0.000003 -24.519433 -0.001577 0.017256 -9.615009 -0.000912 0.012973 -7.211256 -0.000427 0.00867 -4.807503 -0.000122 0.00434 -2.403751 0 0.000003 0 21.984163 3.673073 0.858872 -0.013984 0.000351 1.849981 0 0.000003 0 -26.414546 2.44853 1.823524 -89.999999 -90 0 0 0.000003 0 0 0.000003 0 90.000009 -63.648278 -90.000009 -5.682401 0.000003 0 -28.319916 0.000003 0 -16.252152 0.000003 0 0 0.000003 0 89.999996 -84.450021 179.999995 0 0.000003 0 -90.000003 -84.450021 0 0 0.000003 0 0 0.000003 0
0 0 0 179.999991 0.000003 179.999991 -0.000299 -0.04345699999999997 -0.018064 179.558215 -0.271839 175.410842 -83.427503 7.334574 -101.575561 4.287498 -0.347347 -12.346738 0 0.000003 0 2.224192 7.362311 0.47077 75.504886 -7.992029 9.334273 -0.15412 1.329519 -0.522786 9.740656 10.509171 -0.904347 0 0.000003 0 0 0.000003 0 0 0.000003 0 0 0.000003 0 -0.006554 -0.117443 6.388963 -0.003689 -0.088168 4.791719 -0.00164 -0.058812 3.194478 0.013571 -0.02988 2.193829 0 0.000003 0 81.868895 -4.862122 71.13543 9.156832 -0.969625 -8.416012 0 0.000003 0 1.107744 9.791598 -1.346742 75.690319 -9.031782 11.401314 -0.421239 2.455134 -0.80889 6.57361 11.607151 -2.119121 0 0.000003 0 0 0.000003 0 0 0.000003 0 0 0.000003 0 -0.018997 -0.19935 10.887189 -0.0107 -0.149906 8.165377 -0.00476 -0.100121 5.443578 -0.001191 -0.050117 2.721787 0 0.000003 0 89.592302 7.765436 90.305305 15.97028 -0.219076 -0.828813 -14.494807 -0.02727 0.957965 10.402153 0.541992 -1.328377 74.704941 -65.8175 149.39598 43.500966 -44.193924 81.261397 1.320842 43.93139 0.570846 5.459373 1.173087 3.842668 -3.196558 3.486964 0.131867 5.567135 -15.315433 -24.893183 6.53537 -0.267024 -4.008028 1.343782 -9.144965 3.234643 11.079106 4.535542 7.168173 -0.034264 0.000003 0 4.000473 -7.628766 14.038483 21.390004 4.214181 0.951642 2.803376 2.045473 3.637645 0 0.000003 0 2.780291 -4.257685 -20.419096 16.632677 -7.157496 -7.179144 -9.330598 3.866989 -4.554131 0 0.000003 0 7.064965 8.394032 -1.602184 7.785962 -1.961129 -8.407953 -6.526714 -0.689 -8.606786 -0.019782 0.000003 0 25.57308 44.865063 59.697001 13.365541 10.603318 21.894149 -0.520689 -12.77894 -30.094268 -6.07677 7.97907 9.192813 0 0.000003 0 0 0.000003 0.000008 0 0.000009 -29.389645 0 0.000009 -58.779297 -0.000003 0.000016 -88.168945 -0.052002 0.088973 -59.788949 -0.030599 0.072683 -44.841701 -0.014125 0.051427 -29.894457 -0.00369 0.02664 -14.947225 0 -0.013986 0 -96.473881 -62.767693 116.926118 35.223077 -60.258074 13.598144 32.021047 0.21725 0.062327 2.178451 -5.142365 82.936665 -0.835158 2.413894 0.202078 -2.31197 -14.287039 -22.877688 25.152605 -8.250736 -6.344442 19.446257 -9.188583 -6.896535 7.335552 -1.105429 0.383981 0 0.000003 0 27.992694 -7.687375 -10.142415 41.376876 -7.847844 -6.525493 17.270089 -4.540776 -0.676617 0 0.000003 0 26.499204 -5.291475 -4.710927 30.42211 -6.221023 -2.733735 3.659837 -2.098068 -4.332582 0 0.000003 0 8.615165 2.207431 13.512687 35.71079 1.021908 -2.921321 8.08985 -1.985308 -2.354363 0 0.000003 0 25.57308 44.865063 59.697001 14.639259 -11.879909 23.37309 -37.367627 12.142399 -10.761865 -6.07677 7.97907 9.192813 0 0.000003 0 0 0.000003 0.000008 0 0.000003 -8.256908 0 0.000003 -16.513826 0.000002 -0.000004 -24.770743 -0.001585 0.017303 -9.641405 -0.000916 0.013007 -7.231052 -0.000428 0.008684 -4.820701 -0.000123 0.004347 -2.410349 0 0.000003 0 22.168188 3.677069 0.86938 -0.013984 0.000344 1.837273 0 0.000003 0 -26.421938 2.415314 1.819272 -89.999999 -90 0 0 0.000003 0 0 0.000003 0 90.000009 -63.648278 -90.000009 -5.682401 0.000003 0 -28.319916 0.000003 0 -16.252152 0.000003 0 0 0.000003 0 89.999996 -84.450021 179.999995 0 0.000003 0 -90.000003 -84.450021 0 0 0.000003 0 0 0.000003 0
0 0 0 179.999991 0.000003 179.999991 -0.000454 -0.04349400000000003 -0.018493 179.553775 -0.315224 175.41673 -83.434381 7.322402 -101.550774 4.31307 -0.349007 -12.346894 0 0.000003 0 2.200911 7.363028 0.487505 75.504886 -7.992029 9.334273 -0.15412 1.329519 -0.522786 9.740643 10.509143 -0.90436 0 0.000003 0 0 0.000003 0 0 0.000003 0 0 0.000003 0 -0.006513 -0.117074 6.368813 -0.003666 -0.087882 4.776607 -0.00163 -0.058628 3.184403 0.013573 -0.029784 2.188791 0 0.000003 0 81.859216 -4.91397 71.108662 9.110173 -0.965199 -8.415228 0 0.000003 0 1.10822 9.811392 -1.359878 75.690319 -9.031782 11.401314 -0.421239 2.455134 -0.80889 6.57361 11.607151 -2.119121 0 0.000003 0 0 0.000003 0 0 0.000003 0 0 0.000003 0 -0.019078 -0.199767 10.910463 -0.010746 -0.150228 8.182832 -0.00478 -0.100333 5.455214 -0.001196 -0.050227 2.727605 0 0.000003 0 89.58026 7.769363 90.304793 15.970693 -0.220073 -0.827968 -14.496305 -0.033882 0.958848 10.401437 0.556683 -1.371004 74.704962 -65.817483 149.395966 43.522276 -44.140249 81.346392 1.317659 43.867787 0.568631 5.456795 1.185054 3.717369 -3.076403 3.30145 0.136495 5.567135 -15.315433 -24.893183 6.483759 -0.001548 -3.972747 1.343788 -9.144965 3.234644 11.079093 4.535542 7.168173 -0.034264 0.000003 0 3.842651 -7.406327 14.079361 21.443389 3.929007 0.955459 2.820075 2.050077 3.654214 0 0.000003 0 2.731504 -4.289964 -20.390936 16.61074 -7.191565 -7.099242 -9.295192 4.159533 -4.602211 0 0.000003 0 6.920323 8.613971 -1.549216 7.785955 -1.961129 -8.407948 -6.526722 -0.689006 -8.606793 -0.019782 0.000003 0 25.57308 44.865063 59.697001 13.226438 10.633412 22.102566 -0.520688 -12.77894 -30.094264 -6.07677 7.97907 9.192813 0 0.000003 0 0 0.000003 0.000008 0.000002 0.000003 -29.423198 0 0.000009 -58.846417 -0.000003 0.000023 -88.269622 -0.052196 0.089089 -59.914228 -0.030719 0.072812 -44.935657 -0.014183 0.051529 -29.957094 -0.003705 0.026695 -14.978543 0 -0.013986 0 -96.473874 -62.767708 116.926118 35.236024 -60.323853 13.453409 31.898612 0.216506 0.061858 2.166065 -5.147576 83.074785 -0.98239 2.275685 0.192939 -2.31197 -14.287039 -22.877688 25.241476 -7.911535 -6.211877 19.575498 -9.411848 -6.976699 7.335553 -1.105429 0.383983 0 0.000003 0 28.15195 -7.486923 -10.014539 41.376886 -7.847844 -6.525501 17.270091 -4.540769 -0.676616 0 0.000003 0 26.664314 -5.087792 -4.588927 30.42211 -6.221023 -2.733738 3.659833 -2.098068 -4.332579 0 0.000003 0 8.793468 2.438571 13.565837 35.71079 1.021915 -2.92132 8.089858 -1.985308 -2.354363 0 0.000003 0 25.57308 44.865063 59.697001 14.63922 -11.879868 23.389693 -37.370441 12.132304 -10.860342 -6.07677 7.97907 9.192813 0 0.000003 0 0 0.000003 0.000008 0 0.000003 -8.220198 0 0.000003 -16.440404 0.000002 0.000003 -24.66061 -0.001557 0.017139 -9.548857 -0.0009 0.012891 -7.161642 -0.000421 0.008602 -4.774428 -0.000121 0.004306 -2.387213 0 0.000003 0 22.168195 3.677062 0.869376 -0.013984 0.000344 1.837262 0 0.000003 0 -26.42195 2.415321 1.819257 -89.999999 -90 0 0 0.000003 0 0 0.000003 0 90.000009 -63.648278 -90.000009 -5.682401 0.000003 0 -28.319916 0.000003 0 -16.252152 0.000003 0 0 0.000003 0 89.999996 -84.450021 179.999995 0 0.000003 0 -90.000003 -84.450021 0 0 0.000003 0 0 0.000003 0
0 0 0 179.999991 0.000003 179.999991 -0.00035 -0.043516 -0.018563 179.548994 -0.345127 175.433313 -83.437584 7.294733 -101.523788 4.330291 -0.35012 -12.346988 0 0.000003 0 2.191747 7.364961 0.488175 75.504886 -7.992029 9.334273 -0.15412 1.329519 -0.522786 9.740649 10.509177 -0.904353 0 0.000003 0 0 0.000003 0 0 0.000003 0 0 0.000003 0 -0.006468 -0.116671 6.346543 -0.00364 -0.087581 4.759904 -0.001618 -0.058416 3.173268 0.013576 -0.029688 2.183224 0 0.000003 0 81.851245 -4.87025 71.084545 9.189212 -0.972637 -8.41656 0 0.000003 0 1.09657 9.901086 -1.089089 75.690319 -9.031782 11.401314 -0.421239 2.455134 -0.80889 6.482878 11.85842 -2.241723 0 0.000003 0 0 0.000003 0 0 0.000003 0 0 0.000003 0 -0.019138 -0.200074 10.927645 -0.010779 -0.15046 8.19572 -0.004795 -0.10049 5.463806 -0.0012 -0.050302 2.731901 0 0.000003 0 89.564325 7.774964 90.296631 15.975152 -0.223379 -0.827747 -14.501028 -0.038677 0.959654 10.399139 0.295463 -1.381126 74.409672 -65.935367 149.622469 43.62297 -44.359716 81.354861 1.313686 43.788202 0.565887 5.461752 1.161927 3.959459 -3.142301 3.320957 0.132979 5.567135 -15.315433 -24.893183 6.547114 -0.288313 -3.999844 1.285424 -9.153195 3.241507 11.104476 4.509061 6.95243 -0.034264 0.000003 0 4.036851 -7.619142 14.027399 21.210691 4.256208 0.950892 2.812319 2.060677 3.43814 0 0.000003 0 2.748349 -4.239544 -20.423003 16.649483 -7.099248 -7.410678 -9.295198 4.159526 -4.602212 0 0.000003 0 7.150131 8.394312 -1.590423 7.77861 -1.978082 -8.641866 -6.532252 -0.613772 -8.653574 -0.019782 0.000003 0 25.57308 44.865063 59.697001 13.365524 10.60327 21.954364 -0.507032 -12.779493 -30.185444 -6.07677 7.97907 9.192813 0 0.000003 0 0 0.000003 0.000008 0.000002 0.000009 -29.358366 0 0.000003 -58.716739 -0.000003 0.000016 -88.075112 -0.051903 0.088925 -59.724048 -0.030539 0.072628 -44.793023 -0.014092 0.051379 -29.862004 -0.00368 0.026613 -14.930998 0 -0.013986 0 -96.478423 -62.71891 116.969599 35.215472 -60.084905 13.306856 31.763603 0.215659 0.061364 2.183171 -5.140364 82.883949 -0.935043 2.380774 0.19966 -2.31197 -14.287039 -22.877688 25.119732 -8.044314 -6.339645 19.505726 -9.560084 -6.938065 7.328023 -1.154539 0.390256 0 0.000003 0 28.122587 -7.679111 -10.145492 41.377723 -7.839771 -6.523128 17.265209 -4.553439 -0.468029 0 0.000003 0 26.646863 -5.272391 -4.712376 30.381952 -6.433462 -2.727645 3.646666 -2.120894 -4.321724 0 0.000003 0 8.816881 2.353324 13.528952 35.715636 0.803185 -2.945721 8.07844 -2.031528 -2.343834 0 0.000003 0 25.57308 44.865063 59.697001 14.856529 -11.838054 23.328603 -37.530268 12.04487 -10.669479 -6.07677 7.97907 9.192813 0 0.000003 0 0 0.000003 0.000008 0 0.000003 -8.270916 0 0.000003 -16.54184 0.000002 -0.000004 -24.812766 -0.001543 0.017057 -9.505792 -0.000892 0.012823 -7.129344 -0.000417 0.008561 -4.752896 -0.00012 0.004285 -2.376447 0 0.000003 0 22.172911 3.939341 0.964383 -0.013984 0.000344 1.837275 0 0.000003 0 -26.421958 2.415321 1.819275 -89.999999 -90 0 0 0.000003 0 0 0.000003 0 90.000009 -63.648278 -90.000009 -5.682401 0.000003 0 -28.319916 0.000003 0 -16.252152 0.000003 0 0 0.000003 0 89.999996 -84.450021 179.999995 0 0.000003 0 -90.000003 -84.450021 0 0 0.000003 0 0 0.000003 0
0 0 0 179.999991 0.000003 179.999991 -0.000526 -0.04348799999999997 -0.018462 179.54883 -0.362346 175.457274 -83.439551 7.244613 -101.509131 4.366141 -0.352449 -12.347217 0 0.000003 0 2.17851 7.363069 0.487193 75.504886 -7.992029 9.334273 -0.15412 1.329519 -0.522786 9.740651 10.509171 -0.904361 0 0.000003 0 0 0.000003 0 0 0.000003 0 0 0.000003 0 -0.006441 -0.116425 6.333316 -0.003625 -0.087397 4.749984 -0.001611 -0.0583 3.166655 0.013578 -0.02962 2.179917 0 0.000003 0 81.846635 -4.867409 71.067285 9.137069 -0.967726 -8.415677 0 0.000003 0 1.133091 9.901673 -1.090435 75.690319 -9.031782 11.401314 -0.421239 2.455134 -0.80889 6.482878 11.858406 -2.241723 0 0.000003 0 0 0.000003 0 0 0.000003 0 0 0.000003 0 -0.019186 -0.200327 10.941142 -0.010806 -0.150637 8.205842 -0.004808 -0.10062 5.470554 -0.001203 -0.05037 2.735275 0 0.000003 0 89.557604 7.785605 90.291372 15.980303 -0.228788 -0.829001 -14.507038 -0.041675 0.95951 10.386786 0.309212 -1.391511 74.409693 -65.935367 149.622442 43.670276 -44.326583 81.404708 1.310427 43.721334 0.563631 5.463092 1.155595 4.025695 -3.188587 3.340703 0.130634 5.567135 -15.315433 -24.893183 6.589246 -0.262379 -4.133465 1.285421 -9.153195 3.241508 11.104465 4.509068 6.952429 -0.034264 0.000003 0 4.051788 -7.595899 13.885824 21.4196 4.054416 0.966027 2.820102 2.049162 3.455742 0 0.000003 0 2.754956 -4.219463 -20.564207 16.649472 -7.099255 -7.410677 -9.295193 4.159526 -4.60221 0 0.000003 0 7.125795 8.425095 -1.730806 7.778611 -1.978095 -8.641874 -6.532251 -0.613779 -8.65357 -0.019782 0.000003 0 25.57308 44.865063 59.697001 13.240639 10.583866 21.862104 -0.507032 -12.779486 -30.185444 -6.07677 7.97907 9.192813 0 0.000003 0 0 0.000003 0.000008 0.000002 0.000009 -29.340628 0 0.000009 -58.681256 -0.000003 0.000016 -88.021891 -0.052022 0.088986 -59.801776 -0.030613 0.072703 -44.851318 -0.01413 0.051441 -29.900867 -0.003691 0.02664 -14.95043 0 -0.013986 0 -96.478423 -62.718881 116.969585 35.27137 -60.157117 13.139407 31.621751 0.214798 0.060833 2.170972 -5.145514 83.020075 -0.915645 2.477701 0.206039 -2.31197 -14.287039 -22.877688 25.119732 -8.044321 -6.339672 19.505726 -9.56009 -6.938065 7.328026 -1.154539 0.390254 0 0.000003 0 28.122597 -7.679104 -10.145514 41.377713 -7.839777 -6.523131 17.265209 -4.553439 -0.468028 0 0.000003 0 26.646866 -5.272398 -4.7124 30.381952 -6.433462 -2.72764 3.646667 -2.120887 -4.321725 0 0.000003 0 8.816885 2.35331 13.528925 35.735037 1.060301 -2.945398 8.11456 -1.948384 -2.382224 0 0.000003 0 25.57308 44.865063 59.697001 14.856514 -11.838075 23.328585 -37.530295 12.04487 -10.669466 -6.07677 7.97907 9.192813 0 0.000003 0 0 0.000003 0.000008 0 0.000003 -8.234738 0 0.000003 -16.469485 0.000002 0.000003 -24.704231 -0.001514 0.0169 -9.413368 -0.000875 0.0127 -7.060026 -0.00041 0.008479 -4.706683 -0.000118 0.004244 -2.353341 0 0.000003 0 22.172898 3.939341 0.964392 -0.013984 0.000344 1.837262 0 0.000003 0 -26.421938 2.415308 1.819267 -89.999999 -90 0 0 0.000003 0 0 0.000003 0 90.000009 -63.648278 -90.000009 -5.682401 0.000003 0 -28.319916 0.000003 0 -16.252152 0.000003 0 0 0.000003 0 89.999996 -84.450021 179.999995 0 0.000003 0 -90.000003 -84.450021 0 0 0.000003 0 0 0.000003 0
0 0 0 179.999991 0.000003 179.999991 -0.000714 -0.04344999999999999 -0.018499 179.550729 -0.380726 175.47969 -83.440781 7.214649 -101.482698 4.369739 -0.352708 -12.34723 0 0.000003 0 2.177432 7.35975 0.475675 75.504886 -7.992029 9.334273 -0.15412 1.329519 -0.522786 9.740642 10.509171 -0.90435 0 0.000003 0 0 0.000003 0 0 0.000003 0 0 0.000003 0 -0.006396 -0.116022 6.311459 -0.0036 -0.087096 4.733592 -0.0016 -0.058102 3.155726 0.013581 -0.029518 2.174453 0 0.000003 0 81.850303 -4.901512 71.055885 9.028461 -0.957522 -8.413851 0 0.000003 0 1.189568 9.900662 -1.099032 75.690319 -9.031782 11.401314 -0.421239 2.455134 -0.80889 6.482878 11.85842 -2.241723 0 0.000003 0 0 0.000003 0 0 0.000003 0 0 0.000003 0 -0.019222 -0.200518 10.951566 -0.010826 -0.150781 8.213659 -0.004817 -0.100715 5.475766 -0.001205 -0.050411 2.737881 0 0.000003 0 89.559701 7.78984 90.289398 15.983524 -0.234007 -0.831776 -14.512911 -0.045971 0.957787 10.371407 0.317743 -1.403615 74.409679 -65.935367 149.622455 43.712849 -44.307998 81.439522 1.309422 43.701732 0.562928 5.461797 1.161715 3.961677 -2.932683 3.281505 0.143318 5.567135 -15.315433 -24.893183 6.351207 -0.099267 -4.176025 1.285428 -9.153195 3.241508 11.104477 4.509061 6.952429 -0.034264 0.000003 0 3.761581 -7.553039 13.900751 21.419608 4.054416 0.966028 2.820094 2.049169 3.455746 0 0.000003 0 2.733953 -4.282758 -20.570132 16.596537 -7.229507 -7.375688 -9.29416 3.954641 -4.647265 0 0.000003 0 6.840095 8.467094 -1.71354 7.778611 -1.978089 -8.641867 -6.532252 -0.613772 -8.653574 -0.019782 0.000003 0 25.57308 44.865063 59.697001 13.365554 10.603332 22.090177 -0.476223 -12.780634 -30.215548 -6.07677 7.97907 9.192813 0 0.000003 0 0 0.000003 0.000008 0.000002 0.000009 -29.357772 0 0.000009 -58.71555 -0.000007 0.000016 -88.073329 -0.052104 0.089034 -59.852497 -0.030661 0.072751 -44.889352 -0.014156 0.051482 -29.926225 -0.003697 0.026674 -14.963109 0 -0.013986 0 -96.47843 -62.718894 116.969585 35.30173 -60.215379 13.03587 31.522501 0.214204 0.060454 2.163223 -5.148779 83.106491 -0.85625 2.233187 0.19033 -2.31197 -14.287039 -22.877688 25.168882 -7.761176 -6.20117 19.505726 -9.56009 -6.938065 7.328026 -1.154539 0.390256 0 0.000003 0 28.042588 -7.415561 -9.968005 41.377713 -7.839771 -6.523128 17.265209 -4.553432 -0.468031 0 0.000003 0 26.574963 -5.004416 -4.542573 30.429637 -6.124444 -2.732851 3.668899 -2.050099 -4.344325 0 0.000003 0 8.649092 2.38087 13.602979 35.784177 1.302458 -2.770977 8.114549 -1.948391 -2.382221 0 0.000003 0 25.57308 44.865063 59.697001 14.61855 -11.682415 23.535608 -37.274873 11.908738 -10.616464 -6.07677 7.97907 9.192813 0 0.000003 0 0 0.000003 0.000008 0 0.000003 -8.211771 0 0.000003 -16.42355 0.000002 0.000003 -24.635329 -0.001496 0.016791 -9.352274 -0.000865 0.012618 -7.014205 -0.000405 0.008424 -4.676136 -0.000117 0.004217 -2.338067 0 0.000003 0 22.172898 3.939348 0.964388 -0.013984 0.000344 1.83727 0 0.000003 0 -26.421948 2.415314 1.81927 -89.999999 -90 0 0 0.000003 0 0 0.000003 0 90.000009 -63.648278 -90.000009 -5.682401 0.000003 0 -28.319916 0.000003 0 -16.252152 0.000003 0 0 0.000003 0 89.999996 -84.450021 179.999995 0 0.000003 0 -90.000003 -84.450021 0 0 0.000003 0 0 0.000003 0
0 0 0 179.999991 0.000003 179.999991 -0.000538 -0.04347800000000002 -0.018353 179.554431 -0.387133 175.506096 -83.423015 7.145193 -101.448854 4.440852 -0.357298 -12.347677 0 0.000003 0 2.150569 7.37826 0.448455 75.504886 -7.992029 9.334273 -0.15412 1.329519 -0.522786 9.740653 10.50915 -0.904357 0 0.000003 0 0 0.000003 0 0 0.000003 0 0 0.000003 0 -0.006339 -0.11551 6.283059 -0.003568 -0.086707 4.712291 -0.001586 -0.057836 3.141526 0.013584 -0.029381 2.167353 0 0.000003 0 81.84824 -4.794469 71.054601 9.178224 -0.971592 -8.416374 0 0.000003 0 1.117588 9.906113 -1.109519 75.690319 -9.031782 11.401314 -0.421239 2.455134 -0.80889 6.48285 11.858413 -2.241736 0 0.000003 0 0 0.000003 0 0 0.000003 0 0 0.000003 0 -0.019209 -0.20045 10.948083 -0.01082 -0.15074 8.211049 -0.004813 -0.100681 5.474025 -0.001204 -0.050397 2.73701 0 0.000003 0 89.565254 7.796984 90.294322 15.987306 -0.23831 -0.832257 -14.519481 -0.045528 0.958208 10.354997 0.32081 -1.415995 74.409665 -65.935367 149.622469 43.793021 -44.327348 81.392216 1.308442 43.681719 0.562253 5.462055 1.160493 3.974412 -2.956335 3.246023 0.141603 5.567135 -15.315433 -24.893183 6.351215 -0.099288 -4.176037 1.285418 -9.153195 3.241507 11.104476 4.509061 6.95243 -0.034264 0.000003 0 3.761592 -7.55306 13.90074 21.419593 4.054416 0.966032 2.820103 2.049169 3.455746 0 0.000003 0 2.733962 -4.282772 -20.570146 16.596513 -7.229507 -7.375686 -9.294151 3.954641 -4.64727 0 0.000003 0 6.840098 8.467081 -1.713553 7.778622 -1.978089 -8.641871 -6.532258 -0.613779 -8.653576 -0.019782 0.000003 0 25.57308 44.865063 59.697001 13.365562 10.603332 22.090159 -0.476226 -12.780634 -30.215548 -6.07677 7.97907 9.192813 0 0.000003 0 0 0.000003 0.000008 0.000002 0.000009 -29.354357 0 0.000016 -58.708727 -0.000007 0.000016 -88.063097 -0.052019 0.088986 -59.799303 -0.030609 0.072696 -44.849464 -0.014132 0.051441 -29.899631 -0.003691 0.02664 -14.949812 0 -0.013986 0 -96.47843 -62.718865 116.969599 35.317358 -60.262961 12.990344 31.458707 0.213835 0.060215 2.158569 -5.150718 83.158318 -0.872314 2.28104 0.193527 -2.31197 -14.287039 -22.877688 25.168882 -7.761189 -6.20117 19.505726 -9.56009 -6.938065 7.328026 -1.154539 0.390255 0 0.000003 0 28.042619 -7.415554 -9.968005 41.377703 -7.839771 -6.523128 17.265209 -4.553432 -0.468031 0 0.000003 0 26.574984 -5.004416 -4.542569 30.42963 -6.124444 -2.732853 3.668909 -2.050092 -4.344326 0 0.000003 0 8.649116 2.380884 13.602977 35.784167 1.302451 -2.770979 8.114556 -1.948384 -2.382222 0 0.000003 0 25.57308 44.865063 59.697001 14.61856 -11.682387 23.535601 -37.274873 11.908745 -10.616464 -6.07677 7.97907 9.192813 0 0.000003 0 0 0.000003 0.000008 0 0.000003 -8.197998 0 0.000003 -16.396002 0.000002 0.000003 -24.594007 -0.001486 0.016736 -9.32188 -0.00086 0.012577 -6.99141 -0.000403 0.008404 -4.660939 -0.000116 0.004203 -2.330469 0 0.000003 0 22.172899 3.939341 0.964401 -0.013984 0.000344 1.83726 0 0.000003 0 -26.42195 2.415314 1.819262 -89.999999 -90 0 0 0.000003 0 0 0.000003 0 90.000009 -63.648278 -90.000009 -5.682401 0.000003 0 -28.319916 0.000003 0 -16.252152 0.000003 0 0 0.000003 0 89.999996 -84.450021 179.999995 0 0.000003 0 -90.000003 -84.450021 0 0 0.000003 0 0 0.000003 0
0 0 0 179.999991 0.000003 179.999991 -0.000527 -0.04345399999999999 -0.018254 179.555168 -0.371628 175.528471 -83.420126 7.120099 -101.432578 4.433054 -0.356779 -12.347628 0 0.000003 0 2.159994 7.380876 0.414677 75.504886 -7.992029 9.334273 -0.15412 1.329519 -0.522786 9.740661 10.509164 -0.904352 0 0.000003 0 0 0.000003 0 0 0.000003 0 0 0.000003 0 -0.006312 -0.115257 6.269482 -0.003552 -0.086516 4.702109 -0.001579 -0.057713 3.134738 0.013586 -0.029319 2.163959 0 0.000003 0 81.84979 -4.752737 71.083445 9.192144 -0.972951 -8.416606 0 0.000003 0 1.116841 9.903968 -1.127124 75.690319 -9.031782 11.401314 -0.421239 2.455134 -0.80889 6.482878 11.858427 -2.241723 0 0.000003 0 0 0.000003 0 0 0.000003 0 0 0.000003 0 -0.019124 -0.200006 10.923566 -0.010772 -0.150405 8.19266 -0.004792 -0.100463 5.461766 -0.001199 -0.050281 2.730881 0 0.000003 0 89.573047 7.806806 90.306268 15.984581 -0.241691 -0.8324 -14.523096 -0.044947 0.958711 10.348679 0.319232 -1.413687 74.409672 -65.935384 149.622442 43.873508 -44.321495 81.374293 1.307996 43.672253 0.56194 5.467888 1.132612 4.265921 -2.999627 3.179934 0.138144 5.567135 -15.315433 -24.893183 6.444538 -0.042003 -3.974421 1.365925 -9.141748 3.224696 11.066307 4.60355 7.173632 -0.034264 0.000003 0 3.794614 -7.502421 14.045073 21.388538 4.222883 0.982434 2.803976 2.071011 3.641731 0 0.000003 0 2.748939 -4.237829 -20.442784 16.64994 -7.102643 -7.142641 -9.338644 3.847585 -4.554637 0 0.000003 0 7.057729 8.627235 -1.605914 7.519792 -2.010764 -8.395131 -6.52519 -0.686438 -8.606618 -0.019782 0.000003 0 25.57308 44.865063 59.697001 13.085992 10.5597 22.055314 -0.437265 -12.782027 -30.040084 -6.07677 7.97907 9.192813 0 0.000003 0 0 0.000003 0.000008 0.000002 0.000009 -29.276288 0 0.000009 -58.552575 -0.000003 0.000016 -87.82887 -0.052012 0.088986 -59.79511 -0.030608 0.072696 -44.846319 -0.014128 0.051434 -29.897534 -0.00369 0.02664 -14.948764 0 -0.013986 0 -96.478444 -62.718894 116.969599 35.304551 -60.300312 12.974865 31.440385 0.213726 0.060145 2.180084 -5.141661 82.918428 -0.877396 2.303723 0.194811 -2.31197 -14.287039 -22.877688 25.200246 -8.135429 -6.370149 19.327267 -9.432154 -6.906455 7.318766 -1.212083 0.389635 0 0.000003 0 28.019145 -7.570975 -10.152798 41.333248 -8.118927 -6.550752 17.238458 -4.656609 -0.648675 0 0.000003 0 26.561226 -5.153758 -4.72188 30.390104 -6.336945 -2.756433 3.654955 -2.074872 -4.331896 0 0.000003 0 8.667879 2.312431 13.521534 35.790201 1.094533 -2.933208 8.099116 -2.011959 -2.360899 0 0.000003 0 25.57308 44.865063 59.697001 14.63925 -11.879903 23.373027 -37.3676 12.142412 -10.512959 -6.07677 7.97907 9.192813 0 0.000003 0 0 0.000003 0.000008 0 0.000003 -8.261755 0 0.000003 -16.523519 0.000002 0.000003 -24.785283 -0.00148 0.016702 -9.301247 -0.000856 0.01255 -6.975934 -0.000401 0.008376 -4.650622 -0.000115 0.004189 -2.32531 0 0.000003 0 22.172894 3.939348 0.964394 -0.013984 0.000344 1.837246 0 0.000003 0 -26.42195 2.415301 1.819243 -89.999999 -90 0 0 0.000003 0 0 0.000003 0 90.000009 -63.648278 -90.000009 -5.682401 0.000003 0 -28.319916 0.000003 0 -16.252152 0.000003 0 0 0.000003 0 89.999996 -84.450021 179.999995 0 0.000003 0 -90.000003 -84.450021 0 0 0.000003 0 0 0.000003 0
0 0 0 179.999991 0.000003 179.999991 -0.000605 -0.04344199999999998 -0.018222 179.552559 -0.350543 175.553784 -83.420229 7.083489 -101.45578 4.450047 -0.357886 -12.347732 0 0.000003 0 2.157896 7.383505 0.414443 75.504886 -7.992029 9.334273 -0.15412 1.329519 -0.522786 9.740634 10.509164 -0.904355 0 0.000003 0 0 0.000003 0 0 0.000003 0 0 0.000003 0 -0.006346 -0.115571 6.286599 -0.003572 -0.086755 4.714946 -0.001588 -0.05787 3.143296 0.013584 -0.029401 2.168238 0 0.000003 0 81.839511 -4.707343 71.098233 9.212791 -0.974857 -8.416963 0 0.000003 0 1.116273 9.907294 -1.123073 75.690319 -9.031782 11.401314 -0.421239 2.455134 -0.80889 6.523558 11.595628 -2.207408 0 0.000003 0 0 0.000003 0 0 0.000003 0 0 0.000003 0 -0.019076 -0.19976 10.909957 -0.010745 -0.150221 8.182452 -0.00478 -0.100333 5.454961 -0.001196 -0.05022 2.727479 0 0.000003 0 89.572924 7.810884 90.310735 15.974108 -0.241704 -0.829949 -14.531815 -0.041143 0.961037 10.346485 0.314369 -1.402637 74.409645 -65.93535 149.622469 43.939802 -44.34234 81.339131 1.309479 43.702401 0.562969 5.468598 1.129169 4.30186 -3.061833 3.415644 0.137996 5.567135 -15.315433 -24.893183 6.362984 -0.334096 -4.055687 1.365936 -9.141748 3.224696 11.066308 4.60355 7.173632 -0.034264 0.000003 0 3.838658 -7.810073 13.993841 21.388558 4.222883 0.982439 2.803968 2.071005 3.641717 0 0.000003 0 2.735575 -4.277923 -20.483898 16.616291 -7.361644 -7.220637 -9.338638 3.847585 -4.554639 0 0.000003 0 7.084791 8.322964 -1.674824 7.519796 -2.010757 -8.395132 -6.525187 -0.686432 -8.606619 -0.019782 0.000003 0 25.57308 44.865063 59.697001 13.238245 10.387122 21.867537 -0.437265 -12.782027 -30.040087 -6.07677 7.97907 9.192813 0 0.000003 0 0 0.000003 0.000008 0.000002 0.000009 -29.266664 0 0.000009 -58.533328 -0.000003 0.000016 -87.799992 -0.05194 0.088938 -59.749907 -0.030562 0.072648 -44.812417 -0.014108 0.0514 -29.874937 -0.003683 0.026627 -14.937463 0 -0.013986 0 -96.478416 -62.718894 116.969571 35.296826 -60.348984 12.944006 31.456791 0.213787 0.060217 2.174903 -5.143854 82.976239 -0.901602 2.283164 0.193472 -2.31197 -14.287039 -22.877688 25.200246 -8.135408 -6.370121 19.327267 -9.432147 -6.906455 7.318771 -1.212083 0.389638 0 0.000003 0 28.019137 -7.570962 -10.152765 41.333245 -8.11892 -6.550754 17.328081 -4.392082 -0.655745 0 0.000003 0 26.561216 -5.153758 -4.721853 30.390093 -6.336951 -2.756431 3.654955 -2.074872 -4.331897 0 0.000003 0 8.667869 2.312452 13.521558 35.790198 1.094527 -2.933206 8.099126 -2.011953 -2.360899 0 0.000003 0 25.57308 44.865063 59.697001 14.639237 -11.879896 23.373071 -37.3676 12.142405 -10.512959 -6.07677 7.97907 9.192813 0 0.000003 0 0 0.000003 0.000008 0 0.000003 -8.24639 0 0.000003 -16.492786 0.000002 0.000003 -24.739183 -0.001471 0.016648 -9.271257 -0.000851 0.012509 -6.953442 -0.000398 0.008356 -4.635628 -0.000115 0.004176 -2.317813 0 0.000003 0 22.172889 3.939355 0.964401 -0.013985 0.000324 1.73819 0 0.000003 0 -26.661462 2.416353 1.681019 -89.999999 -90 0 0 0.000003 0 0 0.000003 0 90.000009 -63.648278 -90.000009 -5.682401 0.000003 0 -28.319916 0.000003 0 -16.252152 0.000003 0 0 0.000003 0 89.999996 -84.450021 179.999995 0 0.000003 0 -90.000003 -84.450021 0 0 0.000003 0 0 0.000003 0
0 0 0 179.999991 0.000003 179.999991 -0.000532 -0.04349499999999995 -0.018164 179.549144 -0.34346 175.56627 -83.411916 7.021478 -101.462371 4.53978 -0.363691 -12.348306 0 0.000003 0 2.12262 7.399153 0.414845 75.504886 -7.992029 9.334273 -0.15412 1.329519 -0.522786 9.740645 10.509164 -0.904361 0 0.000003 0 0 0.000003 0 0 0.000003 0 0 0.000003 0 -0.006354 -0.115639 6.290021 -0.003576 -0.086809 4.717513 -0.00159 -0.057904 3.145007 0.013583 -0.029422 2.169093 0 0.000003 0 81.820113 -4.607083 71.093424 9.380884 -0.990634 -8.419853 0 0.000003 0 1.038407 9.920019 -1.111789 75.690319 -9.031782 11.401314 -0.421239 2.455134 -0.80889 6.523558 11.595628 -2.207408 0 0.000003 0 0 0.000003 0 0 0.000003 0 0 0.000003 0 -0.019074 -0.199746 10.909413 -0.010743 -0.150207 8.182044 -0.00478 -0.100326 5.45469 -0.001195 -0.05022 2.727343 0 0.000003 0 89.571442 7.806984 90.295661 15.972059 -0.238515 -0.82709 -14.53912 -0.035043 0.963189 10.339433 0.300415 -1.38674 74.409679 -65.935367 149.622455 44.012434 -44.349895 81.308874 1.312094 43.755526 0.564781 5.46847 1.129791 4.295407 -3.081243 3.310841 0.135742 5.567135 -15.315433 -24.893183 6.362983 -0.334083 -4.05571 1.365936 -9.141748 3.224696 11.066307 4.60355 7.173632 -0.034264 0.000003 0 3.881887 -7.447929 13.988087 21.425154 3.8861 0.850067 2.803972 2.071005 3.64172 0 0.000003 0 2.73556 -4.277916 -20.483918 16.616291 -7.361644 -7.220635 -9.338638 3.847585 -4.554639 0 0.000003 0 7.084774 8.322991 -1.674845 7.793634 -1.8853 -8.404482 -6.53085 -0.607427 -8.600155 -0.019782 0.000003 0 25.57308 44.865063 59.697001 13.238211 10.387108 21.867537 -0.437265 -12.782027 -30.040084 -6.07677 7.97907 9.192813 0 0.000003 0 0 0.000003 0.000008 0.000002 0.000009 -29.268385 0 0.000003 -58.536784 -0.000003 0.000016 -87.805183 -0.051896 0.088918 -59.72176 -0.030536 0.072621 -44.791308 -0.014092 0.051379 -29.860863 -0.00368 0.026606 -14.930426 0 -0.013986 0 -96.478437 -62.718894 116.969599 35.283463 -60.37346 12.95415 31.481018 0.213958 0.0603 2.173564 -5.144421 82.991156 -0.925016 2.262653 0.19212 -2.31197 -14.287039 -22.877688 25.200246 -8.135408 -6.370135 19.327294 -9.432161 -6.906469 7.318771 -1.212083 0.389638 0 0.000003 0 28.294882 -7.642296 -10.189275 41.378167 -7.835823 -6.515056 17.273043 -4.533495 -0.723853 0 0.000003 0 26.561216 -5.153758 -4.721863 30.3901 -6.336958 -2.756431 3.654963 -2.074879 -4.331894 0 0.000003 0 8.66787 2.312452 13.521551 35.790201 1.094527 -2.933208 8.099116 -2.011959 -2.360899 0 0.000003 0 25.57308 44.865063 59.697001 14.639235 -11.879889 23.373063 -37.3676 12.142405 -10.512959 -6.07677 7.97907 9.192813 0 0.000003 0 0 0.000003 0.000008 0 0.000003 -8.242426 0 0.000003 -16.48486 0.000002 0.000003 -24.727295 -0.00147 0.016641 -9.26773 -0.00085 0.012502 -6.950797 -0.000398 0.008356 -4.633864 -0.000115 0.004176 -2.316931 0 0.000003 0 22.162408 3.695285 0.890136 -0.013984 0.000324 1.779277 0 0.000003 0 -26.656896 2.667615 1.637155 -89.999999 -90 0 0 0.000003 0 0 0.000003 0 90.000009 -63.648278 -90.000009 -5.682401 0.000003 0 -28.319916 0.000003 0 -16.252152 0.000003 0 0 0.000003 0 89.999996 -84.450021 179.999995 0 0.000003 0 -90.000003 -84.450021 0 0 0.000003 0 0 0.000003 0
0 0 0 179.999991 0.000003 179.999991 -0.00061 -0.04353399999999996 -0.01797 179.54842 -0.33189 175.582922 -83.403508 6.931217 -101.479249 4.669845 -0.37212 -12.349136 0 0.000003 0 2.070536 7.41336 0.419992 75.504886 -7.992029 9.334273 -0.15412 1.329519 -0.522786 9.740654 10.509164 -0.904352 0 0.000003 0 0 0.000003 0 0 0.000003 0 0 0.000003 0 -0.006375 -0.115824 6.300619 -0.003588 -0.086953 4.725462 -0.001595 -0.057999 3.150307 0.013582 -0.029463 2.171743 0 0.000003 0 81.795996 -4.511918 71.053666 9.510942 -1.002826 -8.422112 0 0.000003 0 0.997618 9.927594 -1.059855 75.690319 -9.031782 11.401314 -0.421239 2.455134 -0.80889 6.523586 11.595628 -2.207408 0 0.000003 0 0 0.000003 0 0 0.000003 0 0 0.000003 0 -0.019169 -0.200238 10.936589 -0.010797 -0.150583 8.202427 -0.004803 -0.100572 5.468278 -0.001201 -0.050343 2.734137 0 0.000003 0 89.574523 7.806198 90.280983 15.968142 -0.234956 -0.825155 -14.547907 -0.026642 0.964343 10.334676 0.282021 -1.365514 74.409665 -65.93535 149.622469 44.087228 -44.35472 81.284237 1.315857 43.831696 0.567381 5.468694 1.128705 4.306744 -3.167991 3.468427 0.132754 5.567135 -15.315433 -24.893183 6.430595 -0.228624 -4.125599 1.28537 -9.153189 3.206071 11.020075 4.240812 7.102546 -0.034264 0.000003 0 3.952046 -7.731635 13.939577 21.396271 4.173863 0.848017 2.836562 1.784041 3.627604 0 0.000003 0 2.731436 -4.290176 -20.520941 16.596236 -7.230388 -7.301131 -9.294067 3.954942 -4.484233 0 0.000003 0 7.08514 8.410957 -1.747041 7.837869 -2.251877 -8.454871 -6.53085 -0.607427 -8.600155 -0.019782 0.000003 0 25.57308 44.865063 59.697001 13.365552 10.603277 22.10635 -0.472547 -12.780757 -30.031966 -6.07677 7.97907 9.192813 0 0.000003 0 0 0.000003 0.000008 0.000002 0.000009 -29.265353 0 0.000009 -58.530712 -0.000003 0.000016 -87.796071 -0.051862 0.088897 -59.701085 -0.030516 0.072601 -44.775797 -0.014082 0.051359 -29.850522 -0.003677 0.026606 -14.925258 0 -0.013986 0 -96.478444 -62.718894 116.969599 35.304479 -60.394466 12.956252 31.492766 0.214013 0.06034 2.174223 -5.144148 82.983861 -0.954167 2.23941 0.190549 -2.31197 -14.287039 -22.877688 25.200273 -8.135415 -6.370135 19.327267 -9.432154 -6.906469 7.318772 -1.212083 0.389637 0 0.000003 0 28.294892 -7.642296 -10.189277 41.378181 -7.835816 -6.515056 17.273046 -4.533495 -0.723857 0 0.000003 0 26.827385 -5.183858 -4.745843 30.422376 -6.217546 -2.762477 3.659071 -2.102316 -4.346765 0 0.000003 0 8.667882 2.312445 13.521546 35.790201 1.094527 -2.933208 8.099116 -2.011959 -2.360899 0 0.000003 0 25.57308 44.865063 59.697001 14.63924 -11.879882 23.373054 -37.3676 12.142405 -10.512959 -6.07677 7.97907 9.192813 0 0.000003 0 0 0.000003 0.000008 0 0.000003 -8.244362 0 0.000003 -16.488732 0.000002 0.000003 -24.733104 -0.001471 0.016648 -9.27188 -0.000851 0.012515 -6.95391 -0.000398 0.008356 -4.635939 -0.000115 0.004176 -2.317969 0 0.000003 0 22.162393 3.695285 0.890136 -0.013984 0.000324 1.779273 0 0.000003 0 -26.656893 2.667615 1.637146 -89.999999 -90 0 0 0.000003 0 0 0.000003 0 90.000009 -63.648278 -90.000009 -5.682401 0.000003 0 -28.319916 0.000003 0 -16.252152 0.000003 0 0 0.000003 0 89.999996 -84.450021 179.999995 0 0.000003 0 -90.000003 -84.450021 0 0 0.000003 0 0 0.000003 0
0 0 0 179.999991 0.000003 179.999991 -0.000609 -0.04359599999999997 -0.017714 179.551111 -0.322341 175.602388 -83.3834 6.808274 -101.481735 4.853671 -0.384039 -12.350341 0 0.000003 0 1.995958 7.439219 0.414375 75.504886 -7.992029 9.334273 -0.15412 1.329519 -0.522786 9.740651 10.509157 -0.90435 0 0.000003 0 0 0.000003 0 0 0.000003 0 0 0.000003 0 -0.006372 -0.115797 6.299075 -0.003586 -0.086925 4.724304 -0.001594 -0.057979 3.149534 0.013582 -0.029463 2.171357 0 0.000003 0 81.774433 -4.379501 71.019207 9.705981 -1.021145 -8.425555 0 0.000003 0 0.923554 9.93704 -1.017053 75.690319 -9.031782 11.401314 -0.421239 2.455134 -0.80889 6.523586 11.595621 -2.207408 0 0.000003 0 0 0.000003 0 0 0.000003 0 0 0.000003 0 -0.019244 -0.200627 10.957896 -0.010839 -0.15087 8.218406 -0.004822 -0.10077 5.478931 -0.001206 -0.050438 2.739463 0 0.000003 0 89.588449 7.810098 90.283858 15.965338 -0.23109 -0.825972 -14.557025 -0.019819 0.962713 10.331131 0.260718 -1.358534 74.409706 -65.935367 149.622428 44.148232 -44.351175 81.281935 1.319831 43.911118 0.570136 5.46812 1.131492 4.277642 -3.191662 3.343961 0.130218 5.567135 -15.315433 -24.893183 6.430614 -0.228631 -4.125603 1.285373 -9.153195 3.20607 11.020077 4.240812 7.102547 -0.034264 0.000003 0 3.899784 -7.441837 13.946483 21.50944 3.923728 0.74946 2.836563 1.784034 3.627598 0 0.000003 0 2.731454 -4.290169 -20.520948 16.596229 -7.230388 -7.301129 -9.294054 3.954928 -4.484233 0 0.000003 0 7.085154 8.41095 -1.747048 7.7814 -1.961157 -8.452845 -6.532752 -0.61535 -8.56622 -0.019782 0.000003 0 25.57308 44.865063 59.697001 13.365552 10.603291 22.106336 -0.472547 -12.780757 -30.031966 -6.07677 7.97907 9.192813 0 0.000003 0 0 0.000003 0.000008 0.000002 0.000009 -29.273146 0 0.000016 -58.546298 -0.000003 0.000016 -87.819458 -0.051872 0.088904 -59.706508 -0.030521 0.072607 -44.779864 -0.014086 0.051366 -29.853234 -0.003678 0.026606 -14.926612 0 -0.013986 0 -96.478444 -62.718865 116.969612 35.30116 -60.430807 12.907125 31.520749 0.214177 0.060449 2.185507 -5.139373 82.857913 -0.954222 2.209009 0.188459 -2.31197 -14.287039 -22.877688 25.133802 -8.207242 -6.344249 19.304481 -9.480095 -6.767802 7.318782 -1.212083 0.389638 0 0.000003 0 28.278735 -7.746737 -10.03102 41.378167 -7.835816 -6.515051 17.273043 -4.533495 -0.723855 0 0.000003 0 26.817812 -5.284255 -4.58572 30.422369 -6.217539 -2.762477 3.659067 -2.102316 -4.346766 0 0.000003 0 8.680218 2.266717 13.704489 35.790201 1.094527 -2.933211 8.099119 -2.011959 -2.360899 0 0.000003 0 25.57308 44.865063 59.697001 14.756846 -11.857158 23.496394 -37.3676 12.142412 -10.512959 -6.07677 7.97907 9.192813 0 0.000003 0 0 0.000003 0.000008 0 0.000003 -8.277838 0 0.000003 -16.555685 0.000002 0.000003 -24.833531 -0.00146 0.016579 -9.235385 -0.000845 0.012461 -6.926538 -0.000396 0.008322 -4.617691 -0.000114 0.004162 -2.308845 0 0.000003 0 22.162407 3.695278 0.890142 -0.013985 0.000317 1.722761 0 0.000003 0 -26.664476 2.441816 1.649856 -89.999999 -90 0 0 0.000003 0 0 0.000003 0 90.000009 -63.648278 -90.000009 -5.682401 0.000003 0 -28.319916 0.000003 0 -16.252152 0.000003 0 0 0.000003 0 89.999996 -84.450021 179.999995 0 0.000003 0 -90.000003 -84.450021 0 0 0.000003 0 0 0.000003 0
0 0 0 179.999991 0.000003 179.999991 -0.000719 -0.04359500000000005 -0.01754 179.551193 -0.310389 175.605612 -83.380245 6.769109 -101.492185 4.906629 -0.387447 -12.3507 0 0.000003 0 1.980434 7.442231 0.412981 75.504886 -7.992029 9.334273 -0.15412 1.329519 -0.522786 9.740644 10.509157 -0.904358 0 0.000003 0 0 0.000003 0 0 0.000003 0 0 0.000003 0 -0.006386 -0.115933 6.306104 -0.003594 -0.087021 4.729576 -0.001598 -0.058047 3.153049 0.013581 -0.02949 2.173114 0 0.000003 0 81.765533 -4.352208 71.014966 9.724866 -1.022887 -8.425896 0 0.000003 0 0.931394 9.936254 -1.000115 75.690319 -9.031782 11.401314 -0.421239 2.455134 -0.80889 6.523558 11.595628 -2.207408 0 0.000003 0 0 0.000003 0 0 0.000003 0 0 0.000003 0 -0.019251 -0.200662 10.959996 -0.010843 -0.150897 8.219981 -0.004824 -0.100797 5.479981 -0.001207 -0.050445 2.739988 0 0.000003 0 89.599214 7.806362 90.284978 15.967063 -0.227491 -0.825884 -14.564149 -0.014006 0.962057 10.329621 0.24104 -1.348717 74.409679 -65.935367 149.622455 44.179009 -44.318011 81.3108 1.32614 44.0379 0.574518 5.473189 1.106623 4.537248 -3.276159 3.55168 0.127012 5.567135 -15.315433 -24.893183 6.482057 -0.197171 -3.991615 1.285374 -9.153195 3.241517 11.104682 4.511622 7.1788 -0.034264 0.000003 0 3.997531 -7.767883 14.030246 21.364821 4.329243 0.997101 2.820017 2.038746 3.640796 0 0.000003 0 2.739724 -4.265635 -20.428975 16.625445 -7.152162 -7.158608 -9.293231 3.956492 -4.551606 0 0.000003 0 7.055313 8.448427 -1.604842 7.818789 -2.232814 -8.404925 -6.526049 -0.684348 -8.606239 -0.019782 0.000003 0 25.57308 44.865063 59.697001 13.300778 10.366331 22.094518 -0.379239 -12.783844 -30.028606 -6.07677 7.97907 9.192813 0 0.000003 0 0 0.000003 0.000008 0.000002 0.000009 -29.203614 0 0.000009 -58.407236 -0.000003 0.000016 -87.610864 -0.051967 0.088959 -59.764415 -0.030577 0.072662 -44.823294 -0.014113 0.051413 -29.882187 -0.003687 0.026627 -14.94109 0 -0.013986 0 -96.478444 -62.718894 116.969599 35.281397 -60.448708 12.900287 31.585264 0.21458 0.06069 2.182778 -5.140528 82.888375 -0.96526 2.151136 0.184661 -2.31197 -14.287039 -22.877688 25.405043 -8.031754 -6.38258 19.413218 -9.355868 -6.879763 7.336374 -1.104391 0.353766 0 0.000003 0 28.339568 -7.485297 -10.039093 41.295966 -8.021215 -6.679717 17.273053 -4.533495 -0.723857 0 0.000003 0 26.817819 -5.284242 -4.585735 30.422383 -6.217539 -2.762471 3.659071 -2.102323 -4.346766 0 0.000003 0 8.68023 2.266724 13.704471 35.693404 1.395369 -2.935308 8.116775 -1.977412 -2.401736 0 0.000003 0 25.57308 44.865063 59.697001 14.756842 -11.857151 23.496383 -37.3676 12.142412 -10.512959 -6.07677 7.97907 9.192813 0 0.000003 0 0 0.000003 0.000008 0 0.000003 -8.269742 0 0.000003 -16.539491 0.000002 0.000003 -24.809241 -0.001456 0.016552 -9.221241 -0.000842 0.01244 -6.915931 -0.000395 0.008308 -4.61062 -0.000114 0.004155 -2.305309 0 0.000003 0 22.162401 3.695292 0.890143 -0.013985 0.000317 1.722755 0 0.000003 0 -26.664463 2.441802 1.649853 -89.999999 -90 0 0 0.000003 0 0 0.000003 0 90.000009 -63.648278 -90.000009 -5.682401 0.000003 0 -28.319916 0.000003 0 -16.252152 0.000003 0 0 0.000003 0 89.999996 -84.450021 179.999995 0 0.000003 0 -90.000003 -84.450021 0 0 0.000003 0 0 0.000003 0
0 0 0 179.999991 0.000003 179.999991 -0.000619 -0.04355399999999998 -0.017179 179.554991 -0.302739 175.609874 -83.368073 6.753174 -101.512867 4.899593 -0.386996 -12.35065 0 0.000003 0 2.003681 7.441507 0.427521 75.504886 -7.992029 9.334273 -0.15412 1.329519 -0.522786 9.740644 10.509157 -0.904356 0 0.000003 0 0 0.000003 0 0 0.000003 0 0 0.000003 0 -0.006418 -0.11622 6.322231 -0.003612 -0.087246 4.74167 -0.001606 -0.058198 3.161112 0.013579 -0.029572 2.177146 0 0.000003 0 81.776373 -4.31779 71.025163 9.735064 -1.023857 -8.426081 0 0.000003 0 0.943218 9.920115 -1.006744 75.690319 -9.031782 11.401314 -0.421239 2.455134 -0.80889 6.523558 11.595642 -2.207408 0 0.000003 0 0 0.000003 0 0 0.000003 0 0 0.000003 0 -0.019218 -0.200491 10.95048 -0.010825 -0.150767 8.212845 -0.004815 -0.100702 5.475223 -0.001205 -0.050411 2.737609 0 0.000003 0 89.598688 7.814197 90.1926 15.969454 -0.231527 -0.748226 -14.570057 -0.005175 0.965766 10.33638 0.216998 -1.33359 74.409686 -65.935384 149.622442 44.199063 -44.273017 81.338845 1.332808 44.171649 0.57916 5.471932 1.112845 4.472308 -3.266741 3.39809 0.126377 5.567135 -15.315433 -24.893183 6.482056 -0.197144 -3.991621 1.285364 -9.153195 3.241517 11.104688 4.511629 7.178801 -0.034264 0.000003 0 3.86538 -7.3175 14.047601 21.590419 3.952257 0.848375 2.820013 2.038739 3.640789 0 0.000003 0 2.739705 -4.265615 -20.428978 16.62543 -7.152175 -7.158607 -9.293229 3.956492 -4.551603 0 0.000003 0 7.055292 8.448441 -1.604842 7.798636 -1.853035 -8.404277 -6.52983 -0.603042 -8.56336 -0.019782 0.000003 0 25.57308 44.865063 59.697001 13.30076 10.366338 22.09454 -0.379236 -12.783844 -30.028609 -6.07677 7.97907 9.192813 0 0.000003 0 0 0.000003 0.000008 0.000002 0.000009 -29.221011 0 0.000009 -58.442022 -0.000007 0.000016 -87.66304 -0.05207 0.089014 -59.83187 -0.03064 0.07273 -44.873882 -0.014145 0.051461 -29.915911 -0.003694 0.026654 -14.95795 0 -0.013986 0 -96.478444 -62.718894 116.969599 35.25772 -60.435639 12.9507 31.67671 0.215153 0.061031 2.184995 -5.139592 82.863636 -0.713663 2.205921 0.188295 -2.31197 -14.287039 -22.877688 25.124895 -8.021604 -6.451264 19.413218 -9.355861 -6.879763 7.336366 -1.104398 0.353768 0 0.000003 0 28.080885 -7.59818 -10.106022 41.295956 -8.021221 -6.679717 17.27305 -4.533495 -0.723857 0 0.000003 0 26.622814 -5.130883 -4.655443 30.349286 -6.443304 -2.895665 3.65906 -2.102323 -4.346768 0 0.000003 0 8.659016 2.345066 13.689626 35.498972 1.18433 -2.882799 8.123677 -1.94865 -2.603428 0 0.000003 0 25.57308 44.865063 59.697001 14.639226 -11.879916 23.590227 -37.158842 11.97538 -10.672061 -6.07677 7.97907 9.192813 0 0.000003 0 0 0.000003 0.000008 0 0.000003 -8.276316 0 0.000003 -16.552639 0.000002 0.000003 -24.828962 -0.001463 0.0166 -9.244745 -0.000846 0.012481 -6.933558 -0.000396 0.008335 -4.622372 -0.000114 0.004169 -2.311185 0 0.000003 0 22.1624 3.695285 0.890135 -0.013984 0.000344 1.837005 0 0.000003 0 -26.904824 2.459185 1.795433 -89.999999 -90 0 0 0.000003 0 0 0.000003 0 90.000009 -63.648278 -90.000009 -5.682401 0.000003 0 -28.319916 0.000003 0 -16.252152 0.000003 0 0 0.000003 0 89.999996 -84.450021 179.999995 0 0.000003 0 -90.000003 -84.450021 0 0 0.000003 0 0 0.000003 0
0 0 0 179.999991 0.000003 179.999991 -0.000477 -0.04347999999999996 -0.017045 179.565482 -0.305314 175.601787 -83.355834 6.802454 -101.514247 4.790643 -0.37994 -12.349928 0 0.000003 0 2.071674 7.428762 0.433514 75.504886 -7.992029 9.334273 -0.15412 1.329519 -0.522786 9.740642 10.509164 -0.904349 0 0.000003 0 0 0.000003 0 0 0.000003 0 0 0.000003 0 -0.006425 -0.116281 6.325307 -0.003616 -0.087287 4.743977 -0.001607 -0.058225 3.162651 0.013579 -0.029586 2.177915 0 0.000003 0 81.815011 -4.380737 71.05484 9.602427 -1.011439 -8.423714 0 0.000003 0 1.006324 9.894802 -1.043844 75.690319 -9.031782 11.401314 -0.421239 2.455134 -0.80889 6.523558 11.595628 -2.207394 0 0.000003 0 0 0.000003 0 0 0.000003 0 0 0.000003 0 -0.019146 -0.200122 10.930015 -0.010784 -0.150494 8.197497 -0.004798 -0.100517 5.464991 -0.0012 -0.050315 2.732493 0 0.000003 0 89.615845 7.820651 90.191671 15.969809 -0.224663 -0.7528 -14.572263 0.000235 0.961795 10.352929 0.197764 -1.328333 74.409686 -65.935367 149.622469 44.180809 -44.190181 81.429215 1.339425 44.303239 0.583768 5.470445 1.12016 4.395974 -3.380319 3.719204 0.121824 5.567135 -15.315433 -24.893183 6.472502 -0.203052 -4.096496 1.285339 -9.153195 3.219411 11.102219 4.475784 7.097098 -0.034264 0.000003 0 3.998353 -7.761456 13.970889 21.373817 4.285379 0.832796 2.819839 2.017401 3.616779 0 0.000003 0 2.738188 -4.270204 -20.486316 16.615593 -7.178595 -7.291533 -9.29368 3.955631 -4.481799 0 0.000003 0 7.060882 8.441461 -1.721085 7.773875 -2.006331 -8.459433 -6.532213 -0.613273 -8.529293 -0.019782 0.000003 0 25.57308 44.865063 59.697001 13.365572 10.603393 22.106326 -0.472562 -12.780791 -30.280605 -6.07677 7.97907 9.192813 0 0.000003 0 0 0.000003 0.000008 0.000002 0.000009 -29.241454 0 0.000009 -58.482914 -0.000003 0.000016 -87.724382 -0.052309 0.08915 -59.985959 -0.030792 0.072874 -44.989452 -0.014215 0.051584 -29.992959 -0.003713 0.026729 -14.996476 0 -0.013986 0 -96.478423 -62.71891 116.969585 35.237656 -60.399169 13.001087 31.774399 0.215741 0.0614 2.189188 -5.137802 82.816809 -0.71216 2.125271 0.182762 -2.31197 -14.287039 -22.877688 25.124895 -8.021618 -6.451278 19.413218 -9.355847 -6.879763 7.336376 -1.104391 0.353767 0 0.000003 0 28.08087 -7.598194 -10.106038 41.295966 -8.021221 -6.679715 17.273053 -4.533495 -0.723857 0 0.000003 0 26.622795 -5.130904 -4.655459 30.425129 -6.182118 -2.903999 3.571212 -2.358851 -4.362989 0 0.000003 0 8.659003 2.345039 13.689618 35.498986 1.184323 -2.882797 8.123676 -1.948644 -2.603425 0 0.000003 0 25.57308 44.865063 59.697001 14.639233 -11.87993 23.590213 -37.158842 11.97538 -10.672061 -6.07677 7.97907 9.192813 0 0.000003 0 0 0.000003 0.000008 0 -0.000004 -8.288762 0 0.000003 -16.577532 0.000002 0.000003 -24.866303 -0.001471 0.016648 -9.274118 -0.000851 0.012509 -6.955588 -0.000399 0.008356 -4.637058 -0.000115 0.004183 -2.318528 0 0.000003 0 22.152412 3.455429 0.817217 -0.013984 0.000337 1.793723 0 0.000003 0 -26.912161 2.375447 1.769826 -89.999999 -90 0 0 0.000003 0 0 0.000003 0 90.000009 -63.648278 -90.000009 -5.682401 0.000003 0 -28.319916 0.000003 0 -16.252152 0.000003 0 0 0.000003 0 89.999996 -84.450021 179.999995 0 0.000003 0 -90.000003 -84.450021 0 0 0.000003 0 0 0.000003 0
0 0 0 179.999991 0.000003 179.999991 -0.000398 -0.04347599999999996 -0.017063 179.580454 -0.297698 175.589766 -83.329223 6.812952 -101.525803 4.78651 -0.379681 -12.349895 0 0.000003 0 2.083286 7.436419 0.442682 75.504886 -7.992029 9.334273 -0.15412 1.329519 -0.522786 9.740636 10.509171 -0.904367 0 0.000003 0 0 0.000003 0 0 0.000003 0 0 0.000003 0 -0.006446 -0.116466 6.335516 -0.003628 -0.087431 4.751634 -0.001612 -0.05832 3.167755 0.013577 -0.029627 2.180467 0 0.000003 0 81.844975 -4.416596 71.080966 9.54918 -1.006419 -8.422776 0 0.000003 0 1.026432 9.883703 -1.064784 75.690319 -9.031782 11.401314 -0.421239 2.455134 -0.80889 6.523558 11.595635 -2.207408 0 0.000003 0 0 0.000003 0 0 0.000003 0 0 0.000003 0 -0.019081 -0.199781 10.911097 -0.010747 -0.150234 8.183308 -0.004781 -0.10034 5.455532 -0.001196 -0.050227 2.727764 0 0.000003 0 89.633078 7.83078 90.190708 15.971598 -0.216064 -0.765038 -14.573119 0.007878 0.963306 10.374147 0.18062 -1.310853 74.409693 -65.935367 149.622442 44.21747 -44.139146 81.390187 1.343117 44.376308 0.586351 5.469842 1.123104 4.365191 -3.331568 3.615768 0.124355 5.567135 -15.315433 -24.893183 6.472516 -0.203032 -4.096492 1.285329 -9.153195 3.219411 11.102221 4.475784 7.097099 -0.034264 0.000003 0 3.919732 -7.453148 13.98131 21.516436 4.024452 0.730028 2.819847 2.017408 3.616782 0 0.000003 0 2.738194 -4.270177 -20.486309 16.615588 -7.178588 -7.291529 -9.293694 3.955638 -4.4818 0 0.000003 0 7.060886 8.441488 -1.72108 7.773866 -2.006331 -8.459429 -6.532213 -0.61328 -8.529293 -0.019782 0.000003 0 25.57308 44.865063 59.697001 13.365556 10.603407 22.106338 -0.47256 -12.780784 -30.280609 -6.07677 7.97907 9.192813 0 0.000003 0 0 0.000003 0.000008 0.000002 0.000009 -29.249698 0 0.000009 -58.499402 -0.000007 0.000016 -87.749107 -0.052333 0.089171 -60.001873 -0.030806 0.072887 -45.001391 -0.014222 0.051598 -30.000916 -0.003715 0.026736 -15.000455 0 -0.013986 0 -96.302819 -62.774246 116.962359 35.54677 -60.342468 12.718978 31.85481 0.216233 0.061701 2.198098 -5.134012 82.717259 -0.724345 2.05173 0.177681 -2.31197 -14.287039 -22.877688 25.124895 -8.021618 -6.45125 19.413218 -9.355847 -6.879763 7.33637 -1.104391 0.353766 0 0.000003 0 28.080868 -7.5982 -10.106014 41.295962 -8.021221 -6.679717 17.27305 -4.533501 -0.723858 0 0.000003 0 26.622793 -5.130904 -4.655434 30.425122 -6.182125 -2.903999 3.571205 -2.358851 -4.362989 0 0.000003 0 8.659003 2.345039 13.689644 35.697345 1.36462 -2.878392 7.917401 -2.117083 -2.353312 0 0.000003 0 25.57308 44.865063 59.697001 14.639243 -11.879937 23.590234 -37.158842 11.975373 -10.672061 -6.07677 7.97907 9.192813 0 0.000003 0 0 0.000003 0.000008 0 0.000003 -8.315223 0 0.000003 -16.630455 0.000002 0.000003 -24.945685 -0.001458 0.016573 -9.227574 -0.000843 0.012447 -6.920679 -0.000395 0.008315 -4.613786 -0.000114 0.004162 -2.306892 0 0.000003 0 22.1524 3.455423 0.817224 -0.013984 0.000337 1.79372 0 0.000003 0 -26.912154 2.37546 1.769815 -89.999999 -90 0 0 0.000003 0 0 0.000003 0 90.000009 -63.648278 -90.000009 -5.682401 0.000003 0 -28.319916 0.000003 0 -16.252152 0.000003 0 0 0.000003 0 89.999996 -84.450021 179.999995 0 0.000003 0 -90.000003 -84.450021 0 0 0.000003 0 0 0.000003 0
0 0 0 179.999991 0.000003 179.999991 -0.00024 -0.04342400000000002 -0.017011 179.594866 -0.291346 175.571747 -83.314456 6.879109 -101.568205 4.687212 -0.373267 -12.349245 0 0.000003 0 2.139545 7.423892 0.482254 75.504886 -7.992029 9.334273 -0.15412 1.329519 -0.522786 9.740652 10.509171 -0.904353 0 0.000003 0 0 0.000003 0 0 0.000003 0 0 0.000003 0 -0.006519 -0.117128 6.371615 -0.003669 -0.087923 4.778708 -0.001631 -0.058648 3.185804 0.013573 -0.029798 2.189492 0 0.000003 0 81.883771 -4.490471 71.077728 9.423381 -0.994623 -8.420576 0 0.000003 0 1.088184 9.856478 -1.058103 75.690319 -9.031782 11.401314 -0.421239 2.455134 -0.80889 6.523558 11.595649 -2.207394 0 0.000003 0 0 0.000003 0 0 0.000003 0 0 0.000003 0 -0.019101 -0.199883 10.916987 -0.010759 -0.150309 8.187725 -0.004786 -0.100401 5.458476 -0.001197 -0.050254 2.729236 0 0.000003 0 89.649081 7.835882 90.189841 15.963146 -0.220032 -0.759849 -14.576317 0.013437 0.955887 10.402709 0.391591 -1.31235 74.667314 -65.920079 149.126966 44.038642 -44.115489 81.613944 1.344706 44.408561 0.587451 5.469224 1.126123 4.333649 -3.264264 3.542159 0.127878 5.567135 -15.315433 -24.893183 6.472522 -0.203025 -4.096494 1.285339 -9.153195 3.219409 11.102219 4.475784 7.097098 -0.034264 0.000003 0 3.919731 -7.453148 13.981303 21.516448 4.024473 0.980548 2.810978 2.029668 3.644492 0 0.000003 0 2.738193 -4.270177 -20.486312 16.615584 -7.178595 -7.291534 -9.293681 3.955631 -4.481799 0 0.000003 0 7.060889 8.441495 -1.721086 7.773866 -2.006331 -8.459433 -6.532213 -0.613273 -8.52929 -0.019782 0.000003 0 25.57308 44.865063 59.697001 13.365548 10.603407 22.106336 -0.472555 -12.780791 -30.280612 -6.07677 7.97907 9.192813 0 0.000003 0 0 0.000003 0.000008 0.000002 0.000009 -29.258147 0 0.000009 -58.5163 -0.000007 0.000016 -87.774454 -0.052661 0.089348 -60.206246 -0.031002 0.073086 -45.154667 -0.014314 0.051755 -30.103103 -0.003739 0.026825 -15.051548 0 -0.013986 0 -96.715923 -62.741197 117.42841 35.568733 -60.295227 12.747413 31.939522 0.216724 0.062013 2.203416 -5.13173 82.657829 -0.62946 2.233707 0.189934 -2.31197 -14.287039 -22.877688 25.158964 -8.001742 -6.319674 19.249785 -9.429791 -6.895076 7.342274 -1.064271 0.38996 0 0.000003 0 28.108032 -7.571952 -10.266389 41.178852 -8.194927 -6.541897 17.294915 -4.446847 -0.660618 0 0.000003 0 26.546744 -5.360337 -4.796355 30.425115 -6.182125 -2.904002 3.571205 -2.358851 -4.362986 0 0.000003 0 8.567647 2.083504 13.626894 35.697335 1.364613 -2.878387 7.917395 -2.117083 -2.353313 0 0.000003 0 25.57308 44.865063 59.697001 14.639211 -11.879903 23.51996 -37.392626 12.05319 -10.670163 -6.07677 7.97907 9.192813 0 0.000003 0 0 0.000003 0.000008 0 0.000003 -8.33102 0 0.000003 -16.662048 0.000002 0.000003 -24.993078 -0.001468 0.016627 -9.260547 -0.000849 0.012495 -6.94541 -0.000398 0.008342 -4.630273 -0.000115 0.004176 -2.315136 0 0.000003 0 22.149347 3.252368 0.743773 -0.013984 0.000337 1.793729 0 0.000003 0 -26.912158 2.375454 1.769833 -89.999999 -90 0 0 0.000003 0 0 0.000003 0 90.000009 -63.648278 -90.000009 -5.682401 0.000003 0 -28.319916 0.000003 0 -16.252152 0.000003 0 0 0.000003 0 89.999996 -84.450021 179.999995 0 0.000003 0 -90.000003 -84.450021 0 0 0.000003 0 0 0.000003 0
0 0 0 179.999991 0.000003 179.999991 -0.000405 -0.04339499999999996 -0.017022 179.602952 -0.276005 175.546285 -83.306137 6.922126 -101.627587 4.658006 -0.371369 -12.349055 0 0.000003 0 2.158253 7.417199 0.530242 75.504886 -7.992029 9.334273 -0.15412 1.329519 -0.522786 9.740666 10.509171 -0.904349 0 0.000003 0 0 0.000003 0 0 0.000003 0 0 0.000003 0 -0.006619 -0.118016 6.420162 -0.003725 -0.088599 4.815118 -0.001656 -0.059099 3.210077 0.013566 -0.03003 2.201628 0 0.000003 0 81.896967 -4.586128 71.06344 9.27461 -0.980649 -8.418019 0 0.000003 0 1.170762 9.84348 -1.024464 75.690319 -9.031782 11.401314 -0.421239 2.455134 -0.80889 6.523586 11.595628 -2.207408 0 0.000003 0 0 0.000003 0 0 0.000003 0 0 0.000003 0 -0.019155 -0.200163 10.932401 -0.010789 -0.150528 8.199285 -0.004799 -0.100538 5.466183 -0.001201 -0.050322 2.73309 0 0.000003 0 89.660686 7.841026 90.189206 15.958628 -0.22467 -0.755734 -14.580326 0.019653 0.9502 10.441841 0.385567 -1.296779 74.667355 -65.920079 149.126925 44.111909 -44.041358 81.521006 1.344013 44.393753 0.586985 5.468734 1.128507 4.308808 -3.184284 3.499375 0.132114 5.567135 -15.315433 -24.893183 6.472506 -0.203032 -4.096495 1.285332 -9.153202 3.219411 11.102221 4.475784 7.097098 -0.034264 0.000003 0 3.919729 -7.453155 13.981307 21.516448 4.02448 0.980545 2.81098 2.029668 3.644495 0 0.000003 0 2.73819 -4.270177 -20.486314 16.615596 -7.178595 -7.291536 -9.293693 3.955638 -4.4818 0 0.000003 0 7.060886 8.441481 -1.721084 7.773873 -2.006331 -8.459433 -6.532211 -0.613273 -8.529291 -0.019782 0.000003 0 25.57308 44.865063 59.697001 13.365561 10.6034 22.106341 -0.472559 -12.780791 -30.280605 -6.07677 7.97907 9.192813 0 0.000003 0 0 0.000003 0.000008 0.000002 0.000003 -29.264799 0 0.000009 -58.529605 -0.000003 0.000016 -87.794418 -0.052647 0.089335 -60.199184 -0.030995 0.073079 -45.149371 -0.014311 0.051755 -30.099571 -0.003738 0.026825 -15.049781 0 -0.013986 0 -96.715957 -62.74121 117.428437 35.588619 -60.250104 12.789416 32.027525 0.217257 0.062353 2.210229 -5.128814 82.581673 -0.632602 2.145624 0.183855 -2.31197 -14.287039 -22.877688 25.158992 -8.001728 -6.31966 19.249785 -9.429798 -6.895076 7.342277 -1.064271 0.38996 0 0.000003 0 28.108032 -7.571932 -10.266379 41.178849 -8.194934 -6.541895 17.294915 -4.446847 -0.660619 0 0.000003 0 26.546737 -5.360323 -4.796345 30.425122 -6.182125 -2.904004 3.571212 -2.358844 -4.362984 0 0.000003 0 8.664278 2.425628 13.630708 35.679703 1.076106 -3.085661 7.917391 -2.117083 -2.35331 0 0.000003 0 25.57308 44.865063 59.697001 14.639199 -11.879889 23.519978 -37.392626 12.053203 -10.670149 -6.07677 7.97907 9.192813 0 0.000003 0 0 0.000003 0.000008 0 0.000003 -8.35126 0 0.000003 -16.702531 0.000002 0.000003 -25.0538 -0.00148 0.016695 -9.300247 -0.000856 0.012556 -6.975185 -0.000401 0.008383 -4.650123 -0.000115 0.004189 -2.32506 0 0.000003 0 22.149354 3.252354 0.743769 -0.013984 0.000337 1.793716 0 0.000003 0 -26.912158 2.375447 1.769822 -89.999999 -90 0 0 0.000003 0 0 0.000003 0 90.000009 -63.648278 -90.000009 -5.682401 0.000003 0 -28.319916 0.000003 0 -16.252152 0.000003 0 0 0.000003 0 89.999996 -84.450021 179.999995 0 0.000003 0 -90.000003 -84.450021 0 0 0.000003 0 0 0.000003 0
0 0 0 179.999991 0.000003 179.999991 -0.000268 -0.04337800000000003 -0.016818 179.608389 -0.283314 175.526258 -83.293515 6.950669 -101.677229 4.626862 -0.369347 -12.348864 0 0.000003 0 2.188606 7.411379 0.591495 75.504886 -7.992029 9.334273 -0.15412 1.329519 -0.522786 9.740646 10.509157 -0.904355 0 0.000003 0 0 0.000003 0 0 0.000003 0 0 0.000003 0 -0.006702 -0.118754 6.460644 -0.003772 -0.089145 4.84548 -0.001677 -0.059475 3.230318 0.013561 -0.030214 2.211749 0 0.000003 0 81.908974 -4.603203 71.024931 9.26455 -0.97972 -8.41785 0 0.000003 0 1.184956 9.8276 -0.992815 75.690319 -9.031782 11.401314 -0.421239 2.455134 -0.80889 6.523558 11.595628 -2.207408 0 0.000003 0 0 0.000003 0 0 0.000003 0 0 0.000003 0 -0.019264 -0.20073 10.963544 -0.010851 -0.150952 8.222643 -0.004827 -0.100825 5.481754 -0.001207 -0.050466 2.740875 0 0.000003 0 89.680828 7.8525 90.274877 15.960166 -0.217478 -0.837067 -14.584459 0.025848 0.949272 10.476434 0.381093 -1.307568 74.667307 -65.920062 149.12698 44.212921 -43.990688 81.37053 1.33991 44.312678 0.584119 5.46964 1.124095 4.354847 -3.26605 3.746204 0.128863 5.567135 -15.315433 -24.893183 6.449599 -0.217068 -4.132756 1.347946 -9.427892 3.213037 11.102209 4.475778 7.097095 -0.034264 0.000003 0 4.091269 -7.689383 13.937404 21.516459 4.02448 0.980543 2.810977 2.029668 3.6445 0 0.000003 0 2.734515 -4.281126 -20.511844 16.707329 -7.439207 -7.370178 -9.293695 3.955638 -4.481802 0 0.000003 0 7.218392 8.207984 -1.778055 7.773869 -2.006331 -8.459432 -6.532212 -0.613273 -8.529286 -0.019782 0.000003 0 25.57308 44.865063 59.697001 13.514287 10.57485 22.133713 -0.415573 -12.782765 -30.039206 -6.07677 7.97907 9.192813 0 0.000003 0 0 0.000003 0.000008 0.000002 0.000009 -29.252471 0 0.000009 -58.504942 -0.000007 0.000016 -87.757426 -0.052524 0.08928 -60.121886 -0.03092 0.073004 -45.091399 -0.014277 0.051693 -30.060919 -0.003728 0.026784 -15.030458 0 -0.013986 0 -96.715902 -62.741181 117.428382 35.64813 -60.210967 12.791463 32.090093 0.21764 0.062583 2.216519 -5.126095 82.511206 -0.633695 2.062289 0.178063 -2.31197 -14.287039 -22.877688 25.158964 -8.001742 -6.319646 19.249785 -9.429798 -6.895076 7.342277 -1.064271 0.38996 0 0.000003 0 28.108038 -7.571932 -10.266375 41.178849 -8.194934 -6.541897 17.294908 -4.446847 -0.660619 0 0.000003 0 26.593393 -5.0475 -4.800575 30.36989 -6.447662 -2.78118 3.582675 -2.341407 -4.339983 0 0.000003 0 8.664286 2.425621 13.630713 35.679703 1.076112 -3.085664 7.917389 -2.117076 -2.353307 0 0.000003 0 25.57308 44.865063 59.697001 14.639206 -11.879882 23.519978 -37.392626 12.05319 -10.670149 -6.07677 7.97907 9.192813 0 0.000003 0 0 0.000003 0.000008 0 0.000003 -8.369991 0 0.000003 -16.739991 0.000002 0.000003 -25.10999 -0.001488 0.01675 -9.329152 -0.000861 0.012591 -6.996864 -0.000403 0.008404 -4.664575 -0.000116 0.004203 -2.332287 0 0.000003 0 22.158416 3.476972 0.811997 -0.013984 0.000324 1.756323 0 0.000003 0 -26.916529 2.144443 1.811224 -89.999999 -90 0 0 0.000003 0 0 0.000003 0 90.000009 -63.648278 -90.000009 -5.682401 0.000003 0 -28.319916 0.000003 0 -16.252152 0.000003 0 0 0.000003 0 89.999996 -84.450021 179.999995 0 0.000003 0 -90.000003 -84.450021 0 0 0.000003 0 0 0.000003 0
0 0 0 179.999991 0.000003 179.999991 -0.000503 -0.043398999999999965 -0.016815 179.613293 -0.311406 175.512858 -83.281931 6.913424 -101.703907 4.716408 -0.375152 -12.34944 0 0.000003 0 2.153699 7.415129 0.649198 75.504886 -7.992029 9.334273 -0.15412 1.329519 -0.522786 9.740645 10.509171 -0.904362 0 0.000003 0 0 0.000003 0 0 0.000003 0 0 0.000003 0 -0.006744 -0.119123 6.480776 -0.003795 -0.089432 4.860579 -0.001687 -0.059659 3.240385 0.013559 -0.03031 2.216782 0 0.000003 0 81.901673 -4.652982 70.957305 9.206363 -0.974269 -8.416858 0 0.000003 0 1.224382 9.831575 -0.947243 75.690319 -9.031782 11.401314 -0.421239 2.455134 -0.80889 6.523558 11.595635 -2.207408 0 0.000003 0 0 0.000003 0 0 0.000003 0 0 0.000003 0 -0.019459 -0.201734 11.018991 -0.01096 -0.151703 8.264228 -0.004876 -0.10133 5.509478 -0.00122 -0.050725 2.754737 0 0.000003 0 89.671853 7.87325 90.188516 15.960076 -0.225906 -0.776833 -14.583043 0.029516 0.95305 10.240936 0.370226 -1.326789 74.610828 -65.804364 149.15135 43.991906 -44.029654 81.570108 1.336192 44.239322 0.581515 5.471312 1.115912 4.440394 -3.148584 3.727776 0.135544 5.567135 -15.315433 -24.893183 6.449596 -0.217081 -4.132751 1.369692 -9.140792 3.209583 11.103563 4.495681 7.042262 -0.034264 0.000003 0 3.797539 -7.571009 13.976401 21.410924 4.09925 0.934749 2.820012 2.035891 3.624645 0 0.000003 0 2.734519 -4.281133 -20.511833 16.707324 -7.439207 -7.370177 -9.293691 3.955631 -4.481803 0 0.000003 0 6.932949 8.438209 -1.81935 7.770317 -2.027423 -8.481963 -6.533081 -0.617037 -8.497642 -0.019782 0.000003 0 25.57308 44.865063 59.697001 13.514303 10.57485 22.133708 -0.415579 -12.782765 -30.039192 -6.07677 7.97907 9.192813 0 0.000003 0 0 0.000003 0.000008 0.000002 0.000009 -29.229555 0 0.000009 -58.459118 -0.000007 0.000016 -87.68868 -0.052722 0.089389 -60.244755 -0.031038 0.07312 -45.183552 -0.014333 0.051789 -30.122357 -0.003742 0.026845 -15.061175 0 -0.013986 0 -96.441656 -62.731713 117.421744 35.747106 -60.151711 12.796849 32.160881 0.21807 0.062863 2.199475 -5.133417 82.701898 -0.669485 2.320976 0.195903 -2.31197 -14.287039 -22.877688 25.166368 -8.199237 -6.318157 19.317186 -9.28676 -6.876662 7.350038 -1.008939 0.390236 0 0.000003 0 28.181975 -7.716001 -10.100389 41.244425 -7.785675 -6.477897 17.333985 -4.287355 -0.67942 0 0.000003 0 26.646883 -5.203516 -4.668113 30.425269 -6.153465 -2.730121 3.605174 -2.306573 -4.333899 0 0.000003 0 8.662632 2.139334 13.536734 35.675034 1.241499 -2.87269 7.933388 -2.055946 -2.354696 0 0.000003 0 25.57308 44.865063 59.697001 14.712929 -12.131657 23.357466 -37.560266 12.30327 -10.897635 -6.07677 7.97907 9.192813 0 0.000003 0 0 0.000003 0.000008 0 0.000003 -8.319305 0 0.000003 -16.638619 0.000002 0.000003 -24.957933 -0.001503 0.016832 -9.377215 -0.00087 0.012652 -7.03291 -0.000407 0.008451 -4.688606 -0.000117 0.004224 -2.344302 0 0.000003 0 22.427344 3.475059 0.821779 -0.013984 0.000324 1.756314 0 0.000003 0 -26.916532 2.14445 1.811206 -89.999999 -90 0 0 0.000003 0 0 0.000003 0 90.000009 -63.648278 -90.000009 -5.682401 0.000003 0 -28.319916 0.000003 0 -16.252152 0.000003 0 0 0.000003 0 89.999996 -84.450021 179.999995 0 0.000003 0 -90.000003 -84.450021 0 0 0.000003 0 0 0.000003 0
0 0 0 179.999991 0.000003 179.999991 -0.000455 -0.043493000000000004 -0.016725 179.613061 -0.34221 175.487326 -83.265108 6.85963 -101.737396 4.866167 -0.384851 -12.35043 0 0.000003 0 2.092163 7.431692 0.71975 75.504886 -7.992029 9.334273 -0.15412 1.329519 -0.522786 9.740634 10.509171 -0.904362 0 0.000003 0 0 0.000003 0 0 0.000003 0 0 0.000003 0 -0.006796 -0.119587 6.505866 -0.003825 -0.089774 4.879396 -0.0017 -0.059891 3.252929 0.013555 -0.030426 2.223054 0 0.000003 0 81.88052 -4.604378 70.892822 9.372337 -0.989849 -8.419701 0 0.000003 0 1.146639 9.846526 -0.907182 75.690319 -9.031782 11.401314 -0.421239 2.455134 -0.80889 6.523558 11.595628 -2.207394 0 0.000003 0 0 0.000003 0 0 0.000003 0 0 0.000003 0 -0.019631 -0.202615 11.067755 -0.011057 -0.152372 8.300801 -0.004919 -0.101781 5.53386 -0.001231 -0.050951 2.766928 0 0.000003 0 89.67061 7.88105 90.188543 15.954045 -0.226295 -0.788207 -14.583274 0.031251 0.948514 10.280835 0.369775 -1.341613 74.610842 -65.804347 149.151336 44.117558 -43.985306 81.376349 1.334312 44.201032 0.580206 5.47215 1.111773 4.483547 -3.04735 3.675846 0.140893 5.567135 -15.315433 -24.893183 6.449588 -0.217068 -4.132738 1.369696 -9.140792 3.209584 11.103564 4.495681 7.042261 -0.034264 0.000003 0 3.797533 -7.570996 13.976416 21.410915 4.09925 0.934743 2.820021 2.035897 3.624649 0 0.000003 0 2.734515 -4.281126 -20.51182 16.634106 -7.128878 -7.360885 -9.293716 3.955625 -4.432952 0 0.000003 0 6.932947 8.438209 -1.819336 7.770304 -2.027423 -8.481964 -6.533073 -0.61703 -8.497636 -0.019782 0.000003 0 25.57308 44.865063 59.697001 13.514307 10.57485 22.133727 -0.415574 -12.782765 -30.039206 -6.07677 7.97907 9.192813 0 0.000003 0 0 0.000003 0.000008 0.000002 0.000009 -29.217999 0 0.000009 -58.436004 -0.000003 0.000016 -87.654003 -0.052528 0.08928 -60.125882 -0.030924 0.07301 -45.094394 -0.014277 0.051693 -30.062921 -0.003729 0.026791 -15.031455 0 -0.013986 0 -96.441684 -62.731713 117.421757 35.853777 -60.092039 12.79555 32.253769 0.21863 0.06322 2.209884 -5.128957 82.585525 -0.675441 2.188983 0.186915 -2.31197 -14.287039 -22.877688 25.166368 -8.199209 -6.318157 19.317158 -9.28676 -6.876662 7.350046 -1.008946 0.390236 0 0.000003 0 28.181944 -7.715973 -10.100388 41.244442 -7.785669 -6.477895 17.214607 -4.680576 -0.670089 0 0.000003 0 26.646853 -5.203488 -4.668113 30.425265 -6.153472 -2.730119 3.605183 -2.306573 -4.333899 0 0.000003 0 8.662603 2.139368 13.536725 35.675048 1.241512 -2.872704 7.93339 -2.055953 -2.354689 0 0.000003 0 25.57308 44.865063 59.697001 14.712899 -12.13167 23.35748 -37.560266 12.30327 -10.897635 -6.07677 7.97907 9.192813 0 0.000003 0 0 0.000003 0.000008 0 0.000003 -8.350238 0 0.000003 -16.700484 0.000002 0.000003 -25.050728 -0.001518 0.016921 -9.42407 -0.000878 0.012713 -7.068051 -0.000411 0.008486 -4.712034 -0.000118 0.004244 -2.356016 0 0.000003 0 22.427341 3.475052 0.821783 -0.013984 0.000324 1.756329 0 0.000003 0 -26.916531 2.14447 1.811214 -89.999999 -90 0 0 0.000003 0 0 0.000003 0 90.000009 -63.648278 -90.000009 -5.682401 0.000003 0 -28.319916 0.000003 0 -16.252152 0.000003 0 0 0.000003 0 89.999996 -84.450021 179.999995 0 0.000003 0 -90.000003 -84.450021 0 0 0.000003 0 0 0.000003 0
0 0 0 179.999991 0.000003 179.999991 -0.000358 -0.04346700000000003 -0.016571 179.60746 -0.357899 175.46312 -83.272082 6.909135 -101.77613 4.793848 -0.380132 -12.349938 0 0.000003 0 2.141874 7.413975 0.776002 75.504886 -7.992029 9.334273 -0.15412 1.329519 -0.522786 9.740651 10.509171 -0.904353 0 0.000003 0 0 0.000003 0 0 0.000003 0 0 0.000003 0 -0.006863 -0.120175 6.537904 -0.003863 -0.090217 4.903424 -0.001717 -0.060185 3.268948 0.013551 -0.030569 2.231064 0 0.000003 0 81.878778 -4.635941 70.850454 9.350966 -0.98782 -8.41933 0 0.000003 0 1.164631 9.834867 -0.877458 75.690319 -9.031782 11.401314 -0.421239 2.455134 -0.80889 6.523558 11.595628 -2.207408 0 0.000003 0 0 0.000003 0 0 0.000003 0 0 0.000003 0 -0.019754 -0.203243 11.102516 -0.011126 -0.15285 8.326871 -0.00495 -0.102095 5.551241 -0.001238 -0.051108 2.775618 0 0.000003 0 89.661403 7.879944 90.189048 15.949096 -0.228433 -0.780697 -14.586183 0.032917 0.942495 10.311953 0.372323 -1.358759 74.610855 -65.804347 149.151323 44.207443 -43.88091 81.31873 1.33393 44.194216 0.579935 5.470942 1.117722 4.421472 -3.344126 3.702081 0.123927 5.567135 -15.315433 -24.893183 6.477015 -0.200245 -4.088574 1.282551 -9.133613 3.255367 11.102196 4.475832 6.965342 -0.034264 0.000003 0 4.164736 -7.661591 13.951427 21.410927 4.099257 0.934746 2.820023 2.035891 3.62465 0 0.000003 0 2.738879 -4.268026 -20.507756 16.614934 -7.180418 -7.384566 -9.293877 3.955235 -4.421022 0 0.000003 0 7.29245 8.349082 -1.570368 7.780031 -1.989584 -8.399898 -6.529146 -0.657888 -8.853959 -0.019782 0.000003 0 25.57308 44.865063 59.697001 13.365545 10.603338 22.106353 -0.472553 -12.780805 -30.262932 -6.07677 7.97907 9.192813 0 0.000003 0 0 0.000003 0.000008 0.000002 0.000009 -29.234623 0 0.000009 -58.469254 -0.000003 0.000009 -87.703891 -0.052606 0.089328 -60.177744 -0.030975 0.073058 -45.133292 -0.014301 0.051734 -30.088848 -0.003735 0.026811 -15.044421 0 -0.013986 0 -96.441684 -62.731728 117.421757 35.951893 -60.050655 12.782213 32.369417 0.219368 0.063657 2.180671 -5.141422 82.911912 -0.84483 2.284796 0.193609 -2.31197 -14.287039 -22.877688 25.165139 -7.995041 -6.318034 19.558264 -9.452945 -6.944445 7.358141 -0.947693 0.384879 0 0.000003 0 28.109546 -7.562233 -10.090674 41.374803 -7.866238 -6.53086 17.434667 -4.343083 -0.690689 0 0.000003 0 26.819913 -5.200237 -4.683799 30.423114 -6.208264 -2.730816 3.679583 -1.989932 -4.334434 0 0.000003 0 8.663228 2.329753 13.536841 35.848945 1.269168 -2.912644 7.951448 -1.984502 -2.363467 0 0.000003 0 25.57308 44.865063 59.697001 14.639211 -11.879875 23.373083 -37.3676 12.142358 -10.761837 -6.07677 7.97907 9.192813 0 0.000003 0 0 0.000003 0.000008 0 0.000003 -8.263486 0 0.000003 -16.52698 0.000002 0.000003 -24.790472 -0.001528 0.016982 -9.457478 -0.000883 0.012761 -7.093109 -0.000413 0.00852 -4.728738 -0.000119 0.004265 -2.364368 0 0.000003 0 22.427343 3.475059 0.821777 -0.013985 0.000283 1.573609 0 0.000003 0 -26.664953 2.121582 1.574141 -89.999999 -90 0 0 0.000003 0 0 0.000003 0 90.000009 -63.648278 -90.000009 -5.682401 0.000003 0 -28.319916 0.000003 0 -16.252152 0.000003 0 0 0.000003 0 89.999996 -84.450021 179.999995 0 0.000003 0 -90.000003 -84.450021 0 0 0.000003 0 0 0.000003 0
0 0 0 179.999991 0.000003 179.999991 -0.000407 -0.043506000000000045 -0.016603 179.605821 -0.376109 175.438477 -83.269234 6.907475 -101.833223 4.838897 -0.383089 -12.350244 0 0.000003 0 2.130072 7.410512 0.854774 75.504886 -7.992029 9.334273 -0.15412 1.329519 -0.522786 9.740654 10.509171 -0.904358 0 0.000003 0 0 0.000003 0 0 0.000003 0 0 0.000003 0 -0.006958 -0.121001 6.582982 -0.003916 -0.090839 4.937233 -0.001741 -0.060595 3.291487 0.013545 -0.030781 2.242333 0 0.000003 0 81.866531 -4.659491 70.797008 9.371599 -0.989774 -8.419689 0 0.000003 0 1.157751 9.840119 -0.835869 75.690319 -9.031782 11.401314 -0.421239 2.455134 -0.80889 6.523558 11.595628 -2.207408 0 0.000003 0 0 0.000003 0 0 0.000003 0 0 0.000003 0 -0.019907 -0.204022 11.145643 -0.011213 -0.153438 8.359218 -0.004988 -0.102491 5.572803 -0.001248 -0.051313 2.7864 0 0.000003 0 89.650481 7.879124 90.189615 15.947235 -0.228331 -0.780974 -14.58537 0.034789 0.946232 10.336921 0.380342 -1.380146 74.610855 -65.804347 149.151323 44.28388 -43.736113 81.308013 1.335694 44.229104 0.581172 5.4683 1.130611 4.286765 -3.269912 3.597381 0.127968 5.567135 -15.315433 -24.893183 6.477021 -0.200245 -4.088571 1.282551 -9.133613 3.255368 11.102205 4.475839 6.965342 -0.034264 0.000003 0 3.854108 -7.522242 13.992455 21.417691 4.064177 0.88942 2.819893 2.024327 3.612341 0 0.000003 0 2.738891 -4.268026 -20.507759 16.61493 -7.180411 -7.384559 -9.29387 3.955235 -4.421023 0 0.000003 0 7.021135 8.480741 -1.610072 7.772836 -2.012362 -8.40922 -6.532104 -0.612788 -8.833627 -0.019782 0.000003 0 25.57308 44.865063 59.697001 13.365538 10.603345 22.106343 -0.472555 -12.780798 -30.262929 -6.07677 7.97907 9.192813 0 0.000003 0 0 0.000003 0.000008 0.000002 0.000009 -29.270701 0 0.000009 -58.541415 -0.000007 0.000016 -87.812122 -0.052818 0.089437 -60.305905 -0.031098 0.073174 -45.229407 -0.01436 0.05183 -30.152929 -0.003751 0.026866 -15.076459 0 -0.013986 0 -96.441684 -62.731713 117.421771 36.035197 -60.026353 12.74957 32.499184 0.220133 0.064153 2.185391 -5.139414 82.85921 -0.858135 2.120319 0.182612 -2.31197 -14.287039 -22.877688 25.165139 -7.995034 -6.318007 19.558237 -9.452945 -6.944458 7.358141 -0.947693 0.38488 0 0.000003 0 28.109538 -7.562226 -10.090656 41.374807 -7.866244 -6.530858 17.216272 -4.676109 -0.673522 0 0.000003 0 26.491597 -5.100626 -4.654308 30.412131 -6.3426 -2.758232 3.651493 -2.141419 -4.320732 0 0.000003 0 8.663218 2.329766 13.536852 35.848945 1.269161 -2.912637 7.951454 -1.984495 -2.363465 0 0.000003 0 25.57308 44.865063 59.697001 14.639192 -11.879875 23.373102 -37.3676 12.142358 -10.761837 -6.07677 7.97907 9.192813 0 0.000003 0 0 0.000003 0.000008 0 0.000003 -8.277493 0 0.000003 -16.554995 0.000002 0.000003 -24.832498 -0.001532 0.017003 -9.471348 -0.000886 0.012775 -7.103511 -0.000414 0.00854 -4.735673 -0.000119 0.004271 -2.367836 0 0.000003 0 22.437089 3.70857 0.892745 -0.013985 0.000303 1.659627 0 0.000003 0 -26.65328 2.381949 1.587854 -89.999999 -90 0 0 0.000003 0 0 0.000003 0 90.000009 -63.648278 -90.000009 -5.682401 0.000003 0 -28.319916 0.000003 0 -16.252152 0.000003 0 0 0.000003 0 89.999996 -84.450021 179.999995 0 0.000003 0 -90.000003 -84.450021 0 0 0.000003 0 0 0.000003 0
0 0 0 179.999991 0.000003 179.999991 -0.00063 -0.04355600000000004 -0.016354 179.599114 -0.390835 175.421169 -83.271843 6.841769 -101.863017 4.990637 -0.39289 -12.351274 0 0.000003 0 2.06427 7.416782 0.901036 75.504886 -7.992029 9.334273 -0.15412 1.329519 -0.522786 9.74065 10.509171 -0.904362 0 0.000003 0 0 0.000003 0 0 0.000003 0 0 0.000003 0 -0.007003 -0.121384 6.604229 -0.003941 -0.091133 4.953168 -0.001752 -0.060793 3.302111 0.013542 -0.030884 2.247645 0 0.000003 0 81.833241 -4.624596 70.759865 9.460314 -0.998086 -8.421234 0 0.000003 0 1.135319 9.854429 -0.805607 75.690319 -9.031782 11.401314 -0.421239 2.455134 -0.80889 6.523558 11.595642 -2.207394 0 0.000003 0 0 0.000003 0 0 0.000003 0 0 0.000003 0 -0.020006 -0.204521 11.173365 -0.011269 -0.153813 8.380007 -0.005013 -0.102744 5.586664 -0.001254 -0.051429 2.79333 0 0.000003 0 89.629287 7.879165 90.190742 15.944421 -0.229997 -0.778869 -14.583272 0.035513 0.956849 10.354985 0.397608 -1.407009 74.610821 -65.804364 149.15135 44.388098 -43.573842 81.265673 1.338792 44.290672 0.583328 5.473414 1.105516 4.548851 -3.198579 3.422037 0.130341 5.567135 -15.315433 -24.893183 6.595452 -0.127053 -3.973936 1.361521 -9.122384 3.234555 11.065306 4.567869 7.181898 -0.034264 0.000003 0 3.895538 -7.457676 14.035257 21.387822 4.225943 0.970563 2.802253 2.04852 3.638921 0 0.000003 0 2.757657 -4.211253 -20.445212 16.670125 -7.048186 -7.151908 -9.339495 3.845413 -4.554701 0 0.000003 0 6.951514 8.56674 -1.621824 7.786125 -1.960064 -8.402544 -6.527928 -0.657232 -8.606663 -0.019782 0.000003 0 25.57308 44.865063 59.697001 13.36556 10.603359 21.910455 -0.516987 -12.779118 -30.019504 -6.07677 7.97907 9.192813 0 0.000003 0 0 0.000003 0.000008 0.000002 0.000009 -29.200507 0 0.000009 -58.40102 -0.000003 0.000016 -87.601534 -0.052999 0.089539 -60.423118 -0.031216 0.073297 -45.317328 -0.014415 0.051926 -30.211539 -0.003765 0.026913 -15.105766 0 -0.013986 0 -96.441725 -62.731728 117.421785 36.086977 -60.015282 12.755346 32.630327 0.220918 0.064665 2.189339 -5.137741 82.815087 -1.112846 2.338495 0.196341 -2.31197 -14.287039 -22.877688 25.069598 -8.098642 -6.448313 19.389258 -9.47293 -6.996217 7.292592 -1.164811 0.351507 0 0.000003 0 28.086351 -7.712394 -10.265124 41.344419 -8.134008 -6.624638 17.218813 -4.66975 -0.624838 0 0.000003 0 26.733555 -5.411379 -4.856274 30.412128 -6.342607 -2.758235 3.65149 -2.141419 -4.320733 0 0.000003 0 8.681088 2.263684 13.433067 35.748664 0.944761 -3.057959 8.125277 -2.093068 -2.340681 0 0.000003 0 25.57308 44.865063 59.697001 14.639209 -11.879903 23.115843 -37.323285 12.298393 -10.87067 -6.07677 7.97907 9.192813 0 0.000003 0 0 0.000003 0.000008 0 0.000003 -8.289222 0 -0.000004 -16.578452 0.000002 0.000003 -24.867682 -0.001539 0.017044 -9.494274 -0.00089 0.012809 -7.120704 -0.000416 0.008554 -4.747136 -0.00012 0.004285 -2.373567 0 0.000003 0 22.147756 3.72335 0.865229 -0.013985 0.000303 1.66441 0 0.000003 0 -26.363868 2.376608 1.600328 -89.999999 -90 0 0 0.000003 0 0 0.000003 0 90.000009 -63.648278 -90.000009 -5.682401 0.000003 0 -28.319916 0.000003 0 -16.252152 0.000003 0 0 0.000003 0 89.999996 -84.450021 179.999995 0 0.000003 0 -90.000003 -84.450021 0 0 0.000003 0 0 0.000003 0
0 0 0 179.999991 0.000003 179.999991 -0.000892 -0.04351700000000003 -0.016211 179.59559 -0.397637 175.409203 -83.286029 6.852062 -101.910616 4.981623 -0.392337 -12.351208 0 0.000003 0 2.074678 7.397541 0.953842 75.504886 -7.992029 9.334273 -0.15412 1.329519 -0.522786 9.740645 10.509184 -0.90436 0 0.000003 0 0 0.000003 0 0 0.000003 0 0 0.000003 0 -0.007083 -0.122073 6.641751 -0.003986 -0.091638 4.98131 -0.001772 -0.061141 3.320872 0.013537 -0.031061 2.257025 0 0.000003 0 81.825659 -4.685979 70.746013 9.343294 -0.98711 -8.419202 0 0.000003 0 1.209796 9.85046 -0.793796 75.690319 -9.031782 11.401314 -0.421239 2.455134 -0.80889 6.523558 11.595628 -2.207408 0 0.000003 0 0 0.000003 0 0 0.000003 0 0 0.000003 0 -0.020054 -0.204767 11.18687 -0.011296 -0.154005 8.390136 -0.005026 -0.102874 5.593417 -0.001257 -0.051497 2.796706 0 0.000003 0 89.608742 7.882246 90.191822 15.944902 -0.231322 -0.779996 -14.58054 0.030889 0.960455 10.366676 0.421357 -1.41494 74.610842 -65.804331 149.151336 44.498641 -43.361245 81.262422 1.343831 44.391089 0.586838 5.469969 1.122489 4.371665 -3.252648 3.516703 0.128311 5.567135 -15.315433 -24.893183 6.403584 -0.245112 -4.028187 1.285309 -9.153202 3.273987 11.351405 4.391582 7.146873 -0.034264 0.000003 0 4.05805 -7.750452 13.982411 21.387832 4.225943 0.970564 2.802251 2.04852 3.638924 0 0.000003 0 2.727114 -4.303058 -20.477334 16.785796 -7.292727 -7.225985 -9.339485 3.845419 -4.554701 0 0.000003 0 7.096988 8.27716 -1.690434 7.786125 -1.960071 -8.40255 -6.527925 -0.657232 -8.606667 -0.019782 0.000003 0 25.57308 44.865063 59.697001 13.538294 10.53046 22.138011 -0.408942 -12.782997 -30.035784 -6.07677 7.97907 9.192813 0 0.000003 0 0 0.000003 0.000008 0.000002 0.000009 -29.247963 0 0.000009 -58.495933 -0.000003 0.000016 -87.743902 -0.053306 0.08971 -60.618885 -0.031402 0.073475 -45.46415 -0.014504 0.052076 -30.309419 -0.003789 0.027009 -15.154706 0 -0.013986 0 -96.441677 -62.731742 117.421757 36.110373 -59.996427 12.871153 32.730721 0.221519 0.065047 2.157609 -5.151114 83.168973 -1.200054 2.228372 0.18936 -2.31197 -14.287039 -22.877688 25.236883 -7.916624 -6.269185 19.484525 -9.269268 -6.920921 7.305417 -1.08093 0.382084 0 0.000003 0 28.126605 -7.448879 -9.996981 41.414295 -7.69105 -6.526908 17.26513 -4.490314 -0.698951 0 0.000003 0 26.758205 -5.157412 -4.598511 30.474057 -6.006124 -2.717036 3.674302 -2.101995 -4.341385 0 0.000003 0 8.649528 2.379558 13.557401 35.739347 1.28832 -2.894095 8.147963 -2.002288 -2.369547 0 0.000003 0 25.57308 44.865063 59.697001 14.63923 -11.879909 23.373082 -37.3676 12.142358 -10.761824 -6.07677 7.97907 9.192813 0 0.000003 0 0 0.000003 0.000008 0 0.000003 -8.195164 0 0.000003 -16.390337 0.000001 0.000003 -24.585508 -0.001564 0.01718 -9.572944 -0.000903 0.012912 -7.179707 -0.000423 0.008622 -4.786471 -0.000121 0.004319 -2.393235 0 0.000003 0 22.147771 3.723357 0.865216 -0.013985 0.000303 1.664405 0 0.000003 0 -26.363868 2.376594 1.600335 -89.999999 -90 0 0 0.000003 0 0 0.000003 0 90.000009 -63.648278 -90.000009 -5.682401 0.000003 0 -28.319916 0.000003 0 -16.252152 0.000003 0 0 0.000003 0 89.999996 -84.450021 179.999995 0 0.000003 0 -90.000003 -84.450021 0 0 0.000003 0 0 0.000003 0
0 0 0 179.999991 0.000003 179.999991 -0.001001 -0.043486000000000025 -0.016115 179.595863 -0.392146 175.39852 -83.293126 6.880175 -101.997626 4.948918 -0.39022 -12.350987 0 0.000003 0 2.096195 7.379073 1.035088 75.504886 -7.992029 9.334273 -0.15412 1.329519 -0.522786 9.740649 10.509164 -0.904362 0 0.000003 0 0 0.000003 0 0 0.000003 0 0 0.000003 0 -0.007232 -0.123344 6.711168 -0.00407 -0.092601 5.033372 -0.001809 -0.061777 3.35558 0.013528 -0.031375 2.274379 0 0.000003 0 81.826998 -4.729644 70.734129 9.260035 -0.979303 -8.41777 0 0.000003 0 1.258636 9.759086 -1.043674 75.690319 -9.031782 11.401314 -0.421239 2.455134 -0.80889 6.6094 11.660952 -2.125118 0 0.000003 0 0 0.000003 0 0 0.000003 0 0 0.000003 0 -0.020094 -0.204965 11.198093 -0.011318 -0.154162 8.398553 -0.005036 -0.102976 5.599028 -0.00126 -0.051552 2.799512 0 0.000003 0 89.587896 7.889909 90.192887 15.941071 -0.235366 -0.771852 -14.578062 0.025001 0.964278 10.38602 0.452721 -1.419964 74.326685 -66.047353 149.665335 44.67887 -43.001448 80.932571 1.350772 44.527952 0.591716 5.475556 1.09482 4.660429 -3.188192 3.215294 0.128444 5.567135 -15.315433 -24.893183 6.582614 -0.135058 -3.970643 1.386198 -9.138736 3.227006 11.306693 4.507449 7.203404 -0.034264 0.000003 0 3.880288 -7.355934 14.032669 21.642182 4.24101 0.979926 2.77787 2.081243 3.636533 0 0.000003 0 2.755662 -4.217441 -20.446812 16.862362 -7.109487 -7.168266 -9.383187 3.736683 -4.557433 0 0.000003 0 6.993814 8.40759 -1.615775 7.808507 -1.868457 -8.39033 -6.519851 -0.734817 -8.60659 -0.019782 0.000003 0 25.57308 44.865063 59.697001 13.36553 10.603318 22.106324 -0.472528 -12.780757 -30.03198 -6.07677 7.97907 9.192813 0 0.000003 0 0 0.000003 0.000008 0.000002 0.000003 -29.170625 0 0.000009 -58.341249 -0.000007 0.000016 -87.511881 -0.053375 0.089751 -60.662352 -0.031443 0.073516 -45.496751 -0.014524 0.05211 -30.331156 -0.003793 0.027023 -15.165574 0 -0.013986 0 -96.441677 -62.731713 117.421757 36.111985 -59.981814 13.046618 32.772467 0.221786 0.065215 2.170754 -5.145609 83.02252 -1.39813 2.472572 0.20313 -2.31197 -14.287039 -22.877688 25.249915 -8.188486 -6.387115 19.484525 -9.269261 -6.920908 7.305421 -1.080923 0.382085 0 0.000003 0 28.257893 -7.675867 -10.152445 41.356515 -8.029698 -6.519002 17.241402 -4.613346 -0.591944 0 0.000003 0 26.607866 -5.287527 -4.722201 30.410157 -6.365946 -2.743481 3.650614 -2.146132 -4.312543 0 0.000003 0 8.757628 2.114158 13.487792 35.739347 1.288326 -2.894091 8.147967 -2.002288 -2.369544 0 0.000003 0 25.57308 44.865063 59.697001 14.873749 -11.967124 23.324647 -37.39574 12.042029 -10.896091 -6.07677 7.97907 9.192813 0 0.000003 0 0 0.000003 0.000008 0 0.000003 -8.234089 0 0.000003 -16.468187 0.000002 0.000003 -24.702284 -0.001597 0.017372 -9.678111 -0.000923 0.013055 -7.258582 -0.000432 0.008718 -4.839055 -0.000124 0.004367 -2.419526 0 0.000003 0 22.163575 4.091614 0.977292 -0.013986 0.000255 1.462183 0 0.000003 0 -26.310778 2.529194 1.266128 -89.999999 -90 0 0 0.000003 0 0 0.000003 0 90.000009 -63.648278 -90.000009 -5.682401 0.000003 0 -28.319916 0.000003 0 -16.252152 0.000003 0 0 0.000003 0 89.999996 -84.450021 179.999995 0 0.000003 0 -90.000003 -84.450021 0 0 0.000003 0 0 0.000003 0
0 0 0 179.999991 0.000003 179.999991 -0.001354 -0.04340299999999997 -0.015936 179.606572 -0.375719 175.393657 -83.298672 6.896615 -102.059808 4.923336 -0.38854 -12.35081 0 0.000003 0 2.109845 7.356485 1.078595 75.504886 -7.992029 9.334273 -0.15412 1.329519 -0.522786 9.740649 10.509157 -0.904352 0 0.000003 0 0 0.000003 0 0 0.000003 0 0 0.000003 0 -0.007339 -0.124252 6.760636 -0.00413 -0.093284 5.070474 -0.001836 -0.062227 3.380314 0.013521 -0.031614 2.286746 0 0.000003 0 81.843848 -4.837896 70.724054 9.014459 -0.956224 -8.413612 0 0.000003 0 1.405318 9.738998 -1.015524 75.690319 -9.031782 11.401314 -0.421239 2.455134 -0.80889 6.6094 11.660952 -2.125118 0 0.000003 0 0 0.000003 0 0 0.000003 0 0 0.000003 0 -0.020139 -0.205197 11.210618 -0.011344 -0.154326 8.407949 -0.005047 -0.103092 5.605291 -0.001263 -0.051613 2.802643 0 0.000003 0 89.570534 7.897839 90.193775 15.937189 -0.238904 -0.765102 -14.580185 0.016989 0.971007 10.404212 0.493409 -1.415368 74.326706 -66.047387 149.665294 44.839618 -42.59472 81.08929 1.362839 44.764523 0.60018 5.475764 1.093782 4.67131 -3.26752 3.320205 0.125324 5.567135 -15.315433 -24.893183 6.482083 -0.197137 -3.99162 1.285264 -9.153209 3.241527 11.104721 4.511643 7.178811 -0.034264 0.000003 0 3.938317 -7.564289 14.038314 21.401792 4.145934 0.965046 2.820157 2.048752 3.64137 0 0.000003 0 2.739728 -4.265601 -20.428983 16.625464 -7.152148 -7.158607 -9.293206 3.956472 -4.551601 0 0.000003 0 7.055323 8.448455 -1.604842 7.824978 -2.251481 -8.405157 -6.511767 -0.80471 -8.606402 -0.019782 0.000003 0 25.57308 44.865063 59.697001 13.259525 10.323301 22.087104 -0.480705 -12.482114 -30.00247 -6.07677 7.97907 9.192813 0 0.000003 0 0 0.000003 0.000008 0.000002 0.000009 -29.167708 0 0.000009 -58.335423 -0.000003 0.000016 -87.503138 -0.054174 0.090188 -61.165614 -0.031936 0.073994 -45.874194 -0.014758 0.052506 -30.582787 -0.003855 0.027241 -15.291387 0 -0.013986 0 -96.441704 -62.731713 117.421771 36.115366 -59.968532 13.280158 32.737824 0.221581 0.065078 2.142381 -5.15746 83.338512 -1.532712 2.507973 0.204455 -2.31197 -14.287039 -22.877688 25.431434 -7.990048 -6.343934 19.417016 -9.33718 -6.920594 7.31749 -1.130537 0.381227 0 0.000003 0 28.300945 -7.389504 -10.098235 41.407127 -7.706985 -6.566648 17.265972 -4.517806 -0.900545 0 0.000003 0 26.633532 -5.013732 -4.652631 30.458204 -6.107764 -2.765922 3.666206 -2.119364 -4.344454 0 0.000003 0 8.724735 2.240161 13.542619 35.713345 1.237701 -2.891123 8.118525 -1.99946 -2.364043 0 0.000003 0 25.57308 44.865063 59.697001 14.551967 -12.029436 23.391192 -37.371069 12.278306 -10.814676 -6.07677 7.97907 9.192813 0 0.000003 0 0 0.000003 0.000008 0 0.000003 -8.150104 0 -0.000004 -16.300216 0.000002 0.000003 -24.450327 -0.001641 0.017611 -9.81742 -0.000948 0.013246 -7.363063 -0.000443 0.008841 -4.908708 -0.000127 0.004428 -2.454353 0 0.000003 0 22.163561 4.091607 0.977292 -0.013986 0.000255 1.462189 0 0.000003 0 -26.310777 2.529194 1.266134 -89.999999 -90 0 0 0.000003 0 0 0.000003 0 90.000009 -63.648278 -90.000009 -5.682401 0.000003 0 -28.319916 0.000003 0 -16.252152 0.000003 0 0 0.000003 0 89.999996 -84.450021 179.999995 0 0.000003 0 -90.000003 -84.450021 0 0 0.000003 0 0 0.000003 0
0 0 0 179.999991 0.000003 179.999991 -0.001588 -0.04327000000000003 -0.016035 179.616258 -0.330463 175.393671 -83.315276 7.007551 -102.153416 4.727335 -0.375863 -12.349516 0 0.000003 0 2.196692 7.318448 1.122822 75.504886 -7.992029 9.334273 -0.15412 1.329519 -0.522786 9.740655 10.509171 -0.904359 0 0.000003 0 0 0.000003 0 0 0.000003 0 0 0.000003 0 -0.007506 -0.125652 6.837666 -0.004225 -0.094336 5.128245 -0.001878 -0.062938 3.418829 0.01351 -0.03197 2.306003 0 0.000003 0 81.877528 -5.003159 70.714567 8.657729 -0.922695 -8.407761 0 0.000003 0 1.596971 9.702607 -0.96243 75.690319 -9.031782 11.401314 -0.421239 2.455134 -0.80889 6.6094 11.660952 -2.125118 0 0.000003 0 0 0.000003 0 0 0.000003 0 0 0.000003 0 -0.020191 -0.205456 11.224974 -0.011373 -0.154517 8.418714 -0.00506 -0.103222 5.612469 -0.001266 -0.051675 2.806232 0 0.000003 0 89.549005 7.916226 90.194827 15.936363 -0.238241 -0.766716 -14.585992 0.006573 0.980214 10.428377 0.536944 -1.375169 74.326679 -66.04737 149.665322 45.083422 -42.052776 81.255216 1.378547 45.070502 0.611276 5.476575 1.089698 4.713889 -3.302522 3.187843 0.121801 5.567135 -15.315433 -24.893183 6.482056 -0.197137 -3.991627 1.28523 -9.153209 3.241535 11.311148 4.311983 7.194343 -0.034264 0.000003 0 3.938313 -7.564295 14.038332 21.657809 4.133722 0.983498 2.79322 2.085068 3.640513 0 0.000003 0 2.739743 -4.26558 -20.42898 16.777666 -7.344302 -7.178036 -9.343453 3.835359 -4.554946 0 0.000003 0 7.055306 8.448468 -1.604826 7.777873 -1.982617 -8.40344 -6.531015 -0.608246 -8.606605 -0.019782 0.000003 0 25.57308 44.865063 59.697001 13.365563 10.603366 22.106338 -0.472538 -12.780784 -30.031959 -6.07677 7.97907 9.192813 0 0.000003 0 0 0.000003 0.000008 0 0.000009 -29.156302 0 0.000009 -58.312617 -0.000007 0.000016 -87.468926 -0.055167 0.090721 -61.791711 -0.032548 0.074568 -46.343769 -0.015049 0.052984 -30.895835 -0.003931 0.027515 -15.447914 0 -0.013986 0 -96.441697 -62.731697 117.421771 36.167979 -59.96134 13.541105 32.589421 0.220672 0.064504 2.133266 -5.161223 83.439865 -1.689041 2.637999 0.210383 -2.31197 -14.287039 -22.877688 25.193689 -8.069818 -6.346789 19.416059 -9.341613 -7.05355 7.323455 -1.122177 0.41642 0 0.000003 0 28.168349 -7.613814 -10.379114 41.356034 -8.033618 -6.579777 17.238182 -4.621549 -0.690545 0 0.000003 0 26.676827 -5.216821 -4.961003 30.409901 -6.369019 -2.561172 3.656952 -2.113197 -4.303589 0 0.000003 0 8.701244 2.32767 13.531049 35.727791 1.119955 -3.164773 8.121666 -2.042115 -2.319751 0 0.000003 0 25.57308 44.865063 59.697001 14.639228 -11.879923 23.091294 -37.319078 12.313222 -10.58372 -6.07677 7.97907 9.192813 0 0.000003 0 0 0.000003 0.000008 0 0.000003 -8.123168 0 0.000003 -16.246344 0.000002 0.000003 -24.369519 -0.001696 0.017918 -9.988084 -0.00098 0.013478 -7.491063 -0.000457 0.008998 -4.994041 -0.000131 0.00451 -2.49702 0 0.000003 0 22.179612 4.449242 1.086285 -0.013987 0.000221 1.329696 0 0.000003 0 -26.020377 2.690633 1.027986 -89.999999 -90 0 0 0.000003 0 0 0.000003 0 90.000009 -63.648278 -90.000009 -5.682401 0.000003 0 -28.319916 0.000003 0 -16.252152 0.000003 0 0 0.000003 0 89.999996 -84.450021 179.999995 0 0.000003 0 -90.000003 -84.450021 0 0 0.000003 0 0 0.000003 0
0 0 0 179.999991 0.000003 179.999991 -0.001996 -0.04313800000000001 -0.016199 179.624317 -0.261129 175.373126 -83.343724 7.150821 -102.255274 4.532276 -0.363193 -12.348249 0 0.000003 0 2.268883 7.277958 1.15148 75.504886 -7.992029 9.334273 -0.15412 1.329519 -0.522786 9.740656 10.509164 -0.904357 0 0.000003 0 0 0.000003 0 0 0.000003 0 0 0.000003 0 -0.007692 -0.127196 6.92182 -0.004329 -0.095497 5.191361 -0.001925 -0.06371 3.460906 0.013498 -0.032366 2.327042 0 0.000003 0 81.851983 -5.203604 70.735905 8.232647 -0.882683 -8.401059 0 0.000003 0 1.867189 9.707689 -0.898306 75.690319 -9.031782 11.401314 -0.421239 2.455134 -0.80889 6.6094 11.660945 -2.125131 0 0.000003 0 0 0.000003 0 0 0.000003 0 0 0.000003 0 -0.020159 -0.205299 11.216287 -0.011356 -0.154401 8.412199 -0.005052 -0.10314 5.608126 -0.001264 -0.051634 2.80406 0 0.000003 0 89.533125 7.930829 90.195612 15.93393 -0.244361 -0.766444 -14.590461 -0.009915 0.988002 10.475523 0.369707 -1.301772 74.494845 -66.201422 149.37273 45.568966 -41.680667 81.353366 1.404556 45.568409 0.629776 5.480285 1.07084 4.910621 -3.339148 3.016009 0.117228 5.567135 -15.315433 -24.893183 6.482081 -0.197158 -3.991623 1.285232 -9.153209 3.241533 11.104716 4.511657 7.178811 -0.034264 0.000003 0 3.938307 -7.564316 14.038306 21.401786 4.145934 0.96504 2.820078 2.048745 3.641368 0 0.000003 0 2.739749 -4.265601 -20.42901 16.625439 -7.152128 -7.158596 -9.293199 3.956492 -4.551613 0 0.000003 0 7.055296 8.448427 -1.604843 7.777852 -1.982603 -8.403431 -6.531047 -0.608253 -8.606579 -0.019782 0.000003 0 25.57308 44.865063 59.697001 13.365555 10.603393 22.106312 -0.472538 -12.780777 -30.031959 -6.07677 7.97907 9.192813 0 0.000003 0 0 0.000003 0.000008 0.000002 0.000009 -29.103614 0 0.000016 -58.207227 -0.000007 0.000016 -87.310848 -0.055837 0.091069 -62.209472 -0.032961 0.074957 -46.657091 -0.015247 0.053305 -31.104716 -0.003984 0.027692 -15.552353 0 -0.013986 0 -96.027248 -62.763842 116.95419 36.225459 -59.953974 13.815193 32.384194 0.219443 0.063717 2.125736 -5.164331 83.523569 -1.655273 2.609428 0.209263 -2.31197 -14.287039 -22.877688 25.165112 -7.995082 -6.581816 19.397509 -9.433158 -6.933571 7.309697 -1.14122 0.466977 0 0.000003 0 28.109568 -7.562253 -10.090693 41.37482 -7.866224 -6.729966 17.243277 -4.608633 -0.56964 0 0.000003 0 26.619686 -5.164358 -4.665643 30.420816 -6.236486 -2.835704 3.655294 -2.122001 -4.279978 0 0.000003 0 8.663263 2.329746 13.536834 35.72332 1.156722 -2.915439 8.118075 -1.994119 -2.617456 0 0.000003 0 25.57308 44.865063 59.697001 14.63924 -11.87993 23.373064 -37.367627 12.142317 -10.677498 -6.07677 7.97907 9.192813 0 0.000003 0 0 0.000003 0.000008 0 -0.000004 -8.100923 0 0.000003 -16.201852 0.000002 0.000003 -24.302785 -0.001756 0.018239 -10.168164 -0.001013 0.013718 -7.626122 -0.000473 0.009162 -5.084081 -0.000135 0.004586 -2.54204 0 0.000003 0 22.184227 4.65285 1.160145 -0.013987 0.000221 1.3297 0 0.000003 0 -26.020376 2.690633 1.02799 -89.999999 -90 0 0 0.000003 0 0 0.000003 0 90.000009 -63.648278 -90.000009 -5.682401 0.000003 0 -28.319916 0.000003 0 -16.252152 0.000003 0 0 0.000003 0 89.999996 -84.450021 179.999995 0 0.000003 0 -90.000003 -84.450021 0 0 0.000003 0 0 0.000003 0
0 0 0 179.999991 0.000003 179.999991 -0.00235 -0.04305099999999995 -0.016431 179.626544 -0.140146 175.328361 -83.379767 7.335585 -102.36787 4.330577 -0.35014 -12.346994 0 0.000003 0 2.333344 7.245481 1.141901 75.504886 -7.992029 9.334273 -0.15412 1.329519 -0.522786 9.740659 10.509164 -0.904363 0 0.000003 0 0 0.000003 0 0 0.000003 0 0 0.000003 0 -0.007901 -0.12891 7.015361 -0.004447 -0.096781 5.261517 -0.001977 -0.06457 3.507676 0.013485 -0.032803 2.350427 0 0.000003 0 81.91676 -5.408107 70.760507 7.910682 -0.852337 -8.396179 0 0.000003 0 2.006365 9.639954 -0.807875 75.690319 -9.031782 11.401314 -0.421239 2.455134 -0.80889 6.6094 11.660945 -2.125118 0 0.000003 0 0 0.000003 0 0 0.000003 0 0 0.000003 0 -0.020119 -0.205094 11.204942 -0.011333 -0.15425 8.403691 -0.005042 -0.103038 5.602453 -0.001261 -0.051579 2.801224 0 0.000003 0 89.509438 7.950507 90.19676 15.936361 -0.247899 -0.76892 -14.589417 -0.026376 0.997858 10.249949 0.408106 -1.275411 74.714258 -66.286299 149.444228 46.021999 -40.690382 81.396751 1.445505 46.334674 0.659209 5.48738 1.033752 5.296944 -3.453645 2.774658 0.106654 5.567135 -15.315433 -24.893183 6.482048 -0.197158 -3.991595 1.282434 -9.13362 3.24198 11.103841 4.499274 7.17721 -0.034264 0.000003 0 3.938293 -7.564316 14.03835 21.401766 4.145968 0.965051 2.820081 2.048772 3.641369 0 0.000003 0 2.739731 -4.265601 -20.428973 16.625478 -7.152114 -7.158598 -9.293201 3.956506 -4.551615 0 0.000003 0 7.055266 8.448427 -1.604806 7.777813 -1.98259 -8.40344 -6.531026 -0.608253 -8.606586 -0.019782 0.000003 0 25.57308 44.865063 59.697001 13.365555 10.603373 22.106356 -0.472533 -12.780777 -30.031949 -6.07677 7.97907 9.192813 0 0.000003 0 0 0.000003 0.000008 0.000002 0.000009 -29.000136 0 0.000009 -58.000273 -0.000007 0.000016 -87.000422 -0.057237 0.091787 -63.079003 -0.03383 0.075749 -47.309234 -0.01566 0.053968 -31.539478 -0.004093 0.028068 -15.769735 0 -0.013986 0 -96.025507 -62.577089 116.93441 35.851451 -59.980448 14.636747 32.074678 0.217578 0.062532 2.112154 -5.169877 83.674318 -1.813433 2.847413 0.220479 -2.31197 -14.287039 -22.877688 25.268247 -8.20619 -6.401991 19.415131 -9.346531 -6.92211 7.334867 -1.106509 0.131762 0 0.000003 0 28.296005 -7.69814 -10.461982 41.354316 -8.048651 -6.484648 17.247464 -4.598204 -0.431013 0 0.000003 0 26.801772 -5.302669 -5.035833 30.409136 -6.377714 -2.66116 3.652914 -2.134602 -4.254319 0 0.000003 0 8.835134 2.169803 13.524692 35.721029 1.175526 -3.101806 8.120762 -2.029861 -2.571046 0 0.000003 0 25.57308 44.865063 59.697001 14.378562 -11.931245 23.427149 -37.173431 12.260226 -10.891174 -6.07677 7.97907 9.192813 0 0.000003 0 0 0.000003 0.000008 0 0.000003 -8.060858 0 0.000003 -16.121724 0.000002 0.000003 -24.18259 -0.001872 0.018854 -10.514505 -0.00108 0.014182 -7.885879 -0.000503 0.009469 -5.257251 -0.000143 0.004736 -2.628625 0 0.000003 0 22.200393 4.724827 0.928846 -0.013987 0.000187 1.195119 0 0.000003 0 -25.698015 2.703589 0.846832 -89.999999 -90 0 0 0.000003 0 0 0.000003 0 90.000009 -63.648278 -90.000009 -5.682401 0.000003 0 -28.319916 0.000003 0 -16.252152 0.000003 0 0 0.000003 0 89.999996 -84.450021 179.999995 0 0.000003 0 -90.000003 -84.450021 0 0 0.000003 0 0 0.000003 0
0 0 0 179.999991 0.000003 179.999991 -0.002847 -0.04300700000000002 -0.016588 179.62429 0.024297 175.273897 -83.424873 7.515082 -102.504692 4.187806 -0.340885 -12.346134 0 0.000003 0 2.356154 7.22122 1.113302 75.504886 -7.992029 9.334273 -0.15412 1.329519 -0.522786 9.740655 10.509157 -0.904352 0 0.000003 0 0 0.000003 0 0 0.000003 0 0 0.000003 0 -0.008155 -0.130953 7.127337 -0.00459 -0.098325 5.345499 -0.002041 -0.065601 3.563664 0.013469 -0.033322 2.378421 0 0.000003 0 81.844709 -5.522977 70.82663 7.67807 -0.830405 -8.392762 0 0.000003 0 2.206378 9.662432 -0.683632 75.690319 -9.031782 11.401314 -0.421239 2.455134 -0.80889 6.6094 11.660952 -2.125131 0 0.000003 0 0 0.000003 0 0 0.000003 0 0 0.000003 0 -0.01995 -0.204241 11.157529 -0.011237 -0.153602 8.368131 -0.004999 -0.102601 5.578747 -0.001251 -0.051354 2.789371 0 0.000003 0 89.488257 7.978428 90.197736 15.933879 -0.25867 -0.748882 -14.584699 -0.043164 1.011327 10.327658 0.458793 -1.140343 75.145147 -66.485419 148.877623 46.812744 -39.751002 81.007089 1.506324 47.437982 0.7036 5.497721 0.977095 5.886327 -3.706765 2.48542 0.086582 5.567135 -15.315433 -24.893183 6.482039 -0.197158 -3.99159 1.282419 -9.13362 3.241974 11.103796 4.49928 7.177212 -0.034264 0.000003 0 3.938298 -7.564309 14.038341 21.401745 4.145955 0.965056 2.820077 2.048766 3.641365 0 0.000003 0 2.739724 -4.265608 -20.428964 16.625476 -7.152087 -7.158592 -9.293217 3.956492 -4.551605 0 0.000003 0 7.055297 8.448441 -1.604824 7.77781 -1.982631 -8.403406 -6.531012 -0.60824 -8.6066 -0.019782 0.000003 0 25.57308 44.865063 59.697001 13.365567 10.603393 22.106348 -0.47253 -12.780818 -30.031959 -6.07677 7.97907 9.192813 0 0.000003 0 0 0.000003 0.000008 0 0.000009 -28.842263 0 0.000009 -57.68454 -0.000003 0.000016 -86.526817 -0.057879 0.092094 -63.478057 -0.034231 0.076118 -47.608522 -0.015848 0.054275 -31.739001 -0.004142 0.028239 -15.869497 0 -0.013986 0 -96.025479 -62.57706 116.934382 36.058922 -60.015637 14.704765 31.746029 0.21557 0.061282 2.09599 -5.176441 83.853618 -1.652076 2.772021 0.218785 -2.31197 -14.287039 -22.877688 25.16507 -7.995062 -6.318006 19.416269 -9.340541 -7.091845 7.320046 -1.12691 0.180983 0 0.000003 0 28.109526 -7.562253 -10.090681 41.374844 -7.866217 -6.674932 17.249796 -4.592057 -0.685452 0 0.000003 0 26.619645 -5.164351 -4.665631 30.420836 -6.236479 -2.976243 3.650232 -2.148153 -4.229281 0 0.000003 0 8.517207 2.548947 13.530338 35.7421 1.000386 -2.962402 8.117543 -1.986592 -2.362118 0 0.000003 0 25.57308 44.865063 59.697001 14.639223 -11.879957 23.33043 -37.360332 12.16823 -10.516852 -6.07677 7.97907 9.192813 0 0.000003 0 0 0.000003 0.000008 0 0.000003 -8.013209 0 0.000003 -16.026426 0.000002 0.000003 -24.039641 -0.001908 0.019038 -10.616018 -0.0011 0.014319 -7.962013 -0.000512 0.009565 -5.308008 -0.000145 0.004784 -2.654003 0 0.000003 0 22.220796 5.185134 1.069375 -0.013987 0.000214 1.328969 0 0.000003 0 -25.689079 3.10709 0.871734 -89.999999 -90 0 0 0.000003 0 0 0.000003 0 90.000009 -63.648278 -90.000009 -5.682401 0.000003 0 -28.319916 0.000003 0 -16.252152 0.000003 0 0 0.000003 0 89.999996 -84.450021 179.999995 0 0.000003 0 -90.000003 -84.450021 0 0 0.000003 0 0 0.000003 0
0 0 0 179.999991 0.000003 179.999991 -0.003333 -0.043089000000000044 -0.016936 179.618908 0.218268 175.207097 -83.464488 7.654889 -102.65956 4.176077 -0.34012 -12.346076 0 0.000003 0 2.306316 7.220489 1.076706 75.504886 -7.992029 9.334273 -0.15412 1.329519 -0.522786 9.740645 10.509171 -0.904361 0 0.000003 0 0 0.000003 0 0 0.000003 0 0 0.000003 0 -0.008443 -0.133234 7.252305 -0.004752 -0.100039 5.439225 -0.002113 -0.066749 3.626148 0.01345 -0.033909 2.409662 0 0.000003 0 81.853602 -5.588752 70.882405 7.683032 -0.83089 -8.392832 0 0.000003 0 2.188387 9.636293 -0.54061 75.690319 -9.031782 11.401314 -0.421239 2.455134 -0.80889 6.6094 11.660952 -2.125104 0 0.000003 0 0 0.000003 0 0 0.000003 0 0 0.000003 0 -0.019802 -0.203482 11.116136 -0.011153 -0.153035 8.337088 -0.004962 -0.102218 5.55805 -0.001241 -0.051176 2.779023 0 0.000003 0 89.469789 8.019751 90.198501 15.928349 -0.263936 -0.72781 -14.578948 -0.056838 1.028768 10.276426 0.482084 -1.242817 75.265358 -66.493947 148.487182 47.663314 -38.450817 80.648989 1.59228 48.917141 0.767651 5.509372 0.908882 6.59428 -4.203269 2.191879 0.050459 5.567135 -15.315433 -24.893183 6.482053 -0.197165 -3.991618 1.285145 -9.153216 3.24154 11.104621 4.511704 7.178807 -0.034264 0.000003 0 3.938282 -7.56433 14.038303 21.401732 4.145968 0.96506 2.820065 2.048759 3.641371 0 0.000003 0 2.739702 -4.265635 -20.429004 16.625481 -7.152039 -7.15859 -9.293227 3.956492 -4.5516 0 0.000003 0 7.055302 8.448448 -1.604879 7.777771 -1.982644 -8.403406 -6.531011 -0.608253 -8.606589 -0.019782 0.000003 0 25.57308 44.865063 59.697001 13.512368 10.331053 22.13261 -0.708439 -12.582913 -29.949382 -6.07677 7.97907 9.192813 0 0.000003 0 0 0.000003 0.000008 0 0.000009 -28.65263 0 0.000009 -57.305267 -0.000003 0.000016 -85.957903 -0.058931 0.092606 -64.121672 -0.034877 0.076692 -48.091239 -0.016159 0.054767 -32.060812 -0.004224 0.028519 -16.030403 0 -0.013986 0 -95.795616 -62.318372 116.851792 36.378243 -60.049644 14.580661 31.392301 0.213412 0.059976 2.107646 -5.171721 83.724411 -1.706636 2.969093 0.228511 -2.31197 -14.287039 -22.877688 25.165108 -7.995062 -6.317999 19.416269 -9.340541 -7.091845 7.320043 -1.12691 0.180984 0 0.000003 0 28.109565 -7.56224 -10.090679 41.374834 -7.866224 -6.67493 17.249802 -4.592063 -0.68545 0 0.000003 0 26.619689 -5.164338 -4.665628 30.420826 -6.236479 -2.976238 3.650229 -2.14816 -4.229282 0 0.000003 0 8.730467 2.203913 13.539175 35.737008 1.043191 -2.790559 8.118655 -2.002097 -2.342932 0 0.000003 0 25.57308 44.865063 59.697001 14.639235 -11.879916 23.330408 -37.360332 12.168224 -10.516852 -6.07677 7.97907 9.192813 0 0.000003 0 0 0.000003 0.000008 0 0.000003 -8.047546 0 0.000003 -16.095102 0.000002 0.000003 -24.142654 -0.001917 0.019086 -10.643445 -0.001106 0.014353 -7.982582 -0.000515 0.009585 -5.321721 -0.000146 0.004797 -2.66086 0 0.000003 0 22.380894 5.201301 0.96983 -0.013987 0.000173 1.152885 0 0.000003 0 -25.481581 3.123885 0.631791 -89.999999 -90 0 0 0.000003 0 0 0.000003 0 90.000009 -63.648278 -90.000009 -5.682401 0.000003 0 -28.319916 0.000003 0 -16.252152 0.000003 0 0 0.000003 0 89.999996 -84.450021 179.999995 0 0.000003 0 -90.000003 -84.450021 0 0 0.000003 0 0 0.000003 0
0 0 0 179.999991 0.000003 179.999991 -0.004116 -0.04336399999999996 -0.0171 179.606217 0.406112 175.109111 -83.496358 7.667293 -102.789552 4.485695 -0.360194 -12.347964 0 0.000003 0 2.094435 7.256566 1.026792 75.504886 -7.992029 9.334273 -0.15412 1.329519 -0.522786 9.740644 10.509157 -0.904358 0 0.000003 0 0 0.000003 0 0 0.000003 0 0 0.000003 0 -0.008682 -0.135099 7.354124 -0.004886 -0.101446 5.515589 -0.002173 -0.067685 3.677057 0.013435 -0.034381 2.435117 0 0.000003 0 81.74395 -5.49649 70.960133 8.022371 -0.862869 -8.397863 0 0.000003 0 2.063729 9.701986 -0.39728 75.690319 -9.031782 11.401314 -0.421239 2.455134 -0.80889 6.6094 11.660932 -2.125118 0 0.000003 0 0 0.000003 0 0 0.000003 0 0 0.000003 0 -0.019574 -0.202321 11.051555 -0.011025 -0.152154 8.288651 -0.004905 -0.101631 5.52576 -0.001227 -0.050869 2.762878 0 0.000003 0 89.464065 8.057768 90.198611 15.925341 -0.265057 -0.698312 -14.572538 -0.069495 1.053217 10.406344 0.495881 -1.103458 75.265365 -66.493947 148.487196 49.090646 -36.601226 79.125651 1.706289 50.753205 0.854796 5.52064 0.837507 7.333617 -5.177481 1.950459 -0.022394 5.567135 -15.315433 -24.893183 6.482048 -0.197165 -3.99158 1.285143 -9.153202 3.241535 11.104743 4.511718 7.17882 -0.034264 0.000003 0 3.938291 -7.564336 14.038339 21.401781 4.146037 0.965065 2.820095 2.048766 3.641359 0 0.000003 0 2.73973 -4.265615 -20.428976 16.625481 -7.152025 -7.158601 -9.293253 3.956492 -4.551597 0 0.000003 0 7.055306 8.448455 -1.60483 7.777809 -1.982624 -8.403413 -6.531052 -0.608246 -8.606598 -0.019782 0.000003 0 25.57308 44.865063 59.697001 13.365546 10.603345 22.106327 -0.47254 -12.780811 -30.031939 -6.07677 7.97907 9.192813 0 0.000003 0 0 0.000003 0.000008 0 0.000009 -28.454577 0 0.000009 -56.909163 -0.000007 0.000016 -85.363752 -0.058675 0.092483 -63.964653 -0.034721 0.076555 -47.973473 -0.016083 0.054651 -31.982299 -0.004204 0.028457 -15.991148 0 -0.013986 0 -95.79563 -62.318372 116.851792 36.758671 -60.076484 14.301087 31.055531 0.211349 0.058709 2.112311 -5.169815 83.672611 -1.700133 3.115136 0.236147 -2.31197 -14.287039 -22.877688 25.165072 -7.995041 -6.318015 19.416268 -9.340541 -7.091844 7.320042 -1.126924 0.180983 0 0.000003 0 28.109517 -7.562233 -10.090688 41.374831 -7.866224 -6.674932 17.249805 -4.592063 -0.68545 0 0.000003 0 26.619645 -5.164331 -4.665638 30.420819 -6.236472 -2.976241 3.650238 -2.148153 -4.22928 0 0.000003 0 8.730421 2.203906 13.539165 35.737015 1.043184 -2.790566 8.118645 -2.00209 -2.342936 0 0.000003 0 25.57308 44.865063 59.697001 14.639206 -11.879964 23.33043 -37.360332 12.168217 -10.516852 -6.07677 7.97907 9.192813 0 0.000003 0 0 0.000003 0.000008 0 0.000003 -8.061312 0 0.000003 -16.122633 0.000002 0.000003 -24.183951 -0.001903 0.019011 -10.602446 -0.001097 0.014291 -7.951833 -0.000511 0.009551 -5.301222 -0.000145 0.004777 -2.65061 0 0.000003 0 22.398547 5.594556 1.090014 -0.013987 0.000201 1.24844 0 0.000003 0 -25.477623 3.39766 0.655537 -89.999999 -90 0 0 0.000003 0 0 0.000003 0 90.000009 -63.648278 -90.000009 -5.682401 0.000003 0 -28.319916 0.000003 0 -16.252152 0.000003 0 0 0.000003 0 89.999996 -84.450021 179.999995 0 0.000003 0 -90.000003 -84.450021 0 0 0.000003 0 0 0.000003 0
0 0 0 179.999991 0.000003 179.999991 -0.004904 -0.04365399999999997 -0.017317 179.593855 0.582256 175.004323 -83.529484 7.661043 -102.884369 4.841132 -0.383226 -12.350254 0 0.000003 0 1.856495 7.295457 0.952959 75.504886 -7.992029 9.334273 -0.15412 1.329519 -0.522786 9.740652 10.509171 -0.904364 0 0.000003 0 0 0.000003 0 0 0.000003 0 0 0.000003 0 -0.008856 -0.136437 7.42765 -0.004984 -0.10245 5.570733 -0.002216 -0.068361 3.713819 0.013424 -0.034722 2.453498 0 0.000003 0 81.632946 -5.417396 71.0214 8.35835 -0.894527 -8.403011 0 0.000003 0 1.939624 9.769905 -0.247256 75.690319 -9.031782 11.401314 -0.421239 2.455134 -0.80889 6.6094 11.660952 -2.125118 0 0.000003 0 0 0.000003 0 0 0.000003 0 0 0.000003 0 -0.019392 -0.201392 11.000305 -0.010923 -0.15145 8.250214 -0.004859 -0.101159 5.500135 -0.001216 -0.050637 2.750066 0 0.000003 0 89.462043 8.09976 90.198529 15.914925 -0.257154 -0.674284 -14.572574 -0.073169 1.083627 10.302294 0.475356 -1.18797 76.160311 -66.710249 147.205088 50.913883 -35.116066 77.386699 1.852237 52.912378 0.96956 5.531393 0.76303 8.103503 -6.486069 1.718423 -0.139706 5.567135 -15.315433 -24.893183 6.482012 -0.197171 -3.991602 1.285135 -9.153202 3.241539 11.104738 4.511745 7.178808 -0.034264 0.000003 0 3.938267 -7.564343 14.038355 21.401757 4.146084 0.965066 2.820111 2.048766 3.641352 0 0.000003 0 2.739707 -4.265628 -20.428963 16.625492 -7.15195 -7.158605 -9.293235 3.956506 -4.551596 0 0.000003 0 7.055299 8.448441 -1.604845 7.777837 -1.982597 -8.403405 -6.531087 -0.608233 -8.606592 -0.019782 0.000003 0 25.57308 44.865063 59.697001 13.365539 10.603345 22.106344 -0.472535 -12.780805 -30.031946 -6.07677 7.97907 9.192813 0 0.000003 0 0 0.000003 0.000008 0 0.000009 -28.248336 -0.000002 0.000009 -56.496682 -0.000003 0.000016 -84.745026 -0.057363 0.091848 -63.159347 -0.03391 0.075831 -47.369493 -0.015699 0.054036 -31.579649 -0.004102 0.028102 -15.78982 0 -0.013986 0 -96.006478 -62.2928 116.819061 36.172661 -60.180101 14.791038 30.778349 0.209676 0.057689 2.087903 -5.179699 83.94323 -1.630356 3.173609 0.24071 -2.31197 -14.287039 -22.877688 25.278496 -7.870868 -6.313479 19.462388 -9.24108 -6.93651 7.328421 -1.070705 0.375958 0 0.000003 0 28.136401 -7.382872 -10.076307 41.404313 -7.675989 -6.567063 17.274511 -4.495396 -0.713009 0 0.000003 0 26.635475 -4.992108 -4.652402 30.447826 -6.089617 -2.77045 3.667226 -2.118975 -4.345959 0 0.000003 0 8.709412 2.283048 13.537479 35.731974 1.226438 -3.045301 8.118647 -2.002097 -2.34293 0 0.000003 0 25.57308 44.865063 59.697001 14.43646 -11.919736 23.415075 -37.216461 12.233903 -10.717619 -6.07677 7.97907 9.192813 0 0.000003 0 0 0.000003 0.000008 0 0.000003 -7.989394 0 0.000003 -15.978797 0.000002 0.000003 -23.968201 -0.001925 0.019127 -10.667483 -0.00111 0.014387 -8.00061 -0.000517 0.009613 -5.33374 -0.000147 0.004804 -2.666869 0 0.000003 0 22.716185 5.631849 0.92642 -0.013987 0.00016 1.087122 0 0.000003 0 -25.398943 3.419666 0.430883 -89.999999 -90 0 0 0.000003 0 0 0.000003 0 90.000009 -63.648278 -90.000009 -5.682401 0.000003 0 -28.319916 0.000003 0 -16.252152 0.000003 0 0 0.000003 0 89.999996 -84.450021 179.999995 0 0.000003 0 -90.000003 -84.450021 0 0 0.000003 0 0 0.000003 0
0 0 0 179.999991 0.000003 179.999991 -0.005665 -0.04378000000000004 -0.01749 179.581997 0.740566 174.913099 -83.585321 7.753838 -103.018589 4.943068 -0.389824 -12.350951 0 0.000003 0 1.726974 7.048362 0.998707 75.504886 -7.992029 9.334273 -0.15412 1.329519 -0.522786 9.761974 10.59894 -0.668626 0 0.000003 0 0 0.000003 0 0 0.000003 0 0 0.000003 0 -0.009112 -0.138384 7.534262 -0.005128 -0.103926 5.650693 -0.00228 -0.069338 3.767126 0.013408 -0.035221 2.480151 0 0.000003 0 81.560218 -5.476027 71.068269 8.376527 -0.896214 -8.403301 0 0.000003 0 1.852056 9.737182 -0.369084 75.690319 -9.031782 11.401314 -0.421239 2.455134 -0.80889 6.444164 11.60362 -2.048729 0 0.000003 0 0 0.000003 0 0 0.000003 0 0 0.000003 0 -0.019272 -0.200771 10.965976 -0.010855 -0.150979 8.224468 -0.004829 -0.100845 5.482971 -0.001208 -0.050479 2.741483 0 0.000003 0 89.462917 8.147141 90.198242 15.899468 -0.253425 -0.646664 -14.5869 -0.065362 1.116601 10.473781 0.249817 -1.079287 76.927266 -66.979341 146.197676 53.273488 -33.233396 74.682511 2.036606 55.360154 1.119015 5.542725 0.675515 9.006246 -7.744149 1.355891 -0.276832 5.567135 -15.315433 -24.893183 6.482004 -0.197151 -3.991576 1.282319 -9.133627 3.241988 11.103886 4.49939 7.177204 -0.034264 0.000003 0 3.938254 -7.56433 14.038343 21.401745 4.146125 0.965069 2.820093 2.048731 3.641355 0 0.000003 0 2.739695 -4.265615 -20.428966 16.625517 -7.15193 -7.158616 -9.293181 3.956465 -4.5516 0 0.000003 0 7.055303 8.448475 -1.604864 7.777801 -1.98259 -8.403409 -6.53097 -0.608246 -8.606577 -0.019782 0.000003 0 25.57308 44.865063 59.697001 13.365526 10.603393 22.106341 -0.47253 -12.780825 -30.031956 -6.07677 7.97907 9.192813 0 0.000003 0 0 0.000003 0.000008 0 0.000009 -28.006496 0 0.000009 -56.012998 -0.000003 0.000016 -84.019509 -0.054628 0.090427 -61.450884 -0.032215 0.074253 -46.088146 -0.014892 0.052711 -30.725415 -0.00389 0.027357 -15.362706 0 -0.013986 0 -95.609015 -62.322591 116.368815 36.635427 -60.109002 14.238673 30.559165 0.208323 0.056895 2.082549 -5.18185 84.00253 -1.782396 3.301129 0.244739 -2.31197 -14.287039 -22.877688 25.15704 -8.003859 -6.30665 19.415641 -9.343915 -6.924046 7.335366 -1.105757 0.370695 0 0.000003 0 28.107598 -7.574971 -10.108672 41.372081 -7.891079 -6.497957 17.267504 -4.547524 -0.624524 0 0.000003 0 26.61853 -5.176564 -4.698622 30.418644 -6.26326 -2.704299 3.658332 -2.1061 -4.318449 0 0.000003 0 8.664775 2.324179 13.481197 35.728767 1.111766 -3.097023 8.122129 -2.048952 -2.323881 0 0.000003 0 25.57308 44.865063 59.697001 14.677899 -11.744658 23.153528 -37.216461 12.233916 -10.717619 -6.07677 7.97907 9.192813 0 0.000003 0 0 0.000003 0.000008 0 0.000003 -7.973634 0 0.000003 -15.947274 0.000001 0.000003 -23.920917 -0.001873 0.018861 -10.518058 -0.00108 0.014182 -7.888542 -0.000504 0.009476 -5.259028 -0.000143 0.004743 -2.629513 0 0.000003 0 22.72238 5.82991 1.000545 -0.013987 0.00016 1.087117 0 0.000003 0 -25.398945 3.41966 0.430882 -89.999999 -90 0 0 0.000003 0 0 0.000003 0 90.000009 -63.648278 -90.000009 -5.682401 0.000003 0 -28.319916 0.000003 0 -16.252152 0.000003 0 0 0.000003 0 89.999996 -84.450021 179.999995 0 0.000003 0 -90.000003 -84.450021 0 0 0.000003 0 0 0.000003 0
0 0 0 179.999991 0.000003 179.999991 -0.006383 -0.043950000000000045 -0.017337 179.572435 0.86954 174.832612 -83.618072 7.732453 -103.177111 5.223646 -0.407978 -12.352902 0 0.000003 0 1.556498 7.056107 1.031277 75.504886 -7.992029 9.334273 -0.15412 1.329519 -0.522786 9.761945 10.598947 -0.668628 0 0.000003 0 0 0.000003 0 0 0.000003 0 0 0.000003 0 -0.009412 -0.140638 7.6576 -0.005298 -0.10562 5.743195 -0.002356 -0.070478 3.828794 0.013389 -0.035795 2.510985 0 0.000003 0 81.455484 -5.374544 71.105466 8.557027 -0.913207 -8.406142 0 0.000003 0 1.878825 9.768437 -0.24734 75.690319 -9.031782 11.401314 -0.421239 2.455134 -0.80889 6.444192 11.603626 -2.048729 0 0.000003 0 0 0.000003 0 0 0.000003 0 0 0.000003 0 -0.019155 -0.20017 10.93255 -0.010789 -0.150521 8.199397 -0.0048 -0.100538 5.466258 -0.001201 -0.050322 2.733127 0 0.000003 0 89.475061 8.191209 90.197422 15.884923 -0.251922 -0.610783 -14.613202 -0.049318 1.152752 10.257397 0.20749 -1.107023 77.630243 -67.211537 144.980181 55.243946 -31.183076 72.328794 2.264813 58.022275 1.309762 5.553573 0.579291 9.996977 -8.896239 0.867764 -0.422236 5.567135 -15.315433 -24.893183 6.482054 -0.197171 -3.991564 1.285119 -9.153209 3.241548 11.104753 4.511814 7.178788 -0.034264 0.000003 0 3.93828 -7.56435 14.038341 21.401728 4.146139 0.965074 2.820072 2.048766 3.641348 0 0.000003 0 2.739717 -4.265628 -20.428968 16.62551 -7.151889 -7.158622 -9.293197 3.956472 -4.551601 0 0.000003 0 7.055319 8.448455 -1.604843 7.777786 -1.982576 -8.403387 -6.531072 -0.60824 -8.606551 -0.019782 0.000003 0 25.57308 44.865063 59.697001 13.365499 10.603366 22.106324 -0.472535 -12.780777 -30.031939 -6.07677 7.97907 9.192813 0 0.000003 0 0 0.000003 0.000008 0 0.000009 -27.741075 0 0.000009 -55.482156 -0.000003 0.000016 -83.223232 -0.052289 0.089136 -59.972585 -0.030779 0.07286 -44.979418 -0.014209 0.05157 -29.986272 -0.003711 0.026729 -14.993133 0 -0.013986 0 -95.64014 -62.102664 116.351576 36.357715 -60.042982 14.502131 30.405427 0.207401 0.056341 2.072505 -5.185873 84.113732 -1.546263 3.229022 0.245163 -2.31197 -14.287039 -22.877688 25.157055 -8.003859 -6.306666 19.415651 -9.343908 -6.924046 7.33536 -1.105757 0.370696 0 0.000003 0 28.107617 -7.574964 -10.108689 41.372075 -7.891079 -6.49796 17.267504 -4.547524 -0.624524 0 0.000003 0 26.618545 -5.17655 -4.698637 30.41864 -6.263267 -2.704298 3.658336 -2.1061 -4.318448 0 0.000003 0 8.664787 2.324172 13.481176 35.728757 1.111759 -3.097016 8.122126 -2.048945 -2.323872 0 0.000003 0 25.57308 44.865063 59.697001 14.677906 -11.744658 23.153501 -37.216461 12.233903 -10.717619 -6.07677 7.97907 9.192813 0 0.000003 0 0 0.000003 0.000008 0 0.000003 -7.944082 0 -0.000004 -15.888173 0.000001 0.000003 -23.832261 -0.001898 0.01899 -10.592447 -0.001095 0.014284 -7.944334 -0.000511 0.009544 -5.296222 -0.000145 0.004777 -2.64811 0 0.000003 0 23.128404 6.180729 1.196011 -0.013987 0.000173 1.135498 0 0.000003 0 -25.399433 3.505645 0.463203 -89.999999 -90 0 0 0.000003 0 0 0.000003 0 90.000009 -63.648278 -90.000009 -5.682401 0.000003 0 -28.319916 0.000003 0 -16.252152 0.000003 0 0 0.000003 0 89.999996 -84.450021 179.999995 0 0.000003 0 -90.000003 -84.450021 0 0 0.000003 0 0 0.000003 0
0 0 0 179.999991 0.000003 179.999991 -0.00701 -0.044140999999999986 -0.017127 179.559922 0.963681 174.756387 -83.640919 7.665818 -103.340947 5.567873 -0.430265 -12.355406 0 0.000003 0 1.366672 7.070375 1.105183 75.504886 -7.992029 9.334273 -0.15412 1.329519 -0.522786 9.761955 10.598933 -0.668629 0 0.000003 0 0 0.000003 0 0 0.000003 0 0 0.000003 0 -0.009726 -0.142953 7.784267 -0.005474 -0.107354 5.838196 -0.002434 -0.071646 3.892128 0.013369 -0.036389 2.542651 0 0.000003 0 81.360756 -5.299794 71.123436 8.81042 -0.937038 -8.410237 0 0.000003 0 1.80336 9.820838 -0.142577 75.690319 -9.031782 11.401314 -0.421239 2.455134 -0.80889 6.444164 11.603613 -2.048729 0 0.000003 0 0 0.000003 0 0 0.000003 0 0 0.000003 0 -0.019095 -0.199856 10.915228 -0.010755 -0.150289 8.186407 -0.004785 -0.100388 5.457598 -0.001197 -0.05024 2.728797 0 0.000003 0 89.497171 8.225688 90.196145 15.870648 -0.247981 -0.569849 -14.646133 -0.026178 1.194014 10.414502 0.155567 -1.095789 78.557619 -67.460816 143.516526 57.668114 -28.593888 69.165221 2.541934 60.796015 1.548378 5.562232 0.488907 10.925812 -10.019298 0.348602 -0.581069 5.567135 -15.315433 -24.893183 6.482012 -0.197171 -3.991547 1.285071 -9.153216 3.241566 11.104719 4.511875 7.178774 -0.034264 0.000003 0 3.938267 -7.564357 14.038358 21.401711 4.146242 0.965084 2.820008 2.048697 3.641366 0 0.000003 0 2.739695 -4.265642 -20.428968 16.625521 -7.151916 -7.158614 -9.293189 3.956485 -4.551599 0 0.000003 0 7.055322 8.448462 -1.604832 7.777802 -1.982569 -8.403418 -6.531128 -0.60824 -8.606557 -0.019782 0.000003 0 25.57308 44.865063 59.697001 13.365495 10.603373 22.106348 -0.472531 -12.780805 -30.031932 -6.07677 7.97907 9.192813 0 0.000003 0 0 0.000003 0.000008 0 0.000009 -27.492225 0 0.000009 -54.984457 -0.000003 0.000016 -82.476693 -0.048669 0.086985 -57.634653 -0.028559 0.070606 -43.225979 -0.013158 0.049747 -28.817309 -0.003436 0.025705 -14.408649 0 -0.013986 0 -95.640127 -62.10268 116.351549 36.787457 -59.89632 13.847086 30.319742 0.206841 0.056025 2.059801 -5.190921 84.254133 -1.655327 3.457 0.25519 -2.31197 -14.287039 -22.877688 25.24728 -7.905183 -6.421066 19.424061 -9.301902 -7.097001 7.33023 -1.112792 0.296005 0 0.000003 0 28.129063 -7.432384 -10.255968 41.377163 -7.844531 -6.774743 17.240873 -4.614562 -0.731487 0 0.000003 0 26.631181 -5.039639 -4.854796 30.421263 -6.230769 -2.893651 3.653554 -2.130969 -4.332792 0 0.000003 0 8.647521 2.386805 13.36937 35.719 1.191857 -2.904874 8.11706 -1.980643 -2.361208 0 0.000003 0 25.57308 44.865063 59.697001 14.639189 -11.879923 23.373105 -37.3676 12.142303 -10.761824 -6.07677 7.97907 9.192813 0 0.000003 0 0 0.000003 0.000008 0 0.000003 -7.906771 0 0.000003 -15.813551 0.000002 0.000003 -23.72033 -0.001828 0.018622 -10.386995 -0.001055 0.014004 -7.790246 -0.000492 0.00936 -5.193497 -0.00014 0.004681 -2.596747 0 0.000003 0 23.351251 6.280341 0.856909 -0.013988 0.000139 0.994298 0 0.000003 0 -25.516923 3.533744 0.257756 -89.999999 -90 0 0 0.000003 0 0 0.000003 0 90.000009 -63.648278 -90.000009 -5.682401 0.000003 0 -28.319916 0.000003 0 -16.252152 0.000003 0 0 0.000003 0 89.999996 -84.450021 179.999995 0 0.000003 0 -90.000003 -84.450021 0 0 0.000003 0 0 0.000003 0
0 0 0 179.999991 0.000003 179.999991 -0.007848 -0.04423699999999997 -0.016912 179.531536 1.037747 174.68426 -83.702001 7.667436 -103.488977 5.740372 -0.441405 -12.356722 0 0.000003 0 1.264287 7.048526 1.176068 75.504886 -7.992029 9.334273 -0.15412 1.329519 -0.522786 9.761948 10.59894 -0.668631 0 0.000003 0 0 0.000003 0 0 0.000003 0 0 0.000003 0 -0.010014 -0.145043 7.899139 -0.005637 -0.108939 5.924349 -0.002506 -0.072691 3.949564 0.01335 -0.036928 2.571369 0 0.000003 0 81.270433 -5.320005 71.132834 8.862471 -0.941949 -8.4111 0 0.000003 0 1.827429 9.853472 -0.050419 75.690319 -9.031782 11.401314 -0.421239 2.455134 -0.80889 6.444164 11.60362 -2.048715 0 0.000003 0 0 0.000003 0 0 0.000003 0 0 0.000003 0 -0.019072 -0.19974 10.908744 -0.010742 -0.1502 8.181544 -0.004779 -0.100319 5.454356 -0.001195 -0.05022 2.727176 0 0.000003 0 89.533835 8.266451 90.194151 15.858077 -0.247974 -0.520211 -14.676526 -0.005844 1.231057 10.159593 0.071501 -1.02464 79.601948 -67.671978 141.80417 59.88007 -26.046296 65.906879 2.868681 63.547693 1.837427 5.569338 0.399582 11.842409 -11.243009 -0.078661 -0.773262 5.567135 -15.315433 -24.893183 6.482061 -0.197185 -3.991569 1.285077 -9.153202 3.241573 11.104765 4.511937 7.17875 -0.034264 0.000003 0 3.938302 -7.56435 14.038318 21.401769 4.14631 0.965086 2.820072 2.048704 3.641367 0 0.000003 0 2.739743 -4.265635 -20.429021 16.625565 -7.151902 -7.158615 -9.29319 3.956506 -4.551625 0 0.000003 0 7.055348 8.448462 -1.604918 7.77778 -1.982569 -8.403389 -6.531076 -0.608246 -8.606551 -0.019782 0.000003 0 25.57308 44.865063 59.697001 13.36543 10.603407 22.106297 -0.472533 -12.78077 -30.031929 -6.07677 7.97907 9.192813 0 0.000003 0 0 0.000003 0.000008 0 0.000009 -27.246649 0 0.000009 -54.493305 -0.000003 0.000016 -81.739961 -0.044618 0.084321 -54.94948 -0.026096 0.067929 -41.212091 -0.012002 0.047609 -27.474721 -0.003133 0.024537 -13.737358 0 -0.013986 0 -95.100938 -61.93004 115.677368 36.584126 -59.963745 14.259672 30.324558 0.206855 0.05604 2.080776 -5.182561 84.022139 -1.306059 3.300398 0.252225 -2.31197 -14.287039 -22.877688 25.149481 -8.012069 -6.167467 19.424073 -9.301902 -7.097002 7.330234 -1.112792 0.296005 0 0.000003 0 28.10579 -7.586869 -10.020473 41.377177 -7.844531 -6.492575 17.262424 -4.530879 -0.673631 0 0.000003 0 26.617442 -5.187977 -4.616426 30.421253 -6.230776 -2.89365 3.653554 -2.130969 -4.33279 0 0.000003 0 8.666183 2.318927 13.641206 35.719004 1.191857 -2.904876 8.117074 -1.980629 -2.361213 0 0.000003 0 25.57308 44.865063 59.697001 14.81396 -11.846209 23.556359 -37.3676 12.142296 -10.761824 -6.07677 7.97907 9.192813 0 0.000003 0 0 0.000003 0.000008 0 0.000003 -7.968421 0 0.000003 -15.936851 0.000002 0.000003 -23.905281 -0.001883 0.018908 -10.544629 -0.001086 0.014223 -7.908471 -0.000506 0.00949 -5.272313 -0.000144 0.004749 -2.636156 0 0.000003 0 23.772269 6.77068 0.918421 -0.013987 0.000146 1.03083 0 0.000003 0 -25.519952 3.544256 0.303067 -89.999999 -90 0 0 0.000003 0 0 0.000003 0 90.000009 -63.648278 -90.000009 -5.682401 0.000003 0 -28.319916 0.000003 0 -16.252152 0.000003 0 0 0.000003 0 89.999996 -84.450021 179.999995 0 0.000003 0 -90.000003 -84.450021 0 0 0.000003 0 0 0.000003 0
0 0 0 179.999991 0.000003 179.999991 -0.008403 -0.044433999999999974 -0.016841 179.488438 1.091999 174.614633 -83.756731 7.628327 -103.608854 5.995822 -0.457914 -12.358712 0 0.000003 0 1.122402 7.052692 1.24133 75.504886 -7.992029 9.334273 -0.15412 1.329519 -0.522786 9.729087 10.585477 -0.895459 0 0.000003 0 0 0.000003 0 0 0.000003 0 0 0.000003 0 -0.010249 -0.146724 7.990987 -0.005768 -0.110196 5.993234 -0.002565 -0.073538 3.995486 0.013336 -0.037345 2.594331 0 0.000003 0 81.154593 -5.271934 71.148831 9.197459 -0.973416 -8.416704 0 0.000003 0 1.673698 9.84919 -0.245364 75.690319 -9.031782 11.401314 -0.421239 2.455134 -0.80889 6.607132 11.658657 -1.960783 0 0.000003 0 0 0.000003 0 0 0.000003 0 0 0.000003 0 -0.019021 -0.199473 10.893978 -0.010713 -0.149995 8.170469 -0.004766 -0.100183 5.446973 -0.001192 -0.050145 2.723484 0 0.000003 0 89.575069 8.314651 90.191931 15.847094 -0.250993 -0.476311 -14.702278 0.014558 1.257684 10.3048 0.371196 -1.056697 80.5907 -67.824374 140.05683 62.074036 -22.634705 62.448126 3.24792 66.188094 2.180858 5.575916 0.293489 12.929848 -12.743811 -0.2783 -1.040121 5.567135 -15.315433 -24.893183 6.482039 -0.197158 -3.99152 1.285081 -9.153216 3.241581 11.104773 4.511964 7.178766 -0.034264 0.000003 0 3.938279 -7.564364 14.038383 21.401711 4.146378 0.965091 2.82003 2.048684 3.641365 0 0.000003 0 2.739734 -4.265608 -20.428957 16.625486 -7.151902 -7.158589 -9.293219 3.956519 -4.551625 0 0.000003 0 7.055351 8.448482 -1.604849 7.777852 -1.982583 -8.403399 -6.531176 -0.608233 -8.60656 -0.019782 0.000003 0 25.57308 44.865063 59.697001 13.365437 10.603393 22.106331 -0.472518 -12.780818 -30.031939 -6.07677 7.97907 9.192813 0 0.000003 0 0 0.000003 0.000008 0 0.000009 -26.955292 0 0.000009 -53.910598 0 0.000009 -80.865895 -0.040331 0.081193 -52.007649 -0.02351 0.06491 -39.005721 -0.010791 0.045259 -26.003807 -0.002817 0.023246 -13.0019 0 -0.013986 0 -94.728549 -61.851438 115.26003 37.214661 -60.187536 13.784004 30.352073 0.207039 0.056141 2.087821 -5.179733 83.944145 -1.325375 3.419878 0.258154 -2.31197 -14.287039 -22.877688 25.092327 -8.074067 -6.221215 19.409864 -9.372643 -7.158849 7.304674 -1.148193 0.267242 0 0.000003 0 28.091894 -7.676734 -10.114221 41.360142 -7.99778 -6.556193 17.245941 -4.60207 -0.648314 0 0.000003 0 26.609143 -5.274276 -4.721542 30.411117 -6.354765 -2.927211 3.644666 -2.176779 -4.319648 0 0.000003 0 8.67689 2.279421 13.558208 35.73585 1.052985 -2.977206 8.121528 -2.040776 -2.344452 0 0.000003 0 25.57308 44.865063 59.697001 14.639189 -11.879909 23.324543 -37.359294 12.171734 -11.04081 -6.07677 7.97907 9.192813 0 0.000003 0 0 0.000003 0.000008 0 0.000003 -7.989149 0 0.000003 -15.978307 0.000002 0.000003 -23.967465 -0.001844 0.018704 -10.431056 -0.001064 0.014066 -7.823292 -0.000496 0.009394 -5.215527 -0.000141 0.004702 -2.607763 0 0.000003 0 23.785963 7.068367 0.976615 -0.013988 0.000105 0.865389 0 0.000003 0 -25.477465 3.551257 0.07762 -89.999999 -90 0 0 0.000003 0 0 0.000003 0 90.000009 -63.648278 -90.000009 -5.682401 0.000003 0 -28.319916 0.000003 0 -16.252152 0.000003 0 0 0.000003 0 89.999996 -84.450021 179.999995 0 0.000003 0 -90.000003 -84.450021 0 0 0.000003 0 0 0.000003 0
0 0 0 179.999991 0.000003 179.999991 -0.008876 -0.04446899999999998 -0.016769 179.433564 1.132946 174.557738 -83.850414 7.742288 -103.695625 5.896647 -0.451514 -12.357936 0 0.000003 0 1.15696 7.010413 1.279377 75.504886 -7.992029 9.334273 -0.15412 1.329519 -0.522786 9.996202 10.472991 -0.878137 0 0.000003 0 0 0.000003 0 0 0.000003 0 0 0.000003 0 -0.010424 -0.147974 8.059348 -0.005868 -0.111138 6.044505 -0.002609 -0.074167 4.029667 0.013324 -0.037673 2.611421 0 0.000003 0 81.051676 -5.278525 71.178392 9.272586 -0.980471 -8.417988 0 0.000003 0 1.663677 9.883983 -0.209237 75.690319 -9.031782 11.401314 -0.421239 2.455134 -0.80889 6.607105 11.65865 -1.960783 0 0.000003 0 0 0.000003 0 0 0.000003 0 0 0.000003 0 -0.018941 -0.19905 10.870956 -0.010668 -0.149688 8.153202 -0.004746 -0.099971 5.435462 -0.001187 -0.050042 2.717729 0 0.000003 0 89.614903 8.38617 90.189731 15.838555 -0.25014 -0.44952 -14.722652 0.03791 1.279387 10.081627 0.252842 -0.984869 81.276437 -67.902533 138.547618 64.135306 -19.452069 59.093943 3.693857 68.717696 2.592799 5.581 0.17101 14.1838 -14.66521 -0.121076 -1.444561 5.567135 -15.315433 -24.893183 6.482041 -0.197171 -3.991518 1.282325 -9.13362 3.242019 11.103942 4.499608 7.177165 -0.034264 0.000003 0 3.938264 -7.56435 14.038375 21.401759 4.146433 0.965093 2.819956 2.048622 3.641367 0 0.000003 0 2.739726 -4.265608 -20.428976 16.625505 -7.151923 -7.158581 -9.293132 3.956492 -4.551626 0 0.000003 0 7.055346 8.448489 -1.604864 7.777787 -1.982549 -8.403421 -6.531222 -0.608219 -8.606556 -0.019782 0.000003 0 25.57308 44.865063 59.697001 13.365423 10.603393 22.106324 -0.472564 -12.780798 -30.031925 -6.07677 7.97907 9.192813 0 0.000003 0 0 0.000003 0.000008 0 0.000009 -26.619318 0 0.000003 -53.238644 0 0.000009 -79.857971 -0.035855 0.077546 -48.80997 -0.020834 0.061502 -36.607464 -0.009543 0.04265 -24.404971 -0.002493 0.021839 -12.202483 0 -0.013986 0 -94.857674 -61.780925 115.288512 36.584918 -59.849564 14.602898 30.374726 0.207183 0.056218 2.044071 -5.197109 84.427948 -1.031294 3.338053 0.258427 -2.31197 -14.287039 -22.877688 25.019492 -7.973663 -6.295324 19.419925 -9.322536 -6.918239 7.341768 -1.096735 0.384957 0 0.000003 0 27.967953 -7.607128 -10.087153 41.376883 -7.847086 -6.779649 17.239923 -4.616905 -0.50509 0 0.000003 0 26.476948 -5.20984 -4.665669 30.421768 -6.224315 -2.734448 3.6596 -2.099249 -4.332721 0 0.000003 0 8.631315 2.444978 13.526104 35.739839 1.01934 -2.956685 8.117259 -1.982931 -2.361544 0 0.000003 0 25.57308 44.865063 59.697001 14.639201 -11.879903 23.373083 -37.3676 12.142262 -10.76181 -6.07677 7.97907 9.192813 0 0.000003 0 0 0.000003 0.000008 0 0.000003 -7.86058 0 0.000003 -15.721169 0.000002 0.000003 -23.581757 -0.00196 0.019311 -10.769802 -0.00113 0.014517 -8.077351 -0.000526 0.009701 -5.3849 -0.000149 0.004852 -2.692449 0 0.000003 0 23.822651 7.445079 0.851044 -0.013988 0.000084 0.779467 0 0.000003 0 -25.370861 3.549727 -0.034744 -89.999999 -90 0 0 0.000003 0 0 0.000003 0 90.000009 -63.648278 -90.000009 -5.682401 0.000003 0 -28.319916 0.000003 0 -16.252152 0.000003 0 0 0.000003 0 89.999996 -84.450021 179.999995 0 0.000003 0 -90.000003 -84.450021 0 0 0.000003 0 0 0.000003 0
0 0 0 179.999991 0.000003 179.999991 -0.009387 -0.04454800000000003 -0.016506 179.378075 1.155028 174.510555 -83.92961 7.752861 -103.760641 5.9675 -0.45607 -12.358502 0 0.000003 0 1.305013 7.034647 1.563703 75.504886 -7.992029 9.334273 -0.15412 1.329519 -0.522786 10.005852 10.4817 -0.953406 0 0.000003 0 0 0.000003 0 0 0.000003 0 0 0.000003 0 -0.010551 -0.148861 8.108377 -0.005939 -0.111815 6.081277 -0.002641 -0.074617 4.054181 0.013316 -0.037898 2.623678 0 0.000003 0 80.919102 -5.150336 71.196533 9.468946 -0.998926 -8.421374 0 0.000003 0 1.661745 9.916324 -0.179052 75.690319 -9.031782 11.401314 -0.421239 2.455134 -0.80889 6.607105 11.658657 -1.960783 0 0.000003 0 0 0.000003 0 0 0.000003 0 0 0.000003 0 -0.018869 -0.198681 10.850509 -0.010628 -0.149408 8.137868 -0.004728 -0.099793 5.425239 -0.001183 -0.049947 2.712617 0 0.000003 0 89.655454 8.46178 90.187539 15.835647 -0.24486 -0.416003 -14.746597 0.070073 1.290994 10.224344 0.464811 -1.022537 81.721677 -67.914047 137.305644 65.973685 -15.345117 55.953746 4.248359 71.223651 3.113867 5.583576 0.019359 15.735306 -17.045371 0.353868 -2.061105 5.567135 -15.315433 -24.893183 6.482025 -0.197199 -3.991494 1.285136 -9.153202 3.241562 11.104849 4.512012 7.178764 -0.034264 0.000003 0 3.938265 -7.564371 14.038359 21.401728 4.146433 0.96509 2.820125 2.048622 3.64138 0 0.000003 0 2.739723 -4.265628 -20.428983 16.625449 -7.15195 -7.15859 -9.293284 3.956554 -4.551626 0 0.000003 0 7.05533 8.448441 -1.604876 7.777756 -1.982549 -8.403399 -6.531066 -0.60826 -8.606542 -0.019782 0.000003 0 25.57308 44.865063 59.697001 13.365429 10.603332 22.106315 -0.472518 -12.780811 -30.031939 -6.07677 7.97907 9.192813 0 0.000003 0 0 0.000003 0.000008 0 0.000009 -26.203613 0 0.000009 -52.407232 0.000003 0.000009 -78.610846 -0.031629 0.073693 -45.637562 -0.01832 0.058032 -34.228161 -0.008378 0.040041 -22.818771 -0.002189 0.020432 -11.409384 0 -0.013986 0 -93.985944 -61.701795 114.303161 37.229831 -60.200175 14.340354 30.26034 0.206486 0.055799 2.014288 -5.2087 84.756337 -0.979767 3.136965 0.247909 -2.31197 -14.287039 -22.877688 25.165122 -7.995062 -6.318004 19.416303 -9.340548 -7.048867 7.324178 -1.121166 0.443086 0 0.000003 0 28.109544 -7.562253 -10.090665 41.37482 -7.866203 -6.671911 17.250155 -4.591176 -0.685291 0 0.000003 0 26.619704 -5.164338 -4.665608 30.420812 -6.236486 -2.765346 3.657805 -2.108914 -4.286908 0 0.000003 0 8.663253 2.329773 13.536873 35.723303 1.15675 -3.060398 8.120456 -2.026549 -2.271102 0 0.000003 0 25.57308 44.865063 59.697001 14.639189 -11.879909 23.373092 -37.3676 12.142283 -11.062311 -6.07677 7.97907 9.192813 0 0.000003 0 0 0.000003 0.000008 0 0.000003 -7.773316 0 0.000003 -15.546641 0.000002 0.000003 -23.319965 -0.001955 0.019277 -10.754788 -0.001127 0.014503 -8.06609 -0.000525 0.009681 -5.377393 -0.000149 0.004845 -2.688696 0 0.000003 0 23.836718 7.804866 0.932504 -0.013988 0.000091 0.829387 0 0.000003 0 -25.379012 3.553374 0.031147 -89.999999 -90 0 0 0.000003 0 0 0.000003 0 90.000009 -63.648278 -90.000009 -5.682401 0.000003 0 -28.319916 0.000003 0 -16.252152 0.000003 0 0 0.000003 0 89.999996 -84.450021 179.999995 0 0.000003 0 -90.000003 -84.450021 0 0 0.000003 0 0 0.000003 0
0 0 0 179.999991 0.000003 179.999991 -0.009818 -0.04458899999999999 -0.016615 179.327996 1.153669 174.466568 -84.01145 7.836381 -103.80012 5.904489 -0.451999 -12.357998 0 0.000003 0 1.318422 7.002258 1.596682 75.504886 -7.992029 9.334273 -0.15412 1.329519 -0.522786 10.005855 10.48172 -0.9534 0 0.000003 0 0 0.000003 0 0 0.000003 0 0 0.000003 0 -0.01063 -0.149422 8.138836 -0.005984 -0.112231 6.104121 -0.002661 -0.074897 4.069411 0.013311 -0.038042 2.631293 0 0.000003 0 80.843628 -5.169419 71.153188 9.515052 -1.003223 -8.422181 0 0.000003 0 1.656105 9.927785 -0.119634 75.690319 -9.031782 11.401314 -0.421239 2.455134 -0.80889 6.607105 11.65865 -1.96077 0 0.000003 0 0 0.000003 0 0 0.000003 0 0 0.000003 0 -0.018991 -0.199309 10.885339 -0.010697 -0.149879 8.16399 -0.004758 -0.100101 5.442654 -0.00119 -0.050104 2.721325 0 0.000003 0 89.721003 8.530916 90.285313 15.827374 -0.218215 -0.486391 -14.774498 0.113677 1.362137 9.98647 0.313658 -1.051477 82.023264 -67.902279 136.30039 67.448309 -11.335475 53.300693 4.980728 73.770342 3.8125 5.580603 -0.183504 17.81071 -19.926109 0.921839 -2.976917 5.567135 -15.315433 -24.893183 6.482018 -0.197171 -3.991504 1.282398 -9.13362 3.242009 11.103915 4.499649 7.177171 -0.034264 0.000003 0 3.938255 -7.564371 14.038368 21.401609 4.146419 0.965095 2.819896 2.048608 3.641374 0 0.000003 0 2.739734 -4.265608 -20.428988 16.625413 -7.151964 -7.158574 -9.293145 3.956465 -4.551613 0 0.000003 0 7.055336 8.448489 -1.604869 7.777766 -1.982569 -8.403401 -6.531172 -0.608219 -8.606557 -0.019782 0.000003 0 25.57308 44.865063 59.697001 13.365349 10.603352 22.106324 -0.472509 -12.780791 -30.031956 -6.07677 7.97907 9.192813 0 0.000003 0 0 0.000003 0.000008 0 0.000009 -25.647533 0 0.000009 -51.295076 0 0.000009 -76.942621 -0.027877 0.069889 -42.676682 -0.016107 0.054685 -32.007503 -0.007356 0.037569 -21.338332 -0.001924 0.019127 -10.669164 0 -0.013986 0 -93.654161 -61.63792 113.748304 36.585109 -60.106987 15.349588 30.015519 0.204997 0.054911 1.978491 -5.222381 85.150152 -0.714619 2.945037 0.238688 -2.31197 -14.287039 -22.877688 25.165098 -7.995048 -6.317986 19.416327 -9.340541 -7.149878 7.314391 -1.134676 0.527771 0 0.000003 0 28.109515 -7.562267 -10.090647 41.374783 -7.866176 -6.434086 17.278429 -4.519691 -0.451474 0 0.000003 0 26.619684 -5.164324 -4.665591 30.420805 -6.236472 -2.702435 3.660038 -2.097207 -4.231509 0 0.000003 0 8.663247 2.329773 13.536872 35.723303 1.156736 -2.91542 8.118067 -1.994085 -2.438154 0 0.000003 0 25.57308 44.865063 59.697001 14.639189 -11.87993 23.373116 -37.3676 12.142248 -10.761796 -6.07677 7.97907 9.192813 0 0.000003 0 0 0.000003 0.000008 0 0.000003 -7.66867 0 0.000003 -15.337349 0.000002 0.000003 -23.006025 -0.002095 0.019967 -11.146076 -0.001206 0.015015 -8.359557 -0.000561 0.010043 -5.573037 -0.000158 0.005023 -2.786518 0 0.000003 0 23.941896 8.25861 0.771846 -0.013988 0.000064 0.679435 0 0.000003 0 -24.964133 3.545376 -0.155292 -89.999999 -90 0 0 0.000003 0 0 0.000003 0 90.000009 -63.648278 -90.000009 -5.682401 0.000003 0 -28.319916 0.000003 0 -16.252152 0.000003 0 0 0.000003 0 89.999996 -84.450021 179.999995 0 0.000003 0 -90.000003 -84.450021 0 0 0.000003 0 0 0.000003 0
0 0 0 179.999991 0.000003 179.999991 -0.009994 -0.04459999999999997 -0.016907 179.283259 1.141033 174.435354 -84.084505 7.973251 -103.833355 5.721692 -0.440203 -12.356574 0 0.000003 0 1.38885 6.968496 1.635619 75.504886 -7.992029 9.334273 -0.15412 1.329519 -0.522786 10.005853 10.481734 -0.953394 0 0.000003 0 0 0.000003 0 0 0.000003 0 0 0.000003 0 -0.0107 -0.149906 8.165715 -0.006023 -0.112593 6.124281 -0.002679 -0.07515 4.082851 0.013307 -0.038165 2.638012 0 0.000003 0 80.771051 -5.292076 71.09856 9.52613 -1.004261 -8.422373 0 0.000003 0 1.584943 9.985234 -0.056247 75.690319 -9.031782 11.401314 -0.421239 2.455134 -0.80889 6.607132 11.658657 -1.960783 0 0.000003 0 0 0.000003 0 0 0.000003 0 0 0.000003 0 -0.01916 -0.20019 10.933992 -0.010792 -0.150549 8.200479 -0.004801 -0.100552 5.466979 -0.001201 -0.050329 2.733488 0 0.000003 0 89.791094 8.597291 90.330242 15.817396 -0.195669 -0.491867 -14.807831 0.149925 1.353849 10.119438 0.575514 -1.11592 82.439065 -67.83851 135.347046 68.379517 -6.464191 51.387263 6.036139 76.439143 4.832711 5.563318 -0.476349 20.811849 -23.287107 1.227442 -4.240302 5.567135 -15.315433 -24.893183 6.481991 -0.197185 -3.991499 1.285247 -9.153168 3.24154 11.104706 4.512032 7.178759 -0.034264 0.000003 0 3.938241 -7.564391 14.038358 21.401752 4.146419 0.965112 2.820031 2.048649 3.641372 0 0.000003 0 2.73972 -4.265615 -20.428987 16.625432 -7.152039 -7.158586 -9.293166 3.956478 -4.551601 0 0.000003 0 7.055333 8.448462 -1.604862 7.777834 -1.982617 -8.403397 -6.530998 -0.608287 -8.606535 -0.019782 0.000003 0 25.57308 44.865063 59.697001 13.365401 10.603263 22.106329 -0.472542 -12.780764 -30.031952 -6.07677 7.97907 9.192813 0 0.000003 0 0 0.000003 0.000008 0.000002 0.000003 -24.843442 0 0.000009 -49.686894 0.000003 0.000009 -74.530341 -0.024905 0.066563 -40.204167 -0.01436 0.05183 -30.15312 -0.006552 0.035485 -20.102075 -0.001716 0.018034 -10.051035 0 -0.013986 0 -93.216967 -61.6437 113.225241 37.038422 -60.348752 15.246707 29.656975 0.202757 0.053651 1.947219 -5.234094 85.493307 -0.36393 2.748983 0.22724 -2.31197 -14.287039 -22.877688 25.165069 -7.995062 -6.317995 19.41635 -9.340554 -7.169632 7.312544 -1.137367 0.629972 0 0.000003 0 28.109514 -7.562267 -10.090627 41.374772 -7.866183 -6.530817 17.267012 -4.548794 -0.677971 0 0.000003 0 26.619706 -5.164345 -4.665589 30.420785 -6.236459 -2.544546 3.665571 -2.067803 -4.174879 0 0.000003 0 8.663233 2.32976 13.536892 35.723296 1.156729 -2.96477 8.118866 -2.005122 -2.325275 0 0.000003 0 25.57308 44.865063 59.697001 14.639204 -11.87995 23.090515 -37.318941 12.313679 -10.811752 -6.07677 7.97907 9.192813 0 0.000003 0 0 0.000003 0.000008 0 0.000003 -7.57749 0 0.000003 -15.154988 0.000001 0.000003 -22.732488 -0.002107 0.020035 -11.181008 -0.001214 0.01507 -8.385756 -0.000565 0.010063 -5.590503 -0.000159 0.005036 -2.795251 0 0.000003 0 23.953467 8.647664 0.85435 -0.013988 0.00005 0.639388 0 0.000003 0 -24.685834 3.526545 -0.193188 -89.999999 -90 0 0 0.000003 0 0 0.000003 0 90.000009 -63.648278 -90.000009 -5.682401 0.000003 0 -28.319916 0.000003 0 -16.252152 0.000003 0 0 0.000003 0 89.999996 -84.450021 179.999995 0 0.000003 0 -90.000003 -84.450021 0 0 0.000003 0 0 0.000003 0
0 0 0 179.999991 0.000003 179.999991 -0.010029 -0.04463600000000001 -0.017335 179.250433 1.109635 174.439193 -84.133498 8.032209 -103.855875 5.638001 -0.434787 -12.355936 0 0.000003 0 1.43752 7.198851 1.611237 75.504886 -7.992029 9.334273 -0.15412 1.329519 -0.522786 10.033102 10.410078 -0.859772 0 0.000003 0 0 0.000003 0 0 0.000003 0 0 0.000003 0 -0.010746 -0.150228 8.183095 -0.006049 -0.112839 6.137315 -0.00269 -0.075307 4.09154 0.013304 -0.038253 2.642357 0 0.000003 0 80.712441 -5.290232 70.97434 9.600251 -1.011193 -8.423688 0 0.000003 0 1.539723 10.005717 0.046641 75.690319 -9.031782 11.401314 -0.421239 2.455134 -0.80889 6.607132 11.65865 -1.960783 0 0.000003 0 0 0.000003 0 0 0.000003 0 0 0.000003 0 -0.019502 -0.201953 11.031404 -0.010985 -0.15188 8.273538 -0.004887 -0.101446 5.515685 -0.001222 -0.05078 2.75784 0 0.000003 0 89.877653 8.670894 90.365356 15.803548 -0.168587 -0.498589 -14.850897 0.187348 1.345277 9.854733 0.392554 -1.093399 82.036876 -67.883494 135.443297 68.341234 -1.69342 50.218915 7.798354 79.372654 6.556396 5.511992 -0.892792 25.105431 -26.983982 0.933163 -5.802917 5.567135 -15.315433 -24.893183 6.481972 -0.197206 -3.991497 1.28527 -9.153182 3.241557 11.104773 4.511998 7.178793 -0.034264 0.000003 0 3.938244 -7.564384 14.038363 21.40159 4.146446 0.965133 2.819923 2.048636 3.641373 0 0.000003 0 2.739712 -4.265621 -20.428992 16.625512 -7.152052 -7.158588 -9.293183 3.956478 -4.5516 0 0.000003 0 7.05532 8.448448 -1.604862 7.7777 -1.982624 -8.403405 -6.531034 -0.608301 -8.606527 -0.019782 0.000003 0 25.57308 44.865063 59.697001 13.365386 10.603284 22.106331 -0.472545 -12.780791 -30.031952 -6.07677 7.97907 9.192813 0 0.000003 0 0 0.000003 0.000008 0.000002 0.000003 -23.693199 0 0.000009 -47.386404 0 0.000009 -71.079614 -0.022973 0.06424 -38.531378 -0.01323 0.049877 -28.898527 -0.006034 0.034071 -19.265682 -0.001581 0.01729 -9.632839 0 -0.013986 0 -93.475121 -61.543185 113.259775 36.045825 -60.015418 16.483596 29.327391 0.200714 0.052485 1.908792 -5.248185 85.913965 0.029083 2.5999 0.216452 -2.31197 -14.287039 -22.877688 25.165094 -7.995055 -6.318 19.41629 -9.340534 -7.172098 7.312292 -1.137675 0.380446 0 0.000003 0 28.109514 -7.56226 -10.338459 41.356365 -8.030592 -6.578871 17.238672 -4.620279 -0.690307 0 0.000003 0 26.619675 -5.164331 -4.930361 30.409723 -6.370993 -2.767898 3.649356 -2.152327 -4.339418 0 0.000003 0 8.663253 2.32978 13.536868 35.723324 1.156736 -2.993684 8.119365 -2.011604 -2.223068 0 0.000003 0 25.57308 44.865063 59.697001 14.639185 -11.879978 23.373109 -37.3676 12.142269 -10.989692 -6.07677 7.97907 9.192813 0 0.000003 0 0 0.000003 0.000008 0 0.000003 -7.465719 0 0.000003 -14.931446 0.000002 0.000003 -22.397174 -0.00228 0.020862 -11.647701 -0.001313 0.015698 -8.735776 -0.00061 0.010494 -5.82385 -0.000171 0.005255 -2.911924 0 0.000003 0 23.974586 9.098354 0.573636 -0.013988 0.000023 0.529097 0 0.000003 0 -24.375506 3.193594 -0.206521 -89.999999 -90 0 0 0.000003 0 0 0.000003 0 90.000009 -63.648278 -90.000009 -5.682401 0.000003 0 -28.319916 0.000003 0 -16.252152 0.000003 0 0 0.000003 0 89.999996 -84.450021 179.999995 0 0.000003 0 -90.000003 -84.450021 0 0 0.000003 0 0 0.000003 0
0 0 0 179.999991 0.000003 179.999991 -0.01006 -0.044650999999999996 -0.017819 179.216432 1.062971 174.462293 -84.184684 8.085205 -103.822215 5.526135 -0.427547 -12.355097 0 0.000003 0 1.464808 7.186557 1.615135 75.504886 -7.992029 9.334273 -0.15412 1.329519 -0.522786 10.033084 10.410099 -0.859783 0 0.000003 0 0 0.000003 0 0 0.000003 0 0 0.000003 0 -0.010675 -0.149736 8.155924 -0.006009 -0.11247 6.116936 -0.002672 -0.075054 4.077955 0.013308 -0.038117 2.635564 0 0.000003 0 80.651707 -5.289808 70.798531 9.64774 -1.015681 -8.424524 0 0.000003 0 1.509715 10.022615 0.183952 75.690319 -9.031782 11.401314 -0.421239 2.455134 -0.80889 6.576123 11.635114 -2.159064 0 0.000003 0 0 0.000003 0 0 0.000003 0 0 0.000003 0 -0.019991 -0.204446 11.169368 -0.011261 -0.153759 8.37701 -0.00501 -0.10271 5.584666 -0.001253 -0.051415 2.792331 0 0.000003 0 89.969635 8.732877 90.391263 15.783787 -0.135666 -0.503942 -14.901982 0.215037 1.256226 9.956724 0.652149 -1.093781 81.82639 -67.911141 135.769602 67.46699 4.103259 49.545748 11.270543 82.547831 9.986776 5.391086 -1.455729 31.000029 -30.933145 -0.265671 -7.571456 5.567135 -15.315433 -24.893183 6.481985 -0.197206 -3.991513 1.285314 -9.153168 3.241556 11.10475 4.512053 7.178814 -0.034264 0.000003 0 3.93825 -7.564371 14.03833 21.401658 4.146399 0.965157 2.820086 2.048629 3.641386 0 0.000003 0 2.739721 -4.265608 -20.429004 16.625372 -7.152039 -7.158567 -9.293243 3.956506 -4.551598 0 0.000003 0 7.055335 8.448475 -1.604866 7.777744 -1.982617 -8.403415 -6.531239 -0.608253 -8.606528 -0.019782 0.000003 0 25.57308 44.865063 59.697001 13.365422 10.603215 22.106312 -0.472547 -12.780764 -30.031959 -6.07677 7.97907 9.192813 0 0.000003 0 0 0.000003 0.000008 0.000002 0.000003 -22.114488 0 0.000009 -44.228986 0 0.000009 -66.343485 -0.021495 0.062376 -37.210502 -0.012369 0.048312 -27.907869 -0.005639 0.032951 -18.605244 -0.001479 0.016702 -9.30262 0 -0.013986 0 -92.646933 -61.561824 112.281405 36.472309 -60.573086 16.074068 29.022956 0.198822 0.051413 1.872233 -5.261306 86.313183 0.378082 2.49673 0.206941 -2.31197 -14.287039 -22.877688 25.165086 -7.995048 -6.410319 19.409806 -9.37295 -6.964964 7.32332 -1.122375 0.440283 0 0.000003 0 28.109512 -7.562246 -10.090681 41.374783 -7.86619 -6.420849 17.279952 -4.515709 -0.549394 0 0.000003 0 26.61968 -5.164324 -4.665639 30.420805 -6.236466 -2.762808 3.65791 -2.108456 -4.302274 0 0.000003 0 8.663223 2.329773 13.282438 35.740911 1.010256 -2.689769 8.117776 -1.989932 -2.14525 0 0.000003 0 25.57308 44.865063 59.697001 14.639158 -11.879964 23.24617 -37.345825 12.219293 -10.896529 -6.07677 7.97907 9.192813 0 0.000003 0 0 0.000003 0.000008 0 0.000003 -7.359653 0 0.000003 -14.719314 0 0.000003 -22.078976 -0.002193 0.020445 -11.41564 -0.001264 0.015384 -8.561729 -0.000587 0.010275 -5.707818 -0.000165 0.005152 -2.853908 0 0.000003 0 23.976698 9.3893 0.622606 -0.013988 0.00003 0.547905 0 0.000003 0 -24.047317 3.37499 -0.239124 -89.999999 -90 0 0 0.000003 0 0 0.000003 0 90.000009 -63.648278 -90.000009 -5.682401 0.000003 0 -28.319916 0.000003 0 -16.252152 0.000003 0 0 0.000003 0 89.999996 -84.450021 179.999995 0 0.000003 0 -90.000003 -84.450021 0 0 0.000003 0 0 0.000003 0
0 0 0 179.999991 0.000003 179.999991 -0.00997 -0.04469599999999996 -0.018299 179.17235 0.994362 174.504872 -84.237502 8.094535 -103.776678 5.452166 -0.422773 -12.354545 0 0.000003 0 1.479647 7.180922 1.627826 75.504886 -7.992029 9.334273 -0.15412 1.329519 -0.522786 10.033088 10.410085 -0.859782 0 0.000003 0 0 0.000003 0 0 0.000003 0 0 0.000003 0 -0.010577 -0.149046 8.118368 -0.005954 -0.111951 6.08877 -0.002648 -0.074713 4.059177 0.013315 -0.037946 2.626176 0 0.000003 0 80.566774 -5.213542 70.577239 9.825972 -1.03236 -8.427709 0 0.000003 0 1.422237 9.954935 0.037795 75.690319 -9.031782 11.401314 -0.421239 2.455134 -0.80889 6.904628 11.685179 -2.051707 0 0.000003 0 0 0.000003 0 0 0.000003 0 0 0.000003 0 -0.020602 -0.207519 11.339209 -0.011605 -0.156081 8.50439 -0.005163 -0.104274 5.669585 -0.001292 -0.052201 2.834791 0 0.000003 0 90.054965 8.775457 90.434505 15.753445 -0.100989 -0.523765 -14.955973 0.245596 1.229581 9.693159 0.455747 -1.073694 80.897177 -67.820701 136.480284 65.929063 8.961545 49.214252 20.367986 85.781557 19.040887 5.190927 -2.059757 37.518403 -34.553883 -2.290365 -9.17686 5.567135 -15.315433 -24.893183 6.481978 -0.197226 -3.991519 1.28536 -9.153175 3.241545 11.10469 4.512032 7.178839 -0.034264 0.000003 0 3.938244 -7.564412 14.03834 21.401612 4.146392 0.965173 2.820098 2.048608 3.641386 0 0.000003 0 2.739722 -4.265628 -20.428976 16.625398 -7.152066 -7.158564 -9.293181 3.956492 -4.551592 0 0.000003 0 7.055347 8.448441 -1.604835 7.777838 -1.982631 -8.403413 -6.531023 -0.608294 -8.606543 -0.019782 0.000003 0 25.57308 44.865063 59.697001 13.365466 10.603202 22.106264 -0.472571 -12.780777 -30.031942 -6.07677 7.97907 9.192813 0 0.000003 0 0 0.000003 0.000008 0.000002 0.000003 -20.369632 0.000002 0.000009 -40.739271 0 0.000009 -61.10891 -0.020702 0.061331 -36.486652 -0.011909 0.047445 -27.364986 -0.005427 0.032323 -18.243319 -0.001425 0.016381 -9.121658 0 -0.013986 0 -93.018523 -61.457369 112.322591 35.220933 -60.344569 17.108104 28.802173 0.197443 0.050656 1.848027 -5.269844 86.576896 0.612002 2.452109 0.201559 -2.31197 -14.287039 -22.877688 25.154781 -8.006291 -6.208335 19.422196 -9.311424 -6.86223 7.632393 -1.072132 0.446878 0 0.000003 0 28.107045 -7.578516 -9.881726 41.592867 -7.668708 -6.522385 17.258821 -4.598176 -0.682819 0 0.000003 0 26.618231 -5.179938 -4.472463 30.62957 -5.987881 -2.615393 3.657914 -2.108456 -4.302276 0 0.000003 0 8.665197 2.322615 13.350121 35.738234 1.032789 -2.952628 8.254664 -1.784528 -2.374503 0 0.000003 0 25.57308 44.865063 59.697001 14.639184 -11.879916 23.286244 -37.352737 12.194957 -11.018352 -6.07677 7.97907 9.192813 0 0.000003 0 0 0.000003 0.000008 0 0.000003 -7.289589 0 0.000003 -14.579186 0 0.000003 -21.868782 -0.00228 0.020862 -11.65024 -0.001313 0.015698 -8.737678 -0.00061 0.010487 -5.825119 -0.000172 0.005255 -2.912559 0 0.000003 0 24.074409 9.491746 0.303529 -0.013988 0.000071 0.700532 0 0.000003 0 -23.798964 3.394675 -0.033773 -89.999999 -90 0 0 0.000003 0 0 0.000003 0 90.000009 -63.648278 -90.000009 -5.682401 0.000003 0 -28.319916 0.000003 0 -16.252152 0.000003 0 0 0.000003 0 89.999996 -84.450021 179.999995 0 0.000003 0 -90.000003 -84.450021 0 0 0.000003 0 0 0.000003 0
0 0 0 179.999991 0.000003 179.999991 -0.010009 -0.04464999999999997 -0.018933 179.126738 0.860675 174.539173 -84.301992 8.182958 -103.71339 5.210132 -0.407104 -12.352804 0 0.000003 0 1.585616 7.145371 1.686107 75.504886 -7.992029 9.334273 -0.15412 1.329519 -0.522786 10.0331 10.410078 -0.859777 0 0.000003 0 0 0.000003 0 0 0.000003 0 0 0.000003 0 -0.010446 -0.148124 8.068002 -0.00588 -0.111254 6.050995 -0.002615 -0.074242 4.033993 0.013323 -0.037707 2.613584 0 0.000003 0 80.5055 -5.304896 70.309721 9.72385 -1.022798 -8.425878 0 0.000003 0 1.455236 9.966492 0.180658 75.690319 -9.031782 11.401314 -0.421239 2.455134 -0.80889 6.904601 11.685186 -2.051707 0 0.000003 0 0 0.000003 0 0 0.000003 0 0 0.000003 0 -0.021385 -0.211385 11.553519 -0.012047 -0.159011 8.665121 -0.00536 -0.106227 5.77674 -0.001341 -0.053184 2.888367 0 0.000003 0 90.113302 8.788168 90.463608 15.731271 -0.068074 -0.540803 -15.01301 0.278681 1.206152 9.74127 0.711517 -1.214303 81.074783 -67.871688 136.351821 64.482771 13.632097 47.96863 54.963714 88.197778 53.598912 4.964106 -2.559433 43.142159 -37.139027 -4.724398 -10.178103 5.567135 -15.315433 -24.893183 6.481954 -0.19724 -3.991531 1.285414 -9.153182 3.241547 11.104733 4.512005 7.178862 -0.034264 0.000003 0 3.93823 -7.564418 14.038341 21.401645 4.146385 0.965177 2.820162 2.048622 3.641382 0 0.000003 0 2.739716 -4.265608 -20.428963 16.625384 -7.152087 -7.158563 -9.293157 3.956465 -4.551596 0 0.000003 0 7.055339 8.448448 -1.604836 7.777793 -1.982678 -8.403433 -6.531133 -0.608287 -8.606552 -0.019782 0.000003 0 25.57308 44.865063 59.697001 13.365481 10.603209 22.106286 -0.472588 -12.780777 -30.031942 -6.07677 7.97907 9.192813 0 0.000003 0 0 0.000003 0.000008 0.000002 0.000003 -18.865274 0 0.000003 -37.730559 0 0.000009 -56.595846 -0.018896 0.058851 -34.785306 -0.010858 0.045396 -26.088975 -0.004948 0.030868 -17.392646 -0.0013 0.015623 -8.696322 0 -0.013986 0 -92.043008 -61.328341 111.221974 35.647328 -61.076198 16.271751 28.651079 0.19648 0.050133 1.834678 -5.274495 86.722174 0.629542 2.47973 0.203717 -2.31197 -14.287039 -22.877688 25.165115 -7.995048 -6.317975 19.416346 -9.340548 -6.92116 7.33657 -1.104091 0.384152 0 0.000003 0 28.109543 -7.562233 -10.09064 41.374766 -7.866203 -6.530807 17.266913 -4.548767 -0.677954 0 0.000003 0 26.619692 -5.164317 -4.665592 30.420809 -6.236431 -2.737213 3.658806 -2.103703 -4.333274 0 0.000003 0 8.663239 2.329787 13.806505 35.703994 1.311843 -2.861035 8.11332 -1.932825 -2.375974 0 0.000003 0 25.57308 44.865063 59.697001 14.639172 -11.879889 23.490021 -37.387517 12.071249 -10.74091 -6.07677 7.97907 9.192813 0 0.000003 0 0 0.000003 0.000008 0 0.000003 -7.25099 0 0.000003 -14.501991 0 0.000003 -21.75299 -0.002088 0.01994 -11.128584 -0.001203 0.014995 -8.346437 -0.000559 0.010016 -5.56429 -0.000158 0.005023 -2.782145 0 0.000003 0 24.075886 9.88371 0.384453 -0.013988 -0.000018 0.328457 0 0.000003 0 -23.615652 3.094816 -0.416784 -89.999999 -90 0 0 0.000003 0 0 0.000003 0 90.000009 -63.648278 -90.000009 -5.682401 0.000003 0 -28.319916 0.000003 0 -16.252152 0.000003 0 0 0.000003 0 89.999996 -84.450021 179.999995 0 0.000003 0 -90.000003 -84.450021 0 0 0.000003 0 0 0.000003 0
0 0 0 179.999991 0.000003 179.999991 -0.009965 -0.04451700000000003 -0.019433 179.085279 0.714044 174.545361 -84.370711 8.363644 -103.632295 4.808568 -0.381129 -12.350038 0 0.000003 0 1.781893 7.085921 1.740641 75.504886 -7.992029 9.334273 -0.15412 1.329519 -0.522786 10.314277 10.528254 -0.856346 0 0.000003 0 0 0.000003 0 0 0.000003 0 0 0.000003 0 -0.010285 -0.146983 8.005139 -0.005789 -0.110394 6.003848 -0.002574 -0.073668 4.002563 0.013333 -0.03742 2.597869 0 0.000003 0 80.480174 -5.507022 70.042661 9.438702 -0.996051 -8.420853 0 0.000003 0 1.579096 9.947442 0.308779 75.690319 -9.031782 11.401314 -0.421239 2.455134 -0.80889 6.904628 11.685193 -2.051693 0 0.000003 0 0 0.000003 0 0 0.000003 0 0 0.000003 0 -0.022202 -0.215347 11.772845 -0.012508 -0.162003 8.829616 -0.005565 -0.108242 5.886402 -0.001392 -0.054195 2.943198 0 0.000003 0 90.14037 8.782676 90.447797 15.720118 -0.042734 -0.552981 -15.055868 0.30885 1.189081 9.523218 0.575132 -1.130501 81.836396 -67.919515 135.364504 63.477688 16.428021 46.036148 123.970283 88.216219 122.579329 4.783832 -2.882877 46.938009 -38.790714 -7.162564 -10.692509 5.567135 -15.315433 -24.893183 6.481974 -0.197274 -3.991569 1.28268 -9.133627 3.241976 11.103825 4.499595 7.177267 -0.034264 0.000003 0 3.938264 -7.564446 14.038318 21.401653 4.146405 0.965192 2.820146 2.048629 3.641395 0 0.000003 0 2.739743 -4.265642 -20.428971 16.625464 -7.152128 -7.158573 -9.293221 3.956492 -4.551606 0 0.000003 0 7.05536 8.448421 -1.604842 7.777823 -1.982685 -8.403431 -6.531095 -0.608301 -8.60656 -0.019782 0.000003 0 25.57308 44.865063 59.697001 13.365543 10.603188 22.106269 -0.47256 -12.780791 -30.031983 -6.07677 7.97907 9.192813 0 0.000003 0 0 0.000003 0.000008 0.000002 0.000003 -17.85052 0.000002 0.000009 -35.70105 0 0.000009 -53.551576 -0.016823 0.055791 -32.739279 -0.009656 0.042889 -24.554455 -0.004399 0.029113 -16.369634 -0.001158 0.014708 -8.184815 0 -0.013986 0 -91.662792 -61.255026 110.626689 35.02995 -61.279833 16.328252 28.623824 0.196309 0.050045 1.831826 -5.275472 86.753224 0.503648 2.561781 0.211353 -2.31197 -14.287039 -22.877688 25.16512 -7.995048 -6.318015 19.416322 -9.340554 -6.921158 7.336546 -1.104077 0.384151 0 0.000003 0 28.109558 -7.56224 -10.090658 41.374762 -7.866176 -6.292619 17.295094 -4.477118 -0.908696 0 0.000003 0 26.619686 -5.164324 -4.665602 30.420775 -6.236459 -2.737218 3.658827 -2.103682 -4.333273 0 0.000003 0 8.663257 2.329787 13.536879 35.723324 1.156791 -2.915377 8.118093 -1.994099 -2.363222 0 0.000003 0 25.57308 44.865063 59.697001 14.639153 -11.879903 23.373131 -37.3676 12.142194 -11.017409 -6.07677 7.97907 9.192813 0 0.000003 0 0 0.000003 0.000008 0 0.000003 -7.242741 0 0.000003 -14.485491 0 0.000003 -21.72824 -0.002007 0.019544 -10.902516 -0.001157 0.014694 -8.176887 -0.000538 0.009817 -5.451257 -0.000152 0.004913 -2.725628 0 0.000003 0 24.306297 9.955673 0.206781 -0.013988 -0.000018 0.32846 0 0.000003 0 -23.615659 3.094816 -0.416777 -89.999999 -90 0 0 0.000003 0 0 0.000003 0 90.000009 -63.648278 -90.000009 -5.682401 0.000003 0 -28.319916 0.000003 0 -16.252152 0.000003 0 0 0.000003 0 89.999996 -84.450021 179.999995 0 0.000003 0 -90.000003 -84.450021 0 0 0.000003 0 0 0.000003 0
0 0 0 179.999991 0.000003 179.999991 -0.009898 -0.04437000000000002 -0.019785 179.055567 0.616946 174.4924 -84.427531 8.62785 -103.610541 4.36959 -0.352674 -12.347246 0 0.000003 0 1.998831 7.023882 1.812197 75.504886 -7.992029 9.334273 -0.15412 1.329519 -0.522786 10.314289 10.528268 -0.856323 0 0.000003 0 0 0.000003 0 0 0.000003 0 0 0.000003 0 -0.010248 -0.146717 7.990831 -0.005768 -0.110196 5.993118 -0.002565 -0.073538 3.995409 0.013336 -0.037352 2.594292 0 0.000003 0 80.480918 -5.795058 69.789268 9.056874 -0.960192 -8.414326 0 0.000003 0 1.765013 9.902568 0.477701 75.690319 -9.031782 11.401314 -0.421239 2.455134 -0.80889 6.904628 11.685179 -2.051721 0 0.000003 0 0 0.000003 0 0 0.000003 0 0 0.000003 0 -0.023008 -0.219178 11.985286 -0.012963 -0.164912 8.988946 -0.005768 -0.110189 5.992621 -0.001443 -0.055172 2.996308 0 0.000003 0 90.162759 8.74649 90.440283 15.710869 -0.025877 -0.562803 -15.084408 0.336348 1.17615 9.570077 0.786471 -1.211773 83.217638 -68.033027 133.819488 63.017846 18.868427 43.801265 143.80197 87.49282 142.397737 4.670449 -3.063392 49.123745 -39.970001 -9.566395 -11.051354 5.567135 -15.315433 -24.893183 6.482004 -0.19724 -3.991579 1.285473 -9.153216 3.241523 11.104718 4.511998 7.17887 -0.034264 0.000003 0 3.938247 -7.564439 14.038327 21.401633 4.146358 0.965187 2.820123 2.048684 3.641399 0 0.000003 0 2.739721 -4.265621 -20.428966 16.625435 -7.152114 -7.158568 -9.293264 3.956513 -4.55161 0 0.000003 0 7.055346 8.448448 -1.604838 7.777792 -1.982678 -8.403434 -6.531137 -0.608308 -8.606568 -0.019782 0.000003 0 25.57308 44.865063 59.697001 13.365509 10.603175 22.106303 -0.472608 -12.780784 -30.031952 -6.07677 7.97907 9.192813 0 0.000003 0 0 0.000003 0.000008 0.000002 0.000003 -17.266454 0 0.000009 -34.532914 0 0.000009 -51.799379 -0.014427 0.051946 -30.225008 -0.008271 0.039795 -22.668749 -0.003769 0.026927 -15.112499 -0.000995 0.013588 -7.556249 0 -0.013986 0 -91.164796 -61.237336 110.044026 35.201316 -61.721542 15.589787 28.69665 0.196787 0.050288 1.828595 -5.276592 86.788318 0.3783 2.583214 0.214017 -2.31197 -14.287039 -22.877688 25.165113 -7.995048 -6.318005 19.416329 -9.340568 -6.921159 7.336563 -1.104077 0.645387 0 0.000003 0 28.109546 -7.56224 -10.090647 41.374796 -7.866176 -6.530801 17.267002 -4.548815 -0.713156 0 0.000003 0 26.619737 -5.164304 -4.665604 30.420809 -6.236452 -2.737225 3.658765 -2.103689 -4.085506 0 0.000003 0 8.663242 2.329794 13.536867 35.723262 1.156763 -2.915376 8.118067 -1.994085 -2.363203 0 0.000003 0 25.57308 44.865063 59.697001 14.639194 -11.87995 23.483657 -37.386451 12.075094 -10.742057 -6.07677 7.97907 9.192813 0 0.000003 0 0 0.000003 0.000008 0 0.000003 -7.233417 0 -0.000004 -14.466844 0 0.000003 -21.700269 -0.001845 0.018717 -10.436727 -0.001065 0.014073 -7.827544 -0.000496 0.009401 -5.218363 -0.000141 0.004702 -2.609181 0 0.000003 0 24.600554 10.408022 0.23132 -0.013988 -0.000086 0.077149 0 0.000003 0 -23.305063 2.937196 -0.686481 -89.999999 -90 0 0 0.000003 0 0 0.000003 0 90.000009 -63.648278 -90.000009 -5.682401 0.000003 0 -28.319916 0.000003 0 -16.252152 0.000003 0 0 0.000003 0 89.999996 -84.450021 179.999995 0 0.000003 0 -90.000003 -84.450021 0 0 0.000003 0 0 0.000003 0
0 0 0 179.999991 0.000003 179.999991 -0.009873 -0.04434199999999999 -0.019787 179.039202 0.546821 174.416831 -84.442633 8.775293 -103.616736 4.213285 -0.342545 -12.346294 0 0.000003 0 2.084996 7.00318 1.894296 75.504886 -7.992029 9.334273 -0.15412 1.329519 -0.522786 10.314294 10.528268 -0.856329 0 0.000003 0 0 0.000003 0 0 0.000003 0 0 0.000003 0 -0.010266 -0.146853 7.997796 -0.005778 -0.110291 5.998342 -0.002569 -0.0736 3.998892 0.013335 -0.037379 2.596034 0 0.000003 0 80.469307 -5.972028 69.610112 8.903669 -0.945801 -8.411774 0 0.000003 0 1.848279 9.881715 0.603565 75.690319 -9.031782 11.401314 -0.421239 2.455134 -0.80889 6.904628 11.685193 -2.051693 0 0.000003 0 0 0.000003 0 0 0.000003 0 0 0.000003 0 -0.02358 -0.221849 12.133963 -0.013286 -0.166927 9.100452 -0.005912 -0.111548 6.066958 -0.001479 -0.055848 3.033476 0 0.000003 0 90.19536 8.708985 90.462393 15.706181 -0.00803 -0.576297 -15.105901 0.363833 1.159481 9.63481 0.691416 -1.276471 84.63982 -68.159891 132.154342 63.010312 20.534358 41.536849 145.319296 87.397512 143.913561 4.588043 -3.185639 50.635515 -40.856067 -11.994834 -11.333625 5.567135 -15.315433 -24.893183 6.481977 -0.197247 -3.991543 1.285504 -9.153216 3.241524 11.104695 4.511991 7.178864 -0.034264 0.000003 0 3.938238 -7.564452 14.038323 21.401599 4.146364 0.965199 2.82012 2.048649 3.641383 0 0.000003 0 2.7397 -4.265635 -20.428971 16.625442 -7.152114 -7.158575 -9.293164 3.956499 -4.551603 0 0.000003 0 7.055337 8.448427 -1.604836 7.777787 -1.982706 -8.403444 -6.531061 -0.608308 -8.606578 -0.019782 0.000003 0 25.57308 44.865063 59.697001 13.365557 10.603195 22.10631 -0.472612 -12.780791 -30.031946 -6.07677 7.97907 9.192813 0 0.000003 0 0 0.000003 0.000008 0.000002 0.000003 -16.862596 0 0.000009 -33.725203 0 0.000009 -50.58781 -0.012209 0.048005 -27.720253 -0.006993 0.03664 -20.790187 -0.003188 0.024748 -13.860124 -0.000844 0.012474 -6.930061 0 -0.013986 0 -91.164816 -61.237336 110.044046 35.258748 -61.532048 15.061066 28.818843 0.197559 0.050707 1.800356 -5.286277 87.095137 0.266121 2.542206 0.211927 -2.31197 -14.287039 -22.877688 25.249213 -7.9031 -6.28519 19.433837 -9.252472 -7.010656 7.352241 -1.082261 0.584815 0 0.000003 0 28.129526 -7.429365 -10.080829 41.389973 -7.725208 -6.65061 17.271996 -4.535933 -0.797986 0 0.000003 0 26.631512 -5.036722 -4.673923 30.428643 -6.136465 -2.800118 3.662597 -2.083478 -4.088904 0 0.000003 0 8.647211 2.388158 13.483734 35.710401 1.260726 -2.930006 8.115819 -1.964462 -2.363635 0 0.000003 0 25.57308 44.865063 59.697001 14.639214 -11.879896 23.217625 -37.324324 12.408332 -11.002356 -6.07677 7.97907 9.192813 0 0.000003 0 0 0.000003 0.000008 0 0.000003 -7.151906 0.000001 0.000003 -14.30382 0 -0.000004 -21.455735 -0.001768 0.018301 -10.205303 -0.001021 0.013765 -7.653977 -0.000476 0.009196 -5.102651 -0.000136 0.004606 -2.551325 0 0.000003 0 24.608497 10.656764 0.307705 -0.013988 -0.000093 0.028902 0 0.000003 0 -23.310254 2.679083 -0.656826 -89.999999 -90 0 0 0.000003 0 0 0.000003 0 90.000009 -63.648278 -90.000009 -5.682401 0.000003 0 -28.319916 0.000003 0 -16.252152 0.000003 0 0 0.000003 0 89.999996 -84.450021 179.999995 0 0.000003 0 -90.000003 -84.450021 0 0 0.000003 0 0 0.000003 0
0 0 0 179.999991 0.000003 179.999991 -0.009867 -0.04424899999999998 -0.01957 179.024394 0.485998 174.359457 -84.462495 8.895907 -103.62944 4.043951 -0.331562 -12.345301 0 0.000003 0 2.189327 6.970347 1.970034 75.504886 -7.992029 9.334273 -0.15412 1.329519 -0.522786 10.314293 10.528261 -0.856326 0 0.000003 0 0 0.000003 0 0 0.000003 0 0 0.000003 0 -0.010295 -0.147051 8.009134 -0.005795 -0.110448 6.006844 -0.002577 -0.073709 4.00456 0.013333 -0.037434 2.598867 0 0.000003 0 80.469177 -6.142332 69.439064 8.686808 -0.925413 -8.408234 0 0.000003 0 1.977338 9.844532 0.724793 75.690319 -9.031782 11.401314 -0.421239 2.455134 -0.80889 6.904628 11.685179 -2.051693 0 0.000003 0 0 0.000003 0 0 0.000003 0 0 0.000003 0 -0.024133 -0.22441 12.275804 -0.013597 -0.168867 9.206834 -0.00605 -0.112846 6.137879 -0.001514 -0.056504 3.068936 0 0.000003 0 90.220563 8.683475 90.458199 15.711546 0.00964 -0.578504 -15.123808 0.391338 1.153968 9.39526 0.600335 -1.174512 85.99648 -68.338291 130.450756 63.052591 21.559235 39.658312 134.727558 87.916907 133.330538 4.532023 -3.264924 51.631176 -41.780049 -14.001339 -11.767994 5.567135 -15.315433 -24.893183 6.481978 -0.19724 -3.991561 1.285491 -9.153243 3.407474 11.106985 4.546067 7.18327 -0.034264 0.000003 0 3.938231 -7.564452 14.03832 21.401636 4.146433 0.965204 2.819977 2.048636 3.64138 0 0.000003 0 2.73969 -4.265642 -20.42898 16.625466 -7.152128 -7.158575 -9.293261 3.956506 -4.551612 0 0.000003 0 7.055314 8.448455 -1.60484 7.777814 -1.982692 -8.403439 -6.531108 -0.60828 -8.606579 -0.019782 0.000003 0 25.57308 44.865063 59.697001 13.365514 10.603188 22.106319 -0.472543 -12.780777 -30.031993 -6.07677 7.97907 9.192813 0 0.000003 0 0 0.000003 0.000008 0.000002 0.000003 -16.596666 0 0.000009 -33.193343 0 0.000003 -49.79002 -0.010593 0.04485 -25.756838 -0.006064 0.03416 -19.317629 -0.002765 0.023027 -12.878417 -0.000735 0.011587 -6.439207 0 -0.013986 0 -90.440734 -61.191464 109.185615 35.204164 -61.801356 14.976474 28.940447 0.198283 0.051129 1.81334 -5.281837 86.954121 0.237872 2.490597 0.208061 -2.31197 -14.287039 -22.877688 25.165156 -7.995075 -6.317991 19.416298 -9.340568 -6.70333 7.357509 -1.074817 0.522714 0 0.000003 0 28.109555 -7.562274 -10.090642 41.374779 -7.866149 -6.55196 17.264375 -4.555167 -0.8939 0 0.000003 0 26.619737 -5.164331 -4.665599 30.420795 -6.236425 -2.615568 3.663054 -2.081033 -4.099236 0 0.000003 0 8.663287 2.32978 13.536889 35.723269 1.156763 -2.719809 8.114686 -1.950351 -2.380728 0 0.000003 0 25.57308 44.865063 59.697001 14.639203 -11.87993 23.343264 -37.362491 12.16028 -10.76711 -6.07677 7.97907 9.192813 0 0.000003 0 0 0.000003 0.000008 0 0.000003 -7.18937 0 0.000003 -14.378749 0 0.000003 -21.568127 -0.001726 0.018082 -10.077021 -0.000996 0.013595 -7.557765 -0.000465 0.00908 -5.038509 -0.000133 0.004538 -2.519254 0 0.000003 0 24.873771 10.977927 0.240665 -0.013988 -0.000141 -0.138405 0 0.000003 0 -22.881009 2.859864 -0.934098 -89.999999 -90 0 0 0.000003 0 0 0.000003 0 90.000009 -63.648278 -90.000009 -5.682401 0.000003 0 -28.319916 0.000003 0 -16.252152 0.000003 0 0 0.000003 0 89.999996 -84.450021 179.999995 0 0.000003 0 -90.000003 -84.450021 0 0 0.000003 0 0 0.000003 0
0 0 0 179.999991 0.000003 179.999991 -0.009542 -0.04429000000000005 -0.019065 179.006855 0.406378 174.302739 -84.454271 8.895675 -103.710938 4.092107 -0.334677 -12.345581 0 0.000003 0 2.213085 6.96252 2.139866 75.504886 -7.992029 9.334273 -0.15412 1.329519 -0.522786 10.584083 10.590115 -0.849453 0 0.000003 0 0 0.000003 0 0 0.000003 0 0 0.000003 0 -0.010462 -0.148233 8.073639 -0.005888 -0.11133 6.055224 -0.002619 -0.074296 4.036813 0.013322 -0.037734 2.614993 0 0.000003 0 80.433476 -6.102655 69.32588 8.889162 -0.944462 -8.411542 0 0.000003 0 1.889351 9.847298 0.771101 75.690319 -9.031782 11.401314 -0.421239 2.455134 -0.80889 6.904628 11.685193 -2.051693 0 0.000003 0 0 0.000003 0 0 0.000003 0 0 0.000003 0 -0.024474 -0.225974 12.362733 -0.013791 -0.170062 9.272028 -0.006136 -0.113638 6.181343 -0.001535 -0.056907 3.090668 0 0.000003 0 90.250595 8.662144 90.45296 15.71787 0.018116 -0.573394 -15.140371 0.413939 1.157381 9.430485 0.895727 -1.275103 87.583174 -68.609787 128.637614 63.418088 22.94881 37.868645 86.673673 88.519985 85.29668 4.526512 -3.272567 51.727809 -43.140489 -15.394226 -12.645539 5.567135 -15.315433 -24.893183 6.435963 -0.225421 -3.99492 1.285551 -9.153216 3.241501 11.102298 4.477342 7.1744 -0.034264 0.000003 0 3.921948 -7.589649 14.042407 21.412411 4.091381 0.955534 2.819983 2.035713 3.640642 0 0.000003 0 2.732321 -4.287621 -20.427043 16.608595 -7.197268 -7.164899 -9.293529 3.955898 -4.551634 0 0.000003 0 7.082068 8.414919 -1.873508 7.766384 -2.050113 -8.40984 -6.533517 -0.618628 -8.383674 -0.019782 0.000003 0 25.57308 44.865063 59.697001 13.365533 10.603188 22.106307 -0.472555 -12.780798 -30.031952 -6.07677 7.97907 9.192813 0 0.000003 0 0 0.000003 0.000008 0.000002 0.000003 -16.570859 0.000002 0.000009 -33.141724 0 0.000009 -49.712593 -0.008938 0.041318 -23.594663 -0.005116 0.031387 -17.695994 -0.002335 0.021121 -11.797328 -0.000623 0.010623 -5.898663 0 -0.013986 0 -90.155956 -61.178497 108.844856 35.84195 -62.273914 13.930535 29.051619 0.199014 0.051513 1.771044 -5.296133 87.41298 0.167463 2.465844 0.206999 -2.31197 -14.287039 -22.877688 25.264784 -7.886025 -6.399926 19.428693 -9.278591 -6.86289 7.359271 -1.072433 0.448417 0 0.000003 0 28.13318 -7.404749 -10.202085 41.384034 -7.780812 -6.505794 17.281593 -4.511638 -0.671524 0 0.000003 0 26.633638 -5.013083 -4.787893 30.425631 -6.175083 -2.78445 3.660838 -2.092918 -4.113076 0 0.000003 0 8.644213 2.398956 13.4384 35.710544 1.259558 -2.863808 8.11471 -1.949982 -2.407486 0 0.000003 0 25.57308 44.865063 59.697001 14.639168 -11.879916 23.373143 -37.174251 12.180736 -10.721047 -6.07677 7.97907 9.192813 0 0.000003 0 0 0.000003 0.000008 0 0.000003 -7.06747 0.000001 0.000003 -14.134947 0 0.000003 -21.202425 -0.001573 0.017242 -9.60458 -0.00091 0.012959 -7.203433 -0.000426 0.008656 -4.802289 -0.000122 0.004333 -2.401143 0 0.000003 0 25.190957 11.323575 0.184979 -0.013987 -0.000168 -0.284622 0 0.000003 0 -22.613004 2.823883 -1.108377 -89.999999 -90 0 0 0.000003 0 0 0.000003 0 90.000009 -63.648278 -90.000009 -5.682401 0.000003 0 -28.319916 0.000003 0 -16.252152 0.000003 0 0 0.000003 0 89.999996 -84.450021 179.999995 0 0.000003 0 -90.000003 -84.450021 0 0 0.000003 0 0 0.000003 0
0 0 0 179.999991 0.000003 179.999991 -0.009555 -0.044193999999999956 -0.018376 178.998658 0.31273 174.244191 -84.439921 8.927149 -103.831498 4.059343 -0.33258 -12.345389 0 0.000003 0 2.290164 6.936408 2.362938 75.504886 -7.992029 9.334273 -0.15412 1.329519 -0.522786 10.584104 10.590129 -0.849442 0 0.000003 0 0 0.000003 0 0 0.000003 0 0 0.000003 0 -0.010711 -0.149982 8.169705 -0.006029 -0.112648 6.127272 -0.002681 -0.075184 4.084845 0.013306 -0.038185 2.63901 0 0.000003 0 80.465523 -6.17664 69.267824 8.723268 -0.928849 -8.408825 0 0.000003 0 2.025565 9.778456 0.734372 75.690319 -9.031782 11.401314 -0.421239 2.455134 -0.80889 6.904628 11.685193 -2.051693 0 0.000003 0 0 0.000003 0 0 0.000003 0 0 0.000003 0 -0.024667 -0.226849 12.411612 -0.013899 -0.170718 9.308689 -0.006185 -0.114089 6.205782 -0.001547 -0.057125 3.102887 0 0.000003 0 90.30258 8.659712 90.436506 15.714568 0.008001 -0.553008 -15.147442 0.431862 1.179303 9.338907 0.826073 -1.16112 88.858077 -68.774801 126.717894 64.450198 23.470909 36.321293 29.349381 86.996976 28.005014 4.561223 -3.223956 51.115278 -44.806215 -17.774424 -13.896406 5.567135 -15.315433 -24.893183 6.481984 -0.19726 -3.99158 1.285502 -9.153236 3.241505 11.104751 4.511964 7.178869 -0.034264 0.000003 0 3.938249 -7.564452 14.038329 21.401646 4.14644 0.965191 2.819994 2.048656 3.641385 0 0.000003 0 2.739736 -4.265621 -20.428968 16.625445 -7.152155 -7.158572 -9.293225 3.956492 -4.55161 0 0.000003 0 7.055347 8.448475 -1.604826 7.77784 -1.982692 -8.403445 -6.531122 -0.608294 -8.606577 -0.019782 0.000003 0 25.57308 44.865063 59.697001 13.365512 10.603175 22.10632 -0.472555 -12.780825 -29.892582 -6.07677 7.97907 9.192813 0 0.000003 0 0 0.000003 0.000008 0.000002 0.000003 -16.734452 0.000002 0.000009 -33.46891 0 0.000009 -50.203376 -0.007567 0.038094 -21.650067 -0.004329 0.028874 -16.237549 -0.001979 0.019407 -10.82503 -0.00053 0.009742 -5.412514 0 -0.013986 0 -90.015657 -61.418826 108.86381 36.318568 -62.265196 12.890788 29.284023 0.200482 0.052323 1.777167 -5.294091 87.346631 0.017977 2.50242 0.210578 -2.31197 -14.287039 -22.877688 25.165122 -7.995062 -6.067582 19.433828 -9.252691 -7.090312 7.3445 -1.093019 0.354502 0 0.000003 0 28.109541 -7.56226 -9.952468 41.384717 -7.774501 -6.503943 17.282622 -4.508885 -0.671044 0 0.000003 0 26.619709 -5.164338 -4.542519 30.425727 -6.173894 -2.722911 3.663061 -2.081047 -4.442491 0 0.000003 0 8.663269 2.329794 13.82535 35.702621 1.322669 -3.116059 8.117448 -1.986428 -2.446644 0 0.000003 0 25.57308 44.865063 59.697001 14.639179 -11.87995 23.367928 -37.366725 12.145315 -10.762725 -6.07677 7.97907 9.192813 0 0.000003 0 0 0.000003 0.000008 0 -0.000004 -7.085094 0.000001 0.000003 -14.170196 0 0.000003 -21.255299 -0.001448 0.016511 -9.194946 -0.000838 0.012406 -6.896208 -0.000392 0.008281 -4.597472 -0.000113 0.004148 -2.298735 0 0.000003 0 25.303416 11.418187 -0.040553 -0.013986 -0.00023 -0.524123 0 0.000003 0 -22.351961 2.809942 -1.41489 -89.999999 -90 0 0 0.000003 0 0 0.000003 0 90.000009 -63.648278 -90.000009 -5.682401 0.000003 0 -28.319916 0.000003 0 -16.252152 0.000003 0 0 0.000003 0 89.999996 -84.450021 179.999995 0 0.000003 0 -90.000003 -84.450021 0 0 0.000003 0 0 0.000003 0
0 0 0 179.999991 0.000003 179.999991 -0.009529 -0.04441600000000001 -0.017722 179.009409 0.247925 174.141752 -84.362726 8.802716 -103.911725 4.46798 -0.359047 -12.347858 0 0.000003 0 2.173648 7.242844 2.45979 75.504886 -7.992029 9.334273 -0.15412 1.329519 -0.522786 10.560966 10.497136 -1.104501 0 0.000003 0 0 0.000003 0 0 0.000003 0 0 0.000003 0 -0.01088 -0.151156 8.233819 -0.006124 -0.113536 6.175357 -0.002723 -0.075772 4.116902 0.013295 -0.038486 2.655038 0 0.000003 0 80.461664 -6.100825 69.240592 9.097196 -0.963997 -8.415014 0 0.000003 0 1.827968 9.792206 0.709974 75.690319 -9.031782 11.401314 -0.421239 2.455134 -0.80889 6.904601 11.685193 -2.051707 0 0.000003 0 0 0.000003 0 0 0.000003 0 0 0.000003 0 -0.024739 -0.22717 12.42959 -0.013939 -0.170971 9.322172 -0.006203 -0.11426 6.21477 -0.001552 -0.057214 3.107382 0 0.000003 0 90.374468 8.660566 90.417361 15.724291 0.002482 -0.504402 -15.142647 0.451341 1.283953 9.426074 0.756876 -1.365454 90.844849 -68.808409 124.417459 67.015146 24.330229 34.976518 13.378428 83.686205 12.079594 4.634085 -3.118204 49.798155 -46.211175 -23.621968 -15.510996 5.567135 -15.315433 -24.893183 6.48198 -0.197253 -3.99157 1.285476 -9.153257 3.241513 11.104684 4.51195 7.178845 -0.034264 0.000003 0 3.938241 -7.564459 14.038329 21.401701 4.14644 0.965166 2.820053 2.048629 3.641374 0 0.000003 0 2.739716 -4.265628 -20.428987 16.625432 -7.152169 -7.158577 -9.293184 3.956478 -4.551606 0 0.000003 0 7.055321 8.448448 -1.604855 7.777817 -1.982713 -8.403444 -6.531085 -0.608308 -8.606585 -0.019782 0.000003 0 25.57308 44.865063 59.697001 13.365522 10.60314 22.10629 -0.47256 -12.780784 -30.03197 -6.07677 7.97907 9.192813 0 0.000003 0 0 0.000003 0.000008 0.000002 0.000003 -17.08628 0 0.000009 -34.172567 0 0.000009 -51.258855 -0.005913 0.033737 -19.067578 -0.003386 0.025513 -14.300683 -0.001551 0.017112 -9.533788 -0.000419 0.008588 -4.766892 0 -0.013986 0 -90.01563 -61.418812 108.863783 36.793447 -62.235476 11.991795 29.587054 0.202374 0.05338 1.743249 -5.305326 87.713856 -0.224621 2.655669 0.222883 -2.31197 -14.287039 -22.877688 25.225265 -7.929451 -6.321097 19.427005 -9.286985 -6.912502 7.352184 -1.082309 0.386546 0 0.000003 0 28.12389 -7.467375 -10.267825 41.372382 -7.887787 -6.537118 17.263242 -4.558199 -0.679574 0 0.000003 0 26.628203 -5.07323 -4.865771 30.418603 -6.263766 -2.743436 3.656875 -2.113552 -4.334512 0 0.000003 0 8.65186 2.371472 13.625672 35.704971 1.303886 -2.871208 8.113727 -1.937606 -2.35472 0 0.000003 0 25.57308 44.865063 59.697001 14.639199 -11.87993 23.373122 -37.3676 12.142146 -10.761783 -6.07677 7.97907 9.192813 0 0.000003 0 0 0.000003 0.000008 0 0.000003 -6.987541 0.000001 0.000003 -13.975091 0 0.000003 -20.962641 -0.00135 0.015931 -8.866164 -0.000782 0.011969 -6.649623 -0.000367 0.007994 -4.433081 -0.000106 0.004005 -2.21654 0 0.000003 0 25.319931 12.004832 0.139513 -0.013985 -0.000278 -0.73531 0 0.000003 0 -22.080359 2.94796 -1.736705 -89.999999 -90 0 0 0.000003 0 0 0.000003 0 90.000009 -63.648278 -90.000009 -5.682401 0.000003 0 -28.319916 0.000003 0 -16.252152 0.000003 0 0 0.000003 0 89.999996 -84.450021 179.999995 0 0.000003 0 -90.000003 -84.450021 0 0 0.000003 0 0 0.000003 0
0 0 0 179.999991 0.000003 179.999991 -0.00924 -0.044657999999999975 -0.017375 179.050458 0.206718 174.039367 -84.245896 8.655915 -103.960472 4.955662 -0.390637 -12.351025 0 0.000003 0 1.967128 7.31995 2.581154 75.504886 -7.992029 9.334273 -0.15412 1.329519 -0.522786 10.560966 10.497115 -1.104501 0 0.000003 0 0 0.000003 0 0 0.000003 0 0 0.000003 0 -0.010986 -0.151887 8.274083 -0.006184 -0.114089 6.205556 -0.00275 -0.076147 4.137034 0.013289 -0.03867 2.665104 0 0.000003 0 80.444855 -6.078326 69.308996 9.431228 -0.99534 -8.420727 0 0.000003 0 1.576476 9.794904 0.339631 75.690319 -9.031782 11.401314 -0.421239 2.455134 -0.80889 6.961838 11.730313 -1.967655 0 0.000003 0 0 0.000003 0 0 0.000003 0 0 0.000003 0 -0.024522 -0.226186 12.374908 -0.013817 -0.170219 9.28116 -0.006149 -0.113754 6.18743 -0.001538 -0.056961 3.093712 0 0.000003 0 90.483191 8.703706 90.436937 15.740816 0.008083 -0.447102 -15.128343 0.466907 1.280388 9.345411 0.990284 -1.069996 92.515042 -68.785123 122.68729 69.837605 25.761652 34.825601 7.739194 79.295036 6.498244 4.607854 -3.156877 50.277402 -45.353218 -31.827812 -16.819092 5.567135 -15.315433 -24.893183 6.482009 -0.197212 -3.991538 1.28549 -9.153243 3.241519 11.104767 4.511971 7.178832 -0.034264 0.000003 0 3.938261 -7.564418 14.038369 21.401653 4.146474 0.965152 2.820023 2.048629 3.641372 0 0.000003 0 2.739732 -4.265601 -20.428985 16.62544 -7.152148 -7.158571 -9.293201 3.956458 -4.5516 0 0.000003 0 7.055337 8.448468 -1.604846 7.777892 -1.982685 -8.403445 -6.531009 -0.608308 -8.606572 -0.019782 0.000003 0 25.57308 44.865063 59.697001 13.365561 10.603154 22.1063 -0.472553 -12.780798 -30.031952 -6.07677 7.97907 9.192813 0 0.000003 0 0 0.000003 0.000008 0.000002 0.000003 -16.958257 0 0.000009 -33.916517 0 0.000009 -50.874784 -0.004797 0.030397 -17.114858 -0.002747 0.022945 -12.836143 -0.001261 0.015384 -8.557428 -0.000343 0.007714 -4.278713 0 -0.013986 0 -89.866855 -61.199275 108.637157 37.383712 -62.457841 11.961313 29.719731 0.20318 0.053856 1.727901 -5.310333 87.879775 -0.472011 2.917948 0.241174 -2.31197 -14.287039 -22.877688 25.233598 -7.920285 -6.542679 19.412972 -9.357159 -7.126438 7.312098 -1.1379 0.308757 0 0.000003 0 28.125869 -7.454145 -10.0268 41.391114 -7.714443 -6.486323 17.292883 -4.482712 -0.666505 0 0.000003 0 26.62935 -5.060532 -4.613855 30.429452 -6.125373 -2.711803 3.666377 -2.063452 -4.328181 0 0.000003 0 8.650228 2.377264 13.447572 35.716142 1.214861 -3.155947 8.120661 -2.029547 -2.380863 0 0.000003 0 25.57308 44.865063 59.697001 14.639206 -11.879944 23.373112 -37.367654 12.142132 -10.761796 -6.07677 7.97907 9.192813 0 0.000003 0 0 0.000003 0.000008 0 -0.000004 -6.943464 0.000001 0.000003 -13.886935 0 0.000003 -20.830405 -0.00139 0.016163 -8.999688 -0.000804 0.012147 -6.749765 -0.000377 0.008103 -4.499843 -0.000109 0.004053 -2.249921 0 0.000003 0 25.709196 12.341867 0.132395 -0.013985 -0.000284 -0.748422 0 0.000003 0 -21.639694 3.112308 -1.79699 -89.999999 -90 0 0 0.000003 0 0 0.000003 0 90.000009 -63.648278 -90.000009 -5.682401 0.000003 0 -28.319916 0.000003 0 -16.252152 0.000003 0 0 0.000003 0 89.999996 -84.450021 179.999995 0 0.000003 0 -90.000003 -84.450021 0 0 0.000003 0 0 0.000003 0
0 0 0 179.999991 0.000003 179.999991 -0.008378 -0.044552000000000036 -0.017088 179.09618 0.31693 173.951572 -84.179527 8.866346 -103.847712 4.73418 -0.376286 -12.349551 0 0.000003 0 2.069418 7.353152 2.37919 75.504886 -7.992029 9.334273 -0.15412 1.329519 -0.522786 10.311052 10.608372 -1.121298 0 0.000003 0 0 0.000003 0 0 0.000003 0 0 0.000003 0 -0.01077 -0.150391 8.191904 -0.006062 -0.112962 6.143922 -0.002696 -0.075382 4.095945 0.013302 -0.038288 2.64456 0 0.000003 0 80.574847 -6.193381 69.36637 9.291934 -0.982281 -8.418316 0 0.000003 0 1.666303 9.956916 0.303169 75.690319 -9.031782 11.401314 -0.421239 2.455134 -0.80889 6.934462 11.621242 -2.218541 0 0.000003 0 0 0.000003 0 0 0.000003 0 0 0.000003 0 -0.024365 -0.225476 12.335159 -0.013729 -0.16968 9.251348 -0.006109 -0.113392 6.167556 -0.001528 -0.056784 3.083774 0 0.000003 0 90.607712 8.762445 90.47955 15.747127 0.032309 -0.427434 -15.109673 0.475944 1.278347 9.471041 0.895522 -1.026422 92.515049 -68.785105 122.687263 71.845886 27.887808 38.416566 6.204553 76.787824 4.99656 4.39364 -3.449045 53.994052 -42.548513 -37.825244 -17.419064 5.567135 -15.315433 -24.893183 6.481966 -0.197219 -3.991545 1.281555 -9.125499 3.242154 11.103509 4.494438 7.17656 -0.034264 0.000003 0 3.938239 -7.564432 14.038378 21.401684 4.146501 0.965148 2.820085 2.048643 3.641366 0 0.000003 0 2.739708 -4.265628 -20.428976 16.625445 -7.152134 -7.158568 -9.293278 3.956533 -4.551616 0 0.000003 0 7.055314 8.448427 -1.60483 7.77788 -1.982692 -8.40342 -6.53108 -0.608274 -8.606556 -0.019782 0.000003 0 25.57308 44.865063 59.697001 13.3655 10.60314 22.106326 -0.472586 -12.780784 -30.312878 -6.07677 7.97907 9.192813 0 0.000003 0 0 0.000003 0.000008 0.000002 0.000003 -15.965735 0.000002 0.000016 -31.931476 0 0.000003 -47.897221 -0.005276 0.031879 -17.97946 -0.003022 0.024086 -13.484594 -0.001386 0.016149 -8.989729 -0.000376 0.008096 -4.494863 0 -0.013986 0 -89.866862 -61.199288 108.63715 37.810326 -62.186208 11.955987 29.465614 0.201602 0.052954 1.772499 -5.295655 87.397243 -0.698718 3.064346 0.249247 -2.31197 -14.287039 -22.877688 25.117724 -8.046609 -6.492501 19.395056 -9.444899 -7.089239 7.291371 -1.166512 0.312184 0 0.000003 0 28.098111 -7.636907 -10.008185 41.372443 -7.887029 -6.3714 17.282896 -4.508038 -0.574953 0 0.000003 0 26.612883 -5.236027 -4.609894 30.418336 -6.266723 -2.611817 3.661396 -2.089994 -4.30037 0 0.000003 0 8.962567 2.345209 13.430858 35.716149 1.214861 -3.15594 8.120658 -2.029547 -2.380865 0 0.000003 0 25.57308 44.865063 59.697001 14.803988 -11.661514 23.17963 -37.367627 12.142125 -10.76181 -6.07677 7.97907 9.192813 0 0.000003 0 0 0.000003 0.000008 0 0.000003 -7.071651 0.000001 -0.000004 -14.143309 0 0.000003 -21.214967 -0.001446 0.016497 -9.190005 -0.000837 0.012406 -6.892504 -0.000392 0.008281 -4.595001 -0.000113 0.004148 -2.2975 0 0.000003 0 25.716772 12.591511 0.209237 -0.013985 -0.000271 -0.709495 0 0.000003 0 -21.304446 2.867336 -1.648522 -89.999999 -90 0 0 0.000003 0 0 0.000003 0 90.000009 -63.648278 -90.000009 -5.682401 0.000003 0 -28.319916 0.000003 0 -16.252152 0.000003 0 0 0.000003 0 89.999996 -84.450021 179.999995 0 0.000003 0 -90.000003 -84.450021 0 0 0.000003 0 0 0.000003 0
0 0 0 179.999991 0.000003 179.999991 -0.007199 -0.04399900000000001 -0.017079 179.170356 0.558869 173.884691 -84.070695 9.272777 -103.8639 4.117738 -0.33635 -12.345727 0 0.000003 0 2.65567 7.364674 2.275084 75.504886 -7.992029 9.334273 -0.15412 1.329519 -0.522786 10.063923 10.645324 -0.897996 0 0.000003 0 0 0.000003 0 0 0.000003 0 0 0.000003 0 -0.010835 -0.150842 8.216782 -0.006099 -0.113304 6.16258 -0.002712 -0.075615 4.108384 0.013298 -0.038404 2.650779 0 0.000003 0 80.866421 -6.697244 69.354301 8.258756 -0.885149 -8.401467 0 0.000003 0 2.057774 9.630829 0.191834 75.690319 -9.031782 11.401314 -0.421239 2.455134 -0.80889 7.085901 11.69248 -2.126921 0 0.000003 0 0 0.000003 0 0 0.000003 0 0 0.000003 0 -0.024483 -0.226008 12.36513 -0.013795 -0.170083 9.273827 -0.006139 -0.113666 6.182541 -0.001536 -0.056913 3.091267 0 0.000003 0 90.781028 8.793939 90.56783 15.719071 0.065005 -0.434036 -15.100575 0.49039 1.27502 9.596883 0.78768 -0.873054 92.166026 -69.241583 124.187664 71.215821 31.939791 45.567546 6.569714 77.484503 5.352597 4.146652 -3.742518 57.930632 -40.677219 -35.258961 -14.620088 5.567135 -15.315433 -24.893183 6.481956 -0.197206 -3.991559 1.282709 -9.133566 3.241982 11.103888 4.499574 7.177262 -0.034264 0.000003 0 3.938206 -7.564432 14.038352 21.401617 4.146453 0.965186 2.820039 2.048643 3.641384 0 0.000003 0 2.739684 -4.265628 -20.428976 16.625452 -7.152093 -7.158556 -9.29326 3.956554 -4.551606 0 0.000003 0 7.055317 8.448441 -1.604844 7.777808 -1.982685 -8.403423 -6.531137 -0.60826 -8.606555 -0.019782 0.000003 0 25.57308 44.865063 59.697001 13.36554 10.60314 22.106279 -0.472577 -12.78077 -30.03198 -6.07677 7.97907 9.192813 0 0.000003 0 0 0.000003 0.000008 0.000002 0.000003 -14.915132 0.000002 0.000009 -29.830271 0 0.000009 -44.745413 -0.007668 0.038334 -21.799631 -0.004389 0.029079 -16.349724 -0.002004 0.019537 -10.899814 -0.000538 0.009817 -5.449906 0 -0.013986 0 -89.180332 -61.215923 107.835532 38.411536 -62.082848 12.498406 28.801043 0.197456 0.050644 1.768688 -5.296918 87.438497 -0.669103 2.895463 0.23851 -2.31197 -14.287039 -22.877688 25.165139 -7.995069 -6.31798 19.416333 -9.340582 -6.921154 7.336573 -1.104084 0.384149 0 0.000003 0 28.109548 -7.56226 -10.090641 41.374749 -7.86619 -6.530788 17.26699 -4.548815 -0.677953 0 0.000003 0 26.619723 -5.164331 -4.66561 30.420805 -6.236445 -2.519572 3.666499 -2.063186 -4.218207 0 0.000003 0 8.663275 2.329787 13.536871 35.723245 1.15677 -2.915357 8.11802 -1.994092 -2.363183 0 0.000003 0 25.57308 44.865063 59.697001 14.639172 -11.879896 23.373102 -37.367545 12.142125 -11.06615 -6.07677 7.97907 9.192813 0 0.000003 0 0 0.000003 0.000008 0 0.000003 -7.060691 0.000001 0.000003 -14.12139 0 0.000003 -21.182088 -0.001605 0.017413 -9.703757 -0.000928 0.013089 -7.277818 -0.000434 0.008745 -4.851878 -0.000124 0.004374 -2.425938 0 0.000003 0 26.094864 12.633981 0.114652 -0.013987 -0.000209 -0.449379 0 0.000003 0 -21.323094 2.906057 -1.317118 -89.999999 -90 0 0 0.000003 0 0 0.000003 0 90.000009 -63.648278 -90.000009 -5.682401 0.000003 0 -28.319916 0.000003 0 -16.252152 0.000003 0 0 0.000003 0 89.999996 -84.450021 179.999995 0 0.000003 0 -90.000003 -84.450021 0 0 0.000003 0 0 0.000003 0
0 0 0 179.999991 0.000003 179.999991 -0.006464 -0.04438299999999995 -0.017053 179.267522 0.809236 173.837576 -83.908608 9.217056 -104.080533 4.382209 -0.353494 -12.347313 0 0.000003 0 2.550115 7.448952 2.276622 75.504886 -7.992029 9.334273 -0.15412 1.329519 -0.522786 10.40116 10.623515 -0.882871 0 0.000003 0 0 0.000003 0 0 0.000003 0 0 0.000003 0 -0.011303 -0.154052 8.392786 -0.006363 -0.115715 6.294583 -0.00283 -0.077233 4.196385 0.013268 -0.039223 2.694779 0 0.000003 0 80.906664 -6.359389 69.301531 8.943298 -0.94953 -8.412433 0 0.000003 0 1.759599 9.62031 0.491096 75.690319 -9.031782 11.401314 -0.421239 2.455134 -0.80889 7.085901 11.69248 -2.126948 0 0.000003 0 0 0.000003 0 0 0.000003 0 0 0.000003 0 -0.024593 -0.226507 12.392823 -0.013857 -0.170465 9.294597 -0.006166 -0.113925 6.196387 -0.001543 -0.057036 3.098191 0 0.000003 0 90.887463 8.742351 90.518824 15.753558 0.094587 -0.379388 -15.108822 0.543296 1.26275 9.370335 1.054181 -0.975771 91.698486 -69.981615 124.952208 70.931849 35.826223 54.324009 7.966682 79.587655 6.721914 4.038327 -3.859177 59.564639 -42.811052 -21.36474 -11.625363 5.567135 -15.315433 -24.893183 6.481989 -0.197226 -3.991583 1.285536 -9.153154 3.241531 11.104704 4.511957 7.178922 -0.034264 0.000003 0 3.938242 -7.564425 14.038289 21.401623 4.146317 0.965206 2.81996 2.04867 3.641412 0 0.000003 0 2.739697 -4.265621 -20.428987 16.625404 -7.152121 -7.158539 -9.293167 3.956485 -4.55159 0 0.000003 0 7.055333 8.448448 -1.604835 7.777872 -1.982706 -8.403454 -6.531076 -0.608246 -8.606573 -0.019782 0.000003 0 25.57308 44.865063 59.697001 13.365564 10.603181 22.106293 -0.472571 -12.780805 -30.031993 -6.07677 7.97907 9.192813 0 0.000003 0 0 0.000003 0.000008 0.000001 0.000003 -14.479239 0.000002 0.000009 -28.958493 0.000002 0.000009 -43.437742 -0.011123 0.045922 -26.414025 -0.006369 0.035 -19.810516 -0.002903 0.023601 -13.207009 -0.000771 0.011894 -6.603503 0 -0.013986 0 -88.637783 -61.277217 107.315195 38.966919 -62.456497 12.463164 27.946416 0.192074 0.047741 1.724548 -5.311426 87.916037 -0.009644 2.543381 0.214239 -2.31197 -14.287039 -22.877688 25.165163 -7.995089 -6.318003 19.416327 -9.340602 -7.043318 7.324751 -1.120476 0.603381 0 0.000003 0 28.109568 -7.562294 -10.090624 41.374742 -7.866162 -6.530771 17.266899 -4.548801 -0.677942 0 0.000003 0 26.61974 -5.164358 -4.665585 30.420768 -6.236418 -2.737184 3.658741 -2.103662 -4.333262 0 0.000003 0 8.663316 2.329787 13.536904 35.723276 1.156784 -3.064588 8.120562 -2.027491 -2.195477 0 0.000003 0 25.57308 44.865063 59.697001 14.639192 -11.879916 23.103497 -37.321182 12.305654 -10.809457 -6.07677 7.97907 9.192813 0 0.000003 0 0 0.000003 0.000008 0 0.000003 -6.933831 0.000001 0.000003 -13.867672 0 0.000003 -20.80151 -0.001631 0.017556 -9.786526 -0.000943 0.013205 -7.339894 -0.00044 0.008813 -4.893262 -0.000126 0.004408 -2.44663 0 0.000003 0 26.122052 12.775673 0.111815 -0.013986 -0.000264 -0.65282 0 0.000003 0 -21.665729 2.345216 -1.40187 -89.999999 -90 0 0 0.000003 0 0 0.000003 0 90.000009 -63.648278 -90.000009 -5.682401 0.000003 0 -28.319916 0.000003 0 -16.252152 0.000003 0 0 0.000003 0 89.999996 -84.450021 179.999995 0 0.000003 0 -90.000003 -84.450021 0 0 0.000003 0 0 0.000003 0
0 0 0 179.999991 0.000003 179.999991 -0.005892 -0.04429000000000005 -0.016697 179.301263 0.892893 173.896015 -83.840524 9.092753 -104.03141 4.455275 -0.358234 -12.347768 0 0.000003 0 2.402457 7.441118 1.922758 75.504886 -7.992029 9.334273 -0.15412 1.329519 -0.522786 10.577053 10.438512 -0.797459 0 0.000003 0 0 0.000003 0 0 0.000003 0 0 0.000003 0 -0.0112 -0.153349 8.354462 -0.006305 -0.115195 6.26584 -0.002804 -0.076878 4.177223 0.013275 -0.039046 2.685199 0 0.000003 0 80.971667 -6.241083 69.187105 8.96295 -0.951409 -8.412764 0 0.000003 0 1.766651 9.218272 1.056237 75.690319 -9.031782 11.401314 -0.421239 2.455134 -0.80889 7.170842 11.641233 -2.128956 0 0.000003 0 0 0.000003 0 0 0.000003 0 0 0.000003 0 -0.02493 -0.228037 12.477746 -0.014047 -0.17162 9.358289 -0.006251 -0.114697 6.238849 -0.001564 -0.057433 3.119421 0 0.000003 0 90.948484 8.732242 90.362016 15.790124 0.09945 -0.15409 -15.11163 0.58509 1.438891 9.269868 0.963947 -1.144906 93.374574 -70.966553 123.441043 71.708367 37.747569 58.588543 10.13292 81.740462 8.859848 3.457834 -4.386734 67.625225 -45.41987 -13.454275 -11.59378 5.567135 -15.315433 -24.893183 6.482001 -0.197247 -3.991589 1.282764 -9.133593 3.241964 11.103717 4.499465 7.177318 -0.034264 0.000003 0 3.938263 -7.564439 14.038267 21.40165 4.146153 0.965178 2.820058 2.048677 3.641399 0 0.000003 0 2.739718 -4.265649 -20.429 16.625374 -7.152169 -7.158537 -9.2932 3.956499 -4.551584 0 0.000003 0 7.055349 8.448441 -1.604842 7.777829 -1.982747 -8.403475 -6.531098 -0.608253 -8.606579 -0.019782 0.000003 0 25.57308 44.865063 59.697001 13.365537 10.603202 22.106286 -0.472596 -12.780811 -30.031959 -6.07677 7.97907 9.192813 0 0.000003 0 0 0.000003 0.000008 0.000001 0.000003 -12.330721 0.000002 0.000003 -24.661448 0.000002 0.000009 -36.992175 -0.012375 0.048312 -27.913812 -0.007088 0.036892 -20.935356 -0.00323 0.024919 -13.956902 -0.000855 0.01255 -6.97845 0 -0.013986 0 -88.637817 -61.277217 107.315215 39.20614 -62.434497 11.870167 27.781579 0.191002 0.047193 1.695082 -5.320872 88.234009 0.660688 2.153698 0.177967 -2.31197 -14.287039 -22.877688 25.129072 -8.034288 -6.169382 19.420234 -9.32117 -6.865704 7.347253 -1.08918 0.385791 0 0.000003 0 28.100836 -7.61908 -9.895029 41.382593 -7.793831 -6.258883 17.308792 -4.441813 -0.609581 0 0.000003 0 26.61452 -5.218897 -4.460177 30.425481 -6.176585 -2.551398 3.668996 -2.049969 -4.326728 0 0.000003 0 8.670061 2.304809 13.675509 35.720544 1.179043 -2.85743 8.116515 -1.974107 -2.174556 0 0.000003 0 25.57308 44.865063 59.697001 14.639173 -11.879978 23.499162 -37.714901 12.10221 -10.649631 -6.07677 7.97907 9.192813 0 0.000003 0 0 0.000003 0.000008 0 0.000003 -6.849367 0.000001 0.000003 -13.698742 0 0.000003 -20.548115 -0.001556 0.017133 -9.546279 -0.000899 0.012884 -7.159709 -0.000421 0.008609 -4.773139 -0.000121 0.004299 -2.386568 0 0.000003 0 26.122047 12.775666 0.11182 -0.013982 -0.000428 -1.329495 0 0.000003 0 -21.862408 1.792975 -2.112759 -89.999999 -90 0 0 0.000003 0 0 0.000003 0 90.000009 -63.648278 -90.000009 -5.682401 0.000003 0 -28.319916 0.000003 0 -16.252152 0.000003 0 0 0.000003 0 89.999996 -84.450021 179.999995 0 0.000003 0 -90.000003 -84.450021 0 0 0.000003 0 0 0.000003 0
0 0 0 179.999991 0.000003 179.999991 -0.005191 -0.043962999999999974 -0.016107 179.385657 1.000195 173.960137 -83.731357 9.029151 -103.864829 4.378769 -0.353275 -12.347296 0 0.000003 0 2.432401 7.16248 1.747608 75.504886 -7.992029 9.334273 -0.15412 1.329519 -0.522786 10.551592 10.529859 -0.855163 0 0.000003 0 0 0.000003 0 0 0.000003 0 0 0.000003 0 -0.01086 -0.15102 8.226538 -0.006113 -0.113433 6.169897 -0.002719 -0.075703 4.113262 0.013297 -0.038451 2.653218 0 0.000003 0 81.188403 -6.346473 69.254683 8.460893 -0.904157 -8.404621 0 0.000003 0 2.031672 9.073547 1.044498 75.690319 -9.031782 11.401314 -0.421239 2.455134 -0.80889 7.170787 11.64124 -2.128956 0 0.000003 0 0 0.000003 0 0 0.000003 0 0 0.000003 0 -0.024734 -0.227149 12.428452 -0.013937 -0.170957 9.321318 -0.006202 -0.114253 6.214201 -0.001552 -0.057207 3.107098 0 0.000003 0 91.010454 8.620111 90.372501 15.774469 0.098439 -0.043262 -15.105737 0.590049 1.664086 9.34921 1.044475 -0.728294 95.487445 -71.426793 121.198418 72.432988 36.411679 56.505274 11.534099 82.712548 10.248216 2.874485 -4.788875 74.908542 -50.427355 -17.664014 -12.730276 5.567135 -15.315433 -24.893183 6.481999 -0.19726 -3.991614 1.285552 -9.153209 3.241482 11.104708 4.511821 7.263572 -0.034264 0.000003 0 3.938274 -7.564398 13.786709 21.419593 4.054423 0.936412 2.819934 2.026089 3.428006 0 0.000003 0 2.739706 -4.265649 -20.428983 16.625416 -7.152237 -7.158571 -9.293254 3.956519 -4.551591 0 0.000003 0 7.055369 8.448468 -1.604801 7.777816 -1.98276 -8.403469 -6.531043 -0.608301 -8.606593 -0.019782 0.000003 0 25.57308 44.865063 59.697001 13.36555 10.603181 22.106338 -0.472582 -12.780798 -30.031973 -6.07677 7.97907 9.192813 0 0.000003 0 0 0.000003 0.000008 0.000001 0.000003 -10.391771 0.000002 0.000003 -20.78355 0.000002 0.000016 -31.175326 -0.011331 0.046325 -26.669799 -0.006489 0.035321 -20.002347 -0.002958 0.023826 -13.334896 -0.000785 0.011996 -6.667447 0 -0.013986 0 -87.993532 -60.901239 106.557085 39.457678 -62.839874 11.150663 28.870984 0.197894 0.050887 1.670558 -5.328611 88.49831 0.37453 2.689021 0.223839 -2.31197 -14.287039 -22.877688 25.165147 -7.995075 -6.317978 19.416315 -9.340595 -6.896313 7.338936 -1.100764 0.146095 0 0.000003 0 28.109555 -7.562274 -10.090618 41.374721 -7.86619 -6.530774 17.266913 -4.548801 -0.67793 0 0.000003 0 26.619716 -5.164351 -4.665585 30.420781 -6.236438 -2.874773 3.653904 -2.129275 -4.423716 0 0.000003 0 8.663279 2.329787 13.536904 35.723252 1.156791 -2.873235 8.117297 -1.984693 -2.371265 0 0.000003 0 25.57308 44.865063 59.697001 14.639168 -11.879923 23.611021 -37.40798 11.997633 -10.719149 -6.07677 7.97907 9.192813 0 0.000003 0 0 0.000003 0.000008 0 0.000003 -6.779161 0.000001 0.000003 -13.558331 0 0.000003 -20.3375 -0.001437 0.01645 -9.15926 -0.000832 0.012365 -6.869445 -0.00039 0.008253 -4.579629 -0.000112 0.004135 -2.289814 0 0.000003 0 25.605679 12.85993 0.064135 -0.013979 -0.00051 -1.674693 0 0.000003 0 -22.187849 1.727815 -2.557768 -89.999999 -90 0 0 0.000003 0 0 0.000003 0 90.000009 -63.648278 -90.000009 -5.682401 0.000003 0 -28.319916 0.000003 0 -16.252152 0.000003 0 0 0.000003 0 89.999996 -84.450021 179.999995 0 0.000003 0 -90.000003 -84.450021 0 0 0.000003 0 0 0.000003 0
0 0 0 179.999991 0.000003 179.999991 -0.004614 -0.04385499999999998 -0.015396 179.43579 0.913718 173.9026 -83.644204 8.994884 -103.685099 4.463736 -0.358781 -12.347817 0 0.000003 0 2.430303 7.186147 1.673003 75.504886 -7.992029 9.334273 -0.15412 1.329519 -0.522786 10.551601 10.529859 -0.855159 0 0.000003 0 0 0.000003 0 0 0.000003 0 0 0.000003 0 -0.010498 -0.148486 8.087953 -0.005909 -0.111528 6.065958 -0.002628 -0.074433 4.04397 0.01332 -0.037803 2.618572 0 0.000003 0 81.307767 -6.497031 69.168854 8.236757 -0.883059 -8.401124 0 0.000003 0 2.145819 8.999473 1.031031 75.690319 -9.031782 11.401314 -0.421239 2.455134 -0.80889 7.170842 11.641254 -2.128929 0 0.000003 0 0 0.000003 0 0 0.000003 0 0 0.000003 0 -0.025023 -0.22846 12.50121 -0.0141 -0.171948 9.375886 -0.006275 -0.114915 6.25058 -0.00157 -0.057535 3.125287 0 0.000003 0 90.981856 8.486813 90.453869 15.778751 0.082067 0.060185 -15.078698 0.582522 1.769214 9.395671 1.178716 -0.630462 96.538146 -71.447885 120.049089 72.564927 34.249132 52.901232 10.962942 82.345808 9.681885 2.610181 -4.937671 78.025281 -54.447372 -23.281367 -14.430409 5.567135 -15.315433 -24.893183 6.535046 -0.164585 -3.987667 1.285499 -9.153264 3.241485 11.10738 4.551832 7.184063 -0.034264 0.000003 0 3.956994 -7.535288 14.03364 21.389069 4.209673 0.976294 2.820196 2.063649 3.642273 0 0.000003 0 2.748154 -4.240254 -20.431188 16.64473 -7.100068 -7.151219 -9.292831 3.957168 -4.551578 0 0.000003 0 7.024363 8.487093 -1.404188 7.787701 -1.922334 -8.397704 -6.528925 -0.59908 -8.606428 -0.019782 0.000003 0 25.57308 44.865063 59.697001 13.365583 10.603134 22.030236 -0.489873 -12.780122 -30.027096 -6.07677 7.97907 9.192813 0 0.000003 0 0 0.000003 0.000008 0.000001 0.000003 -9.562682 0.000002 0.000003 -19.125373 0 0.000003 -28.688065 -0.010105 0.043852 -25.137432 -0.005785 0.033375 -18.853072 -0.002638 0.022481 -12.568714 -0.000702 0.011306 -6.284355 0 -0.013986 0 -88.175837 -60.656076 106.767898 39.260091 -62.850918 10.673788 29.867492 0.204095 0.054379 1.656119 -5.333098 88.653724 -0.217186 3.069892 0.253062 -2.31197 -14.287039 -22.877688 25.165112 -7.995069 -6.317993 19.416278 -9.340595 -6.902466 7.338348 -1.10155 0.384425 0 0.000003 0 28.1095 -7.562287 -10.090613 41.374732 -7.866176 -6.530774 17.266901 -4.548774 -0.677925 0 0.000003 0 26.619682 -5.164351 -4.665576 30.420771 -6.236418 -2.737179 3.658783 -2.103668 -4.33326 0 0.000003 0 8.663238 2.329787 13.536909 35.723252 1.156797 -2.867542 8.117272 -1.983396 -2.513609 0 0.000003 0 25.57308 44.865063 59.697001 14.639168 -11.87993 23.610089 -37.407843 11.99822 -10.719326 -6.07677 7.97907 9.192813 0 0.000003 0 0 0.000003 0.000008 0 0.000003 -6.73788 0.000001 0.000003 -13.475769 0 0.000003 -20.213658 -0.001343 0.015883 -8.838559 -0.000777 0.011928 -6.628919 -0.000365 0.007967 -4.419278 -0.000106 0.003985 -2.209638 0 0.000003 0 25.139888 12.894894 0.087168 -0.013977 -0.000558 -1.864173 0 0.000003 0 -22.368931 1.673986 -2.796089 -89.999999 -90 0 0 0.000003 0 0 0.000003 0 90.000009 -63.648278 -90.000009 -5.682401 0.000003 0 -28.319916 0.000003 0 -16.252152 0.000003 0 0 0.000003 0 89.999996 -84.450021 179.999995 0 0.000003 0 -90.000003 -84.450021 0 0 0.000003 0 0 0.000003 0
0 0 0 179.999991 0.000003 179.999991 -0.00458 -0.04394500000000001 -0.014693 179.396503 0.663323 173.82897 -83.68621 8.980909 -103.590733 4.42782 -0.356445 -12.347597 0 0.000003 0 2.527156 7.117627 1.826562 75.504886 -7.992029 9.334273 -0.15412 1.329519 -0.522786 10.551626 10.529852 -0.855154 0 0.000003 0 0 0.000003 0 0 0.000003 0 0 0.000003 0 -0.010302 -0.147099 8.011786 -0.005798 -0.110483 6.008833 -0.002579 -0.073729 4.005886 0.013332 -0.037447 2.59953 0 0.000003 0 81.278309 -6.460127 68.929094 8.45869 -0.903973 -8.404591 0 0.000003 0 2.051551 8.971934 1.029294 75.690319 -9.031782 11.401314 -0.421239 2.455134 -0.80889 7.170842 11.641247 -2.128956 0 0.000003 0 0 0.000003 0 0 0.000003 0 0 0.000003 0 -0.025775 -0.231828 12.68829 -0.014524 -0.174495 9.516195 -0.006464 -0.116623 6.34412 -0.001617 -0.058402 3.172056 0 0.000003 0 90.859568 8.392235 90.518933 15.79507 0.064479 0.091082 -15.041229 0.548248 1.80312 9.457878 1.003419 -0.588144 95.373722 -71.073993 121.118833 71.595908 32.674528 49.764246 9.378432 81.100487 8.113771 2.686334 -4.896724 77.136892 -56.819309 -25.151677 -17.027057 5.567135 -15.315433 -24.893183 6.482034 -0.197226 -3.991632 1.282807 -9.133647 3.241927 11.103842 4.499417 7.177293 -0.034264 0.000003 0 3.938274 -7.564405 14.038307 21.401687 4.14616 0.965175 2.820079 2.04867 3.641386 0 0.000003 0 2.739714 -4.265649 -20.428997 16.625432 -7.152223 -7.15858 -9.293249 3.956519 -4.551596 0 0.000003 0 7.055378 8.448475 -1.604827 7.777833 -1.982754 -8.403456 -6.531022 -0.608301 -8.606583 -0.019782 0.000003 0 25.57308 44.865063 59.697001 13.365561 10.603175 22.106317 -0.472591 -12.780784 -30.031946 -6.07677 7.97907 9.192813 0 0.000003 0 0 0.000003 0.000008 0.000001 0.000003 -9.798968 0.000002 0.000003 -19.597944 0.000002 0.000009 -29.396916 -0.009433 0.042418 -24.260306 -0.0054 0.032248 -18.195224 -0.002464 0.021709 -12.13015 -0.000657 0.010924 -6.065074 0 -0.013986 0 -88.485394 -60.529035 107.10408 38.750989 -62.242309 10.997565 30.610705 0.208699 0.057035 1.655501 -5.333282 88.660329 -0.506708 3.095711 0.253946 -2.31197 -14.287039 -22.877688 25.165166 -7.995089 -6.04495 19.435403 -9.244781 -7.125376 7.343259 -1.094651 0.285053 0 0.000003 0 28.109541 -7.562301 -9.879574 41.389854 -7.72615 -6.489745 17.290798 -4.487766 -0.667368 0 0.000003 0 26.61973 -5.164365 -4.460879 30.428923 -6.132435 -2.987347 3.656219 -2.117028 -4.357486 0 0.000003 0 8.663275 2.329773 13.837801 35.701706 1.329834 -3.07984 8.116673 -1.976053 -2.560174 0 0.000003 0 25.57308 44.865063 59.697001 14.639199 -11.879923 23.562503 -37.399784 12.027057 -10.727878 -6.07677 7.97907 9.192813 0 0.000003 0 0 0.000003 0.000008 0 0.000003 -6.736125 0.000001 -0.000004 -13.472256 0 0.000003 -20.20839 -0.001378 0.016094 -8.9624 -0.000798 0.012099 -6.721799 -0.000375 0.008083 -4.481199 -0.000108 0.004039 -2.240599 0 0.000003 0 24.565235 12.874506 0.137915 -0.013976 -0.000571 -1.918534 0 0.000003 0 -22.436891 1.963197 -2.974277 -89.999999 -90 0 0 0.000003 0 0 0.000003 0 90.000009 -63.648278 -90.000009 -5.682401 0.000003 0 -28.319916 0.000003 0 -16.252152 0.000003 0 0 0.000003 0 89.999996 -84.450021 179.999995 0 0.000003 0 -90.000003 -84.450021 0 0 0.000003 0 0 0.000003 0
0 0 0 179.999991 0.000003 179.999991 -0.004602 -0.044209000000000054 -0.013923 179.341384 0.397834 173.811717 -83.729923 8.747603 -103.557006 4.75847 -0.377878 -12.349708 0 0.000003 0 2.471881 7.399782 1.959643 75.504886 -7.992029 9.334273 -0.15412 1.329519 -0.522786 10.561554 10.430453 -0.906595 0 0.000003 0 0 0.000003 0 0 0.000003 0 0 0.000003 0 -0.010216 -0.146491 7.978236 -0.00575 -0.110025 5.983672 -0.002557 -0.073422 3.989112 0.013338 -0.03729 2.591143 0 0.000003 0 81.120251 -6.18261 68.7447 9.168439 -0.970711 -8.416209 0 0.000003 0 1.693728 9.0766 0.976302 75.690319 -9.031782 11.401314 -0.421239 2.455134 -0.80889 7.170814 11.641254 -2.128943 0 0.000003 0 0 0.000003 0 0 0.000003 0 0 0.000003 0 -0.026322 -0.234239 12.822797 -0.014833 -0.176326 9.617074 -0.006601 -0.117859 6.411371 -0.001652 -0.059024 3.205682 0 0.000003 0 90.761849 8.291183 90.591394 15.815499 0.037015 0.071153 -15.016017 0.49722 1.788927 9.487286 1.124655 -0.605333 95.162724 -70.8055 121.15853 69.634626 31.058068 46.477771 8.179857 79.848732 6.931646 2.821947 -4.819966 75.535772 -59.042867 -26.732169 -20.155437 5.567135 -15.315433 -24.893183 6.481964 -0.197247 -3.991639 1.285519 -9.153236 3.241492 11.104725 4.511882 7.178915 -0.034264 0.000003 0 3.938235 -7.564425 14.038286 21.401711 4.146235 0.965197 2.820109 2.04867 3.641391 0 0.000003 0 2.739672 -4.265649 -20.428987 16.625435 -7.152216 -7.158572 -9.293114 3.956499 -4.551576 0 0.000003 0 7.055319 8.448455 -1.604839 7.777855 -1.982726 -8.403449 -6.531012 -0.608301 -8.60659 -0.019782 0.000003 0 25.57308 44.865063 59.697001 13.36551 10.60314 22.106331 -0.472542 -12.780764 -30.031966 -6.07677 7.97907 9.192813 0 0.000003 0 0 0.000003 0.000008 0.000001 0.000003 -10.224891 0.000002 0.000003 -20.449791 0 0.000009 -30.67469 -0.009064 0.041598 -23.76462 -0.005188 0.031613 -17.823464 -0.002368 0.021272 -11.882308 -0.000632 0.010699 -5.941153 0 -0.013986 0 -88.903709 -60.409377 107.495894 38.122906 -61.996141 11.427862 31.134898 0.211923 0.058956 1.651909 -5.334396 88.69905 -0.376771 3.006064 0.2484 -2.31197 -14.287039 -22.877688 24.906275 -7.825516 -6.23319 19.421797 -9.313432 -6.701249 7.365171 -1.064073 0.23006 0 0.000003 0 27.800077 -7.529448 -10.002138 41.378854 -7.828453 -6.287141 17.300808 -4.462344 -0.789509 0 0.000003 0 26.311644 -5.130719 -4.598754 30.422206 -6.218031 -2.666939 3.662401 -2.084715 -4.374846 0 0.000003 0 8.358741 2.371178 13.524174 35.725468 1.138711 -2.920758 8.11859 -2.00099 -2.239883 0 0.000003 0 25.57308 44.865063 59.697001 14.878329 -11.833949 23.324264 -37.546687 12.034755 -10.776345 -6.07677 7.97907 9.192813 0 0.000003 0 0 0.000003 0.000008 0 0.000003 -6.725838 0.000001 0.000003 -13.451685 0 -0.000004 -20.177533 -0.001402 0.016238 -9.039597 -0.000811 0.012201 -6.779697 -0.00038 0.008151 -4.519797 -0.00011 0.00408 -2.259898 0 0.000003 0 24.007391 12.833545 0.308521 -0.013975 -0.000605 -2.070066 0 0.000003 0 -22.545857 1.903255 -3.158374 -89.999999 -90 0 0 0.000003 0 0 0.000003 0 90.000009 -63.648278 -90.000009 -5.682401 0.000003 0 -28.319916 0.000003 0 -16.252152 0.000003 0 0 0.000003 0 89.999996 -84.450021 179.999995 0 0.000003 0 -90.000003 -84.450021 0 0 0.000003 0 0 0.000003 0
0 0 0 179.999991 0.000003 179.999991 -0.004601 -0.04449499999999995 -0.01342 179.290307 0.156407 173.821894 -83.750782 8.439972 -103.582646 5.197331 -0.406284 -12.352712 0 0.000003 0 2.329827 7.388498 2.222006 75.504886 -7.992029 9.334273 -0.15412 1.329519 -0.522786 10.561557 10.43046 -0.906605 0 0.000003 0 0 0.000003 0 0 0.000003 0 0 0.000003 0 -0.010247 -0.146717 7.990476 -0.005767 -0.110189 5.992852 -0.002565 -0.073538 3.995231 0.013336 -0.037352 2.594203 0 0.000003 0 80.963252 -5.869876 68.653612 9.885547 -1.037947 -8.428792 0 0.000003 0 1.325716 9.195698 0.849057 75.690319 -9.031782 11.401314 -0.421239 2.455134 -0.80889 7.170814 11.64124 -2.128943 0 0.000003 0 0 0.000003 0 0 0.000003 0 0 0.000003 0 -0.026563 -0.235298 12.881551 -0.014969 -0.177118 9.661139 -0.006662 -0.118399 6.440748 -0.001667 -0.05929 3.22037 0 0.000003 0 90.691183 8.170835 90.638632 15.839994 0.006655 0.04947 -15.00404 0.441567 1.773542 9.316257 0.843346 -0.82816 95.617567 -70.828574 120.533568 67.821477 28.703784 42.382232 7.320159 78.709839 6.086928 2.98802 -4.718968 73.538652 -61.088522 -30.1819 -23.755268 5.567135 -15.315433 -24.893183 6.481982 -0.197247 -3.99162 1.28548 -9.153277 3.241495 11.104721 4.511909 7.178886 -0.034264 0.000003 0 3.938265 -7.564418 14.038298 21.401735 4.146235 0.965153 2.820032 2.048677 3.641383 0 0.000003 0 2.73972 -4.265649 -20.429007 16.625437 -7.152237 -7.158583 -9.293176 3.956485 -4.551592 0 0.000003 0 7.055356 8.448448 -1.604828 7.777875 -1.982726 -8.403452 -6.53103 -0.608315 -8.60658 -0.019782 0.000003 0 25.57308 44.865063 59.697001 13.365521 10.60312 22.106343 -0.472564 -12.78075 -30.031942 -6.07677 7.97907 9.192813 0 0.000003 0 0 0.000003 0.000008 0.000001 0.000003 -10.756295 0.000002 0.000003 -21.512598 0.000002 0.000009 -32.268901 -0.008296 0.039843 -22.703761 -0.004749 0.030247 -17.027819 -0.002168 0.020336 -11.351879 -0.00058 0.010227 -5.675938 0 -0.013986 0 -89.161931 -60.324474 107.827541 36.813675 -61.637373 11.912524 31.561474 0.214546 0.060543 1.669373 -5.328979 88.511021 -0.827399 3.161438 0.256146 -2.31197 -14.287039 -22.877688 25.165112 -7.995089 -6.317966 19.416278 -9.34063 -6.921154 7.336549 -1.104084 0.38415 0 0.000003 0 28.109517 -7.562308 -10.090631 41.374697 -7.866238 -6.530788 17.266921 -4.548794 -0.55845 0 0.000003 0 26.619703 -5.164372 -4.665586 30.420771 -6.236472 -2.737187 3.658762 -2.103675 -4.333264 0 0.000003 0 8.663275 2.32978 13.536919 35.723245 1.156736 -2.915374 8.11805 -1.994071 -2.36318 0 0.000003 0 25.57308 44.865063 59.697001 14.639189 -11.879909 23.37315 -37.367572 12.141996 -10.761783 -6.07677 7.97907 9.192813 0 0.000003 0 0 0.000003 0.000008 0 -0.000004 -6.775785 0.000001 0.000003 -13.551576 0 0.000003 -20.327369 -0.001373 0.016067 -8.945104 -0.000795 0.012071 -6.708829 -0.000373 0.008062 -4.472551 -0.000108 0.004032 -2.236275 0 0.000003 0 23.570628 12.396844 0.36156 -0.013974 -0.000633 -2.158145 0 0.000003 0 -22.786126 1.793515 -3.243945 -89.999999 -90 0 0 0.000003 0 0 0.000003 0 90.000009 -63.648278 -90.000009 -5.682401 0.000003 0 -28.319916 0.000003 0 -16.252152 0.000003 0 0 0.000003 0 89.999996 -84.450021 179.999995 0 0.000003 0 -90.000003 -84.450021 0 0 0.000003 0 0 0.000003 0
0 0 0 179.999991 0.000003 179.999991 -0.004577 -0.04446899999999998 -0.012926 179.247974 -0.121008 173.854447 -83.791026 8.29832 -103.567743 5.245809 -0.409406 -12.353058 0 0.000003 0 2.377052 7.328071 2.471915 75.504886 -7.992029 9.334273 -0.15412 1.329519 -0.522786 10.56154 10.430453 -0.906605 0 0.000003 0 0 0.000003 0 0 0.000003 0 0 0.000003 0 -0.010205 -0.146409 7.973945 -0.005744 -0.109964 5.980454 -0.002554 -0.073388 3.986966 0.013338 -0.03727 2.590071 0 0.000003 0 80.911008 -5.834632 68.639863 9.975774 -1.046403 -8.430428 0 0.000003 0 1.25133 9.251289 0.590264 75.690319 -9.031782 11.401314 -0.421239 2.455134 -0.80889 7.170814 11.641254 -2.128943 0 0.000003 0 0 0.000003 0 0 0.000003 0 0 0.000003 0 -0.0266 -0.235461 12.890727 -0.014991 -0.177255 9.668021 -0.006671 -0.118481 6.445335 -0.001669 -0.059331 3.222664 0 0.000003 0 90.619931 8.057618 90.651323 15.854406 -0.023657 0.027401 -14.995943 0.385895 1.757727 9.493826 0.956557 -0.627413 95.200235 -70.394021 120.598536 66.322626 26.705038 38.178562 6.703801 77.722303 5.483517 3.283241 -4.518782 69.87375 -62.030234 -34.845365 -27.313322 5.567135 -15.315433 -24.893183 6.482022 -0.197206 -3.991599 1.285437 -9.153284 3.241519 11.104762 4.511903 7.178867 -0.034264 0.000003 0 3.93827 -7.564357 14.038332 21.401745 4.146269 0.965146 2.820063 2.048677 3.64138 0 0.000003 0 2.739728 -4.265601 -20.428969 16.62543 -7.152203 -7.158571 -9.293116 3.956499 -4.551595 0 0.000003 0 7.055371 8.448489 -1.6048 7.777853 -1.982719 -8.403447 -6.531051 -0.608294 -8.606574 -0.019782 0.000003 0 25.57308 44.865063 59.697001 13.365525 10.603093 22.106368 -0.472562 -12.78075 -30.031952 -6.07677 7.97907 9.192813 0 0.000003 0 0 0.000003 0.000008 0.000001 0.000003 -11.731887 0.000002 0.000003 -23.463783 0.000002 0.000009 -35.195678 -0.007148 0.037043 -21.023454 -0.004091 0.028068 -15.767589 -0.00187 0.018847 -10.511724 -0.000503 0.009469 -5.255861 0 -0.013986 0 -89.064731 -60.324764 108.093501 37.072119 -61.581997 11.136063 31.926353 0.216765 0.061911 1.70098 -5.318994 88.170475 -0.710357 3.363058 0.269123 -2.31197 -14.287039 -22.877688 25.013099 -7.995683 -6.302147 19.420267 -9.321027 -6.918012 7.342235 -1.096106 0.385025 0 0.000003 0 27.9718 -7.628793 -10.101358 41.376822 -7.846949 -6.525139 17.27022 -4.540441 -0.56346 0 0.000003 0 26.480152 -5.231854 -4.677351 30.421823 -6.223229 -2.734173 3.659709 -2.098901 -4.332653 0 0.000003 0 8.73596 2.053157 13.525869 35.706235 1.293879 -2.874186 8.118555 -2.000389 -2.364132 0 0.000003 0 25.57308 44.865063 59.697001 14.639199 -11.879875 23.37314 -37.367572 12.142002 -10.430928 -6.07677 7.97907 9.192813 0 0.000003 0 0 0.000003 0.000008 0 0.000003 -6.866244 0.000001 0.000003 -13.732495 0 0.000003 -20.598746 -0.001276 0.015466 -8.610026 -0.00074 0.011621 -6.45752 -0.000347 0.007762 -4.305012 -0.000101 0.003882 -2.152505 0 0.000003 0 23.261348 12.382521 0.520728 -0.013973 -0.00064 -2.199859 0 0.000003 0 -23.121608 1.755839 -3.296655 -89.999999 -90 0 0 0.000003 0 0 0.000003 0 90.000009 -63.648278 -90.000009 -5.682401 0.000003 0 -28.319916 0.000003 0 -16.252152 0.000003 0 0 0.000003 0 89.999996 -84.450021 179.999995 0 0.000003 0 -90.000003 -84.450021 0 0 0.000003 0 0 0.000003 0
0 0 0 179.999991 0.000003 179.999991 -0.004503 -0.04446300000000003 -0.012513 179.219697 -0.438769 173.913432 -83.785411 8.076606 -103.494004 5.393411 -0.418961 -12.35412 0 0.000003 0 2.385472 7.302745 2.709748 75.504886 -7.992029 9.334273 -0.15412 1.329519 -0.522786 10.561552 10.430446 -0.906604 0 0.000003 0 0 0.000003 0 0 0.000003 0 0 0.000003 0 -0.010044 -0.145255 7.910718 -0.005653 -0.109096 5.933033 -0.002514 -0.0728 3.955353 0.013349 -0.036976 2.574264 0 0.000003 0 80.875218 -5.770701 68.675312 10.078791 -1.056061 -8.432318 0 0.000003 0 1.326546 9.378972 0.511342 75.690319 -9.031782 11.401314 -0.421239 2.455134 -0.80889 7.178573 11.622369 -2.203064 0 0.000003 0 0 0.000003 0 0 0.000003 0 0 0.000003 0 -0.026475 -0.234908 12.860055 -0.014919 -0.176831 9.645018 -0.006639 -0.118201 6.430001 -0.001661 -0.059188 3.214997 0 0.000003 0 90.536603 7.975901 90.646623 15.883016 -0.034497 -0.006395 -14.989921 0.342612 1.726556 9.315783 0.696443 -0.850175 95.996499 -70.007049 119.659522 65.890534 24.634562 33.436692 6.150354 76.678104 4.943798 3.723577 -4.16366 64.061642 -61.21708 -38.637999 -29.352041 5.567135 -15.315433 -24.893183 6.554202 -0.152693 -3.986211 1.285429 -9.153277 3.241532 11.108321 4.566353 7.185849 -0.034264 0.000003 0 3.963743 -7.524708 14.031942 21.384544 4.23278 0.980282 2.820232 2.069024 3.642554 0 0.000003 0 2.751177 -4.231067 -20.432019 16.651649 -7.081176 -7.148575 -9.292679 3.957435 -4.55157 0 0.000003 0 7.013164 8.501075 -1.611574 7.784035 -1.945167 -8.399855 -6.529636 -0.602591 -8.606471 -0.019782 0.000003 0 25.57308 44.865063 59.697001 13.365518 10.60312 22.106344 -0.472545 -12.780757 -30.031966 -6.07677 7.97907 9.192813 0 0.000003 0 0 0.000003 0.000008 0.000001 0.000003 -13.28023 0.000001 0.000003 -26.560468 0.000002 0.000009 -39.840705 -0.005438 0.032357 -18.260777 -0.003115 0.024461 -13.695581 -0.001428 0.016402 -9.130387 -0.000387 0.008226 -4.565193 0 -0.013986 0 -89.232576 -60.285303 108.30577 35.727302 -61.460913 11.665027 32.066642 0.217619 0.062431 1.738416 -5.306911 87.766128 -0.676206 3.412795 0.271828 -2.31197 -14.287039 -22.877688 25.165139 -7.995075 -6.31798 19.416278 -9.340657 -6.921154 7.336456 -1.104022 0.384148 0 0.000003 0 28.109507 -7.562308 -10.090615 41.374721 -7.86621 -6.530784 17.266916 -4.548808 -0.677943 0 0.000003 0 26.619704 -5.164372 -4.665571 30.420747 -6.236472 -2.737189 3.658748 -2.103668 -4.333264 0 0.000003 0 8.815789 2.098428 13.542504 35.702533 1.323201 -2.865403 8.118778 -2.003026 -2.364524 0 0.000003 0 25.57308 44.865063 59.697001 14.639179 -11.879875 23.373187 -37.367545 12.141968 -10.761742 -6.07677 7.97907 9.192813 0 0.000003 0 0 0.000003 0.000008 0 0.000003 -6.973654 0.000001 0.000003 -13.947316 0 0.000003 -20.920977 -0.00124 0.015241 -8.47904 -0.000719 0.011443 -6.35928 -0.000338 0.007639 -4.239519 -0.000098 0.003821 -2.119759 0 0.000003 0 23.253775 11.80328 0.368156 -0.013974 -0.000612 -2.119325 0 0.000003 0 -23.472328 1.961517 -3.27599 -89.999999 -90 0 0 0.000003 0 0 0.000003 0 90.000009 -63.648278 -90.000009 -5.682401 0.000003 0 -28.319916 0.000003 0 -16.252152 0.000003 0 0 0.000003 0 89.999996 -84.450021 179.999995 0 0.000003 0 -90.000003 -84.450021 0 0 0.000003 0 0 0.000003 0
0 0 0 179.999991 0.000003 179.999991 -0.004381 -0.04433799999999999 -0.012147 179.197348 -0.749392 174.023289 -83.782939 7.86336 -103.3677 5.419072 -0.420628 -12.354311 0 0.000003 0 2.448855 7.270759 2.881329 75.504886 -7.992029 9.334273 -0.15412 1.329519 -0.522786 10.561547 10.430453 -0.906607 0 0.000003 0 0 0.000003 0 0 0.000003 0 0 0.000003 0 -0.00978 -0.143343 7.805948 -0.005505 -0.107662 5.854456 -0.002448 -0.071837 3.902968 0.013366 -0.036484 2.548072 0 0.000003 0 80.873292 -5.73735 68.639918 10.014517 -1.05005 -8.431146 0 0.000003 0 1.321558 9.414524 0.222068 75.690319 -9.031782 11.401314 -0.421239 2.455134 -0.80889 7.178546 11.622369 -2.20305 0 0.000003 0 0 0.000003 0 0 0.000003 0 0 0.000003 0 -0.026583 -0.235386 12.886441 -0.01498 -0.177186 9.664806 -0.006666 -0.11844 6.443193 -0.001668 -0.059318 3.221593 0 0.000003 0 90.459551 7.949509 90.66402 15.90414 -0.031307 -0.069145 -14.987855 0.308843 1.664171 9.465645 0.772968 -0.715776 96.196938 -69.480568 119.089502 65.22289 23.413379 28.907526 5.630768 75.524184 4.439409 4.155284 -3.732928 57.79816 -59.75712 -40.218197 -29.641826 5.567135 -15.315433 -24.893183 6.482016 -0.197178 -3.991597 1.285397 -9.153271 3.241549 11.104866 4.511903 7.178818 -0.034264 0.000003 0 3.938261 -7.564377 14.038329 21.401766 4.146323 0.96511 2.820068 2.04867 3.641357 0 0.000003 0 2.739719 -4.265621 -20.177417 16.65294 -7.077808 -7.148108 -9.292682 3.957517 -4.551576 0 0.000003 0 7.055333 8.448455 -1.528473 7.779836 -1.970507 -8.402268 -6.530614 -0.606423 -8.606537 -0.019782 0.000003 0 25.57308 44.865063 59.697001 13.365482 10.603134 22.106361 -0.472555 -12.780764 -30.031939 -6.07677 7.97907 9.192813 0 0.000003 0 0 0.000003 0.000008 0.000002 0.000003 -14.950473 0.000002 0.000009 -29.900956 0 0.000003 -44.851438 -0.003892 0.027371 -15.367441 -0.002233 0.020643 -11.525581 -0.001027 0.013813 -7.68372 -0.000282 0.006928 -3.841859 0 -0.013986 0 -89.197947 -60.338592 108.439915 35.72234 -61.591312 11.426722 31.90587 0.216629 0.061832 1.77796 -5.293824 87.338025 -0.409064 3.48566 0.277729 -2.31197 -14.287039 -22.877688 25.165112 -7.99511 -6.318021 19.416338 -9.340684 -6.921183 7.336525 -1.104091 0.384145 0 0.000003 0 28.109509 -7.562342 -10.090653 41.37467 -7.866224 -6.530784 17.266886 -4.548787 -0.677942 0 0.000003 0 26.619713 -5.164399 -4.665609 30.420734 -6.2365 -2.737197 3.658766 -2.103682 -4.33326 0 0.000003 0 8.521779 2.394435 13.531033 35.728105 1.116855 -2.927363 8.118107 -1.994638 -2.363256 0 0.000003 0 25.57308 44.865063 59.697001 14.694872 -11.704264 23.36174 -37.324242 11.99667 -10.692962 -6.07677 7.97907 9.192813 0 0.000003 0 0 0.000003 0.000008 0 0.000003 -7.08738 0.000001 0.000003 -14.174769 0 0.000003 -21.262159 -0.001197 0.014954 -8.320816 -0.000694 0.011231 -6.240612 -0.000327 0.007495 -4.160407 -0.000095 0.003752 -2.080203 0 0.000003 0 23.023506 11.773493 0.547361 -0.013975 -0.000605 -2.062082 0 0.000003 0 -23.689488 1.937768 -3.197755 -89.999999 -90 0 0 0.000003 0 0 0.000003 0 90.000009 -63.648278 -90.000009 -5.682401 0.000003 0 -28.319916 0.000003 0 -16.252152 0.000003 0 0 0.000003 0 89.999996 -84.450021 179.999995 0 0.000003 0 -90.000003 -84.450021 0 0 0.000003 0 0 0.000003 0
0 0 0 179.999991 0.000003 179.999991 -0.004121 -0.044321000000000055 -0.01187 179.18448 -0.965069 174.160712 -83.766321 7.587817 -103.216938 5.54857 -0.429002 -12.355268 0 0.000003 0 2.444613 7.271736 2.933684 75.504886 -7.992029 9.334273 -0.15412 1.329519 -0.522786 10.561548 10.430453 -0.906606 0 0.000003 0 0 0.000003 0 0 0.000003 0 0 0.000003 0 -0.009469 -0.141055 7.680496 -0.005329 -0.105934 5.760367 -0.00237 -0.070683 3.840242 0.013385 -0.035904 2.516709 0 0.000003 0 80.845275 -5.525634 68.591096 10.212097 -1.068546 -8.434798 0 0.000003 0 1.245555 9.768874 -0.052957 75.690319 -9.031782 11.401314 -0.421239 2.455134 -0.80889 7.202588 11.534198 -2.144037 0 0.000003 0 0 0.000003 0 0 0.000003 0 0 0.000003 0 -0.026703 -0.235912 12.915548 -0.015048 -0.177589 9.686637 -0.006697 -0.118699 6.457747 -0.001676 -0.059447 3.22887 0 0.000003 0 90.401235 7.974788 90.649075 15.923937 -0.013685 -0.193105 -14.986668 0.283674 1.623125 9.329612 0.810063 -0.742666 96.821961 -68.99626 118.439213 64.555888 22.877434 25.5283 5.270838 74.602682 4.091638 4.389401 -3.454454 54.064485 -58.279484 -40.667702 -28.89728 5.567135 -15.315433 -24.893183 6.48202 -0.197144 -3.991598 1.285404 -9.153243 3.241553 11.104746 4.511916 7.178786 -0.034264 0.000003 0 3.938245 -7.56435 14.038347 21.401769 4.146385 0.965079 2.820054 2.048602 3.641365 0 0.000003 0 2.739695 -4.265615 -20.428966 16.625439 -7.152169 -7.158581 -9.293099 3.956485 -4.551608 0 0.000003 0 7.055316 8.448475 -1.604836 7.777834 -1.982678 -8.403442 -6.531084 -0.608294 -8.606569 -0.019782 0.000003 0 25.57308 44.865063 59.697001 13.365485 10.603134 22.106355 -0.472536 -12.780791 -30.031946 -6.07677 7.97907 9.192813 0 0.000003 0 0 0.000003 0.000008 0.000002 0.000003 -15.946933 0.000002 0.000009 -31.893876 0 0.000009 -47.840814 -0.002855 0.023403 -13.094856 -0.001641 0.017618 -9.82114 -0.000759 0.011791 -6.547425 -0.000211 0.005904 -3.273712 0 -0.013986 0 -89.19794 -60.338578 108.439922 34.945546 -61.785156 12.206306 31.375683 0.213432 0.059838 1.818429 -5.280096 86.898905 -0.054382 3.495768 0.279673 -2.31197 -14.287039 -22.877688 25.165139 -7.995096 -6.31798 19.416273 -9.34065 -6.921163 7.336523 -1.104077 0.384152 0 0.000003 0 28.109483 -7.562321 -10.090628 41.374653 -7.866224 -6.530781 17.266925 -4.548801 -0.677946 0 0.000003 0 26.619706 -5.164385 -4.665593 30.420758 -6.236493 -2.737194 3.658756 -2.103682 -4.333263 0 0.000003 0 8.663282 2.329773 13.536921 35.723221 1.156716 -2.915369 8.118054 -1.994058 -2.363169 0 0.000003 0 25.57308 44.865063 59.697001 14.639199 -11.879916 23.373143 -37.3676 12.142002 -10.761783 -6.07677 7.97907 9.192813 0 0.000003 0 0 0.000003 0.000008 0 0.000003 -7.204038 0 0.000003 -14.408084 0 0.000003 -21.612129 -0.001234 0.0152 -8.456613 -0.000715 0.011423 -6.342458 -0.000337 0.007625 -4.228305 -0.000098 0.003807 -2.114151 0 0.000003 0 23.004953 11.251626 0.386437 -0.013975 -0.000612 -2.083313 0 0.000003 0 -23.650997 1.957644 -3.232324 -89.999999 -90 0 0 0.000003 0 0 0.000003 0 90.000009 -63.648278 -90.000009 -5.682401 0.000003 0 -28.319916 0.000003 0 -16.252152 0.000003 0 0 0.000003 0 89.999996 -84.450021 179.999995 0 0.000003 0 -90.000003 -84.450021 0 0 0.000003 0 0 0.000003 0
0 0 0 179.999991 0.000003 179.999991 -0.004039 -0.04426399999999997 -0.011812 179.191037 -1.053179 174.263794 -83.74635 7.438734 -103.199411 5.572341 -0.430538 -12.355443 0 0.000003 0 2.341629 7.358049 3.221578 75.504886 -7.992029 9.334273 -0.15412 1.329519 -0.522786 10.656195 10.682371 -0.990978 0 0.000003 0 0 0.000003 0 0 0.000003 0 0 0.000003 0 -0.009427 -0.140747 7.66332 -0.005306 -0.105695 5.747486 -0.002359 -0.070533 3.831654 0.013388 -0.035822 2.512415 0 0.000003 0 80.873196 -5.416324 68.612215 10.213274 -1.068628 -8.434823 0 0.000003 0 1.236363 9.766005 -0.18454 75.690319 -9.031782 11.401314 -0.421239 2.455134 -0.80889 7.202616 11.534191 -2.144024 0 0.000003 0 0 0.000003 0 0 0.000003 0 0 0.000003 0 -0.026616 -0.23553 12.894346 -0.014999 -0.177302 9.670737 -0.006675 -0.118508 6.447146 -0.00167 -0.059345 3.223569 0 0.000003 0 90.384358 7.982677 90.661349 15.91648 -0.020044 -0.195273 -14.990008 0.259645 1.429478 9.449983 0.819694 -0.899826 96.875121 -68.575411 118.245591 64.104139 23.004804 23.851919 5.192754 74.386794 4.016384 4.487434 -3.325999 52.406812 -56.942481 -40.625898 -27.917797 5.567135 -15.315433 -24.893183 6.482017 -0.197137 -3.991621 1.285463 -9.153216 3.241552 11.104872 4.511923 7.178785 -0.034264 0.000003 0 3.938243 -7.56435 14.038341 21.401804 4.146419 0.965094 2.820098 2.048622 3.641374 0 0.000003 0 2.739689 -4.265615 -20.428987 16.625415 -7.152155 -7.158574 -9.293135 3.956485 -4.551617 0 0.000003 0 7.055297 8.448468 -1.604848 7.777902 -1.982665 -8.403433 -6.531043 -0.608301 -8.606568 -0.019782 0.000003 0 25.57308 44.865063 59.697001 13.365467 10.60312 22.106327 -0.472562 -12.780757 -30.031925 -6.07677 7.97907 9.192813 0 0.000003 0 0 0.000003 0.000008 0.000002 0.000003 -16.389532 0.000002 0.000009 -32.779068 0 0.000009 -49.168613 -0.002364 0.021251 -11.87174 -0.00136 0.015999 -8.903804 -0.000631 0.010685 -5.935869 -0.000177 0.005357 -2.967933 0 -0.013986 0 -88.890158 -60.203173 108.416549 35.202925 -61.830685 12.020188 30.787781 0.209812 0.057686 1.834828 -5.274433 86.720542 0.326719 3.40089 0.273904 -2.31197 -14.287039 -22.877688 25.263139 -7.887876 -6.291274 19.435923 -9.242022 -6.90525 7.365175 -1.063984 0.388579 0 0.000003 0 28.132723 -7.40744 -9.999168 41.397954 -7.648785 -6.467037 17.304016 -4.45408 -0.661535 0 0.000003 0 26.63339 -5.015644 -4.59149 30.433035 -6.077336 -2.700791 3.669648 -2.046049 -4.325978 0 0.000003 0 8.644509 2.397781 13.81489 35.683128 1.473295 -2.820393 8.108486 -1.87246 -2.344864 0 0.000003 0 25.57308 44.865063 59.697001 14.639177 -11.879964 23.373152 -37.3676 12.142043 -10.761796 -6.07677 7.97907 9.192813 0 0.000003 0 0 0.000003 0.000008 0 0.000003 -7.251426 0 0.000003 -14.50286 0 0.000003 -21.754293 -0.001227 0.015145 -8.431271 -0.000711 0.011388 -6.323452 -0.000334 0.007598 -4.215635 -0.000098 0.0038 -2.107816 0 0.000003 0 23.276643 11.248709 0.370412 -0.013978 -0.000537 -1.795133 0 0.000003 0 -24.05902 2.012354 -2.879422 -89.999999 -90 0 0 0.000003 0 0 0.000003 0 90.000009 -63.648278 -90.000009 -5.682401 0.000003 0 -28.319916 0.000003 0 -16.252152 0.000003 0 0 0.000003 0 89.999996 -84.450021 179.999995 0 0.000003 0 -90.000003 -84.450021 0 0 0.000003 0 0 0.000003 0
0 0 0 179.999991 0.000003 179.999991 -0.003884 -0.044050000000000034 -0.011617 179.213208 -1.040509 174.320716 -83.72758 7.520041 -103.270787 5.273403 -0.411223 -12.353249 0 0.000003 0 2.510275 7.32495 3.276542 75.504886 -7.992029 9.334273 -0.15412 1.329519 -0.522786 10.656185 10.682371 -0.990975 0 0.000003 0 0 0.000003 0 0 0.000003 0 0 0.000003 0 -0.009572 -0.141826 7.722379 -0.005388 -0.106507 5.791779 -0.002396 -0.071072 3.861184 0.013379 -0.036095 2.52718 0 0.000003 0 80.963471 -5.485295 68.661904 9.897009 -1.03904 -8.428996 0 0.000003 0 1.393304 9.706589 -0.246209 75.690319 -9.031782 11.401314 -0.421239 2.455134 -0.80889 7.202643 11.53417 -2.144037 0 0.000003 0 0 0.000003 0 0 0.000003 0 0 0.000003 0 -0.026469 -0.234895 12.858791 -0.014917 -0.176817 9.64407 -0.006638 -0.118187 6.429368 -0.001661 -0.059181 3.214681 0 0.000003 0 90.384754 7.981796 90.643536 15.913361 0.001369 -0.321862 -14.995691 0.256107 1.329352 9.403767 0.81539 -0.643262 96.931162 -68.225254 118.232504 63.679643 23.417859 23.35477 5.290757 74.656531 4.110831 4.460452 -3.362131 52.869383 -55.474127 -41.518153 -27.167214 5.567135 -15.315433 -24.893183 6.726831 -0.179413 -3.986494 1.282659 -9.133634 3.242016 11.102827 4.482396 7.174987 -0.034264 0.000003 0 4.15117 -7.220395 13.998763 21.443259 3.930005 0.92699 2.81998 2.049018 3.641395 0 0.000003 0 2.833326 -3.967272 -20.439223 16.575554 -7.285029 -7.177144 -9.293377 3.956041 -4.551627 0 0.000003 0 7.282383 8.575312 -1.571814 7.778157 -1.980903 -8.403268 -6.530959 -0.608014 -8.606566 -0.019782 0.000003 0 25.57308 44.865063 59.697001 13.365481 10.603113 22.106327 -0.47256 -12.780743 -30.031925 -6.07677 7.97907 9.192813 0 0.000003 0 0 0.000003 0.000008 0.000002 0.000003 -16.266014 0 0.000009 -32.532031 0 0.000009 -48.798058 -0.002221 0.020589 -11.495762 -0.001279 0.0155 -8.62182 -0.000594 0.010357 -5.74788 -0.000167 0.00518 -2.873939 0 -0.013986 0 -88.616247 -60.477057 108.020309 34.509476 -62.039697 12.863448 30.224256 0.206349 0.055622 1.866397 -5.263382 86.376806 0.668556 3.258938 0.262716 -2.31197 -14.287039 -22.877688 25.239506 -7.91381 -6.297762 19.431168 -9.265839 -6.909092 7.358252 -1.073662 0.387506 0 0.000003 0 28.127204 -7.444835 -10.021292 41.392449 -7.701282 -6.482449 17.295074 -4.476982 -0.665507 0 0.000003 0 26.63012 -5.051571 -4.609403 30.430135 -6.115756 -2.709594 3.667061 -2.059996 -4.327744 0 0.000003 0 8.649087 2.381375 13.543128 35.707976 1.279263 -2.878575 8.114461 -1.947011 -2.356094 0 0.000003 0 25.57308 44.865063 59.697001 14.639136 -11.879909 23.373162 -37.3676 12.14203 -10.761783 -6.07677 7.97907 9.192813 0 0.000003 0 0 0.000003 0.000008 0 0.000003 -7.342748 0 0.000003 -14.685504 0 0.000003 -22.028262 -0.00128 0.015493 -8.622798 -0.000742 0.011641 -6.467098 -0.000349 0.007768 -4.311398 -0.000101 0.003882 -2.155698 0 0.000003 0 23.268231 10.994783 0.292309 -0.013977 -0.000558 -1.856764 0 0.000003 0 -24.032137 1.809743 -2.885454 -89.999999 -90 0 0 0.000003 0 0 0.000003 0 90.000009 -63.648278 -90.000009 -5.682401 0.000003 0 -28.319916 0.000003 0 -16.252152 0.000003 0 0 0.000003 0 89.999996 -84.450021 179.999995 0 0.000003 0 -90.000003 -84.450021 0 0 0.000003 0 0 0.000003 0
0 0 0 179.999991 0.000003 179.999991 -0.003721 -0.043964 -0.011389 179.247004 -0.970683 174.326918 -83.669462 7.580304 -103.375378 5.165745 -0.404242 -12.352481 0 0.000003 0 2.576034 7.338891 3.321583 75.504886 -7.992029 9.334273 -0.15412 1.329519 -0.522786 10.656196 10.682398 -0.990979 0 0.000003 0 0 0.000003 0 0 0.000003 0 0 0.000003 0 -0.009786 -0.14339 7.808253 -0.005508 -0.107689 5.856185 -0.002449 -0.071858 3.904121 0.013365 -0.036498 2.548648 0 0.000003 0 81.042674 -5.517691 68.704497 9.748221 -1.025072 -8.426315 0 0.000003 0 1.474563 9.653847 -0.23511 75.690319 -9.031782 11.401314 -0.421239 2.455134 -0.80889 7.202643 11.534191 -2.144037 0 0.000003 0 0 0.000003 0 0 0.000003 0 0 0.000003 0 -0.02634 -0.234321 12.827084 -0.014843 -0.176387 9.620289 -0.006605 -0.117893 6.413515 -0.001653 -0.059038 3.206754 0 0.000003 0 90.387759 7.979952 90.610806 15.90812 0.006225 -0.375811 -14.99335 0.271229 1.325875 9.452266 0.809687 -0.994496 96.853674 -67.937365 118.39009 64.163849 24.258232 24.110271 5.54742 75.321437 4.35876 4.38869 -3.455349 54.076226 -53.61234 -42.517351 -26.244018 5.567135 -15.315433 -24.893183 6.482034 -0.197117 -3.99158 1.382309 -8.920696 3.226565 11.093136 4.352985 7.158224 -0.034264 0.000003 0 3.938251 -7.564316 14.038361 21.401761 4.146364 0.965095 2.820086 2.048615 3.641375 0 0.000003 0 2.739713 -4.26558 -20.428969 16.625452 -7.152134 -7.158568 -9.293169 3.956519 -4.551613 0 0.000003 0 7.055313 8.448489 -1.60482 7.777793 -1.982644 -8.403428 -6.531041 -0.608253 -8.606578 -0.019782 0.000003 0 25.57308 44.865063 59.697001 13.365493 10.603127 22.106358 -0.472564 -12.780764 -30.031946 -6.07677 7.97907 9.192813 0 0.000003 0 0 0.000003 0.000008 0.000002 0.000003 -15.943796 0.000002 0.000009 -31.887599 0 0.000009 -47.831405 -0.002287 0.020896 -11.671335 -0.001317 0.015726 -8.753501 -0.000611 0.010507 -5.835667 -0.000172 0.005269 -2.917832 0 -0.013986 0 -88.089892 -60.622059 107.722192 34.521504 -62.121531 12.774551 29.750917 0.203426 0.053928 1.918945 -5.244497 85.802967 0.928322 3.101291 0.24866 -2.31197 -14.287039 -22.877688 25.05408 -8.115478 -6.347445 19.393656 -9.451702 -6.938994 7.303984 -1.14902 0.379214 0 0.000003 0 28.082504 -7.73686 -10.193206 41.346946 -8.110991 -6.602266 17.22467 -4.655127 -0.696278 0 0.000003 0 26.603481 -5.332032 -4.748809 30.40581 -6.415738 -2.778038 3.646221 -2.16848 -4.341439 0 0.000003 0 8.684011 2.25294 13.765781 35.728679 1.111616 -2.928913 8.119386 -2.011372 -2.365769 0 0.000003 0 25.57308 44.865063 59.697001 14.639189 -11.879937 23.373136 -37.367627 12.142023 -10.761783 -6.07677 7.97907 9.192813 0 0.000003 0 0 0.000003 0.000008 0 0.000003 -7.495213 0 0.000003 -14.990435 0.000002 0.000003 -22.485657 -0.001264 0.015384 -8.561489 -0.000732 0.011559 -6.421117 -0.000344 0.007714 -4.280744 -0.0001 0.003855 -2.140371 0 0.000003 0 23.886865 11.021524 0.126149 -0.013978 -0.000523 -1.706954 0 0.000003 0 -24.125557 1.907661 -2.723756 -89.999999 -90 0 0 0.000003 0 0 0.000003 0 90.000009 -63.648278 -90.000009 -5.682401 0.000003 0 -28.319916 0.000003 0 -16.252152 0.000003 0 0 0.000003 0 89.999996 -84.450021 179.999995 0 0.000003 0 -90.000003 -84.450021 0 0 0.000003 0 0 0.000003 0
0 0 0 179.999991 0.000003 179.999991 -0.003429 -0.043864000000000014 -0.011264 179.293203 -0.860697 174.271348 -83.612307 7.760976 -103.450564 4.971436 -0.391647 -12.35114 0 0.000003 0 2.66387 7.349429 3.302698 75.504886 -7.992029 9.334273 -0.15412 1.329519 -0.522786 10.656187 10.682377 -0.990973 0 0.000003 0 0 0.000003 0 0 0.000003 0 0 0.000003 0 -0.009952 -0.144593 7.87412 -0.005601 -0.108591 5.905585 -0.002491 -0.072466 3.937053 0.013355 -0.036805 2.565114 0 0.000003 0 81.155386 -5.663754 68.76127 9.473736 -0.999343 -8.421452 0 0.000003 0 1.620377 9.575149 -0.194027 75.690319 -9.031782 11.401314 -0.421239 2.455134 -0.80889 7.202643 11.534177 -2.144037 0 0.000003 0 0 0.000003 0 0 0.000003 0 0 0.000003 0 -0.026183 -0.233624 12.788976 -0.014755 -0.175861 9.59171 -0.006566 -0.117545 6.394462 -0.001643 -0.058867 3.197227 0 0.000003 0 90.392725 7.961797 90.598846 15.890152 0.01074 -0.423239 -14.990592 0.285955 1.322491 9.506204 0.84125 -0.827536 96.448207 -67.712051 118.897492 64.305377 25.134641 25.821498 6.01284 76.391072 4.810074 4.247888 -3.627149 56.355447 -51.127852 -44.344717 -25.424616 5.567135 -15.315433 -24.893183 6.48203 -0.197151 -3.991592 1.285479 -9.153202 3.241538 11.104853 4.511944 7.178811 -0.034264 0.000003 0 3.938275 -7.564343 14.038342 21.401708 4.146371 0.965098 2.820039 2.048629 3.641377 0 0.000003 0 2.739716 -4.265608 -20.428987 16.625483 -7.152134 -7.15858 -9.293152 3.956533 -4.551622 0 0.000003 0 7.055326 8.448468 -1.604842 7.777826 -1.982658 -8.403428 -6.530983 -0.608246 -8.606581 -0.019782 0.000003 0 25.57308 44.865063 59.697001 13.365471 10.603099 22.106307 -0.472569 -12.78077 -30.031946 -6.07677 7.97907 9.192813 0 0.000003 0 0 0.000003 0.000008 0.000002 0.000003 -15.33544 0 0.000003 -30.670883 0 0.000009 -46.006331 -0.002696 0.022727 -12.708949 -0.00155 0.017112 -9.531711 -0.000717 0.011443 -6.354473 -0.0002 0.005733 -3.177236 0 -0.013986 0 -88.089885 -60.622072 107.722199 34.49545 -61.79884 13.552291 29.455013 0.201582 0.05289 1.883257 -5.257385 86.19293 1.002416 2.907908 0.233511 -2.31197 -14.287039 -22.877688 25.165112 -7.995116 -6.317993 19.416278 -9.34063 -6.921167 7.336455 -1.104036 0.384166 0 0.000003 0 28.109463 -7.562362 -10.090641 41.374701 -7.866169 -6.543318 17.265332 -4.552537 -0.678574 0 0.000003 0 26.619638 -5.164433 -4.665609 30.420727 -6.236411 -2.976817 3.650162 -2.148263 -4.275842 0 0.000003 0 8.663234 2.329725 13.5369 35.723208 1.156777 -3.126886 8.121612 -2.04137 -2.239238 0 0.000003 0 25.57308 44.865063 59.697001 14.639165 -11.879964 23.373143 -37.3676 12.142037 -10.724995 -6.07677 7.97907 9.192813 0 0.000003 0 0 0.000003 0.000008 0 0.000003 -7.391601 0 0.000003 -14.78321 0.000002 0.000003 -22.17482 -0.001404 0.016252 -9.048437 -0.000813 0.012215 -6.786327 -0.000381 0.008151 -4.524217 -0.00011 0.00408 -2.262108 0 0.000003 0 24.246601 11.065742 0.015525 -0.013979 -0.000496 -1.619523 0 0.000003 0 -24.461622 1.666575 -2.525467 -89.999999 -90 0 0 0.000003 0 0 0.000003 0 90.000009 -63.648278 -90.000009 -5.682401 0.000003 0 -28.319916 0.000003 0 -16.252152 0.000003 0 0 0.000003 0 89.999996 -84.450021 179.999995 0 0.000003 0 -90.000003 -84.450021 0 0 0.000003 0 0 0.000003 0
0 0 0 179.999991 0.000003 179.999991 -0.003176 -0.04369999999999996 -0.011545 179.348869 -0.68708 174.168553 -83.564147 8.090519 -103.459259 4.573612 -0.365884 -12.348518 0 0.000003 0 2.841809 7.346171 3.156221 75.504886 -7.992029 9.334273 -0.15412 1.329519 -0.522786 10.656187 10.682391 -0.990973 0 0.000003 0 0 0.000003 0 0 0.000003 0 0 0.000003 0 -0.009995 -0.144907 7.891181 -0.005625 -0.10883 5.91838 -0.002501 -0.072616 3.945584 0.013352 -0.036887 2.56938 0 0.000003 0 81.325724 -5.992887 68.883223 8.907712 -0.946177 -8.411847 0 0.000003 0 1.899165 9.456324 -0.157073 75.690319 -9.031782 11.401314 -0.421239 2.455134 -0.80889 7.202616 11.534191 -2.144051 0 0.000003 0 0 0.000003 0 0 0.000003 0 0 0.000003 0 -0.025848 -0.232149 12.706489 -0.014566 -0.174748 9.529844 -0.006482 -0.116794 6.353219 -0.001622 -0.058484 3.176606 0 0.000003 0 90.378272 7.943629 90.55572 15.881607 0.017071 -0.472378 -14.981238 0.299124 1.31946 9.500464 0.873918 -1.177032 96.480937 -67.591966 119.473249 64.694049 26.47314 28.701275 6.838976 77.954119 5.61568 4.178672 -3.706721 57.437752 -48.276132 -43.853702 -23.302181 5.567135 -15.315433 -24.893183 6.482014 -0.197144 -3.991648 1.285478 -9.153202 3.241542 11.104803 4.511978 7.178823 -0.034264 0.000003 0 3.93827 -7.56433 14.038305 21.401698 4.146446 0.965113 2.820069 2.048581 3.641383 0 0.000003 0 2.739719 -4.265594 -20.429028 16.625459 -7.152134 -7.158552 -9.293163 3.956533 -4.551629 0 0.000003 0 7.055312 8.448496 -1.604887 7.777822 -1.982651 -8.403425 -6.53106 -0.608267 -8.606567 -0.019782 0.000003 0 25.57308 44.865063 59.697001 13.365441 10.603079 22.106307 -0.472538 -12.780723 -30.031959 -6.07677 7.97907 9.192813 0 0.000003 0 0 0.000003 0.000008 0.000002 0.000003 -15.046635 0.000002 0.000009 -30.093281 0 0.000009 -45.139921 -0.00343 0.025684 -14.399511 -0.00197 0.019359 -10.799632 -0.000908 0.012953 -7.199754 -0.000251 0.006491 -3.599876 0 -0.013986 0 -87.034239 -60.936568 106.798894 34.646046 -61.946519 13.654076 29.324977 0.200776 0.052435 1.899581 -5.251511 86.014635 1.023398 2.691131 0.215738 -2.31197 -14.287039 -22.877688 25.165166 -7.995082 -6.317993 19.416251 -9.340636 -6.921167 7.336494 -1.10407 0.155878 0 0.000003 0 28.109463 -7.562328 -10.090644 41.37468 -7.866176 -6.449276 17.276502 -4.524287 -0.673679 0 0.000003 0 26.61966 -5.164392 -4.665612 30.420737 -6.236397 -2.73715 3.65883 -2.103675 -4.587542 0 0.000003 0 8.663245 2.32978 13.53689 35.723211 1.156777 -2.915326 8.118057 -1.994051 -2.36317 0 0.000003 0 25.57308 44.865063 59.697001 14.639126 -11.879937 23.373158 -37.367627 12.14203 -10.77558 -6.07677 7.97907 9.192813 0 0.000003 0 0 0.000003 0.000008 0 0.000003 -7.438973 0 0.000003 -14.877957 0.000002 0.000003 -22.31694 -0.001427 0.016381 -9.124175 -0.000826 0.012317 -6.843131 -0.000387 0.008219 -4.562087 -0.000112 0.004114 -2.281042 0 0.000003 0 24.624217 11.39672 0.049131 -0.01398 -0.000489 -1.586352 0 0.000003 0 -24.175636 1.374626 -2.363038 -89.999999 -90 0 0 0.000003 0 0 0.000003 0 90.000009 -63.648278 -90.000009 -5.682401 0.000003 0 -28.319916 0.000003 0 -16.252152 0.000003 0 0 0.000003 0 89.999996 -84.450021 179.999995 0 0.000003 0 -90.000003 -84.450021 0 0 0.000003 0 0 0.000003 0
0 0 0 179.999991 0.000003 179.999991 -0.002758 -0.04362299999999997 -0.01114 179.391585 -0.530382 174.095511 -83.521896 8.275398 -103.391572 4.396354 -0.354409 -12.347403 0 0.000003 0 3.016346 7.435579 3.231554 75.504886 -7.992029 9.334273 -0.15412 1.329519 -0.522786 10.460131 10.582643 -1.078286 0 0.000003 0 0 0.000003 0 0 0.000003 0 0 0.000003 0 -0.009876 -0.144046 7.844121 -0.005558 -0.108181 5.883085 -0.002472 -0.072193 3.922054 0.013359 -0.036669 2.557615 0 0.000003 0 81.419448 -6.104001 68.994787 8.741327 -0.930549 -8.409117 0 0.000003 0 1.986331 9.394197 -0.119965 75.690319 -9.031782 11.401314 -0.421239 2.455134 -0.80889 7.202643 11.534184 -2.144037 0 0.000003 0 0 0.000003 0 0 0.000003 0 0 0.000003 0 -0.025511 -0.230646 12.622952 -0.014375 -0.1736 9.467191 -0.006397 -0.116029 6.311451 -0.0016 -0.058102 3.155722 0 0.000003 0 90.341505 7.975444 90.569756 15.850832 0.018492 -0.545445 -14.97993 0.290566 1.186549 9.533701 0.94306 -1.185659 95.641069 -67.391512 120.672958 64.217664 27.962244 32.79835 7.880175 79.479123 6.636841 4.316755 -3.544873 55.254509 -45.527422 -37.712494 -18.663352 5.567135 -15.315433 -24.893183 6.482031 -0.197144 -3.991597 1.285528 -9.153161 3.241536 11.104779 4.511998 7.178823 -0.034264 0.000003 0 3.938256 -7.564343 14.038334 21.401664 4.146487 0.965144 2.820044 2.048581 3.641377 0 0.000003 0 2.739706 -4.265594 -20.429004 16.625428 -7.152114 -7.15854 -9.293066 3.956554 -4.551618 0 0.000003 0 7.055334 8.448496 -1.604846 7.777833 -1.982631 -8.403418 -6.531016 -0.608233 -8.60657 -0.019782 0.000003 0 25.57308 44.865063 59.697001 13.365476 10.603086 22.106353 -0.472571 -12.780757 -30.031963 -6.07677 7.97907 9.192813 0 0.000003 0 0 0.000003 0.000008 0.000002 0.000003 -15.629266 0.000002 0.000009 -31.258538 0 0.000009 -46.887814 -0.004907 0.030745 -17.319557 -0.002811 0.023211 -12.989667 -0.00129 0.015562 -8.659777 -0.000351 0.007803 -4.329887 0 -0.013986 0 -86.437861 -61.107029 106.086157 34.77572 -61.792425 14.392561 29.353243 0.20094 0.052533 1.914338 -5.246177 85.853381 0.946135 2.560354 0.205876 -2.31197 -14.287039 -22.877688 25.195383 -8.04538 -6.338511 19.415841 -9.342747 -6.921509 7.335818 -1.104904 0.384078 0 0.000003 0 28.159028 -7.592245 -10.1203 41.374069 -7.871586 -6.719784 17.243612 -4.607466 -0.688047 0 0.000003 0 26.668228 -5.194869 -4.689161 30.420614 -6.237886 -2.737479 3.658663 -2.104194 -4.333316 0 0.000003 0 8.709558 2.294461 13.534757 35.72261 1.161381 -2.913936 8.117897 -1.992289 -2.362906 0 0.000003 0 25.57308 44.865063 59.697001 14.639134 -11.880005 23.373122 -37.3676 12.142071 -11.137757 -6.07677 7.97907 9.192813 0 0.000003 0 0 0.000003 0.000008 0 0.000003 -7.481818 0 0.000003 -14.963643 0.000002 0.000003 -22.44547 -0.001575 0.017249 -9.61069 -0.000911 0.012966 -7.208018 -0.000426 0.008656 -4.805345 -0.000122 0.004333 -2.402671 0 0.000003 0 24.961288 11.376611 0.020005 -0.013982 -0.000414 -1.263825 0 0.000003 0 -24.32857 1.432471 -1.954943 -89.999999 -90 0 0 0.000003 0 0 0.000003 0 90.000009 -63.648278 -90.000009 -5.682401 0.000003 0 -28.319916 0.000003 0 -16.252152 0.000003 0 0 0.000003 0 89.999996 -84.450021 179.999995 0 0.000003 0 -90.000003 -84.450021 0 0 0.000003 0 0 0.000003 0
0 0 0 179.999991 0.000003 179.999991 -0.002434 -0.04374699999999998 -0.011275 179.425135 -0.492686 174.030024 -83.44589 8.28815 -103.358855 4.544086 -0.363971 -12.348321 0 0.000003 0 2.937669 7.496682 3.183733 75.504886 -7.992029 9.334273 -0.15412 1.329519 -0.522786 10.460124 10.582636 -1.078275 0 0.000003 0 0 0.000003 0 0 0.000003 0 0 0.000003 0 -0.009819 -0.14363 7.821349 -0.005526 -0.107874 5.866006 -0.002458 -0.071981 3.910668 0.013363 -0.036559 2.551922 0 0.000003 0 81.46534 -6.106535 69.159811 8.841961 -0.94003 -8.410761 0 0.000003 0 1.915375 9.401854 -0.247051 75.690319 -9.031782 11.401314 -0.421239 2.455134 -0.80889 7.202616 11.534184 -2.144051 0 0.000003 0 0 0.000003 0 0 0.000003 0 0 0.000003 0 -0.024992 -0.228324 12.493189 -0.014082 -0.171838 9.36987 -0.006266 -0.11484 6.246569 -0.001568 -0.057508 3.123282 0 0.000003 0 90.287813 8.039422 90.57673 15.817188 0.01632 -0.607684 -14.975191 0.28659 1.125683 9.701373 0.666335 -1.017384 95.158325 -67.457306 121.51217 63.676679 29.288188 36.185553 8.373844 80.075344 7.122684 4.569673 -3.211955 50.964683 -42.639163 -28.38862 -14.133487 5.567135 -15.315433 -24.893183 6.48201 -0.197171 -3.991543 1.285535 -9.153175 3.241535 11.104655 4.512094 7.178845 -0.034264 0.000003 0 3.938276 -7.564343 14.03837 21.401655 4.146494 0.965188 2.820076 2.048574 3.641376 0 0.000003 0 2.739716 -4.265574 -20.428969 16.625439 -7.152114 -7.158529 -9.293108 3.956574 -4.551628 0 0.000003 0 7.055348 8.448509 -1.604812 7.777839 -1.982624 -8.403417 -6.531057 -0.608233 -8.606559 -0.019782 0.000003 0 25.57308 44.865063 59.697001 13.36549 10.60312 22.106363 -0.472584 -12.78077 -30.318896 -6.07677 7.97907 9.192813 0 0.000003 0 0 0.000003 0.000008 0.000002 0.000003 -16.774675 0.000002 0.000009 -33.549363 0 0.000009 -50.324048 -0.006334 0.034905 -19.756011 -0.003628 0.026415 -14.817009 -0.001659 0.01772 -9.878004 -0.000447 0.008895 -4.939002 0 -0.013986 0 -85.765545 -61.0966 105.315745 35.79737 -61.136133 14.658943 29.604208 0.202477 0.053412 1.908321 -5.248349 85.919135 0.849365 2.398007 0.193909 -2.31197 -14.287039 -22.877688 25.165112 -7.99511 -6.317993 19.416278 -9.340609 -6.921154 7.336499 -1.104084 0.384169 0 0.000003 0 28.109486 -7.562356 -10.090658 41.374656 -7.866135 -6.530718 17.266855 -4.548753 -0.677898 0 0.000003 0 26.619662 -5.164426 -4.665621 30.420747 -6.23637 -2.737128 3.658738 -2.103641 -4.33324 0 0.000003 0 8.691081 2.279387 13.537966 35.718724 1.19323 -2.90436 8.118189 -1.996052 -2.363464 0 0.000003 0 25.57308 44.865063 59.697001 14.639136 -11.880005 23.373148 -37.367654 12.142037 -10.761824 -6.07677 7.97907 9.192813 0 0.000003 0 0 0.000003 0.000008 0 0.000003 -7.464347 0 0.000003 -14.9287 0.000002 0.000003 -22.393054 -0.001782 0.018383 -10.250413 -0.001029 0.01382 -7.687808 -0.00048 0.009237 -5.125205 -0.000137 0.004627 -2.562602 0 0.000003 0 24.988476 11.720259 0.166594 -0.013982 -0.000414 -1.263836 0 0.000003 0 -24.328567 1.432457 -1.954961 -89.999999 -90 0 0 0.000003 0 0 0.000003 0 90.000009 -63.648278 -90.000009 -5.682401 0.000003 0 -28.319916 0.000003 0 -16.252152 0.000003 0 0 0.000003 0 89.999996 -84.450021 179.999995 0 0.000003 0 -90.000003 -84.450021 0 0 0.000003 0 0 0.000003 0
0 0 0 179.999991 0.000003 179.999991 -0.00229 -0.044045 -0.011152 179.448686 -0.5403 173.959345 -83.351223 8.117443 -103.347708 5.032961 -0.395657 -12.351562 0 0.000003 0 2.714762 7.583247 3.247706 75.504886 -7.992029 9.334273 -0.15412 1.329519 -0.522786 10.460132 10.582643 -1.078285 0 0.000003 0 0 0.000003 0 0 0.000003 0 0 0.000003 0 -0.009794 -0.143445 7.811204 -0.005512 -0.107723 5.858398 -0.002451 -0.071885 3.905596 0.013365 -0.036519 2.549386 0 0.000003 0 81.450122 -5.961127 69.256636 9.300179 -0.983053 -8.418457 0 0.000003 0 1.564553 9.55877 -0.113932 75.690319 -9.031782 11.401314 -0.421239 2.455134 -0.80889 7.246575 11.818538 -2.264631 0 0.000003 0 0 0.000003 0 0 0.000003 0 0 0.000003 0 -0.024667 -0.226849 12.4115 -0.013899 -0.170718 9.308604 -0.006185 -0.114096 6.205725 -0.001547 -0.057132 3.10286 0 0.000003 0 90.257077 8.11409 90.533686 15.803762 0.003349 -0.618255 -14.974611 0.276106 1.117672 9.598267 0.719659 -1.237326 95.386235 -67.423407 121.600662 65.193117 30.268799 39.173761 8.234587 79.914534 6.985584 4.648003 -3.097386 49.541425 -40.374908 -25.068124 -12.241404 5.567135 -15.315433 -24.893183 6.482031 -0.197212 -3.99155 1.285499 -9.153209 3.241541 11.104837 4.512169 7.178867 -0.034264 0.000003 0 3.938293 -7.564357 14.038325 21.401582 4.146453 0.965184 2.819992 2.048608 3.64138 0 0.000003 0 2.739734 -4.265587 -20.428973 16.625411 -7.152114 -7.158531 -9.293186 3.956554 -4.551608 0 0.000003 0 7.055361 8.448496 -1.604829 7.777828 -1.982651 -8.403426 -6.531033 -0.608226 -8.606566 -0.019782 0.000003 0 25.57308 44.865063 59.697001 13.365511 10.603147 22.340915 -0.419357 -12.782662 -29.792182 -6.07677 7.97907 9.192813 0 0.000003 0 0 0.000003 0.000008 0.000002 0.000003 -17.154867 0.000002 0.000009 -34.309741 0 0.000009 -51.464615 -0.007109 0.03694 -20.96664 -0.004068 0.027993 -15.724977 -0.00186 0.018806 -10.483318 -0.0005 0.009442 -5.241658 0 -0.013986 0 -85.882662 -61.173794 105.08828 35.718348 -60.891537 15.326036 30.15549 0.20594 0.055371 1.903505 -5.250104 85.971796 0.561295 2.349239 0.193404 -2.31197 -14.287039 -22.877688 25.165084 -7.99511 -6.318007 19.416333 -9.340623 -6.921167 7.336477 -1.104063 0.384161 0 0.000003 0 28.109452 -7.562376 -10.090641 41.374643 -7.866128 -6.530704 17.266822 -4.54874 -0.677889 0 0.000003 0 26.619621 -5.164447 -4.665607 30.420734 -6.23635 -2.737115 3.658774 -2.103662 -4.33324 0 0.000003 0 8.663239 2.329732 13.536885 35.723173 1.15677 -2.915301 8.118045 -1.994037 -2.363151 0 0.000003 0 25.57308 44.865063 59.697001 14.639122 -11.879964 23.373152 -37.367654 12.142016 -10.761769 -6.07677 7.97907 9.192813 0 0.000003 0 0 0.000003 0.000008 0 0.000003 -7.450354 0 0.000003 -14.900718 0.000002 0.000003 -22.351084 -0.001922 0.019113 -10.659015 -0.001109 0.014366 -7.99426 -0.000516 0.009599 -5.329507 -0.000147 0.004804 -2.664752 0 0.000003 0 25.437749 12.107681 0.145919 -0.013982 -0.000414 -1.27168 0 0.000003 0 -23.947007 1.102962 -1.833626 -89.999999 -90 0 0 0.000003 0 0 0.000003 0 90.000009 -63.648278 -90.000009 -5.682401 0.000003 0 -28.319916 0.000003 0 -16.252152 0.000003 0 0 0.000003 0 89.999996 -84.450021 179.999995 0 0.000003 0 -90.000003 -84.450021 0 0 0.000003 0 0 0.000003 0
0 0 0 179.999991 0.000003 179.999991 -0.002408 -0.04424899999999998 -0.011028 179.461089 -0.579471 173.890906 -83.299594 8.000025 -103.336555 5.395111 -0.419064 -12.354133 0 0.000003 0 2.549432 7.632274 3.293348 75.504886 -7.992029 9.334273 -0.15412 1.329519 -0.522786 10.460127 10.582643 -1.07828 0 0.000003 0 0 0.000003 0 0 0.000003 0 0 0.000003 0 -0.009767 -0.143254 7.800856 -0.005497 -0.107587 5.850637 -0.002445 -0.07179 3.900422 0.013366 -0.036471 2.546799 0 0.000003 0 81.444535 -5.909846 69.332219 9.544353 -1.005975 -8.422702 0 0.000003 0 1.395316 9.271602 -0.12635 75.690319 -9.031782 11.401314 -0.421239 2.455134 -0.80889 7.077951 11.719398 -1.933107 0 0.000003 0 0 0.000003 0 0 0.000003 0 0 0.000003 0 -0.024424 -0.225742 12.350071 -0.013762 -0.169885 9.262531 -0.006124 -0.113529 6.175011 -0.001532 -0.056845 3.087502 0 0.000003 0 90.251121 8.175753 90.485766 15.79574 -0.01083 -0.56828 -14.973091 0.260055 1.169354 9.732799 0.763228 -1.329304 95.386249 -67.423443 121.600634 67.637396 30.606442 41.088512 8.082167 79.731294 6.835509 4.628479 -3.12653 49.901068 -39.432717 -26.882106 -12.168534 5.567135 -15.315433 -24.893183 6.482059 -0.197178 -3.991555 1.285518 -9.153236 3.241542 11.10482 4.512196 7.178858 -0.034264 0.000003 0 3.938284 -7.564343 14.03832 21.401636 4.146515 0.965195 2.820074 2.048595 3.641378 0 0.000003 0 2.739726 -4.26556 -20.42899 16.625481 -7.15208 -7.158534 -9.293212 3.956574 -4.551615 0 0.000003 0 7.055354 8.448537 -1.604833 7.777884 -1.982597 -8.403417 -6.531021 -0.60826 -8.606575 -0.019782 0.000003 0 25.57308 44.865063 59.697001 13.525603 10.868042 22.136273 -0.519156 -13.085479 -30.045975 -6.07677 7.97907 9.192813 0 0.000003 0 0 0.000003 0.000008 0.000002 0.000003 -17.058787 0.000002 0.000009 -34.11758 0 0.000009 -51.176381 -0.007153 0.037056 -21.031597 -0.004094 0.028081 -15.773697 -0.001871 0.018861 -10.515796 -0.000503 0.009476 -5.257898 0 -0.013986 0 -85.882689 -61.173794 105.088293 36.791395 -60.661291 14.458875 31.045081 0.21139 0.058617 1.927766 -5.241266 85.706368 -0.024698 2.511928 0.210059 -2.31197 -14.287039 -22.877688 25.06397 -8.104741 -6.344822 19.395705 -9.441764 -6.937396 7.30687 -1.144997 0.379652 0 0.000003 0 28.084901 -7.721308 -10.184058 41.349501 -8.089093 -6.595827 17.228404 -4.645598 -0.694594 0 0.000003 0 26.6049 -5.317088 -4.741382 30.407186 -6.399639 -2.774331 3.647327 -2.162668 -4.340684 0 0.000003 0 8.682155 2.259818 13.528374 35.743118 0.990742 -2.965187 8.122724 -2.057701 -2.37272 0 0.000003 0 25.57308 44.865063 59.697001 14.639177 -11.880019 23.373152 -37.367654 12.142002 -10.761783 -6.07677 7.97907 9.192813 0 0.000003 0 0 0.000003 0.000008 0 0.000003 -7.520878 0 0.000003 -15.041764 0.000002 0.000003 -22.562647 -0.001893 0.018963 -10.575045 -0.001092 0.014257 -7.931284 -0.000508 0.009524 -5.287522 -0.000144 0.004763 -2.64376 0 0.000003 0 25.437738 12.107681 0.145916 -0.013983 -0.000394 -1.186182 0 0.000003 0 -23.957008 1.467667 -1.854921 -89.999999 -90 0 0 0.000003 0 0 0.000003 0 90.000009 -63.648278 -90.000009 -5.682401 0.000003 0 -28.319916 0.000003 0 -16.252152 0.000003 0 0 0.000003 0 89.999996 -84.450021 179.999995 0 0.000003 0 -90.000003 -84.450021 0 0 0.000003 0 0 0.000003 0
0 0 0 179.999991 0.000003 179.999991 -0.002717 -0.04429700000000003 -0.010758 179.460502 -0.566452 173.830568 -83.293303 7.99174 -103.352367 5.514782 -0.426789 -12.355022 0 0.000003 0 2.678627 7.854105 2.897606 75.504886 -7.992029 9.334273 -0.15412 1.329519 -0.522786 10.282163 10.555869 -0.893077 0 0.000003 0 0 0.000003 0 0 0.000003 0 0 0.000003 0 -0.009798 -0.143479 7.813279 -0.005515 -0.107751 5.859954 -0.002452 -0.071906 3.906633 0.013364 -0.036525 2.549904 0 0.000003 0 81.385071 -6.002142 69.408854 9.54918 -1.006426 -8.422786 0 0.000003 0 1.384279 9.347834 -0.162176 75.690319 -9.031782 11.401314 -0.421239 2.455134 -0.80889 7.077951 11.719412 -1.933107 0 0.000003 0 0 0.000003 0 0 0.000003 0 0 0.000003 0 -0.024201 -0.224724 12.293454 -0.013636 -0.169106 9.220071 -0.006068 -0.11301 6.146704 -0.001518 -0.056586 3.073349 0 0.000003 0 90.316035 8.206564 90.481722 15.810682 -0.030091 -0.460175 -14.969937 0.257706 1.329022 9.598 0.750531 -1.13064 96.961249 -67.765383 119.8588 70.138475 30.017051 42.003973 8.513387 80.231988 7.26017 4.428614 -3.403986 53.408883 -39.902051 -33.484047 -14.239251 5.567135 -15.315433 -24.893183 6.482092 -0.197165 -3.991575 1.282722 -9.133688 3.241977 11.103977 4.499779 7.177246 -0.034264 0.000003 0 3.938306 -7.564316 14.038305 21.401587 4.146515 0.965176 2.82016 2.048602 3.641379 0 0.000003 0 2.739751 -4.26556 -20.429016 16.625452 -7.152114 -7.158545 -9.293178 3.956554 -4.551624 0 0.000003 0 7.055375 8.448537 -1.604839 7.777852 -1.982597 -8.403419 -6.531063 -0.60824 -8.606566 -0.019782 0.000003 0 25.57308 44.865063 59.697001 13.365412 10.603058 22.106375 -0.472555 -12.78075 -30.031939 -6.07677 7.97907 9.192813 0 0.000003 0 0 0.000003 0.000008 0.000002 0.000003 -16.121965 0 0.000009 -32.243937 0 0.000009 -48.365908 -0.006889 0.036373 -20.62739 -0.003943 0.027555 -15.470541 -0.001803 0.018499 -10.313693 -0.000485 0.009292 -5.156845 0 -0.013986 0 -86.079365 -61.160411 105.285201 37.334128 -60.577451 14.034487 32.207887 0.218473 0.062959 1.892881 -5.253929 86.087827 -0.832809 2.84352 0.232827 -2.31197 -14.287039 -22.877688 25.187733 -7.970377 -6.31186 19.420813 -9.317865 -6.917479 7.343071 -1.094788 0.385183 0 0.000003 0 28.114869 -7.526613 -10.069546 41.380114 -7.815995 -6.516006 17.275483 -4.526924 -0.6741 0 0.000003 0 26.622848 -5.130105 -4.648517 30.42363 -6.199637 -2.728719 3.661321 -2.09035 -4.331555 0 0.000003 0 8.658954 2.345476 13.538792 35.718597 1.194043 -2.90412 8.116938 -1.979714 -2.360982 0 0.000003 0 25.57308 44.865063 59.697001 14.639134 -11.880067 23.37314 -37.367627 12.142064 -10.76181 -6.07677 7.97907 9.192813 0 0.000003 0 0 0.000003 0.000008 0 0.000003 -7.419525 0 0.000003 -14.839059 0.000002 0.000003 -22.258594 -0.001877 0.018881 -10.530763 -0.001083 0.014196 -7.89807 -0.000505 0.00949 -5.26538 -0.000143 0.004743 -2.632689 0 0.000003 0 25.675702 12.136217 0.237516 -0.013981 -0.000441 -1.38082 0 0.000003 0 -23.630054 1.436255 -2.096519 -89.999999 -90 0 0 0.000003 0 0 0.000003 0 90.000009 -63.648278 -90.000009 -5.682401 0.000003 0 -28.319916 0.000003 0 -16.252152 0.000003 0 0 0.000003 0 89.999996 -84.450021 179.999995 0 0.000003 0 -90.000003 -84.450021 0 0 0.000003 0 0 0.000003 0
0 0 0 179.999991 0.000003 179.999991 -0.003076 -0.04419899999999999 -0.010388 179.442142 -0.464109 173.781309 -83.375156 8.146963 -103.378977 5.317038 -0.414037 -12.353562 0 0.000003 0 2.748435 7.797346 2.809903 75.504886 -7.992029 9.334273 -0.15412 1.329519 -0.522786 10.282182 10.555862 -0.893063 0 0.000003 0 0 0.000003 0 0 0.000003 0 0 0.000003 0 -0.009855 -0.143896 7.835822 -0.005547 -0.108065 5.876861 -0.002467 -0.072111 3.917905 0.013361 -0.036628 2.55554 0 0.000003 0 81.361978 -6.081434 69.451699 9.387934 -0.99129 -8.419968 0 0.000003 0 1.511846 9.322289 -0.092066 75.690319 -9.031782 11.401314 -0.421239 2.455134 -0.80889 7.077951 11.719391 -1.933121 0 0.000003 0 0 0.000003 0 0 0.000003 0 0 0.000003 0 -0.024082 -0.224171 12.262894 -0.013569 -0.16869 9.19715 -0.006038 -0.11273 6.131423 -0.001511 -0.056449 3.065709 0 0.000003 0 90.438747 8.224991 90.534451 15.830731 -0.03214 -0.352076 -14.957633 0.245357 1.331872 9.636328 0.632007 -1.192696 97.749453 -68.239897 118.86416 72.509398 30.236738 44.07517 10.136704 81.744615 8.863584 4.063534 -3.832628 59.188787 -40.626713 -39.623875 -16.654149 5.567135 -15.315433 -24.893183 6.482009 -0.197199 -3.99157 1.285481 -9.153236 3.241539 11.104748 4.512155 7.178835 -0.034264 0.000003 0 3.938266 -7.564357 14.038313 21.401646 4.146481 0.965161 2.820038 2.048602 3.641369 0 0.000003 0 2.739734 -4.265574 -20.429004 16.62549 -7.152148 -7.158545 -9.293076 3.956547 -4.551627 0 0.000003 0 7.05536 8.448503 -1.604847 7.77785 -1.98259 -8.403423 -6.531012 -0.60824 -8.606571 -0.019782 0.000003 0 25.57308 44.865063 59.697001 13.365481 10.603065 22.106372 -0.472536 -12.78077 -30.031946 -6.07677 7.97907 9.192813 0 0.000003 0 0 0.000003 0.000008 0.000002 0.000003 -14.579493 0.000002 0.000009 -29.158993 0 0.000009 -43.738496 -0.006958 0.036551 -20.7353 -0.003983 0.027692 -15.551473 -0.00182 0.018594 -10.367648 -0.00049 0.009339 -5.183823 0 -0.013986 0 -86.079358 -61.160424 105.28518 38.066813 -60.819058 13.068975 33.015779 0.223329 0.066072 1.857531 -5.26651 86.473419 -1.403102 3.18046 0.248441 -2.31197 -14.287039 -22.877688 25.242375 -7.910613 -6.296956 19.431769 -9.262902 -6.9086 7.35914 -1.072494 0.387647 0 0.000003 0 28.127868 -7.440246 -10.018557 41.393118 -7.694786 -6.480473 17.296167 -4.47412 -0.664959 0 0.000003 0 26.63046 -5.047186 -4.607201 30.430497 -6.110934 -2.708423 3.66737 -2.058227 -4.327491 0 0.000003 0 8.648525 2.38339 13.543354 35.707382 1.284071 -2.877082 8.11428 -1.94516 -2.355783 0 0.000003 0 25.57308 44.865063 59.697001 14.639138 -11.879978 23.373129 -37.367654 12.142009 -10.761796 -6.07677 7.97907 9.192813 0 0.000003 0 0 0.000003 0.000008 0 0.000003 -7.31708 0 0.000003 -14.634169 0 0.000003 -21.95126 -0.001756 0.018239 -10.170695 -0.001014 0.013724 -7.62802 -0.000473 0.009162 -5.085346 -0.000135 0.004586 -2.542672 0 0.000003 0 25.675699 12.136224 0.237512 -0.013982 -0.000421 -1.298379 0 0.000003 0 -23.641395 1.790619 -2.11731 -89.999999 -90 0 0 0.000003 0 0 0.000003 0 90.000009 -63.648278 -90.000009 -5.682401 0.000003 0 -28.319916 0.000003 0 -16.252152 0.000003 0 0 0.000003 0 89.999996 -84.450021 179.999995 0 0.000003 0 -90.000003 -84.450021 0 0 0.000003 0 0 0.000003 0
0 0 0 179.999991 0.000003 179.999991 -0.003501 -0.043969999999999954 -0.010209 179.421748 -0.295758 173.762362 -83.490395 8.403662 -103.378321 4.874052 -0.385364 -12.350476 0 0.000003 0 2.918965 7.714906 2.618322 75.504886 -7.992029 9.334273 -0.15412 1.329519 -0.522786 10.282174 10.555855 -0.893073 0 0.000003 0 0 0.000003 0 0 0.000003 0 0 0.000003 0 -0.009861 -0.143937 7.83812 -0.00555 -0.108099 5.878585 -0.002468 -0.072138 3.919054 0.01336 -0.036635 2.556115 0 0.000003 0 81.364232 -6.238399 69.522911 8.983531 -0.953321 -8.413099 0 0.000003 0 1.764222 9.266425 0.007322 75.690319 -9.031782 11.401314 -0.421239 2.455134 -0.80889 7.077951 11.719412 -1.933107 0 0.000003 0 0 0.000003 0 0 0.000003 0 0 0.000003 0 -0.023887 -0.22327 12.212974 -0.013459 -0.168013 9.159711 -0.005989 -0.112272 6.106464 -0.001498 -0.056217 3.053229 0 0.000003 0 90.590602 8.217922 90.596845 15.827201 -0.019791 -0.195104 -14.965003 0.23925 1.333269 9.598203 0.478061 -0.830805 98.806452 -68.990087 118.000496 73.237919 31.332109 46.970473 13.148096 83.579805 11.850712 3.754975 -4.135377 63.627775 -41.953126 -40.12826 -16.416191 5.567135 -15.315433 -24.893183 6.482043 -0.197185 -3.946072 1.285506 -9.153216 3.241536 11.105442 4.522619 7.180223 -0.034264 0.000003 0 3.938293 -7.56433 14.038335 21.40165 4.146453 0.965183 2.820038 2.048636 3.64138 0 0.000003 0 2.739744 -4.265539 -20.428985 16.625398 -7.152134 -7.158533 -9.29315 3.95656 -4.570723 0 0.000003 0 7.055359 8.448509 -1.557639 7.77914 -1.975097 -8.402709 -6.530773 -0.607065 -8.689356 -0.019782 0.000003 0 25.57308 44.865063 59.697001 13.365458 10.603038 22.106341 -0.472591 -12.780764 -30.031942 -6.07677 7.97907 9.192813 0 0.000003 0 0 0.000003 0.000008 0.000001 0.000003 -13.395872 0 0.000009 -26.79175 0.000002 0.000003 -40.187631 -0.007733 0.038504 -21.895783 -0.004428 0.029202 -16.421836 -0.002022 0.019626 -10.94789 -0.000542 0.009858 -5.473944 0 -0.013986 0 -86.324097 -60.976426 105.803086 39.41961 -60.624176 12.571804 33.183805 0.224381 0.066714 1.864724 -5.263963 86.395022 -1.515336 3.439918 0.260818 -2.31197 -14.287039 -22.877688 25.151834 -8.009521 -6.321545 19.413601 -9.353942 -6.923298 7.099742 -1.213599 0.388499 0 0.000003 0 28.106249 -7.583263 -10.10295 41.330848 -7.848356 -6.533728 17.340976 -4.291829 -0.690238 0 0.000003 0 26.617686 -5.184514 -4.675601 30.3681 -6.412719 -2.736311 3.68883 -2.019493 -4.327441 0 0.000003 0 8.665741 2.32058 13.347025 35.719116 0.64984 -2.954675 8.126829 -1.8917 -2.347173 0 0.000003 0 25.57308 44.865063 59.697001 14.639124 -11.880039 23.083652 -37.317712 12.317607 -10.669001 -6.07677 7.97907 9.192813 0 0.000003 0 0 0.000003 0.000008 0 0.000003 -7.337907 0 0.000003 -14.675823 0 0.000003 -22.013739 -0.001823 0.018594 -10.369337 -0.001052 0.013984 -7.777002 -0.00049 0.009339 -5.184668 -0.00014 0.004681 -2.592333 0 0.000003 0 25.664412 11.344694 0.368541 -0.013983 -0.000373 -1.100828 0 0.000003 0 -23.379092 1.835356 -1.862102 -89.999999 -90 0 0 0.000003 0 0 0.000003 0 90.000009 -63.648278 -90.000009 -5.682401 0.000003 0 -28.319916 0.000003 0 -16.252152 0.000003 0 0 0.000003 0 89.999996 -84.450021 179.999995 0 0.000003 0 -90.000003 -84.450021 0 0 0.000003 0 0 0.000003 0
0 0 0 179.999991 0.000003 179.999991 -0.004089 -0.04407899999999998 -0.010289 179.411816 -0.129211 173.797182 -83.544845 8.283615 -103.401039 5.087181 -0.399147 -12.351936 0 0.000003 0 2.773996 7.715924 2.458621 75.504886 -7.992029 9.334273 -0.15412 1.329519 -0.522786 10.282167 10.555855 -0.893077 0 0.000003 0 0 0.000003 0 0 0.000003 0 0 0.000003 0 -0.009893 -0.144169 7.850985 -0.005568 -0.108276 5.888233 -0.002476 -0.072254 3.925486 0.013358 -0.036696 2.55933 0 0.000003 0 81.27156 -6.063006 69.483473 9.204108 -0.97403 -8.416821 0 0.000003 0 1.685947 9.029499 0.303369 75.690319 -9.031782 11.401314 -0.421239 2.455134 -0.80889 7.028145 11.773008 -2.174623 0 0.000003 0 0 0.000003 0 0 0.000003 0 0 0.000003 0 -0.023983 -0.223714 12.237354 -0.013512 -0.168348 9.177995 -0.006012 -0.112491 6.118653 -0.001504 -0.056333 3.059324 0 0.000003 0 90.714741 8.265194 90.658774 15.814389 0.019694 -0.181509 -14.984581 0.263586 1.514048 9.649249 0.33391 -0.921435 99.372538 -69.72603 117.238657 73.897927 32.987337 51.407016 15.02367 84.355277 13.71597 3.639702 -4.237146 65.206723 -42.96161 -32.884677 -13.050697 5.567135 -15.315433 -24.893183 6.482007 -0.197199 -3.991552 1.285489 -9.153195 3.241539 11.104785 4.512046 7.178923 -0.034264 0.000003 0 3.938273 -7.56435 14.038335 21.401667 4.146392 0.965211 2.819961 2.048636 3.641386 0 0.000003 0 2.739733 -4.265587 -20.428963 16.625418 -7.152141 -7.158532 -9.293195 3.956574 -4.551599 0 0.000003 0 7.055377 8.448509 -1.604799 7.777827 -1.982658 -8.403417 -6.531017 -0.608226 -8.606557 -0.019782 0.000003 0 25.57308 44.865063 59.697001 13.365489 10.603045 22.106324 -0.472606 -12.780764 -30.03198 -6.07677 7.97907 9.192813 0 0.000003 0 0 0.000003 0.000008 0.000001 0.000003 -12.975064 0 0.000003 -25.950137 0 0.000016 -38.925211 -0.009126 0.041735 -23.847646 -0.005224 0.031715 -17.885735 -0.002383 0.02134 -11.923822 -0.000636 0.010733 -5.96191 0 -0.013986 0 -86.857535 -60.86424 105.838494 39.581281 -60.894443 13.454491 32.618583 0.220986 0.064521 1.827769 -5.276879 86.797347 -1.015503 3.330519 0.262033 -2.31197 -14.287039 -22.877688 25.16503 -7.995116 -6.317952 19.416251 -9.340636 -6.92114 7.336526 -1.104104 0.384156 0 0.000003 0 28.109425 -7.56241 -10.090641 41.374643 -7.866169 -6.776757 17.237536 -4.622683 -0.690655 0 0.000003 0 26.61958 -5.164481 -4.665626 30.420706 -6.236377 -2.737083 3.658738 -2.103641 -4.333228 0 0.000003 0 8.663236 2.329746 13.536883 35.72315 1.156688 -2.915316 8.117982 -1.994037 -2.363134 0 0.000003 0 25.57308 44.865063 59.697001 14.639141 -11.880053 23.373133 -37.3676 12.142002 -10.761796 -6.07677 7.97907 9.192813 0 0.000003 0 0 0.000003 0.000008 0 0.000003 -7.231021 0 0.000003 -14.462048 0 0.000003 -21.693079 -0.001994 0.019475 -10.866038 -0.00115 0.014646 -8.149527 -0.000535 0.009783 -5.433018 -0.000152 0.0049 -2.716508 0 0.000003 0 25.651178 10.93965 0.243969 -0.013983 -0.000387 -1.148934 0 0.000003 0 -23.354469 1.706477 -1.878585 -89.999999 -90 0 0 0.000003 0 0 0.000003 0 90.000009 -63.648278 -90.000009 -5.682401 0.000003 0 -28.319916 0.000003 0 -16.252152 0.000003 0 0 0.000003 0 89.999996 -84.450021 179.999995 0 0.000003 0 -90.000003 -84.450021 0 0 0.000003 0 0 0.000003 0
0 0 0 179.999991 0.000003 179.999991 -0.004564 -0.04427099999999995 -0.010126 179.33566 -0.099575 173.810993 -83.643385 8.128474 -103.405827 5.361353 -0.416892 -12.353878 0 0.000003 0 2.62795 7.715794 2.416966 75.504886 -7.992029 9.334273 -0.15412 1.329519 -0.522786 10.282168 10.555862 -0.893078 0 0.000003 0 0 0.000003 0 0 0.000003 0 0 0.000003 0 -0.009884 -0.144101 7.847381 -0.005563 -0.108222 5.885531 -0.002474 -0.07222 3.923685 0.013359 -0.036682 2.55843 0 0.000003 0 81.103565 -5.745908 69.252039 9.76823 -1.026964 -8.426673 0 0.000003 0 1.472946 9.048043 0.582068 75.690319 -9.031782 11.401314 -0.421239 2.455134 -0.80889 7.028173 11.773002 -2.174609 0 0.000003 0 0 0.000003 0 0 0.000003 0 0 0.000003 0 -0.024647 -0.22676 12.406381 -0.013888 -0.170657 9.304765 -0.00618 -0.114048 6.203166 -0.001546 -0.057105 3.10158 0 0.000003 0 90.724112 8.319535 90.627041 15.853962 0.049289 -0.171368 -15.009506 0.271537 1.663585 9.483617 0.238492 -0.770655 100.818428 -70.408622 115.661976 73.794573 34.335398 54.941844 15.653889 84.574007 14.34325 3.463333 -4.382404 67.553344 -42.919324 -24.48975 -10.378729 5.567135 -15.315433 -24.893183 6.481996 -0.197226 -3.991544 1.285486 -9.153209 3.24153 11.104738 4.512053 7.178976 -0.034264 0.000003 0 3.938276 -7.564371 14.038342 21.401623 4.146269 0.965213 2.8201 2.048643 3.641389 0 0.000003 0 2.739717 -4.265594 -20.428937 16.625377 -7.152203 -7.158531 -9.29315 3.956506 -4.551567 0 0.000003 0 7.055394 8.448489 -1.604759 7.777834 -1.982678 -8.403428 -6.531004 -0.608253 -8.60655 -0.019782 0.000003 0 25.57308 44.865063 59.697001 13.365479 10.603024 22.106361 -0.4726 -12.780777 -30.032014 -6.07677 7.97907 9.192813 0 0.000003 0 0 0.000003 0.000008 0.000001 0.000003 -12.349868 0.000001 0.000003 -24.699747 0.000002 0.000009 -37.049623 -0.01057 0.044809 -25.726281 -0.006052 0.034119 -19.294707 -0.002759 0.022993 -12.863138 -0.000733 0.011573 -6.431567 0 -0.013986 0 -87.060795 -61.020522 105.856929 40.085731 -61.33761 13.733099 31.579742 0.214682 0.060579 1.805359 -5.284569 87.040789 -0.082973 2.962413 0.243691 -2.31197 -14.287039 -22.877688 25.16503 -7.995103 -6.603563 19.395842 -9.440863 -6.937232 7.307169 -1.144655 0.379684 0 0.000003 0 28.10942 -7.562397 -10.23906 41.363708 -7.96464 -6.559481 17.249904 -4.591565 -0.685285 0 0.000003 0 26.619578 -5.164474 -4.777326 30.416127 -6.293115 -2.750036 3.654874 -2.124207 -4.335826 0 0.000003 0 8.663221 2.329753 13.333323 35.737302 1.039537 -2.950515 8.121301 -2.039 -2.369906 0 0.000003 0 25.57308 44.865063 59.697001 14.639141 -11.880067 23.373122 -37.367654 12.142023 -10.76181 -6.07677 7.97907 9.192813 0 0.000003 0 0 0.000003 0.000008 0 0.000003 -7.166344 0.000001 0.000003 -14.332694 0 0.000003 -21.499047 -0.002074 0.019872 -11.087537 -0.001195 0.014947 -8.315653 -0.000556 0.009988 -5.543768 -0.000157 0.004995 -2.771883 0 0.000003 0 25.794454 10.930819 0.369523 -0.013983 -0.000359 -1.049898 0 0.000003 0 -22.967781 1.704305 -1.735799 -89.999999 -90 0 0 0.000003 0 0 0.000003 0 90.000009 -63.648278 -90.000009 -5.682401 0.000003 0 -28.319916 0.000003 0 -16.252152 0.000003 0 0 0.000003 0 89.999996 -84.450021 179.999995 0 0.000003 0 -90.000003 -84.450021 0 0 0.000003 0 0 0.000003 0
0 0 0 179.999991 0.000003 179.999991 -0.004902 -0.04422499999999996 -0.009941 179.264899 -0.165875 173.870744 -83.755475 8.063669 -103.248602 5.30421 -0.413203 -12.353475 0 0.000003 0 2.651571 7.678317 2.299551 75.504886 -7.992029 9.334273 -0.15412 1.329519 -0.522786 10.28216 10.555848 -0.893084 0 0.000003 0 0 0.000003 0 0 0.000003 0 0 0.000003 0 -0.009561 -0.141744 7.718037 -0.005381 -0.106446 5.788522 -0.002393 -0.071031 3.859012 0.013379 -0.036081 2.526094 0 0.000003 0 80.952276 -5.652177 69.069455 9.904511 -1.039744 -8.429132 0 0.000003 0 1.43342 9.104296 0.718112 75.690319 -9.031782 11.401314 -0.421239 2.455134 -0.80889 7.028173 11.772995 -2.174623 0 0.000003 0 0 0.000003 0 0 0.000003 0 0 0.000003 0 -0.0252 -0.22926 12.54556 -0.0142 -0.172549 9.409147 -0.006319 -0.115312 6.272754 -0.001581 -0.057747 3.136374 0 0.000003 0 90.688725 8.414959 90.582351 15.871761 0.040342 -0.02797 -15.020759 0.238178 1.689609 9.512562 0.223917 -0.949385 101.700963 -70.989919 114.574747 73.462243 34.658507 55.783077 18.951933 85.482559 17.628976 3.159519 -4.606045 71.429053 -43.466313 -21.678055 -9.373434 5.567135 -15.315433 -24.893183 6.482044 -0.19724 -3.991545 1.285518 -9.153236 3.241503 11.104679 4.511998 7.178985 -0.034264 0.000003 0 3.938314 -7.564336 14.038378 21.40165 4.146221 0.965233 2.820015 2.048629 3.641366 0 0.000003 0 2.739761 -4.265574 -20.42892 16.625382 -7.152216 -7.158558 -9.293262 3.95656 -4.551592 0 0.000003 0 7.055433 8.448503 -1.604734 7.777836 -1.982713 -8.403451 -6.531093 -0.608226 -8.60654 -0.019782 0.000003 0 25.57308 44.865063 59.697001 13.365517 10.603052 22.106373 -0.472582 -12.780784 -30.032007 -6.07677 7.97907 9.192813 0 0.000003 0 0 0.000003 0.000008 0.000001 0.000003 -11.317801 0.000002 0.000003 -22.635611 0.000002 0.000009 -33.953417 -0.011088 0.045847 -26.373754 -0.006351 0.034946 -19.780313 -0.002895 0.023567 -13.186874 -0.000769 0.011867 -6.593436 0 -0.013986 0 -87.928816 -61.089872 106.849861 40.62825 -61.409747 13.108093 30.624857 0.208856 0.057046 1.781556 -5.292622 87.299052 0.562661 2.645622 0.217951 -2.31197 -14.287039 -22.877688 25.260516 -7.890676 -6.397551 19.427971 -9.281596 -6.705238 7.373445 -1.052311 0.479574 0 0.000003 0 28.132091 -7.411511 -9.924826 41.402571 -7.603432 -6.26453 17.333716 -4.377254 -0.698727 0 0.000003 0 26.632929 -5.019592 -4.435527 30.438564 -6.001125 -2.566824 3.678812 -1.996749 -4.356944 0 0.000003 0 8.644997 2.396026 13.584363 35.700702 1.336766 -2.673232 8.109268 -1.882896 -2.389215 0 0.000003 0 25.57308 44.865063 59.697001 14.639126 -11.880067 23.373169 -37.367654 12.141961 -10.761769 -6.07677 7.97907 9.192813 0 0.000003 0 0 0.000003 0.000008 0 0.000003 -7.097736 0.000001 0.000003 -14.195479 0 0.000003 -21.293222 -0.002005 0.01953 -10.89549 -0.001156 0.014687 -8.171616 -0.000538 0.009817 -5.447744 -0.000152 0.004913 -2.723871 0 0.000003 0 25.779125 10.458743 0.224475 -0.013983 -0.000373 -1.120407 0 0.000003 0 -22.938272 1.477564 -1.747081 -89.999999 -90 0 0 0.000003 0 0 0.000003 0 90.000009 -63.648278 -90.000009 -5.682401 0.000003 0 -28.319916 0.000003 0 -16.252152 0.000003 0 0 0.000003 0 89.999996 -84.450021 179.999995 0 0.000003 0 -90.000003 -84.450021 0 0 0.000003 0 0 0.000003 0
0 0 0 179.999991 0.000003 179.999991 -0.004837 -0.04396599999999995 -0.00991 179.245037 -0.410635 173.916369 -83.858016 8.097212 -102.84556 4.98601 -0.392617 -12.351239 0 0.000003 0 2.804439 7.579006 2.108695 75.504886 -7.992029 9.334273 -0.15412 1.329519 -0.522786 10.282166 10.555855 -0.893076 0 0.000003 0 0 0.000003 0 0 0.000003 0 0 0.000003 0 -0.008785 -0.135891 7.397686 -0.004944 -0.102041 5.54826 -0.002198 -0.068081 3.698838 0.013429 -0.034592 2.446007 0 0.000003 0 80.985492 -5.905222 68.961435 9.432835 -0.995504 -8.420755 0 0.000003 0 1.623859 9.098935 0.576664 75.690319 -9.031782 11.401314 -0.421239 2.455134 -0.80889 7.028173 11.773015 -2.174609 0 0.000003 0 0 0.000003 0 0 0.000003 0 0 0.000003 0 -0.025584 -0.230974 12.641213 -0.014417 -0.173853 9.480887 -0.006416 -0.116193 6.32058 -0.001605 -0.058184 3.160287 0 0.000003 0 90.618797 8.432042 90.572871 15.850629 0.035622 0.015691 -15.023295 0.188495 1.733173 9.459296 0.333753 -0.656039 101.570527 -71.178191 114.660643 72.305428 33.455218 52.688018 33.084422 87.302162 31.735521 3.031265 -4.69134 73.011403 -44.938789 -22.745436 -9.784632 5.567135 -15.315433 -24.893183 6.47755 -0.199992 -3.991915 1.285543 -9.153271 3.241471 11.104457 4.50861 7.178529 -0.034264 0.000003 0 3.936701 -7.566823 14.038708 21.402722 4.140825 0.964287 2.82015 2.047345 3.641298 0 0.000003 0 2.739039 -4.267718 -20.428771 16.623758 -7.156683 -7.159197 -9.293167 3.956417 -4.551594 0 0.000003 0 7.058043 8.44521 -1.604359 7.777419 -1.985083 -8.502701 -6.531734 -0.611156 -8.64139 -0.019782 0.000003 0 25.57308 44.865063 59.697001 13.365505 10.603072 22.106348 -0.472582 -12.78077 -30.032041 -6.07677 7.97907 9.192813 0 0.000003 0 0 0.000003 0.000008 0.000001 0.000003 -10.896614 0.000002 0.000003 -21.793237 0.000002 0.000003 -32.689859 -0.010419 0.044501 -25.538707 -0.005967 0.03388 -19.154029 -0.00272 0.022829 -12.769351 -0.000724 0.011498 -6.384675 0 -0.013986 0 -88.124357 -61.073162 107.295455 41.608836 -61.632126 11.987122 30.083978 0.205523 0.055091 1.817022 -5.280574 86.914157 0.838628 2.504373 0.203622 -2.31197 -14.287039 -22.877688 25.165088 -7.99511 -6.317973 19.416209 -9.340616 -6.921133 7.336527 -1.104091 0.384153 0 0.000003 0 28.109463 -7.562376 -10.090646 41.374609 -7.866108 -6.530668 17.266828 -4.54874 -0.677891 0 0.000003 0 26.619597 -5.164474 -4.665634 30.420706 -6.236315 -2.73708 3.658773 -2.103662 -4.333237 0 0.000003 0 8.447903 2.405745 13.52792 35.728484 1.113132 -2.928399 8.118126 -1.996175 -2.363484 0 0.000003 0 25.57308 44.865063 59.697001 14.639119 -11.880053 23.373148 -37.367654 12.141982 -10.761769 -6.07677 7.97907 9.192813 0 0.000003 0 0 0.000003 0.000008 0 0.000003 -7.199987 0 -0.000004 -14.399982 0 0.000003 -21.599976 -0.00188 0.018895 -10.536952 -0.001084 0.014209 -7.902713 -0.000505 0.00949 -5.268475 -0.000144 0.004749 -2.634237 0 0.000003 0 25.505204 10.504731 0.28582 -0.013982 -0.000428 -1.317453 0 0.000003 0 -22.569182 1.430722 -1.984908 -89.999999 -90 0 0 0.000003 0 0 0.000003 0 90.000009 -63.648278 -90.000009 -5.682401 0.000003 0 -28.319916 0.000003 0 -16.252152 0.000003 0 0 0.000003 0 89.999996 -84.450021 179.999995 0 0.000003 0 -90.000003 -84.450021 0 0 0.000003 0 0 0.000003 0
0 0 0 179.999991 0.000003 179.999991 -0.004715 -0.04388800000000004 -0.009662 179.271579 -0.895531 173.948703 -83.835825 7.838341 -102.456615 5.208006 -0.406995 -12.352786 0 0.000003 0 2.749432 7.537109 2.194848 75.504886 -7.992029 9.334273 -0.15412 1.329519 -0.522786 10.282168 10.555855 -0.893076 0 0.000003 0 0 0.000003 0 0 0.000003 0 0 0.000003 0 -0.008059 -0.130188 7.085168 -0.004535 -0.097744 5.313872 -0.002017 -0.065219 3.542579 0.013475 -0.033131 2.367878 0 0.000003 0 81.063431 -6.161129 68.827967 9.077337 -0.962118 -8.414663 0 0.000003 0 1.718207 9.140046 0.220007 75.690319 -9.031782 11.401314 -0.421239 2.455134 -0.80889 7.028173 11.773002 -2.174609 0 0.000003 0 0 0.000003 0 0 0.000003 0 0 0.000003 0 -0.026052 -0.23305 12.756543 -0.01468 -0.175424 9.567384 -0.006533 -0.117245 6.378245 -0.001635 -0.058717 3.189119 0 0.000003 0 90.532935 8.405561 90.591674 15.851117 0.027446 0.025179 -15.014006 0.130309 1.743778 9.476078 0.499522 -0.657793 100.271378 -71.118159 115.97387 71.199722 31.614332 47.857647 106.260702 88.460098 104.877029 3.075156 -4.662729 72.47317 -47.512824 -24.491007 -11.617423 5.567135 -15.315433 -24.893183 6.482017 -0.197233 -3.991616 1.285486 -9.153318 3.241487 11.104769 4.512005 7.178956 -0.034264 0.000003 0 3.938279 -7.564357 14.038315 21.401677 4.146269 0.96524 2.820008 2.048615 3.641369 0 0.000003 0 2.73975 -4.265546 -20.428952 16.625411 -7.152257 -7.158582 -9.293144 3.956485 -4.551588 0 0.000003 0 7.055391 8.448516 -1.604787 7.777816 -1.982726 -8.403457 -6.531039 -0.608233 -8.606532 -0.019782 0.000003 0 25.57308 44.865063 59.697001 13.365541 10.603038 22.106367 -0.472574 -12.780764 -29.929633 -6.07677 7.97907 9.192813 0 0.000003 0 0 0.000003 0.000008 0.000001 0.000003 -11.039868 0.000002 0.000003 -22.079744 0.000002 0.000009 -33.119621 -0.008949 0.041346 -23.608726 -0.005122 0.031408 -17.706545 -0.002338 0.021135 -11.804361 -0.000624 0.01063 -5.902179 0 -0.013986 0 -88.63544 -60.986128 107.942144 42.395695 -61.777803 10.546661 29.697782 0.203139 0.053716 1.832963 -5.275082 86.740875 1.026294 2.587039 0.207993 -2.31197 -14.287039 -22.877688 25.005568 -8.132321 -6.347953 19.421315 -9.315146 -6.917031 7.343906 -1.093716 0.385291 0 0.000003 0 28.025007 -7.749025 -10.187788 41.376357 -7.850132 -6.525996 17.269583 -4.541807 -0.561318 0 0.000003 0 26.529626 -5.354162 -4.747874 30.422072 -6.219342 -2.733217 3.65993 -2.09748 -4.332452 0 0.000003 0 8.545034 2.044449 13.500737 35.715469 1.219314 -2.896526 8.118105 -1.994925 -2.363288 0 0.000003 0 25.57308 44.865063 59.697001 14.639097 -11.880026 23.373174 -37.367654 12.141955 -10.761796 -6.07677 7.97907 9.192813 0 0.000003 0 0 0.000003 0.000008 0 0.000003 -7.246024 0 0.000003 -14.492056 0 -0.000004 -21.738086 -0.001688 0.017877 -9.963243 -0.000975 0.013444 -7.472432 -0.000455 0.008984 -4.981621 -0.00013 0.00449 -2.490809 0 0.000003 0 25.189627 9.917594 0.15978 -0.013981 -0.000428 -1.34279 0 0.000003 0 -22.573676 1.471253 -2.03336 -89.999999 -90 0 0 0.000003 0 0 0.000003 0 90.000009 -63.648278 -90.000009 -5.682401 0.000003 0 -28.319916 0.000003 0 -16.252152 0.000003 0 0 0.000003 0 89.999996 -84.450021 179.999995 0 0.000003 0 -90.000003 -84.450021 0 0 0.000003 0 0 0.000003 0
0 0 0 179.999991 0.000003 179.999991 -0.004614 -0.04393800000000003 -0.00951 179.293408 -1.478781 173.988346 -83.760461 7.440517 -102.240248 5.666084 -0.436604 -12.356149 0 0.000003 0 2.630416 7.524241 2.564231 75.504886 -7.992029 9.334273 -0.15412 1.329519 -0.522786 10.282177 10.555869 -0.893079 0 0.000003 0 0 0.000003 0 0 0.000003 0 0 0.000003 0 -0.007657 -0.126902 6.906082 -0.00431 -0.095285 5.179558 -0.001916 -0.063566 3.453037 0.0135 -0.032291 2.323107 0 0.000003 0 81.117458 -6.335251 68.600357 8.933501 -0.948636 -8.41227 0 0.000003 0 1.693393 9.206319 -0.138313 75.690319 -9.031782 11.401314 -0.421239 2.455134 -0.80889 7.028173 11.772988 -2.174609 0 0.000003 0 0 0.000003 0 0 0.000003 0 0 0.000003 0 -0.026812 -0.236384 12.942111 -0.015109 -0.177951 9.706559 -0.006724 -0.118945 6.471028 -0.001682 -0.05957 3.235511 0 0.000003 0 90.435072 8.353215 90.609911 15.857326 0.002175 0.039647 -15.01021 0.06883 1.762583 9.485449 0.115412 -0.627337 98.958834 -70.905323 117.126861 70.106414 28.609008 41.924873 156.318264 86.31061 154.896519 3.202884 -4.576033 70.887392 -51.621477 -27.936858 -15.478009 5.567135 -15.315433 -24.893183 6.482017 -0.197247 -3.991624 1.285514 -9.153305 3.241486 11.104763 4.511944 7.178919 -0.034264 0.000003 0 3.938277 -7.564398 14.038317 21.401745 4.14631 0.965219 2.820095 2.048643 3.641386 0 0.000003 0 2.73975 -4.26558 -20.428959 16.625437 -7.152264 -7.158593 -9.29312 3.956492 -4.551594 0 0.000003 0 7.055404 8.448503 -1.604791 7.777874 -1.982754 -8.403461 -6.530962 -0.608226 -8.60654 -0.019782 0.000003 0 25.57308 44.865063 59.697001 13.365505 10.603058 22.106351 -0.472569 -12.780784 -30.031966 -6.07677 7.97907 9.192813 0 0.000003 0 0 0.000003 0.000008 0.000001 0.000003 -11.462004 0.000002 0.000003 -22.924017 0.000002 0.000009 -34.386027 -0.007243 0.037275 -21.167613 -0.004147 0.028252 -15.875709 -0.001895 0.018977 -10.583804 -0.000509 0.009537 -5.291902 0 -0.013986 0 -89.410079 -60.910624 108.928916 42.55033 -61.252314 9.255752 29.579862 0.202408 0.053303 1.853607 -5.267883 86.516162 0.877615 2.382851 0.192816 -2.31197 -14.287039 -22.877688 25.165112 -7.995151 -6.317993 19.416169 -9.340671 -6.92114 7.336541 -1.104104 0.38415 0 0.000003 0 28.109449 -7.562417 -10.090642 41.374615 -7.866162 -6.53069 17.266887 -4.548767 -0.694816 0 0.000003 0 26.6196 -5.164495 -4.66563 30.420659 -6.236384 -2.737096 3.658753 -2.103655 -4.333228 0 0.000003 0 8.663259 2.329732 13.536886 35.723167 1.156722 -2.915328 8.117989 -1.994078 -2.363151 0 0.000003 0 25.57308 44.865063 59.697001 14.639132 -11.880073 23.373114 -37.367682 12.142002 -10.565264 -6.07677 7.97907 9.192813 0 0.000003 0 0 0.000003 0.000008 0 0.000003 -7.305722 0 0.000003 -14.611453 0 0.000003 -21.917182 -0.001508 0.016873 -9.39283 -0.000872 0.012673 -7.044622 -0.000408 0.008458 -4.696414 -0.000117 0.00423 -2.348206 0 0.000003 0 24.899607 9.341953 0.161216 -0.013981 -0.000441 -1.384431 0 0.000003 0 -22.633053 1.550558 -2.118834 -89.999999 -90 0 0 0.000003 0 0 0.000003 0 90.000009 -63.648278 -90.000009 -5.682401 0.000003 0 -28.319916 0.000003 0 -16.252152 0.000003 0 0 0.000003 0 89.999996 -84.450021 179.999995 0 0.000003 0 -90.000003 -84.450021 0 0 0.000003 0 0 0.000003 0
0 0 0 179.999991 0.000003 179.999991 -0.004584 -0.04398800000000003 -0.009132 179.274256 -1.992589 174.015448 -83.721836 7.14143 -101.977333 6.020066 -0.459485 -12.358917 0 0.000003 0 2.532458 7.539015 2.817985 75.504886 -7.992029 9.334273 -0.15412 1.329519 -0.522786 10.282177 10.555841 -0.893084 0 0.000003 0 0 0.000003 0 0 0.000003 0 0 0.000003 0 -0.007189 -0.122975 6.691097 -0.004046 -0.092321 5.018319 -0.001799 -0.061592 3.345544 0.01353 -0.031287 2.269362 0 0.000003 0 81.111816 -6.420573 68.40735 8.963735 -0.951463 -8.412778 0 0.000003 0 1.661514 9.354875 -0.172144 75.690319 -9.031782 11.401314 -0.421239 2.455134 -0.80889 7.069318 11.675412 -2.245179 0 0.000003 0 0 0.000003 0 0 0.000003 0 0 0.000003 0 -0.027455 -0.239163 13.09696 -0.015473 -0.180062 9.822696 -0.006886 -0.120373 6.548452 -0.001723 -0.060281 3.274222 0 0.000003 0 90.336492 8.28813 90.662387 15.86873 -0.033916 0.07643 -15.01419 0.012215 1.805437 9.464573 0.28756 -0.593009 98.438592 -70.504033 117.147078 69.473939 25.448638 37.212612 164.292277 84.523095 162.846053 3.221175 -4.563192 70.657761 -56.566216 -35.816605 -21.62721 5.567135 -15.315433 -24.893183 6.482059 -0.197233 -3.991607 1.285467 -9.153332 3.241506 11.104842 4.511882 7.17889 -0.034264 0.000003 0 3.938301 -7.564377 14.038323 21.401759 4.14631 0.965184 2.820148 2.048677 3.641381 0 0.000003 0 2.739806 -4.26556 -20.428969 16.625362 -7.152285 -7.158598 -9.293195 3.956499 -4.551599 0 0.000003 0 7.055423 8.448509 -1.604805 7.777829 -1.98276 -8.403456 -6.530959 -0.608246 -8.606533 -0.019782 0.000003 0 25.57308 44.865063 59.697001 13.365505 10.603045 22.106331 -0.472569 -12.780791 -30.031973 -6.07677 7.97907 9.192813 0 0.000003 0 0 0.000003 0.000008 0.000001 0.000003 -11.523139 0.000002 0.000003 -23.046286 0.000002 0.000009 -34.569432 -0.005994 0.033962 -19.202814 -0.003432 0.025691 -14.402108 -0.001572 0.017235 -9.601404 -0.000425 0.008656 -4.800701 0 -0.013986 0 -90.237864 -60.830154 110.011002 42.673045 -61.225711 8.005491 29.688104 0.203085 0.053678 1.866325 -5.263403 86.37755 0.642711 2.743068 0.223935 -2.31197 -14.287039 -22.877688 25.165057 -7.995157 -6.31798 19.416223 -9.340691 -6.921154 7.336452 -1.104036 0.384149 0 0.000003 0 28.109434 -7.562431 -10.090647 41.374622 -7.866197 -6.420783 17.279911 -4.515688 -0.672173 0 0.000003 0 26.6196 -5.164502 -4.665641 30.420648 -6.236438 -2.737106 3.65877 -2.103634 -4.333228 0 0.000003 0 8.663226 2.329725 13.536907 35.723167 1.156702 -2.915338 8.117979 -1.994092 -2.363161 0 0.000003 0 25.57308 44.865063 59.697001 14.639151 -11.88008 23.373153 -37.367709 12.141955 -10.645191 -6.07677 7.97907 9.192813 0 0.000003 0 0 0.000003 0.000008 0 0.000003 -7.342549 0 0.000003 -14.685106 0 0.000003 -22.027662 -0.001315 0.015712 -8.744384 -0.000762 0.011805 -6.558287 -0.000358 0.007885 -4.372191 -0.000104 0.003944 -2.186095 0 0.000003 0 24.708462 8.725726 0.237907 -0.013981 -0.000455 -1.456518 0 0.000003 0 -22.602539 1.650702 -2.250281 -89.999999 -90 0 0 0.000003 0 0 0.000003 0 90.000009 -63.648278 -90.000009 -5.682401 0.000003 0 -28.319916 0.000003 0 -16.252152 0.000003 0 0 0.000003 0 89.999996 -84.450021 179.999995 0 0.000003 0 -90.000003 -84.450021 0 0 0.000003 0 0 0.000003 0
0 0 0 179.999991 0.000003 179.999991 -0.004807 -0.04382200000000003 -0.008997 179.238835 -2.368973 173.986256 -83.741732 7.231247 -101.767694 5.786267 -0.444397 -12.357074 0 0.000003 0 2.686511 7.498157 2.984999 75.504886 -7.992029 9.334273 -0.15412 1.329519 -0.522786 10.282172 10.555862 -0.893078 0 0.000003 0 0 0.000003 0 0 0.000003 0 0 0.000003 0 -0.006842 -0.119983 6.527641 -0.003851 -0.090074 4.895728 -0.001712 -0.060089 3.263817 0.013552 -0.030528 2.228498 0 0.000003 0 81.174415 -6.773114 68.359873 8.465278 -0.904574 -8.404699 0 0.000003 0 1.862984 9.671762 -0.599295 75.690319 -9.031782 11.401314 -0.421239 2.455134 -0.80889 7.098524 11.58582 -2.155908 0 0.000003 0 0 0.000003 0 0 0.000003 0 0 0.000003 0 -0.027664 -0.240058 13.147104 -0.015591 -0.180745 9.860302 -0.006939 -0.120824 6.573523 -0.001736 -0.060513 3.286758 0 0.000003 0 90.303488 8.253924 90.745552 15.865088 -0.054878 0.111472 -15.011292 -0.043041 1.843669 9.481275 -0.065376 -0.546045 99.050591 -69.993609 116.289124 69.682655 23.100665 33.731128 160.915569 85.466153 159.482103 3.247468 -4.544532 70.326537 -58.582457 -45.466825 -28.058094 5.567135 -15.315433 -24.893183 6.482033 -0.197178 -3.991604 1.285355 -9.153332 3.24154 11.104897 4.511841 7.178862 -0.034264 0.000003 0 3.938279 -7.564343 14.038346 21.401856 4.146344 0.965186 2.820045 2.048615 3.641379 0 0.000003 0 2.739814 -4.265519 -20.428954 16.625408 -7.152292 -7.158604 -9.293159 3.956478 -4.551594 0 0.000003 0 7.055384 8.448503 -1.604789 7.777851 -1.98274 -8.403438 -6.530995 -0.608253 -8.60655 -0.019782 0.000003 0 25.57308 44.865063 59.697001 13.365505 10.603065 22.106355 -0.47255 -12.780818 -30.031976 -6.07677 7.97907 9.192813 0 0.000003 0 0 0.000003 0.000008 0.000001 0.000003 -11.611326 0.000002 0.000003 -23.22266 0.000002 0.000009 -34.833992 -0.004908 0.030752 -17.323081 -0.002813 0.023225 -12.99231 -0.001291 0.015562 -8.66154 -0.000351 0.007809 -4.330769 0 -0.013986 0 -90.762074 -60.76692 110.799978 42.177613 -60.716971 7.682373 29.859449 0.20415 0.05428 1.884323 -5.257003 86.181333 0.235505 3.203983 0.259373 -2.31197 -14.287039 -22.877688 25.165057 -7.995116 -6.317966 19.416187 -9.340718 -6.921169 7.336462 -1.104036 0.384142 0 0.000003 0 28.109435 -7.562403 -10.090663 41.374612 -7.866258 -6.385301 17.284023 -4.504958 -0.670321 0 0.000003 0 26.619542 -5.164481 -4.665635 30.420689 -6.236445 -2.737123 3.65873 -2.103662 -4.333236 0 0.000003 0 8.663239 2.329746 13.536886 35.72317 1.156675 -2.915347 8.118042 -1.994092 -2.363166 0 0.000003 0 25.57308 44.865063 59.697001 14.639102 -11.880012 23.373155 -37.367627 12.141955 -10.938685 -6.07677 7.97907 9.192813 0 0.000003 0 0 0.000003 0.000008 0 0.000003 -7.394683 0 0.000003 -14.789374 0.000002 0.000003 -22.184065 -0.00124 0.015241 -8.48011 -0.000719 0.011443 -6.360082 -0.000338 0.007645 -4.240054 -0.000098 0.003821 -2.120026 0 0.000003 0 24.762462 8.146916 0.27349 -0.013981 -0.000455 -1.419259 0 0.000003 0 -22.466917 1.735458 -2.227499 -89.999999 -90 0 0 0.000003 0 0 0.000003 0 90.000009 -63.648278 -90.000009 -5.682401 0.000003 0 -28.319916 0.000003 0 -16.252152 0.000003 0 0 0.000003 0 89.999996 -84.450021 179.999995 0 0.000003 0 -90.000003 -84.450021 0 0 0.000003 0 0 0.000003 0
0 0 0 179.999991 0.000003 179.999991 -0.005074 -0.043884000000000034 -0.009085 179.237073 -2.531293 173.862943 -83.749177 7.306816 -101.735729 5.791266 -0.444704 -12.35711 0 0.000003 0 2.718306 7.457592 3.124046 75.504886 -7.992029 9.334273 -0.15412 1.329519 -0.522786 10.282167 10.555841 -0.893083 0 0.000003 0 0 0.000003 0 0 0.000003 0 0 0.000003 0 -0.006793 -0.11956 6.504411 -0.003823 -0.089753 4.878306 -0.0017 -0.059878 3.252202 0.013555 -0.030419 2.22269 0 0.000003 0 81.185671 -7.01133 68.533893 8.219386 -0.881427 -8.400856 0 0.000003 0 1.975342 9.7023 -0.914871 75.690319 -9.031782 11.401314 -0.421239 2.455134 -0.80889 7.098496 11.585813 -2.155936 0 0.000003 0 0 0.000003 0 0 0.000003 0 0 0.000003 0 -0.02713 -0.237763 13.018962 -0.015289 -0.178989 9.764198 -0.006804 -0.119649 6.509453 -0.001703 -0.059926 3.254723 0 0.000003 0 90.378914 8.263541 90.766404 15.866434 -0.032031 0.143589 -14.995916 -0.094985 1.870441 9.601941 -0.114164 -0.778359 100.488987 -69.542094 115.137281 70.328996 22.888745 33.298801 93.498057 88.519712 92.1187 3.78136 -4.11128 63.260775 -56.089042 -49.115208 -30.633378 5.567135 -15.315433 -24.893183 6.482013 -0.197178 -3.991645 1.285305 -9.153298 3.241577 11.10486 4.511868 7.178823 -0.034264 0.000003 0 3.938241 -7.564377 14.038335 21.40181 4.146405 0.965138 2.8201 2.048608 3.641371 0 0.000003 0 2.739788 -4.265574 -20.428993 16.625386 -7.152264 -7.158589 -9.293121 3.956458 -4.5516 0 0.000003 0 7.055346 8.448441 -1.604836 7.777872 -1.982699 -8.403435 -6.530971 -0.608267 -8.606564 -0.019782 0.000003 0 25.57308 44.865063 59.697001 13.365464 10.603093 22.106348 -0.472514 -12.780784 -30.031966 -6.07677 7.97907 9.192813 0 0.000003 0 0 0.000003 0.000008 0.000001 -0.000004 -13.493698 0 0.000009 -26.987401 0 0.000009 -40.481107 -0.004615 0.029809 -16.779688 -0.002645 0.022508 -12.584767 -0.001214 0.015077 -8.389844 -0.000331 0.007557 -4.19492 0 -0.013986 0 -90.762067 -60.766934 110.799971 41.158255 -60.817713 8.234555 29.908254 0.204444 0.05445 1.913317 -5.246546 85.864494 -0.20623 3.635234 0.285948 -2.31197 -14.287039 -22.877688 25.165017 -7.995116 -6.318002 19.416196 -9.340739 -6.921169 7.336491 -1.104077 0.384144 0 0.000003 0 28.109415 -7.562403 -10.090703 41.374585 -7.866299 -6.530743 17.266858 -4.548746 -0.526685 0 0.000003 0 26.619532 -5.164481 -4.665675 30.420693 -6.236486 -2.737129 3.658809 -2.103655 -4.333237 0 0.000003 0 8.663207 2.329732 13.536851 35.723163 1.156647 -2.915336 8.117966 -1.994105 -2.363162 0 0.000003 0 25.57308 44.865063 59.697001 14.63909 -11.88006 23.659574 -37.416231 11.968058 -10.710406 -6.07677 7.97907 9.192813 0 0.000003 0 0 0.000003 0.000008 0 0.000003 -7.478865 0 0.000003 -14.957739 0.000002 0.000003 -22.436615 -0.001232 0.015179 -8.448899 -0.000714 0.011402 -6.336674 -0.000336 0.007618 -4.224449 -0.000098 0.003807 -2.112223 0 0.000003 0 24.748374 7.685618 0.13259 -0.013981 -0.000455 -1.440765 0 0.000003 0 -22.438655 1.707577 -2.245452 -89.999999 -90 0 0 0.000003 0 0 0.000003 0 90.000009 -63.648278 -90.000009 -5.682401 0.000003 0 -28.319916 0.000003 0 -16.252152 0.000003 0 0 0.000003 0 89.999996 -84.450021 179.999995 0 0.000003 0 -90.000003 -84.450021 0 0 0.000003 0 0 0.000003 0
0 0 0 179.999991 0.000003 179.999991 -0.005253 -0.044186999999999976 -0.009357 179.254708 -2.26997 173.742063 -83.709508 7.422021 -101.986629 6.05486 -0.461725 -12.359193 0 0.000003 0 2.505989 7.538742 3.138886 75.504886 -7.992029 9.334273 -0.15412 1.329519 -0.522786 10.282175 10.555848 -0.893076 0 0.000003 0 0 0.000003 0 0 0.000003 0 0 0.000003 0 -0.007223 -0.123269 6.707043 -0.004065 -0.09254 5.030279 -0.001807 -0.061736 3.353517 0.013528 -0.031355 2.273348 0 0.000003 0 81.191401 -6.922278 69.011712 8.635674 -0.920618 -8.407414 0 0.000003 0 1.691557 9.760275 -1.121149 75.690319 -9.031782 11.401314 -0.421239 2.455134 -0.80889 7.098524 11.58582 -2.155908 0 0.000003 0 0 0.000003 0 0 0.000003 0 0 0.000003 0 -0.025582 -0.230967 12.640816 -0.014416 -0.173846 9.480589 -0.006415 -0.116193 6.320382 -0.001605 -0.058184 3.160188 0 0.000003 0 90.535435 8.294734 90.795965 15.852213 0.019373 0.134098 -14.980007 -0.132285 1.85086 9.756343 -0.239136 -0.513792 101.328411 -69.593237 114.805279 69.507038 24.035028 36.084159 16.524625 84.849605 15.210165 4.477216 -3.339748 52.582543 -51.1151 -46.396912 -27.126779 5.567135 -15.315433 -24.893183 6.482069 -0.197124 -3.991635 1.285388 -9.15323 3.24158 11.104878 4.511944 7.178783 -0.034264 0.000003 0 3.938259 -7.56433 14.038328 21.401763 4.146474 0.965124 2.820084 2.048615 3.641375 0 0.000003 0 2.739778 -4.265546 -20.429026 16.625392 -7.152196 -7.158565 -9.293222 3.956499 -4.551617 0 0.000003 0 7.055328 8.448448 -1.604838 7.777858 -1.98261 -8.403423 -6.530949 -0.60824 -8.606586 -0.019782 0.000003 0 25.57308 44.865063 59.697001 13.365393 10.603093 22.106372 -0.472516 -12.780784 -30.03198 -6.07677 7.97907 9.192813 0 0.000003 0 0 0.000003 0.000008 0.000002 -0.000004 -16.342606 0.000002 0.000009 -32.685221 0 0.000009 -49.027836 -0.005788 0.033382 -18.856708 -0.003314 0.02524 -14.142529 -0.001517 0.016928 -9.428352 -0.00041 0.008492 -4.714175 0 -0.013986 0 -91.316897 -60.646518 111.477908 40.011853 -60.311592 9.768017 29.463493 0.201671 0.05289 1.905677 -5.249312 85.948047 -0.411319 3.718398 0.289513 -2.31197 -14.287039 -22.877688 25.165029 -7.995151 -6.337569 19.414792 -9.347603 -6.922272 7.334457 -1.106843 0.383841 0 0.000003 0 28.109415 -7.562424 -10.044271 41.377986 -7.835481 -6.521728 17.272087 -4.535332 -0.675589 0 0.000003 0 26.619587 -5.164495 -4.648299 30.421369 -6.227655 -2.735107 3.659413 -2.100458 -4.332838 0 0.000003 0 8.663248 2.329719 13.218892 35.745098 0.973571 -2.970338 8.123168 -2.06432 -2.373733 0 0.000003 0 25.57308 44.865063 59.697001 14.639131 -11.88006 23.582092 -37.403199 12.015084 -10.567423 -6.07677 7.97907 9.192813 0 0.000003 0 0 0.000003 0.000008 0 0.000003 -7.456664 0 0.000003 -14.913337 0.000002 0.000003 -22.370007 -0.001396 0.016211 -9.022125 -0.000808 0.012188 -6.766593 -0.000379 0.008124 -4.511061 -0.00011 0.004066 -2.25553 0 0.000003 0 25.207805 7.601784 0.424305 -0.013984 -0.000332 -0.941834 0 0.000003 0 -22.30316 1.763025 -1.596904 -89.999999 -90 0 0 0.000003 0 0 0.000003 0 90.000009 -63.648278 -90.000009 -5.682401 0.000003 0 -28.319916 0.000003 0 -16.252152 0.000003 0 0 0.000003 0 89.999996 -84.450021 179.999995 0 0.000003 0 -90.000003 -84.450021 0 0 0.000003 0 0 0.000003 0
0 0 0 179.999991 0.000003 179.999991 -0.005355 -0.04433699999999996 -0.009426 179.285198 -1.801603 173.708977 -83.686804 7.457121 -102.461491 6.195583 -0.470789 -12.360336 0 0.000003 0 2.415487 7.556534 3.154261 75.504886 -7.992029 9.334273 -0.15412 1.329519 -0.522786 10.282166 10.555875 -0.893074 0 0.000003 0 0 0.000003 0 0 0.000003 0 0 0.000003 0 -0.008055 -0.130147 7.083434 -0.004534 -0.097724 5.312572 -0.002016 -0.065205 3.541712 0.013475 -0.033117 2.367445 0 0.000003 0 81.136603 -6.657718 69.276252 9.001595 -0.955022 -8.413407 0 0.000003 0 1.598792 9.770827 -0.906967 75.690319 -9.031782 11.401314 -0.421239 2.455134 -0.80889 7.098551 11.585813 -2.155908 0 0.000003 0 0 0.000003 0 0 0.000003 0 0 0.000003 0 -0.024715 -0.227067 12.423662 -0.013926 -0.170882 9.317725 -0.006197 -0.114205 6.211806 -0.00155 -0.05718 3.1059 0 0.000003 0 90.685419 8.306585 90.828238 15.880243 0.050717 0.085893 -14.979967 -0.146703 1.797235 9.538586 -0.369156 -0.617765 101.114708 -69.375776 115.449284 68.849939 25.685578 42.047966 11.336934 82.591039 10.052633 4.72994 -2.97059 47.993431 -46.07051 -42.345856 -22.293393 5.567135 -15.315433 -24.893183 6.482089 -0.197124 -3.991601 1.282573 -9.133593 3.242063 11.103993 4.499656 7.177184 -0.034264 0.000003 0 3.938305 -7.564316 14.038319 21.401711 4.146528 0.965171 2.820017 2.048649 3.641385 0 0.000003 0 2.739794 -4.265553 -20.429038 16.625452 -7.152121 -7.158553 -9.293155 3.956519 -4.551616 0 0.000003 0 7.055372 8.448475 -1.604856 7.777873 -1.982562 -8.403417 -6.531086 -0.608192 -8.606586 -0.019782 0.000003 0 25.57308 44.865063 59.697001 13.365345 10.603113 22.106385 -0.472506 -12.780798 -29.950499 -6.07677 7.97907 9.192813 0 0.000003 0 0 0.000003 0.000008 0.000002 0.000003 -17.568469 0.000002 0.000009 -35.136945 0 0.000009 -52.705428 -0.008593 0.04054 -23.120378 -0.004919 0.030786 -17.340283 -0.002245 0.020705 -11.560187 -0.0006 0.010405 -5.780092 0 -0.013986 0 -91.383819 -60.776458 111.582 38.298035 -60.371886 11.672448 28.176043 0.193625 0.048442 1.858587 -5.266121 86.461876 -0.322226 3.303751 0.265258 -2.31197 -14.287039 -22.877688 25.16507 -7.995164 -6.633695 19.393602 -9.451524 -6.938967 7.304107 -1.148965 0.37921 0 0.000003 0 28.10947 -7.562417 -10.143145 41.370709 -7.901024 -6.540905 17.260882 -4.563882 -0.68053 0 0.000003 0 26.619587 -5.164515 -4.789547 30.415529 -6.299358 -2.751478 3.654388 -2.126427 -4.33612 0 0.000003 0 8.663248 2.329712 13.536906 35.723098 1.156716 -2.915314 8.1179 -1.994092 -2.36315 0 0.000003 0 25.57308 44.865063 59.697001 14.639172 -11.880094 23.591409 -37.404756 12.009415 -10.7227 -6.07677 7.97907 9.192813 0 0.000003 0 0 0.000003 0.000008 0 0.000003 -7.320147 0 0.000003 -14.640302 0 0.000003 -21.960457 -0.001553 0.017126 -9.538721 -0.000898 0.012871 -7.15404 -0.00042 0.008595 -4.76936 -0.000121 0.004306 -2.384679 0 0.000003 0 25.098794 7.508962 0.49987 -0.013984 -0.000319 -0.885209 0 0.000003 0 -22.324866 1.165117 -1.308996 -89.999999 -90 0 0 0.000003 0 0 0.000003 0 90.000009 -63.648278 -90.000009 -5.682401 0.000003 0 -28.319916 0.000003 0 -16.252152 0.000003 0 0 0.000003 0 89.999996 -84.450021 179.999995 0 0.000003 0 -90.000003 -84.450021 0 0 0.000003 0 0 0.000003 0
0 0 0 179.999991 0.000003 179.999991 -0.005495 -0.04405300000000001 -0.009274 179.329212 -1.36721 173.819244 -83.656376 7.504809 -103.043526 5.881499 -0.450544 -12.357823 0 0.000003 0 2.669874 7.75293 3.219992 75.504886 -7.992029 9.334273 -0.15412 1.329519 -0.522786 10.297296 10.475375 -0.886841 0 0.000003 0 0 0.000003 0 0 0.000003 0 0 0.000003 0 -0.009138 -0.138582 7.544863 -0.005143 -0.104069 5.658643 -0.002287 -0.069433 3.772426 0.013406 -0.035275 2.482801 0 0.000003 0 81.197945 -6.566268 69.227095 8.653245 -0.922278 -8.407688 0 0.000003 0 1.915288 9.631676 -0.454575 75.690319 -9.031782 11.401314 -0.421239 2.455134 -0.80889 7.098524 11.585807 -2.155908 0 0.000003 0 0 0.000003 0 0 0.000003 0 0 0.000003 0 -0.024853 -0.227696 12.458518 -0.014004 -0.171367 9.343865 -0.006232 -0.114519 6.229234 -0.001559 -0.057344 3.114614 0 0.000003 0 90.739821 8.296982 90.813164 15.924043 0.050341 0.022729 -14.973409 -0.15214 1.735068 9.507294 -0.379442 -0.675071 100.142055 -69.657566 117.234996 67.181604 27.382238 46.326516 15.028223 84.357121 13.720498 4.640026 -3.109339 49.688766 -44.347961 -33.801432 -17.027373 5.567135 -15.315433 -24.893183 6.482057 -0.197151 -3.991577 1.285377 -9.153154 3.24161 11.104841 4.512101 7.178853 -0.034264 0.000003 0 3.938276 -7.564357 14.038343 21.401602 4.146494 0.965209 2.820079 2.048684 3.641411 0 0.000003 0 2.739754 -4.26558 -20.42899 16.625428 -7.152114 -7.158536 -9.293157 3.956533 -4.551592 0 0.000003 0 7.055348 8.448441 -1.604836 7.777856 -1.982542 -8.403392 -6.531123 -0.608178 -8.606562 -0.019782 0.000003 0 25.57308 44.865063 59.697001 13.365325 10.603086 22.106358 -0.47255 -12.780764 -30.032011 -6.07677 7.97907 9.192813 0 0.000003 0 0 0.000003 0.000008 0.000002 0.000003 -17.115503 0.000002 0.000009 -34.231016 0 0.000009 -51.346528 -0.011331 0.046325 -26.6702 -0.00649 0.035328 -20.002646 -0.002958 0.023826 -13.335097 -0.000785 0.011996 -6.667547 0 -0.013986 0 -91.698759 -61.080296 111.483919 36.567033 -60.640302 13.566526 26.79044 0.184868 0.043868 1.787754 -5.290539 87.231857 0.367563 2.550894 0.212009 -2.31197 -14.287039 -22.877688 25.165057 -7.995164 -6.317966 19.416169 -9.340636 -6.921154 7.336443 -1.104043 0.384167 0 0.000003 0 28.109457 -7.562438 -10.347677 41.355464 -8.036705 -6.580544 17.237444 -4.622827 -0.690695 0 0.000003 0 26.619598 -5.164515 -4.665642 30.420648 -6.236343 -2.737098 3.658743 -2.103641 -4.333242 0 0.000003 0 8.663267 2.329705 13.536882 35.723112 1.15675 -2.915295 8.117958 -1.994051 -2.36314 0 0.000003 0 25.57308 44.865063 59.697001 14.639148 -11.880094 23.373136 -37.367709 12.141975 -10.761796 -6.07677 7.97907 9.192813 0 0.000003 0 0 0.000003 0.000008 0 0.000003 -7.115584 0.000001 0.000003 -14.231177 0 0.000003 -21.346768 -0.001699 0.017932 -9.994995 -0.000981 0.013485 -7.496245 -0.000458 0.009005 -4.997496 -0.000131 0.004504 -2.498747 0 0.000003 0 24.580157 7.482447 0.363994 -0.013984 -0.000319 -0.894565 0 0.000003 0 -22.756517 0.796792 -1.196395 -89.999999 -90 0 0 0.000003 0 0 0.000003 0 90.000009 -63.648278 -90.000009 -5.682401 0.000003 0 -28.319916 0.000003 0 -16.252152 0.000003 0 0 0.000003 0 89.999996 -84.450021 179.999995 0 0.000003 0 -90.000003 -84.450021 0 0 0.000003 0 0 0.000003 0
0 0 0 179.999991 0.000003 179.999991 -0.00535 -0.043601 -0.008419 179.346629 -1.158862 173.985477 -83.659791 7.52194 -103.31295 5.416069 -0.42043 -12.354279 0 0.000003 0 2.842749 7.623095 3.013433 75.504886 -7.992029 9.334273 -0.15412 1.329519 -0.522786 10.502394 10.567924 -0.81042 0 0.000003 0 0 0.000003 0 0 0.000003 0 0 0.000003 0 -0.00966 -0.142468 7.757746 -0.005437 -0.106992 5.818303 -0.002418 -0.0714 3.878867 0.013373 -0.036266 2.536021 0 0.000003 0 81.284019 -6.524344 69.103373 8.191429 -0.878776 -8.400424 0 0.000003 0 2.063113 9.400658 -0.52997 75.690319 -9.031782 11.401314 -0.421239 2.455134 -0.80889 7.262093 11.725231 -2.061938 0 0.000003 0 0 0.000003 0 0 0.000003 0 0 0.000003 0 -0.025233 -0.229403 12.553766 -0.014219 -0.172665 9.415302 -0.006327 -0.115394 6.276858 -0.001583 -0.057788 3.138425 0 0.000003 0 90.657429 8.207759 90.771056 15.925843 0.016907 -0.034286 -14.956357 -0.159339 1.685399 9.536724 -0.257516 -0.715788 97.219335 -69.914184 120.290877 66.286084 26.854401 47.457903 59.724902 88.291078 58.357908 4.203642 -3.678369 57.049968 -46.631815 -24.664227 -14.944095 5.567135 -15.315433 -24.893183 6.482049 -0.197158 -3.99154 1.285446 -9.153175 3.24156 11.104696 4.512066 7.178906 -0.034264 0.000003 0 3.938282 -7.564336 14.038352 21.401653 4.146392 0.965225 2.819954 2.048649 3.641404 0 0.000003 0 2.739774 -4.265539 -20.428942 16.62541 -7.152169 -7.158551 -9.293159 3.956478 -4.551593 0 0.000003 0 7.055369 8.448475 -1.604781 7.777803 -1.98261 -8.4034 -6.530988 -0.60824 -8.606546 -0.019782 0.000003 0 25.57308 44.865063 59.697001 13.365401 10.603038 22.106387 -0.472582 -12.780784 -30.032069 -6.07677 7.97907 9.192813 0 0.000003 0 0 0.000003 0.000008 0.000002 0.000003 -15.150104 0 0.000009 -30.300218 0 0.000009 -45.450329 -0.012714 0.048941 -28.307459 -0.007284 0.037391 -21.230593 -0.003319 0.025261 -14.153726 -0.000879 0.012727 -7.076862 0 -0.013986 0 -91.287903 -61.508271 111.225102 36.358302 -61.072612 13.2627 26.094301 0.180388 0.041653 1.709993 -5.316111 88.073165 1.439084 1.81141 0.134118 -2.31197 -14.287039 -22.877688 25.165057 -7.995123 -6.572855 19.398028 -9.430091 -6.935538 7.310279 -1.140298 0.380189 0 0.000003 0 28.109463 -7.56239 -10.388362 41.352356 -8.063664 -6.588404 17.232772 -4.634561 -0.6927 0 0.000003 0 26.61958 -5.164474 -4.695464 30.419443 -6.251478 -2.740553 3.657719 -2.109126 -4.333933 0 0.000003 0 8.663246 2.329746 13.536894 35.723091 1.156797 -2.915268 8.117975 -1.994044 -2.363136 0 0.000003 0 25.57308 44.865063 59.697001 14.639114 -11.880046 23.373163 -37.367654 12.141914 -10.761796 -6.07677 7.97907 9.192813 0 0.000003 0 0 0.000003 0.000008 0 0.000003 -6.892094 0.000001 0.000003 -13.784196 0 0.000003 -20.676297 -0.001592 0.017344 -9.662554 -0.00092 0.013035 -7.246914 -0.00043 0.008704 -4.831275 -0.000123 0.00436 -2.415637 0 0.000003 0 23.849477 7.531434 0.061427 -0.013984 -0.000359 -1.042981 0 0.000003 0 -23.396507 0.787776 -1.40086 -89.999999 -90 0 0 0.000003 0 0 0.000003 0 90.000009 -63.648278 -90.000009 -5.682401 0.000003 0 -28.319916 0.000003 0 -16.252152 0.000003 0 0 0.000003 0 89.999996 -84.450021 179.999995 0 0.000003 0 -90.000003 -84.450021 0 0 0.000003 0 0 0.000003 0
0 0 0 179.999991 0.000003 179.999991 -0.005562 -0.04336499999999999 -0.008333 179.359525 -1.152974 174.191721 -83.653056 7.329103 -103.212136 5.367292 -0.417288 -12.353927 0 0.000003 0 2.822069 7.347599 2.965554 75.504886 -7.992029 9.334273 -0.15412 1.329519 -0.522786 10.482435 10.652782 -0.844731 0 0.000003 0 0 0.000003 0 0 0.000003 0 0 0.000003 0 -0.00945 -0.140925 7.673142 -0.005319 -0.105831 5.754852 -0.002365 -0.070615 3.836565 0.013386 -0.03587 2.514871 0 0.000003 0 81.337683 -6.380337 69.047072 7.942619 -0.855356 -8.396657 0 0.000003 0 2.237088 9.334583 -0.510047 75.690319 -9.031782 11.401314 -0.421239 2.455134 -0.80889 7.262093 11.725231 -2.061952 0 0.000003 0 0 0.000003 0 0 0.000003 0 0 0.000003 0 -0.025389 -0.230107 12.59243 -0.014306 -0.173191 9.444301 -0.006366 -0.115749 6.29619 -0.001593 -0.057958 3.148092 0 0.000003 0 90.519056 8.132169 90.723292 15.891449 -0.042782 -0.074728 -14.94414 -0.178914 1.657316 9.591478 -0.047577 -0.73509 94.867817 -69.967014 123.006315 66.362938 24.01197 44.611866 160.034679 85.658819 158.603918 3.827952 -4.067935 62.607385 -49.567031 -23.362161 -15.800487 5.567135 -15.315433 -24.893183 6.482044 -0.197192 -3.991559 1.285471 -9.15325 3.241525 11.104755 4.512066 7.413656 -0.034264 0.000003 0 3.938287 -7.56433 14.038342 21.401675 4.146317 0.890537 2.820063 2.042318 3.641035 0 0.000003 0 2.73978 -4.265533 -20.428947 16.625403 -7.152196 -7.234202 -9.293322 3.956178 -4.551615 0 0.000003 0 7.055404 8.448516 -1.604773 7.777902 -1.982644 -8.403412 -6.531048 -0.608253 -8.606562 -0.019782 0.000003 0 25.57308 44.865063 59.697001 13.365444 10.603024 22.106351 -0.472582 -12.78077 -30.032069 -6.07677 7.97907 9.192813 0 0.000003 0 0 0.000003 0.000008 0.000001 0.000003 -13.667873 0 0.000003 -27.335752 0.000002 0.000009 -41.003634 -0.011739 0.047117 -27.162228 -0.006723 0.03595 -20.371668 -0.003065 0.024257 -13.581111 -0.000813 0.012222 -6.790554 0 -0.013986 0 -91.063477 -61.507685 111.184886 36.46263 -61.580044 12.065575 26.388183 0.18228 0.042593 1.65656 -5.332961 88.648977 1.743901 1.771767 0.12379 -2.31197 -14.287039 -22.877688 25.165057 -7.995116 -6.265988 19.419912 -9.322352 -6.994032 7.334426 -1.106809 0.377169 0 0.000003 0 28.109445 -7.562383 -10.066848 41.376316 -7.850337 -6.763646 17.241252 -4.613264 -0.816604 0 0.000003 0 26.619604 -5.164461 -4.346651 30.433171 -6.074228 -2.89389 3.663037 -2.08104 -4.3738 0 0.000003 0 8.663228 2.329746 13.536878 35.723085 1.156804 -2.648501 8.113411 -1.934369 -2.435991 0 0.000003 0 25.57308 44.865063 59.697001 14.690125 -12.186168 23.362157 -37.268098 12.489598 -10.839401 -6.07677 7.97907 9.192813 0 0.000003 0 0 0.000003 0.000008 0 0.000003 -6.739139 0.000001 0.000003 -13.478287 0 0.000003 -20.217433 -0.001367 0.016026 -8.924761 -0.000792 0.012044 -6.693569 -0.000372 0.008048 -4.462379 -0.000107 0.004019 -2.231188 0 0.000003 0 23.216759 8.426933 -0.010965 -0.013983 -0.000387 -1.156535 0 0.000003 0 -23.979869 0.635203 -1.505622 -89.999999 -90 0 0 0.000003 0 0 0.000003 0 90.000009 -63.648278 -90.000009 -5.682401 0.000003 0 -28.319916 0.000003 0 -16.252152 0.000003 0 0 0.000003 0 89.999996 -84.450021 179.999995 0 0.000003 0 -90.000003 -84.450021 0 0 0.000003 0 0 0.000003 0
0 0 0 179.999991 0.000003 179.999991 -0.005525 -0.04320999999999997 -0.008402 179.393853 -1.290746 174.312848 -83.623393 7.179276 -102.884471 5.353094 -0.416352 -12.353831 0 0.000003 0 2.824275 7.359968 2.763002 75.504886 -7.992029 9.334273 -0.15412 1.329519 -0.522786 10.482433 10.652796 -0.844721 0 0.000003 0 0 0.000003 0 0 0.000003 0 0 0.000003 0 -0.008817 -0.136137 7.411178 -0.004962 -0.102225 5.558379 -0.002207 -0.068211 3.705583 0.013427 -0.034647 2.44938 0 0.000003 0 81.39951 -6.432731 68.88532 7.647399 -0.82753 -8.392317 0 0.000003 0 2.38147 9.317405 -0.507655 75.690319 -9.031782 11.401314 -0.421239 2.455134 -0.80889 7.262093 11.725252 -2.061952 0 0.000003 0 0 0.000003 0 0 0.000003 0 0 0.000003 0 -0.025908 -0.232415 12.721285 -0.0146 -0.174939 9.540941 -0.006497 -0.11693 6.360616 -0.001626 -0.058553 3.180305 0 0.000003 0 90.403974 8.099664 90.716838 15.890801 -0.074119 -0.109227 -14.94067 -0.191584 1.629507 9.436282 -0.305034 -0.786145 93.475339 -69.647527 124.575701 66.852293 19.439725 41.027112 167.995073 82.871569 166.526883 3.928414 -3.971022 61.174357 -50.839915 -25.45265 -17.371797 5.567135 -15.315433 -24.893183 6.482061 -0.197171 -3.991605 1.285463 -9.153298 3.241525 11.104802 4.512025 7.178875 -0.034264 0.000003 0 3.938273 -7.56433 14.038279 21.401682 4.146412 0.965201 2.820003 2.048643 3.641377 0 0.000003 0 2.73978 -4.265498 -20.429005 16.625449 -7.15223 -7.158587 -9.293213 3.956485 -4.551616 0 0.000003 0 7.055394 8.44853 -1.604838 7.77789 -1.982658 -8.403431 -6.531043 -0.608274 -8.606575 -0.019782 0.000003 0 25.57308 44.865063 59.697001 13.365406 10.603024 22.106406 -0.472524 -12.780777 -30.032034 -6.07677 7.97907 9.192813 0 0.000003 0 0 0.000003 0.000008 0.000001 0.000003 -14.049949 0 0.000009 -28.099904 0.000002 0.000009 -42.149862 -0.01058 0.044822 -25.738883 -0.006058 0.03414 -19.30416 -0.002762 0.023013 -12.869439 -0.000734 0.01158 -6.434718 0 -0.013986 0 -91.59393 -61.543198 111.802397 35.709083 -61.537451 11.254226 27.029063 0.186385 0.04464 1.647278 -5.33583 88.748814 1.112573 2.247271 0.179948 -2.31197 -14.287039 -22.877688 25.16503 -7.995116 -6.31798 19.416223 -9.340643 -6.886388 7.339774 -1.099378 0.145651 0 0.000003 0 28.109434 -7.562383 -10.090647 41.374547 -7.866156 -6.530677 17.266889 -4.54874 -0.677861 0 0.000003 0 26.619583 -5.164461 -4.665631 30.420645 -6.236343 -2.891696 3.65318 -2.132396 -4.469017 0 0.000003 0 8.663219 2.329746 13.536878 35.723112 1.156777 -2.915284 8.118022 -1.994051 -2.268426 0 0.000003 0 25.57308 44.865063 59.697001 14.639059 -11.880026 23.659027 -37.416176 11.968345 -10.710529 -6.07677 7.97907 9.192813 0 0.000003 0 0 0.000003 0.000008 0 0.000003 -6.712621 0.000001 0.000003 -13.425249 0 0.000003 -20.137879 -0.001171 0.01479 -8.230221 -0.000679 0.011115 -6.172665 -0.00032 0.00742 -4.115109 -0.000094 0.003718 -2.057554 0 0.000003 0 22.780991 8.855835 0.039625 -0.013984 -0.000359 -1.035576 0 0.000003 0 -24.327858 0.62045 -1.342841 -89.999999 -90 0 0 0.000003 0 0 0.000003 0 90.000009 -63.648278 -90.000009 -5.682401 0.000003 0 -28.319916 0.000003 0 -16.252152 0.000003 0 0 0.000003 0 89.999996 -84.450021 179.999995 0 0.000003 0 -90.000003 -84.450021 0 0 0.000003 0 0 0.000003 0
0 0 0 179.999991 0.000003 179.999991 -0.005888 -0.04320900000000005 -0.00897 179.353719 -1.437998 174.275009 -83.698689 7.334861 -102.692939 5.1526 -0.403388 -12.352394 0 0.000003 0 2.875164 7.332463 2.710181 75.504886 -7.992029 9.334273 -0.15412 1.329519 -0.522786 10.482428 10.652789 -0.844736 0 0.000003 0 0 0.000003 0 0 0.000003 0 0 0.000003 0 -0.008467 -0.133418 7.262239 -0.004765 -0.100176 5.446675 -0.002119 -0.066845 3.631115 0.013449 -0.03395 2.412146 0 0.000003 0 81.342813 -6.630233 68.659029 7.443934 -0.808296 -8.38941 0 0.000003 0 2.481876 9.335457 -0.407014 75.690319 -9.031782 11.401314 -0.421239 2.455134 -0.80889 7.262093 11.725238 -2.061952 0 0.000003 0 0 0.000003 0 0 0.000003 0 0 0.000003 0 -0.026665 -0.235741 12.906436 -0.015027 -0.177466 9.679804 -0.006687 -0.118624 6.45319 -0.001673 -0.059406 3.226592 0 0.000003 0 90.256927 8.087015 90.769341 15.893729 -0.077322 -0.127378 -14.925592 -0.231725 1.612028 9.440974 -0.155289 -0.934991 91.776098 -69.049146 126.670383 65.798723 15.544536 40.172605 168.829613 82.348007 167.354483 4.454207 -3.370402 52.975746 -49.311609 -22.261633 -17.284584 5.567135 -15.315433 -24.893183 6.482098 -0.197178 -3.991583 1.285449 -9.153291 3.241536 11.104831 4.512053 7.178848 -0.034264 0.000003 0 3.938315 -7.56433 14.038309 21.401687 4.146481 0.965198 2.820024 2.048574 3.641365 0 0.000003 0 2.739809 -4.265498 -20.429014 16.625456 -7.152203 -7.158585 -9.293205 3.956485 -4.551612 0 0.000003 0 7.055412 8.448516 -1.604817 7.777859 -1.98259 -8.403421 -6.531028 -0.60828 -8.606577 -0.019782 0.000003 0 25.57308 44.865063 59.697001 13.365369 10.603045 22.106382 -0.472509 -12.780764 -30.032038 -6.07677 7.97907 9.192813 0 0.000003 0 0 0.000003 0.000008 0.000002 -0.000004 -16.237614 0.000002 0.000009 -32.475234 0 0.000009 -48.712855 -0.011526 0.046707 -26.907588 -0.006602 0.035622 -20.180689 -0.003009 0.024038 -13.453792 -0.000798 0.012106 -6.726895 0 -0.013986 0 -92.103667 -61.494972 112.404573 35.31065 -61.591729 10.760628 28.124692 0.193345 0.04826 1.640751 -5.337831 88.818988 0.519276 2.543456 0.211722 -2.31197 -14.287039 -22.877688 25.165057 -7.995137 -6.17725 19.426059 -9.291268 -6.913203 7.350874 -1.084003 0.386386 0 0.000003 0 28.109466 -7.56239 -10.084801 41.374998 -7.862317 -6.529557 17.267514 -4.547053 -0.677569 0 0.000003 0 26.619593 -5.164474 -4.649254 30.421318 -6.228071 -2.735201 3.65935 -2.100622 -4.332844 0 0.000003 0 8.663238 2.329732 13.536882 35.723098 1.15675 -2.915292 8.118009 -1.994058 -2.363141 0 0.000003 0 25.57308 44.865063 59.697001 14.639076 -11.880012 23.419698 -37.375577 12.11365 -10.753504 -6.07677 7.97907 9.192813 0 0.000003 0 0 0.000003 0.000008 0 0.000003 -6.69398 0.000001 0.000003 -13.387968 0 0.000003 -20.081957 -0.001061 0.014045 -7.812949 -0.000616 0.010555 -5.859711 -0.000291 0.007044 -3.906474 -0.000085 0.00352 -1.953236 0 0.000003 0 22.388086 8.814532 0.153025 -0.013985 -0.000291 -0.788255 0 0.000003 0 -24.350026 1.239361 -1.243246 -89.999999 -90 0 0 0.000003 0 0 0.000003 0 90.000009 -63.648278 -90.000009 -5.682401 0.000003 0 -28.319916 0.000003 0 -16.252152 0.000003 0 0 0.000003 0 89.999996 -84.450021 179.999995 0 0.000003 0 -90.000003 -84.450021 0 0 0.000003 0 0 0.000003 0
0 0 0 179.999991 0.000003 179.999991 -0.006297 -0.043267000000000055 -0.009783 179.292029 -1.408615 174.151382 -83.820034 7.71548 -102.613559 4.783851 -0.379496 -12.349884 0 0.000003 0 2.964668 7.297704 2.596675 75.504886 -7.992029 9.334273 -0.15412 1.329519 -0.522786 10.482446 10.652789 -0.844719 0 0.000003 0 0 0.000003 0 0 0.000003 0 0 0.000003 0 -0.008337 -0.132394 7.206208 -0.004692 -0.099411 5.404653 -0.002086 -0.066332 3.6031 0.013457 -0.033698 2.398138 0 0.000003 0 81.262428 -6.871523 68.556842 7.306124 -0.795291 -8.387481 0 0.000003 0 2.570252 9.638984 -0.325289 75.690319 -9.031782 11.401314 -0.421239 2.455134 -0.80889 7.231111 11.603606 -2.345747 0 0.000003 0 0 0.000003 0 0 0.000003 0 0 0.000003 0 -0.027033 -0.23734 12.99562 -0.015234 -0.178675 9.74669 -0.00678 -0.119437 6.497782 -0.001696 -0.059816 3.248887 0 0.000003 0 90.140704 8.087889 90.811702 15.911025 -0.072732 -0.213444 -14.897209 -0.283232 1.63057 9.525728 -0.475577 -0.843922 90.362235 -68.579451 128.854924 63.270085 12.110966 41.797397 166.740204 83.535531 165.280811 5.037104 -2.412325 41.459303 -44.869244 -12.731538 -14.768874 5.567135 -15.315433 -24.893183 6.482071 -0.197158 -3.850124 1.285369 -9.153298 3.241583 11.106974 4.544865 7.183049 -0.034264 0.000003 0 3.938288 -7.564336 14.038311 21.40166 4.146556 0.965216 2.820176 2.048608 3.641374 0 0.000003 0 2.739804 -4.265512 -20.429033 16.625456 -7.152155 -7.158576 -9.293185 3.956465 -4.551604 0 0.000003 0 7.055394 8.448503 -1.604854 7.77788 -1.98259 -8.403428 -6.530908 -0.608301 -8.606578 -0.019782 0.000003 0 25.57308 44.865063 59.697001 13.365333 10.603065 22.106414 -0.472495 -12.780743 -30.032048 -6.07677 7.97907 9.192813 0 0.000003 0 0 0.000003 0.000008 0.000002 0.000003 -19.315329 0.000002 0.000009 -38.630662 0 0.000009 -57.946 -0.014753 0.052493 -30.579665 -0.008461 0.040232 -22.934746 -0.003853 0.027234 -15.289829 -0.001017 0.013745 -7.644913 0 -0.013986 0 -92.562771 -61.407307 112.978753 34.808048 -60.960003 10.827902 29.194988 0.200038 0.051928 1.688904 -5.322832 88.300645 0.11763 2.72869 0.227872 -2.31197 -14.287039 -22.877688 25.165057 -7.99513 -6.317993 19.416169 -9.340698 -7.096867 7.319507 -1.127621 0.207239 0 0.000003 0 28.109447 -7.56241 -9.980599 41.382511 -7.793202 -6.509315 17.279339 -4.516931 -0.672367 0 0.000003 0 26.619597 -5.164481 -4.529161 30.426123 -6.167078 -2.721261 3.663526 -2.07854 -4.330055 0 0.000003 0 8.663222 2.329739 13.536879 35.723119 1.156729 -3.204581 8.12277 -2.058821 -2.512827 0 0.000003 0 25.57308 44.865063 59.697001 14.639071 -11.880026 23.371386 -37.367327 12.142993 -10.762124 -6.07677 7.97907 9.192813 0 0.000003 0 0 0.000003 0.000008 0 0.000003 -6.831666 0.000001 0.000003 -13.66334 0 0.000003 -20.495014 -0.001055 0.013998 -7.788674 -0.000613 0.010521 -5.841505 -0.00029 0.007017 -3.894336 -0.000085 0.003506 -1.947167 0 0.000003 0 22.067882 8.769494 0.403876 -0.013986 -0.000264 -0.66219 0 0.000003 0 -24.455588 1.615581 -1.217519 -89.999999 -90 0 0 0.000003 0 0 0.000003 0 90.000009 -63.648278 -90.000009 -5.682401 0.000003 0 -28.319916 0.000003 0 -16.252152 0.000003 0 0 0.000003 0 89.999996 -84.450021 179.999995 0 0.000003 0 -90.000003 -84.450021 0 0 0.000003 0 0 0.000003 0
0 0 0 179.999991 0.000003 179.999991 -0.006879 -0.04330500000000004 -0.010379 179.239737 -1.299639 174.010216 -83.92597 8.094692 -102.662859 4.467962 -0.359047 -12.347852 0 0.000003 0 3.036631 7.266579 2.536456 75.504886 -7.992029 9.334273 -0.15412 1.329519 -0.522786 10.482428 10.652789 -0.844722 0 0.000003 0 0 0.000003 0 0 0.000003 0 0 0.000003 0 -0.008441 -0.133214 7.251202 -0.004751 -0.100026 5.438397 -0.002112 -0.066742 3.625596 0.01345 -0.033903 2.409386 0 0.000003 0 81.211981 -7.14277 68.566391 7.108878 -0.776665 -8.38477 0 0.000003 0 2.648692 9.638021 -0.195517 75.690319 -9.031782 11.401314 -0.421239 2.455134 -0.80889 7.231111 11.603592 -2.345747 0 0.000003 0 0 0.000003 0 0 0.000003 0 0 0.000003 0 -0.027042 -0.237381 12.99788 -0.01524 -0.178709 9.748385 -0.006782 -0.119458 6.498911 -0.001697 -0.05983 3.249452 0 0.000003 0 90.080346 8.074413 90.826011 15.91668 -0.09338 -0.22057 -14.876048 -0.335934 1.594753 9.622712 -0.387071 -0.692871 89.405271 -68.279228 130.569055 60.400094 8.819143 45.47805 159.48433 85.771025 158.055099 5.410745 -1.380652 30.205689 -37.893347 -4.181753 -11.051141 5.567135 -15.315433 -24.893183 6.48213 -0.197171 -3.991577 1.285369 -9.153284 3.241591 11.104714 4.51221 7.178806 -0.034264 0.000003 0 3.938319 -7.564343 14.038291 21.401653 4.146617 0.965218 2.819982 2.048588 3.64137 0 0.000003 0 2.739816 -4.265505 -20.42908 16.62541 -7.152066 -7.158561 -9.293242 3.956485 -4.551605 0 0.000003 0 7.055419 8.448544 -1.604893 7.777884 -1.982597 -8.403439 -6.531014 -0.608246 -8.606592 -0.019782 0.000003 0 25.57308 44.865063 59.697001 13.365252 10.603134 22.106379 -0.472509 -12.780736 -30.032072 -6.07677 7.97907 9.192813 0 0.000003 0 0 0.000003 0.000008 0.000002 0.000003 -22.327192 0 0.000003 -44.654394 0.000003 0.000016 -66.981589 -0.02026 0.060743 -36.073671 -0.011649 0.046946 -27.05525 -0.00531 0.031968 -18.036829 -0.001394 0.01619 -9.018413 0 -0.013986 0 -93.01342 -61.224604 113.557304 34.548196 -60.730423 10.762043 30.128668 0.205851 0.055225 1.758692 -5.300238 87.546728 -0.182107 2.831942 0.235194 -2.31197 -14.287039 -22.877688 25.165057 -7.995157 -6.31798 19.416223 -9.340732 -7.042799 7.324658 -1.120326 0.382368 0 0.000003 0 28.109498 -7.56239 -10.09067 41.374578 -7.866272 -6.53072 17.266802 -4.548712 -0.677871 0 0.000003 0 26.619604 -5.164488 -4.66565 30.420648 -6.236459 -2.831236 3.655398 -2.121174 -4.414189 0 0.000003 0 8.663234 2.329719 13.536857 35.723112 1.156688 -3.115688 8.121308 -2.038911 -2.369889 0 0.000003 0 25.57308 44.865063 59.697001 14.639095 -11.880026 23.69247 -37.421777 11.947964 -10.704436 -6.07677 7.97907 9.192813 0 0.000003 0 0 0.000003 0.000008 0 -0.000004 -7.031938 0.000001 0.000003 -14.063884 0 -0.000004 -21.09583 -0.001032 0.013847 -7.701796 -0.0006 0.010398 -5.776346 -0.000284 0.006942 -3.850897 -0.000084 0.003479 -1.925447 0 0.000003 0 21.831335 8.695872 0.64004 -0.013986 -0.000257 -0.627543 0 0.000003 0 -24.659705 1.584442 -1.163566 -89.999999 -90 0 0 0.000003 0 0 0.000003 0 90.000009 -63.648278 -90.000009 -5.682401 0.000003 0 -28.319916 0.000003 0 -16.252152 0.000003 0 0 0.000003 0 89.999996 -84.450021 179.999995 0 0.000003 0 -90.000003 -84.450021 0 0 0.000003 0 0 0.000003 0
0 0 0 179.999991 0.000003 179.999991 -0.006973 -0.043545000000000056 -0.011587 179.198592 -1.203873 173.871399 -83.982244 8.381416 -102.809442 4.368731 -0.35262 -12.34724 0 0.000003 0 3.008659 7.277774 2.597451 75.504886 -7.992029 9.334273 -0.15412 1.329519 -0.522786 10.48243 10.652789 -0.844729 0 0.000003 0 0 0.000003 0 0 0.000003 0 0 0.000003 0 -0.008724 -0.13542 7.371603 -0.004909 -0.101679 5.528698 -0.002183 -0.067849 3.685796 0.013433 -0.034456 2.439486 0 0.000003 0 81.11935 -7.217745 68.668721 7.325932 -0.797169 -8.387753 0 0.000003 0 2.44862 9.810558 0.156703 75.690319 -9.031782 11.401314 -0.421239 2.455134 -0.80889 7.140297 11.677741 -2.129967 0 0.000003 0 0 0.000003 0 0 0.000003 0 0 0.000003 0 -0.026724 -0.236001 12.920863 -0.01506 -0.177664 9.690623 -0.006702 -0.118754 6.460404 -0.001677 -0.059475 3.230198 0 0.000003 0 90.036243 8.061272 90.771705 15.931782 -0.119253 -0.229525 -14.856109 -0.380863 1.629275 9.709146 -0.308169 -0.557957 89.338635 -68.151099 131.247484 58.049962 4.888232 50.149421 111.754339 88.408243 110.368631 5.572905 -0.346131 19.47605 -29.157012 -0.077513 -6.620904 5.567135 -15.315433 -24.893183 6.482139 -0.197158 -3.991578 1.285276 -9.153318 3.241592 11.104734 4.512312 7.178777 -0.034264 0.000003 0 3.938341 -7.564309 14.038281 21.401621 4.146706 0.965201 2.820062 2.048547 3.641358 0 0.000003 0 2.739814 -4.265464 -20.42913 16.625462 -7.152107 -7.158553 -9.293265 3.956492 -4.551625 0 0.000003 0 7.05544 8.448585 -1.604924 7.777828 -1.982549 -8.403451 -6.530959 -0.608246 -8.606618 -0.019782 0.000003 0 25.57308 44.865063 59.697001 13.36526 10.603229 22.106416 -0.472461 -12.780736 -30.03211 -6.07677 7.97907 9.192813 0 0.000003 0 0 0.000003 0.000008 0.000001 0.000003 -25.201335 0.000002 0.000009 -50.402677 0.000003 0.000009 -75.604033 -0.027391 0.069363 -42.278304 -0.015819 0.054227 -31.70872 -0.007225 0.037234 -21.139143 -0.001889 0.018949 -10.569569 0 -0.013986 0 -93.013373 -61.224577 113.55727 34.314905 -60.81983 10.798287 30.776286 0.209846 0.057563 1.817862 -5.280294 86.905025 -0.451247 2.777472 0.230601 -2.31197 -14.287039 -22.877688 25.165057 -7.995151 -6.317993 19.416141 -9.340739 -6.87076 7.341323 -1.097295 0.259424 0 0.000003 0 28.109512 -7.562397 -10.090667 41.374561 -7.866285 -6.766977 17.238675 -4.619733 -0.690136 0 0.000003 0 26.619621 -5.164481 -4.665641 30.420682 -6.236472 -2.850247 3.654719 -2.124726 -4.472458 0 0.000003 0 8.663243 2.329725 13.536875 35.723105 1.156695 -2.920375 8.117997 -1.995232 -2.479855 0 0.000003 0 25.57308 44.865063 59.697001 14.639107 -11.880032 23.373184 -37.367654 12.141866 -10.608103 -6.07677 7.97907 9.192813 0 0.000003 0 0 0.000003 0.000008 0 -0.000004 -7.202412 0 0.000003 -14.404833 0 0.000003 -21.607254 -0.001014 0.013724 -7.628217 -0.00059 0.010309 -5.721162 -0.000279 0.006874 -3.814107 -0.000082 0.003445 -1.907053 0 0.000003 0 21.806994 8.028022 0.435296 -0.013986 -0.00025 -0.604667 0 0.000003 0 -24.637971 1.855048 -1.23485 -89.999999 -90 0 0 0.000003 0 0 0.000003 0 90.000009 -63.648278 -90.000009 -5.682401 0.000003 0 -28.319916 0.000003 0 -16.252152 0.000003 0 0 0.000003 0 89.999996 -84.450021 179.999995 0 0.000003 0 -90.000003 -84.450021 0 0 0.000003 0 0 0.000003 0
0 0 0 179.999991 0.000003 179.999991 -0.007101 -0.04384900000000003 -0.012587 179.167159 -1.170146 173.782456 -84.003294 8.455763 -102.907441 4.540344 -0.363732 -12.348301 0 0.000003 0 2.872596 7.317737 2.672497 75.504886 -7.992029 9.334273 -0.15412 1.329519 -0.522786 10.482425 10.652789 -0.844727 0 0.000003 0 0 0.000003 0 0 0.000003 0 0 0.000003 0 -0.008909 -0.13684 7.449736 -0.005014 -0.102765 5.587297 -0.002229 -0.068566 3.724862 0.013421 -0.034825 2.459019 0 0.000003 0 80.98153 -7.195267 68.780982 7.739343 -0.836183 -8.393656 0 0.000003 0 2.183499 9.954047 0.123492 75.690319 -9.031782 11.401314 -0.421239 2.455134 -0.80889 7.140297 11.677748 -2.129967 0 0.000003 0 0 0.000003 0 0 0.000003 0 0 0.000003 0 -0.026363 -0.234416 12.832995 -0.014857 -0.176469 9.624722 -0.006612 -0.117948 6.41647 -0.001654 -0.059065 3.208232 0 0.000003 0 89.972982 8.058642 90.656971 15.965726 -0.156463 -0.139701 -14.835601 -0.420744 1.613877 9.743541 -0.655887 -0.45974 88.866225 -68.238736 132.222207 55.892544 0.415189 55.3967 23.073993 86.251064 21.740436 5.560305 0.510429 10.704761 -20.52228 -0.446671 -2.967332 5.567135 -15.315433 -24.893183 6.48214 -0.197165 -3.991576 1.28516 -9.153346 3.2416 11.104895 4.51236 7.178772 -0.034264 0.000003 0 3.938328 -7.564343 14.038272 21.401558 4.146699 0.965168 2.820144 2.048602 3.641355 0 0.000003 0 2.73982 -4.26541 -20.429171 16.625454 -7.152066 -7.15854 -9.293181 3.956465 -4.551633 0 0.000003 0 7.055412 8.448585 -1.604974 7.777768 -1.982467 -8.403454 -6.530898 -0.608274 -8.606628 -0.019782 0.000003 0 25.57308 44.865063 59.697001 13.365281 10.603332 22.106314 -0.472458 -12.780757 -30.03211 -6.07677 7.97907 9.192813 0 0.000003 0 0 0.000003 0.000008 0 0.000009 -27.551448 0 0.000003 -55.102903 -0.000003 0.000016 -82.654359 -0.035858 0.077552 -48.810465 -0.020837 0.061508 -36.60784 -0.009543 0.042657 -24.40522 -0.002493 0.021839 -12.202608 0 -0.013986 0 -93.578899 -61.133179 114.251313 34.071494 -60.132474 11.02236 30.970277 0.211014 0.05828 1.823725 -5.278272 86.841293 -0.588124 2.605289 0.218689 -2.31197 -14.287039 -22.877688 25.16503 -7.995137 -6.31798 19.416114 -9.340739 -6.87076 7.341323 -1.097295 0.259424 0 0.000003 0 28.109486 -7.562403 -10.090663 41.374561 -7.866285 -6.766981 17.238675 -4.619733 -0.690134 0 0.000003 0 26.61959 -5.164488 -4.665638 30.420689 -6.236466 -2.850248 3.654722 -2.124726 -4.47246 0 0.000003 0 8.663217 2.329725 13.536878 35.723119 1.156702 -2.920379 8.117985 -1.995239 -2.479854 0 0.000003 0 25.57308 44.865063 59.697001 14.639103 -11.880053 23.373198 -37.367654 12.141866 -10.608103 -6.07677 7.97907 9.192813 0 0.000003 0 0 0.000003 0.000008 0 0.000003 -7.219343 0 0.000003 -14.438695 0 0.000003 -21.658045 -0.001055 0.014004 -7.787939 -0.000613 0.010514 -5.840953 -0.00029 0.007024 -3.893969 -0.000085 0.003513 -1.946983 0 0.000003 0 21.419405 7.4139 0.553969 -0.013987 -0.000196 -0.391607 0 0.000003 0 -25.077589 1.92309 -0.983997 -89.999999 -90 0 0 0.000003 0 0 0.000003 0 90.000009 -63.648278 -90.000009 -5.682401 0.000003 0 -28.319916 0.000003 0 -16.252152 0.000003 0 0 0.000003 0 89.999996 -84.450021 179.999995 0 0.000003 0 -90.000003 -84.450021 0 0 0.000003 0 0 0.000003 0
0 0 0 179.999991 0.000003 179.999991 -0.006695 -0.04403800000000002 -0.013433 179.142584 -1.243495 173.789464 -84.001642 8.429317 -102.835 4.64191 -0.37033 -12.34895 0 0.000003 0 2.796828 7.361444 2.677421 75.504886 -7.992029 9.334273 -0.15412 1.329519 -0.522786 10.482427 10.652789 -0.844727 0 0.000003 0 0 0.000003 0 0 0.000003 0 0 0.000003 0 -0.008772 -0.135788 7.392129 -0.004937 -0.101972 5.544092 -0.002195 -0.06804 3.69606 0.01343 -0.034558 2.444618 0 0.000003 0 80.931287 -7.070063 68.83785 8.142496 -0.874207 -8.399676 0 0.000003 0 1.899192 10.030764 -0.000132 75.690319 -9.031782 11.401314 -0.421239 2.455134 -0.80889 7.140297 11.677755 -2.12994 0 0.000003 0 0 0.000003 0 0 0.000003 0 0 0.000003 0 -0.026164 -0.233542 12.784133 -0.014744 -0.175793 9.588077 -0.006561 -0.117504 6.39204 -0.001642 -0.058846 3.196017 0 0.000003 0 89.914277 8.051272 90.580357 15.981485 -0.187787 -0.131132 -14.818304 -0.465113 1.62814 9.694349 -0.56536 -0.471981 88.683887 -68.001678 132.985358 53.620359 -3.921626 61.509528 11.456299 82.666745 10.171081 5.511969 0.892954 6.759414 -14.345352 -2.280659 -1.295313 5.567135 -15.315433 -24.893183 6.482152 -0.197158 -3.991556 1.285018 -9.153346 3.241615 11.10474 4.512353 7.178764 -0.034264 0.000003 0 3.938353 -7.564289 14.038273 21.401537 4.146713 0.965163 2.820078 2.048588 3.641361 0 0.000003 0 2.739843 -4.265396 -20.429195 16.625404 -7.152087 -7.158508 -9.293269 3.956506 -4.551628 0 0.000003 0 7.055411 8.448619 -1.604984 7.777857 -1.982487 -8.40343 -6.530964 -0.608253 -8.606643 -0.019782 0.000003 0 25.57308 44.865063 59.697001 13.365268 10.603468 22.106298 -0.472468 -12.780777 -30.032106 -6.07677 7.97907 9.192813 0 0.000003 0 0 0.000003 0.000008 0 0.000009 -28.608394 0 0.000009 -57.216795 -0.000003 0.000016 -85.825193 -0.045952 0.08523 -55.843914 -0.026909 0.068837 -41.882918 -0.012382 0.048326 -27.92194 -0.003232 0.024919 -13.960966 0 -0.013986 0 -93.578906 -61.133179 114.251334 33.915714 -60.182355 11.454237 30.963221 0.21098 0.058246 1.843512 -5.271421 86.626073 -0.791336 2.689185 0.223661 -2.31197 -14.287039 -22.877688 25.165084 -7.995164 -6.31798 19.416114 -9.340739 -6.87076 7.341323 -1.097295 0.259424 0 0.000003 0 28.109543 -7.56239 -10.09066 41.374561 -7.866285 -6.766981 17.238673 -4.619719 -0.690135 0 0.000003 0 26.619645 -5.164481 -4.665635 30.420686 -6.236472 -2.850252 3.654722 -2.124726 -4.472456 0 0.000003 0 8.663272 2.329719 13.536878 35.723119 1.156695 -2.920375 8.117991 -1.995232 -2.479854 0 0.000003 0 25.57308 44.865063 59.697001 14.639127 -11.880012 23.373177 -37.367654 12.141866 -10.608103 -6.07677 7.97907 9.192813 0 0.000003 0 0 0.000003 0.000008 0 0.000003 -7.276522 0 0.000003 -14.553052 0 0.000003 -21.829582 -0.001104 0.014332 -7.97506 -0.00064 0.010767 -5.981295 -0.000302 0.007188 -3.987529 -0.000089 0.003602 -1.993764 0 0.000003 0 21.033766 6.798069 0.556915 -0.013987 -0.000182 -0.34288 0 0.000003 0 -25.25124 1.912626 -0.918248 -89.999999 -90 0 0 0.000003 0 0 0.000003 0 90.000009 -63.648278 -90.000009 -5.682401 0.000003 0 -28.319916 0.000003 0 -16.252152 0.000003 0 0 0.000003 0 89.999996 -84.450021 179.999995 0 0.000003 0 -90.000003 -84.450021 0 0 0.000003 0 0 0.000003 0
0 0 0 179.999991 0.000003 179.999991 -0.006049 -0.04416299999999995 -0.014328 179.160739 -1.476773 173.882997 -83.932179 8.223325 -102.575002 4.863415 -0.384653 -12.350415 0 0.000003 0 2.679293 7.428229 2.654473 75.504886 -7.992029 9.334273 -0.15412 1.329519 -0.522786 10.482435 10.652796 -0.844726 0 0.000003 0 0 0.000003 0 0 0.000003 0 0 0.000003 0 -0.008288 -0.132011 7.184938 -0.004664 -0.099117 5.388699 -0.002074 -0.066127 3.592464 0.01346 -0.033595 2.392821 0 0.000003 0 80.98222 -6.98306 68.877076 8.359247 -0.894595 -8.403025 0 0.000003 0 1.660276 10.093437 -0.295018 75.690319 -9.031782 11.401314 -0.421239 2.455134 -0.80889 7.14027 11.677755 -2.129954 0 0.000003 0 0 0.000003 0 0 0.000003 0 0 0.000003 0 -0.026025 -0.232934 12.74986 -0.014665 -0.175335 9.562372 -0.006526 -0.11719 6.374904 -0.001633 -0.058689 3.187449 0 0.000003 0 89.886218 8.033227 90.531111 15.980047 -0.209479 -0.161251 -14.797093 -0.502686 1.602646 9.569402 -0.770866 -0.587982 87.603993 -67.879539 134.821162 51.180527 -8.883137 67.719707 7.822582 79.407229 6.580278 5.487324 1.034039 5.293915 -9.668235 -3.669885 -0.659382 5.567135 -15.315433 -24.893183 6.482153 -0.197158 -3.991565 1.284925 -9.153366 3.241628 11.104859 4.512346 7.178779 -0.034264 0.000003 0 3.938334 -7.564323 14.038293 21.401626 4.146692 0.965165 2.820193 2.048588 3.64137 0 0.000003 0 2.739828 -4.26543 -20.429188 16.625379 -7.152005 -7.158496 -9.293165 3.956492 -4.55163 0 0.000003 0 7.055382 8.448585 -1.604993 7.777874 -1.982487 -8.403423 -6.530842 -0.60826 -8.606632 -0.019782 0.000003 0 25.57308 44.865063 59.697001 13.365337 10.60353 22.106273 -0.472492 -12.780798 -30.032058 -6.07677 7.97907 9.192813 0 0.000003 0 0 0.000003 0.000008 0.000002 0.000009 -29.000949 0 0.000009 -58.001898 -0.000003 0.000016 -87.002854 -0.056407 0.09137 -62.564273 -0.033316 0.075285 -46.923188 -0.015416 0.053579 -31.282113 -0.004028 0.027849 -15.641053 0 -0.013986 0 -94.360839 -61.187366 115.136294 33.178491 -59.536957 12.198047 31.00479 0.211233 0.05841 1.825539 -5.277651 86.821594 -0.746311 2.351281 0.201265 -2.31197 -14.287039 -22.877688 25.165026 -7.995151 -6.512322 19.402353 -9.408972 -6.932147 7.316483 -1.131685 0.665833 0 0.000003 0 28.10947 -7.56241 -10.228372 41.364356 -7.957653 -6.322829 17.278934 -4.517908 -0.513988 0 0.000003 0 26.619614 -5.164495 -4.809464 30.414679 -6.309549 -2.527033 3.661696 -2.087891 -4.437386 0 0.000003 0 8.663207 2.329719 13.229602 35.74432 0.979793 -2.968436 8.12294 -2.061943 -2.373345 0 0.000003 0 25.57308 44.865063 59.697001 14.63909 -11.880019 23.344948 -37.362791 12.158996 -10.76681 -6.07677 7.97907 9.192813 0 0.000003 0 0 0.000003 0.000008 0 0.000003 -7.224578 0 0.000003 -14.449164 0 0.000003 -21.673749 -0.001182 0.014858 -8.267738 -0.000685 0.011163 -6.200803 -0.000323 0.007454 -4.133868 -0.000094 0.003725 -2.066933 0 0.000003 0 20.534296 6.034782 0.635981 -0.013987 -0.000175 -0.291984 0 0.000003 0 -25.502933 1.856858 -0.83367 -89.999999 -90 0 0 0.000003 0 0 0.000003 0 90.000009 -63.648278 -90.000009 -5.682401 0.000003 0 -28.319916 0.000003 0 -16.252152 0.000003 0 0 0.000003 0 89.999996 -84.450021 179.999995 0 0.000003 0 -90.000003 -84.450021 0 0 0.000003 0 0 0.000003 0
0 0 0 179.999991 0.000003 179.999991 -0.005332 -0.044235000000000024 -0.015019 179.187581 -1.835303 174.056525 -83.839199 7.848901 -102.207955 5.182366 -0.405308 -12.352599 0 0.000003 0 2.542276 7.500903 2.643511 75.504886 -7.992029 9.334273 -0.15412 1.329519 -0.522786 10.482435 10.652809 -0.844729 0 0.000003 0 0 0.000003 0 0 0.000003 0 0 0.000003 0 -0.00762 -0.126602 6.889257 -0.004289 -0.095053 5.166939 -0.001907 -0.063409 3.444624 0.013503 -0.032215 2.318901 0 0.000003 0 81.058165 -6.843205 68.850349 8.543228 -0.911923 -8.405933 0 0.000003 0 1.430157 10.152969 -0.665101 75.690319 -9.031782 11.401314 -0.421239 2.455134 -0.80889 7.140297 11.677755 -2.129954 0 0.000003 0 0 0.000003 0 0 0.000003 0 0 0.000003 0 -0.026087 -0.233207 12.765246 -0.014701 -0.17554 9.57391 -0.006542 -0.117326 6.382596 -0.001637 -0.058758 3.191295 0 0.000003 0 89.87292 8.013898 90.509931 15.974353 -0.208496 -0.260423 -14.770976 -0.514099 1.616053 9.874218 -0.727583 -0.771638 86.165186 -67.652535 137.009924 48.922719 -13.999788 73.333938 5.764588 75.842976 4.56912 5.475936 1.092922 4.680315 -5.482672 -4.433794 -0.468497 5.567135 -15.315433 -24.893183 6.482173 -0.197144 -3.991592 1.284853 -9.153366 3.241639 11.104845 4.512278 7.178784 -0.034264 0.000003 0 3.93835 -7.564295 14.0383 21.401706 4.146645 0.965155 2.82011 2.048574 3.641374 0 0.000003 0 2.739847 -4.26541 -20.429161 16.625406 -7.152012 -7.15849 -9.293199 3.956499 -4.551647 0 0.000003 0 7.055414 8.448619 -1.60498 7.777871 -1.982521 -8.403411 -6.53097 -0.608226 -8.60664 -0.019782 0.000003 0 25.57308 44.865063 59.697001 13.365441 10.603537 22.106266 -0.47249 -12.780811 -30.032055 -6.07677 7.97907 9.192813 0 0.000003 0 0 0.000003 0.000008 0.000002 0.000009 -29.165297 0 0.000009 -58.330601 -0.000007 0.000016 -87.495905 -0.06529 0.095379 -67.970525 -0.038867 0.080052 -50.977872 -0.018071 0.05767 -33.985232 -0.004731 0.030185 -16.992612 0 -0.013986 0 -94.738931 -61.26021 115.696779 33.632534 -59.235237 11.721304 31.045822 0.211499 0.058542 1.836617 -5.273812 86.701076 -0.600089 2.246213 0.193673 -2.31197 -14.287039 -22.877688 25.104106 -8.061328 -6.374771 19.400917 -9.415973 -6.774162 7.329831 -1.113243 0.383152 0 0.000003 0 28.094771 -7.658279 -10.060172 41.096125 -7.625542 -6.517332 17.241491 -4.662783 -0.711255 0 0.000003 0 26.610817 -5.256573 -4.637056 30.415707 -6.297159 -2.750966 3.654484 -2.125621 -4.336004 0 0.000003 0 8.674654 2.287528 13.337464 35.74839 0.944686 -2.779013 8.120685 -2.03064 -2.342901 0 0.000003 0 25.57308 44.865063 59.697001 14.263102 -11.874664 23.45098 -37.318368 12.315298 -10.557178 -6.07677 7.97907 9.192813 0 0.000003 0 0 0.000003 0.000008 0 0.000003 -7.256596 0 0.000003 -14.513203 0 0.000003 -21.769806 -0.001163 0.014735 -8.197266 -0.000674 0.011061 -6.147948 -0.000318 0.007386 -4.098632 -0.000093 0.003698 -2.049315 0 0.000003 0 19.999241 5.107399 0.696267 -0.013987 -0.000161 -0.232552 0 0.000003 0 -25.779081 1.75741 -0.720605 -89.999999 -90 0 0 0.000003 0 0 0.000003 0 90.000009 -63.648278 -90.000009 -5.682401 0.000003 0 -28.319916 0.000003 0 -16.252152 0.000003 0 0 0.000003 0 89.999996 -84.450021 179.999995 0 0.000003 0 -90.000003 -84.450021 0 0 0.000003 0 0 0.000003 0
0 0 0 179.999991 0.000003 179.999991 -0.004432 -0.04414600000000002 -0.015343 179.201788 -2.255463 174.268288 -83.768213 7.498293 -101.783957 5.294654 -0.412575 -12.353402 0 0.000003 0 2.56769 7.616237 2.902009 75.504886 -7.992029 9.334273 -0.15412 1.329519 -0.522786 10.344717 10.577964 -0.930524 0 0.000003 0 0 0.000003 0 0 0.000003 0 0 0.000003 0 -0.006884 -0.120345 6.547438 -0.003874 -0.09034 4.910575 -0.001722 -0.060274 3.273715 0.01355 -0.030624 2.233447 0 0.000003 0 81.149245 -6.727338 68.719148 8.576125 -0.91499 -8.406453 0 0.000003 0 1.293285 10.173597 -1.00174 75.690319 -9.031782 11.401314 -0.421239 2.455134 -0.80889 7.140297 11.677741 -2.129967 0 0.000003 0 0 0.000003 0 0 0.000003 0 0 0.000003 0 -0.026488 -0.23497 12.863523 -0.014927 -0.176886 9.647618 -0.006643 -0.118228 6.431734 -0.001662 -0.059208 3.215864 0 0.000003 0 89.878972 7.988257 90.499303 15.981162 -0.222546 -0.265315 -14.728425 -0.501163 1.502301 9.951406 -0.749194 -0.799565 84.577952 -67.354656 139.290251 46.752413 -19.66584 78.38198 4.233338 71.169488 3.099688 5.473349 1.105831 4.545524 -2.106643 -4.607233 -0.505305 5.567135 -15.315433 -24.893183 6.482145 -0.197151 -3.991608 1.284819 -9.153387 3.241617 11.104837 4.51221 7.178801 -0.034264 0.000003 0 3.938319 -7.56435 14.038281 21.401756 4.146556 0.965147 2.820116 2.048629 3.641369 0 0.000003 0 2.739827 -4.265416 -20.429171 16.625428 -7.1521 -7.158507 -9.293144 3.956519 -4.551673 0 0.000003 0 7.055375 8.448571 -1.605003 7.777867 -1.982515 -8.403396 -6.530988 -0.608219 -8.606634 -0.019782 0.000003 0 25.57308 44.865063 59.697001 13.365479 10.603584 22.106235 -0.472475 -12.780818 -30.032031 -6.07677 7.97907 9.192813 0 0.000003 0 0 0.000003 0.000008 0.000002 0.000009 -29.201395 0 0.000009 -58.402803 -0.000003 0.000016 -87.604211 -0.071939 0.097749 -71.883042 -0.043087 0.083249 -53.912261 -0.020118 0.060538 -35.94149 -0.005271 0.031865 -17.970738 0 -0.013986 0 -95.464871 -61.21856 116.23911 33.150627 -58.928851 12.283524 31.060702 0.211588 0.058603 1.829043 -5.276442 86.783441 -0.390533 2.134239 0.184912 -2.31197 -14.287039 -22.877688 25.05699 -8.112268 -6.187049 19.405705 -9.392778 -6.929555 7.321211 -1.125141 0.381853 0 0.000003 0 28.083242 -7.732202 -10.190465 41.347609 -8.104427 -6.600285 17.225741 -4.65219 -0.695732 0 0.000003 0 26.603877 -5.327579 -4.411687 30.420314 -6.240666 -2.536817 3.4002 -1.757904 -4.313331 0 0.000003 0 8.683397 2.254996 13.466801 35.748486 0.944222 -2.979149 8.123894 -2.075583 -2.375398 0 0.000003 0 25.57308 44.865063 59.697001 14.63909 -11.880046 23.686376 -37.420766 11.951666 -10.284202 -6.07677 7.97907 9.192813 0 0.000003 0 0 0.000003 0.000008 0 0.000003 -7.234713 0 0.000003 -14.469436 0 0.000003 -21.704159 -0.001223 0.015131 -8.417618 -0.000709 0.011368 -6.313213 -0.000334 0.007591 -4.208808 -0.000097 0.003793 -2.104403 0 0.000003 0 19.481959 4.01222 0.728875 -0.013987 -0.000148 -0.161064 0 0.000003 0 -26.13522 1.588281 -0.564622 -89.999999 -90 0 0 0.000003 0 0 0.000003 0 90.000009 -63.648278 -90.000009 -5.682401 0.000003 0 -28.319916 0.000003 0 -16.252152 0.000003 0 0 0.000003 0 89.999996 -84.450021 179.999995 0 0.000003 0 -90.000003 -84.450021 0 0 0.000003 0 0 0.000003 0
0 0 0 179.999991 0.000003 179.999991 -0.003735 -0.044103 -0.015476 179.175997 -2.680936 174.489668 -83.744512 7.102293 -101.368586 5.44845 -0.42252 -12.354523 0 0.000003 0 2.554962 7.643831 2.892859 75.504886 -7.992029 9.334273 -0.15412 1.329519 -0.522786 10.344739 10.577964 -0.93053 0 0.000003 0 0 0.000003 0 0 0.000003 0 0 0.000003 0 -0.00619 -0.114137 6.208574 -0.003484 -0.085682 4.656427 -0.001549 -0.057159 3.104283 0.013594 -0.029039 2.148732 0 0.000003 0 81.169565 -6.438216 68.486778 8.818355 -0.937776 -8.410377 0 0.000003 0 1.124614 10.17193 -1.238046 75.690319 -9.031782 11.401314 -0.421239 2.455134 -0.80889 7.140297 11.677761 -2.129954 0 0.000003 0 0 0.000003 0 0 0.000003 0 0 0.000003 0 -0.027197 -0.23805 13.035166 -0.015327 -0.179222 9.77635 -0.006821 -0.119799 6.517555 -0.001707 -0.060001 3.258774 0 0.000003 0 89.903198 7.953123 90.502889 15.994821 -0.230004 -0.267926 -14.663714 -0.443857 1.488903 10.069026 -0.853348 -0.909487 82.871559 -67.014315 141.618744 44.912049 -25.311142 82.461571 3.071021 65.030514 2.019732 5.474319 1.101015 4.59584 -0.27041 -4.287942 -0.540238 5.567135 -15.315433 -24.893183 6.482154 -0.197089 -3.991621 1.284808 -9.153373 3.241614 11.104927 4.51208 7.178832 -0.034264 0.000003 0 3.938273 -7.564316 14.038259 21.401872 4.146508 0.965146 2.820053 2.048608 3.641371 0 0.000003 0 2.739798 -4.26541 -20.429164 16.625416 -7.152087 -7.158508 -9.293117 3.956526 -4.551648 0 0.000003 0 7.055354 8.448639 -1.604998 7.777887 -1.982535 -8.403401 -6.530965 -0.608233 -8.60663 -0.019782 0.000003 0 25.57308 44.865063 59.697001 13.365531 10.603564 22.106254 -0.472487 -12.780798 -30.031993 -6.07677 7.97907 9.192813 0 0.000003 0 0 0.000003 0.000008 0.000002 0.000009 -29.187919 0 0.000009 -58.375851 -0.000003 0.000016 -87.563776 -0.075385 0.098788 -73.876726 -0.045298 0.084786 -55.407522 -0.021194 0.06198 -36.938332 -0.005559 0.032712 -18.469159 0 -0.013986 0 -95.937124 -61.249118 116.845808 33.256294 -58.488171 12.153235 31.015042 0.211301 0.058422 1.777564 -5.293961 87.342301 -0.213993 1.993783 0.17361 -2.31197 -14.287039 -22.877688 25.165057 -7.995178 -6.346707 19.414092 -9.3508 -6.697943 7.355163 -1.077993 0.452724 0 0.000003 0 28.109509 -7.562417 -10.27988 41.19688 -7.629776 -6.545585 17.196979 -4.760434 -0.72107 0 0.000003 0 26.619621 -5.164502 -4.511504 30.426823 -6.15811 -2.719219 3.664102 -2.075303 -4.329651 0 0.000003 0 8.66321 2.329719 13.536891 35.723119 1.156743 -2.944816 8.11847 -2.000703 -2.315597 0 0.000003 0 25.57308 44.865063 59.697001 14.639086 -11.880032 23.643181 -37.413499 11.977887 -10.713343 -6.07677 7.97907 9.192813 0 0.000003 0 0 0.000003 0.000008 0 0.000003 -7.086244 0.000001 0.000003 -14.172498 0 0.000003 -21.258752 -0.001233 0.015186 -8.454505 -0.000715 0.011416 -6.340879 -0.000336 0.007618 -4.227252 -0.000098 0.003814 -2.113625 0 0.000003 0 19.053834 2.799752 0.716979 -0.013988 -0.00012 -0.070242 0 0.000003 0 -26.571271 1.401004 -0.375006 -89.999999 -90 0 0 0.000003 0 0 0.000003 0 90.000009 -63.648278 -90.000009 -5.682401 0.000003 0 -28.319916 0.000003 0 -16.252152 0.000003 0 0 0.000003 0 89.999996 -84.450021 179.999995 0 0.000003 0 -90.000003 -84.450021 0 0 0.000003 0 0 0.000003 0
0 0 0 179.999991 0.000003 179.999991 -0.003501 -0.043964 -0.015513 179.120932 -3.03952 174.693713 -83.795158 6.829611 -101.027753 5.395468 -0.419091 -12.35414 0 0.000003 0 2.635278 7.614994 2.880139 75.504886 -7.992029 9.334273 -0.15412 1.329519 -0.522786 10.06197 10.516001 -0.937875 0 0.000003 0 0 0.000003 0 0 0.000003 0 0 0.000003 0 -0.005646 -0.109035 5.929429 -0.003178 -0.081837 4.44707 -0.001412 -0.054584 2.964712 0.013628 -0.027728 2.078946 0 0.000003 0 81.099269 -6.349758 68.220961 8.863096 -0.942004 -8.411098 0 0.000003 0 1.24931 10.30126 -1.074994 75.690319 -9.031782 11.401314 -0.421239 2.455134 -0.80889 6.864713 11.565856 -2.20066 0 0.000003 0 0 0.000003 0 0 0.000003 0 0 0.000003 0 -0.028058 -0.241738 13.24065 -0.015813 -0.182015 9.930462 -0.007038 -0.121677 6.620295 -0.001761 -0.060936 3.310144 0 0.000003 0 89.94461 7.895995 90.496653 16.012089 -0.228208 -0.267361 -14.58466 -0.358097 1.377146 10.199827 -0.43004 -0.899799 81.367531 -66.736434 143.621438 43.215563 -30.469745 85.228398 2.204796 57.370375 1.258995 5.472495 1.110065 4.501344 0.310321 -3.78216 -0.494794 5.567135 -15.315433 -24.893183 6.482171 -0.197124 -3.991606 1.281996 -9.133784 3.24204 11.104165 4.499622 7.177272 -0.034264 0.000003 0 3.938318 -7.564316 14.038311 21.401882 4.146405 0.965142 2.820095 2.048656 3.641379 0 0.000003 0 2.739842 -4.265416 -20.429075 16.625445 -7.1521 -7.158527 -9.293106 3.956519 -4.551636 0 0.000003 0 7.055404 8.448619 -1.604925 7.777875 -1.982535 -8.403416 -6.531001 -0.60824 -8.606621 -0.019782 0.000003 0 25.57308 44.865063 59.697001 13.365644 10.603632 22.106247 -0.472497 -12.780873 -30.031987 -6.07677 7.97907 9.192813 0 0.000003 0 0 0.000003 0.000008 0.000002 0.000009 -29.213231 0 0.000009 -58.42647 -0.000007 0.000016 -87.639708 -0.07546 0.098808 -73.918739 -0.045344 0.08482 -55.439034 -0.021218 0.062014 -36.959339 -0.005565 0.032733 -18.479662 0 -0.013986 0 -96.668965 -61.079022 117.278296 32.979568 -58.662484 12.60745 30.918846 0.210741 0.05806 1.759505 -5.299965 87.537986 -0.073575 1.834762 0.160117 -2.31197 -14.287039 -22.877688 25.167871 -7.992077 -5.996223 19.439064 -9.225199 -6.902507 7.609469 -0.757991 0.386182 0 0.000003 0 28.110166 -7.557964 -9.886047 41.3897 -7.725959 -6.489612 17.019341 -4.311671 -0.646904 0 0.000003 0 26.62002 -5.160226 -4.66351 30.3475 -5.900905 -2.728467 3.635499 -2.125074 -4.347785 0 0.000003 0 8.662674 2.331672 13.712788 35.710025 1.262461 -2.883523 7.981207 -1.600413 -2.353273 0 0.000003 0 25.57308 44.865063 59.697001 14.639093 -11.880053 23.373218 -37.367654 12.141839 -10.761796 -6.07677 7.97907 9.192813 0 0.000003 0 0 0.000003 0.000008 0 0.000003 -7.03426 0.000001 -0.000004 -14.068529 0 0.000003 -21.102797 -0.001274 0.015452 -8.599666 -0.000738 0.011607 -6.449749 -0.000347 0.007755 -4.299832 -0.000101 0.003875 -2.149915 0 0.000003 0 18.770931 1.545456 0.715185 -0.013988 -0.000086 0.053183 0 0.000003 0 -27.153043 1.180341 -0.127415 -89.999999 -90 0 0 0.000003 0 0 0.000003 0 90.000009 -63.648278 -90.000009 -5.682401 0.000003 0 -28.319916 0.000003 0 -16.252152 0.000003 0 0 0.000003 0 89.999996 -84.450021 179.999995 0 0.000003 0 -90.000003 -84.450021 0 0 0.000003 0 0 0.000003 0
0 0 0 179.999991 0.000003 179.999991 -0.003678 -0.04392499999999999 -0.015283 179.059242 -3.272505 174.882445 -83.870331 6.484311 -100.783532 5.558353 -0.429623 -12.355343 0 0.000003 0 2.59289 7.596751 2.836451 75.504886 -7.992029 9.334273 -0.15412 1.329519 -0.522786 10.061968 10.515994 -0.937869 0 0.000003 0 0 0.000003 0 0 0.000003 0 0 0.000003 0 -0.005261 -0.105258 5.723389 -0.002961 -0.078995 4.29254 -0.001316 -0.052692 2.861692 0.013653 -0.026772 2.027437 0 0.000003 0 80.983729 -6.072992 68.016793 9.123135 -0.966449 -8.415449 0 0.000003 0 1.132101 10.357663 -1.1136 75.690319 -9.031782 11.401314 -0.421239 2.455134 -0.80889 6.864713 11.565862 -2.20066 0 0.000003 0 0 0.000003 0 0 0.000003 0 0 0.000003 0 -0.028691 -0.244416 13.390115 -0.016171 -0.184044 10.042559 -0.007197 -0.123043 6.695027 -0.001801 -0.061626 3.34751 0 0.000003 0 89.998063 7.814845 90.48332 16.032148 -0.215319 -0.262969 -14.515679 -0.234847 1.353125 10.312414 -0.193107 -0.915478 80.067671 -66.510409 145.267281 42.267806 -35.309958 86.530669 1.593905 48.959625 0.768798 5.46784 1.132837 4.26349 0.256575 -3.585881 -0.460086 5.567135 -15.315433 -24.893183 6.482155 -0.197124 -3.99161 1.284715 -9.153387 3.241589 11.104965 4.511903 7.178904 -0.034264 0.000003 0 3.93829 -7.56433 14.038281 21.40194 4.146317 0.965158 2.820146 2.048684 3.641392 0 0.000003 0 2.739859 -4.265416 -20.429098 16.625408 -7.152128 -7.158545 -9.293109 3.956519 -4.551621 0 0.000003 0 7.055416 8.448605 -1.604941 7.777895 -1.982583 -8.403421 -6.530959 -0.608219 -8.606624 -0.019782 0.000003 0 25.57308 44.865063 59.697001 13.36568 10.603564 22.106235 -0.472495 -12.780873 -30.031956 -6.07677 7.97907 9.192813 0 0.000003 0 0 0.000003 0.000008 0.000002 0.000009 -29.276937 0 0.000009 -58.55388 -0.000003 0.000016 -87.830823 -0.072035 0.097783 -71.936754 -0.043145 0.08329 -53.952545 -0.020146 0.060579 -35.968346 -0.00528 0.031886 -17.984168 0 -0.013986 0 -96.676745 -61.053061 117.469008 33.396449 -58.871676 11.970822 30.779899 0.209887 0.057551 1.725716 -5.311043 87.90338 -0.01433 1.74946 0.15285 -2.31197 -14.287039 -22.877688 25.252374 -7.899678 -6.294156 19.600119 -9.041174 -6.933161 7.59815 -0.864652 0.373966 0 0.000003 0 28.130257 -7.424434 -10.009174 41.407516 -7.728937 -6.475586 16.967795 -4.515763 -0.630718 0 0.000003 0 26.631869 -5.031989 -4.272121 30.443615 -5.928308 -2.483499 3.629951 -1.678093 -4.319394 0 0.000003 0 8.646529 2.390323 13.88197 35.689384 1.800406 -2.496846 7.981216 -1.600413 -2.353278 0 0.000003 0 25.57308 44.865063 59.697001 14.639076 -11.880012 23.627609 -37.410849 11.987326 -10.834237 -6.07677 7.97907 9.192813 0 0.000003 0 0 0.000003 0.000008 0 0.000003 -6.937194 0.000001 0.000003 -13.874396 0 0.000003 -20.811597 -0.001198 0.014967 -8.326775 -0.000695 0.011245 -6.245081 -0.000327 0.007509 -4.163386 -0.000095 0.003752 -2.081692 0 0.000003 0 18.669786 0.411303 0.721718 -0.013988 -0.000059 0.164188 0 0.000003 0 -27.854218 0.919865 0.12173 -89.999999 -90 0 0 0.000003 0 0 0.000003 0 90.000009 -63.648278 -90.000009 -5.682401 0.000003 0 -28.319916 0.000003 0 -16.252152 0.000003 0 0 0.000003 0 89.999996 -84.450021 179.999995 0 0.000003 0 -90.000003 -84.450021 0 0 0.000003 0 0 0.000003 0
0 0 0 179.999991 0.000003 179.999991 -0.004142 -0.043762999999999996 -0.014679 179.010324 -3.357117 175.065535 -83.968023 6.225392 -100.665063 5.588162 -0.431563 -12.355561 0 0.000003 0 2.56302 7.315361 3.130604 75.504886 -7.992029 9.334273 -0.15412 1.329519 -0.522786 9.906067 10.513733 -0.715364 0 0.000003 0 0 0.000003 0 0 0.000003 0 0 0.000003 0 -0.005071 -0.103338 5.618859 -0.002854 -0.077561 4.214142 -0.001268 -0.051729 2.809428 0.013665 -0.026287 2.001304 0 0.000003 0 80.894916 -5.834926 67.948689 9.179814 -0.971749 -8.416396 0 0.000003 0 1.15727 10.378058 -1.145064 75.690319 -9.031782 11.401314 -0.421239 2.455134 -0.80889 6.864685 11.565856 -2.200673 0 0.000003 0 0 0.000003 0 0 0.000003 0 0 0.000003 0 -0.028878 -0.245201 13.433657 -0.016276 -0.184638 10.075215 -0.007244 -0.123446 6.716797 -0.001813 -0.061824 3.358395 0 0.000003 0 90.062294 7.745949 90.454538 16.053963 -0.179078 -0.356476 -14.454603 -0.08209 1.406182 10.40686 0.087757 -0.93521 79.020617 -66.346237 146.597542 41.536996 -39.241675 87.327677 1.187749 41.151175 0.480736 5.463524 1.153546 4.04717 0.365554 -4.101574 -0.550254 5.567135 -15.315433 -24.893183 6.482136 -0.19713 -3.991574 1.284731 -9.153359 3.24158 11.104926 4.511786 7.178932 -0.034264 0.000003 0 3.938291 -7.56433 14.038294 21.401996 4.14618 0.965154 2.820074 2.04869 3.641385 0 0.000003 0 2.739882 -4.26541 -20.429038 16.625357 -7.152189 -7.158568 -9.293084 3.956499 -4.5516 0 0.000003 0 7.055428 8.448605 -1.604889 7.777845 -1.98259 -8.403418 -6.530985 -0.608212 -8.606596 -0.019782 0.000003 0 25.57308 44.865063 59.697001 13.365727 10.60353 22.106235 -0.472502 -12.780887 -30.031935 -6.07677 7.97907 9.192813 0 0.000003 0 0 0.000003 0.000008 0.000002 0.000009 -29.33487 0 0.000009 -58.669754 -0.000003 0.000016 -88.004638 -0.067933 0.096383 -69.536845 -0.040535 0.08135 -52.152613 -0.018879 0.058824 -34.768392 -0.004944 0.030854 -17.384191 0 -0.013986 0 -96.6164 -60.979848 117.356092 33.22285 -59.32629 11.869831 30.676927 0.209245 0.057184 1.750547 -5.302929 87.634865 0.032635 1.768414 0.153724 -2.31197 -14.287039 -22.877688 25.165057 -7.995151 -6.31798 19.416169 -9.340718 -6.921195 7.336385 -1.104043 0.384169 0 0.000003 0 28.162161 -7.190855 -10.097058 41.302977 -8.37928 -6.604076 17.342445 -4.354161 -0.644117 0 0.000003 0 26.702066 -4.775536 -4.672401 30.322017 -6.578911 -2.802188 3.586858 -1.768422 -4.327094 0 0.000003 0 8.663193 2.329719 13.536871 35.723078 1.156784 -2.915239 8.117912 -1.994099 -2.36316 0 0.000003 0 25.57308 44.865063 59.697001 14.639093 -11.880039 23.373201 -37.367654 12.141811 -10.350728 -6.07677 7.97907 9.192813 0 0.000003 0 0 0.000003 0.000008 0 0.000003 -7.008524 0.000001 0.000003 -14.017055 0 0.000003 -21.025588 -0.001144 0.014612 -8.12763 -0.000664 0.010979 -6.095722 -0.000313 0.007318 -4.063814 -0.000091 0.00367 -2.031906 0 0.000003 0 18.740458 -0.231609 0.809802 -0.013988 -0.000004 0.416357 0 0.000003 0 -28.657739 0.910624 0.464214 -89.999999 -90 0 0 0.000003 0 0 0.000003 0 90.000009 -63.648278 -90.000009 -5.682401 0.000003 0 -28.319916 0.000003 0 -16.252152 0.000003 0 0 0.000003 0 89.999996 -84.450021 179.999995 0 0.000003 0 -90.000003 -84.450021 0 0 0.000003 0 0 0.000003 0
0 0 0 179.999991 0.000003 179.999991 -0.004725 -0.043543 -0.014173 178.970094 -3.351926 175.220457 -84.04252 6.075572 -100.70534 5.437076 -0.421769 -12.35444 0 0.000003 0 2.695484 7.243001 3.136433 75.504886 -7.992029 9.334273 -0.15412 1.329519 -0.522786 9.906062 10.513726 -0.715361 0 0.000003 0 0 0.000003 0 0 0.000003 0 0 0.000003 0 -0.005116 -0.103803 5.644102 -0.002879 -0.077903 4.233074 -0.00128 -0.051962 2.822048 0.013662 -0.026403 2.007615 0 0.000003 0 80.836634 -5.6952 67.986945 9.046203 -0.959216 -8.41416 0 0.000003 0 1.280448 10.378475 -1.193626 75.690319 -9.031782 11.401314 -0.421239 2.455134 -0.80889 6.86474 11.565856 -2.200673 0 0.000003 0 0 0.000003 0 0 0.000003 0 0 0.000003 0 -0.028723 -0.244552 13.397464 -0.016189 -0.184146 10.048071 -0.007205 -0.123112 6.6987 -0.001803 -0.06166 3.349346 0 0.000003 0 90.114838 7.666419 90.402048 16.079435 -0.158048 -0.397705 -14.394911 0.070688 1.371695 10.494224 0.380799 -0.987654 77.808169 -65.948419 147.803153 39.884494 -42.071183 89.327536 0.958818 35.717104 0.338331 5.461976 1.160861 3.970498 1.636955 -4.808662 -0.781525 5.567135 -15.315433 -24.893183 6.48211 -0.197137 -3.991619 1.284701 -9.153346 3.241553 11.105 4.511691 7.178957 -0.034264 0.000003 0 3.938295 -7.564323 14.038317 21.401985 4.146098 0.965149 2.820109 2.048738 3.64139 0 0.000003 0 2.73989 -4.265423 -20.428997 16.62535 -7.152189 -7.158592 -9.293052 3.956492 -4.551575 0 0.000003 0 7.055456 8.448585 -1.604861 7.777836 -1.982644 -8.403425 -6.530957 -0.608212 -8.606581 -0.019782 0.000003 0 25.57308 44.865063 59.697001 13.36575 10.603468 22.106264 -0.472502 -12.78088 -30.031901 -6.07677 7.97907 9.192813 0 0.000003 0 0 0.000003 0.000008 0.000002 0.000009 -29.355409 0 0.000009 -58.710824 -0.000003 0.000016 -88.066246 -0.066482 0.095837 -68.67676 -0.039615 0.08064 -51.507546 -0.018436 0.058196 -34.338346 -0.004826 0.030486 -17.169169 0 -0.013986 0 -96.360138 -60.992692 117.168111 32.848224 -59.777758 12.029846 30.701185 0.209409 0.057268 1.749157 -5.303387 87.649953 0.097043 1.838348 0.158614 -2.31197 -14.287039 -22.877688 25.210409 -7.945645 -5.998491 19.59501 -8.883383 -6.757133 7.336386 -1.104043 0.384167 0 0.000003 0 28.120328 -7.490823 -9.725344 41.351635 -7.740596 -6.430726 17.313445 -4.471463 -0.628552 0 0.000003 0 26.626031 -5.095756 -4.311734 30.373899 -5.815726 -2.676545 3.576828 -1.78866 -4.327864 0 0.000003 0 8.654578 2.361158 13.700199 35.586645 1.646754 -2.868555 8.107289 -2.037129 -2.374829 0 0.000003 0 25.57308 44.865063 59.697001 14.639076 -11.880026 23.658484 -37.416067 11.96857 -10.359075 -6.07677 7.97907 9.192813 0 0.000003 0 0 0.000003 0.000008 0 0.000003 -7.004516 0.000001 0.000003 -14.009041 0 0.000003 -21.013565 -0.001113 0.014407 -8.01244 -0.000646 0.010822 -6.009329 -0.000305 0.007222 -4.006218 -0.000089 0.003609 -2.003109 0 0.000003 0 18.832011 -0.848553 0.785217 -0.013988 0.000037 0.59506 0 0.000003 0 -29.540817 0.376223 0.93246 -89.999999 -90 0 0 0.000003 0 0 0.000003 0 90.000009 -63.648278 -90.000009 -5.682401 0.000003 0 -28.319916 0.000003 0 -16.252152 0.000003 0 0 0.000003 0 89.999996 -84.450021 179.999995 0 0.000003 0 -90.000003 -84.450021 0 0 0.000003 0 0 0.000003 0
0 0 0 179.999991 0.000003 179.999991 -0.005658 -0.04337500000000005 -0.01339 178.900864 -3.294649 175.376705 -84.189813 5.928764 -100.86001 5.34434 -0.415792 -12.353767 0 0.000003 0 2.76252 7.139469 3.193108 75.504886 -7.992029 9.334273 -0.15412 1.329519 -0.522786 9.906074 10.513733 -0.71536 0 0.000003 0 0 0.000003 0 0 0.000003 0 0 0.000003 0 -0.005326 -0.1059 5.758393 -0.002997 -0.07948 4.318793 -0.001332 -0.053013 2.879194 0.013649 -0.026936 2.036187 0 0.000003 0 80.702319 -5.435394 68.121575 9.102865 -0.964529 -8.415097 0 0.000003 0 1.332721 10.41434 -1.277782 75.690319 -9.031782 11.401314 -0.421239 2.455134 -0.80889 6.864685 11.565849 -2.200673 0 0.000003 0 0 0.000003 0 0 0.000003 0 0 0.000003 0 -0.028222 -0.242435 13.279532 -0.015905 -0.182541 9.959623 -0.007079 -0.122039 6.639736 -0.001771 -0.061128 3.319864 0 0.000003 0 90.139004 7.583869 90.342625 16.09393 -0.138507 -0.479209 -14.346563 0.204252 1.341666 10.570961 0.638741 -1.120189 77.594835 -65.620953 148.562997 38.26162 -43.960553 90.975381 0.862572 33.181546 0.283895 5.463136 1.155384 4.027877 3.546757 -5.051134 -1.048218 5.567135 -15.315433 -24.893183 6.482117 -0.19713 -3.991606 1.284715 -9.153318 3.241539 11.104972 4.511595 7.178978 -0.034264 0.000003 0 3.938294 -7.564295 14.038293 21.402049 4.146023 0.965154 2.820112 2.048759 3.641388 0 0.000003 0 2.739913 -4.26541 -20.428976 16.62536 -7.152203 -7.158601 -9.293048 3.956492 -4.551563 0 0.000003 0 7.055454 8.448605 -1.604853 7.77788 -1.982658 -8.403436 -6.530914 -0.608219 -8.606572 -0.019782 0.000003 0 25.57308 44.865063 59.697001 13.36576 10.603475 22.106271 -0.472494 -12.780914 -30.031939 -6.07677 7.97907 9.192813 0 0.000003 0 0 0.000003 0.000008 0 0.000009 -29.340041 0 0.000009 -58.680095 -0.000007 0.000016 -88.020136 -0.065467 0.095448 -68.072896 -0.038973 0.080134 -51.05465 -0.018127 0.057738 -34.036417 -0.004743 0.030226 -17.018205 0 -0.013986 0 -96.060955 -61.110663 117.016249 32.322839 -60.071334 12.54662 30.765979 0.209826 0.057495 1.795838 -5.287807 87.144184 0.249401 1.899034 0.161479 -2.31197 -14.287039 -22.877688 25.088641 -8.078069 -6.338334 19.400678 -9.417182 -6.933489 7.314006 -1.134997 0.380763 0 0.000003 0 28.09097 -7.68256 -10.161344 41.35558 -8.034752 -6.579957 16.991892 -4.462747 -0.671403 0 0.000003 0 26.608537 -5.279884 -4.722972 30.410454 -6.359798 -2.765244 3.650078 -2.148304 -4.338878 0 0.000003 0 8.677495 2.276853 13.887249 35.713198 1.236752 -2.891216 8.11558 -1.963431 -2.358527 0 0.000003 0 25.57308 44.865063 59.697001 14.639074 -11.880053 23.373206 -37.367654 12.141832 -10.761769 -6.07677 7.97907 9.192813 0 0.000003 0 0 0.000003 0.000008 0 0.000003 -7.138874 0.000001 0.000003 -14.277757 0 0.000003 -21.41664 -0.00113 0.014523 -8.077578 -0.000656 0.01091 -6.058183 -0.000309 0.007277 -4.038788 -0.00009 0.003636 -2.019393 0 0.000003 0 18.969338 -1.398677 0.707854 -0.013988 0.000105 0.872858 0 0.000003 0 -30.445992 0.053018 1.459234 -89.999999 -90 0 0 0.000003 0 0 0.000003 0 90.000009 -63.648278 -90.000009 -5.682401 0.000003 0 -28.319916 0.000003 0 -16.252152 0.000003 0 0 0.000003 0 89.999996 -84.450021 179.999995 0 0.000003 0 -90.000003 -84.450021 0 0 0.000003 0 0 0.000003 0
0 0 0 179.999991 0.000003 179.999991 -0.006425 -0.04312499999999997 -0.012586 178.817768 -3.142643 175.575996 -84.359161 5.849151 -101.051638 5.032075 -0.395595 -12.351555 0 0.000003 0 2.916915 7.105435 3.455022 75.504886 -7.992029 9.334273 -0.15412 1.329519 -0.522786 10.125475 10.54869 -0.795348 0 0.000003 0 0 0.000003 0 0 0.000003 0 0 0.000003 0 -0.005598 -0.108557 5.903763 -0.00315 -0.081482 4.42782 -0.0014 -0.054352 2.951878 0.013631 -0.027619 2.07253 0 0.000003 0 80.558687 -5.085784 68.328523 9.192231 -0.972931 -8.416617 0 0.000003 0 1.380168 10.43578 -1.350284 75.690319 -9.031782 11.401314 -0.421239 2.455134 -0.80889 6.864713 11.565862 -2.20066 0 0.000003 0 0 0.000003 0 0 0.000003 0 0 0.000003 0 -0.027465 -0.239211 13.099664 -0.015479 -0.180096 9.824723 -0.006889 -0.120386 6.549803 -0.001724 -0.060288 3.274898 0 0.000003 0 90.145861 7.539684 90.282479 16.085106 -0.115715 -0.595172 -14.310718 0.294281 1.17122 10.650114 0.82246 -1.18046 77.408993 -65.059238 148.926254 36.340923 -45.456006 92.238658 0.84212 32.623506 0.272789 5.452514 1.204657 3.512127 4.550762 -4.653119 -1.101422 5.567135 -15.315433 -24.893183 6.482094 -0.197144 -3.991586 1.284736 -9.153305 3.241542 11.10493 4.511582 7.178988 -0.034264 0.000003 0 3.938269 -7.56433 14.03832 21.402022 4.145996 0.965141 2.820077 2.048793 3.641397 0 0.000003 0 2.739897 -4.265451 -20.428956 16.625343 -7.152203 -7.15862 -9.293173 3.956526 -4.551579 0 0.000003 0 7.055478 8.448585 -1.604829 7.777824 -1.982678 -8.403434 -6.530983 -0.608219 -8.606565 -0.019782 0.000003 0 25.57308 44.865063 59.697001 13.365791 10.603468 22.106264 -0.472526 -12.780887 -30.031929 -6.07677 7.97907 9.192813 0 0.000003 0 0 0.000003 0.000008 0.000002 0.000009 -29.478168 -0.000003 0.000009 -58.956349 -0.000003 0.000016 -88.43453 -0.064088 0.094894 -67.248055 -0.038104 0.079431 -50.436022 -0.017706 0.057123 -33.624004 -0.004634 0.029878 -16.811997 0 -0.013986 0 -95.745161 -61.319032 116.858185 31.780153 -60.193072 13.337537 30.742142 0.209676 0.057404 1.778373 -5.293688 87.333531 0.401223 1.846182 0.155291 -2.31197 -14.287039 -22.877688 25.165057 -7.995185 -6.318021 19.416196 -9.340711 -7.160142 7.313309 -1.13607 0.552025 0 0.000003 0 28.109498 -7.562424 -10.090643 41.374506 -7.866162 -6.530675 17.266874 -4.548719 -0.677877 0 0.000003 0 26.619614 -5.164515 -4.665621 30.420628 -6.236315 -2.732915 3.658873 -2.10289 -4.260284 0 0.000003 0 8.66319 2.329678 13.536873 35.723037 1.156866 -2.832997 8.116565 -1.975698 -2.203092 0 0.000003 0 25.57308 44.865063 59.697001 14.639062 -11.880032 23.373191 -37.367682 12.141818 -10.525485 -6.07677 7.97907 9.192813 0 0.000003 0 0 0.000003 0.000008 0 0.000003 -7.088577 0.000001 0.000003 -14.177162 0 0.000003 -21.265744 -0.001197 0.014954 -8.323508 -0.000694 0.011231 -6.242631 -0.000327 0.007502 -4.161753 -0.000095 0.003752 -2.080876 0 0.000003 0 19.150548 -1.850248 0.5923 -0.013987 0.000166 1.114928 0 0.000003 0 -30.99825 -0.314275 1.96289 -89.999999 -90 0 0 0.000003 0 0 0.000003 0 90.000009 -63.648278 -90.000009 -5.682401 0.000003 0 -28.319916 0.000003 0 -16.252152 0.000003 0 0 0.000003 0 89.999996 -84.450021 179.999995 0 0.000003 0 -90.000003 -84.450021 0 0 0.000003 0 0 0.000003 0
0 0 0 179.999991 0.000003 179.999991 -0.007382 -0.042954999999999965 -0.011607 178.748318 -2.874879 175.785273 -84.528598 5.681149 -101.281153 4.950215 -0.390281 -12.351004 0 0.000003 0 2.941656 7.014279 3.370176 75.504886 -7.992029 9.334273 -0.15412 1.329519 -0.522786 10.125459 10.54869 -0.795354 0 0.000003 0 0 0.000003 0 0 0.000003 0 0 0.000003 0 -0.005931 -0.111739 6.076938 -0.003337 -0.083865 4.557701 -0.001484 -0.055944 3.038466 0.01361 -0.028425 2.115823 0 0.000003 0 80.395568 -4.599679 68.61509 9.453461 -0.997451 -8.421107 0 0.000003 0 1.373504 10.468463 -1.388485 75.690319 -9.031782 11.401314 -0.421239 2.455134 -0.80889 6.864713 11.565856 -2.20066 0 0.000003 0 0 0.000003 0 0 0.000003 0 0 0.000003 0 -0.026429 -0.23471 12.848896 -0.014894 -0.176688 9.636649 -0.006628 -0.118098 6.424421 -0.001658 -0.05914 3.212207 0 0.000003 0 90.123984 7.511134 90.164269 16.069895 -0.093735 -0.687652 -14.286173 0.365261 1.034221 10.714007 0.959828 -1.314037 77.566196 -64.583562 148.99248 35.262901 -46.530767 92.107177 0.855933 33.002158 0.280269 5.42585 1.319882 2.301744 4.275455 -3.951521 -0.916505 5.567135 -15.315433 -24.893183 6.482092 -0.197151 -3.991619 1.284729 -9.153291 3.241543 11.104953 4.511534 7.178967 -0.034264 0.000003 0 3.93825 -7.56433 14.038337 21.402056 4.145982 0.965147 2.820153 2.048766 3.641398 0 0.000003 0 2.739899 -4.265471 -20.428928 16.625357 -7.152182 -7.158624 -9.293143 3.956506 -4.551571 0 0.000003 0 7.055448 8.448564 -1.604821 7.77784 -1.982658 -8.403438 -6.530963 -0.60824 -8.606565 -0.019782 0.000003 0 25.57308 44.865063 59.697001 13.365825 10.603489 22.106247 -0.472545 -12.780887 -30.031918 -6.07677 7.97907 9.192813 0 0.000003 0 0 0.000003 0.000008 0.000002 0.000009 -29.802321 0 0.000009 -59.60465 -0.000003 0.000016 -89.406985 -0.061434 0.093761 -65.652502 -0.036446 0.078058 -49.239363 -0.016908 0.055928 -32.826227 -0.004423 0.029181 -16.41311 0 -0.013986 0 -95.231743 -61.598678 116.475762 31.47983 -60.230358 14.215569 30.531591 0.208378 0.056636 1.763476 -5.29866 87.494996 0.546378 1.725745 0.143065 -2.31197 -14.287039 -22.877688 25.165057 -7.995164 -6.317993 19.416141 -9.340636 -6.921167 7.336412 -1.10405 0.139402 0 0.000003 0 28.109497 -7.56241 -10.090641 41.374503 -7.866128 -6.530651 17.266841 -4.548671 -0.67787 0 0.000003 0 26.619587 -5.164508 -4.665621 30.420638 -6.236268 -2.756876 3.657992 -2.107343 -4.135108 0 0.000003 0 8.663172 2.329698 13.53686 35.723071 1.156907 -2.915178 8.118002 -1.994051 -2.35879 0 0.000003 0 25.57308 44.865063 59.697001 14.639035 -11.880053 23.373201 -37.367709 12.141811 -10.337286 -6.07677 7.97907 9.192813 0 0.000003 0 0 0.000003 0.000008 0 0.000003 -7.04568 0.000001 0.000003 -14.091366 0 0.000003 -21.137053 -0.001308 0.015664 -8.718687 -0.000758 0.011771 -6.539014 -0.000356 0.007857 -4.359343 -0.000103 0.00393 -2.17967 0 0.000003 0 19.400809 -2.204625 0.455487 -0.013986 0.000269 1.532847 0 0.000003 0 -31.599037 -0.633757 2.700259 -89.999999 -90 0 0 0.000003 0 0 0.000003 0 90.000009 -63.648278 -90.000009 -5.682401 0.000003 0 -28.319916 0.000003 0 -16.252152 0.000003 0 0 0.000003 0 89.999996 -84.450021 179.999995 0 0.000003 0 -90.000003 -84.450021 0 0 0.000003 0 0 0.000003 0
0 0 0 179.999991 0.000003 179.999991 -0.00831 -0.04275799999999996 -0.010286 178.702529 -2.469186 175.969988 -84.644397 5.516671 -101.524212 4.887166 -0.386204 -12.350563 0 0.000003 0 3.02574 7.266053 3.085243 75.504886 -7.992029 9.334273 -0.15412 1.329519 -0.522786 10.098134 10.434646 -1.100469 0 0.000003 0 0 0.000003 0 0 0.000003 0 0 0.000003 0 -0.006298 -0.115134 6.262577 -0.003544 -0.086427 4.69693 -0.001576 -0.057651 3.131285 0.013587 -0.029285 2.162233 0 0.000003 0 80.266348 -4.090202 68.98349 9.685145 -1.019171 -8.425187 0 0.000003 0 1.563353 10.550992 -1.033469 75.690319 -9.031782 11.401314 -0.421239 2.455134 -0.80889 6.908453 11.651137 -2.308385 0 0.000003 0 0 0.000003 0 0 0.000003 0 0 0.000003 0 -0.025142 -0.229 12.530974 -0.014167 -0.17235 9.398211 -0.006304 -0.115189 6.265462 -0.001577 -0.057678 3.132728 0 0.000003 0 90.102032 7.475016 90.165457 16.063476 -0.064495 -0.89025 -14.264859 0.417061 0.899047 10.771933 0.80897 -1.431959 77.335138 -64.135931 149.075617 34.864366 -47.352927 91.380397 0.883842 33.758452 0.295608 5.390671 1.457271 0.850116 3.208709 -3.181903 -0.642468 5.567135 -15.315433 -24.893183 6.48214 -0.197144 -3.991593 1.284744 -9.153284 3.24154 11.104927 4.51152 7.17895 -0.034264 0.000003 0 3.938276 -7.564336 14.038324 21.402077 4.145975 0.965136 2.82012 2.048786 3.641394 0 0.000003 0 2.739952 -4.265457 -20.428956 16.625374 -7.152189 -7.158618 -9.293149 3.956513 -4.551571 0 0.000003 0 7.055502 8.448564 -1.604833 7.77782 -1.982665 -8.403428 -6.530901 -0.608246 -8.606569 -0.019782 0.000003 0 25.57308 44.865063 59.697001 13.36578 10.603482 22.106233 -0.472552 -12.780948 -30.031905 -6.07677 7.97907 9.192813 0 0.000003 0 0 0.000003 0.000008 0.000002 0.000009 -30.191034 0 0.000009 -60.382082 -0.000007 0.000016 -90.573137 -0.058624 0.092456 -63.933364 -0.034689 0.076528 -47.949998 -0.01607 0.054624 -31.966658 -0.0042 0.028443 -15.983322 0 -0.013986 0 -94.559468 -61.921883 115.910482 31.477296 -59.997725 14.881309 30.198268 0.206343 0.055434 1.741691 -5.305839 87.73072 0.622575 1.536611 0.125512 -2.31197 -14.287039 -22.877688 25.165069 -7.995178 -6.317992 19.416227 -9.340609 -6.921163 7.33641 -1.104063 0.384192 0 0.000003 0 28.10949 -7.562424 -10.090675 41.374492 -7.86608 -6.530624 17.266756 -4.548685 -0.677855 0 0.000003 0 26.619592 -5.164529 -4.665646 30.420611 -6.236186 -2.969 3.650456 -2.146863 -4.338679 0 0.000003 0 8.663151 2.329684 13.536842 35.723033 1.156961 -2.915135 8.118011 -1.994051 -2.363111 0 0.000003 0 25.57308 44.865063 59.697001 14.639013 -11.88008 23.373196 -37.367682 12.141852 -10.761783 -6.07677 7.97907 9.192813 0 0.000003 0 0 0.000003 0.000008 0 0.000003 -6.983061 0 0.000003 -13.96613 0 0.000003 -20.949201 -0.001435 0.016436 -9.152881 -0.00083 0.012351 -6.86466 -0.000389 0.008253 -4.57644 -0.000112 0.004121 -2.288219 0 0.000003 0 19.682129 -1.72643 0.549522 -0.013985 0.000324 1.732191 0 0.000003 0 -32.299527 -0.914915 3.123411 -89.999999 -90 0 0 0.000003 0 0 0.000003 0 90.000009 -63.648278 -90.000009 -5.682401 0.000003 0 -28.319916 0.000003 0 -16.252152 0.000003 0 0 0.000003 0 89.999996 -84.450021 179.999995 0 0.000003 0 -90.000003 -84.450021 0 0 0.000003 0 0 0.000003 0
0 0 0 179.999991 0.000003 179.999991 -0.008842 -0.042644000000000015 -0.008708 178.68992 -1.91564 176.159717 -84.700206 5.258388 -101.795787 5.023891 -0.395062 -12.351499 0 0.000003 0 2.962392 7.270636 2.778219 75.504886 -7.992029 9.334273 -0.15412 1.329519 -0.522786 10.09815 10.434633 -1.10047 0 0.000003 0 0 0.000003 0 0 0.000003 0 0 0.000003 0 -0.006722 -0.118932 6.469864 -0.003783 -0.089282 4.852395 -0.001682 -0.059557 3.234929 0.01356 -0.030255 2.214054 0 0.000003 0 80.162351 -3.391507 69.406142 10.179217 -1.065473 -8.434175 0 0.000003 0 1.506496 10.530406 -0.938726 75.690319 -9.031782 11.401314 -0.421239 2.455134 -0.80889 6.908453 11.651137 -2.308385 0 0.000003 0 0 0.000003 0 0 0.000003 0 0 0.000003 0 -0.023674 -0.222286 12.158112 -0.013339 -0.167262 9.118564 -0.005935 -0.11178 6.079033 -0.001485 -0.055964 3.039514 0 0.000003 0 90.06741 7.444144 90.16739 16.05835 -0.056374 -1.057814 -14.248075 0.459032 0.774926 10.803949 1.16942 -1.555427 76.994161 -63.887143 149.331722 35.23726 -47.276251 89.717444 0.916799 34.633399 0.314114 5.35457 1.585125 -0.509699 1.833735 -2.383665 -0.384872 5.567135 -15.315433 -24.893183 6.482133 -0.197144 -3.9916 1.284738 -9.153264 3.241545 11.104971 4.51152 7.178929 -0.034264 0.000003 0 3.938263 -7.564316 14.03832 21.402015 4.145982 0.965113 2.820078 2.048779 3.641385 0 0.000003 0 2.739947 -4.265464 -20.428968 16.625345 -7.152175 -7.158615 -9.293116 3.956492 -4.55157 0 0.000003 0 7.055475 8.448571 -1.604843 7.777794 -1.982631 -8.403429 -6.530907 -0.60824 -8.606576 -0.019782 0.000003 0 25.57308 44.865063 59.697001 13.365762 10.603496 22.106239 -0.472533 -12.780893 -30.031932 -6.07677 7.97907 9.192813 0 0.000003 0 0 0.000003 0.000008 0.000002 0.000009 -30.555131 0.000003 0.000009 -61.110263 -0.000003 0.000016 -91.665401 -0.056513 0.091418 -62.633695 -0.033383 0.075346 -46.975258 -0.015448 0.053626 -31.316827 -0.004037 0.027877 -15.65841 0 -0.013986 0 -93.776701 -62.23483 115.152878 32.011806 -60.352936 15.168923 29.869018 0.204307 0.054254 1.727 -5.310627 87.88946 0.637957 1.336035 0.107534 -2.31197 -14.287039 -22.877688 25.165074 -7.995171 -6.317983 19.416237 -9.340568 -6.92116 7.336432 -1.104063 0.384202 0 0.000003 0 28.109495 -7.562417 -10.090643 41.374482 -7.865992 -6.459023 17.27527 -4.52717 -0.674122 0 0.000003 0 26.619566 -5.164529 -4.66562 30.420672 -6.23609 -2.736987 3.658677 -2.103662 -4.333216 0 0.000003 0 8.663158 2.329684 13.53685 35.723027 1.157023 -2.915087 8.117932 -1.994023 -2.363103 0 0.000003 0 25.57308 44.865063 59.697001 14.638991 -11.880067 23.373201 -37.367654 12.141818 -10.859659 -6.07677 7.97907 9.192813 0 0.000003 0 0 0.000003 0.000008 0 0.000003 -6.940891 0.000001 0.000003 -13.88179 0 0.000003 -20.822689 -0.001519 0.016928 -9.427411 -0.000878 0.01272 -7.070557 -0.000411 0.008492 -4.713704 -0.000118 0.004251 -2.356851 0 0.000003 0 19.903106 -1.602353 0.546908 -0.013983 0.000378 1.979822 0 0.000003 0 -32.517417 -1.267141 3.641155 -89.999999 -90 0 0 0.000003 0 0 0.000003 0 90.000009 -63.648278 -90.000009 -5.682401 0.000003 0 -28.319916 0.000003 0 -16.252152 0.000003 0 0 0.000003 0 89.999996 -84.450021 179.999995 0 0.000003 0 -90.000003 -84.450021 0 0 0.000003 0 0 0.000003 0
0 0 0 179.999991 0.000003 179.999991 -0.009303 -0.04244700000000001 -0.006803 178.699728 -1.263562 176.345471 -84.73144 5.040839 -102.085694 5.082736 -0.398881 -12.351911 0 0.000003 0 2.941136 7.279318 2.394107 75.504886 -7.992029 9.334273 -0.15412 1.329519 -0.522786 10.098151 10.43464 -1.100463 0 0.000003 0 0 0.000003 0 0 0.000003 0 0 0.000003 0 -0.007193 -0.123016 6.69348 -0.004049 -0.092355 5.020107 -0.0018 -0.061613 3.346736 0.01353 -0.0313 2.269957 0 0.000003 0 80.110708 -2.717634 69.830181 10.525894 -1.097875 -8.440723 0 0.000003 0 1.525797 10.114577 -0.656545 75.690319 -9.031782 11.401314 -0.421239 2.455134 -0.80889 6.945145 11.796443 -1.974444 0 0.000003 0 0 0.000003 0 0 0.000003 0 0 0.000003 0 -0.022244 -0.215538 11.783926 -0.012531 -0.162153 8.837927 -0.005576 -0.108345 5.891942 -0.001395 -0.054243 2.945969 0 0.000003 0 90.009736 7.421044 90.076412 16.055084 -0.077698 -1.097261 -14.236942 0.495287 0.67722 10.835334 1.139572 -1.633466 76.396936 -63.762837 149.757283 36.597342 -47.127989 87.617066 0.952246 35.555652 0.334474 5.317124 1.706839 -1.813328 0.335742 -1.464055 -0.168934 5.567135 -15.315433 -24.893183 6.482141 -0.19713 -3.991607 1.28082 -9.12554 3.242167 11.103756 4.493973 7.176639 -0.034264 0.000003 0 3.938263 -7.564302 14.038311 21.402039 4.145982 0.965095 2.820141 2.048786 3.641382 0 0.000003 0 2.739964 -4.265464 -20.428997 16.62535 -7.152169 -7.158609 -9.29306 3.956472 -4.551574 0 0.000003 0 7.055487 8.448571 -1.604862 7.777822 -1.982644 -8.403434 -6.530933 -0.608246 -8.606586 -0.019782 0.000003 0 25.57308 44.865063 59.697001 13.365686 10.603461 22.106314 -0.472511 -12.78088 -30.031939 -6.07677 7.97907 9.192813 0 0.000003 0 0 0.000003 0.000008 0.000002 0.000009 -30.904133 0 0.000009 -61.808274 -0.000007 0.000016 -92.712414 -0.054344 0.090277 -61.274324 -0.032042 0.07409 -45.955733 -0.014808 0.052581 -30.637145 -0.003868 0.027289 -15.318567 0 -0.013986 0 -93.085178 -62.504672 114.362474 32.67585 -60.39281 15.201091 29.662955 0.203016 0.053528 1.723933 -5.311624 87.922621 0.671534 1.140972 0.08923 -2.31197 -14.287039 -22.877688 25.165099 -7.995123 -6.317985 19.416209 -9.34052 -6.92114 7.336415 -1.104043 0.384195 0 0.000003 0 28.109483 -7.562383 -10.090567 41.374503 -7.865889 -6.731602 17.242855 -4.609105 -0.688265 0 0.000003 0 26.61958 -5.164495 -4.665552 30.420638 -6.236008 -2.736954 3.658734 -2.103668 -4.333209 0 0.000003 0 8.663168 2.329719 13.536887 35.72301 1.157091 -2.91506 8.117955 -1.993996 -2.363096 0 0.000003 0 25.57308 44.865063 59.697001 14.639008 -11.880067 23.373194 -37.367709 12.141804 -11.042572 -6.07677 7.97907 9.192813 0 0.000003 0 0 0.000003 0.000008 0 0.000003 -6.932084 0.000001 0.000003 -13.864176 0 0.000003 -20.796268 -0.001593 0.017344 -9.666728 -0.000921 0.013041 -7.250046 -0.000431 0.008711 -4.833363 -0.000123 0.00436 -2.416681 0 0.000003 0 20.084216 -1.632652 0.525408 -0.01398 0.000474 2.370099 0 0.000003 0 -32.561902 -1.051478 4.09649 -89.999999 -90 0 0 0.000003 0 0 0.000003 0 90.000009 -63.648278 -90.000009 -5.682401 0.000003 0 -28.319916 0.000003 0 -16.252152 0.000003 0 0 0.000003 0 89.999996 -84.450021 179.999995 0 0.000003 0 -90.000003 -84.450021 0 0 0.000003 0 0 0.000003 0
0 0 0 179.999991 0.000003 179.999991 -0.009533 -0.042291999999999996 -0.005111 178.732896 -0.560435 176.531799 -84.722158 4.804692 -102.394685 5.204045 -0.406715 -12.352755 0 0.000003 0 2.884373 7.315859 1.983743 75.504886 -7.992029 9.334273 -0.15412 1.329519 -0.522786 10.130421 10.447999 -0.8773 0 0.000003 0 0 0.000003 0 0 0.000003 0 0 0.000003 0 -0.007716 -0.127394 6.932534 -0.004343 -0.095647 5.199396 -0.001931 -0.063819 3.466263 0.013496 -0.03242 2.32972 0 0.000003 0 80.104821 -2.035114 70.26749 10.882505 -1.131213 -8.447669 0 0.000003 0 1.564355 10.024029 -0.443795 75.690319 -9.031782 11.401314 -0.421239 2.455134 -0.80889 6.711197 11.625722 -1.964759 0 0.000003 0 0 0.000003 0 0 0.000003 0 0 0.000003 0 -0.020815 -0.208571 11.397733 -0.011725 -0.156887 8.548282 -0.005217 -0.104807 5.698848 -0.001305 -0.052467 2.849421 0 0.000003 0 89.964165 7.410409 90.051154 16.05423 -0.095593 -1.167208 -14.236513 0.520736 0.613435 10.840837 1.147987 -1.679716 75.69898 -63.784043 150.167819 38.616175 -46.647666 85.328781 0.989582 36.502972 0.356417 5.280301 1.81783 -3.01064 -1.17825 -0.363637 -0.010677 5.567135 -15.315433 -24.893183 6.482179 -0.197144 -3.991609 1.284746 -9.15323 3.241543 11.104936 4.51152 7.178872 -0.034264 0.000003 0 3.938268 -7.564309 14.038327 21.402039 4.146016 0.965081 2.820108 2.048745 3.876723 0 0.000003 0 2.74001 -4.265471 -20.429007 16.625341 -7.152162 -7.158607 -9.293135 3.956492 -4.551591 0 0.000003 0 7.055497 8.448557 -1.604862 7.777799 -1.982617 -8.403429 -6.530904 -0.608246 -8.6066 -0.019782 0.000003 0 25.57308 44.865063 59.697001 13.365667 10.603489 22.1063 -0.472507 -12.780887 -30.031966 -6.07677 7.97907 9.192813 0 0.000003 0 0 0.000003 0.000008 0 0.000009 -31.224633 0 0.000016 -62.449273 -0.000003 0.000016 -93.673913 -0.052681 0.089362 -60.217933 -0.031012 0.073099 -45.163437 -0.014318 0.051762 -30.108949 -0.00374 0.026831 -15.054469 0 -0.013986 0 -92.931028 -62.614841 113.632703 33.027895 -60.4751 15.708581 29.599301 0.202634 0.053306 1.738184 -5.306986 87.768628 0.701724 1.132304 0.087741 -2.31197 -14.287039 -22.877688 25.357052 -7.635766 -6.343434 19.359854 -9.611972 -6.964483 7.318307 -1.129233 0.381431 0 0.000003 0 28.109473 -7.562403 -10.090574 41.374496 -7.865835 -6.530511 17.26678 -4.548699 -0.677817 0 0.000003 0 26.619566 -5.164508 -4.665562 30.420628 -6.23596 -2.736934 3.658661 -2.103655 -4.333199 0 0.000003 0 8.317495 2.296619 13.523254 35.717214 1.203933 -2.900986 8.118791 -2.005423 -2.364806 0 0.000003 0 25.57308 44.865063 59.697001 14.638987 -11.880053 23.373225 -37.367682 12.14177 -10.761755 -6.07677 7.97907 9.192813 0 0.000003 0 0 0.000003 0.000008 0 0.000003 -6.972991 0.000001 0.000003 -13.94599 0 0.000003 -20.918989 -0.00172 0.018055 -10.061631 -0.000993 0.013567 -7.546223 -0.000464 0.009066 -5.030815 -0.000132 0.004531 -2.515407 0 0.000003 0 20.281383 -1.678551 0.552925 -0.013977 0.000556 2.702808 0 0.000003 0 -32.557295 -0.865717 4.482471 -89.999999 -90 0 0 0.000003 0 0 0.000003 0 90.000009 -63.648278 -90.000009 -5.682401 0.000003 0 -28.319916 0.000003 0 -16.252152 0.000003 0 0 0.000003 0 89.999996 -84.450021 179.999995 0 0.000003 0 -90.000003 -84.450021 0 0 0.000003 0 0 0.000003 0
0 0 0 179.999991 0.000003 179.999991 -0.009985 -0.042067999999999994 -0.003337 178.769 0.158729 176.70336 -84.725471 4.631595 -102.70089 5.229465 -0.408368 -12.352941 0 0.000003 0 2.868828 7.333563 1.552946 75.504886 -7.992029 9.334273 -0.15412 1.329519 -0.522786 9.805114 10.47127 -0.891023 0 0.000003 0 0 0.000003 0 0 0.000003 0 0 0.000003 0 -0.008256 -0.131745 7.170905 -0.004646 -0.098926 5.378174 -0.002066 -0.066004 3.585447 0.013463 -0.033527 2.389312 0 0.000003 0 80.117258 -1.460169 70.661217 11.027667 -1.144758 -8.45056 0 0.000003 0 1.728381 9.906693 -0.168754 75.690319 -9.031782 11.401314 -0.421239 2.455134 -0.80889 6.71117 11.625715 -1.964772 0 0.000003 0 0 0.000003 0 0 0.000003 0 0 0.000003 0 -0.019574 -0.202321 11.05154 -0.011025 -0.152154 8.288639 -0.004905 -0.101631 5.525753 -0.001227 -0.050869 2.762874 0 0.000003 0 89.944985 7.40487 90.056372 16.054204 -0.104096 -1.196726 -14.254443 0.529499 0.586423 10.806368 1.151538 -1.694969 75.329637 -64.000905 150.148039 41.053098 -46.011283 83.199477 1.034824 37.620787 0.383673 5.251192 1.900482 -3.907886 -2.464977 0.760018 0.069575 5.567135 -15.315433 -24.893183 6.48217 -0.197151 -3.991646 1.284725 -9.153223 3.241554 11.104952 4.511541 7.178855 -0.034264 0.000003 0 3.938272 -7.564316 14.03832 21.402043 4.146064 0.965075 2.820128 2.048752 3.641377 0 0.000003 0 2.739989 -4.265519 -20.429017 16.625398 -7.152107 -7.419879 -9.293603 3.955427 -4.551636 0 0.000003 0 7.055466 8.448523 -1.60486 7.777807 -1.982603 -8.615371 -6.53227 -0.613745 -8.606706 -0.019782 0.000003 0 25.57308 44.865063 59.697001 13.365649 10.603468 22.106334 -0.472523 -12.780846 -30.031932 -6.07677 7.97907 9.192813 0 0.000003 0 0 0.000003 0.000008 0.000002 0.000009 -31.46479 0.000003 0.000009 -62.929579 -0.000003 0.000016 -94.394375 -0.051442 0.088652 -59.429763 -0.030256 0.072348 -44.572312 -0.013963 0.051154 -29.714861 -0.003646 0.02649 -14.857427 0 -0.013986 0 -92.254689 -62.906984 112.995856 34.956048 -60.501349 14.473027 29.641689 0.2029 0.053451 1.766581 -5.297629 87.461385 0.812263 1.27093 0.097877 -2.31197 -14.287039 -22.877688 25.290608 -7.82581 -6.335064 19.389635 -9.470547 -6.941982 7.325316 -1.119411 0.382518 0 0.000003 0 28.056578 -7.658934 -10.083495 41.382101 -7.796235 -6.510118 17.263938 -4.555822 -0.679036 0 0.000003 0 26.498192 -5.304186 -4.654328 30.429654 -6.120291 -2.710479 3.657592 -2.109187 -4.333888 0 0.000003 0 8.663193 2.329698 13.536892 35.723013 1.157146 -2.915012 8.117971 -1.993982 -2.363078 0 0.000003 0 25.57308 44.865063 59.697001 14.638996 -11.880087 23.37322 -37.367682 12.141757 -10.761755 -6.07677 7.97907 9.192813 0 0.000003 0 0 0.000003 0.000008 0 0.000003 -7.05461 0.000001 0.000003 -14.109228 0 0.000003 -21.163847 -0.001701 0.017945 -10.002907 -0.000982 0.013492 -7.502179 -0.000459 0.009012 -5.001452 -0.000131 0.004517 -2.500725 0 0.000003 0 20.485438 -1.728582 0.603921 -0.013976 0.000583 2.814969 0 0.000003 0 -32.548126 -1.186716 4.788992 -89.999999 -90 0 0 0.000003 0 0 0.000003 0 90.000009 -63.648278 -90.000009 -5.682401 0.000003 0 -28.319916 0.000003 0 -16.252152 0.000003 0 0 0.000003 0 89.999996 -84.450021 179.999995 0 0.000003 0 -90.000003 -84.450021 0 0 0.000003 0 0 0.000003 0
0 0 0 179.999991 0.000003 179.999991 -0.01015 -0.04189900000000002 -0.00221 178.792974 0.805664 176.836699 -84.737738 4.573791 -102.943088 5.132255 -0.40207 -12.352253 0 0.000003 0 2.897302 7.352196 1.134487 75.504886 -7.992029 9.334273 -0.15412 1.329519 -0.522786 9.805104 10.47129 -0.891018 0 0.000003 0 0 0.000003 0 0 0.000003 0 0 0.000003 0 -0.0087 -0.135228 7.361511 -0.004896 -0.101549 5.521129 -0.002177 -0.067753 3.680751 0.013434 -0.034415 2.436963 0 0.000003 0 80.132927 -0.987602 70.990145 11.177588 -1.15876 -8.453583 0 0.000003 0 1.835202 9.802608 0.10667 75.690319 -9.031782 11.401314 -0.421239 2.455134 -0.80889 6.71117 11.625722 -1.964772 0 0.000003 0 0 0.000003 0 0 0.000003 0 0 0.000003 0 -0.018564 -0.197083 10.762142 -0.010456 -0.148192 8.071591 -0.004652 -0.098981 5.381055 -0.001164 -0.049544 2.690525 0 0.000003 0 89.953865 7.395287 90.059951 16.049753 -0.104984 -1.197497 -14.291556 0.518113 0.585167 10.73618 1.134026 -1.689917 75.41287 -64.413478 149.590627 43.54945 -45.277212 81.504825 1.094524 39.04439 0.420687 5.237042 1.939223 -4.330253 -3.420054 1.707126 0.088395 5.567135 -15.315433 -24.893183 6.482211 -0.197165 -3.991632 1.284766 -9.153202 3.24156 11.104862 4.511575 7.178823 -0.034264 0.000003 0 3.938279 -7.564323 13.965544 21.407227 4.11959 0.960402 2.820027 2.042502 3.641011 0 0.000003 0 2.739976 -4.265526 -20.500343 16.617536 -7.173165 -7.161548 -9.293287 3.956219 -4.551618 0 0.000003 0 7.055464 8.448516 -1.604905 7.777831 -1.982549 -8.403435 -6.530939 -0.608233 -8.606616 -0.019782 0.000003 0 25.57308 44.865063 59.697001 13.365617 10.603468 22.106279 -0.472523 -12.78088 -30.031925 -6.07677 7.97907 9.192813 0 0.000003 0 0 0.000003 0.000008 0.000002 0.000009 -31.577829 0.000003 0.000009 -63.155658 -0.000007 0.000016 -94.733501 -0.050731 0.088235 -58.974339 -0.029822 0.071904 -44.230748 -0.013754 0.050792 -29.487149 -0.003592 0.026285 -14.743575 0 -0.013986 0 -92.200266 -63.125149 112.632941 36.516746 -60.378945 13.770418 29.807342 0.203918 0.054049 1.797258 -5.287322 87.128762 0.917175 1.511496 0.117302 -2.31197 -14.287039 -22.877688 25.165101 -7.995151 -6.317967 19.630765 -9.301718 -6.955836 7.357233 -0.884206 0.378299 0 0.000003 0 28.10948 -7.562438 -10.090574 41.374489 -7.865848 -6.530474 17.266868 -4.548692 -0.677798 0 0.000003 0 26.619605 -5.164529 -4.665567 30.420624 -6.235919 -2.736892 3.658707 -2.103682 -4.333176 0 0.000003 0 8.663184 2.329705 13.53686 35.712074 1.158129 -2.915227 8.178827 -1.72572 -2.36505 0 0.000003 0 25.57308 44.865063 59.697001 14.638984 -11.880067 23.373201 -37.367682 12.141743 -10.761755 -6.07677 7.97907 9.192813 0 0.000003 0 0 0.000003 0.000008 0 0.000003 -7.142973 0.000001 0.000003 -14.285954 0 0.000003 -21.428933 -0.00175 0.018205 -10.150218 -0.00101 0.01369 -7.612662 -0.000471 0.009134 -5.075108 -0.000134 0.004572 -2.537553 0 0.000003 0 20.674218 -1.778831 0.676849 -0.013975 0.000624 2.958308 0 0.000003 0 -32.466782 -1.080977 4.940364 -89.999999 -90 0 0 0.000003 0 0 0.000003 0 90.000009 -63.648278 -90.000009 -5.682401 0.000003 0 -28.319916 0.000003 0 -16.252152 0.000003 0 0 0.000003 0 89.999996 -84.450021 179.999995 0 0.000003 0 -90.000003 -84.450021 0 0 0.000003 0 0 0.000003 0
0 0 0 179.999991 0.000003 179.999991 -0.010407 -0.041852 -0.001366 178.804107 1.315688 176.94064 -84.751241 4.456093 -103.070068 5.214722 -0.407411 -12.352835 0 0.000003 0 2.827847 7.392084 0.740929 75.504886 -7.992029 9.334273 -0.15412 1.329519 -0.522786 9.805099 10.471284 -0.891028 0 0.000003 0 0 0.000003 0 0 0.000003 0 0 0.000003 0 -0.008931 -0.137011 7.459006 -0.005026 -0.102887 5.59425 -0.002235 -0.068648 3.729498 0.013419 -0.034866 2.461337 0 0.000003 0 80.115346 -0.566343 71.23177 11.407493 -1.180172 -8.458274 0 0.000003 0 1.868648 9.74199 0.345328 75.690319 -9.031782 11.401314 -0.421239 2.455134 -0.80889 6.711197 11.625715 -1.964759 0 0.000003 0 0 0.000003 0 0 0.000003 0 0 0.000003 0 -0.017819 -0.193114 10.543075 -0.010035 -0.145194 7.907292 -0.004464 -0.096966 5.271522 -0.001117 -0.048533 2.635759 0 0.000003 0 89.97943 7.404604 90.052171 16.051703 -0.095661 -1.180167 -14.33723 0.495471 0.599011 10.641518 1.095852 -1.674745 75.738369 -64.92623 148.757617 45.686842 -44.431713 80.395841 1.174411 40.865058 0.471964 5.220448 1.983571 -4.815095 -4.169013 2.472668 0.073906 5.567135 -15.315433 -24.893183 6.410519 -0.240953 -3.996847 1.284706 -9.153202 3.24158 11.101147 4.457691 7.171845 -0.034264 0.000003 0 3.912867 -7.603501 14.044686 21.418739 4.060475 0.949996 2.81993 2.028596 3.640198 0 0.000003 0 2.728455 -4.299725 -20.426043 16.599153 -7.222335 -7.168427 -9.293637 3.955577 -4.551654 0 0.000003 0 7.097014 8.396258 -1.598318 7.771603 -2.019678 -8.406964 -6.532255 -0.613888 -8.606737 -0.019782 0.000003 0 25.57308 44.865063 59.697001 13.365581 10.603523 22.106283 -0.47249 -12.780852 -30.031911 -6.07677 7.97907 9.192813 0 0.000003 0 0 0.000003 0.000008 0.000002 0.000009 -31.707582 0.000003 0.000009 -63.415178 -0.000007 0.000016 -95.12276 -0.050697 0.088214 -58.951171 -0.0298 0.071883 -44.213362 -0.013746 0.050771 -29.475562 -0.003589 0.026278 -14.737778 0 -0.013986 0 -92.369033 -63.355685 112.6599 38.44971 -59.980994 12.692834 30.056364 0.205455 0.054935 1.822814 -5.278593 86.851183 0.957282 1.768338 0.139295 -2.31197 -14.287039 -22.877688 25.165111 -7.995157 -6.31795 19.416174 -9.340459 -6.921088 7.336397 -1.104043 0.384209 0 0.000003 0 28.109507 -7.562424 -10.090577 41.374513 -7.865828 -6.530451 17.266737 -4.548644 -0.677777 0 0.000003 0 26.61961 -5.164536 -4.66557 30.420652 -6.23594 -2.736882 3.658689 -2.103668 -4.333165 0 0.000003 0 8.663185 2.329705 13.536865 35.924657 1.038027 -2.911334 8.113027 -1.930195 -2.353472 0 0.000003 0 25.57308 44.865063 59.697001 14.638969 -11.880101 23.373203 -37.367654 12.14175 -10.761714 -6.07677 7.97907 9.192813 0 0.000003 0 0 0.000003 0.000008 0 0.000003 -7.216717 0 -0.000004 -14.433443 0 0.000003 -21.650166 -0.001783 0.018389 -10.250558 -0.001028 0.01382 -7.687917 -0.00048 0.009237 -5.125278 -0.000137 0.004627 -2.562638 0 0.000003 0 20.687776 -2.525207 0.947609 -0.013976 0.000583 2.796682 0 0.000003 0 -32.522588 -1.314788 4.821051 -89.999999 -90 0 0 0.000003 0 0 0.000003 0 90.000009 -63.648278 -90.000009 -5.682401 0.000003 0 -28.319916 0.000003 0 -16.252152 0.000003 0 0 0.000003 0 89.999996 -84.450021 179.999995 0 0.000003 0 -90.000003 -84.450021 0 0 0.000003 0 0 0.000003 0
0 0 0 179.999991 0.000003 179.999991 -0.010397 -0.041973999999999956 -0.000787 178.817686 1.679655 177.001429 -84.734405 4.265941 -103.095702 5.535006 -0.428121 -12.355163 0 0.000003 0 2.605535 7.164304 0.489431 75.504886 -7.992029 9.334273 -0.15412 1.329519 -0.522786 9.791466 10.56929 -0.870667 0 0.000003 0 0 0.000003 0 0 0.000003 0 0 0.000003 0 -0.008968 -0.137291 7.474343 -0.005047 -0.103099 5.605753 -0.002244 -0.068791 3.737166 0.013417 -0.034948 2.465172 0 0.000003 0 80.09379 -0.167631 71.40191 11.81293 -1.217895 -8.466755 0 0.000003 0 1.975971 9.762638 0.776096 75.690319 -9.031782 11.401314 -0.421239 2.455134 -0.80889 6.460147 11.802781 -2.068837 0 0.000003 0 0 0.000003 0 0 0.000003 0 0 0.000003 0 -0.017277 -0.190184 10.381022 -0.00973 -0.142981 7.785754 -0.004328 -0.095484 5.190497 -0.001083 -0.047788 2.595247 0 0.000003 0 90.026381 7.427464 90.043784 16.04742 -0.080498 -1.15076 -14.388999 0.464134 0.623148 10.6663 1.06793 -1.352806 76.435916 -65.558248 147.701875 47.616049 -43.496848 79.230276 1.276114 43.045091 0.539943 5.224895 1.971796 -4.686217 -4.864591 3.082713 0.034823 5.567135 -15.315433 -24.893183 6.482259 -0.197151 -3.991656 1.284715 -9.153195 3.241592 11.104907 4.511663 7.178796 -0.034264 0.000003 0 3.938295 -7.564302 14.038327 21.401988 4.146221 0.965035 2.820097 2.048718 3.641371 0 0.000003 0 2.739987 -4.265519 -20.429092 16.62542 -7.152046 -7.158581 -9.2931 3.956485 -4.551622 0 0.000003 0 7.055434 8.448537 -1.60492 7.77786 -1.982474 -8.403434 -6.530934 -0.608226 -8.606629 -0.019782 0.000003 0 25.57308 44.865063 59.697001 13.365574 10.603571 22.106266 -0.472499 -12.780928 -30.031915 -6.07677 7.97907 9.192813 0 0.000003 0 0 0.000003 0.000008 0.000002 0.000009 -31.67309 0.000003 0.000009 -63.346193 -0.000007 0.000009 -95.019297 -0.050492 0.088098 -58.821384 -0.029679 0.07176 -44.116021 -0.013688 0.050676 -29.410668 -0.003575 0.026224 -14.705332 0 -0.013986 0 -92.928125 -63.208991 112.71547 40.529543 -59.414877 12.187017 30.30932 0.206985 0.055842 1.828869 -5.276496 86.785381 0.935808 1.940172 0.154676 -2.31197 -14.287039 -22.877688 25.165064 -7.995178 -6.317949 19.416223 -9.340466 -6.921093 7.658343 -1.182583 0.377573 0 0.000003 0 28.10949 -7.562444 -10.090547 41.374479 -7.865821 -6.530434 17.266857 -4.548671 -0.677777 0 0.000003 0 26.61961 -5.164549 -4.665552 30.420618 -6.23594 -2.736872 3.658671 -2.103655 -4.333163 0 0.000003 0 8.663164 2.329691 13.536883 35.723003 1.157125 -2.91498 8.117934 -1.99401 -2.363069 0 0.000003 0 25.57308 44.865063 59.697001 14.638986 -11.880108 23.373206 -37.367654 12.14175 -10.761714 -6.07677 7.97907 9.192813 0 0.000003 0 0 0.000003 0.000008 0 0.000003 -7.234199 0 0.000003 -14.468405 0 0.000003 -21.702612 -0.001951 0.019264 -10.743046 -0.001126 0.014489 -8.057284 -0.000524 0.009681 -5.371522 -0.000148 0.004838 -2.68576 0 0.000003 0 20.670847 -2.926126 0.827596 -0.013976 0.000597 2.875855 0 0.000003 0 -32.218945 -1.385754 4.953489 -89.999999 -90 0 0 0.000003 0 0 0.000003 0 90.000009 -63.648278 -90.000009 -5.682401 0.000003 0 -28.319916 0.000003 0 -16.252152 0.000003 0 0 0.000003 0 89.999996 -84.450021 179.999995 0 0.000003 0 -90.000003 -84.450021 0 0 0.000003 0 0 0.000003 0
0 0 0 179.999991 0.000003 179.999991 -0.010387 -0.042080000000000006 -0.00075 178.82248 1.869412 177.003929 -84.734733 4.204735 -103.010994 5.708123 -0.439315 -12.35647 0 0.000003 0 2.480735 7.21661 0.215445 75.504886 -7.992029 9.334273 -0.15412 1.329519 -0.522786 9.791462 10.569297 -0.87067 0 0.000003 0 0 0.000003 0 0 0.000003 0 0 0.000003 0 -0.008803 -0.136034 7.405336 -0.004954 -0.102143 5.553998 -0.002203 -0.068149 3.702663 0.013427 -0.03462 2.44792 0 0.000003 0 80.082069 -0.00747 71.510701 12.026087 -1.237717 -8.471333 0 0.000003 0 1.900672 9.762248 0.852454 75.690319 -9.031782 11.401314 -0.421239 2.455134 -0.80889 6.46012 11.802788 -2.068851 0 0.000003 0 0 0.000003 0 0 0.000003 0 0 0.000003 0 -0.016955 -0.188422 10.283821 -0.009549 -0.141649 7.712854 -0.004247 -0.094589 5.141897 -0.001062 -0.047344 2.570946 0 0.000003 0 90.084936 7.44189 90.035171 16.049271 -0.065629 -1.106121 -14.447891 0.419499 0.662094 10.417066 1.015064 -1.622269 76.915805 -66.074775 146.550031 48.407962 -42.517952 79.812284 1.399843 45.505147 0.626293 5.231949 1.952952 -4.48022 -5.475452 3.597531 -0.016472 5.567135 -15.315433 -24.893183 6.482268 -0.197144 -3.991674 1.284709 -9.153195 3.241604 11.104943 4.511704 7.178783 -0.034264 0.000003 0 3.93829 -7.564302 14.038317 21.401961 4.146269 0.965038 2.820115 2.048718 3.641357 0 0.000003 0 2.740024 -4.265498 -20.429135 16.625391 -7.152059 -7.158574 -9.293135 3.956526 -4.551635 0 0.000003 0 7.055452 8.44855 -1.604952 7.777845 -1.982467 -8.403433 -6.530912 -0.608212 -8.606651 -0.019782 0.000003 0 25.57308 44.865063 59.697001 13.365593 10.603625 22.106242 -0.472524 -12.780873 -30.031898 -6.07677 7.97907 9.192813 0 0.000003 0 0 0.000003 0.000008 0.000002 0.000009 -31.617963 0.000003 0.000009 -63.235927 -0.000007 0.000016 -94.853904 -0.052562 0.089294 -60.146823 -0.030944 0.073031 -45.1101 -0.014287 0.051707 -30.073391 -0.003732 0.026797 -15.036692 0 -0.013986 0 -94.201477 -63.562991 113.760079 41.712092 -58.766245 11.288138 30.628556 0.208972 0.056988 1.815198 -5.281209 86.934006 0.879527 1.98896 0.159949 -2.31197 -14.287039 -22.877688 25.165057 -7.995178 -6.317922 19.416233 -9.340466 -6.921078 7.336484 -1.104084 0.384212 0 0.000003 0 28.109461 -7.562465 -10.09053 41.37452 -7.865841 -6.530433 17.26679 -4.548637 -0.677763 0 0.000003 0 26.619593 -5.164563 -4.665532 30.420607 -6.235953 -2.73685 3.658667 -2.103641 -4.333154 0 0.000003 0 8.663154 2.329678 13.536887 35.723003 1.157112 -2.914963 8.117932 -1.99403 -2.363067 0 0.000003 0 25.57308 44.865063 59.697001 14.639018 -11.880162 23.373211 -37.367709 12.141791 -10.761755 -6.07677 7.97907 9.192813 0 0.000003 0 0 0.000003 0.000008 0 0.000003 -7.194715 0 0.000003 -14.389438 0 0.000003 -21.584161 -0.00194 0.019209 -10.712318 -0.001119 0.014442 -8.034238 -0.000521 0.009647 -5.356158 -0.000148 0.004825 -2.678078 0 0.000003 0 20.635398 -3.307073 0.531927 -0.013977 0.000563 2.711779 0 0.000003 0 -32.095243 -1.466132 4.753165 -89.999999 -90 0 0 0.000003 0 0 0.000003 0 90.000009 -63.648278 -90.000009 -5.682401 0.000003 0 -28.319916 0.000003 0 -16.252152 0.000003 0 0 0.000003 0 89.999996 -84.450021 179.999995 0 0.000003 0 -90.000003 -84.450021 0 0 0.000003 0 0 0.000003 0
0 0 0 179.999991 0.000003 179.999991 -0.010345 -0.042135000000000034 -0.000982 178.827603 1.871802 176.939466 -84.735477 4.28611 -102.878782 5.711341 -0.439527 -12.356492 0 0.000003 0 2.447261 7.236875 0.086627 75.504886 -7.992029 9.334273 -0.15412 1.329519 -0.522786 9.791463 10.56929 -0.870675 0 0.000003 0 0 0.000003 0 0 0.000003 0 0 0.000003 0 -0.008561 -0.134156 7.302563 -0.004818 -0.100736 5.476919 -0.002143 -0.067213 3.651277 0.013443 -0.034142 2.422227 0 0.000003 0 80.097266 -0.094493 71.578764 12.018727 -1.237047 -8.471161 0 0.000003 0 1.875704 9.775308 0.79743 75.690319 -9.031782 11.401314 -0.421239 2.455134 -0.80889 6.460147 11.802788 -2.068837 0 0.000003 0 0 0.000003 0 0 0.000003 0 0 0.000003 0 -0.016801 -0.187568 10.236894 -0.009462 -0.141007 7.677658 -0.004209 -0.094158 5.118433 -0.001053 -0.047126 2.559215 0 0.000003 0 90.144174 7.453549 90.026517 16.052608 -0.045439 -1.05528 -14.508631 0.366107 0.705977 10.548184 0.996486 -1.699358 77.794024 -66.692512 145.306855 49.278824 -41.29806 79.926156 1.543991 48.120017 0.731376 5.243032 1.92294 -4.152496 -5.919545 3.971655 -0.064055 5.567135 -15.315433 -24.893183 6.482288 -0.197158 -3.991666 1.284677 -9.153202 3.241624 11.104928 4.511773 7.178782 -0.034264 0.000003 0 3.938327 -7.564302 14.038323 21.401959 4.14633 0.965048 2.820074 2.048697 3.641366 0 0.000003 0 2.740039 -4.265492 -20.429133 16.625398 -7.152018 -7.15856 -9.293128 3.956519 -4.551638 0 0.000003 0 7.055453 8.448557 -1.604923 7.777801 -1.982467 -8.403411 -6.530913 -0.608205 -8.606662 -0.019782 0.000003 0 25.57308 44.865063 59.697001 13.365536 10.60355 22.106259 -0.472514 -12.780832 -30.031891 -6.07677 7.97907 9.192813 0 0.000003 0 0 0.000003 0.000008 0.000002 0.000009 -31.53025 0.000003 0.000009 -63.060514 -0.000007 0.000016 -94.590778 -0.054245 0.090229 -61.211295 -0.031979 0.074028 -45.908454 -0.014779 0.052533 -30.605627 -0.003861 0.027262 -15.302808 0 -0.013986 0 -94.909208 -63.708584 114.51935 44.3624 -57.969466 9.133732 31.101041 0.211882 0.058711 1.79064 -5.289562 87.200547 0.77079 1.962248 0.159553 -2.31197 -14.287039 -22.877688 25.165081 -7.995178 -6.317933 19.416262 -9.340472 -6.921079 7.336476 -1.104125 0.384211 0 0.000003 0 28.109538 -7.562424 -10.090509 41.374486 -7.865855 -6.530417 17.266828 -4.54861 -0.677748 0 0.000003 0 26.619636 -5.164549 -4.665513 30.420662 -6.23596 -2.736847 3.658711 -2.103627 -4.333148 0 0.000003 0 8.66319 2.329698 13.536911 35.723006 1.157139 -2.914947 8.117897 -1.994017 -2.363063 0 0.000003 0 25.57308 44.865063 59.697001 14.63904 -11.880121 23.37321 -37.367682 12.141722 -10.761728 -6.07677 7.97907 9.192813 0 0.000003 0 0 0.000003 0.000008 0 0.000003 -7.123904 0.000001 0.000003 -14.247816 0 0.000003 -21.371727 -0.001831 0.018642 -10.395261 -0.001057 0.014018 -7.796445 -0.000493 0.00936 -5.197629 -0.00014 0.004681 -2.598814 0 0.000003 0 20.621472 -3.705607 0.412706 -0.013978 0.000542 2.635546 0 0.000003 0 -32.121341 -1.518383 4.670291 -89.999999 -90 0 0 0.000003 0 0 0.000003 0 90.000009 -63.648278 -90.000009 -5.682401 0.000003 0 -28.319916 0.000003 0 -16.252152 0.000003 0 0 0.000003 0 89.999996 -84.450021 179.999995 0 0.000003 0 -90.000003 -84.450021 0 0 0.000003 0 0 0.000003 0
0 0 0 179.999991 0.000003 179.999991 -0.010226 -0.042159999999999975 -0.001829 178.848681 1.734208 176.820006 -84.716742 4.506848 -102.701982 5.566108 -0.430135 -12.355393 0 0.000003 0 2.478796 7.243008 0.059954 75.504886 -7.992029 9.334273 -0.15412 1.329519 -0.522786 9.791452 10.569283 -0.870672 0 0.000003 0 0 0.000003 0 0 0.000003 0 0 0.000003 0 -0.00825 -0.131704 7.168464 -0.004643 -0.098892 5.376344 -0.002064 -0.065977 3.584227 0.013463 -0.03352 2.388702 0 0.000003 0 80.157884 -0.432881 71.602021 11.7779 -1.214644 -8.466006 0 0.000003 0 1.897948 9.797062 0.6591 75.690319 -9.031782 11.401314 -0.421239 2.455134 -0.80889 6.46012 11.802788 -2.068851 0 0.000003 0 0 0.000003 0 0 0.000003 0 0 0.000003 0 -0.016825 -0.187705 10.24407 -0.009475 -0.141109 7.683041 -0.004215 -0.094227 5.122021 -0.001054 -0.047167 2.561009 0 0.000003 0 90.209894 7.469381 90.029605 16.051107 -0.0274 -0.991605 -14.567151 0.307525 0.762908 10.167189 0.998453 -1.548953 78.44725 -67.142318 144.120547 48.742525 -40.447394 81.248816 1.693607 50.580292 0.844885 5.261122 1.872738 -3.606249 -6.178355 4.166432 -0.096466 5.567135 -15.315433 -24.893183 6.482293 -0.197137 -3.991665 1.284665 -9.153209 3.241633 11.104923 4.511827 7.178766 -0.034264 0.000003 0 3.938338 -7.564295 14.03831 21.401932 4.146392 0.965051 2.820061 2.048684 3.641386 0 0.000003 0 2.740041 -4.265471 -20.429166 16.625357 -7.152046 -7.158539 -9.293109 3.956506 -4.551644 0 0.000003 0 7.055441 8.448571 -1.604954 7.777802 -1.98246 -8.403403 -6.530978 -0.608205 -8.606664 -0.019782 0.000003 0 25.57308 44.865063 59.697001 13.365538 10.603646 22.106264 -0.472489 -12.780914 -30.031877 -6.07677 7.97907 9.192813 0 0.000003 0 0 0.000003 0.000008 0 0.000009 -31.384053 0.000003 0.000009 -62.768113 -0.000007 0.000016 -94.152177 -0.057237 0.09178 -63.082377 -0.033833 0.075756 -47.311768 -0.015662 0.053975 -31.541165 -0.004092 0.028068 -15.770579 0 -0.013986 0 -95.401842 -63.852342 114.730499 45.685541 -57.775864 8.35745 31.89393 0.216711 0.061682 1.75933 -5.30004 87.539857 0.551897 1.969467 0.163583 -2.31197 -14.287039 -22.877688 25.165057 -7.995192 -6.317938 19.416232 -9.340472 -6.921067 7.336442 -1.104091 0.384205 0 0.000003 0 28.109497 -7.562472 -10.090535 41.374499 -7.865862 -6.530402 17.266824 -4.548664 -0.67775 0 0.000003 0 26.619621 -5.164577 -4.665543 30.420645 -6.23596 -2.736835 3.658657 -2.103648 -4.333145 0 0.000003 0 8.663169 2.329664 13.536881 35.723006 1.157071 -2.914964 8.117939 -1.994023 -2.363054 0 0.000003 0 25.57308 44.865063 59.697001 14.639023 -11.880183 23.373199 -37.367654 12.141736 -10.761714 -6.07677 7.97907 9.192813 0 0.000003 0 0 0.000003 0.000008 0 0.000003 -7.033763 0.000001 0.000003 -14.067534 0 0.000003 -21.101306 -0.001822 0.018587 -10.367983 -0.001052 0.013984 -7.775988 -0.00049 0.009339 -5.183991 -0.000139 0.004681 -2.591994 0 0.000003 0 20.295788 -3.696107 0.594518 -0.013981 0.000433 2.199934 0 0.000003 0 -31.945915 -1.624435 4.096625 -89.999999 -90 0 0 0.000003 0 0 0.000003 0 90.000009 -63.648278 -90.000009 -5.682401 0.000003 0 -28.319916 0.000003 0 -16.252152 0.000003 0 0 0.000003 0 89.999996 -84.450021 179.999995 0 0.000003 0 -90.000003 -84.450021 0 0 0.000003 0 0 0.000003 0
0 0 0 179.999991 0.000003 179.999991 -0.009875 -0.042233999999999994 -0.002774 178.890454 1.467107 176.64895 -84.65486 4.737934 -102.470084 5.500659 -0.425901 -12.354916 0 0.000003 0 2.448181 6.981979 0.200224 75.504886 -7.992029 9.334273 -0.15412 1.329519 -0.522786 9.774498 10.658287 -0.884603 0 0.000003 0 0 0.000003 0 0 0.000003 0 0 0.000003 0 -0.007848 -0.128473 6.991575 -0.004417 -0.096453 5.243678 -0.001964 -0.064358 3.495783 0.013488 -0.032687 2.344481 0 0.000003 0 80.263698 -0.893284 71.610599 11.488493 -1.18772 -8.459947 0 0.000003 0 1.897155 9.826316 0.411633 75.690319 -9.031782 11.401314 -0.421239 2.455134 -0.80889 6.460147 11.802781 -2.068837 0 0.000003 0 0 0.000003 0 0 0.000003 0 0 0.000003 0 -0.016916 -0.188203 10.271697 -0.009526 -0.141485 7.70376 -0.004237 -0.09448 5.135834 -0.00106 -0.04729 2.567915 0 0.000003 0 90.272691 7.501094 90.045792 16.049476 -0.014921 -0.92069 -14.618679 0.24214 0.828229 10.072068 0.663856 -1.486409 79.335297 -67.592953 143.094584 48.603264 -39.476326 82.261466 1.835401 52.696025 0.95605 5.28576 1.801854 -2.837804 -6.249536 4.200412 -0.107815 5.567135 -15.315433 -24.893183 6.482246 -0.197124 -3.991674 1.284644 -9.153216 3.241642 11.104894 4.511868 7.178787 -0.034264 0.000003 0 3.93835 -7.564282 14.038289 21.401882 4.146364 0.965059 2.820094 2.048684 3.64138 0 0.000003 0 2.740018 -4.265457 -20.429195 16.625357 -7.152087 -7.158524 -9.293089 3.956513 -4.551651 0 0.000003 0 7.055432 8.448578 -1.604972 7.777828 -1.982467 -8.4034 -6.530902 -0.608192 -8.606672 -0.019782 0.000003 0 25.57308 44.865063 59.697001 13.365537 10.603666 22.106259 -0.472499 -12.780893 -30.031894 -6.07677 7.97907 9.192813 0 0.000003 0 0 0.000003 0.000008 0.000002 0.000009 -31.178366 0.000003 0.000009 -62.356745 -0.000003 0.000016 -93.535124 -0.059962 0.093084 -64.755261 -0.035526 0.077259 -48.566429 -0.016469 0.055245 -32.377603 -0.004306 0.028799 -16.188798 0 -0.013986 0 -96.53215 -63.779281 115.951054 46.812006 -56.896399 7.217987 33.083616 0.223869 0.066226 1.719203 -5.313154 87.973724 0.114474 2.20713 0.187875 -2.31197 -14.287039 -22.877688 25.220544 -7.934553 -6.302832 19.427356 -9.284697 -6.912064 7.352688 -1.081421 0.386699 0 0.000003 0 28.122734 -7.47482 -10.038797 41.387811 -7.742912 -6.494378 17.287841 -4.495095 -0.668471 0 0.000003 0 26.627441 -5.080415 -4.623609 30.427714 -6.145972 -2.716254 3.664887 -2.071054 -4.329027 0 0.000003 0 8.652609 2.368193 13.54156 35.711733 1.248486 -2.887493 8.115224 -1.958944 -2.357775 0 0.000003 0 25.57308 44.865063 59.697001 14.639045 -11.880176 23.373191 -37.367654 12.141743 -10.761742 -6.07677 7.97907 9.192813 0 0.000003 0 0 0.000003 0.000008 0 0.000003 -6.918507 0.000001 0.000003 -13.837022 0 0.000003 -20.755536 -0.001744 0.018184 -10.13629 -0.001008 0.01367 -7.602217 -0.00047 0.009128 -5.068144 -0.000134 0.004565 -2.534071 0 0.000003 0 20.079776 -4.288448 0.498881 -0.013983 0.000365 1.896715 0 0.000003 0 -31.804728 -1.636613 3.669619 -89.999999 -90 0 0 0.000003 0 0 0.000003 0 90.000009 -63.648278 -90.000009 -5.682401 0.000003 0 -28.319916 0.000003 0 -16.252152 0.000003 0 0 0.000003 0 89.999996 -84.450021 179.999995 0 0.000003 0 -90.000003 -84.450021 0 0 0.000003 0 0 0.000003 0
0 0 0 179.999991 0.000003 179.999991 -0.009403 -0.042233999999999994 -0.004462 178.928731 1.120283 176.46377 -84.612534 5.148804 -102.174576 5.132385 -0.402063 -12.352259 0 0.000003 0 2.572278 6.972232 0.272442 75.504886 -7.992029 9.334273 -0.15412 1.329519 -0.522786 9.774511 10.658287 -0.884599 0 0.000003 0 0 0.000003 0 0 0.000003 0 0 0.000003 0 -0.007357 -0.124403 6.769067 -0.004141 -0.0934 5.076796 -0.001841 -0.062309 3.384529 0.013519 -0.031649 2.288854 0 0.000003 0 80.401476 -1.560887 71.590054 10.943012 -1.136842 -8.448878 0 0.000003 0 1.961527 9.851765 0.115616 75.690319 -9.031782 11.401314 -0.421239 2.455134 -0.80889 6.460174 11.802795 -2.068851 0 0.000003 0 0 0.000003 0 0 0.000003 0 0 0.000003 0 -0.017124 -0.189351 10.33492 -0.009643 -0.142352 7.751178 -0.00429 -0.09506 5.167445 -0.001073 -0.047577 2.583721 0 0.000003 0 90.326178 7.555496 90.15306 16.041024 0.000604 -0.915771 -14.667196 0.169255 0.908921 9.976666 0.75562 -1.42531 79.528298 -67.778094 142.537787 47.462097 -38.33636 83.871458 1.949424 54.262078 1.047681 5.311187 1.725267 -2.011598 -6.238534 4.172586 -0.109105 5.567135 -15.315433 -24.893183 6.482236 -0.197137 -3.991651 1.284602 -9.153243 3.241651 11.104906 4.511909 7.178792 -0.034264 0.000003 0 3.938388 -7.564261 14.038276 21.658173 4.276411 0.984155 2.691814 2.21351 3.632802 0 0.000003 0 2.740044 -4.265437 -20.429202 16.640241 -7.401914 -7.160373 -9.29138 3.960044 -4.551518 0 0.000003 0 7.055445 8.448585 -1.604987 7.777841 -1.982446 -8.403394 -6.530858 -0.608199 -8.606684 -0.019782 0.000003 0 25.57308 44.865063 59.697001 13.365519 10.603639 22.106266 -0.472489 -12.780907 -30.031894 -6.07677 7.97907 9.192813 0 0.000003 0 0 0.000003 0.000008 0.000002 0.000009 -30.957211 0 0.000009 -61.914422 -0.000003 0.000016 -92.871639 -0.06392 0.094819 -67.15054 -0.038001 0.079349 -50.362885 -0.017658 0.057055 -33.575236 -0.004618 0.02983 -16.787615 0 -0.013986 0 -97.220906 -63.724518 116.592682 47.767013 -56.920281 6.074681 34.650369 0.233185 0.072455 1.738034 -5.307034 87.770198 -0.49649 2.781392 0.231748 -2.31197 -14.287039 -22.877688 25.165026 -7.995219 -6.646591 19.392712 -9.455937 -6.939592 7.302628 -1.150768 0.379048 0 0.000003 0 28.109497 -7.562492 -10.090536 41.37452 -7.866039 -6.530451 17.266783 -4.54863 -0.677733 0 0.000003 0 26.619614 -5.164597 -4.665555 30.420652 -6.236097 -2.736861 3.658662 -2.103668 -4.333148 0 0.000003 0 8.663169 2.329678 13.816131 35.703072 1.31758 -2.866755 8.113187 -1.932401 -2.3538 0 0.000003 0 25.57308 44.865063 59.697001 14.639068 -11.880183 23.373193 -37.367654 12.141757 -10.761728 -6.07677 7.97907 9.192813 0 0.000003 0 0 0.000003 0.000008 0 -0.000004 -6.972572 0.000001 0.000003 -13.945152 0 0.000003 -20.917731 -0.001615 0.017474 -9.735108 -0.000933 0.013137 -7.30133 -0.000437 0.008772 -4.867553 -0.000125 0.004387 -2.433776 0 0.000003 0 19.861005 -4.271564 0.607013 -0.013986 0.000255 1.489742 0 0.000003 0 -31.564019 -1.786843 3.156699 -89.999999 -90 0 0 0.000003 0 0 0.000003 0 90.000009 -63.648278 -90.000009 -5.682401 0.000003 0 -28.319916 0.000003 0 -16.252152 0.000003 0 0 0.000003 0 89.999996 -84.450021 179.999995 0 0.000003 0 -90.000003 -84.450021 0 0 0.000003 0 0 0.000003 0
0 0 0 179.999991 0.000003 179.999991 -0.008944 -0.042239000000000027 -0.006022 178.949686 0.769901 176.317468 -84.588382 5.499562 -101.864936 4.79969 -0.380541 -12.349972 0 0.000003 0 2.677931 6.963162 0.328627 75.504886 -7.992029 9.334273 -0.15412 1.329519 -0.522786 9.774522 10.65828 -0.8846 0 0.000003 0 0 0.000003 0 0 0.000003 0 0 0.000003 0 -0.006854 -0.120093 6.533507 -0.003858 -0.090156 4.900127 -0.001715 -0.060137 3.26675 0.013551 -0.030556 2.229965 0 0.000003 0 80.517542 -2.146255 71.599937 10.462488 -1.091953 -8.439523 0 0.000003 0 1.968196 9.613569 -0.142676 75.690319 -9.031782 11.401314 -0.421239 2.455134 -0.80889 6.436023 11.880133 -2.147275 0 0.000003 0 0 0.000003 0 0 0.000003 0 0 0.000003 0 -0.017227 -0.189911 10.366053 -0.009702 -0.142776 7.774528 -0.004315 -0.095347 5.183012 -0.001079 -0.04772 2.591504 0 0.000003 0 90.332004 7.650354 90.152999 16.020058 -0.012497 -0.790622 -14.703929 0.094184 0.983108 9.933955 0.338923 -1.346942 79.670373 -67.943275 142.382236 46.942838 -37.755408 84.583943 2.012098 55.073464 1.09878 5.329078 1.669034 -1.407494 -6.268277 4.0916 -0.112482 5.567135 -15.315433 -24.893183 6.482243 -0.197124 -3.991639 1.281819 -9.133675 3.2421 11.104017 4.49954 7.177208 -0.034264 0.000003 0 3.938375 -7.564254 14.038293 21.40186 4.146419 0.965082 2.820048 2.04867 3.641381 0 0.000003 0 2.740029 -4.26541 -20.429209 16.625374 -7.152087 -7.158529 -9.293143 3.956526 -4.55165 0 0.000003 0 7.055439 8.448605 -1.604966 7.499444 -1.904568 -8.394233 -6.500527 -0.879781 -8.607207 -0.019782 0.000003 0 25.57308 44.865063 59.697001 13.365531 10.603694 22.106254 -0.472487 -12.780893 -30.031877 -6.07677 7.97907 9.192813 0 0.000003 0 0 0.000003 0.000008 0.000002 0.000009 -30.795486 0.000003 0.000016 -61.590985 -0.000003 0.000016 -92.386477 -0.065788 0.095577 -68.268301 -0.039181 0.080305 -51.201209 -0.018225 0.057888 -34.134123 -0.004769 0.030308 -17.067056 0 -0.013986 0 -97.849536 -63.583924 117.203929 47.841213 -56.596174 5.836149 36.263028 0.242577 0.079128 1.764197 -5.298421 87.487162 -1.113912 3.466419 0.269956 -2.31197 -14.287039 -22.877688 25.165029 -7.995212 -6.317895 19.416187 -9.340616 -6.92107 7.336456 -1.104084 0.384186 0 0.000003 0 28.109514 -7.562499 -10.090543 41.37454 -7.866101 -6.530469 17.266858 -4.548685 -0.677752 0 0.000003 0 26.619607 -5.164611 -4.665549 30.420665 -6.236192 -2.736873 3.658682 -2.103655 -4.333152 0 0.000003 0 8.663154 2.329657 13.536882 35.723112 1.156873 -2.914986 8.117914 -1.994099 -2.363091 0 0.000003 0 25.57308 44.865063 59.697001 14.639105 -11.880217 23.373193 -37.367654 12.141709 -10.761714 -6.07677 7.97907 9.192813 0 0.000003 0 0 0.000003 0.000008 0 0.000003 -7.047761 0.000001 0.000003 -14.095531 0 0.000003 -21.1433 -0.001586 0.01731 -9.644911 -0.000917 0.013014 -7.233683 -0.000429 0.008697 -4.822454 -0.000123 0.004353 -2.411226 0 0.000003 0 19.616361 -4.5713 0.625038 -0.013987 0.000173 1.14736 0 0.000003 0 -31.255957 -1.727236 2.640441 -89.999999 -90 0 0 0.000003 0 0 0.000003 0 90.000009 -63.648278 -90.000009 -5.682401 0.000003 0 -28.319916 0.000003 0 -16.252152 0.000003 0 0 0.000003 0 89.999996 -84.450021 179.999995 0 0.000003 0 -90.000003 -84.450021 0 0 0.000003 0 0 0.000003 0
0 0 0 179.999991 0.000003 179.999991 -0.00875 -0.042219000000000007 -0.007797 178.947172 0.403318 176.203513 -84.597022 5.836023 -101.574209 4.436462 -0.357011 -12.34765 0 0.000003 0 2.792934 6.939263 0.41294 75.504886 -7.992029 9.334273 -0.15412 1.329519 -0.522786 9.774506 10.658287 -0.884609 0 0.000003 0 0 0.000003 0 0 0.000003 0 0 0.000003 0 -0.006398 -0.116036 6.31192 -0.003601 -0.087103 4.733938 -0.001601 -0.058102 3.155957 0.01358 -0.029518 2.174568 0 0.000003 0 80.59727 -2.751724 71.564154 9.90226 -1.039518 -8.429095 0 0.000003 0 2.048817 9.656947 -0.450517 75.690319 -9.031782 11.401314 -0.421239 2.455134 -0.80889 6.436023 11.880133 -2.147289 0 0.000003 0 0 0.000003 0 0 0.000003 0 0 0.000003 0 -0.017445 -0.191099 10.431603 -0.009824 -0.143671 7.823689 -0.00437 -0.095948 5.215787 -0.001093 -0.048021 2.607892 0 0.000003 0 90.305011 7.763988 90.154761 15.999452 -0.032127 -0.679849 -14.73202 0.017215 1.048063 9.89252 0.476074 -1.297452 79.70535 -68.043455 142.441317 46.155666 -37.035148 84.975183 2.015487 55.116016 1.10157 5.342373 1.625861 -0.945054 -6.074768 4.058269 -0.092936 5.567135 -15.315433 -24.893183 6.237645 -0.22622 -3.997524 1.284574 -9.153277 3.241656 11.10612 4.529511 7.18108 -0.034264 0.000003 0 3.72114 -7.702395 14.079989 21.397671 4.167784 0.968833 2.820102 2.053704 3.641664 0 0.000003 0 2.521616 -4.403837 -20.408701 16.629088 -7.141951 -7.157081 -9.293078 3.956642 -4.551627 0 0.000003 0 6.832419 8.311605 -1.636414 7.777653 -1.983553 -8.403506 -6.530889 -0.608356 -8.606688 -0.019782 0.000003 0 25.57308 44.865063 59.697001 13.365528 10.603632 22.106271 -0.472489 -12.780873 -30.031908 -6.07677 7.97907 9.192813 0 0.000003 0 0 0.000003 0.000008 0.000002 0.000009 -30.671682 0.000003 0.000016 -61.343377 -0.000007 0.000016 -92.015072 -0.067359 0.096172 -69.196073 -0.04017 0.081077 -51.897034 -0.018703 0.058571 -34.598009 -0.004896 0.030711 -17.298998 0 -0.013986 0 -98.360605 -63.395204 117.752885 48.073084 -56.835146 5.740719 37.634001 0.250404 0.08501 1.781744 -5.292554 87.297003 -1.602489 4.064211 0.29266 -2.31197 -14.287039 -22.877688 25.165026 -7.995233 -6.455057 19.406465 -9.38881 -6.928819 7.322346 -1.123605 0.382022 0 0.000003 0 28.109514 -7.562533 -10.422326 41.349692 -8.086306 -6.594814 17.228841 -4.644355 -0.694272 0 0.000003 0 26.619628 -5.164625 -4.958652 30.40831 -6.385248 -2.770865 3.648337 -2.157497 -4.339945 0 0.000003 0 8.663152 2.329657 13.956996 35.692765 1.398415 -2.842518 8.110679 -1.901351 -2.349142 0 0.000003 0 25.57308 44.865063 59.697001 14.639117 -11.880196 22.977494 -37.299298 12.381681 -10.831437 -6.07677 7.97907 9.192813 0 0.000003 0 0 0.000003 0.000008 0 0.000003 -7.098279 0.000001 0.000003 -14.196567 0 0.000003 -21.294855 -0.001583 0.01729 -9.635124 -0.000915 0.013 -7.226342 -0.000428 0.008677 -4.81756 -0.000123 0.00434 -2.408779 0 0.000003 0 19.396808 -4.564961 0.743382 -0.013988 0.000057 0.653132 0 0.000003 0 -30.664319 -1.901392 2.011318 -89.999999 -90 0 0 0.000003 0 0 0.000003 0 90.000009 -63.648278 -90.000009 -5.682401 0.000003 0 -28.319916 0.000003 0 -16.252152 0.000003 0 0 0.000003 0 89.999996 -84.450021 179.999995 0 0.000003 0 -90.000003 -84.450021 0 0 0.000003 0 0 0.000003 0
0 0 0 179.999991 0.000003 179.999991 -0.008698 -0.042278999999999956 -0.00924 178.9397 0.043572 176.10815 -84.59567 6.033682 -101.34048 4.303486 -0.348399 -12.346832 0 0.000003 0 2.807363 6.93651 0.547943 75.504886 -7.992029 9.334273 -0.15412 1.329519 -0.522786 9.77451 10.658294 -0.884601 0 0.000003 0 0 0.000003 0 0 0.000003 0 0 0.000003 0 -0.006038 -0.112737 6.132017 -0.003398 -0.084624 4.599011 -0.001511 -0.056456 3.066006 0.013603 -0.028684 2.129593 0 0.000003 0 80.640717 -3.228792 71.493359 9.524572 -1.004131 -8.422344 0 0.000003 0 2.06821 9.715632 -0.71684 75.690319 -9.031782 11.401314 -0.421239 2.455134 -0.80889 6.436023 11.880119 -2.147289 0 0.000003 0 0 0.000003 0 0 0.000003 0 0 0.000003 0 -0.017725 -0.192616 10.515204 -0.009982 -0.144811 7.886389 -0.00444 -0.096713 5.257587 -0.001111 -0.04841 2.628791 0 0.000003 0 90.255588 7.867711 90.157643 15.978452 -0.054905 -0.593222 -14.752044 -0.060479 1.086647 9.884414 0.038941 -1.248745 79.496633 -68.053376 142.66461 45.867637 -37.089714 84.958162 1.972316 54.560926 1.066276 5.346947 1.610711 -0.783118 -6.289356 3.728179 -0.108828 5.567135 -15.315433 -24.893183 6.48223 -0.19713 -3.991611 1.28186 -9.133647 2.935136 11.099553 4.436579 7.249455 -0.034264 0.000003 0 3.938351 -7.564295 14.038297 21.401862 4.146426 0.719339 2.81987 2.027694 3.696803 0 0.000003 0 2.740029 -4.265396 -20.429205 16.625357 -7.152114 -7.158507 -9.293109 3.956506 -4.551641 0 0.000003 0 7.055447 8.448605 -1.604961 7.777839 -1.98246 -8.403393 -6.530887 -0.608171 -8.606699 -0.019782 0.000003 0 25.57308 44.865063 59.697001 13.365528 10.603666 21.937659 -0.510733 -12.779439 -30.021188 -6.07677 7.97907 9.192813 0 0.000003 0 0 0.000003 0.000008 0.000002 0.000009 -30.62833 0.000003 0.000009 -61.256661 -0.000003 0.000016 -91.885005 -0.067274 0.096137 -69.147524 -0.040119 0.081029 -51.860615 -0.018681 0.058537 -34.573728 -0.00489 0.030691 -17.28686 0 -0.013986 0 -98.665539 -63.196856 118.132397 47.614468 -56.580468 6.544079 38.513077 0.255349 0.088874 1.785879 -5.291161 87.25217 -1.845644 4.426204 0.303137 -2.31197 -14.287039 -22.877688 25.165012 -7.995246 -6.597007 19.396282 -9.43867 -6.936815 7.307858 -1.143808 0.379793 0 0.000003 0 28.109504 -7.56254 -10.090519 41.374554 -7.86619 -6.530521 17.266886 -4.548719 -0.677783 0 0.000003 0 26.619617 -5.164631 -4.665535 30.420655 -6.236315 -2.736902 3.658709 -2.103641 -4.333146 0 0.000003 0 8.66316 2.329664 13.536918 35.723132 1.156777 -3.126388 8.121455 -2.041411 -2.522942 0 0.000003 0 25.57308 44.865063 59.697001 14.639107 -11.880196 23.373198 -37.367654 12.141675 -10.761701 -6.07677 7.97907 9.192813 0 0.000003 0 0 0.000003 0.000008 0 0.000003 -7.110188 0.000001 0.000003 -14.220385 0 0.000003 -21.330582 -0.001702 0.017952 -10.005544 -0.000983 0.013492 -7.504157 -0.000459 0.009012 -5.002771 -0.000131 0.004517 -2.501385 0 0.000003 0 19.207055 -4.739964 0.753673 -0.013988 0.00005 0.620567 0 0.000003 0 -30.614127 -1.689028 1.871619 -89.999999 -90 0 0 0.000003 0 0 0.000003 0 90.000009 -63.648278 -90.000009 -5.682401 0.000003 0 -28.319916 0.000003 0 -16.252152 0.000003 0 0 0.000003 0 89.999996 -84.450021 179.999995 0 0.000003 0 -90.000003 -84.450021 0 0 0.000003 0 0 0.000003 0
0 0 0 179.999991 0.000003 179.999991 -0.008559 -0.042294000000000054 -0.011036 178.940192 -0.262352 176.022198 -84.585568 6.296044 -101.202011 4.058435 -0.332518 -12.345381 0 0.000003 0 2.871363 6.927078 0.725025 75.504886 -7.992029 9.334273 -0.15412 1.329519 -0.522786 9.774503 10.65828 -0.884611 0 0.000003 0 0 0.000003 0 0 0.000003 0 0 0.000003 0 -0.005838 -0.110858 6.029583 -0.003286 -0.083217 4.522185 -0.00146 -0.055506 3.014789 0.013616 -0.028206 2.103984 0 0.000003 0 80.711266 -3.771075 71.364863 9.004676 -0.955309 -8.413447 0 0.000003 0 2.157679 9.741819 -0.877235 75.690319 -9.031782 11.401314 -0.421239 2.455134 -0.80889 6.607488 11.619889 -2.106936 0 0.000003 0 0 0.000003 0 0 0.000003 0 0 0.000003 0 -0.018171 -0.194999 10.647005 -0.010234 -0.146621 7.985239 -0.004552 -0.097915 5.323487 -0.001139 -0.049011 2.661741 0 0.000003 0 90.204437 7.949359 90.28017 15.955097 -0.061988 -0.653246 -14.770714 -0.13656 1.09401 9.864814 0.20874 -1.253154 79.504092 -68.067819 142.775915 45.348215 -37.005419 84.714502 1.904865 53.663153 1.011644 5.340563 1.63181 -1.008711 -6.241567 3.588611 -0.100552 5.567135 -15.315433 -24.893183 6.44764 -0.218331 -3.994142 1.284475 -9.153353 3.516055 11.106972 4.542345 7.366448 -0.034264 0.000003 0 3.926084 -7.583242 14.275832 21.393141 4.190474 1.175558 2.820176 2.076373 3.749107 0 0.000003 0 2.734488 -4.281918 -20.239596 16.633416 -7.130435 -7.155462 -9.292993 3.95682 -4.372605 0 0.000003 0 7.075532 8.423367 -1.413943 7.7798 -1.970391 -8.225903 -6.529409 -0.601724 -8.725745 -0.019782 0.000003 0 25.57308 44.865063 59.697001 13.365553 10.603646 22.106252 -0.472499 -12.780893 -29.892569 -6.07677 7.97907 9.192813 0 0.000003 0 0 0.000003 0.000008 0.000002 0.000016 -30.68873 0.000003 0.000009 -61.37746 -0.000007 0.000016 -92.066196 -0.067018 0.096042 -68.993059 -0.039953 0.080899 -51.744775 -0.018595 0.058421 -34.496502 -0.004869 0.030622 -17.248246 0 -0.013986 0 -98.43836 -63.107008 118.298958 47.796475 -56.853341 6.833094 38.786233 0.2569 0.09009 1.759491 -5.299985 87.538081 -1.786631 4.503822 0.308943 -2.31197 -14.287039 -22.877688 25.253959 -7.898032 -6.29365 19.433982 -9.251236 -6.906646 7.362463 -1.067768 0.388172 0 0.000003 0 28.130694 -7.422057 -10.300724 41.374861 -7.863594 -6.794884 17.235769 -4.627273 -0.765133 0 0.000003 0 26.632157 -5.029735 -4.8476 30.422045 -6.218687 -2.963944 3.651687 -2.140285 -4.370268 0 0.000003 0 8.646246 2.391395 13.502111 35.708004 1.278969 -2.878342 8.114386 -1.94723 -2.356077 0 0.000003 0 25.57308 44.865063 59.697001 14.639138 -11.880189 23.489946 -37.111714 11.719596 -10.433797 -6.07677 7.97907 9.192813 0 0.000003 0 0 0.000003 0.000008 0 0.000003 -7.034236 0.000001 0.000003 -14.06848 0 0.000003 -21.102723 -0.001769 0.018307 -10.205875 -0.001021 0.013765 -7.654406 -0.000476 0.009196 -5.102936 -0.000136 0.004599 -2.551468 0 0.000003 0 19.060381 -4.726878 0.801845 -0.013988 -0.000018 0.342016 0 0.000003 0 -30.203882 -1.785477 1.51754 -89.999999 -90 0 0 0.000003 0 0 0.000003 0 90.000009 -63.648278 -90.000009 -5.682401 0.000003 0 -28.319916 0.000003 0 -16.252152 0.000003 0 0 0.000003 0 89.999996 -84.450021 179.999995 0 0.000003 0 -90.000003 -84.450021 0 0 0.000003 0 0 0.000003 0
0 0 0 179.999991 0.000003 179.999991 -0.008331 -0.042344999999999966 -0.012415 178.951721 -0.51567 175.940455 -84.551185 6.489823 -101.089136 3.940346 -0.324862 -12.344711 0 0.000003 0 2.87992 6.941455 0.878709 75.504886 -7.992029 9.334273 -0.15412 1.329519 -0.522786 9.77451 10.65828 -0.884612 0 0.000003 0 0 0.000003 0 0 0.000003 0 0 0.000003 0 -0.005678 -0.109335 5.946302 -0.003196 -0.082069 4.459724 -0.00142 -0.054741 2.973148 0.013626 -0.027817 2.083164 0 0.000003 0 80.776986 -4.198515 71.191321 8.637422 -0.920782 -8.407436 0 0.000003 0 1.873301 9.783975 -1.011972 75.690319 -9.031782 11.401314 -0.421239 2.455134 -0.80889 6.625902 11.616822 -2.102619 0 0.000003 0 0 0.000003 0 0 0.000003 0 0 0.000003 0 -0.018718 -0.197895 10.806747 -0.010542 -0.1488 8.105045 -0.00469 -0.09939 5.403357 -0.001173 -0.049749 2.701676 0 0.000003 0 90.132085 8.017716 90.313645 15.935803 -0.077336 -0.661907 -14.790244 -0.205593 1.087962 10.070993 -0.223386 -1.484562 79.513046 -67.960634 142.688871 45.532753 -37.549881 84.314102 1.835955 52.703757 0.956496 5.336947 1.643633 -1.135253 -6.193495 3.491465 -0.093692 5.567135 -15.315433 -24.893183 6.482216 -0.197144 -3.991617 1.281733 -9.133723 3.242098 11.104049 4.499581 7.177233 -0.034264 0.000003 0 3.938337 -7.564309 14.038286 21.401851 4.14644 0.965127 2.820117 2.048759 3.641363 0 0.000003 0 2.740026 -4.265389 -20.429193 16.625319 -7.152093 -7.158502 -9.293124 3.956526 -4.551644 0 0.000003 0 7.055441 8.448591 -1.604952 7.777842 -1.982419 -8.403399 -6.530922 -0.608171 -8.606692 -0.019782 0.000003 0 25.57308 44.865063 59.697001 13.365535 10.603591 22.106245 -0.472487 -12.780887 -30.031911 -6.07677 7.97907 9.192813 0 0.000003 0 0 0.000003 0.000008 0.000002 0.000009 -30.722608 0.000003 0.000009 -61.445215 -0.000003 0.000009 -92.167829 -0.065693 0.095543 -68.20965 -0.039122 0.08025 -51.157215 -0.018197 0.057847 -34.104794 -0.004761 0.030288 -17.052394 0 -0.013986 0 -98.458072 -62.955765 118.430617 47.025166 -56.711096 7.726057 38.441421 0.25496 0.08855 1.735876 -5.307744 87.793612 -1.488999 4.411499 0.313055 -2.31197 -14.287039 -22.877688 25.314529 -7.831328 -6.118593 19.456603 -9.134412 -6.699787 7.414177 -0.994712 0.478879 0 0.000003 0 28.144839 -7.325894 -10.035707 41.403842 -7.590455 -6.524268 17.305109 -4.451068 -0.759468 0 0.000003 0 26.640378 -4.937411 -4.559162 30.438806 -5.99676 -2.794155 3.671143 -2.037764 -4.385237 0 0.000003 0 8.634458 2.433537 13.715272 35.679733 1.49873 -2.638087 8.10428 -1.823856 -2.36703 0 0.000003 0 25.57308 44.865063 59.697001 14.639158 -11.880189 23.373177 -37.555184 11.768296 -10.799786 -6.07677 7.97907 9.192813 0 0.000003 0 0 0.000003 0.000008 0 0.000003 -6.966355 0.000001 0.000003 -13.932718 0 0.000003 -20.899081 -0.001877 0.018881 -10.528868 -0.001083 0.014189 -7.896651 -0.000505 0.009483 -5.264433 -0.000143 0.004743 -2.632215 0 0.000003 0 19.02362 -4.610976 0.83862 -0.013988 -0.000004 0.408094 0 0.000003 0 -30.18848 -1.314966 1.405125 -89.999999 -90 0 0 0.000003 0 0 0.000003 0 90.000009 -63.648278 -90.000009 -5.682401 0.000003 0 -28.319916 0.000003 0 -16.252152 0.000003 0 0 0.000003 0 89.999996 -84.450021 179.999995 0 0.000003 0 -90.000003 -84.450021 0 0 0.000003 0 0 0.000003 0
0 0 0 179.999991 0.000003 179.999991 -0.008277 -0.04250299999999996 -0.013837 178.98243 -0.734776 175.861197 -84.48903 6.598887 -100.980317 4.024841 -0.330312 -12.345188 0 0.000003 0 2.772449 6.990168 1.006087 75.504886 -7.992029 9.334273 -0.15412 1.329519 -0.522786 9.774509 10.65828 -0.884609 0 0.000003 0 0 0.000003 0 0 0.000003 0 0 0.000003 0 -0.005524 -0.107846 5.864869 -0.003109 -0.080942 4.39865 -0.001382 -0.05399 2.932432 0.013636 -0.027434 2.062806 0 0.000003 0 80.883483 -4.522225 70.987071 8.381376 -0.896685 -8.403383 0 0.000003 0 1.899381 9.753636 -1.024562 75.690319 -9.031782 11.401314 -0.421239 2.455134 -0.80889 6.625902 11.616829 -2.102619 0 0.000003 0 0 0.000003 0 0 0.000003 0 0 0.000003 0 -0.019338 -0.201112 10.98471 -0.010892 -0.151238 8.238518 -0.004845 -0.101016 5.492339 -0.001212 -0.050568 2.746167 0 0.000003 0 90.059746 8.07442 90.336656 15.918685 -0.090696 -0.675092 -14.807768 -0.267044 1.077173 9.831963 -0.040179 -1.264838 80.089719 -67.891514 142.373494 45.009079 -38.203575 83.750564 1.776465 51.839916 0.909455 5.328717 1.670195 -1.419893 -6.125299 3.481343 -0.085786 5.567135 -15.315433 -24.893183 6.482203 -0.197124 -3.9916 1.281726 -9.133723 3.242092 11.104055 4.499581 7.17724 -0.034264 0.000003 0 3.938335 -7.564275 14.038286 21.401845 4.146426 0.96513 2.820111 2.048759 3.641353 0 0.000003 0 2.740034 -4.265376 -20.429209 16.625336 -7.152121 -7.158504 -9.293113 3.956492 -4.551635 0 0.000003 0 7.055427 8.448605 -1.60495 7.777861 -1.982426 -8.403395 -6.530863 -0.608185 -8.60668 -0.019782 0.000003 0 25.57308 44.865063 59.697001 13.365555 10.603605 22.106233 -0.472506 -12.780866 -30.031911 -6.07677 7.97907 9.192813 0 0.000003 0 0 0.000003 0.000008 0.000002 0.000009 -30.798805 0.000003 0.000009 -61.597624 -0.000007 0.000016 -92.396436 -0.063989 0.094847 -67.191808 -0.038046 0.079383 -50.393839 -0.017678 0.057089 -33.595877 -0.004625 0.02985 -16.797935 0 -0.013986 0 -98.749939 -62.750547 118.563232 45.587585 -57.325888 9.735472 37.602473 0.250267 0.084853 1.768729 -5.296912 87.438019 -1.054626 4.211777 0.311347 -2.31197 -14.287039 -22.877688 25.165053 -7.99528 -6.317901 19.416177 -9.340671 -6.921087 7.33646 -1.104111 0.384141 0 0.000003 0 28.10957 -7.562554 -10.090558 41.374547 -7.866162 -6.530539 17.266872 -4.548733 -0.677825 0 0.000003 0 26.619689 -5.164645 -4.665568 30.420672 -6.236274 -2.73691 3.658728 -2.103689 -4.333179 0 0.000003 0 8.663193 2.329643 13.536893 35.723153 1.156838 -2.91501 8.117926 -1.994153 -2.36314 0 0.000003 0 25.57308 44.865063 59.697001 14.639138 -11.880196 23.373198 -37.367709 12.141654 -10.76166 -6.07677 7.97907 9.192813 0 0.000003 0 0 0.000003 0.000008 0 0.000003 -7.060816 0.000001 0.000003 -14.121641 0 0.000003 -21.182464 -0.002123 0.020117 -11.226088 -0.001223 0.015131 -8.419564 -0.000568 0.010104 -5.613043 -0.000161 0.005057 -2.806521 0 0.000003 0 18.92545 -4.558623 0.785565 -0.013988 -0.000032 0.29921 0 0.000003 0 -30.222224 -1.376335 1.280657 -89.999999 -90 0 0 0.000003 0 0 0.000003 0 90.000009 -63.648278 -90.000009 -5.682401 0.000003 0 -28.319916 0.000003 0 -16.252152 0.000003 0 0 0.000003 0 89.999996 -84.450021 179.999995 0 0.000003 0 -90.000003 -84.450021 0 0 0.000003 0 0 0.000003 0
0 0 0 179.999991 0.000003 179.999991 -0.00805 -0.042756000000000016 -0.015658 179.024258 -0.903761 175.776421 -84.405183 6.703683 -100.887672 4.182625 -0.34053 -12.346115 0 0.000003 0 2.554894 6.995619 0.839895 75.504886 -7.992029 9.334273 -0.15412 1.329519 -0.522786 9.864823 10.414484 -0.782023 0 0.000003 0 0 0.000003 0 0 0.000003 0 0 0.000003 0 -0.005397 -0.106603 5.796882 -0.003037 -0.080013 4.347659 -0.00135 -0.053369 2.898438 0.013644 -0.02712 2.045809 0 0.000003 0 80.945767 -4.842089 70.756641 8.256013 -0.884896 -8.401431 0 0.000003 0 1.836897 9.789644 -0.946844 75.690319 -9.031782 11.401314 -0.421239 2.455134 -0.80889 6.625902 11.616822 -2.102619 0 0.000003 0 0 0.000003 0 0 0.000003 0 0 0.000003 0 -0.020036 -0.204671 11.181975 -0.011286 -0.153929 8.386466 -0.005021 -0.102833 5.59097 -0.001256 -0.05147 2.795483 0 0.000003 0 89.98486 8.126008 90.324771 15.905041 -0.098796 -0.687241 -14.822048 -0.320736 1.066531 10.011469 -0.424685 -1.363891 80.288833 -67.652067 142.137852 45.061886 -39.206001 83.218178 1.726528 51.089606 0.870393 5.318114 1.703739 -1.780031 -5.966926 3.528751 -0.069729 5.567135 -15.315433 -24.893183 6.4822 -0.197124 -3.991629 1.284452 -9.153318 3.241665 11.104913 4.511944 7.178837 -0.034264 0.000003 0 3.938362 -7.564282 14.038288 21.401872 4.146405 0.965142 2.820047 2.048731 3.641365 0 0.000003 0 2.74004 -4.265369 -20.429214 16.625367 -7.152121 -7.15851 -9.293144 3.956506 -4.55163 0 0.000003 0 7.05542 8.448605 -1.604952 7.777882 -1.982412 -8.403398 -6.53091 -0.608192 -8.606669 -0.019782 0.000003 0 25.57308 44.865063 59.697001 13.365551 10.603605 22.106228 -0.472485 -12.780921 -30.031929 -6.07677 7.97907 9.192813 0 0.000003 0 0 0.000003 0.000008 0.000002 0.000009 -30.89522 0.000003 0.000009 -61.79044 -0.000007 0.000016 -92.685667 -0.061871 0.093952 -65.915984 -0.036717 0.078283 -49.436964 -0.01704 0.056126 -32.957965 -0.004457 0.029297 -16.478979 0 -0.013986 0 -98.856886 -62.659601 118.763739 44.299903 -57.327875 10.587314 36.319756 0.242911 0.079348 1.762841 -5.298865 87.50184 -0.6005 3.952421 0.304381 -2.31197 -14.287039 -22.877688 25.165023 -7.995287 -6.317897 19.416179 -9.340664 -6.921094 7.336505 -1.104139 0.384147 0 0.000003 0 28.10957 -7.562554 -10.090548 41.374527 -7.866156 -6.53053 17.266858 -4.54874 -0.677832 0 0.000003 0 26.619677 -5.164659 -4.665564 30.420659 -6.23624 -2.736914 3.658775 -2.103682 -4.333188 0 0.000003 0 8.663212 2.329637 13.536892 35.723139 1.156859 -2.914997 8.117925 -1.99414 -2.363129 0 0.000003 0 25.57308 44.865063 59.697001 14.639126 -11.880244 23.373216 -37.367709 12.141647 -10.761687 -6.07677 7.97907 9.192813 0 0.000003 0 0 0.000003 0.000008 0 0.000003 -7.043864 0.000001 0.000003 -14.087735 0 0.000003 -21.131606 -0.002167 0.020322 -11.345686 -0.001249 0.015288 -8.509263 -0.00058 0.010214 -5.672842 -0.000163 0.005111 -2.83642 0 0.000003 0 18.910263 -4.024099 0.94557 -0.013988 -0.000032 0.299209 0 0.000003 0 -30.222242 -1.376342 1.280666 -89.999999 -90 0 0 0.000003 0 0 0.000003 0 90.000009 -63.648278 -90.000009 -5.682401 0.000003 0 -28.319916 0.000003 0 -16.252152 0.000003 0 0 0.000003 0 89.999996 -84.450021 179.999995 0 0.000003 0 -90.000003 -84.450021 0 0 0.000003 0 0 0.000003 0
0 0 0 179.999991 0.000003 179.999991 -0.00787 -0.04290700000000003 -0.017415 179.074228 -1.024717 175.674815 -84.321895 6.91143 -100.872031 4.188104 -0.340913 -12.346148 0 0.000003 0 2.463051 7.054372 0.9682 75.504886 -7.992029 9.334273 -0.15412 1.329519 -0.522786 9.864823 10.414484 -0.782021 0 0.000003 0 0 0.000003 0 0 0.000003 0 0 0.000003 0 -0.005389 -0.106528 5.792779 -0.003033 -0.079959 4.344582 -0.001348 -0.053334 2.896387 0.013645 -0.0271 2.044784 0 0.000003 0 81.050023 -5.288032 70.586952 7.880036 -0.849441 -8.395721 0 0.000003 0 1.897376 9.793845 -0.885798 75.690319 -9.031782 11.401314 -0.421239 2.455134 -0.80889 6.625902 11.616822 -2.102605 0 0.000003 0 0 0.000003 0 0 0.000003 0 0 0.000003 0 -0.020593 -0.207464 11.33661 -0.0116 -0.156047 8.50244 -0.005161 -0.104247 5.668286 -0.001291 -0.052187 2.834141 0 0.000003 0 89.915308 8.149723 90.323917 15.893584 -0.110005 -0.707704 -14.833909 -0.372721 1.04827 9.808756 -0.250208 -1.287037 80.705672 -67.510315 142.06563 44.416713 -40.027437 82.794658 1.686928 50.475517 0.839711 5.305817 1.741755 -2.189096 -5.739189 3.561844 -0.047156 5.567135 -15.315433 -24.893183 6.482169 -0.197117 -3.991597 1.284461 -9.153318 3.241656 11.104913 4.511944 7.178841 -0.034264 0.000003 0 3.938313 -7.564295 14.038301 21.401858 4.146378 0.965136 2.700235 2.318988 3.636499 0 0.000003 0 2.740011 -4.265382 -20.429154 16.62534 -7.152093 -7.158518 -9.293259 3.956526 -4.551622 0 0.000003 0 7.055397 8.448591 -1.604918 7.77783 -1.982405 -8.403385 -6.530853 -0.608205 -8.606672 -0.019782 0.000003 0 25.57308 44.865063 59.697001 13.365552 10.603571 22.106254 -0.472485 -12.780907 -30.031922 -6.07677 7.97907 9.192813 0 0.000003 0 0 0.000003 0.000008 0.000002 0.000009 -31.004722 0 0.000009 -62.00945 -0.000003 0.000016 -93.014185 -0.060123 0.093166 -64.853507 -0.035626 0.077354 -48.64011 -0.016517 0.055327 -32.426726 -0.004318 0.028833 -16.21336 0 -0.013986 0 -98.55642 -62.801729 118.819542 43.077412 -58.003327 11.020647 34.700318 0.233513 0.072646 1.761014 -5.299473 87.521621 -0.159785 3.669201 0.29142 -2.31197 -14.287039 -22.877688 25.165021 -7.99528 -6.31793 19.416141 -9.340643 -6.921099 7.336438 -1.104098 0.384143 0 0.000003 0 28.109579 -7.562547 -10.090564 41.374516 -7.866142 -6.530545 17.266855 -4.54874 -0.677837 0 0.000003 0 26.619696 -5.164645 -4.66559 30.420652 -6.236213 -2.736922 3.658735 -2.103696 -4.3332 0 0.000003 0 8.663198 2.32965 13.536879 35.723098 1.156893 -2.915007 8.117997 -1.99416 -2.363152 0 0.000003 0 25.57308 44.865063 59.697001 14.63911 -11.880251 23.373208 -37.367764 12.141681 -10.761728 -6.07677 7.97907 9.192813 0 0.000003 0 0 0.000003 0.000008 0 0.000003 -7.038609 0.000001 0.000003 -14.077226 0 0.000003 -21.115842 -0.002083 0.019919 -11.115964 -0.001201 0.014988 -8.336973 -0.000559 0.010009 -5.557981 -0.000158 0.005009 -2.77899 0 0.000003 0 18.85919 -3.95258 0.798922 -0.013988 -0.000004 0.409454 0 0.000003 0 -29.80532 -1.095731 1.307443 -89.999999 -90 0 0 0.000003 0 0 0.000003 0 90.000009 -63.648278 -90.000009 -5.682401 0.000003 0 -28.319916 0.000003 0 -16.252152 0.000003 0 0 0.000003 0 89.999996 -84.450021 179.999995 0 0.000003 0 -90.000003 -84.450021 0 0 0.000003 0 0 0.000003 0
0 0 0 179.999991 0.000003 179.999991 -0.007653 -0.043008000000000046 -0.018948 179.132885 -1.092425 175.567499 -84.234271 7.153034 -100.846602 4.131253 -0.337231 -12.345804 0 0.000003 0 2.402562 7.10999 1.034198 75.504886 -7.992029 9.334273 -0.15412 1.329519 -0.522786 9.86483 10.414504 -0.782014 0 0.000003 0 0 0.000003 0 0 0.000003 0 0 0.000003 0 -0.00537 -0.10633 5.782181 -0.003022 -0.079808 4.336634 -0.001343 -0.053232 2.891088 0.013646 -0.027045 2.042134 0 0.000003 0 81.177987 -5.749999 70.464002 7.431701 -0.807148 -8.38924 0 0.000003 0 2.005121 9.776715 -0.82304 75.690319 -9.031782 11.401314 -0.421239 2.455134 -0.80889 6.625902 11.616829 -2.102619 0 0.000003 0 0 0.000003 0 0 0.000003 0 0 0.000003 0 -0.021019 -0.209582 11.453688 -0.01184 -0.157645 8.590248 -0.005268 -0.105319 5.726824 -0.001318 -0.05272 2.86341 0 0.000003 0 89.8565 8.173075 90.31012 15.892406 -0.121472 -0.722949 -14.837823 -0.420088 1.035294 9.956705 -0.592223 -1.282263 80.739625 -67.258241 142.033405 44.171544 -41.222375 82.489055 1.649297 49.878149 0.810825 5.292227 1.782723 -2.631045 -5.386598 3.523219 -0.01357 5.567135 -15.315433 -24.893183 6.482191 -0.19713 -3.991616 1.284455 -9.153305 3.241658 11.104919 4.511916 7.178832 -0.034264 0.000003 0 3.938336 -7.564302 14.038284 21.401903 4.146378 0.965129 2.820098 2.048752 3.641356 0 0.000003 0 2.740031 -4.265403 -20.429195 16.625357 -7.152073 -7.15852 -9.293126 3.956485 -4.551633 0 0.000003 0 7.055421 8.448571 -1.604962 7.77785 -1.982392 -8.403386 -6.530905 -0.608205 -8.606659 -0.019782 0.000003 0 25.57308 44.865063 59.697001 13.365553 10.603639 22.106239 -0.472472 -12.78088 -30.031925 -6.07677 7.97907 9.192813 0 0.000003 0 0 0.000003 0.000008 0.000002 0.000009 -31.123027 0 0.000009 -62.246062 -0.000007 0.000016 -93.369096 -0.058026 0.092169 -63.567328 -0.03432 0.0762 -47.675485 -0.015892 0.05435 -31.783643 -0.004154 0.028279 -15.891817 0 -0.013986 0 -98.850493 -62.654933 119.249147 41.407687 -57.903346 11.497829 32.985524 0.223357 0.065809 1.748737 -5.30353 87.654468 0.226011 3.331776 0.270493 -2.31197 -14.287039 -22.877688 25.16505 -7.995253 -6.317921 19.416199 -9.340616 -6.921117 7.33648 -1.104111 0.38414 0 0.000003 0 28.109568 -7.562506 -10.090597 41.374499 -7.866108 -6.530552 17.266863 -4.548726 -0.677838 0 0.000003 0 26.61967 -5.164618 -4.665615 30.420635 -6.236186 -2.736942 3.65868 -2.103682 -4.333209 0 0.000003 0 8.663175 2.329664 13.53686 35.723098 1.156955 -2.915002 8.117955 -1.99416 -2.363151 0 0.000003 0 25.57308 44.865063 59.697001 14.639076 -11.880237 23.373211 -37.367736 12.141695 -10.761728 -6.07677 7.97907 9.192813 0 0.000003 0 0 0.000003 0.000008 0 0.000003 -7.003314 0.000001 0.000003 -14.006636 0 0.000003 -21.009959 -0.002003 0.019523 -10.890407 -0.001155 0.014681 -8.167805 -0.000537 0.009811 -5.445203 -0.000152 0.004907 -2.7226 0 0.000003 0 18.846739 -3.459912 0.945698 -0.013988 -0.000004 0.409452 0 0.000003 0 -29.805327 -1.095737 1.307447 -89.999999 -90 0 0 0.000003 0 0 0.000003 0 90.000009 -63.648278 -90.000009 -5.682401 0.000003 0 -28.319916 0.000003 0 -16.252152 0.000003 0 0 0.000003 0 89.999996 -84.450021 179.999995 0 0.000003 0 -90.000003 -84.450021 0 0 0.000003 0 0 0.000003 0
0 0 0 179.999991 0.000003 179.999991 -0.007188 -0.04316500000000001 -0.020447 179.17974 -1.130851 175.464992 -84.152978 7.384147 -100.812889 4.075303 -0.333577 -12.345481 0 0.000003 0 2.348121 7.172719 1.062865 75.504886 -7.992029 9.334273 -0.15412 1.329519 -0.522786 9.864817 10.414491 -0.782015 0 0.000003 0 0 0.000003 0 0 0.000003 0 0 0.000003 0 -0.005337 -0.106009 5.764719 -0.003004 -0.079569 4.323537 -0.001335 -0.053075 2.882357 0.013648 -0.026963 2.037769 0 0.000003 0 81.267155 -6.077739 70.380066 7.225649 -0.787703 -8.386367 0 0.000003 0 1.998632 9.784631 -0.767716 75.690319 -9.031782 11.401314 -0.421239 2.455134 -0.80889 6.625902 11.616836 -2.102619 0 0.000003 0 0 0.000003 0 0 0.000003 0 0 0.000003 0 -0.021311 -0.211023 11.533141 -0.012005 -0.158738 8.649839 -0.005341 -0.10605 5.766551 -0.001336 -0.053089 2.883273 0 0.000003 0 89.805793 8.198217 90.311514 15.896084 -0.137414 -0.743961 -14.829218 -0.465939 1.017564 10.069774 -0.434862 -1.273674 80.739618 -67.258224 142.033419 43.419728 -42.155993 82.427775 1.608456 49.2117 0.779772 5.279427 1.820364 -3.03817 -4.992163 3.416996 0.021144 5.567135 -15.315433 -24.893183 6.482206 -0.197124 -3.991638 1.284368 -9.153305 3.241664 11.104928 4.511909 7.178826 -0.034264 0.000003 0 3.938338 -7.564295 14.038277 21.40192 4.146364 0.96512 2.82014 2.048745 3.641366 0 0.000003 0 2.740042 -4.265403 -20.429185 16.625362 -7.152059 -7.158523 -9.293141 3.956492 -4.551628 0 0.000003 0 7.055441 8.448605 -1.604952 7.777831 -1.982405 -8.403377 -6.530887 -0.608212 -8.606649 -0.019782 0.000003 0 25.57308 44.865063 59.697001 13.365563 10.603605 22.106256 -0.472468 -12.780907 -30.031932 -6.07677 7.97907 9.192813 0 0.000003 0 0 0.000003 0.000008 0.000002 0.000009 -31.232003 0.000003 0.000009 -62.464006 -0.000003 0.000016 -93.69603 -0.056564 0.091438 -62.66021 -0.033412 0.075367 -46.995137 -0.01546 0.053647 -31.330081 -0.00404 0.02789 -15.665037 0 -0.013986 0 -98.850473 -62.654933 119.249147 39.80096 -58.433379 11.701186 31.341955 0.213371 0.059575 1.732717 -5.308769 87.827736 0.52769 2.986619 0.244985 -2.31197 -14.287039 -22.877688 25.165043 -7.995239 -6.317925 19.416192 -9.340609 -6.921131 7.336445 -1.104091 0.384141 0 0.000003 0 28.109527 -7.562513 -10.090594 41.374499 -7.866074 -6.530547 17.266804 -4.548726 -0.677842 0 0.000003 0 26.619614 -5.164631 -4.665597 30.420645 -6.236145 -2.736945 3.658757 -2.103689 -4.333219 0 0.000003 0 8.663143 2.32965 13.536857 35.723085 1.156996 -2.914981 8.117927 -1.99416 -2.363151 0 0.000003 0 25.57308 44.865063 59.697001 14.639066 -11.880183 23.373235 -37.367764 12.141654 -10.761728 -6.07677 7.97907 9.192813 0 0.000003 0 0 0.000003 0.000008 0 0.000003 -6.957287 0.000001 0.000003 -13.914583 0 0.000003 -20.87188 -0.001833 0.018656 -10.400105 -0.001058 0.014025 -7.800078 -0.000493 0.00936 -5.200052 -0.00014 0.004688 -2.600025 0 0.000003 0 18.846751 -3.459912 0.945693 -0.013988 -0.000004 0.409443 0 0.000003 0 -29.805327 -1.095744 1.307442 -89.999999 -90 0 0 0.000003 0 0 0.000003 0 90.000009 -63.648278 -90.000009 -5.682401 0.000003 0 -28.319916 0.000003 0 -16.252152 0.000003 0 0 0.000003 0 89.999996 -84.450021 179.999995 0 0.000003 0 -90.000003 -84.450021 0 0 0.000003 0 0 0.000003 0
0 0 0 179.999991 0.000003 179.999991 -0.007011 -0.04325599999999996 -0.021755 179.218741 -1.149033 175.376923 -84.096103 7.602413 -100.778485 3.99504 -0.328393 -12.345019 0 0.000003 0 2.308823 7.217149 1.064706 75.504886 -7.992029 9.334273 -0.15412 1.329519 -0.522786 9.864834 10.414484 -0.782023 0 0.000003 0 0 0.000003 0 0 0.000003 0 0 0.000003 0 -0.005302 -0.105667 5.745658 -0.002984 -0.079296 4.309241 -0.001326 -0.052897 2.872827 0.01365 -0.026874 2.033004 0 0.000003 0 81.377128 -6.428503 70.278111 6.901507 -0.75709 -8.381999 0 0.000003 0 2.062372 9.753615 -0.683002 75.690319 -9.031782 11.401314 -0.421239 2.455134 -0.80889 6.625902 11.616829 -2.102605 0 0.000003 0 0 0.000003 0 0 0.000003 0 0 0.000003 0 -0.021656 -0.21271 11.626671 -0.0122 -0.160008 8.719986 -0.005428 -0.106904 5.813315 -0.001358 -0.053519 2.906655 0 0.000003 0 89.759703 8.224896 90.310585 15.89581 -0.155753 -0.761693 -14.813977 -0.5002 1.00368 10.178504 -0.703282 -1.235622 80.411059 -66.812554 142.508308 43.032214 -42.936322 82.698319 1.559913 48.394782 0.743264 5.270411 1.84638 -3.319991 -4.517532 3.232417 0.057572 5.567135 -15.315433 -24.893183 6.482245 -0.19713 -3.991613 1.284391 -9.153305 3.241652 11.104894 4.511882 7.178828 -0.034264 0.000003 0 3.938355 -7.564289 14.038289 21.401886 4.146351 0.965137 2.820142 2.048759 3.641367 0 0.000003 0 2.740057 -4.26541 -20.429159 16.625415 -7.152032 -7.158534 -9.29311 3.956485 -4.551626 0 0.000003 0 7.055444 8.448585 -1.604916 7.777874 -1.982371 -8.403393 -6.530894 -0.608205 -8.606655 -0.019782 0.000003 0 25.57308 44.865063 59.697001 13.36558 10.603632 22.106266 -0.472482 -12.780928 -30.031898 -6.07677 7.97907 9.192813 0 0.000003 0 0 0.000003 0.000008 0 0.000009 -31.307436 0.000003 0.000009 -62.614885 -0.000007 0.000016 -93.922321 -0.055779 0.091035 -62.171046 -0.032923 0.074916 -46.628274 -0.015228 0.053271 -31.085502 -0.003979 0.027678 -15.542748 0 -0.013986 0 -99.150373 -62.574301 119.65012 37.843899 -58.167255 12.150737 29.941295 0.204772 0.054479 1.725685 -5.31105 87.903674 0.766255 2.635458 0.215984 -2.31197 -14.287039 -22.877688 25.165053 -7.995212 -6.31791 19.416192 -9.340595 -6.921143 7.533794 -0.777546 0.381456 0 0.000003 0 28.109548 -7.562465 -10.090583 41.374496 -7.866039 -6.530549 17.266865 -4.548753 -0.677844 0 0.000003 0 26.619624 -5.164577 -4.665599 30.105923 -6.092519 -2.703581 3.551281 -2.280584 -4.333927 0 0.000003 0 8.663156 2.329678 13.536853 35.723088 1.15705 -2.914974 8.117921 -1.994167 -2.363154 0 0.000003 0 25.57308 44.865063 59.697001 14.63903 -11.880169 23.373216 -37.367709 12.141634 -10.761742 -6.07677 7.97907 9.192813 0 0.000003 0 0 0.000003 0.000008 0 0.000003 -6.937116 0.000001 -0.000004 -13.874241 0 0.000003 -20.811364 -0.001724 0.018062 -10.072056 -0.000995 0.013588 -7.554042 -0.000465 0.009073 -5.036027 -0.000133 0.004538 -2.518013 0 0.000003 0 18.819292 -3.491262 0.935826 -0.013988 0.000009 0.470566 0 0.000003 0 -29.792588 -0.668646 1.208525 -89.999999 -90 0 0 0.000003 0 0 0.000003 0 90.000009 -63.648278 -90.000009 -5.682401 0.000003 0 -28.319916 0.000003 0 -16.252152 0.000003 0 0 0.000003 0 89.999996 -84.450021 179.999995 0 0.000003 0 -90.000003 -84.450021 0 0 0.000003 0 0 0.000003 0
0 0 0 179.999991 0.000003 179.999991 -0.006754 -0.043413000000000035 -0.022799 179.24628 -1.149341 175.300971 -84.044733 7.745512 -100.74333 4.010411 -0.329383 -12.345107 0 0.000003 0 2.254853 7.185389 0.775932 75.504886 -7.992029 9.334273 -0.15412 1.329519 -0.522786 9.834528 10.56108 -0.704119 0 0.000003 0 0 0.000003 0 0 0.000003 0 0 0.000003 0 -0.005262 -0.105264 5.723797 -0.002961 -0.079002 4.292846 -0.001316 -0.052699 2.861896 0.013653 -0.026779 2.027538 0 0.000003 0 81.379081 -6.625418 70.202296 6.856594 -0.752821 -8.381404 0 0.000003 0 1.808709 9.755425 -0.860261 75.690319 -9.031782 11.401314 -0.421239 2.455134 -0.80889 6.883537 11.425338 -1.99212 0 0.000003 0 0 0.000003 0 0 0.000003 0 0 0.000003 0 -0.021907 -0.213919 11.693755 -0.012341 -0.16093 8.770299 -0.005491 -0.107518 5.846857 -0.001374 -0.053826 2.923426 0 0.000003 0 89.718633 8.237013 90.316151 15.897484 -0.173095 -0.776027 -14.793766 -0.526059 0.992996 9.893452 -0.60563 -1.320174 80.335135 -66.812729 142.63177 42.009782 -43.778836 83.555337 1.505472 47.44753 0.70286 5.266994 1.85612 -3.425787 -4.045414 2.985034 0.08708 5.567135 -15.315433 -24.893183 6.482222 -0.197124 -3.991638 1.284391 -9.153298 3.241648 11.104908 4.511841 7.178834 -0.034264 0.000003 0 3.938335 -7.564282 14.038281 21.401926 4.14631 0.965123 2.820123 2.048766 3.64138 0 0.000003 0 2.740048 -4.265403 -20.429156 16.625394 -7.152039 -7.158533 -9.293146 3.956506 -4.551634 0 0.000003 0 7.055441 8.448578 -1.604946 7.777878 -1.982385 -8.403407 -6.530944 -0.608233 -8.606616 -0.019782 0.000003 0 25.57308 44.865063 59.697001 13.365604 10.603666 22.106204 -0.47248 -12.780948 -30.031925 -6.07677 7.97907 9.192813 0 0.000003 0 0 0.000003 0.000008 0.000002 0.000009 -31.335754 0.000003 0.000009 -62.671507 -0.000003 0.000016 -94.007268 -0.055591 0.09094 -62.052439 -0.032809 0.074814 -46.539311 -0.015173 0.053182 -31.026196 -0.003964 0.027631 -15.513094 0 -0.013986 0 -98.754522 -62.463276 119.597828 36.179328 -58.323601 12.534829 28.802945 0.197675 0.050492 1.719999 -5.312894 87.965146 0.957227 2.327335 0.18839 -2.31197 -14.287039 -22.877688 25.16504 -7.995226 -6.31796 19.416213 -9.340609 -6.92116 7.336407 -1.104063 0.384153 0 0.000003 0 28.109521 -7.562499 -10.090601 41.136317 -8.253742 -6.496283 17.371497 -4.278086 -0.630787 0 0.000003 0 26.619621 -5.16459 -4.665601 30.420628 -6.236124 -2.736956 3.658733 -2.103682 -4.333221 0 0.000003 0 8.663119 2.32965 13.536871 35.723054 1.157078 -2.914992 7.876987 -1.641961 -2.356228 0 0.000003 0 25.57308 44.865063 59.697001 14.639025 -11.880162 23.373194 -37.367736 12.141668 -10.761783 -6.07677 7.97907 9.192813 0 0.000003 0 0 0.000003 0.000008 0 0.000003 -6.920787 0.000001 0.000003 -13.841583 0 0.000003 -20.76238 -0.001609 0.01744 -9.715843 -0.00093 0.01311 -7.286882 -0.000434 0.008752 -4.857921 -0.000125 0.004387 -2.42896 0 0.000003 0 18.814784 -3.375258 0.627014 -0.013988 -0.000079 0.107349 0 0.000003 0 -29.825247 -0.621715 0.684443 -89.999999 -90 0 0 0.000003 0 0 0.000003 0 90.000009 -63.648278 -90.000009 -5.682401 0.000003 0 -28.319916 0.000003 0 -16.252152 0.000003 0 0 0.000003 0 89.999996 -84.450021 179.999995 0 0.000003 0 -90.000003 -84.450021 0 0 0.000003 0 0 0.000003 0
0 0 0 179.999991 0.000003 179.999991 -0.006495 -0.04339599999999999 -0.023569 179.263875 -1.123086 175.241412 -84.020609 7.96597 -100.715845 3.808404 -0.31629 -12.343964 0 0.000003 0 2.301306 7.202656 0.732821 75.504886 -7.992029 9.334273 -0.15412 1.329519 -0.522786 9.834519 10.561073 -0.704123 0 0.000003 0 0 0.000003 0 0 0.000003 0 0 0.000003 0 -0.005235 -0.104991 5.709206 -0.002946 -0.078804 4.281902 -0.001309 -0.052563 2.854601 0.013654 -0.026704 2.023891 0 0.000003 0 81.447513 -6.871885 70.137307 6.574387 -0.726149 -8.377757 0 0.000003 0 1.903065 9.718849 -0.769132 75.690319 -9.031782 11.401314 -0.421239 2.455134 -0.80889 6.883537 11.425324 -1.992134 0 0.000003 0 0 0.000003 0 0 0.000003 0 0 0.000003 0 -0.022129 -0.214991 11.753385 -0.012467 -0.161743 8.815021 -0.005547 -0.108065 5.876672 -0.001387 -0.054099 2.938333 0 0.000003 0 89.677618 8.235326 90.321745 15.89539 -0.192336 -0.78158 -14.76942 -0.543476 0.991399 9.927022 -0.508539 -1.288492 80.312185 -66.500661 142.782253 41.537235 -44.2035 84.195141 1.446108 46.374002 0.659518 5.275673 1.831251 -3.156001 -3.571551 2.7068 0.109073 5.567135 -15.315433 -24.893183 6.560585 -0.148745 -3.625391 1.284328 -9.153305 3.279733 11.114397 4.66201 7.19817 -0.034264 0.000003 0 3.965971 -7.521211 14.243162 21.367542 4.317153 0.995037 2.82034 2.089009 3.643692 0 0.000003 0 2.752489 -4.227885 -20.208131 16.678043 -7.00853 -7.138265 -9.292148 3.958411 -4.324784 0 0.000003 0 7.009608 8.505671 -1.612222 7.784545 -1.941615 -8.399506 -6.529514 -0.60201 -8.60653 -0.019782 0.000003 0 25.57308 44.865063 59.697001 13.365634 10.603632 22.106218 -0.472501 -12.780934 -30.031898 -6.07677 7.97907 9.192813 0 0.000003 0 0 0.000003 0.000008 0.000002 0.000009 -31.263538 0.000003 0.000009 -62.52709 -0.000007 0.000016 -93.790641 -0.055758 0.091022 -62.158533 -0.032913 0.074909 -46.618882 -0.015223 0.053264 -31.079246 -0.003977 0.027672 -15.53962 0 -0.013986 0 -98.754529 -62.463276 119.597869 34.595024 -58.331121 13.030377 27.942181 0.192265 0.04757 1.717796 -5.313605 87.988928 1.123556 2.078122 0.164348 -2.31197 -14.287039 -22.877688 25.165017 -7.995239 -6.31794 19.416179 -9.340609 -6.92116 7.598356 -0.91135 0.379984 0 0.000003 0 28.109512 -7.562499 -10.090595 41.374451 -7.866005 -6.530552 17.266759 -4.54876 -0.677838 0 0.000003 0 26.619607 -5.164611 -4.665613 30.313302 -6.100538 -2.725558 3.580314 -2.234637 -4.336098 0 0.000003 0 8.663152 2.329643 13.536852 35.723061 1.157071 -2.914995 8.117909 -1.994167 -2.363158 0 0.000003 0 25.57308 44.865063 59.697001 14.63902 -11.880162 23.373216 -37.367764 12.141661 -10.76181 -6.07677 7.97907 9.192813 0 0.000003 0 0 0.000003 0.000008 0 0.000003 -6.914468 0.000001 0.000003 -13.828944 0 0.000003 -20.743419 -0.001533 0.01701 -9.473121 -0.000886 0.012782 -7.10484 -0.000415 0.008533 -4.736559 -0.000119 0.004278 -2.368279 0 0.000003 0 18.814799 -3.375272 0.626993 -0.013988 -0.000079 0.107353 0 0.000003 0 -29.825257 -0.621715 0.684445 -89.999999 -90 0 0 0.000003 0 0 0.000003 0 90.000009 -63.648278 -90.000009 -5.682401 0.000003 0 -28.319916 0.000003 0 -16.252152 0.000003 0 0 0.000003 0 89.999996 -84.450021 179.999995 0 0.000003 0 -90.000003 -84.450021 0 0 0.000003 0 0 0.000003 0
0 0 0 179.999991 0.000003 179.999991 -0.006469 -0.043532000000000015 -0.024053 179.276866 -1.095362 175.19692 -83.993548 8.016404 -100.667611 3.877653 -0.320764 -12.344353 0 0.000003 0 2.230052 7.243773 0.666892 75.504886 -7.992029 9.334273 -0.15412 1.329519 -0.522786 9.834528 10.561094 -0.704127 0 0.000003 0 0 0.000003 0 0 0.000003 0 0 0.000003 0 -0.00517 -0.104342 5.673626 -0.002909 -0.078312 4.255217 -0.001293 -0.052235 2.83681 0.013658 -0.026546 2.014996 0 0.000003 0 81.449719 -6.910045 70.074353 6.658313 -0.734079 -8.378829 0 0.000003 0 1.84084 9.73197 -0.669801 75.690319 -9.031782 11.401314 -0.421239 2.455134 -0.80889 6.883537 11.425324 -1.992148 0 0.000003 0 0 0.000003 0 0 0.000003 0 0 0.000003 0 -0.022321 -0.215913 11.804184 -0.012574 -0.162433 8.85312 -0.005595 -0.108529 5.902071 -0.0014 -0.054338 2.951033 0 0.000003 0 89.644635 8.219083 90.318105 15.892945 -0.203298 -0.780485 -14.745798 -0.555907 0.994622 9.932302 -0.438926 -1.258564 80.312171 -66.500678 142.782281 41.046186 -44.779585 84.839036 1.388074 45.28262 0.617902 5.27848 1.823123 -3.067955 -3.15923 2.46818 0.122997 5.567135 -15.315433 -24.893183 6.576472 -0.138917 -3.98451 1.284323 -9.153305 3.241646 11.109584 4.58293 7.188017 -0.034264 0.000003 0 3.971552 -7.512441 14.030001 21.379325 4.259172 0.98493 2.820266 2.07539 3.642916 0 0.000003 0 2.755001 -4.220242 -20.433078 16.659525 -7.05921 -7.145446 -9.292495 3.957735 -4.551581 0 0.000003 0 7.000253 8.517255 -1.613737 7.785894 -1.933358 -8.398704 -6.529201 -0.600754 -8.606497 -0.019782 0.000003 0 25.57308 44.865063 59.697001 13.365645 10.603653 22.106245 -0.472502 -12.780948 -30.031874 -6.07677 7.97907 9.192813 0 0.000003 0 0 0.000003 0.000008 0.000002 0.000009 -31.239974 0 0.000016 -62.479955 -0.000003 0.000016 -93.719935 -0.055666 0.090981 -62.101002 -0.032857 0.074861 -46.575733 -0.015195 0.053223 -31.050477 -0.00397 0.027644 -15.525235 0 -0.013986 0 -98.754509 -62.463292 119.597842 33.215148 -58.229218 13.586283 27.351872 0.188529 0.045618 1.710348 -5.316002 88.069354 1.280924 1.895879 0.145196 -2.31197 -14.287039 -22.877688 25.165043 -7.995212 -6.317951 19.416158 -9.340582 -6.921169 7.33638 -1.104022 0.384161 0 0.000003 0 28.109507 -7.562479 -10.090583 41.299463 -7.985554 -6.520107 17.29966 -4.464913 -0.663318 0 0.000003 0 26.619617 -5.16457 -4.665594 30.260368 -5.872813 -2.720512 3.518179 -2.331339 -4.344206 0 0.000003 0 8.663146 2.329657 13.536858 35.723044 1.157139 -2.914976 7.990939 -1.625261 -2.359506 0 0.000003 0 25.57308 44.865063 59.697001 14.639027 -11.880149 23.373216 -37.367791 12.141627 -10.260611 -6.07677 7.97907 9.192813 0 0.000003 0 0 0.000003 0.000008 0 -0.000004 -6.893105 0.000001 0.000003 -13.786217 0 0.000003 -20.67933 -0.001496 0.016791 -9.352395 -0.000865 0.012625 -7.014295 -0.000405 0.008431 -4.676196 -0.000117 0.004217 -2.338097 0 0.000003 0 18.814799 -3.375272 0.627006 -0.013988 -0.000079 0.107359 0 0.000003 0 -29.825271 -0.621722 0.684455 -89.999999 -90 0 0 0.000003 0 0 0.000003 0 90.000009 -63.648278 -90.000009 -5.682401 0.000003 0 -28.319916 0.000003 0 -16.252152 0.000003 0 0 0.000003 0 89.999996 -84.450021 179.999995 0 0.000003 0 -90.000003 -84.450021 0 0 0.000003 0 0 0.000003 0
0 0 0 179.999991 0.000003 179.999991 -0.006219 -0.04342699999999999 -0.024452 179.2833 -1.058882 175.169094 -83.99337 8.18218 -100.646874 3.64552 -0.305724 -12.343089 0 0.000003 0 2.350218 7.49705 0.535153 75.504886 -7.992029 9.334273 -0.15412 1.329519 -0.522786 9.811043 10.461673 -0.966162 0 0.000003 0 0 0.000003 0 0 0.000003 0 0 0.000003 0 -0.005149 -0.104131 5.661927 -0.002897 -0.078149 4.246443 -0.001288 -0.052125 2.830961 0.01366 -0.026492 2.012071 0 0.000003 0 81.505788 -7.091967 70.027696 6.375488 -0.707325 -8.375263 0 0.000003 0 1.962615 9.683708 -0.591927 75.690319 -9.031782 11.401314 -0.421239 2.455134 -0.80889 6.883537 11.425324 -1.99212 0 0.000003 0 0 0.000003 0 0 0.000003 0 0 0.000003 0 -0.022481 -0.216678 11.846729 -0.012665 -0.163014 8.885029 -0.005635 -0.108919 5.923344 -0.00141 -0.05453 2.961669 0 0.000003 0 89.623741 8.182904 90.330119 15.879826 -0.213407 -0.781406 -14.725721 -0.564014 0.995778 9.926138 -0.779165 -1.217237 80.272229 -66.25573 142.862358 40.950119 -45.352983 85.602303 1.336716 44.278855 0.581736 5.27649 1.828895 -3.130411 -2.793489 2.270016 0.131604 5.567135 -15.315433 -24.893183 6.520643 -0.173416 -3.695919 1.284338 -9.153305 3.282127 11.111716 4.616814 7.541047 -0.034264 0.000003 0 3.951878 -7.543176 14.197223 21.380953 4.251331 0.983559 2.820315 2.073532 3.642804 0 0.000003 0 2.746147 -4.247016 -20.250558 16.658901 -7.060938 -7.145689 -9.292545 3.957742 -4.355134 0 0.000003 0 7.032959 8.476595 -1.608494 7.781133 -1.962406 -8.401481 -6.530208 -0.60518 -8.606567 -0.019782 0.000003 0 25.57308 44.865063 59.697001 13.365643 10.603584 22.106242 -0.472485 -12.780928 -30.031901 -6.07677 7.97907 9.192813 0 0.000003 0 0 0.000003 0.000008 0.000002 0.000009 -31.256694 0 0.000009 -62.513388 -0.000003 0.000016 -93.770096 -0.055792 0.091042 -62.183572 -0.032937 0.074937 -46.637672 -0.015235 0.053285 -31.091769 -0.003979 0.027678 -15.545879 0 -0.013986 0 -98.021452 -62.535519 118.768889 32.038519 -58.055376 14.102167 27.079023 0.186795 0.04473 1.669694 -5.328877 88.507613 1.471923 1.805413 0.133161 -2.31197 -14.287039 -22.877688 25.295862 -7.851833 -6.282078 19.631716 -8.914139 -6.92918 7.323636 -1.186019 0.376816 0 0.000003 0 28.140431 -7.355469 -9.968227 41.277183 -7.79896 -6.427879 17.250035 -4.65835 -0.618667 0 0.000003 0 26.637789 -4.965784 -4.56645 30.436781 -6.023405 -2.68828 3.327796 -1.870281 -4.312259 0 0.000003 0 8.638012 2.420546 13.773766 35.632755 1.874575 -2.812756 7.97912 -1.682656 -2.363358 0 0.000003 0 25.57308 44.865063 59.697001 14.638987 -11.880155 23.755654 -37.432459 11.909359 -10.322451 -6.07677 7.97907 9.192813 0 0.000003 0 0 0.000003 0.000008 0 0.000003 -6.776689 0.000001 0.000003 -13.553386 0 0.000003 -20.330084 -0.001476 0.016682 -9.289334 -0.000854 0.012536 -6.967 -0.0004 0.008369 -4.644666 -0.000115 0.004183 -2.322332 0 0.000003 0 18.806402 -3.001811 0.737891 -0.013988 -0.000134 -0.124413 0 0.000003 0 -29.516273 -0.643914 0.37169 -89.999999 -90 0 0 0.000003 0 0 0.000003 0 90.000009 -63.648278 -90.000009 -5.682401 0.000003 0 -28.319916 0.000003 0 -16.252152 0.000003 0 0 0.000003 0 89.999996 -84.450021 179.999995 0 0.000003 0 -90.000003 -84.450021 0 0 0.000003 0 0 0.000003 0
0 0 0 179.999991 0.000003 179.999991 -0.006237 -0.043413000000000035 -0.024233 179.284556 -1.021254 175.159477 -83.991164 8.190458 -100.661716 3.654623 -0.306304 -12.343144 0 0.000003 0 2.345027 7.502433 0.514103 75.504886 -7.992029 9.334273 -0.15412 1.329519 -0.522786 9.811026 10.461653 -0.966174 0 0.000003 0 0 0.000003 0 0 0.000003 0 0 0.000003 0 -0.00517 -0.104349 5.673951 -0.00291 -0.078312 4.255461 -0.001293 -0.052242 2.836973 0.013658 -0.026546 2.015077 0 0.000003 0 81.498732 -7.077603 69.986298 6.398829 -0.709497 -8.375551 0 0.000003 0 1.970544 9.674884 -0.510387 75.690319 -9.031782 11.401314 -0.421239 2.455134 -0.80889 6.64448 11.653712 -2.030861 0 0.000003 0 0 0.000003 0 0 0.000003 0 0 0.000003 0 -0.022602 -0.217252 11.878804 -0.012734 -0.163458 8.909084 -0.005666 -0.109205 5.939381 -0.001417 -0.05468 2.969687 0 0.000003 0 89.60881 8.148193 90.340515 15.872342 -0.224881 -0.778566 -14.70821 -0.567777 1.000913 9.889776 -0.744433 -1.197834 80.272208 -66.255747 142.862358 40.591268 -45.660478 86.352593 1.294113 43.42026 0.552247 5.270005 1.847535 -3.332579 -2.49076 2.124956 0.136588 5.567135 -15.315433 -24.893183 6.395008 -0.250344 -3.997926 1.28154 -9.133716 3.242082 11.09939 4.433827 7.168784 -0.034264 0.000003 0 3.907411 -7.611922 14.333241 21.401824 4.146645 0.965225 2.82015 2.048923 3.641395 0 0.000003 0 2.726026 -4.306992 -20.42544 16.593386 -7.237437 -7.170493 -9.293654 3.955351 -4.551662 0 0.000003 0 7.105918 8.385009 -1.596949 7.77022 -2.027607 -8.407674 -6.532517 -0.61509 -8.606763 -0.019782 0.000003 0 25.57308 44.865063 59.697001 13.365649 10.603646 22.106239 -0.47249 -12.781003 -30.031884 -6.07677 7.97907 9.192813 0 0.000003 0 0 0.000003 0.000008 0.000002 0.000009 -31.310803 0.000003 0.000009 -62.62162 -0.000007 0.000016 -93.932429 -0.056271 0.091295 -62.480767 -0.033232 0.07521 -46.860555 -0.015375 0.05351 -31.24036 -0.004019 0.027808 -15.620175 0 -0.013986 0 -98.021452 -62.535505 118.768875 31.175654 -57.879304 14.438115 27.012637 0.186378 0.044498 1.703094 -5.318324 88.147655 1.701117 1.788891 0.126031 -2.31197 -14.287039 -22.877688 25.261943 -7.690893 -6.330845 19.49279 -9.22341 -6.976831 7.303613 -1.304284 0.368259 0 0.000003 0 28.084807 -7.283739 -10.087354 41.168938 -8.462752 -6.563475 17.383429 -4.246353 -0.625218 0 0.000003 0 26.619694 -4.871268 -4.66555 30.343788 -6.519727 -2.785553 3.296417 -1.925093 -4.316861 0 0.000003 0 8.663138 2.329691 13.536874 35.723016 1.157139 -2.915 8.117907 -1.994133 -2.363133 0 0.000003 0 25.57308 44.865063 59.697001 14.638967 -11.880114 23.373266 -37.367709 12.141586 -10.761769 -6.07677 7.97907 9.192813 0 0.000003 0 0 0.000003 0.000008 0 0.000003 -6.872305 0.000001 0.000003 -13.744617 0 0.000003 -20.616929 -0.001458 0.016566 -9.226064 -0.000843 0.012447 -6.919548 -0.000395 0.008308 -4.613031 -0.000114 0.004155 -2.306515 0 0.000003 0 18.806386 -3.001811 0.737905 -0.013988 -0.000107 -0.011069 0 0.000003 0 -29.511547 -0.218618 0.347079 -89.999999 -90 0 0 0.000003 0 0 0.000003 0 90.000009 -63.648278 -90.000009 -5.682401 0.000003 0 -28.319916 0.000003 0 -16.252152 0.000003 0 0 0.000003 0 89.999996 -84.450021 179.999995 0 0.000003 0 -90.000003 -84.450021 0 0 0.000003 0 0 0.000003 0
0 0 0 179.999991 0.000003 179.999991 -0.006173 -0.043464999999999976 -0.024206 179.279092 -0.990648 175.184066 -83.99266 8.133945 -100.701966 3.714385 -0.310177 -12.343458 0 0.000003 0 2.323328 7.509994 0.522044 75.504886 -7.992029 9.334273 -0.15412 1.329519 -0.522786 9.811019 10.46166 -0.96617 0 0.000003 0 0 0.000003 0 0 0.000003 0 0 0.000003 0 -0.005225 -0.104896 5.70404 -0.002941 -0.078729 4.278028 -0.001307 -0.052515 2.852017 0.013655 -0.02669 2.022599 0 0.000003 0 81.464008 -6.943991 69.945426 6.605297 -0.729052 -8.378158 0 0.000003 0 1.884993 9.689124 -0.437425 75.690319 -9.031782 11.401314 -0.421239 2.455134 -0.80889 6.644507 11.653712 -2.030861 0 0.000003 0 0 0.000003 0 0 0.000003 0 0 0.000003 0 -0.022707 -0.217758 11.906517 -0.012793 -0.163833 8.929869 -0.005692 -0.109472 5.953237 -0.001424 -0.05481 2.976616 0 0.000003 0 89.593722 8.137811 90.350589 15.871502 -0.230202 -0.772049 -14.693096 -0.563713 1.008438 9.839984 -0.730343 -1.192258 80.698221 -66.38827 142.802935 40.783732 -45.847301 86.411455 1.261155 42.737814 0.529754 5.291522 1.78482 -2.653674 -2.331188 1.966359 0.134202 5.567135 -15.315433 -24.893183 6.482147 -0.197124 -3.991613 1.28427 -9.153291 3.241639 11.104866 4.511704 6.839202 -0.034264 0.000003 0 3.938309 -7.564289 14.038284 21.401911 4.146187 0.943131 2.820137 2.046921 3.721093 0 0.000003 0 2.740036 -4.26541 -20.429108 16.625331 -7.152046 -7.158543 -9.293092 3.956519 -4.551623 0 0.000003 0 7.055427 8.448571 -1.604904 7.777845 -1.982405 -8.403381 -6.530913 -0.608185 -8.606633 -0.019782 0.000003 0 25.57308 44.865063 59.697001 13.365638 10.603577 22.106225 -0.472468 -12.780948 -29.7513 -6.07677 7.97907 9.192813 0 0.000003 0 0 0.000003 0.000008 0.000002 0.000009 -31.129079 0 0.000016 -62.258171 -0.000003 0.000016 -93.387264 -0.056086 0.091206 -62.365419 -0.03312 0.0751 -46.774044 -0.015318 0.053428 -31.182689 -0.004002 0.02776 -15.591339 0 -0.013986 0 -98.021465 -62.535505 118.768889 30.596754 -57.69104 14.648796 27.114922 0.18704 0.044839 1.683905 -5.324417 88.354535 1.929518 2.026294 0.143448 -2.31197 -14.287039 -22.877688 25.261943 -7.690907 -6.330855 19.49279 -9.22341 -6.976829 7.303613 -1.304284 0.368257 0 0.000003 0 28.084817 -7.283752 -10.087365 41.372324 -7.885144 -6.592393 17.130142 -4.772285 -0.789099 0 0.000003 0 26.619699 -4.871288 -4.665558 30.343778 -6.519727 -2.785559 3.296418 -1.925093 -4.316861 0 0.000003 0 8.66314 2.329671 13.53687 35.723016 1.157132 -2.91499 8.117907 -1.994126 -2.363133 0 0.000003 0 25.57308 44.865063 59.697001 14.638981 -11.880128 23.373263 -37.367736 12.141586 -10.761783 -6.07677 7.97907 9.192813 0 0.000003 0 0 0.000003 0.000008 0 -0.000004 -6.817349 0.000001 0.000003 -13.634706 0 0.000003 -20.452064 -0.001446 0.016504 -9.188536 -0.000836 0.012399 -6.891402 -0.000392 0.008274 -4.594267 -0.000113 0.004142 -2.297133 0 0.000003 0 18.806386 -3.001818 0.737905 -0.013988 -0.000107 -0.011056 0 0.000003 0 -29.511547 -0.218605 0.347088 -89.999999 -90 0 0 0.000003 0 0 0.000003 0 90.000009 -63.648278 -90.000009 -5.682401 0.000003 0 -28.319916 0.000003 0 -16.252152 0.000003 0 0 0.000003 0 89.999996 -84.450021 179.999995 0 0.000003 0 -90.000003 -84.450021 0 0 0.000003 0 0 0.000003 0
0 0 0 179.999991 0.000003 179.999991 -0.00605 -0.043296 -0.024178 179.265732 -0.931915 175.231877 -84.020247 8.152223 -100.794071 3.571786 -0.300936 -12.342698 0 0.000003 0 2.404884 7.482044 0.5466 75.504886 -7.992029 9.334273 -0.15412 1.329519 -0.522786 9.824771 10.467336 -0.871069 0 0.000003 0 0 0.000003 0 0 0.000003 0 0 0.000003 0 -0.005358 -0.106227 5.776078 -0.003016 -0.079726 4.332056 -0.00134 -0.053177 2.888037 0.013647 -0.027018 2.040609 0 0.000003 0 81.472388 -6.953239 69.877569 6.440988 -0.713513 -8.376071 0 0.000003 0 1.99317 9.643813 -0.321439 75.690319 -9.031782 11.401314 -0.421239 2.455134 -0.80889 6.64448 11.653705 -2.030875 0 0.000003 0 0 0.000003 0 0 0.000003 0 0 0.000003 0 -0.022912 -0.218721 11.960056 -0.012909 -0.164564 8.970023 -0.005744 -0.109957 5.980006 -0.001437 -0.055049 2.99 0 0.000003 0 89.582815 8.141328 90.375513 15.873069 -0.226801 -0.765616 -14.679625 -0.558809 1.014149 10.152014 -0.728424 -1.277754 80.747569 -66.251405 142.820448 41.130327 -45.684544 86.559226 1.238697 42.266053 0.51459 5.303279 1.74948 -2.272423 -2.240014 1.80852 0.129307 5.567135 -15.315433 -24.893183 6.482132 -0.197117 -3.991616 1.284334 -9.153236 2.896305 11.099903 4.440834 7.015149 -0.034264 0.000003 0 3.938305 -7.564282 14.038289 21.40195 4.146166 0.807705 2.820013 2.035358 3.784304 0 0.000003 0 2.740036 -4.26541 -20.429113 16.625293 -7.152052 -7.355866 -9.293488 3.955713 -4.722815 0 0.000003 0 7.055417 8.448612 -1.917308 7.76945 -2.032245 -8.298093 -6.532014 -0.612884 -8.723051 -0.019782 0.000003 0 25.57308 44.865063 59.697001 13.365666 10.603646 22.106249 -0.472466 -12.780975 -30.03187 -6.07677 7.97907 9.192813 0 0.000003 0 0 0.000003 0.000008 0.000002 0.000009 -31.027029 0 0.000016 -62.054065 -0.000007 0.000016 -93.081101 -0.056646 0.091479 -62.713417 -0.033466 0.075415 -47.035046 -0.015486 0.053695 -31.356688 -0.004046 0.027917 -15.678337 0 -0.013986 0 -98.362244 -62.434822 118.73329 30.210323 -57.479892 14.883728 27.371543 0.18868 0.045666 1.682938 -5.324717 88.364924 2.107185 2.019471 0.138462 -2.31197 -14.287039 -22.877688 25.26194 -7.690893 -6.330843 19.492781 -9.22341 -6.976829 7.303613 -1.304284 0.368255 0 0.000003 0 28.084795 -7.283752 -10.087353 41.372324 -7.885144 -6.592389 17.130142 -4.772285 -0.789099 0 0.000003 0 26.61968 -4.871282 -4.66555 30.343771 -6.519727 -2.785555 3.29642 -1.925093 -4.316858 0 0.000003 0 8.66312 2.329678 13.536877 35.72303 1.157132 -2.91499 8.117906 -1.994126 -2.363138 0 0.000003 0 25.57308 44.865063 59.697001 14.638969 -11.880128 23.373268 -37.367709 12.141593 -10.761769 -6.07677 7.97907 9.192813 0 0.000003 0 0 0.000003 0.000008 0 0.000003 -6.814592 0.000001 0.000003 -13.629193 0 0.000003 -20.443793 -0.001461 0.016593 -9.239052 -0.000845 0.012468 -6.929288 -0.000396 0.008322 -4.619525 -0.000114 0.004162 -2.309762 0 0.000003 0 19.297786 -2.992918 0.546507 -0.013988 -0.000114 -0.061598 0 0.000003 0 -29.249705 -0.172917 0.258142 -89.999999 -90 0 0 0.000003 0 0 0.000003 0 90.000009 -63.648278 -90.000009 -5.682401 0.000003 0 -28.319916 0.000003 0 -16.252152 0.000003 0 0 0.000003 0 89.999996 -84.450021 179.999995 0 0.000003 0 -90.000003 -84.450021 0 0 0.000003 0 0 0.000003 0
0 0 0 179.999991 0.000003 179.999991 -0.005917 -0.04319799999999996 -0.024424 179.243821 -0.885409 175.294005 -84.065825 8.174148 -100.916762 3.390137 -0.289147 -12.341764 0 0.000003 0 2.507052 7.438106 0.609504 75.504886 -7.992029 9.334273 -0.15412 1.329519 -0.522786 9.824785 10.467349 -0.871079 0 0.000003 0 0 0.000003 0 0 0.000003 0 0 0.000003 0 -0.005537 -0.107976 5.871603 -0.003116 -0.081038 4.4037 -0.001385 -0.054058 2.935799 0.013635 -0.027469 2.06449 0 0.000003 0 81.450545 -6.903017 69.671625 6.39777 -0.709429 -8.375552 0 0.000003 0 2.050488 9.514729 -0.372578 75.690319 -9.031782 11.401314 -0.421239 2.455134 -0.80889 6.444219 11.675876 -1.947628 0 0.000003 0 0 0.000003 0 0 0.000003 0 0 0.000003 0 -0.023527 -0.221603 12.120192 -0.013256 -0.16675 9.090124 -0.005898 -0.111425 6.060073 -0.001476 -0.055786 3.030033 0 0.000003 0 89.553213 8.146711 90.353793 15.89454 -0.214295 -0.745383 -14.664669 -0.548113 1.031515 10.057585 -0.746141 -1.247972 80.747582 -66.251388 142.820448 40.99845 -45.801477 86.831519 1.222378 41.917208 0.503653 5.300974 1.756474 -2.34777 -2.10069 1.69501 0.127114 5.567135 -15.315433 -24.893183 6.380678 -0.259039 -3.888885 1.284355 -9.153236 2.924945 11.096553 4.39596 7.146009 -0.034264 0.000003 0 3.902318 -7.619736 14.101498 21.4217 4.044663 1.03268 2.819959 2.032243 3.828836 0 0.000003 0 2.723711 -4.313815 -20.362665 16.595027 -7.2331 -7.167966 -9.293615 3.95542 -4.843196 0 0.000003 0 7.11419 8.374545 -1.733303 7.765177 -2.056929 -8.22286 -6.532441 -0.614598 -8.805321 -0.019782 0.000003 0 25.57308 44.865063 59.697001 13.031706 10.7365 22.044393 -0.118403 -12.780736 -30.130478 -6.07677 7.97907 9.192813 0 0.000003 0 0 0.000003 0.000008 0.000002 0.000009 -31.047199 0.000003 0.000009 -62.094411 -0.000003 0.000016 -93.141609 -0.05681 0.091568 -62.815583 -0.033567 0.075517 -47.111667 -0.015532 0.05377 -31.407768 -0.004059 0.027958 -15.70388 0 -0.013986 0 -98.362244 -62.434835 118.733304 29.973472 -57.293072 15.014248 27.720164 0.190893 0.046818 1.685414 -5.323939 88.338252 1.899302 2.045596 0.145988 -2.31197 -14.287039 -22.877688 25.525465 -8.021645 -6.410478 19.49279 -9.22341 -6.976831 7.303613 -1.304284 0.368259 0 0.000003 0 28.469137 -7.452355 -10.212401 41.372331 -7.88515 -6.592393 17.13014 -4.772285 -0.789099 0 0.000003 0 26.998372 -5.042999 -4.618867 30.360112 -6.435456 -2.930415 3.296421 -1.925093 -4.31686 0 0.000003 0 8.643215 2.402002 13.460703 35.707758 1.280055 -3.026942 8.116902 -1.980247 -2.388632 0 0.000003 0 25.57308 44.865063 59.697001 14.945403 -11.728184 23.05293 -37.367709 12.141593 -10.761769 -6.07677 7.97907 9.192813 0 0.000003 0 0 0.000003 0.000008 0 0.000003 -6.821675 0.000001 0.000003 -13.643358 0 0.000003 -20.465041 -0.001471 0.016648 -9.273906 -0.000851 0.012515 -6.955429 -0.000399 0.008363 -4.636952 -0.000115 0.004176 -2.318475 0 0.000003 0 19.297803 -2.992918 0.546502 -0.013988 -0.000114 -0.061595 0 0.000003 0 -29.249711 -0.172917 0.258138 -89.999999 -90 0 0 0.000003 0 0 0.000003 0 90.000009 -63.648278 -90.000009 -5.682401 0.000003 0 -28.319916 0.000003 0 -16.252152 0.000003 0 0 0.000003 0 89.999996 -84.450021 179.999995 0 0.000003 0 -90.000003 -84.450021 0 0 0.000003 0 0 0.000003 0
