HIERARCHY
ROOT body_world
{
OFFSET 0.000000 0.000000 0.000000
CHANNELS 6 Xposition Yposition Zposition Zrotation Yrotation Xrotation
JOINT root
{
OFFSET 0.000000 0.923987 0.000000
CHANNELS 6 Xposition Yposition Zposition Zrotation Yrotation Xrotation
JOINT l_upleg
{
OFFSET 0.082046 -0.018406 0.005326
CHANNELS 3 Zrotation Yrotation Xrotation
JOINT l_lowleg
{
OFFSET 0.419694 -0.007731 0.000000
CHANNELS 3 Zrotation Yrotation Xrotation
JOINT l_foot
{
OFFSET 0.420583 0.000000 0.000000
CHANNELS 3 Zrotation Yrotation Xrotation
JOINT l_talocrural
{
OFFSET 0.000001 0.000000 -0.000000
CHANNELS 3 Zrotation Yrotation Xrotation
JOINT l_subtalar
{
OFFSET 0.033966 -0.008989 0.004672
CHANNELS 3 Zrotation Yrotation Xrotation
JOINT l_transversetarsal
{
OFFSET -0.061096 -0.000000 -0.000000
CHANNELS 3 Zrotation Yrotation Xrotation
JOINT l_ball
{
OFFSET -0.065614 -0.041564 0.004394
CHANNELS 3 Zrotation Yrotation Xrotation
}
}
}
}
}
JOINT l_lowleg_twist1_proc
{
OFFSET 0.084117 0.000000 0.000000
CHANNELS 3 Zrotation Yrotation Xrotation
}
JOINT l_lowleg_twist2_proc
{
OFFSET 0.168233 0.000000 0.000000
CHANNELS 3 Zrotation Yrotation Xrotation
}
JOINT l_lowleg_twist3_proc
{
OFFSET 0.252350 0.000000 -0.000000
CHANNELS 3 Zrotation Yrotation Xrotation
}
JOINT l_lowleg_twist4_proc
{
OFFSET 0.336466 0.000000 0.000000
CHANNELS 3 Zrotation Yrotation Xrotation
}
}
JOINT l_upleg_twist0_proc
{
OFFSET 0.000000 0.000000 0.000000
CHANNELS 3 Zrotation Yrotation Xrotation
}
JOINT l_upleg_twist1_proc
{
OFFSET 0.104923 -0.001933 0.000000
CHANNELS 3 Zrotation Yrotation Xrotation
}
JOINT l_upleg_twist2_proc
{
OFFSET 0.209847 -0.003866 0.000000
CHANNELS 3 Zrotation Yrotation Xrotation
}
JOINT l_upleg_twist3_proc
{
OFFSET 0.314770 -0.005798 0.000000
CHANNELS 3 Zrotation Yrotation Xrotation
}
JOINT l_upleg_twist4_proc
{
OFFSET 0.419694 -0.007731 0.000000
CHANNELS 3 Zrotation Yrotation Xrotation
}
}
JOINT r_upleg
{
OFFSET -0.082046 -0.018406 0.005326
CHANNELS 3 Zrotation Yrotation Xrotation
JOINT r_lowleg
{
OFFSET -0.419694 0.007731 -0.000000
CHANNELS 3 Zrotation Yrotation Xrotation
JOINT r_foot
{
OFFSET -0.420583 0.000000 -0.000000
CHANNELS 3 Zrotation Yrotation Xrotation
JOINT r_talocrural
{
OFFSET -0.000000 -0.000000 -0.000000
CHANNELS 3 Zrotation Yrotation Xrotation
JOINT r_subtalar
{
OFFSET -0.033966 0.008989 -0.004672
CHANNELS 3 Zrotation Yrotation Xrotation
JOINT r_transversetarsal
{
OFFSET 0.061096 0.000000 -0.000000
CHANNELS 3 Zrotation Yrotation Xrotation
JOINT r_ball
{
OFFSET 0.065614 0.041564 -0.004394
CHANNELS 3 Zrotation Yrotation Xrotation
}
}
}
}
}
JOINT r_lowleg_twist1_proc
{
OFFSET -0.084117 0.000000 -0.000000
CHANNELS 3 Zrotation Yrotation Xrotation
}
JOINT r_lowleg_twist2_proc
{
OFFSET -0.168233 0.000000 -0.000000
CHANNELS 3 Zrotation Yrotation Xrotation
}
JOINT r_lowleg_twist3_proc
{
OFFSET -0.252350 0.000000 -0.000000
CHANNELS 3 Zrotation Yrotation Xrotation
}
JOINT r_lowleg_twist4_proc
{
OFFSET -0.336466 0.000000 -0.000000
CHANNELS 3 Zrotation Yrotation Xrotation
}
}
JOINT r_upleg_twist0_proc
{
OFFSET 0.000000 0.000000 0.000000
CHANNELS 3 Zrotation Yrotation Xrotation
}
JOINT r_upleg_twist1_proc
{
OFFSET -0.104923 0.001933 -0.000000
CHANNELS 3 Zrotation Yrotation Xrotation
}
JOINT r_upleg_twist2_proc
{
OFFSET -0.209847 0.003866 -0.000000
CHANNELS 3 Zrotation Yrotation Xrotation
}
JOINT r_upleg_twist3_proc
{
OFFSET -0.314770 0.005798 -0.000000
CHANNELS 3 Zrotation Yrotation Xrotation
}
JOINT r_upleg_twist4_proc
{
OFFSET -0.419694 0.007731 -0.000000
CHANNELS 3 Zrotation Yrotation Xrotation
}
}
JOINT c_spine0
{
OFFSET 0.000000 0.020220 -0.032536
CHANNELS 3 Zrotation Yrotation Xrotation
JOINT c_spine1
{
OFFSET 0.109884 0.015431 -0.000000
CHANNELS 3 Zrotation Yrotation Xrotation
JOINT c_spine2
{
OFFSET 0.110315 -0.021572 0.000000
CHANNELS 3 Zrotation Yrotation Xrotation
JOINT c_spine3
{
OFFSET 0.183773 0.017662 0.000000
CHANNELS 3 Zrotation Yrotation Xrotation
JOINT r_clavicle
{
OFFSET 0.053133 0.102892 -0.028218
CHANNELS 3 Zrotation Yrotation Xrotation
JOINT r_uparm
{
OFFSET -0.176505 -0.000000 0.000000
CHANNELS 3 Zrotation Yrotation Xrotation
JOINT r_lowarm
{
OFFSET -0.256801 0.000463 -0.000003
CHANNELS 3 Zrotation Yrotation Xrotation
JOINT r_wrist_twist
{
OFFSET -0.270000 0.000000 0.000000
CHANNELS 3 Zrotation Yrotation Xrotation
JOINT r_wrist
{
OFFSET 0.000000 0.000000 0.000000
CHANNELS 3 Zrotation Yrotation Xrotation
JOINT r_pinky0
{
OFFSET -0.020404 -0.010705 -0.022632
CHANNELS 3 Zrotation Yrotation Xrotation
JOINT r_pinky1
{
OFFSET -0.045651 -0.000001 0.000002
CHANNELS 3 Zrotation Yrotation Xrotation
JOINT r_pinky2
{
OFFSET -0.030723 -0.000003 -0.000003
CHANNELS 3 Zrotation Yrotation Xrotation
JOINT r_pinky3
{
OFFSET -0.020308 0.000004 0.000003
CHANNELS 3 Zrotation Yrotation Xrotation
JOINT r_pinky_null
{
OFFSET -0.020399 -0.000003 -0.000003
CHANNELS 3 Zrotation Yrotation Xrotation
}
}
}
}
}
JOINT r_ring1
{
OFFSET -0.075024 -0.007814 -0.017099
CHANNELS 3 Zrotation Yrotation Xrotation
JOINT r_ring2
{
OFFSET -0.038994 0.000001 0.000001
CHANNELS 3 Zrotation Yrotation Xrotation
JOINT r_ring3
{
OFFSET -0.026577 -0.000003 -0.000001
CHANNELS 3 Zrotation Yrotation Xrotation
JOINT r_ring_null
{
OFFSET -0.022154 0.000002 0.000001
CHANNELS 3 Zrotation Yrotation Xrotation
}
}
}
}
JOINT r_middle1
{
OFFSET -0.081976 -0.003826 0.002093
CHANNELS 3 Zrotation Yrotation Xrotation
JOINT r_middle2
{
OFFSET -0.042926 0.000001 0.000000
CHANNELS 3 Zrotation Yrotation Xrotation
JOINT r_middle3
{
OFFSET -0.027549 0.000001 0.000001
CHANNELS 3 Zrotation Yrotation Xrotation
JOINT r_middle_null
{
OFFSET -0.023488 -0.000000 -0.000000
CHANNELS 3 Zrotation Yrotation Xrotation
}
}
}
}
JOINT r_index1
{
OFFSET -0.082327 -0.008602 0.023917
CHANNELS 3 Zrotation Yrotation Xrotation
JOINT r_index2
{
OFFSET -0.037925 0.000004 0.000001
CHANNELS 3 Zrotation Yrotation Xrotation
JOINT r_index3
{
OFFSET -0.024306 -0.000004 -0.000002
CHANNELS 3 Zrotation Yrotation Xrotation
JOINT r_index_null
{
OFFSET -0.021223 0.000005 0.000002
CHANNELS 3 Zrotation Yrotation Xrotation
}
}
}
}
JOINT r_thumb0
{
OFFSET -0.006401 -0.012841 0.010863
CHANNELS 3 Zrotation Yrotation Xrotation
JOINT r_thumb1
{
OFFSET -0.024852 0.000001 0.000000
CHANNELS 3 Zrotation Yrotation Xrotation
JOINT r_thumb2
{
OFFSET -0.032514 -0.000002 0.000001
CHANNELS 3 Zrotation Yrotation Xrotation
JOINT r_thumb3
{
OFFSET -0.033793 0.000002 -0.000001
CHANNELS 3 Zrotation Yrotation Xrotation
JOINT r_thumb_null
{
OFFSET -0.025461 -0.000001 0.000001
CHANNELS 3 Zrotation Yrotation Xrotation
}
}
}
}
}
}
}
JOINT r_lowarm_twist1_proc
{
OFFSET -0.054000 -0.000000 0.000000
CHANNELS 3 Zrotation Yrotation Xrotation
}
JOINT r_lowarm_twist2_proc
{
OFFSET -0.108000 0.000000 0.000000
CHANNELS 3 Zrotation Yrotation Xrotation
}
JOINT r_lowarm_twist3_proc
{
OFFSET -0.162000 0.000000 0.000000
CHANNELS 3 Zrotation Yrotation Xrotation
}
JOINT r_lowarm_twist4_proc
{
OFFSET -0.216000 0.000000 -0.000000
CHANNELS 3 Zrotation Yrotation Xrotation
}
}
JOINT r_uparm_twist0_proc
{
OFFSET 0.000000 0.000000 0.000000
CHANNELS 3 Zrotation Yrotation Xrotation
}
JOINT r_uparm_twist1_proc
{
OFFSET -0.064200 0.000116 -0.000001
CHANNELS 3 Zrotation Yrotation Xrotation
}
JOINT r_uparm_twist2_proc
{
OFFSET -0.128400 0.000232 -0.000002
CHANNELS 3 Zrotation Yrotation Xrotation
}
JOINT r_uparm_twist3_proc
{
OFFSET -0.192601 0.000348 -0.000002
CHANNELS 3 Zrotation Yrotation Xrotation
}
JOINT r_uparm_twist4_proc
{
OFFSET -0.256801 0.000463 -0.000003
CHANNELS 3 Zrotation Yrotation Xrotation
}
}
}
JOINT l_clavicle
{
OFFSET 0.053133 0.102892 0.028218
CHANNELS 3 Zrotation Yrotation Xrotation
JOINT l_uparm
{
OFFSET 0.176505 -0.000000 -0.000000
CHANNELS 3 Zrotation Yrotation Xrotation
JOINT l_lowarm
{
OFFSET 0.256801 -0.000463 0.000003
CHANNELS 3 Zrotation Yrotation Xrotation
JOINT l_wrist_twist
{
OFFSET 0.270000 -0.000000 -0.000000
CHANNELS 3 Zrotation Yrotation Xrotation
JOINT l_wrist
{
OFFSET 0.000000 0.000000 0.000000
CHANNELS 3 Zrotation Yrotation Xrotation
JOINT l_pinky0
{
OFFSET 0.020404 0.010705 0.022632
CHANNELS 3 Zrotation Yrotation Xrotation
JOINT l_pinky1
{
OFFSET 0.045651 0.000001 -0.000002
CHANNELS 3 Zrotation Yrotation Xrotation
JOINT l_pinky2
{
OFFSET 0.030720 0.000000 -0.000000
CHANNELS 3 Zrotation Yrotation Xrotation
JOINT l_pinky3
{
OFFSET 0.020311 0.000000 0.000000
CHANNELS 3 Zrotation Yrotation Xrotation
JOINT l_pinky_null
{
OFFSET 0.020397 0.000000 -0.000000
CHANNELS 3 Zrotation Yrotation Xrotation
}
}
}
}
}
JOINT l_ring1
{
OFFSET 0.075024 0.007814 0.017098
CHANNELS 3 Zrotation Yrotation Xrotation
JOINT l_ring2
{
OFFSET 0.038996 -0.000000 -0.000000
CHANNELS 3 Zrotation Yrotation Xrotation
JOINT l_ring3
{
OFFSET 0.026573 -0.000000 -0.000000
CHANNELS 3 Zrotation Yrotation Xrotation
JOINT l_ring_null
{
OFFSET 0.022156 0.000000 -0.000000
CHANNELS 3 Zrotation Yrotation Xrotation
}
}
}
}
JOINT l_middle1
{
OFFSET 0.081977 0.003828 -0.002093
CHANNELS 3 Zrotation Yrotation Xrotation
JOINT l_middle2
{
OFFSET 0.042927 -0.000000 -0.000000
CHANNELS 3 Zrotation Yrotation Xrotation
JOINT l_middle3
{
OFFSET 0.027550 -0.000000 0.000000
CHANNELS 3 Zrotation Yrotation Xrotation
JOINT l_middle_null
{
OFFSET 0.023488 0.000000 -0.000000
CHANNELS 3 Zrotation Yrotation Xrotation
}
}
}
}
JOINT l_index1
{
OFFSET 0.082327 0.008601 -0.023918
CHANNELS 3 Zrotation Yrotation Xrotation
JOINT l_index2
{
OFFSET 0.037927 -0.000000 -0.000000
CHANNELS 3 Zrotation Yrotation Xrotation
JOINT l_index3
{
OFFSET 0.024304 -0.000000 -0.000000
CHANNELS 3 Zrotation Yrotation Xrotation
JOINT l_index_null
{
OFFSET 0.021226 0.000000 -0.000000
CHANNELS 3 Zrotation Yrotation Xrotation
}
}
}
}
JOINT l_thumb0
{
OFFSET 0.006400 0.012839 -0.010863
CHANNELS 3 Zrotation Yrotation Xrotation
JOINT l_thumb1
{
OFFSET 0.024853 -0.000000 -0.000000
CHANNELS 3 Zrotation Yrotation Xrotation
JOINT l_thumb2
{
OFFSET 0.032513 -0.000000 -0.000000
CHANNELS 3 Zrotation Yrotation Xrotation
JOINT l_thumb3
{
OFFSET 0.033793 0.000000 0.000000
CHANNELS 3 Zrotation Yrotation Xrotation
JOINT l_thumb_null
{
OFFSET 0.025460 0.000000 0.000000
CHANNELS 3 Zrotation Yrotation Xrotation
}
}
}
}
}
}
}
JOINT l_lowarm_twist1_proc
{
OFFSET 0.054000 0.000000 -0.000000
CHANNELS 3 Zrotation Yrotation Xrotation
}
JOINT l_lowarm_twist2_proc
{
OFFSET 0.108000 -0.000000 -0.000000
CHANNELS 3 Zrotation Yrotation Xrotation
}
JOINT l_lowarm_twist3_proc
{
OFFSET 0.162000 0.000000 0.000000
CHANNELS 3 Zrotation Yrotation Xrotation
}
JOINT l_lowarm_twist4_proc
{
OFFSET 0.216000 0.000000 -0.000000
CHANNELS 3 Zrotation Yrotation Xrotation
}
}
JOINT l_uparm_twist0_proc
{
OFFSET 0.000000 0.000000 0.000000
CHANNELS 3 Zrotation Yrotation Xrotation
}
JOINT l_uparm_twist1_proc
{
OFFSET 0.064200 -0.000116 0.000001
CHANNELS 3 Zrotation Yrotation Xrotation
}
JOINT l_uparm_twist2_proc
{
OFFSET 0.128400 -0.000232 0.000002
CHANNELS 3 Zrotation Yrotation Xrotation
}
JOINT l_uparm_twist3_proc
{
OFFSET 0.192601 -0.000348 0.000003
CHANNELS 3 Zrotation Yrotation Xrotation
}
JOINT l_uparm_twist4_proc
{
OFFSET 0.256801 -0.000463 0.000003
CHANNELS 3 Zrotation Yrotation Xrotation
}
}
}
JOINT c_neck
{
OFFSET 0.091767 0.047655 -0.000000
CHANNELS 3 Zrotation Yrotation Xrotation
JOINT c_neck_twist1_proc
{
OFFSET 0.049646 0.000000 -0.000000
CHANNELS 3 Zrotation Yrotation Xrotation
}
JOINT c_neck_twist0_proc
{
OFFSET 0.000000 0.000000 0.000000
CHANNELS 3 Zrotation Yrotation Xrotation
}
JOINT c_head
{
OFFSET 0.099293 0.000000 0.000000
CHANNELS 3 Zrotation Yrotation Xrotation
JOINT c_jaw
{
OFFSET 0.017994 0.018894 0.000000
CHANNELS 3 Zrotation Yrotation Xrotation
JOINT c_teeth
{
OFFSET -0.000000 -0.008973 0.023750
CHANNELS 3 Zrotation Yrotation Xrotation
}
JOINT c_jaw_null
{
OFFSET 0.000000 -0.042971 0.078795
CHANNELS 3 Zrotation Yrotation Xrotation
}
JOINT c_tongue0
{
OFFSET -0.000000 -0.008973 0.000468
CHANNELS 3 Zrotation Yrotation Xrotation
JOINT c_tongue1
{
OFFSET 0.010978 -0.000000 0.000000
CHANNELS 3 Zrotation Yrotation Xrotation
JOINT c_tongue2
{
OFFSET 0.021681 -0.000000 0.000000
CHANNELS 3 Zrotation Yrotation Xrotation
JOINT c_tongue3
{
OFFSET 0.018401 0.000000 0.000000
CHANNELS 3 Zrotation Yrotation Xrotation
JOINT c_tongue4
{
OFFSET 0.010789 0.000000 0.000000
CHANNELS 3 Zrotation Yrotation Xrotation
}
}
}
}
}
}
JOINT r_eye
{
OFFSET 0.088331 0.069878 -0.032078
CHANNELS 3 Zrotation Yrotation Xrotation
JOINT r_eye_null
{
OFFSET 0.000001 0.000000 0.016965
CHANNELS 3 Zrotation Yrotation Xrotation
}
}
JOINT l_eye
{
OFFSET 0.088331 0.069882 0.032080
CHANNELS 3 Zrotation Yrotation Xrotation
JOINT l_eye_null
{
OFFSET 0.000001 0.000000 0.016966
CHANNELS 3 Zrotation Yrotation Xrotation
}
}
JOINT c_head_null
{
OFFSET 0.190763 0.000000 -0.000000
CHANNELS 3 Zrotation Yrotation Xrotation
}
}
}
}
}
}
}
}
}
MOTION
Frames: 150
Frame Time: 0.033333
0 0 0 179.999991 0.000003 179.999991 0.038156 -0.05183300000000002 0.018934 -176.431614 -0.065041 -176.931993 -83.776109 10.483359 -92.078613 26.209777 -1.708371 -12.744568 0 0.000003 0 0.403818 4.788566 16.121922 75.504886 -7.992029 9.334273 -0.15412 1.329519 -0.522786 -9.894753 8.88711 0.109074 0 0.000003 0 0 0.000003 0 0 0.000003 0 0 0.000003 0 -0.000154 0.018007 -0.977797 -0.000087 0.013513 -0.733348 -0.000038 0.009005 -0.488899 0.013979 0.004497 0.352149 0 0.000003 0 91.25395 26.687566 77.671012 8.768444 -0.933083 -8.409557 0 0.000003 0 22.484266 0.153149 4.976022 75.690319 -9.031782 11.401314 -0.421239 2.455134 -0.80889 2.82941 11.184922 -1.739472 0 0.000003 0 0 0.000003 0 0 0.000003 0 0 0.000003 0 -0.004327 -0.09547 5.189806 -0.002435 -0.071646 3.892353 -0.001082 -0.047781 2.594901 -0.000271 -0.023896 1.29745 0 0.000003 0 89.832977 4.77007 89.110193 16.406864 0.434628 -3.856233 -14.804616 0.745244 -2.131397 9.400752 1.774165 -4.399586 86.743314 -61.373714 136.781495 26.518063 -63.012768 112.000131 0.885876 33.791332 0.296857 4.603279 3.163562 -18.493953 -7.752118 -1.761865 -0.24366 5.567135 -15.315433 -24.893183 19.640663 -2.943734 -2.854937 22.370449 -7.854531 0.939195 7.28897 0.470753 6.486236 -0.034264 0.000003 0 28.350411 -5.65997 9.454894 41.617552 7.113146 2.842482 17.763908 3.431585 4.452668 0 0.000003 0 26.744388 -3.338519 -20.523188 25.769481 -11.543673 -8.847667 3.737838 -3.458703 -4.497638 0 0.000003 0 8.409292 3.15637 -3.513695 29.902117 -5.928062 -10.004627 7.879144 -4.815281 -9.309678 -0.019782 0.000003 0 25.57308 44.865063 59.697001 20.727548 8.959585 26.757529 16.406261 -19.284647 -35.602002 -6.07677 7.97907 9.192813 0 0.000003 0 0 0.000003 0.000008 0.000002 0.000009 -35.36508 0.000003 0.000016 -70.730161 -0.000007 0.000016 -106.095248 -0.042137 0.082559 -53.262348 -0.024602 0.066208 -39.946747 -0.011298 0.046263 -26.631157 -0.00295 0.023792 -13.315576 0 -0.013986 0 -77.541116 -73.478997 92.611519 69.120756 -50.922975 -26.368855 63.91314 0.367972 0.229491 2.386123 -5.04955 80.598964 -17.393613 -2.999748 -0.889728 -2.31197 -14.287039 -22.877688 25.165112 -7.995014 -6.318021 19.416262 -9.340568 -6.921099 7.336599 -1.10405 0.384142 0 0.000003 0 28.10947 -7.562199 -10.090635 41.374868 -7.866224 -6.530861 17.267044 -4.548801 -0.677988 0 0.000003 0 26.619614 -5.164304 -4.66562 30.420853 -6.23652 -2.737259 3.658801 -2.103675 -4.333281 0 0.000003 0 8.663125 2.329766 13.536797 35.723358 1.156681 -2.915451 8.118055 -1.99416 -2.363263 0 0.000003 0 25.57308 44.865063 59.697001 14.639232 -11.87993 23.37307 -37.367644 12.142405 -10.543311 -6.07677 7.97907 9.192813 0 0.000003 0 0 0.000003 0.000008 0 0.000003 -8.878322 0 0.000003 -17.756651 0.000002 0.000003 -26.634982 -0.000119 -0.005762 3.195699 -0.000059 -0.004321 2.396774 -0.000019 -0.00288 1.59785 0 -0.001439 0.798926 0 0.000003 0 16.136984 4.903716 0.247348 -0.013987 0.00018 1.170594 0 0.000003 0 -39.50966 1.109737 1.382538 -89.999999 -90 0 0 0.000003 0 0 0.000003 0 90.000009 -63.648278 -90.000009 -5.682401 0.000003 0 -28.319916 0.000003 0 -16.252152 0.000003 0 0 0.000003 0 89.999996 -84.450021 179.999995 0 0.000003 0 -90.000003 -84.450021 0 0 0.000003 0 0 0.000003 0
0 0 0 179.999991 0.000003 179.999991 0.048549 -0.050570000000000004 -0.020988 -174.500432 -0.061462 -177.27297 -80.300287 6.916771 -93.336577 37.809533 -2.300289 -13.14165 0 0.000003 0 6.581243 4.707191 18.363449 75.504886 -7.992029 9.334273 -0.15412 1.329519 -0.522786 -14.939516 8.629154 0.558034 0 0.000003 0 0 0.000003 0 0 0.000003 0 0 0.000003 0 0 0.000003 -0.000007 0 0.000003 -0.000005 0 0.000003 -0.000003 0.013988 -0.000073 0.596596 0 0.000003 0 93.917628 26.216038 77.897119 13.062334 -1.333845 -8.494592 0 0.000003 0 18.764432 -1.134984 5.088039 75.690319 -9.031782 11.401314 -0.421239 2.455134 -0.80889 4.542858 11.36263 -1.913846 0 0.000003 0 0 0.000003 0 0 0.000003 0 0 0.000003 0 -0.004849 -0.10105 5.494099 -0.002728 -0.07584 4.120572 -0.001213 -0.050582 2.747047 -0.000303 -0.02529 1.373523 0 0.000003 0 91.017175 4.520734 89.11453 16.424493 0.57673 -3.564192 -14.86465 1.189132 -1.861403 9.267295 2.477435 -4.226072 88.355921 -62.381203 135.382754 31.131705 -62.865293 108.161032 0.841504 32.589137 0.272564 4.552003 3.236986 -19.412379 -6.659773 -3.313309 -0.290024 5.567135 -15.315433 -24.893183 19.640721 -2.943782 -2.854952 22.370463 -7.854524 0.826753 7.281298 0.454599 6.695961 -0.034264 0.000003 0 28.350512 -5.659991 9.454893 41.617579 7.113153 2.842493 17.763864 3.431592 4.452669 0 0.000003 0 26.744468 -3.338532 -20.523214 25.769482 -11.54368 -8.770675 3.745648 -3.44507 -4.362595 0 0.000003 0 8.409357 3.156342 -3.513702 29.902186 -5.928062 -10.004635 7.879111 -4.815233 -9.453939 -0.019782 0.000003 0 25.57308 44.865063 59.697001 20.72752 8.959565 26.874561 16.445506 -19.251528 -35.614519 -6.07677 7.97907 9.192813 0 0.000003 0 0 0.000003 0.000008 0.000002 0.000009 -35.610393 0 0.000016 -71.220794 -0.000007 0.000009 -106.831194 -0.041263 0.081903 -52.659509 -0.024075 0.065593 -39.494619 -0.011054 0.045785 -26.329741 -0.002885 0.023519 -13.164867 0 -0.013986 0 -72.298345 -72.587966 87.602312 67.774424 -54.702443 -23.748735 63.387557 0.366299 0.226137 2.439146 -5.024203 79.995025 -16.437644 -2.098682 -0.820608 -2.31197 -14.287039 -22.877688 25.165111 -7.995034 -6.31798 19.41625 -9.340554 -6.921112 7.336624 -1.104036 0.384143 0 0.000003 0 28.109502 -7.56226 -10.090681 41.374844 -7.866231 -6.530877 17.267015 -4.548794 -0.677984 0 0.000003 0 26.619629 -5.164358 -4.665656 30.42086 -6.236527 -2.737267 3.658818 -2.103682 -4.333275 0 0.000003 0 8.663175 2.329719 13.536799 35.723355 1.156681 -2.915453 8.118061 -1.994153 -2.363259 0 0.000003 0 25.57308 44.865063 59.697001 14.639226 -11.879937 23.373061 -37.3676 12.142412 -10.761851 -6.07677 7.97907 9.192813 0 0.000003 0 0 0.000003 0.000008 0 0.000003 -9.038894 0 -0.000004 -18.077796 0.000002 0.000003 -27.116698 -0.000008 -0.002258 1.254438 -0.000002 -0.001698 0.940829 0.000002 -0.001131 0.62722 0.000003 -0.000564 0.313611 0 0.000003 0 16.744916 4.281035 0.306732 -0.013987 0.000166 1.13324 0 0.000003 0 -39.344362 0.830308 1.475637 -89.999999 -90 0 0 0.000003 0 0 0.000003 0 90.000009 -63.648278 -90.000009 -5.682401 0.000003 0 -28.319916 0.000003 0 -16.252152 0.000003 0 0 0.000003 0 89.999996 -84.450021 179.999995 0 0.000003 0 -90.000003 -84.450021 0 0 0.000003 0 0 0.000003 0
0 0 0 179.999991 0.000003 179.999991 0.058526 -0.04992300000000005 -0.062568 -172.989881 -0.113133 -177.894804 -77.137602 1.565967 -94.662488 51.871943 -2.97363 -13.810284 0 0.000003 0 16.374875 3.423847 20.073829 75.504886 -7.992029 9.334273 -0.15412 1.329519 -0.522786 -10.964219 9.004862 0.139074 0 0.000003 0 0 0.000003 0 0 0.000003 0 0 0.000003 0 -0.000078 -0.012818 0.695967 -0.000044 -0.009614 0.521975 -0.000019 -0.006411 0.347984 0.013983 -0.003317 0.770588 0 0.000003 0 95.96719 25.61983 78.167758 18.92696 -1.868389 -8.658684 0 0.000003 0 12.274702 -0.956046 5.083399 75.690319 -9.031782 11.401314 -0.421239 2.455134 -0.80889 5.277786 11.402402 -2.005371 0 0.000003 0 0 0.000003 0 0 0.000003 0 0 0.000003 0 -0.005115 -0.103782 5.642943 -0.002878 -0.077896 4.232205 -0.001279 -0.051955 2.821469 -0.00032 -0.02598 1.410734 0 0.000003 0 92.017811 4.014542 89.220972 16.528406 0.67824 -3.28072 -14.820626 1.549486 -1.587337 9.250851 3.046943 -4.039008 88.593161 -63.419938 135.097471 35.827392 -61.782557 103.03813 0.844334 32.666591 0.274083 4.530346 3.267258 -19.794172 -6.257961 -3.92905 -0.330046 5.567135 -15.315433 -24.893183 19.640692 -2.943782 -2.854982 22.370458 -7.854578 0.939193 7.28903 0.470725 6.486237 -0.034264 0.000003 0 28.350479 -5.659998 9.454904 41.617586 7.113139 2.842487 17.763919 3.431599 4.452669 0 0.000003 0 26.744427 -3.338546 -20.523204 25.769474 -11.54368 -8.847673 3.737859 -3.458737 -4.497666 0 0.000003 0 8.409349 3.156349 -3.513695 29.902186 -5.928076 -10.004634 7.879188 -4.815288 -9.309678 -0.019782 0.000003 0 25.57308 44.865063 59.697001 20.727556 8.959558 26.757517 16.406229 -19.28464 -35.601965 -6.07677 7.97907 9.192813 0 0.000003 0 0 0.000003 0.000008 0 0.000009 -35.712358 0 0.000009 -71.424729 -0.000007 0.000016 -107.137097 -0.041012 0.081719 -52.485725 -0.023924 0.065402 -39.364279 -0.010983 0.045642 -26.242845 -0.002867 0.023451 -13.12142 0 -0.013986 0 -70.690853 -71.875154 86.127996 64.189032 -58.073555 -18.252241 61.978981 0.361695 0.21719 2.417713 -5.03453 80.239478 -14.980791 -2.242301 -0.645464 -2.31197 -14.287039 -22.877688 25.165113 -7.995014 -6.318005 19.416251 -9.340568 -6.921113 7.336581 -1.104043 0.384129 0 0.000003 0 28.109442 -7.562253 -10.090676 41.374834 -7.866238 -6.530868 17.267009 -4.548787 -0.677993 0 0.000003 0 26.619614 -5.164345 -4.665661 30.420829 -6.236534 -2.737251 3.658782 -2.103662 -4.333252 0 0.000003 0 8.663147 2.329746 13.718582 35.710377 1.261245 -2.884047 8.114983 -1.954019 -2.357227 0 0.000003 0 25.57308 44.865063 59.697001 14.639226 -11.879978 23.373061 -37.3676 12.142433 -10.761865 -6.07677 7.97907 9.192813 0 0.000003 0 0 0.000003 0.000008 0 0.000003 -8.973898 0 0.000003 -17.947802 0.000002 -0.000004 -26.921708 -0.000036 0.002065 -1.143735 -0.000023 0.001553 -0.857801 -0.000013 0.001034 -0.571866 -0.000005 0.000522 -0.285932 0 0.000003 0 17.227269 3.788408 0.259849 -0.013987 0.000187 1.192481 0 0.000003 0 -39.207444 0.538399 1.719724 -89.999999 -90 0 0 0.000003 0 0 0.000003 0 90.000009 -63.648278 -90.000009 -5.682401 0.000003 0 -28.319916 0.000003 0 -16.252152 0.000003 0 0 0.000003 0 89.999996 -84.450021 179.999995 0 0.000003 0 -90.000003 -84.450021 0 0 0.000003 0 0 0.000003 0
0 0 0 179.999991 0.000003 179.999991 0.067362 -0.04910899999999996 -0.103975 -172.061426 -0.022694 -178.47675 -74.841169 -4.209771 -96.056666 64.617237 -3.39508 -14.520962 0 0.000003 0 18.981584 4.063364 17.105136 75.504886 -7.992029 9.334273 -0.15412 1.329519 -0.522786 0.66145 9.839259 -0.668415 0 0.000003 0 0 0.000003 0 0 0.000003 0 0 0.000003 0 -0.000224 -0.021752 1.181134 -0.000126 -0.016315 0.88585 -0.000056 -0.010878 0.590567 0.013973 -0.005578 0.891879 0 0.000003 0 97.454519 24.028628 78.448397 22.700786 -2.202262 -8.79281 0 0.000003 0 7.075014 -0.794861 5.412265 75.690319 -9.031782 11.401314 -0.421239 2.455134 -0.80889 5.426302 11.417832 -2.032459 0 0.000003 0 0 0.000003 0 0 0.000003 0 0 0.000003 0 -0.00517 -0.104335 5.673538 -0.002909 -0.078312 4.255152 -0.001293 -0.052235 2.836767 -0.000323 -0.026123 1.418383 0 0.000003 0 92.696254 3.618767 89.433664 16.62739 0.700643 -3.013708 -14.699744 1.790236 -1.314083 9.390016 3.454159 -3.8247 87.039218 -64.330669 136.508683 40.220611 -59.266884 97.748818 0.872824 33.443634 0.289619 4.493348 3.318006 -20.438327 -6.15793 -3.47948 -0.285841 5.567135 -15.315433 -24.893183 19.640735 -2.943775 -2.854948 22.37043 -7.854537 0.9392 7.288954 0.470766 6.48622 -0.034264 0.000003 0 28.35051 -5.659991 9.454892 41.617562 7.113153 2.842489 17.763891 3.431585 4.452655 0 0.000003 0 26.744482 -3.338532 -20.523204 25.769491 -11.543666 -8.847659 3.737879 -3.458723 -4.497661 0 0.000003 0 8.409364 3.156342 -3.513704 29.902145 -5.928042 -10.004634 7.879102 -4.81526 -9.309667 -0.019782 0.000003 0 25.57308 44.865063 59.697001 20.727532 8.959571 26.757486 16.406244 -19.284613 -35.601961 -6.07677 7.97907 9.192813 0 0.000003 0 0 0.000003 0.000008 0.000002 0.000009 -35.884386 0 0.000009 -71.768773 -0.000007 0.000009 -107.653173 -0.043223 0.083344 -54.006463 -0.025256 0.066973 -40.504832 -0.011607 0.046864 -27.003214 -0.00303 0.02412 -13.501604 0 -0.013986 0 -72.210522 -71.29023 88.024241 60.060087 -60.327001 -11.815046 58.487866 0.349305 0.195511 2.401826 -5.042111 80.420437 -13.94759 -2.502299 -0.538329 -2.31197 -14.287039 -22.877688 25.165115 -7.995055 -6.318021 19.416251 -9.340561 -6.921113 7.336646 -1.104104 0.384129 0 0.000003 0 28.109497 -7.562246 -10.090703 41.374868 -7.866238 -6.530877 17.267009 -4.548801 -0.677998 0 0.000003 0 26.619641 -5.164365 -4.665675 30.42085 -6.23652 -2.737254 3.658815 -2.103655 -4.333265 0 0.000003 0 8.663166 2.329732 13.536797 35.723348 1.156695 -2.915425 8.118073 -1.994153 -2.363248 0 0.000003 0 25.57308 44.865063 59.697001 14.639226 -11.879923 23.373034 -37.3676 12.142419 -10.761851 -6.07677 7.97907 9.192813 0 0.000003 0 0 0.000003 0.000008 0 0.000003 -8.925787 0 0.000003 -17.851582 0.000002 -0.000004 -26.777378 -0.000234 0.006252 -3.462734 -0.00014 0.004681 -2.597051 -0.00007 0.003124 -1.731366 -0.000023 0.00156 -0.865682 0 0.000003 0 17.739613 3.437807 0.157119 -0.013987 0.00016 1.083945 0 0.000003 0 -38.942754 -0.225892 1.959796 -89.999999 -90 0 0 0.000003 0 0 0.000003 0 90.000009 -63.648278 -90.000009 -5.682401 0.000003 0 -28.319916 0.000003 0 -16.252152 0.000003 0 0 0.000003 0 89.999996 -84.450021 179.999995 0 0.000003 0 -90.000003 -84.450021 0 0 0.000003 0 0 0.000003 0
0 0 0 179.999991 0.000003 179.999991 0.074741 -0.04596100000000003 -0.144102 -171.759723 0.123779 -179.126246 -73.555147 -9.390087 -97.858217 73.914285 -3.597916 -15.089018 0 0.000003 0 20.584498 3.886804 17.080905 75.504886 -7.992029 9.334273 -0.15412 1.329519 -0.522786 4.936046 10.136249 -0.94875 0 0.000003 0 0 0.000003 0 0 0.000003 0 0 0.000003 0 -0.000588 -0.035214 1.912068 -0.000331 -0.026417 1.434051 -0.000147 -0.017606 0.956034 0.01395 -0.008993 1.074612 0 0.000003 0 98.24443 21.172339 78.517765 23.956212 -2.311211 -8.842274 0 0.000003 0 3.570838 -0.498267 5.637175 75.690319 -9.031782 11.401314 -0.421239 2.455134 -0.80889 5.409718 11.512505 -2.046434 0 0.000003 0 0 0.000003 0 0 0.000003 0 0 0.000003 0 -0.005229 -0.10493 5.705718 -0.002943 -0.078756 4.279287 -0.001308 -0.052528 2.852857 -0.000327 -0.026273 1.426428 0 0.000003 0 93.046376 3.468536 89.653603 16.730509 0.654259 -2.770886 -14.544816 1.862691 -1.056251 9.600512 3.433901 -3.584065 84.279104 -65.001668 139.09794 44.837207 -55.562917 92.707162 0.884445 33.75423 0.296049 4.460812 3.361658 -20.996813 -6.48783 -2.796885 -0.23762 5.567135 -15.315433 -24.893183 19.640752 -2.943809 -2.854963 22.370454 -7.854544 0.939207 7.288949 0.470773 6.486218 -0.034264 0.000003 0 28.350517 -5.659991 9.4549 41.617545 7.113153 2.842487 17.763973 3.431599 4.452669 0 0.000003 0 26.744497 -3.338532 -20.523216 25.769491 -11.54368 -8.847667 3.737882 -3.458737 -4.497661 0 0.000003 0 8.409377 3.156342 -3.513694 29.902124 -5.928042 -10.004634 7.879071 -4.81526 -9.309678 -0.019782 0.000003 0 25.57308 44.865063 59.697001 20.727548 8.959585 26.757488 16.40622 -19.284634 -35.601982 -6.07677 7.97907 9.192813 0 0.000003 0 0 0.000003 0.000008 0.000002 0.000009 -36.033517 0 0.000016 -72.06704 -0.000007 0.000016 -108.100564 -0.046929 0.085872 -56.492788 -0.027498 0.069479 -42.369576 -0.012661 0.048838 -28.246374 -0.003306 0.025206 -14.123184 0 -0.013986 0 -74.950377 -70.578562 91.366382 56.408961 -61.935977 -5.516701 52.305063 0.324218 0.159169 2.422825 -5.032078 80.181291 -13.751118 -2.836493 -0.527069 -2.31197 -14.287039 -22.877688 25.165112 -7.995034 -6.318021 19.41623 -9.340554 -6.921103 7.336651 -1.104098 0.384131 0 0.000003 0 28.10947 -7.56226 -10.090648 41.374861 -7.866197 -6.530861 17.266966 -4.54876 -0.677977 0 0.000003 0 26.619614 -5.164358 -4.665634 30.420846 -6.236479 -2.737262 3.658811 -2.103641 -4.333264 0 0.000003 0 8.663152 2.329739 13.536797 35.723331 1.156729 -2.915403 8.118107 -1.99414 -2.363245 0 0.000003 0 25.57308 44.865063 59.697001 14.63924 -11.879978 23.373034 -37.367627 12.142426 -10.761865 -6.07677 7.97907 9.192813 0 0.000003 0 0 0.000003 0.000008 0 0.000003 -8.98937 0 -0.000004 -17.978748 0.000002 0.000003 -26.968124 -0.000576 0.010173 -5.650592 -0.000338 0.007639 -4.237944 -0.000162 0.005091 -2.825295 -0.00005 0.00255 -1.412647 0 0.000003 0 18.573791 2.766489 0.059646 -0.013988 0.000139 0.99668 0 0.000003 0 -38.326579 -0.720753 2.08123 -89.999999 -90 0 0 0.000003 0 0 0.000003 0 90.000009 -63.648278 -90.000009 -5.682401 0.000003 0 -28.319916 0.000003 0 -16.252152 0.000003 0 0 0.000003 0 89.999996 -84.450021 179.999995 0 0.000003 0 -90.000003 -84.450021 0 0 0.000003 0 0 0.000003 0
0 0 0 179.999991 0.000003 179.999991 0.08091 -0.03990300000000002 -0.184205 -172.141217 0.248314 -179.98476 -73.386913 -13.854182 -99.874004 78.990783 -3.669093 -15.410853 0 0.000003 0 19.406447 4.011345 16.802824 75.504886 -7.992029 9.334273 -0.15412 1.329519 -0.522786 5.617865 10.19727 -0.955605 0 0.000003 0 0 0.000003 0 0 0.000003 0 0 0.000003 0 -0.00133 -0.052972 2.876762 -0.000748 -0.039736 2.157571 -0.000332 -0.026492 1.438381 0.013903 -0.013494 1.315784 0 0.000003 0 98.261185 17.000309 78.39618 23.018315 -2.229884 -8.805104 0 0.000003 0 1.27034 0.166085 5.799181 75.690319 -9.031782 11.401314 -0.421239 2.455134 -0.80889 5.658365 11.42335 -2.254413 0 0.000003 0 0 0.000003 0 0 0.000003 0 0 0.000003 0 -0.005248 -0.105121 5.716179 -0.002953 -0.0789 4.287133 -0.001313 -0.052631 2.858088 -0.000328 -0.026321 1.429043 0 0.000003 0 93.096359 3.395214 89.886936 16.844862 0.529731 -2.580159 -14.425042 1.729755 -0.817356 9.712339 3.29494 -3.334893 82.214919 -65.641215 141.278642 50.246512 -51.37568 86.814635 0.861865 33.144199 0.28361 4.439468 3.389819 -21.359286 -7.910238 -3.040757 -0.302243 5.567135 -15.315433 -24.893183 19.640783 -2.943816 -2.854978 22.370417 -7.854531 0.939217 7.288965 0.470773 6.486223 -0.034264 0.000003 0 28.350561 -5.659984 9.454884 41.617555 7.11318 2.842499 17.763919 3.431592 4.452682 0 0.000003 0 26.744509 -3.338526 -20.523221 25.769552 -11.543666 -8.84767 3.73785 -3.458723 -4.497654 0 0.000003 0 8.409407 3.156342 -3.513706 29.902117 -5.928014 -10.004624 7.87912 -4.815267 -9.309666 -0.019782 0.000003 0 25.57308 44.865063 59.697001 20.727546 8.959558 26.757439 16.406196 -19.284654 -35.601961 -6.07677 7.97907 9.192813 0 0.000003 0 0 0.000003 0.000008 0.000002 0.000009 -36.130294 0 0.000009 -72.260608 -0.000007 0.000016 -108.390915 -0.048231 0.086712 -57.349164 -0.028294 0.070326 -43.011863 -0.013035 0.049528 -28.674565 -0.003403 0.025582 -14.337279 0 -0.013986 0 -77.355731 -69.694751 94.197079 53.061096 -63.827384 1.017095 44.733573 0.288359 0.118628 2.462222 -5.012947 79.73123 -13.526961 -4.605867 -0.543178 -2.31197 -14.287039 -22.877688 25.16511 -7.995028 -6.317992 19.416269 -9.340541 -6.921106 7.336572 -1.104057 0.384132 0 0.000003 0 28.109476 -7.562253 -10.090675 41.374834 -7.866203 -6.530844 17.266971 -4.548746 -0.677989 0 0.000003 0 26.619617 -5.164372 -4.665638 30.420826 -6.236493 -2.737232 3.658838 -2.103641 -4.333288 0 0.000003 0 8.663152 2.329732 13.53681 35.723351 1.15675 -2.915403 8.117994 -1.994174 -2.363262 0 0.000003 0 25.57308 44.865063 59.697001 14.639254 -11.879971 23.373044 -37.367654 12.142419 -10.761865 -6.07677 7.97907 9.192813 0 0.000003 0 0 0.000003 0.000008 0 0.000003 -9.109035 0 0.000003 -18.218076 0.000002 0.000003 -27.327119 -0.001076 0.014148 -7.868954 -0.000625 0.010623 -5.901715 -0.000295 0.007092 -3.934476 -0.000087 0.003547 -1.967237 0 0.000003 0 19.82821 2.208551 0.17858 -0.013988 0.000105 0.845417 0 0.000003 0 -37.142476 -1.109466 2.038542 -89.999999 -90 0 0 0.000003 0 0 0.000003 0 90.000009 -63.648278 -90.000009 -5.682401 0.000003 0 -28.319916 0.000003 0 -16.252152 0.000003 0 0 0.000003 0 89.999996 -84.450021 179.999995 0 0.000003 0 -90.000003 -84.450021 0 0 0.000003 0 0 0.000003 0
0 0 0 179.999991 0.000003 179.999991 0.085353 -0.03200000000000003 -0.222879 -173.019634 0.417607 -180.832468 -74.221685 -17.75295 -101.753549 79.545681 -3.675152 -15.446364 0 0.000003 0 19.228279 3.760315 16.003651 75.504886 -7.992029 9.334273 -0.15412 1.329519 -0.522786 5.570915 10.224714 -0.85161 0 0.000003 0 0 0.000003 0 0 0.000003 0 0 0.000003 0 -0.002426 -0.07151 3.885193 -0.001364 -0.053655 2.913894 -0.000607 -0.035781 1.942596 0.013833 -0.0182 1.567891 0 0.000003 0 97.723218 12.119244 78.325399 20.376556 -1.997698 -8.707605 0 0.000003 0 0.025145 0.92925 5.912239 75.690319 -9.031782 11.401314 -0.421239 2.455134 -0.80889 5.716394 11.316581 -2.017474 0 0.000003 0 0 0.000003 0 0 0.000003 0 0 0.000003 0 -0.005013 -0.102737 5.586283 -0.002821 -0.07711 4.18971 -0.001254 -0.051436 2.793139 -0.000313 -0.02572 1.396569 0 0.000003 0 92.9552 3.287933 90.082682 16.918672 0.396502 -2.316804 -14.404586 1.46208 -0.560732 9.656984 2.975124 -3.05959 81.420554 -66.506244 141.837256 54.956829 -48.112349 80.515192 0.857464 33.024616 0.281204 4.420083 3.415077 -21.685909 -10.356792 -3.564946 -0.461514 5.567135 -15.315433 -24.893183 19.640749 -2.943775 -2.85494 22.370478 -7.854537 0.939197 7.288991 0.47076 6.486227 -0.034264 0.000003 0 28.350575 -5.659957 9.454895 41.617552 7.113173 2.842504 17.763881 3.431592 4.452668 0 0.000003 0 26.744497 -3.338498 -20.523199 25.769498 -11.543639 -8.847671 3.737842 -3.45871 -4.497637 0 0.000003 0 8.409404 3.156356 -3.513699 29.902121 -5.928001 -10.004622 7.879182 -4.815281 -9.309673 -0.019782 0.000003 0 25.57308 44.865063 59.697001 20.727567 8.959606 26.757503 16.40623 -19.28464 -35.601968 -6.07677 7.97907 9.192813 0 0.000003 0 0 0.000003 0.000008 0.000002 0.000009 -36.217502 0.000003 0.000016 -72.435017 -0.000007 0.000016 -108.652532 -0.045171 0.084697 -55.321595 -0.026431 0.068311 -41.491179 -0.012159 0.047916 -27.660781 -0.003174 0.024694 -13.830387 0 -0.013986 0 -78.985482 -68.673663 96.419731 48.374808 -65.600095 8.952812 38.517028 0.255165 0.089125 2.42635 -5.030377 80.141048 -11.194615 -8.282039 -0.625755 -2.31197 -14.287039 -22.877688 25.165173 -7.995 -6.318014 19.416254 -9.340554 -6.921104 7.336607 -1.104084 0.384142 0 0.000003 0 28.109493 -7.562233 -10.090663 41.374854 -7.866162 -6.530837 17.267032 -4.548808 -0.678004 0 0.000003 0 26.619629 -5.164331 -4.665629 30.420809 -6.236466 -2.737238 3.65882 -2.103634 -4.333282 0 0.000003 0 8.663177 2.329753 13.536826 35.723331 1.156791 -2.915386 8.118012 -1.994187 -2.363263 0 0.000003 0 25.57308 44.865063 59.697001 14.639223 -11.879937 23.373102 -37.367617 12.142337 -10.761811 -6.07677 7.97907 9.192813 0 0.000003 0 0 0.000003 0.000008 0 0.000003 -9.000068 0 0.000003 -18.000146 0.000002 0.000003 -27.000221 -0.001757 0.018246 -10.17219 -0.001014 0.013718 -7.629142 -0.000473 0.009162 -5.086094 -0.000135 0.004586 -2.543046 0 0.000003 0 21.17288 1.528476 0.317799 -0.013988 0.000023 0.497228 0 0.000003 0 -35.609581 -1.445464 1.672268 -89.999999 -90 0 0 0.000003 0 0 0.000003 0 90.000009 -63.648278 -90.000009 -5.682401 0.000003 0 -28.319916 0.000003 0 -16.252152 0.000003 0 0 0.000003 0 89.999996 -84.450021 179.999995 0 0.000003 0 -90.000003 -84.450021 0 0 0.000003 0 0 0.000003 0
0 0 0 179.999991 0.000003 179.999991 0.088402 -0.024917999999999996 -0.259364 -174.076482 0.646091 -181.357355 -75.636839 -21.275081 -103.188715 76.162319 -3.632961 -15.230755 0 0.000003 0 18.644082 4.715586 17.546365 75.504886 -7.992029 9.334273 -0.15412 1.329519 -0.522786 5.353533 10.273406 -0.714314 0 0.000003 0 0 0.000003 0 0 0.000003 0 0 0.000003 0 -0.003548 -0.086475 4.699583 -0.001996 -0.064884 3.524686 -0.000887 -0.043267 2.34979 0.013762 -0.022004 1.771487 0 0.000003 0 96.969084 7.476976 78.501878 17.003274 -1.694977 -8.598842 0 0.000003 0 -0.125289 1.432867 5.806548 75.690319 -9.031782 11.401314 -0.421239 2.455134 -0.80889 5.782292 11.541342 -2.042322 0 0.000003 0 0 0.000003 0 0 0.000003 0 0 0.000003 0 -0.004424 -0.096529 5.247499 -0.002489 -0.072445 3.935622 -0.001106 -0.048314 2.623748 -0.000277 -0.024163 1.311874 0 0.000003 0 92.838465 3.222356 90.274317 16.939535 0.299896 -1.949975 -14.447363 1.152365 -0.194124 9.526661 2.491437 -2.682104 82.334973 -67.789818 140.473922 58.350586 -45.996387 74.028124 0.93782 35.160348 0.326256 4.41268 3.424646 -21.809982 -12.753217 -2.713126 -0.635148 5.567135 -15.315433 -24.893183 19.640786 -2.943795 -2.854953 22.37048 -7.854517 0.939197 7.288859 0.470814 6.486223 -0.034264 0.000003 0 28.350594 -5.65997 9.454879 41.617552 7.113187 2.842503 17.763876 3.431585 4.452671 0 0.000003 0 26.744509 -3.338512 -20.523224 25.769511 -11.543632 -8.847673 3.737815 -3.458696 -4.497662 0 0.000003 0 8.409419 3.156383 -3.771758 29.881483 -6.059898 -10.043008 7.862302 -4.875796 -9.31778 -0.019782 0.000003 0 25.57308 44.865063 59.697001 20.727517 8.959599 26.757447 16.406219 -19.28462 -35.601972 -6.07677 7.97907 9.192813 0 0.000003 0 0 0.000003 0.000008 0.000002 0.000009 -36.250628 0 0.000009 -72.501276 -0.000007 0.000016 -108.751904 -0.039598 0.080633 -51.493189 -0.023071 0.06437 -38.619877 -0.010586 0.044843 -25.746579 -0.002763 0.02302 -12.873286 0 -0.013986 0 -80.746455 -67.401641 99.017676 40.611188 -66.463107 19.375502 35.726066 0.239257 0.077072 2.26096 -5.106691 82.012923 -5.914688 -11.53702 -1.125506 -2.31197 -14.287039 -22.877688 25.165159 -7.995034 -6.318025 19.416273 -9.340534 -6.921097 7.336618 -1.104084 0.384149 0 0.000003 0 28.10951 -7.56224 -10.090659 41.37482 -7.866169 -6.530841 17.267003 -4.548801 -0.677995 0 0.000003 0 26.619639 -5.164345 -4.665622 30.420816 -6.236431 -2.737215 3.658765 -2.103641 -4.333282 0 0.000003 0 8.663168 2.329712 13.367266 35.735147 1.059208 -2.944699 8.120811 -2.031596 -2.368881 0 0.000003 0 25.57308 44.865063 59.697001 14.639233 -11.879964 23.373071 -37.367671 12.142385 -10.761873 -6.07677 7.97907 9.192813 0 0.000003 0 0 0.000003 0.000008 0 0.000003 -8.502437 0 0.000003 -17.004881 0.000002 0.000003 -25.507326 -0.002726 0.022849 -12.777327 -0.001567 0.017201 -9.582993 -0.000725 0.011498 -6.388662 -0.000202 0.00576 -3.19433 0 0.000003 0 21.996252 0.668084 0.412679 -0.013988 -0.000073 0.103509 0 0.000003 0 -34.188396 -1.669815 1.191556 -89.999999 -90 0 0 0.000003 0 0 0.000003 0 90.000009 -63.648278 -90.000009 -5.682401 0.000003 0 -28.319916 0.000003 0 -16.252152 0.000003 0 0 0.000003 0 89.999996 -84.450021 179.999995 0 0.000003 0 -90.000003 -84.450021 0 0 0.000003 0 0 0.000003 0
0 0 0 179.999991 0.000003 179.999991 0.090407 -0.020038 -0.295794 -175.125518 0.900044 -181.489177 -77.39719 -24.35775 -103.810338 69.363754 -3.510148 -14.806892 0 0.000003 0 15.471762 4.748261 14.148341 75.504886 -7.992029 9.334273 -0.15412 1.329519 -0.522786 5.167036 10.31841 -0.644874 0 0.000003 0 0 0.000003 0 0 0.000003 0 0 0.000003 0 -0.00412 -0.093161 5.06405 -0.002318 -0.069904 3.798036 -0.001031 -0.046627 2.532023 0.013725 -0.023698 1.862603 0 0.000003 0 96.181023 3.084256 78.932009 13.459433 -1.370543 -8.503977 0 0.000003 0 -0.73941 1.82505 5.712157 75.690319 -9.031782 11.401314 -0.421239 2.455134 -0.80889 5.782264 11.541356 -2.042336 0 0.000003 0 0 0.000003 0 0 0.000003 0 0 0.000003 0 -0.003579 -0.08685 4.719824 -0.002014 -0.065164 3.539867 -0.000895 -0.043458 2.359911 -0.000224 -0.021724 1.179955 0 0.000003 0 92.807156 3.255571 90.399323 16.942301 0.215474 -1.458224 -14.494628 0.870585 0.290768 9.415406 1.917844 -2.19117 83.026516 -69.117619 138.646191 58.963616 -44.579488 69.866825 1.119001 39.589111 0.436307 4.407861 3.430854 -21.89062 -14.108357 -0.429213 -0.804968 5.567135 -15.315433 -24.893183 19.640776 -2.943754 -2.854958 22.370447 -7.854496 0.939195 7.288937 0.470794 6.486226 -0.034264 0.000003 0 28.350582 -5.659943 9.45488 41.617531 7.113201 2.842506 17.76397 3.431599 4.452675 0 0.000003 0 26.744494 -3.338485 -20.523209 25.769481 -11.543598 -8.847661 3.737798 -3.458682 -4.497651 0 0.000003 0 8.409396 3.15637 -3.513702 29.902175 -5.927953 -10.004622 7.879083 -4.815247 -9.309672 -0.019782 0.000003 0 25.57308 44.865063 59.697001 20.727534 8.95964 26.757481 16.406251 -19.284647 -35.601979 -6.07677 7.97907 9.192813 0 0.000003 0 0 0.000003 0.000008 0.000002 0.000009 -36.272157 0 0.000009 -72.544327 -0.000007 0.000016 -108.816497 -0.036442 0.078044 -49.238366 -0.021186 0.061973 -36.928763 -0.009707 0.043005 -24.619171 -0.002535 0.022023 -12.309582 0 -0.013986 0 -83.291268 -65.794933 102.519261 30.471052 -65.936021 30.925041 35.986368 0.240774 0.078156 2.139734 -5.158553 83.367957 -0.230792 -12.331002 -1.830126 -2.31197 -14.287039 -22.877688 25.165125 -7.995021 -6.318004 19.416309 -9.340534 -6.921095 7.336519 -1.104016 0.384158 0 0.000003 0 28.10949 -7.56224 -10.090658 41.374813 -7.866115 -6.530829 17.266991 -4.548815 -0.67798 0 0.000003 0 26.6196 -5.164358 -4.665603 30.420826 -6.236384 -2.737194 3.658804 -2.103614 -4.333283 0 0.000003 0 8.663141 2.329725 13.536831 35.723327 1.156907 -2.915371 8.11811 -1.99416 -2.363251 0 0.000003 0 25.57308 44.865063 59.697001 14.63923 -11.87995 23.373051 -37.367658 12.142419 -10.761865 -6.07677 7.97907 9.192813 0 0.000003 0 0 0.000003 0.000008 0 0.000003 -8.14228 0 0.000003 -16.284568 0.000001 0.000003 -24.426857 -0.003985 0.027699 -15.553399 -0.002286 0.020882 -11.665049 -0.001052 0.013984 -7.776698 -0.000289 0.00701 -3.888348 0 0.000003 0 22.160317 -0.433148 0.510605 -0.013987 -0.000155 -0.222828 0 0.000003 0 -33.131725 -1.844756 0.794018 -89.999999 -90 0 0 0.000003 0 0 0.000003 0 90.000009 -63.648278 -90.000009 -5.682401 0.000003 0 -28.319916 0.000003 0 -16.252152 0.000003 0 0 0.000003 0 89.999996 -84.450021 179.999995 0 0.000003 0 -90.000003 -84.450021 0 0 0.000003 0 0 0.000003 0
0 0 0 179.999991 0.000003 179.999991 0.091034 -0.017966999999999955 -0.332421 -176.012568 1.183326 -181.303943 -79.282869 -26.693907 -103.360324 59.640741 -3.249453 -14.232484 0 0.000003 0 13.699551 4.043734 11.388294 75.504886 -7.992029 9.334273 -0.15412 1.329519 -0.522786 5.038673 10.28861 -0.661267 0 0.000003 0 0 0.000003 0 0 0.000003 0 0 0.000003 0 -0.003735 -0.088722 4.822096 -0.002102 -0.066571 3.616572 -0.000934 -0.044401 2.411047 0.01375 -0.022564 1.802115 0 0.000003 0 95.429887 -0.759098 79.406099 10.155095 -1.063212 -8.433727 0 0.000003 0 -1.210742 2.097854 5.182778 75.690319 -9.031782 11.401314 -0.421239 2.455134 -0.80889 5.723333 11.603278 -1.908382 0 0.000003 0 0 0.000003 0 0 0.000003 0 0 0.000003 0 -0.002822 -0.077131 4.190791 -0.001588 -0.057863 3.143092 -0.000706 -0.038595 2.095394 -0.000176 -0.0193 1.047697 0 0.000003 0 92.889671 3.356959 90.462017 16.931189 0.146305 -0.8879 -14.53292 0.651329 0.85074 9.3466 1.320367 -1.631427 83.828981 -70.543733 136.735596 58.021678 -42.916146 67.839283 1.357353 44.658682 0.596324 4.380825 3.46534 -22.340116 -14.463544 1.980737 -0.942531 5.567135 -15.315433 -24.893183 19.640738 -2.943768 -2.854969 22.370459 -7.854469 0.939199 7.289 0.47076 6.486225 -0.034264 0.000003 0 28.350585 -5.65995 9.454823 41.6175 7.113173 2.842503 17.763942 3.431592 4.452683 0 0.000003 0 26.744504 -3.338498 -20.523247 25.769522 -11.543584 -8.847673 3.73781 -3.458703 -4.497657 0 0.000003 0 8.409399 3.156356 -3.513724 29.902189 -5.927932 -10.004628 7.879084 -4.815274 -9.309679 -0.019782 0.000003 0 25.57308 44.865063 59.697001 20.727497 8.959619 26.757457 16.406251 -19.284613 -35.601975 -6.07677 7.97907 9.192813 0 0.000003 0 0 0.000003 0.000008 0.000002 0.000009 -36.392156 0 0.000009 -72.784333 -0.000007 0.000009 -109.176496 -0.036135 0.077792 -49.01452 -0.020999 0.061727 -36.760877 -0.009621 0.042821 -24.507245 -0.002513 0.021927 -12.253621 0 -0.013986 0 -86.199699 -63.933083 106.291438 20.987109 -64.363816 40.54248 37.136179 0.247378 0.083062 2.225959 -5.122018 82.405618 3.532099 -11.627848 -2.253607 -2.31197 -14.287039 -22.877688 25.165159 -7.995021 -6.318028 19.416245 -9.3405 -6.921085 7.336561 -1.104022 0.384133 0 0.000003 0 28.109504 -7.562226 -10.090685 41.374834 -7.866094 -6.530827 17.266961 -4.548842 -0.677985 0 0.000003 0 26.619622 -5.164345 -4.665625 30.420833 -6.23637 -2.737201 3.658811 -2.103641 -4.333292 0 0.000003 0 8.663152 2.329725 13.536802 35.72331 1.156873 -2.915376 8.118027 -1.994174 -2.363255 0 0.000003 0 25.57308 44.865063 59.697001 14.639203 -11.879923 23.373075 -37.367647 12.142371 -10.761869 -6.07677 7.97907 9.192813 0 0.000003 0 0 0.000003 0.000008 0 0.000003 -8.398057 0 0.000003 -16.796123 0.000002 0.000003 -25.194189 -0.005268 0.031852 -17.96093 -0.003019 0.024072 -13.470697 -0.001384 0.016135 -8.980463 -0.000376 0.008096 -4.49023 0 0.000003 0 21.887293 -1.738895 0.563985 -0.013986 -0.00025 -0.577572 0 0.000003 0 -32.511072 -2.02827 0.368207 -89.999999 -90 0 0 0.000003 0 0 0.000003 0 90.000009 -63.648278 -90.000009 -5.682401 0.000003 0 -28.319916 0.000003 0 -16.252152 0.000003 0 0 0.000003 0 89.999996 -84.450021 179.999995 0 0.000003 0 -90.000003 -84.450021 0 0 0.000003 0 0 0.000003 0
0 0 0 179.999991 0.000003 179.999991 0.090504 -0.018781000000000048 -0.368659 -176.601808 1.469777 -180.921493 -81.066033 -27.862053 -101.976753 47.185563 -2.780404 -13.57502 0 0.000003 0 13.459093 2.893715 9.390482 75.504886 -7.992029 9.334273 -0.15412 1.329519 -0.522786 5.003481 10.188616 -0.688017 0 0.000003 0 0 0.000003 0 0 0.000003 0 0 0.000003 0 -0.002668 -0.075007 4.075004 -0.001501 -0.056271 3.056252 -0.000667 -0.037523 2.037501 0.013818 -0.019088 1.615343 0 0.000003 0 94.844526 -4.087435 79.648147 7.439185 -0.807879 -8.389341 0 0.000003 0 -2.238089 2.122067 5.048784 75.690319 -9.031782 11.401314 -0.421239 2.455134 -0.80889 5.807481 11.365922 -2.063168 0 0.000003 0 0 0.000003 0 0 0.000003 0 0 0.000003 0 -0.00242 -0.071428 3.880439 -0.001361 -0.053587 2.910329 -0.000605 -0.035733 1.940219 -0.000151 -0.017865 0.970109 0 0.000003 0 93.151486 3.50699 90.474721 16.914248 0.092449 -0.291202 -14.56838 0.500491 1.435904 9.295382 0.74603 -1.055831 86.411244 -72.174653 133.56841 57.052034 -40.738995 66.619281 1.591405 48.902921 0.767 4.343752 3.511724 -22.949391 -14.660601 3.378542 -1.049757 5.567135 -15.315433 -24.893183 19.640762 -2.943775 -2.854985 22.370423 -7.854469 0.939204 7.288997 0.470753 6.48623 -0.034264 0.000003 0 28.350616 -5.65995 9.454809 41.617517 7.113166 2.842513 17.763939 3.431585 4.452686 0 0.000003 0 26.744485 -3.338492 -20.523252 25.769477 -11.543577 -8.847662 3.737797 -3.458696 -4.497647 0 0.000003 0 8.40939 3.156363 -3.513752 29.902111 -5.927946 -10.004612 7.879183 -4.815281 -9.309696 -0.019782 0.000003 0 25.57308 44.865063 59.697001 20.727508 8.95964 26.75748 16.406249 -19.284606 -35.601972 -6.07677 7.97907 9.192813 0 0.000003 0 0 0.000003 0.000008 0 0.000009 -36.554804 0.000003 0.000009 -73.109621 -0.00001 0.000009 -109.664438 -0.037001 0.078522 -49.642129 -0.021517 0.06241 -37.231587 -0.00986 0.043326 -24.821051 -0.002575 0.022201 -12.410524 0 -0.013986 0 -88.657911 -61.998557 109.452176 13.615509 -62.628046 47.119003 37.418911 0.24899 0.084269 2.428163 -5.02951 80.120359 5.191671 -10.91449 -2.40674 -2.31197 -14.287039 -22.877688 25.16511 -7.995021 -6.318005 19.416257 -9.340507 -6.92109 7.336589 -1.104029 0.384136 0 0.000003 0 28.109481 -7.56224 -10.090694 41.3748 -7.866108 -6.530839 17.267029 -4.548849 -0.677997 0 0.000003 0 26.619612 -5.164338 -4.665642 30.42084 -6.236397 -2.737218 3.658816 -2.103668 -4.333289 0 0.000003 0 8.66313 2.329719 13.536788 35.72329 1.156838 -2.915393 8.118049 -1.994167 -2.36326 0 0.000003 0 25.57308 44.865063 59.697001 14.639209 -11.87993 23.373085 -37.367641 12.142399 -10.761876 -6.07677 7.97907 9.192813 0 0.000003 0 0 0.000003 0.000008 0 0.000003 -9.005569 0 0.000003 -18.011147 0.000002 0.000003 -27.016724 -0.0062 0.034529 -19.53401 -0.003549 0.026128 -14.650506 -0.001625 0.017529 -9.767003 -0.000439 0.0088 -4.883501 0 0.000003 0 21.455516 -3.174587 0.608642 -0.013984 -0.000339 -0.965129 0 0.000003 0 -32.32972 -2.258905 -0.076577 -89.999999 -90 0 0 0.000003 0 0 0.000003 0 90.000009 -63.648278 -90.000009 -5.682401 0.000003 0 -28.319916 0.000003 0 -16.252152 0.000003 0 0 0.000003 0 89.999996 -84.450021 179.999995 0 0.000003 0 -90.000003 -84.450021 0 0 0.000003 0 0 0.000003 0
0 0 0 179.999991 0.000003 179.999991 0.088388 -0.022392999999999996 -0.40512 -176.807875 1.717378 -180.469922 -82.452999 -27.223861 -100.500968 31.607728 -2.012417 -12.919853 0 0.000003 0 14.215073 1.439315 7.813152 75.504886 -7.992029 9.334273 -0.15412 1.329519 -0.522786 5.33261 10.174519 -0.707349 0 0.000003 0 0 0.000003 0 0 0.000003 0 0 0.000003 0 -0.001814 -0.061865 3.360328 -0.001021 -0.046415 2.520245 -0.000454 -0.030945 1.680163 0.013872 -0.015755 1.436675 0 0.000003 0 94.479357 -7.030427 79.650128 5.496062 -0.62401 -8.365039 0 0.000003 0 -3.591806 2.353809 5.188197 75.690319 -9.031782 11.401314 -0.421239 2.455134 -0.80889 5.91477 11.5304 -2.096704 0 0.000003 0 0 0.000003 0 0 0.000003 0 0 0.000003 0 -0.002295 -0.069563 3.779299 -0.001291 -0.052194 2.834474 -0.000574 -0.034804 1.889649 -0.000143 -0.017401 0.944824 0 0.000003 0 93.602538 3.682656 90.527491 16.879969 0.053456 0.250162 -14.645133 0.417949 1.967441 9.172284 0.70511 -0.56262 90.541049 -73.636474 128.724822 55.553204 -38.560469 66.490471 1.767543 51.684816 0.90254 4.324772 3.535083 -23.258211 -15.093236 3.808495 -1.151035 5.567135 -15.315433 -24.893183 19.640772 -2.943768 -2.854981 22.370454 -7.854462 0.939215 7.28897 0.470773 6.486244 -0.034264 0.000003 0 28.350609 -5.659936 9.454815 41.617483 7.113166 2.842535 17.763905 3.431619 4.452707 0 0.000003 0 26.7445 -3.338478 -20.52324 25.769518 -11.543564 -8.847663 3.73785 -3.45871 -4.497648 0 0.000003 0 8.409411 3.156342 -3.513727 29.902169 -5.927891 -10.004618 7.879102 -4.815254 -9.309687 -0.019782 0.000003 0 25.57308 44.865063 59.697001 20.7275 8.959599 26.757471 16.406224 -19.284627 -35.601948 -6.07677 7.97907 9.192813 0 0.000003 0 0 0.000003 0.000008 0.000002 0.000009 -36.637237 0 0.000009 -73.274481 -0.000007 0.000016 -109.911732 -0.039041 0.080189 -51.100607 -0.022736 0.063947 -38.325441 -0.010429 0.044522 -25.55029 -0.002723 0.022843 -12.775141 0 -0.013986 0 -90.127345 -60.202002 111.511875 7.882317 -61.612769 51.742726 36.561012 0.244093 0.080572 2.590271 -4.948121 78.256346 5.843271 -10.652647 -2.493429 -2.31197 -14.287039 -22.877688 25.165128 -7.995034 -6.318001 19.416261 -9.340479 -6.921104 7.336568 -1.104022 0.38413 0 0.000003 0 28.109504 -7.562246 -10.090689 41.374827 -7.866135 -6.530846 17.267026 -4.548835 -0.677983 0 0.000003 0 26.619621 -5.164351 -4.665652 30.420799 -6.236425 -2.737219 3.65883 -2.103668 -4.333296 0 0.000003 0 8.663151 2.329719 13.5368 35.723307 1.156811 -2.915408 8.11811 -1.994153 -2.363263 0 0.000003 0 25.57308 44.865063 59.697001 14.639197 -11.879923 23.37308 -37.367647 12.142392 -10.761882 -6.07677 7.97907 9.192813 0 0.000003 0 0 0.000003 0.000008 0 0.000003 -9.501231 0 0.000003 -19.002471 0.000002 0.000003 -28.50371 -0.006578 0.035547 -20.139772 -0.003767 0.026913 -15.104827 -0.001722 0.018062 -10.069884 -0.000465 0.009073 -5.034941 0 0.000003 0 21.118976 -4.536145 0.635257 -0.013983 -0.000394 -1.190217 0 0.000003 0 -32.362474 -2.362533 -0.347382 -89.999999 -90 0 0 0.000003 0 0 0.000003 0 90.000009 -63.648278 -90.000009 -5.682401 0.000003 0 -28.319916 0.000003 0 -16.252152 0.000003 0 0 0.000003 0 89.999996 -84.450021 179.999995 0 0.000003 0 -90.000003 -84.450021 0 0 0.000003 0 0 0.000003 0
0 0 0 179.999991 0.000003 179.999991 0.085291 -0.028133999999999992 -0.443506 -176.718796 1.971946 -180.076954 -83.475676 -25.12129 -98.826581 14.550314 -1.003407 -12.46789 0 0.000003 0 14.325792 0.688267 6.837762 75.504886 -7.992029 9.334273 -0.15412 1.329519 -0.522786 5.772604 10.164915 -0.53198 0 0.000003 0 0 0.000003 0 0 0.000003 0 0 0.000003 0 -0.001009 -0.046135 2.505303 -0.000567 -0.034599 1.878977 -0.000252 -0.02307 1.252651 0.013923 -0.011759 1.22292 0 0.000003 0 94.324277 -9.809522 79.401215 4.311412 -0.511545 -8.353296 0 0.000003 0 -4.936828 3.05936 5.334272 75.690319 -9.031782 11.401314 -0.421239 2.455134 -0.80889 5.761692 11.530598 -1.966835 0 0.000003 0 0 0.000003 0 0 0.000003 0 0 0.000003 0 -0.002411 -0.071305 3.873713 -0.001357 -0.053492 2.905285 -0.000603 -0.035672 1.936856 -0.000151 -0.017838 0.968428 0 0.000003 0 94.096661 3.841239 90.610669 16.825411 0.034871 0.68391 -14.778322 0.396522 2.393306 8.962825 0.386933 -0.16377 96.196118 -74.859429 122.028778 54.329145 -37.429929 66.696155 1.888852 53.421186 0.99887 4.33177 3.526511 -23.144608 -15.69788 3.759742 -1.261085 5.567135 -15.315433 -24.893183 19.6408 -2.943782 -2.854976 22.370442 -7.854462 0.939228 7.288944 0.470794 6.486241 -0.034264 0.000003 0 28.350628 -5.659916 9.454838 41.617476 7.113166 2.842552 17.763942 3.431619 4.452725 0 0.000003 0 26.744507 -3.338485 -20.523209 25.769522 -11.543543 -8.847646 3.737852 -3.458689 -4.497649 0 0.000003 0 8.409396 3.15637 -3.513692 29.902169 -5.927891 -10.004605 7.879062 -4.815233 -9.309684 -0.019782 0.000003 0 25.57308 44.865063 59.697001 20.727481 8.959592 26.757476 16.406244 -19.284627 -35.601958 -6.07677 7.97907 9.192813 0 0.000003 0 0 0.000003 0.000008 0.000002 0.000009 -36.606918 0.000003 0.000009 -73.213836 -0.000007 0.000009 -109.820754 -0.040474 0.081302 -52.11032 -0.0236 0.065012 -39.082725 -0.010831 0.045334 -26.055143 -0.002827 0.023287 -13.027569 0 -0.013986 0 -90.428692 -58.604902 112.371713 2.973385 -60.575227 54.992168 35.340847 0.237044 0.075446 2.645455 -4.918895 77.614698 6.370234 -10.863454 -2.662257 -2.31197 -14.287039 -22.877688 25.165105 -7.995028 -6.317976 19.416295 -9.340507 -6.921119 7.336557 -1.104016 0.384141 0 0.000003 0 28.109473 -7.562246 -10.090693 41.374807 -7.866135 -6.530858 17.266925 -4.548808 -0.677982 0 0.000003 0 26.619621 -5.164324 -4.665647 30.420857 -6.236479 -2.737234 3.658828 -2.103648 -4.333294 0 0.000003 0 8.663143 2.329732 13.536801 35.723341 1.156832 -2.915415 8.118018 -1.994174 -2.36326 0 0.000003 0 25.57308 44.865063 59.697001 14.639199 -11.879889 23.373064 -37.367644 12.142358 -10.761873 -6.07677 7.97907 9.192813 0 0.000003 0 0 0.000003 0.000008 0 0.000003 -9.671883 0 0.000003 -19.343774 0 0.000003 -29.015665 -0.00664 0.035711 -20.234312 -0.003799 0.027036 -15.175733 -0.001738 0.01815 -10.117155 -0.000469 0.009114 -5.058576 0 0.000003 0 20.757119 -5.654984 0.740537 -0.013984 -0.000359 -1.037067 0 0.000003 0 -32.424233 -2.217958 -0.196195 -89.999999 -90 0 0 0.000003 0 0 0.000003 0 90.000009 -63.648278 -90.000009 -5.682401 0.000003 0 -28.319916 0.000003 0 -16.252152 0.000003 0 0 0.000003 0 89.999996 -84.450021 179.999995 0 0.000003 0 -90.000003 -84.450021 0 0 0.000003 0 0 0.000003 0
0 0 0 179.999991 0.000003 179.999991 0.0815 -0.035580000000000056 -0.483782 -176.888731 1.965874 -179.63056 -84.761746 -22.422026 -96.888733 -0.874577 -0.011766 -12.330616 0 0.000003 0 13.466222 1.797599 6.192855 75.504886 -7.992029 9.334273 -0.15412 1.329519 -0.522786 6.02881 10.065393 -0.463902 0 0.000003 0 0 0.000003 0 0 0.000003 0 0 0.000003 0 -0.000341 -0.02682 1.456184 -0.000192 -0.020112 1.092138 -0.000085 -0.013412 0.728092 0.013966 -0.006862 0.960642 0 0.000003 0 93.81424 -12.221938 79.012564 4.015192 -0.48339 -8.350705 0 0.000003 0 -6.533963 4.011297 5.484116 75.690319 -9.031782 11.401314 -0.421239 2.455134 -0.80889 5.494385 11.630305 -1.889135 0 0.000003 0 0 0.000003 0 0 0.000003 0 0 0.000003 0 -0.002724 -0.075772 4.117005 -0.001532 -0.056852 3.087753 -0.000681 -0.037912 2.058502 -0.00017 -0.018958 1.029251 0 0.000003 0 94.1225 4.029937 90.504289 16.75886 -0.003228 1.048728 -14.929229 0.372371 2.757668 8.727489 0.280115 0.191554 101.319374 -75.641573 116.155007 52.869714 -36.543337 66.921476 2.004572 54.95466 1.0927 4.34215 3.513705 -22.975513 -16.458365 3.903913 -1.425082 5.567135 -15.315433 -24.893183 19.640848 -2.943754 -2.854979 22.370429 -7.854455 0.939228 7.288986 0.470773 6.486244 -0.034264 0.000003 0 28.350607 -5.659902 9.454852 41.617473 7.113173 2.842544 17.763871 3.431612 4.452728 0 0.000003 0 26.744518 -3.338464 -20.523216 25.769488 -11.543543 -8.847638 3.737859 -3.458703 -4.497639 0 0.000003 0 8.409424 3.15637 -3.513717 29.902152 -5.927905 -10.00459 7.879146 -4.815247 -9.309693 -0.019782 0.000003 0 25.57308 44.865063 59.697001 20.727479 8.959633 26.757464 16.406244 -19.284627 -35.601979 -6.07677 7.97907 9.192813 0 0.000003 0 0 0.000003 0.000008 0 0.000009 -36.561777 0 0.000009 -73.123568 -0.000007 0.000016 -109.685352 -0.041763 0.082279 -53.004177 -0.024375 0.065941 -39.753122 -0.011192 0.046058 -26.502073 -0.002922 0.023676 -13.251033 0 -0.013986 0 -90.79475 -57.559361 113.016634 -1.436609 -59.458358 57.505944 34.399742 0.231505 0.071597 2.632478 -4.925834 77.765986 7.336487 -11.387316 -3.000092 -2.31197 -14.287039 -22.877688 25.165081 -7.995007 -6.318038 19.416256 -9.34052 -6.921105 7.336515 -1.104009 0.384176 0 0.000003 0 28.109435 -7.56224 -10.090668 41.37482 -7.866101 -6.530858 17.267029 -4.548842 -0.677978 0 0.000003 0 26.619597 -5.164331 -4.665648 30.420775 -6.236472 -2.737221 3.658784 -2.103641 -4.333293 0 0.000003 0 8.66311 2.329725 13.5368 35.723324 1.156838 -2.915415 8.118007 -1.994194 -2.363257 0 0.000003 0 25.57308 44.865063 59.697001 14.639203 -11.879916 23.373078 -37.367661 12.142405 -10.761881 -6.07677 7.97907 9.192813 0 0.000003 0 0 0.000003 0.000008 0 0.000003 -9.631645 0 0.000003 -19.2633 0.000002 0.000003 -28.894951 -0.006552 0.035479 -20.095328 -0.003751 0.026859 -15.071495 -0.001716 0.018027 -10.047662 -0.000463 0.009053 -5.02383 0 0.000003 0 19.96993 -6.368124 0.793421 -0.013985 -0.000271 -0.689616 0 0.000003 0 -32.56307 -1.724026 0.070756 -89.999999 -90 0 0 0.000003 0 0 0.000003 0 90.000009 -63.648278 -90.000009 -5.682401 0.000003 0 -28.319916 0.000003 0 -16.252152 0.000003 0 0 0.000003 0 89.999996 -84.450021 179.999995 0 0.000003 0 -90.000003 -84.450021 0 0 0.000003 0 0 0.000003 0
0 0 0 179.999991 0.000003 179.999991 0.078235 -0.042854999999999976 -0.521273 -177.511808 1.430934 -179.260145 -86.467845 -24.475734 -95.996547 -0.874569 -0.0118 -12.330628 0 0.000003 0 13.557202 3.159259 5.92067 75.504886 -7.992029 9.334273 -0.15412 1.329519 -0.522786 6.450138 10.090337 -0.470051 0 0.000003 0 0 0.000003 0 0 0.000003 0 0 0.000003 0 -0.000161 -0.018412 0.999653 -0.00009 -0.013808 0.74974 -0.00004 -0.009205 0.499827 0.013978 -0.004731 0.846509 0 0.000003 0 92.897355 -13.938385 78.594925 4.994321 -0.576397 -8.359782 0 0.000003 0 -7.920747 5.452911 5.018713 75.690319 -9.031782 11.401314 -0.421239 2.455134 -0.80889 4.950265 11.577679 -2.299492 0 0.000003 0 0 0.000003 0 0 0.000003 0 0 0.000003 0 -0.003187 -0.08196 4.453935 -0.001793 -0.061497 3.34045 -0.000797 -0.041006 2.226966 -0.000199 -0.020509 1.113483 0 0.000003 0 93.575969 3.897186 90.593471 16.704766 -0.091413 1.21082 -15.008463 0.258095 2.932439 8.629162 0.50125 0.376378 102.491278 -76.044013 114.208594 50.588206 -35.856606 67.193489 2.160227 56.848521 1.221618 4.38036 3.465921 -22.347826 -17.486435 4.503419 -1.719332 5.567135 -15.315433 -24.893183 19.640834 -2.943768 -2.854958 22.370432 -7.854442 0.939221 7.288964 0.470766 6.48626 -0.034264 0.000003 0 28.350637 -5.659902 9.454842 41.617558 7.113194 2.84254 17.763976 3.431585 4.452717 0 0.000003 0 26.744533 -3.338471 -20.523224 25.769532 -11.543536 -8.847637 3.737831 -3.458723 -4.497626 0 0.000003 0 8.409439 3.15639 -3.513722 29.902186 -5.927885 -10.004605 7.879113 -4.815274 -9.309679 -0.019782 0.000003 0 25.57308 44.865063 59.697001 20.72749 8.959612 26.757491 16.406265 -19.284661 -35.601985 -6.07677 7.97907 9.192813 0 0.000003 0 0 0.000003 0.000008 0 0.000003 -36.394219 0 0.000009 -72.788445 -0.000007 0.000009 -109.182678 -0.043042 0.083215 -53.882556 -0.025145 0.066843 -40.411904 -0.011556 0.046762 -26.941265 -0.003016 0.024065 -13.470628 0 -0.013986 0 -91.417642 -57.204051 113.40704 -4.501493 -58.516277 59.211982 33.861175 0.228329 0.069448 2.599334 -4.943381 78.151311 7.841949 -12.159681 -3.325442 -2.31197 -14.287039 -22.877688 25.165146 -7.995028 -6.318083 19.416288 -9.340534 -6.921107 7.336624 -1.104084 0.384177 0 0.000003 0 28.109497 -7.562233 -10.090695 41.374844 -7.866121 -6.53086 17.266952 -4.548808 -0.677983 0 0.000003 0 26.619653 -5.164317 -4.66566 30.420829 -6.236466 -2.737226 3.658854 -2.103662 -4.333278 0 0.000003 0 8.663145 2.329732 13.536813 35.723317 1.156845 -2.915415 8.1181 -1.994146 -2.363268 0 0.000003 0 25.57308 44.865063 59.697001 14.639213 -11.879896 23.373058 -37.367671 12.142399 -10.761854 -6.07677 7.97907 9.192813 0 0.000003 0 0 0.000003 0.000008 0 0.000003 -9.529166 0 0.000003 -19.05834 0.000002 0.000003 -28.587514 -0.006498 0.035335 -20.01187 -0.00372 0.02675 -15.0089 -0.001702 0.017952 -10.005933 -0.000459 0.009018 -5.002965 0 0.000003 0 18.440257 -6.289154 0.848792 -0.013986 -0.00023 -0.517579 0 0.000003 0 -33.449345 -1.54069 0.235327 -89.999999 -90 0 0 0.000003 0 0 0.000003 0 90.000009 -63.648278 -90.000009 -5.682401 0.000003 0 -28.319916 0.000003 0 -16.252152 0.000003 0 0 0.000003 0 89.999996 -84.450021 179.999995 0 0.000003 0 -90.000003 -84.450021 0 0 0.000003 0 0 0.000003 0
0 0 0 179.999991 0.000003 179.999991 0.075245 -0.04743699999999995 -0.557651 -178.27571 0.518892 -178.981924 -88.090746 -27.475472 -95.880413 7.643787 -0.564171 -12.373404 0 0.000003 0 16.486663 2.559739 7.63308 75.504886 -7.992029 9.334273 -0.15412 1.329519 -0.522786 6.263667 10.115888 -0.638133 0 0.000003 0 0 0.000003 0 0 0.000003 0 0 0.000003 0 -0.0002 -0.020536 1.115106 -0.000112 -0.015406 0.83633 -0.00005 -0.01027 0.557553 0.013975 -0.00527 0.875373 0 0.000003 0 91.919791 -14.954717 78.045874 7.531371 -0.81656 -8.390662 0 0.000003 0 -7.927356 6.375615 4.333216 75.690319 -9.031782 11.401314 -0.421239 2.455134 -0.80889 3.821699 11.39049 -1.936304 0 0.000003 0 0 0.000003 0 0 0.000003 0 0 0.000003 0 -0.003913 -0.090805 4.935372 -0.002202 -0.068135 3.701527 -0.000979 -0.045439 2.467684 -0.000245 -0.022722 1.233842 0 0.000003 0 92.736818 3.889181 90.689319 16.707358 -0.173382 1.272194 -14.972314 0.083119 3.004453 8.712014 0.032992 0.500005 101.821537 -76.4472 115.007753 48.487527 -35.691578 67.399569 2.335039 58.769115 1.369585 4.426282 3.407037 -21.581718 -18.681664 5.363743 -2.123843 5.567135 -15.315433 -24.893183 19.640786 -2.943754 -2.85498 22.370452 -7.854476 0.939226 7.288906 0.470787 6.486264 -0.034264 0.000003 0 28.350575 -5.659909 9.454866 41.617493 7.113187 2.842533 17.763953 3.431592 4.452748 0 0.000003 0 26.744478 -3.338492 -20.523211 25.769505 -11.543523 -8.847643 3.737797 -3.458689 -4.497625 0 0.000003 0 8.409378 3.156356 -3.513731 29.902145 -5.927857 -10.004604 7.879168 -4.815301 -9.309674 -0.019782 0.000003 0 25.57308 44.865063 59.697001 20.727498 8.959599 26.7575 16.406268 -19.284681 -35.601979 -6.07677 7.97907 9.192813 0 0.000003 0 0 0.000003 0.000008 0.000002 0.000009 -36.189689 0 0.000009 -72.379385 -0.000007 0.000009 -108.569081 -0.043688 0.083672 -54.321212 -0.025538 0.0673 -40.740897 -0.011737 0.04711 -27.160589 -0.003064 0.024257 -13.580292 0 -0.013986 0 -92.092636 -57.028734 114.022311 -4.90188 -57.592265 57.784643 33.315416 0.225085 0.067286 2.524284 -4.98204 79.018759 7.700099 -12.7007 -3.431555 -2.31197 -14.287039 -22.877688 25.165159 -7.995034 -6.318041 19.416278 -9.340513 -6.921121 7.336605 -1.10407 0.384187 0 0.000003 0 28.10948 -7.56224 -10.090682 41.374834 -7.866108 -6.530848 17.267002 -4.548822 -0.677989 0 0.000003 0 26.619677 -5.16431 -4.66566 30.420812 -6.236472 -2.737215 3.658826 -2.103655 -4.33329 0 0.000003 0 8.663173 2.329746 13.536813 35.723303 1.156838 -2.91541 8.118002 -1.994146 -2.363263 0 0.000003 0 25.57308 44.865063 59.697001 14.639201 -11.879923 23.373052 -37.367654 12.142433 -10.761835 -6.07677 7.97907 9.192813 0 0.000003 0 0 0.000003 0.000008 0 0.000003 -9.298483 0 0.000003 -18.596974 0.000002 0.000003 -27.895462 -0.006239 0.034632 -19.596982 -0.003572 0.02621 -14.697736 -0.001635 0.017577 -9.798489 -0.000441 0.008827 -4.899243 0 0.000003 0 16.856895 -5.958033 0.752678 -0.013987 -0.000209 -0.454325 0 0.000003 0 -34.628677 -1.092882 0.117121 -89.999999 -90 0 0 0.000003 0 0 0.000003 0 90.000009 -63.648278 -90.000009 -5.682401 0.000003 0 -28.319916 0.000003 0 -16.252152 0.000003 0 0 0.000003 0 89.999996 -84.450021 179.999995 0 0.000003 0 -90.000003 -84.450021 0 0 0.000003 0 0 0.000003 0
0 0 0 179.999991 0.000003 179.999991 0.072306 -0.04807499999999998 -0.597663 -179.29584 -0.205122 -178.856003 -89.698579 -28.590398 -95.575903 13.910374 -0.963232 -12.456916 0 0.000003 0 20.447879 0.201548 9.567032 75.504886 -7.992029 9.334273 -0.15412 1.329519 -0.522786 6.426656 10.291732 -0.773474 0 0.000003 0 0 0.000003 0 0 0.000003 0 0 0.000003 0 -0.000221 -0.021601 1.172799 -0.000124 -0.016199 0.879599 -0.000055 -0.010803 0.586399 0.013974 -0.005544 0.889796 0 0.000003 0 90.26694 -14.752024 77.084156 13.080321 -1.335491 -8.49501 0 0.000003 0 -6.471264 7.901561 4.491162 75.690319 -9.031782 11.401314 -0.421239 2.455134 -0.80889 0.161807 10.940408 -1.637132 0 0.000003 0 0 0.000003 0 0 0.000003 0 0 0.000003 0 -0.005489 -0.107505 5.845901 -0.003089 -0.080683 4.384424 -0.001373 -0.053819 2.922948 -0.000343 -0.026915 1.461474 0 0.000003 0 91.766044 4.07755 90.806156 16.664267 -0.292316 1.312759 -14.909523 -0.208407 3.060534 8.903974 -0.428394 0.619526 100.085084 -76.451281 116.978427 46.47953 -36.573208 68.594046 2.427777 59.708335 1.449267 4.47016 3.349206 -20.837073 -19.820135 6.007755 -2.53029 5.567135 -15.315433 -24.893183 19.640803 -2.943754 -2.854978 22.370461 -7.854421 0.939215 7.288928 0.470753 6.486266 -0.034264 0.000003 0 28.350599 -5.659902 9.45485 41.617524 7.113201 2.842549 17.763922 3.431592 4.448567 0 0.000003 0 26.744497 -3.338478 -20.523229 25.769491 -11.543502 -8.847626 3.737781 -3.458682 -4.497625 0 0.000003 0 8.409409 3.156363 -3.513731 29.902107 -5.927844 -10.004591 7.879177 -4.815274 -9.309689 -0.019782 0.000003 0 25.57308 44.865063 59.697001 20.727459 8.95964 26.757481 16.40628 -19.28464 -35.601985 -6.07677 7.97907 9.192813 0 0.000003 0 0 0.000003 0.000008 0.000002 0.000009 -35.990862 0 0.000009 -71.981731 -0.000007 0.000016 -107.9726 -0.044533 0.084267 -54.89366 -0.026047 0.067881 -41.170232 -0.011978 0.047568 -27.446815 -0.003127 0.024502 -13.723403 0 -0.013986 0 -92.617686 -57.206247 114.629508 -4.299473 -57.558456 55.07258 32.411177 0.219648 0.063777 2.468639 -5.009798 79.657764 7.016616 -12.882848 -3.316603 -2.31197 -14.287039 -22.877688 25.165171 -7.995041 -6.31805 19.416312 -9.340534 -6.921105 7.336515 -1.104002 0.38419 0 0.000003 0 28.109534 -7.562219 -10.090703 41.374841 -7.866135 -6.530841 17.266995 -4.548794 -0.480231 0 0.000003 0 26.619689 -5.164304 -4.665679 30.420802 -6.2365 -2.737217 3.658782 -2.103641 -4.333286 0 0.000003 0 8.663167 2.329732 13.536804 35.723296 1.156845 -2.915406 8.11805 -1.994146 -2.363258 0 0.000003 0 25.57308 44.865063 59.697001 14.639189 -11.879909 23.373071 -37.367651 12.142446 -10.565238 -6.07677 7.97907 9.192813 0 0.000003 0 0 0.000003 0.000008 0 0.000003 -9.128567 0 0.000003 -18.257142 0.000002 0.000003 -27.385715 -0.005542 0.032651 -18.436009 -0.003174 0.024687 -13.827004 -0.001455 0.016552 -9.218001 -0.000394 0.008301 -4.609 0 0.000003 0 15.865071 -4.904032 0.684965 -0.013988 -0.000127 -0.104823 0 0.000003 0 -35.907694 -0.245782 0.207105 -89.999999 -90 0 0 0.000003 0 0 0.000003 0 90.000009 -63.648278 -90.000009 -5.682401 0.000003 0 -28.319916 0.000003 0 -16.252152 0.000003 0 0 0.000003 0 89.999996 -84.450021 179.999995 0 0.000003 0 -90.000003 -84.450021 0 0 0.000003 0 0 0.000003 0
0 0 0 179.999991 0.000003 179.999991 0.068434 -0.047182999999999975 -0.638982 -180.289865 -1.087528 -179.219902 -91.290642 -27.812828 -95.024911 18.605029 -1.25484 -12.547758 0 0.000003 0 18.976738 -1.3807 10.764118 75.504886 -7.992029 9.334273 -0.15412 1.329519 -0.522786 7.430164 10.488024 -0.798262 0 0.000003 0 0 0.000003 0 0 0.000003 0 0 0.000003 0 -0.000188 -0.019901 1.080808 -0.000106 -0.014928 0.810606 -0.000047 -0.009949 0.540404 0.013976 -0.005113 0.866798 0 0.000003 0 88.024295 -13.223374 75.558367 22.101703 -2.149847 -8.770059 0 0.000003 0 -2.774178 8.96787 5.881903 75.690319 -9.031782 11.401314 -0.421239 2.455134 -0.80889 -6.410724 10.237876 -1.087352 0 0.000003 0 0 0.000003 0 0 0.000003 0 0 0.000003 0 -0.008462 -0.133377 7.259958 -0.004763 -0.100149 5.444964 -0.002118 -0.066824 3.629974 -0.000529 -0.033424 1.814987 0 0.000003 0 91.07575 4.075815 90.851693 16.646978 -0.448078 1.314147 -14.914135 -0.565387 3.08468 8.939252 -0.986099 0.698423 105.599287 -75.635762 111.6108 46.972034 -40.256385 69.303723 2.343284 58.854643 1.376624 4.421663 3.413028 -21.659379 -20.900082 6.202859 -2.807752 5.567135 -15.315433 -24.893183 19.640819 -2.943754 -2.854951 22.370485 -7.854428 0.939215 7.28894 0.470739 6.486289 -0.034264 0.000003 0 28.350582 -5.659902 9.454892 41.617504 7.113201 2.842569 17.763888 3.431606 4.452728 0 0.000003 0 26.744475 -3.338478 -20.523177 25.769525 -11.543502 -8.847616 3.737795 -3.458676 -4.497613 0 0.000003 0 8.409394 3.156383 -3.513689 29.902172 -5.927857 -10.004585 7.879114 -4.81526 -9.309661 -0.019782 0.000003 0 25.57308 44.865063 59.697001 20.727507 8.959585 26.757485 16.406249 -19.28464 -35.601972 -6.07677 7.97907 9.192813 0 0.000003 0 0 0.000003 0.000008 0.000002 0.000009 -36.210419 0 0.000009 -72.420851 -0.000007 0.000016 -108.631283 -0.041794 0.082299 -53.025583 -0.024392 0.065968 -39.769173 -0.011202 0.046072 -26.512774 -0.002924 0.02369 -13.256385 0 -0.013986 0 -90.847096 -58.266405 112.941952 -3.743282 -59.450336 52.351839 31.841345 0.216219 0.061605 2.457389 -5.015317 79.786513 6.023643 -12.948042 -3.121834 -2.31197 -14.287039 -22.877688 25.165152 -7.995055 -6.318037 19.416264 -9.340527 -6.921088 7.336592 -1.104036 0.395241 0 0.000003 0 28.109527 -7.562233 -10.090693 41.374793 -7.866142 -6.530832 17.266981 -4.548781 -0.678015 0 0.000003 0 26.619703 -5.164317 -4.665667 30.420833 -6.236486 -2.908085 3.652708 -2.135463 -4.488431 0 0.000003 0 8.663181 2.329739 13.536833 35.72329 1.156838 -2.915403 8.118113 -1.994133 -2.263107 0 0.000003 0 25.57308 44.865063 59.697001 14.639206 -11.879882 23.373061 -37.367661 12.142399 -10.987146 -6.07677 7.97907 9.192813 0 0.000003 0 0 0.000003 0.000008 0 0.000003 -9.094334 0 0.000003 -18.188676 0.000002 0.000003 -27.283018 -0.004283 0.02871 -16.141789 -0.002455 0.021661 -12.106342 -0.001129 0.014503 -8.070894 -0.000309 0.007277 -4.035446 0 0.000003 0 16.148422 -3.918395 0.61969 -0.013988 -0.000114 -0.061556 0 0.000003 0 -37.527347 0.617397 -0.180363 -89.999999 -90 0 0 0.000003 0 0 0.000003 0 90.000009 -63.648278 -90.000009 -5.682401 0.000003 0 -28.319916 0.000003 0 -16.252152 0.000003 0 0 0.000003 0 89.999996 -84.450021 179.999995 0 0.000003 0 -90.000003 -84.450021 0 0 0.000003 0 0 0.000003 0
0 0 0 179.999991 0.000003 179.999991 0.064433 -0.043547 -0.682117 -181.085244 -1.967775 -179.810102 -92.670613 -26.213751 -94.622299 22.561949 -1.494108 -12.642653 0 0.000003 0 13.424278 -1.456317 11.788115 75.504886 -7.992029 9.334273 -0.15412 1.329519 -0.522786 8.040564 10.574378 -0.829856 0 0.000003 0 0 0.000003 0 0 0.000003 0 0 0.000003 0 -0.000171 -0.018985 1.031132 -0.000096 -0.014245 0.773349 -0.000043 -0.009491 0.515566 0.013977 -0.004881 0.854379 0 0.000003 0 85.227995 -9.694543 73.639418 34.348215 -3.165394 -9.340262 0 0.000003 0 3.544437 8.153281 7.662659 75.690319 -9.031782 11.401314 -0.421239 2.455134 -0.80889 -12.840718 9.637584 -0.529845 0 0.000003 0 0 0.000003 0 0 0.000003 0 0 0.000003 0 -0.01286 -0.164264 8.953422 -0.00724 -0.123412 6.715059 -0.00322 -0.082383 4.476701 -0.000805 -0.041218 2.23835 0 0.000003 0 90.508278 3.886653 90.858598 16.73158 -0.558249 1.23495 -14.9578 -0.828711 3.021808 8.785165 -1.397222 0.677755 112.674588 -74.411478 104.490262 48.304484 -45.043972 70.67625 2.163196 56.884448 1.224114 4.259593 3.613405 -24.303724 -20.840155 6.13048 -2.643452 5.567135 -15.315433 -24.893183 19.640844 -2.943789 -2.85497 22.370487 -7.854455 0.939212 7.288888 0.47076 6.486295 -0.034264 0.000003 0 28.350626 -5.659909 9.454839 41.617552 7.113187 2.842556 17.763992 3.431599 4.452707 0 0.000003 0 26.744543 -3.338492 -20.523235 25.769513 -11.54355 -8.847624 3.737851 -3.458723 -4.497618 0 0.000003 0 8.409455 3.156363 -3.51375 29.902141 -5.927912 -10.00459 7.879145 -4.815281 -9.309651 -0.019782 0.000003 0 25.57308 44.865063 59.697001 20.727493 8.959619 26.757461 16.406275 -19.284675 -35.601989 -6.07677 7.97907 9.192813 0 0.000003 0 0 0.000003 0.000008 0.000002 0.000009 -36.916278 0 0.000009 -73.832569 -0.000007 0.000016 -110.748854 -0.038153 0.079479 -50.472909 -0.022208 0.063291 -37.854671 -0.010182 0.044003 -25.236442 -0.002659 0.022569 -12.618219 0 -0.013986 0 -87.925633 -59.1205 110.130018 -1.703695 -62.526384 48.659091 31.637634 0.214983 0.060838 2.494313 -4.9971 79.363397 5.127741 -12.577121 -2.849814 -2.31197 -14.287039 -22.877688 25.165188 -7.995041 -6.318033 19.416223 -9.340513 -6.921079 7.336597 -1.104043 0.384157 0 0.000003 0 28.109538 -7.562212 -9.907576 41.387992 -7.744626 -6.495244 17.287798 -4.495881 -0.668843 0 0.000003 0 26.619708 -5.16429 -4.66567 30.420816 -6.236479 -2.7372 3.658788 -2.103648 -4.333294 0 0.000003 0 8.66317 2.32976 13.536816 35.72331 1.156832 -2.915406 8.118087 -1.99414 -2.36327 0 0.000003 0 25.57308 44.865063 59.697001 14.639168 -11.879916 23.602699 -37.406668 12.003022 -10.720679 -6.07677 7.97907 9.192813 0 0.000003 0 0 0.000003 0.000008 0 0.000003 -9.206838 0 0.000003 -18.413685 0.000002 -0.000004 -27.620532 -0.003041 0.024154 -13.52395 -0.001747 0.018191 -10.142961 -0.000807 0.012167 -6.761974 -0.000224 0.006095 -3.380986 0 0.000003 0 16.810916 -3.155545 0.503157 -0.013988 -0.000107 -0.006829 0 0.000003 0 -38.650299 1.358643 -0.505176 -89.999999 -90 0 0 0.000003 0 0 0.000003 0 90.000009 -63.648278 -90.000009 -5.682401 0.000003 0 -28.319916 0.000003 0 -16.252152 0.000003 0 0 0.000003 0 89.999996 -84.450021 179.999995 0 0.000003 0 -90.000003 -84.450021 0 0 0.000003 0 0 0.000003 0
0 0 0 179.999991 0.000003 179.999991 0.060119 -0.04072500000000001 -0.724741 -181.593697 -2.775199 -180.55895 -93.64535 -23.750601 -94.311293 25.137176 -1.646073 -12.713186 0 0.000003 0 8.410017 -1.503834 12.525249 75.504886 -7.992029 9.334273 -0.15412 1.329519 -0.522786 8.314196 10.553881 -0.82865 0 0.000003 0 0 0.000003 0 0 0.000003 0 0 0.000003 0 -0.000141 -0.01723 0.93516 -0.000079 -0.01292 0.70137 -0.000035 -0.008617 0.46758 0.013979 -0.004437 0.830386 0 0.000003 0 82.054662 -4.874444 71.71963 48.182641 -4.13552 -10.225618 0 0.000003 0 9.486843 5.010834 6.039563 75.690319 -9.031782 11.401314 -0.421239 2.455134 -0.80889 -11.866788 9.83902 -0.649209 0 0.000003 0 0 0.000003 0 0 0.000003 0 0 0.000003 0 -0.017428 -0.191011 10.426783 -0.009815 -0.143609 7.820075 -0.004366 -0.095907 5.213378 -0.001092 -0.048 2.606687 0 0.000003 0 89.980195 3.601869 90.787878 16.840036 -0.59878 1.08953 -14.994529 -0.949653 2.882471 8.608025 -1.578946 0.57039 115.195201 -73.572376 102.078502 47.794665 -48.565723 74.757028 2.022143 55.179496 1.107113 4.073037 3.822532 -27.180027 -18.951186 5.413119 -1.951799 5.567135 -15.315433 -24.893183 19.640841 -2.943761 -2.854982 22.370495 -7.854462 0.939202 7.288919 0.470746 6.486277 -0.034264 0.000003 0 28.350618 -5.659895 9.454841 41.617517 7.113187 2.842542 17.763971 3.431606 4.452736 0 0.000003 0 26.744533 -3.338457 -20.523228 25.769499 -11.543564 -8.84762 3.737888 -3.45873 -4.497632 0 0.000003 0 8.409444 3.15639 -3.513745 29.902186 -5.927871 -10.004593 7.879056 -4.815288 -9.309649 -0.019782 0.000003 0 25.57308 44.865063 59.697001 20.727498 8.959688 26.757462 16.40629 -19.284647 -35.602013 -6.07677 7.97907 9.192813 0 0.000003 0 0 0.000003 0.000008 0 0.000009 -37.683708 0.000003 0.000016 -75.367422 -0.000007 0.000016 -113.051146 -0.038234 0.07954 -50.527158 -0.022256 0.063346 -37.895358 -0.010203 0.044057 -25.263565 -0.002663 0.02259 -12.631781 0 -0.013986 0 -87.700196 -60.017686 109.528251 1.56795 -64.42569 44.513518 31.651489 0.215065 0.060884 2.577235 -4.95491 78.407368 4.301534 -11.990818 -2.559654 -2.31197 -14.287039 -22.877688 25.165166 -7.995028 -6.318048 19.416278 -9.340541 -6.921113 7.336544 -1.104016 0.384185 0 0.000003 0 28.1095 -7.562205 -10.090731 41.374834 -7.866197 -6.530858 17.267007 -4.548801 -0.678006 0 0.000003 0 26.619677 -5.164297 -4.665704 30.420802 -6.2365 -2.737221 3.658771 -2.103662 -4.333282 0 0.000003 0 8.663157 2.32976 13.683117 35.712901 1.24098 -2.89014 8.115561 -1.961826 -2.358399 0 0.000003 0 25.57308 44.865063 59.697001 14.639148 -11.879889 23.373092 -37.3676 12.142412 -10.761824 -6.07677 7.97907 9.192813 0 0.000003 0 0 0.000003 0.000008 0 0.000003 -9.461069 0 0.000003 -18.922146 0.000002 0.000003 -28.383223 -0.002396 0.021401 -11.951221 -0.001379 0.016108 -8.963414 -0.000639 0.01076 -5.97561 -0.000179 0.005385 -2.987804 0 0.000003 0 17.426557 -2.193137 0.483014 -0.013988 -0.000114 -0.029944 0 0.000003 0 -38.756044 1.818315 -0.784435 -89.999999 -90 0 0 0.000003 0 0 0.000003 0 90.000009 -63.648278 -90.000009 -5.682401 0.000003 0 -28.319916 0.000003 0 -16.252152 0.000003 0 0 0.000003 0 89.999996 -84.450021 179.999995 0 0.000003 0 -90.000003 -84.450021 0 0 0.000003 0 0 0.000003 0
0 0 0 179.999991 0.000003 179.999991 0.056051 -0.04070399999999996 -0.763226 -182.110564 -3.599056 -181.264058 -94.553041 -21.465417 -94.030682 27.43219 -1.77864 -12.781751 0 0.000003 0 3.929775 -1.300104 13.067844 75.504886 -7.992029 9.334273 -0.15412 1.329519 -0.522786 8.331395 10.468401 -0.812413 0 0.000003 0 0 0.000003 0 0 0.000003 0 0 0.000003 0 -0.000108 -0.015079 0.818486 -0.000061 -0.011308 0.613865 -0.000027 -0.007538 0.409243 0.013981 -0.003891 0.801218 0 0.000003 0 78.696005 -0.010222 69.782485 60.923464 -4.816886 -11.224291 0 0.000003 0 23.14685 0.873754 3.387468 75.690319 -9.031782 11.401314 -0.421239 2.455134 -0.80889 -1.271057 10.885234 -1.476868 0 0.000003 0 0 0.000003 0 0 0.000003 0 0 0.000003 0 -0.021489 -0.21189 11.581241 -0.012105 -0.159394 8.685912 -0.005386 -0.106487 5.7906 -0.001347 -0.053307 2.895298 0 0.000003 0 89.343826 3.279743 90.692474 16.909363 -0.598657 0.874629 -15.008736 -1.041328 2.666693 8.511655 -1.721041 0.390093 112.632678 -73.161666 105.385611 45.766338 -49.937054 81.143945 1.937688 54.083168 1.038237 4.004515 3.894276 -28.198303 -16.043662 3.825455 -1.174647 5.567135 -15.315433 -24.893183 19.64082 -2.943761 -2.854981 22.370512 -7.854483 0.939203 7.288942 0.470725 6.486262 -0.034264 0.000003 0 28.35059 -5.659923 9.454862 41.617511 7.11318 2.842542 17.763924 3.431592 4.452724 0 0.000003 0 26.744477 -3.338485 -20.523226 25.769484 -11.543564 -8.847625 3.737833 -3.458682 -4.497632 0 0.000003 0 8.409411 3.15639 -3.684643 29.888522 -6.015263 -10.03004 7.867947 -4.855395 -9.315023 -0.019782 0.000003 0 25.57308 44.865063 59.697001 20.727526 8.959674 26.757462 16.406268 -19.284634 -35.601992 -6.07677 7.97907 9.192813 0 0.000003 0 0 0.000003 0.000008 0 0.000009 -37.955307 0 0.000009 -75.910627 -0.000007 0.000009 -113.86594 -0.043338 0.08342 -54.083542 -0.025325 0.067061 -40.562642 -0.011639 0.046919 -27.041752 -0.003039 0.024154 -13.520873 0 -0.013986 0 -90.084349 -60.831107 111.963575 8.816198 -64.579059 37.646958 31.820079 0.216096 0.061516 2.723777 -4.876029 76.697314 3.54912 -11.75088 -2.399282 -2.31197 -14.287039 -22.877688 25.079543 -8.087932 -6.34082 19.398864 -9.426225 -6.934867 7.311506 -1.138713 0.380371 0 0.000003 0 28.088759 -7.696849 -10.169907 41.353544 -8.055058 -6.586027 17.234398 -4.630838 -0.692171 0 0.000003 0 26.607244 -5.293613 -4.729917 30.409378 -6.374818 -2.76875 3.649123 -2.153672 -4.3396 0 0.000003 0 8.679211 2.270521 13.529584 35.740218 1.016171 -2.95766 8.121957 -2.048078 -2.371366 0 0.000003 0 25.57308 44.865063 59.697001 14.639153 -11.879889 23.373087 -37.3676 12.142399 -10.761851 -6.07677 7.97907 9.192813 0 0.000003 0 0 0.000003 0.000008 0 0.000003 -9.915893 0 0.000003 -19.831794 0 0.000003 -29.747694 -0.002217 0.020561 -11.481601 -0.001277 0.015473 -8.6112 -0.000593 0.010337 -5.7408 -0.000167 0.005173 -2.870399 0 0.000003 0 17.882702 -1.753901 0.569015 -0.013988 -0.000114 -0.029937 0 0.000003 0 -38.756034 1.818315 -0.784427 -89.999999 -90 0 0 0.000003 0 0 0.000003 0 90.000009 -63.648278 -90.000009 -5.682401 0.000003 0 -28.319916 0.000003 0 -16.252152 0.000003 0 0 0.000003 0 89.999996 -84.450021 179.999995 0 0.000003 0 -90.000003 -84.450021 0 0 0.000003 0 0 0.000003 0
0 0 0 179.999991 0.000003 179.999991 0.052886 -0.041708999999999996 -0.799147 -182.749652 -4.474762 -181.802578 -95.546219 -19.353728 -93.551776 29.414401 -1.890881 -12.845188 0 0.000003 0 0.437795 -0.92137 13.540421 75.504886 -7.992029 9.334273 -0.15412 1.329519 -0.522786 8.7322 10.478339 -0.815797 0 0.000003 0 0 0.000003 0 0 0.000003 0 0 0.000003 0 -0.000046 -0.009901 0.537612 -0.000026 -0.007429 0.403209 -0.000012 -0.004949 0.268806 0.013985 -0.002579 0.731 0 0.000003 0 75.426442 4.538971 67.850054 70.793476 -5.183087 -12.08685 0 0.000003 0 22.91384 0.915432 7.007698 75.690319 -9.031782 11.401314 -0.421239 2.455134 -0.80889 2.579944 11.255587 -1.746452 0 0.000003 0 0 0.000003 0 0 0.000003 0 0 0.000003 0 -0.024635 -0.226705 12.403514 -0.013882 -0.170609 9.302614 -0.006177 -0.114014 6.201733 -0.001545 -0.057084 3.100863 0 0.000003 0 88.552023 3.042018 90.615819 16.933769 -0.593384 0.573075 -14.963203 -1.14529 2.365061 8.805254 -1.85854 0.286338 106.184846 -72.749172 112.656994 43.162253 -50.238576 87.773743 1.872304 53.192881 0.985601 4.048086 3.848951 -27.553017 -13.383573 2.557526 -0.693982 5.567135 -15.315433 -24.893183 19.64081 -2.943754 -2.854957 22.370458 -7.854476 0.939216 7.288847 0.470773 6.486255 -0.034264 0.000003 0 28.350582 -5.659902 9.385367 41.624279 7.067042 2.825753 17.765175 3.409107 4.44849 0 0.000003 0 26.744499 -3.338471 -20.531544 25.768063 -11.547259 -8.848395 3.736977 -3.460171 -4.497814 0 0.000003 0 8.409419 3.156383 -3.513722 29.902244 -5.927878 -10.004608 7.879074 -4.815308 -9.309661 -0.019782 0.000003 0 25.57308 44.865063 59.697001 20.727563 8.959701 26.757459 16.40623 -19.284654 -35.601982 -6.07677 7.97907 9.192813 0 0.000003 0 0 0.000003 0.000008 0 0.000009 -37.783199 0 0.000016 -75.566406 -0.00001 0.000016 -113.349612 -0.050762 0.088255 -58.99371 -0.029841 0.071924 -44.245269 -0.013765 0.050812 -29.496834 -0.003595 0.026299 -14.748414 0 -0.013986 0 -93.968233 -61.489049 116.19776 19.253362 -63.142938 28.745855 31.901553 0.216601 0.061815 2.789002 -4.839084 75.927142 2.86132 -11.821744 -2.316431 -2.31197 -14.287039 -22.877688 25.165166 -7.995055 -6.318062 19.416244 -9.340534 -6.921082 7.336557 -1.104022 0.384175 0 0.000003 0 28.10951 -7.56224 -10.090707 41.374813 -7.86619 -6.530854 17.266995 -4.548781 -0.678001 0 0.000003 0 26.61966 -5.164331 -4.665673 30.420795 -6.236486 -2.737212 3.65872 -2.103641 -4.33327 0 0.000003 0 8.663157 2.329739 13.536807 35.723296 1.156784 -2.915412 8.118015 -1.994133 -2.363255 0 0.000003 0 25.57308 44.865063 59.697001 14.639173 -11.879916 23.373076 -37.367627 12.142419 -10.761837 -6.07677 7.97907 9.192813 0 0.000003 0 0 0.000003 0.000008 0 -0.000004 -10.12077 0 0.000003 -20.241547 0 0.000003 -30.362325 -0.002237 0.020657 -11.532463 -0.001288 0.015541 -8.649346 -0.000598 0.010384 -5.76623 -0.000169 0.0052 -2.883114 0 0.000003 0 18.574124 -0.776508 0.551719 -0.013988 0.000009 0.44257 0 0.000003 0 -39.43659 2.392741 -0.399108 -89.999999 -90 0 0 0.000003 0 0 0.000003 0 90.000009 -63.648278 -90.000009 -5.682401 0.000003 0 -28.319916 0.000003 0 -16.252152 0.000003 0 0 0.000003 0 89.999996 -84.450021 179.999995 0 0.000003 0 -90.000003 -84.450021 0 0 0.000003 0 0 0.000003 0
0 0 0 179.999991 0.000003 179.999991 0.051001 -0.04229800000000006 -0.833294 -183.211345 -5.535039 -182.115072 -96.287198 -17.180403 -92.824347 30.54671 -1.93652 -12.878213 0 0.000003 0 -2.492695 -0.272017 13.530887 75.504886 -7.992029 9.334273 -0.15412 1.329519 -0.522786 9.239294 10.5416 -0.701416 0 0.000003 0 0 0.000003 0 0 0.000003 0 0 0.000003 0 0 0.000003 0.000005 0 0.000003 0.000004 0 0.000003 0.000002 0.013988 -0.000073 0.596599 0 0.000003 0 72.830976 9.108511 66.052041 77.222706 -5.339867 -12.677145 0 0.000003 0 20.935865 1.059583 8.475524 75.690319 -9.031782 11.401314 -0.421239 2.455134 -0.80889 3.335007 11.318869 -1.8178 0 0.000003 0 0 0.000003 0 0 0.000003 0 0 0.000003 0 -0.026459 -0.234847 12.856292 -0.014911 -0.176783 9.642195 -0.006636 -0.118167 6.428119 -0.00166 -0.059174 3.214056 0 0.000003 0 87.905996 2.930748 90.513722 16.93737 -0.57542 0.197254 -14.875192 -1.263705 1.988416 8.746552 -2.031726 -0.200732 101.464789 -71.980199 118.375638 41.246368 -51.234821 93.436264 1.788389 51.993035 0.918938 4.107445 3.785526 -26.661413 -12.055613 1.830411 -0.511314 5.567135 -15.315433 -24.893183 19.640856 -2.943748 -2.606771 22.382718 -7.758409 0.956255 7.307027 0.509132 6.490615 -0.034264 0.000003 0 28.350582 -5.659929 9.454874 41.617599 7.113166 2.842545 17.763958 3.431578 4.45271 0 0.000003 0 26.744529 -3.338478 -20.523221 25.769542 -11.543591 -8.847642 3.737896 -3.458771 -4.497644 0 0.000003 0 8.409428 3.15637 -3.513741 29.902247 -5.927898 -10.0046 7.879065 -4.815295 -9.309664 -0.019782 0.000003 0 25.57308 44.865063 59.697001 20.727534 8.959626 26.75743 16.406225 -19.28464 -35.601958 -6.07677 7.97907 9.192813 0 0.000003 0 0 0.000003 0.000008 0.000002 0.000009 -37.545365 0 0.000009 -75.090738 -0.000007 0.000016 -112.63611 -0.056175 0.091247 -62.418476 -0.033169 0.075148 -46.813843 -0.015342 0.053462 -31.209218 -0.004008 0.027788 -15.604605 0 -0.013986 0 -98.06522 -62.209813 120.181031 27.597588 -60.830547 22.312398 32.164563 0.218166 0.062819 2.805968 -4.829276 75.72572 1.609479 -11.851018 -2.129943 -2.31197 -14.287039 -22.877688 25.165166 -7.995069 -6.318075 19.416215 -9.340541 -6.921076 7.336567 -1.104036 0.384177 0 0.000003 0 28.109514 -7.562253 -10.09071 41.374848 -7.866203 -6.530848 17.267015 -4.548794 -0.677996 0 0.000003 0 26.619653 -5.164331 -4.665656 30.420775 -6.2365 -2.737231 3.658744 -2.103648 -4.333271 0 0.000003 0 8.663159 2.329739 13.536827 35.723293 1.156784 -2.915405 8.118053 -1.994119 -2.363248 0 0.000003 0 25.57308 44.865063 59.697001 14.639194 -11.879896 23.37307 -37.367654 12.142364 -10.76181 -6.07677 7.97907 9.192813 0 0.000003 0 0 0.000003 0.000008 0 0.000003 -10.174356 0 -0.000004 -20.348722 0 -0.000004 -30.523087 -0.002359 0.021224 -11.854121 -0.001358 0.015971 -8.890589 -0.00063 0.010671 -5.927059 -0.000177 0.005344 -2.963529 0 0.000003 0 18.799737 0.181371 0.564206 -0.013988 0.000078 0.747276 0 0.000003 0 -39.792686 2.858116 -0.198799 -89.999999 -90 0 0 0.000003 0 0 0.000003 0 90.000009 -63.648278 -90.000009 -5.682401 0.000003 0 -28.319916 0.000003 0 -16.252152 0.000003 0 0 0.000003 0 89.999996 -84.450021 179.999995 0 0.000003 0 -90.000003 -84.450021 0 0 0.000003 0 0 0.000003 0
0 0 0 179.999991 0.000003 179.999991 0.050304 -0.04142299999999999 -0.866581 -183.42345 -6.662185 -182.302315 -96.62142 -14.558122 -92.067009 30.347576 -1.942947 -12.87639 0 0.000003 0 -4.503325 0.334415 13.851072 75.504886 -7.992029 9.334273 -0.15412 1.329519 -0.522786 9.536011 10.581475 -0.69213 0 0.000003 0 0 0.000003 0 0 0.000003 0 0 0.000003 0 -0.00007 0.012147 -0.659583 -0.000039 0.009107 -0.494687 -0.000018 0.006075 -0.329791 0.013984 0.003008 0.431702 0 0.000003 0 71.170578 13.433099 64.616875 79.625792 -5.381353 -12.901763 0 0.000003 0 19.200184 1.729024 6.545477 75.690319 -9.031782 11.401314 -0.421239 2.455134 -0.80889 3.447624 11.307954 -2.086527 0 0.000003 0 0 0.000003 0 0 0.000003 0 0 0.000003 0 -0.026848 -0.236541 12.950826 -0.01513 -0.178067 9.713094 -0.006733 -0.119027 6.475385 -0.001685 -0.059605 3.237689 0 0.000003 0 87.446775 2.910804 90.417197 16.948756 -0.513115 -0.273574 -14.802155 -1.360585 1.579065 8.8749 -2.186642 -0.585679 98.580776 -70.829904 121.502143 39.635004 -53.685448 97.85668 1.67434 50.253796 0.830134 4.123192 3.768361 -26.422373 -11.896691 1.29653 -0.482152 5.567135 -15.315433 -24.893183 19.640831 -2.943775 -2.854916 22.370458 -7.854503 0.939222 7.288951 0.470746 6.486237 -0.034264 0.000003 0 28.350585 -5.659929 9.454895 41.617545 7.113153 2.842533 17.763973 3.431585 4.45271 0 0.000003 0 26.744482 -3.338498 -20.5232 25.769542 -11.543611 -8.847646 3.73789 -3.458751 -4.497635 0 0.000003 0 8.409396 3.15637 -3.513713 29.902145 -5.927932 -10.004585 7.879079 -4.815274 -9.309662 -0.019782 0.000003 0 25.57308 44.865063 59.697001 20.727563 8.959633 26.757442 16.40621 -19.284634 -35.601944 -6.07677 7.97907 9.192813 0 0.000003 0 0 0.000003 0.000008 0.000002 0.000009 -37.481592 0.000003 0.000009 -74.963198 -0.000007 0.000016 -112.444796 -0.056639 0.091479 -62.708131 -0.033459 0.075415 -47.031084 -0.015481 0.053688 -31.354045 -0.004046 0.027911 -15.677019 0 -0.013986 0 -100.87824 -63.472437 122.765301 35.233695 -58.516619 16.795097 32.876426 0.222455 0.065551 2.785088 -4.841338 75.973451 0.218798 -11.475829 -1.841054 -2.31197 -14.287039 -22.877688 25.165194 -7.995075 -6.318062 19.416244 -9.340568 -6.921111 7.336548 -1.104036 0.38417 0 0.000003 0 28.109526 -7.562267 -10.090708 41.374793 -7.86621 -6.530848 17.267015 -4.548801 -0.677998 0 0.000003 0 26.619699 -5.164338 -4.665657 30.420778 -6.2365 -2.737223 3.658814 -2.103675 -4.333276 0 0.000003 0 8.663198 2.329739 13.536829 35.723303 1.156757 -2.915413 8.118026 -1.994133 -2.363241 0 0.000003 0 25.57308 44.865063 59.697001 14.639163 -11.879889 23.373076 -37.3676 12.142371 -10.76181 -6.07677 7.97907 9.192813 0 0.000003 0 0 0.000003 0.000008 0 0.000003 -10.108454 0 0.000003 -20.216916 0 0.000003 -30.325377 -0.002386 0.021354 -11.925808 -0.001373 0.016067 -8.944355 -0.000637 0.010746 -5.962902 -0.000179 0.005378 -2.981451 0 0.000003 0 18.957958 1.084814 0.664201 -0.013988 0.000119 0.907086 0 0.000003 0 -39.784971 3.227977 -0.155812 -89.999999 -90 0 0 0.000003 0 0 0.000003 0 90.000009 -63.648278 -90.000009 -5.682401 0.000003 0 -28.319916 0.000003 0 -16.252152 0.000003 0 0 0.000003 0 89.999996 -84.450021 179.999995 0 0.000003 0 -90.000003 -84.450021 0 0 0.000003 0 0 0.000003 0
0 0 0 179.999991 0.000003 179.999991 0.050248 -0.038117999999999985 -0.899186 -183.258473 -7.592648 -182.4927 -96.376298 -11.364988 -91.365084 28.701309 -1.85076 -12.821921 0 0.000003 0 -5.979615 0.909121 14.025199 75.504886 -7.992029 9.334273 -0.15412 1.329519 -0.522786 9.809003 10.585013 -0.843811 0 0.000003 0 0 0.000003 0 0 0.000003 0 0 0.000003 0 -0.000307 0.025465 -1.382306 -0.000173 0.0191 -1.036729 -0.000077 0.012741 -0.691153 0.013969 0.006382 0.251022 0 0.000003 0 70.699595 17.286337 63.583016 78.147329 -5.356942 -12.763356 0 0.000003 0 10.918893 6.712275 13.055026 75.690319 -9.031782 11.401314 -0.421239 2.455134 -0.80889 3.454481 11.365874 -1.800957 0 0.000003 0 0 0.000003 0 0 0.000003 0 0 0.000003 0 -0.026607 -0.235496 12.892528 -0.014995 -0.177282 9.669373 -0.006673 -0.118488 6.446237 -0.00167 -0.059345 3.223115 0 0.000003 0 87.16656 2.895333 90.191309 16.959223 -0.424378 -0.627776 -14.78516 -1.372264 1.143817 8.88386 -2.218819 -1.014594 97.155548 -69.637318 123.212368 37.982911 -56.49366 101.460712 1.567647 48.502945 0.74914 4.09611 3.797793 -26.832832 -12.018227 0.811538 -0.478358 5.567135 -15.315433 -24.893183 19.640856 -2.943782 -2.854905 22.370487 -7.85451 0.939218 7.288845 0.470787 6.486227 -0.034264 0.000003 0 28.350625 -5.659916 9.454886 41.617627 7.113146 2.842537 17.763919 3.431578 4.452696 0 0.000003 0 26.744535 -3.338485 -20.523209 25.769537 -11.543639 -8.847655 3.73787 -3.458737 -4.497627 0 0.000003 0 8.40944 3.15639 -3.513732 29.90224 -5.927973 -10.004605 7.879176 -4.815288 -9.309666 -0.019782 0.000003 0 25.57308 44.865063 59.697001 20.727575 8.959667 26.757433 16.40622 -19.284695 -35.601975 -6.07677 7.97907 9.192813 0 0.000003 0 0 0.000003 0.000008 0 0.000009 -37.59109 0.000003 0.000009 -75.182187 -0.000007 0.000016 -112.773294 -0.054252 0.090229 -61.217012 -0.031987 0.074042 -45.912743 -0.014781 0.05254 -30.608485 -0.003861 0.027269 -15.304239 0 -0.013986 0 -103.390513 -64.851343 124.508598 40.602507 -56.303115 13.177452 34.166437 0.230153 0.070648 2.763269 -4.853796 76.231639 -1.205574 -10.657347 -1.490527 -2.31197 -14.287039 -22.877688 25.165207 -7.995069 -6.318045 19.416274 -9.340561 -6.921096 7.336565 -1.104036 0.384163 0 0.000003 0 28.109552 -7.562253 -10.09073 41.374824 -7.866231 -6.530863 17.266957 -4.548801 -0.677989 0 0.000003 0 26.619696 -5.164331 -4.665675 30.420788 -6.236527 -2.737235 3.658819 -2.103668 -4.333274 0 0.000003 0 8.66318 2.329732 13.536797 35.723266 1.156736 -2.915408 8.118073 -1.994133 -2.363237 0 0.000003 0 25.57308 44.865063 59.697001 14.639144 -11.879896 23.373089 -37.3676 12.142351 -10.761796 -6.07677 7.97907 9.192813 0 0.000003 0 0 0.000003 0.000008 0 -0.000004 -10.039768 0 0.000003 -20.079542 0 -0.000004 -30.119317 -0.002395 0.021395 -11.950963 -0.001379 0.016101 -8.963221 -0.000639 0.01076 -5.97548 -0.000179 0.005392 -2.987739 0 0.000003 0 19.313647 1.844379 0.756434 -0.013988 0.000139 0.996735 0 0.000003 0 -39.204039 3.437705 -0.114686 -89.999999 -90 0 0 0.000003 0 0 0.000003 0 90.000009 -63.648278 -90.000009 -5.682401 0.000003 0 -28.319916 0.000003 0 -16.252152 0.000003 0 0 0.000003 0 89.999996 -84.450021 179.999995 0 0.000003 0 -90.000003 -84.450021 0 0 0.000003 0 0 0.000003 0
0 0 0 179.999991 0.000003 179.999991 0.050476 -0.03257500000000002 -0.932964 -182.746592 -8.082536 -182.719244 -95.547428 -7.326052 -90.765667 25.590841 -1.672479 -12.726313 0 0.000003 0 -6.602518 1.386367 13.929271 75.504886 -7.992029 9.334273 -0.15412 1.329519 -0.522786 9.400258 10.651218 -0.864436 0 0.000003 0 0 0.000003 0 0 0.000003 0 0 0.000003 0 -0.00071 0.038716 -2.102382 -0.0004 0.029044 -1.576787 -0.000178 0.019366 -1.051191 0.013944 0.009736 0.071004 0 0.000003 0 71.518228 20.324672 63.299024 72.622396 -5.234381 -12.252926 0 0.000003 0 12.464002 6.986289 12.963001 75.690319 -9.031782 11.401314 -0.421239 2.455134 -0.80889 3.186656 11.369617 -1.77645 0 0.000003 0 0 0.000003 0 0 0.000003 0 0 0.000003 0 -0.025652 -0.231275 12.657886 -0.014455 -0.174079 9.493393 -0.006433 -0.11635 6.328918 -0.001609 -0.058259 3.164456 0 0.000003 0 87.083812 2.896447 90.067375 16.982408 -0.300205 -1.039318 -14.814113 -1.287174 0.717322 8.778564 -1.886981 -1.45477 95.670651 -68.53 124.956525 35.514484 -58.632107 105.138017 1.474462 46.866227 0.680231 4.069624 3.826165 -27.23122 -11.403663 0.261469 -0.40027 5.567135 -15.315433 -24.893183 19.640858 -2.943761 -2.854922 22.370458 -7.854517 0.939211 7.288878 0.470787 6.486224 -0.034264 0.000003 0 28.350613 -5.659916 9.454916 41.617582 7.11316 2.84253 17.763919 3.431592 4.452696 0 0.000003 0 26.744555 -3.338464 -20.523199 25.769489 -11.543639 -8.847668 3.737906 -3.458737 -4.497628 0 0.000003 0 8.409454 3.156404 -3.513702 29.902227 -5.927966 -10.004597 7.879117 -4.815274 -9.309662 -0.019782 0.000003 0 25.57308 44.865063 59.697001 20.727582 8.95964 26.757474 16.406237 -19.284661 -35.601989 -6.07677 7.97907 9.192813 0 0.000003 0 0 0.000003 0.000008 0.000002 0.000009 -37.697364 0 0.000009 -75.394743 -0.000007 0.000016 -113.092114 -0.052435 0.089225 -60.065995 -0.030869 0.072949 -45.049483 -0.014251 0.051646 -30.032977 -0.003722 0.026763 -15.016485 0 -0.013986 0 -105.078929 -66.292565 125.633393 45.204651 -54.653853 8.800639 36.027305 0.241054 0.078288 2.7761 -4.846481 76.079852 -3.15426 -9.497027 -1.09493 -2.31197 -14.287039 -22.877688 25.165214 -7.995062 -6.31802 19.41631 -9.340568 -6.921114 7.336626 -1.104098 0.384159 0 0.000003 0 28.109524 -7.562246 -10.090648 41.374827 -7.86621 -6.530851 17.267022 -4.548794 -0.677989 0 0.000003 0 26.619669 -5.164324 -4.665607 30.420781 -6.236507 -2.73723 3.658847 -2.103675 -4.333271 0 0.000003 0 8.66318 2.329746 13.536851 35.723324 1.156757 -2.915398 8.118084 -1.99414 -2.363236 0 0.000003 0 25.57308 44.865063 59.697001 14.639185 -11.879923 23.373089 -37.3676 12.142371 -10.761824 -6.07677 7.97907 9.192813 0 0.000003 0 0 0.000003 0.000008 0 0.000003 -10.080147 0 0.000003 -20.160302 0 0.000003 -30.240458 -0.002 0.01951 -10.882565 -0.001153 0.014667 -8.161922 -0.000537 0.009804 -5.441282 -0.000152 0.004913 -2.72064 0 0.000003 0 19.787341 2.339848 0.767658 -0.013987 0.00016 1.094376 0 0.000003 0 -38.239162 3.34409 0.109783 -89.999999 -90 0 0 0.000003 0 0 0.000003 0 90.000009 -63.648278 -90.000009 -5.682401 0.000003 0 -28.319916 0.000003 0 -16.252152 0.000003 0 0 0.000003 0 89.999996 -84.450021 179.999995 0 0.000003 0 -90.000003 -84.450021 0 0 0.000003 0 0 0.000003 0
0 0 0 179.999991 0.000003 179.999991 0.050785 -0.026476999999999973 -0.967829 -182.109717 -8.063391 -182.779759 -94.515447 -2.915505 -90.136845 21.309893 -1.41914 -12.610842 0 0.000003 0 -6.275702 1.664485 13.511672 75.504886 -7.992029 9.334273 -0.15412 1.329519 -0.522786 8.973277 10.75529 -0.946384 0 0.000003 0 0 0.000003 0 0 0.000003 0 0 0.000003 0 -0.001281 0.051994 -2.823276 -0.000721 0.038996 -2.117457 -0.00032 0.025998 -1.411638 0.013908 0.013103 -0.109218 0 0.000003 0 73.360145 22.553567 63.91286 63.440573 -4.92427 -11.438108 0 0.000003 0 12.802225 7.02768 11.357601 75.690319 -9.031782 11.401314 -0.421239 2.455134 -0.80889 2.720673 11.31277 -1.774483 0 0.000003 0 0 0.000003 0 0 0.000003 0 0 0.000003 0 -0.02372 -0.222498 12.170079 -0.013365 -0.167433 9.127539 -0.005947 -0.111883 6.085016 -0.001488 -0.056019 3.042505 0 0.000003 0 87.037749 3.001809 90.023512 16.988586 -0.193183 -1.435713 -14.869035 -1.130995 0.313513 8.642697 -1.564739 -1.864057 93.847837 -67.526641 127.052054 32.633035 -60.026914 108.680017 1.405268 45.584268 0.63027 4.080352 3.814718 -27.070215 -9.818737 -0.472046 -0.266898 5.567135 -15.315433 -24.893183 19.640831 -2.943789 -2.854909 22.370468 -7.854517 0.939207 7.289004 0.470739 6.486228 -0.034264 0.000003 0 28.350582 -5.659943 9.4549 41.617552 7.113139 2.842515 17.763973 3.431599 4.452696 0 0.000003 0 26.744543 -3.338498 -20.523207 25.769498 -11.543659 -8.847674 3.737896 -3.458744 -4.497633 0 0.000003 0 8.409415 3.15637 -3.513706 29.902141 -5.928001 -10.004599 7.879104 -4.815274 -9.309668 -0.019782 0.000003 0 25.57308 44.865063 59.697001 20.72757 8.959592 26.75748 16.406234 -19.284586 -35.601961 -6.07677 7.97907 9.192813 0 0.000003 0 0 0.000003 0.000008 0.000002 0.000009 -37.654416 0 0.000009 -75.308839 -0.000007 0.000016 -112.963269 -0.051582 0.08874 -59.519197 -0.03034 0.07243 -44.639384 -0.014002 0.051222 -29.759582 -0.003657 0.026524 -14.879786 0 -0.013986 0 -106.453484 -67.447989 125.740163 47.863879 -53.677839 5.155765 38.690358 0.256176 0.089853 2.860866 -4.797017 75.071518 -6.093499 -8.025483 -0.727688 -2.31197 -14.287039 -22.877688 25.070056 -8.098273 -6.343326 19.396926 -9.435774 -6.936399 7.308721 -1.142599 0.379906 0 0.000003 0 28.086466 -7.711841 -10.178635 41.351099 -8.076068 -6.592152 17.230774 -4.63995 -0.693718 0 0.000003 0 26.605844 -5.308018 -4.736982 30.40805 -6.390206 -2.772273 3.648035 -2.159218 -4.340278 0 0.000003 0 8.680993 2.26393 13.528819 35.742059 1.000461 -2.96235 8.122346 -2.054088 -2.372241 0 0.000003 0 25.57308 44.865063 59.697001 14.639199 -11.879964 23.373061 -37.367627 12.142392 -10.761837 -6.07677 7.97907 9.192813 0 0.000003 0 0 0.000003 0.000008 0 0.000003 -10.348409 0 0.000003 -20.696826 0 0.000003 -31.045245 -0.001528 0.016976 -9.457335 -0.000883 0.012768 -7.093001 -0.000413 0.00852 -4.728666 -0.000119 0.004271 -2.364333 0 0.000003 0 20.186406 2.672095 0.745357 -0.013986 0.000269 1.54291 0 0.000003 0 -37.176187 3.872665 0.533112 -89.999999 -90 0 0 0.000003 0 0 0.000003 0 90.000009 -63.648278 -90.000009 -5.682401 0.000003 0 -28.319916 0.000003 0 -16.252152 0.000003 0 0 0.000003 0 89.999996 -84.450021 179.999995 0 0.000003 0 -90.000003 -84.450021 0 0 0.000003 0 0 0.000003 0
0 0 0 179.999991 0.000003 179.999991 0.05191 -0.02313900000000002 -1.002788 -181.81408 -7.696473 -182.468658 -93.889071 1.434895 -89.281753 16.42787 -1.120545 -12.502663 0 0.000003 0 -6.16733 1.524016 12.453767 75.504886 -7.992029 9.334273 -0.15412 1.329519 -0.522786 9.095036 10.601925 -0.863114 0 0.000003 0 0 0.000003 0 0 0.000003 0 0 0.000003 0 -0.002141 0.067198 -3.65037 -0.001205 0.050416 -2.737777 -0.000535 0.033614 -1.825184 0.013853 0.016962 -0.315991 0 0.000003 0 75.430574 23.712391 65.146208 51.086765 -4.310182 -10.439558 0 0.000003 0 13.103382 6.347263 9.222821 75.690319 -9.031782 11.401314 -0.421239 2.455134 -0.80889 2.095328 11.194785 -1.773937 0 0.000003 0 0 0.000003 0 0 0.000003 0 0 0.000003 0 -0.021248 -0.210709 11.516237 -0.01197 -0.158506 8.637159 -0.005325 -0.105893 5.758099 -0.001332 -0.053013 2.879047 0 0.000003 0 86.739782 3.296648 90.003083 16.969574 -0.139887 -1.808732 -14.934704 -0.982752 -0.054704 8.519438 -1.286429 -2.213629 92.240714 -66.51315 128.862246 29.836869 -61.000031 111.376801 1.355967 44.632249 0.59535 4.148348 3.740644 -26.038203 -7.936658 -1.243823 -0.177964 5.567135 -15.315433 -24.893183 19.640863 -2.943802 -2.854915 22.370461 -7.854524 0.939203 7.288898 0.47078 6.486217 -0.034264 0.000003 0 28.35063 -5.659943 9.4549 41.617545 7.113139 2.842511 17.763973 3.431592 4.452696 0 0.000003 0 26.74456 -3.338485 -20.523194 25.76946 -11.543652 -8.847673 3.73787 -3.458716 -4.497616 0 0.000003 0 8.409425 3.15637 -3.513702 29.902206 -5.92798 -10.0046 7.879105 -4.815274 -9.309666 -0.019782 0.000003 0 25.57308 44.865063 59.697001 20.727584 8.959626 26.757445 16.406241 -19.284634 -35.602002 -6.07677 7.97907 9.192813 0 0.000003 0 0 0.000003 0.000008 0.000002 0.000009 -37.379098 0.000003 0.000009 -74.75821 -0.000007 0.000016 -112.137322 -0.050338 0.088009 -58.721363 -0.029582 0.071665 -44.041005 -0.013643 0.050594 -29.360661 -0.003563 0.026183 -14.680327 0 -0.013986 0 -105.708358 -68.768596 123.850645 49.986169 -53.118307 1.610804 42.52903 0.277008 0.107709 2.94166 -4.747969 74.100401 -9.282867 -6.463125 -0.557675 -2.31197 -14.287039 -22.877688 25.165216 -7.995075 -6.318019 19.416235 -9.340561 -6.921105 7.336571 -1.104063 0.384147 0 0.000003 0 28.109529 -7.562267 -10.090684 41.374735 -7.866238 -6.530849 17.266927 -4.548753 -0.677981 0 0.000003 0 26.619692 -5.164351 -4.665634 30.420778 -6.236534 -2.737267 3.658779 -2.103668 -4.33327 0 0.000003 0 8.663193 2.329739 13.536833 35.723327 1.156695 -2.915412 8.118068 -1.99414 -2.363224 0 0.000003 0 25.57308 44.865063 59.697001 14.639226 -11.879957 23.373061 -37.3676 12.142364 -10.761824 -6.07677 7.97907 9.192813 0 0.000003 0 0 0.000003 0.000008 0 0.000003 -10.606806 0 0.000003 -21.21362 0 0.000003 -31.820431 -0.001074 0.014134 -7.860475 -0.000624 0.010617 -5.895357 -0.000294 0.007085 -3.930237 -0.000086 0.003541 -1.965118 0 0.000003 0 20.398654 3.047291 0.663269 -0.013983 0.000385 1.99312 0 0.000003 0 -36.231708 4.021283 1.144318 -89.999999 -90 0 0 0.000003 0 0 0.000003 0 90.000009 -63.648278 -90.000009 -5.682401 0.000003 0 -28.319916 0.000003 0 -16.252152 0.000003 0 0 0.000003 0 89.999996 -84.450021 179.999995 0 0.000003 0 -90.000003 -84.450021 0 0 0.000003 0 0 0.000003 0
0 0 0 179.999991 0.000003 179.999991 0.052996 -0.023997999999999964 -1.038722 -182.148609 -7.276676 -181.891766 -93.7945 5.769545 -88.144226 11.416744 -0.80555 -12.41846 0 0.000003 0 -6.083971 1.422956 11.044821 75.504886 -7.992029 9.334273 -0.15412 1.329519 -0.522786 9.080573 10.694282 -0.861702 0 0.000003 0 0 0.000003 0 0 0.000003 0 0 0.000003 0 -0.003485 0.085694 -4.65731 -0.001961 0.064309 -3.492981 -0.000872 0.042882 -2.328654 0.013769 0.021654 -0.567724 0 0.000003 0 76.808086 23.669927 66.267137 36.259333 -3.31182 -9.448268 0 0.000003 0 14.63241 5.202407 7.979451 75.690319 -9.031782 11.401314 -0.421239 2.455134 -0.80889 1.738802 11.06577 -1.778544 0 0.000003 0 0 0.000003 0 0 0.000003 0 0 0.000003 0 -0.019437 -0.201618 11.012732 -0.010948 -0.151621 8.259534 -0.00487 -0.101276 5.506349 -0.001218 -0.050691 2.753172 0 0.000003 0 86.092923 3.617783 89.932636 16.912115 -0.155063 -2.169046 -15.011243 -0.927783 -0.399358 8.419241 -1.119028 -2.509823 91.475781 -65.392941 129.683234 27.366037 -61.907621 113.13151 1.320976 43.938165 0.570912 4.238237 3.638437 -24.641383 -6.531265 -1.774467 -0.153721 5.567135 -15.315433 -24.893183 19.640854 -2.943802 -2.854922 22.370434 -7.854517 0.9392 7.288941 0.470773 6.486222 -0.034264 0.000003 0 28.350626 -5.659943 9.454894 41.617565 7.113146 2.842508 17.763946 3.431599 4.452682 0 0.000003 0 26.744569 -3.338485 -20.523219 25.769486 -11.543646 -8.847678 3.737916 -3.458751 -4.497622 0 0.000003 0 8.40943 3.156376 -3.513711 29.902264 -5.92798 -10.004601 7.87919 -4.815308 -9.309683 -0.019782 0.000003 0 25.57308 44.865063 59.697001 20.727561 8.959592 26.757485 16.40622 -19.284634 -35.601992 -6.07677 7.97907 9.192813 0 0.000003 0 0 0.000003 0.000008 0.000002 0.000009 -37.006388 0 0.000009 -74.01279 -0.000007 0.000016 -111.019186 -0.047859 0.08648 -57.105856 -0.028065 0.070087 -42.829374 -0.012926 0.049323 -28.552909 -0.003375 0.025472 -14.27645 0 -0.013986 0 -102.106199 -70.273205 119.262712 51.889104 -52.710538 -1.407864 47.42856 0.301767 0.132446 3.011106 -4.704297 73.25759 -11.611745 -5.185662 -0.580731 -2.31197 -14.287039 -22.877688 25.213981 -7.941855 -6.304736 19.426014 -9.291541 -6.913201 7.350788 -1.084119 0.386333 0 0.000003 0 28.121192 -7.485304 -10.045257 41.38651 -7.758252 -6.499226 17.285474 -4.501775 -0.669847 0 0.000003 0 26.626598 -5.090435 -4.628819 30.42698 -6.157509 -2.719194 3.664286 -2.07507 -4.329659 0 0.000003 0 8.653934 2.363555 13.540941 35.713492 1.236936 -2.891328 8.115749 -1.963329 -2.358577 0 0.000003 0 25.57308 44.865063 59.697001 14.639267 -11.880005 23.373034 -37.367627 12.142385 -10.761837 -6.07677 7.97907 9.192813 0 0.000003 0 0 0.000003 0.000008 0 0.000003 -10.831095 0 0.000003 -21.662199 0 0.000003 -32.493303 -0.000753 0.01173 -6.518248 -0.000439 0.008807 -4.888685 -0.00021 0.005876 -3.259123 -0.000063 0.002933 -1.629561 0 0.000003 0 20.465841 3.602319 0.466367 -0.013978 0.000535 2.623579 0 0.000003 0 -35.641443 4.415843 1.882322 -89.999999 -90 0 0 0.000003 0 0 0.000003 0 90.000009 -63.648278 -90.000009 -5.682401 0.000003 0 -28.319916 0.000003 0 -16.252152 0.000003 0 0 0.000003 0 89.999996 -84.450021 179.999995 0 0.000003 0 -90.000003 -84.450021 0 0 0.000003 0 0 0.000003 0
0 0 0 179.999991 0.000003 179.999991 0.053975 -0.029366000000000003 -1.076222 -183.178779 -6.920905 -181.176058 -94.554386 9.840468 -87.098962 6.706246 -0.503772 -12.364671 0 0.000003 0 -6.083188 1.281647 9.684952 75.504886 -7.992029 9.334273 -0.15412 1.329519 -0.522786 8.771739 10.361755 -0.853409 0 0.000003 0 0 0.000003 0 0 0.000003 0 0 0.000003 0 -0.00502 0.102811 -5.589987 -0.002824 0.077163 -4.192489 -0.001256 0.051468 -2.794992 0.013672 0.026012 -0.800892 0 0.000003 0 77.301294 22.592875 66.790439 19.733885 -1.940529 -8.685499 0 0.000003 0 16.276921 5.367582 8.76923 75.690319 -9.031782 11.401314 -0.421239 2.455134 -0.80889 2.03749 10.985283 -1.774183 0 0.000003 0 0 0.000003 0 0 0.000003 0 0 0.000003 0 -0.019101 -0.19989 10.917064 -0.010759 -0.150316 8.187783 -0.004786 -0.100394 5.458515 -0.001197 -0.050254 2.729256 0 0.000003 0 85.081816 3.854388 89.875352 16.789449 -0.24516 -2.506121 -15.118006 -0.992158 -0.710257 8.325046 -1.054176 -2.744143 91.412001 -64.28923 129.790632 25.081117 -62.868197 114.269263 1.301838 43.55144 0.557693 4.332189 3.525978 -23.137775 -5.909752 -2.028475 -0.158643 5.567135 -15.315433 -24.893183 19.640858 -2.943823 -2.8549 22.370488 -7.854524 0.939195 7.288947 0.470766 6.486214 -0.034264 0.000003 0 28.350619 -5.659964 9.454899 41.617538 7.113139 2.842504 17.763946 3.431606 4.452682 0 0.000003 0 26.744531 -3.338512 -20.523206 25.769515 -11.543659 -8.847688 3.737947 -3.458764 -4.497614 0 0.000003 0 8.409396 3.156363 -3.513704 29.902223 -5.927973 -10.004602 7.879103 -4.815281 -9.309681 -0.019782 0.000003 0 25.57308 44.865063 59.697001 20.727561 8.959599 26.757474 16.406241 -19.284572 -35.601968 -6.07677 7.97907 9.192813 0 0.000003 0 0 0.000003 0.000008 0 0.000009 -36.605087 0 0.000009 -73.210189 -0.00001 0.000016 -109.81529 -0.044277 0.084089 -54.71838 -0.025893 0.067703 -41.038772 -0.011904 0.047425 -27.359173 -0.003107 0.024427 -13.679584 0 -0.013986 0 -96.159979 -71.661338 112.445158 53.688893 -52.186621 -3.839371 52.661018 0.325782 0.1611 3.045424 -4.682181 72.838148 -12.496442 -4.491844 -0.620646 -2.31197 -14.287039 -22.877688 25.165205 -7.995075 -6.317971 19.416305 -9.340575 -6.921114 7.336569 -1.10405 0.384133 0 0.000003 0 28.109539 -7.562267 -10.090633 41.374844 -7.866251 -6.530877 17.266868 -4.54874 -0.677967 0 0.000003 0 26.619682 -5.164358 -4.665592 30.42086 -6.236548 -2.737253 3.658789 -2.103689 -4.333286 0 0.000003 0 8.663178 2.329725 13.536868 35.723327 1.156668 -2.915412 8.117992 -1.994126 -2.363206 0 0.000003 0 25.57308 44.865063 59.697001 14.63924 -11.879916 23.373034 -37.3676 12.142303 -10.761824 -6.07677 7.97907 9.192813 0 0.000003 0 0 0.000003 0.000008 0 0.000003 -10.942725 0 0.000003 -21.885459 0 0.000003 -32.828194 -0.000549 0.009913 -5.506131 -0.000322 0.007447 -4.129598 -0.000155 0.004961 -2.753065 -0.000048 0.002482 -1.376531 0 0.000003 0 20.446725 4.376719 0.251328 -0.013975 0.00061 2.954545 0 0.000003 0 -35.448115 4.21453 2.465113 -89.999999 -90 0 0 0.000003 0 0 0.000003 0 90.000009 -63.648278 -90.000009 -5.682401 0.000003 0 -28.319916 0.000003 0 -16.252152 0.000003 0 0 0.000003 0 89.999996 -84.450021 179.999995 0 0.000003 0 -90.000003 -84.450021 0 0 0.000003 0 0 0.000003 0
0 0 0 179.999991 0.000003 179.999991 0.055591 -0.037076 -1.11208 -184.006502 -6.512801 -180.205447 -95.063857 12.33865 -86.941492 4.550211 -0.364402 -12.348366 0 0.000003 0 -7.464931 0.982177 9.392782 75.504886 -7.992029 9.334273 -0.15412 1.329519 -0.522786 8.740316 10.572732 -0.830618 0 0.000003 0 0 0.000003 0 0 0.000003 0 0 0.000003 0 -0.005373 0.106362 -5.783763 -0.003023 0.079827 -4.33782 -0.001344 0.053251 -2.891879 0.013649 0.026913 -0.849335 0 0.000003 0 77.984334 22.042683 68.396824 4.939913 -0.57124 -8.359229 0 0.000003 0 16.772387 7.474982 9.439168 75.690319 -9.031782 11.401314 -0.421239 2.455134 -0.80889 2.412381 10.917889 -1.663171 0 0.000003 0 0 0.000003 0 0 0.000003 0 0 0.000003 0 -0.015957 -0.182842 9.975776 -0.008986 -0.137428 7.48182 -0.003997 -0.091768 4.987875 -0.001 -0.045924 2.493936 0 0.000003 0 84.442401 4.211927 89.910978 16.643685 -0.343904 -2.760978 -15.215107 -1.054538 -0.939667 8.281604 -1.097588 -2.917037 89.840818 -63.251832 131.27221 22.359287 -63.228865 115.376157 1.294599 43.40328 0.552702 4.42845 3.40421 -21.54521 -5.82953 -2.194414 -0.174785 5.567135 -15.315433 -24.893183 19.640854 -2.94383 -2.854885 22.370434 -7.854524 0.939201 7.288905 0.470794 6.486205 -0.034264 0.000003 0 28.35064 -5.65997 9.454922 41.617558 7.113146 2.842508 17.763891 3.431606 4.452682 0 0.000003 0 26.68731 -3.59741 -20.519451 25.841116 -11.356956 -8.808722 3.736265 -3.461606 -4.497962 0 0.000003 0 8.409411 3.156363 -3.513676 29.902216 -5.92798 -10.004608 7.879019 -4.81526 -9.30968 -0.019782 0.000003 0 25.57308 44.865063 59.697001 20.727625 8.959633 26.757483 16.406239 -19.284606 -35.601999 -6.07677 7.97907 9.192813 0 0.000003 0 0 0.000003 0.000008 0.000002 0.000009 -36.179942 0.000003 0.000009 -72.359885 -0.000007 0.000009 -108.539834 -0.042059 0.082498 -53.2077 -0.024555 0.066153 -39.905759 -0.011277 0.046216 -26.603833 -0.002943 0.023772 -13.301913 0 -0.013986 0 -92.874221 -72.501621 108.317033 54.282399 -50.336023 -4.645516 57.637829 0.346143 0.190275 2.988341 -4.718763 73.534732 -11.857598 -4.661246 -0.566034 -2.31197 -14.287039 -22.877688 25.165159 -7.995075 -6.317994 19.41625 -9.340589 -6.92111 7.336598 -1.104077 0.384126 0 0.000003 0 28.109521 -7.562294 -10.090675 41.37479 -7.866292 -6.530863 17.266968 -4.54876 -0.677962 0 0.000003 0 26.619662 -5.164392 -4.665618 30.420751 -6.236554 -2.737267 3.568814 -1.884706 -4.330284 0 0.000003 0 8.663169 2.329719 13.536822 35.723382 1.156634 -2.915425 8.118157 -1.994133 -2.363239 0 0.000003 0 25.57308 44.865063 59.697001 14.639267 -11.880012 23.373034 -37.367627 12.142344 -10.761837 -6.07677 7.97907 9.192813 0 0.000003 0 0 0.000003 0.000008 0 0.000003 -10.75734 0 0.000003 -21.514686 0 0.000003 -32.272036 -0.000467 0.0091 -5.049771 -0.000275 0.006826 -3.787328 -0.000133 0.004551 -2.524884 -0.000042 0.002284 -1.262441 0 0.000003 0 20.197528 5.173229 0.135245 -0.013973 0.000665 3.131588 0 0.000003 0 -35.231475 4.138872 2.761502 -89.999999 -90 0 0 0.000003 0 0 0.000003 0 90.000009 -63.648278 -90.000009 -5.682401 0.000003 0 -28.319916 0.000003 0 -16.252152 0.000003 0 0 0.000003 0 89.999996 -84.450021 179.999995 0 0.000003 0 -90.000003 -84.450021 0 0 0.000003 0 0 0.000003 0
0 0 0 179.999991 0.000003 179.999991 0.05778 -0.04456700000000002 -1.147744 -183.66543 -5.800611 -179.450383 -94.431819 13.961094 -87.48135 4.378497 -0.353248 -12.347302 0 0.000003 0 -9.098735 1.359039 9.578098 75.504886 -7.992029 9.334273 -0.15412 1.329519 -0.522786 8.666492 10.412558 -0.87071 0 0.000003 0 0 0.000003 0 0 0.000003 0 0 0.000003 0 -0.004573 0.098145 -5.335499 -0.002573 0.073652 -4.001622 -0.001144 0.049125 -2.667747 0.0137 0.024823 -0.73727 0 0.000003 0 79.305757 23.837349 70.112582 -0.879386 -0.0168 -8.329266 0 0.000003 0 15.374438 11.909838 9.983699 75.690319 -9.031782 11.401314 -0.421239 2.455134 -0.80889 2.760183 11.017999 -1.644992 0 0.000003 0 0 0.000003 0 0 0.000003 0 0 0.000003 0 -0.012223 -0.160159 8.728185 -0.006881 -0.120325 6.546131 -0.00306 -0.080314 4.364084 -0.000765 -0.040186 2.182041 0 0.000003 0 84.789996 4.452036 89.968399 16.533315 -0.336343 -2.890628 -15.225378 -0.953622 -1.064955 8.394118 -1.23187 -3.041773 86.895818 -62.773783 134.346942 21.058549 -63.109967 114.466088 1.277017 43.04214 0.540662 4.473408 3.344862 -20.78144 -5.944838 -2.388166 -0.194716 5.567135 -15.315433 -24.893183 19.640868 -2.94383 -2.854928 22.370439 -7.854537 0.939204 7.288968 0.470766 6.486202 -0.034264 0.000003 0 28.350654 -5.659957 9.454911 41.617517 7.113146 2.842496 17.764001 3.431606 4.452682 0 0.000003 0 26.744576 -3.338505 -20.523209 25.769452 -11.543652 -8.847713 3.737906 -3.458744 -4.497612 0 0.000003 0 8.409431 3.15637 -3.513696 29.90222 -5.927994 -10.004614 7.879054 -4.815267 -9.309678 -0.019782 0.000003 0 25.57308 44.865063 59.697001 20.727558 8.959606 26.757512 16.406294 -19.284593 -35.602006 -6.07677 7.97907 9.192813 0 0.000003 0 0 0.000003 0.000008 0 0.000009 -35.976007 0 0.000009 -71.95202 -0.000007 0.000016 -107.928033 -0.040143 0.081056 -51.878149 -0.023402 0.064773 -38.908603 -0.010737 0.04515 -25.939061 -0.002803 0.023184 -12.969528 0 -0.013986 0 -94.304388 -72.663081 108.91934 53.745994 -47.485105 -4.366408 61.466395 0.359967 0.21386 2.861706 -4.796512 75.061443 -10.692108 -4.663739 -0.468793 -2.31197 -14.287039 -22.877688 25.165156 -7.995055 -6.317899 19.416291 -9.340568 -6.921107 7.336478 -1.103988 0.384121 0 0.000003 0 28.109507 -7.56228 -10.090651 41.374872 -7.86632 -6.53089 17.266879 -4.548726 -0.677927 0 0.000003 0 26.619674 -5.164365 -4.665629 30.420806 -6.236602 -2.73728 3.658687 -2.103675 -4.333265 0 0.000003 0 8.663192 2.329753 13.536819 35.723382 1.15662 -2.915439 8.117947 -1.994153 -2.363223 0 0.000003 0 25.57308 44.865063 59.697001 14.639254 -11.879923 23.373061 -37.367627 12.142344 -10.761837 -6.07677 7.97907 9.192813 0 0.000003 0 0 0.000003 0.000008 0 -0.000004 -10.351089 0 0.000003 -20.702186 0 0.000003 -31.053284 -0.000432 0.008725 -4.840278 -0.000255 0.006546 -3.630208 -0.000124 0.004367 -2.420138 -0.000039 0.002188 -1.210068 0 0.000003 0 19.809663 5.768425 0.242356 -0.01397 0.000727 3.371818 0 0.000003 0 -35.281301 3.834095 3.257172 -89.999999 -90 0 0 0.000003 0 0 0.000003 0 90.000009 -63.648278 -90.000009 -5.682401 0.000003 0 -28.319916 0.000003 0 -16.252152 0.000003 0 0 0.000003 0 89.999996 -84.450021 179.999995 0 0.000003 0 -90.000003 -84.450021 0 0 0.000003 0 0 0.000003 0
0 0 0 179.999991 0.000003 179.999991 0.060034 -0.05147900000000005 -1.182277 -182.761727 -5.071864 -179.235984 -93.301743 15.747468 -87.728691 5.208631 -0.407015 -12.35279 0 0.000003 0 -10.323473 1.937126 9.228626 75.504886 -7.992029 9.334273 -0.15412 1.329519 -0.522786 8.367933 10.379479 -0.953932 0 0.000003 0 0 0.000003 0 0 0.000003 0 0 0.000003 0 -0.0041 0.092941 -5.052012 -0.002307 0.069752 -3.789008 -0.001026 0.046523 -2.526004 0.01373 0.023498 -0.666399 0 0.000003 0 81.322261 24.460351 69.932961 -0.87937 -0.0168 -8.329259 0 0.000003 0 18.205671 15.388364 12.448734 75.690319 -9.031782 11.401314 -0.421239 2.455134 -0.80889 2.630695 11.025219 -1.582364 0 0.000003 0 0 0.000003 0 0 0.000003 0 0 0.000003 0 -0.013434 -0.167863 9.151473 -0.007564 -0.126131 6.863596 -0.003364 -0.0842 4.575726 -0.000841 -0.04214 2.287862 0 0.000003 0 85.538502 4.498379 89.881492 16.487021 -0.270227 -2.966499 -15.171192 -0.692189 -1.145355 8.541295 -0.538565 -3.17264 86.098195 -62.89298 135.422123 22.273998 -63.173206 111.243755 1.20465 41.507697 0.491968 4.478993 3.33737 -20.685638 -6.18516 -2.208819 -0.189407 5.567135 -15.315433 -24.893183 19.640878 -2.943816 -2.854923 22.370447 -7.854524 0.939186 7.288964 0.470766 6.486207 -0.034264 0.000003 0 28.350635 -5.65995 9.454923 41.617593 7.113166 2.842508 17.763891 3.431606 4.452682 0 0.000003 0 26.744553 -3.338478 -20.52318 25.769511 -11.543639 -8.847698 3.737844 -3.45871 -4.497623 0 0.000003 0 8.409401 3.156383 -3.513691 29.902244 -5.927987 -10.004619 7.879076 -4.815267 -9.309676 -0.019782 0.000003 0 25.57308 44.865063 59.697001 20.72758 8.95964 26.757558 16.406304 -19.284627 -35.602026 -6.07677 7.97907 9.192813 0 0.000003 0 0 0.000003 0.000008 0.000002 0.000009 -35.950427 0 0.000009 -71.900855 -0.000007 0.000016 -107.851289 -0.03731 0.078782 -49.865428 -0.021705 0.062642 -37.399063 -0.009947 0.043511 -24.932701 -0.002597 0.022303 -12.466349 0 -0.013986 0 -92.39955 -72.711715 106.43966 54.742843 -47.350779 -6.251587 63.381082 0.366319 0.226001 2.7423 -4.86566 76.479185 -10.432383 -3.831071 -0.39261 -2.31197 -14.287039 -22.877688 25.16518 -7.995048 -6.317936 19.416283 -9.340561 -6.921107 7.41837 -1.13234 0.3825 0 0.000003 0 28.109517 -7.562267 -10.09061 41.374844 -7.866285 -6.530904 17.267022 -4.54876 -0.677947 0 0.000003 0 26.619651 -5.164365 -4.665587 30.420751 -6.236568 -2.73728 3.6588 -2.103689 -4.333258 0 0.000003 0 8.663183 2.329746 13.536871 35.723355 1.156654 -2.915425 8.118003 -1.994126 -2.363212 0 0.000003 0 25.57308 44.865063 59.697001 14.639281 -11.880005 23.373061 -37.367627 12.142303 -10.761837 -6.07677 7.97907 9.192813 0 0.000003 0 0 0.000003 0.000008 0 0.000003 -9.973918 0 0.000003 -19.947842 0 0.000003 -29.921768 -0.000283 0.006928 -3.847037 -0.000169 0.0052 -2.885277 -0.000083 0.003472 -1.923517 -0.000027 0.001737 -0.961758 0 0.000003 0 19.531185 6.110146 0.311346 -0.01397 0.000706 3.312134 0 0.000003 0 -36.23917 2.942974 3.60803 -89.999999 -90 0 0 0.000003 0 0 0.000003 0 90.000009 -63.648278 -90.000009 -5.682401 0.000003 0 -28.319916 0.000003 0 -16.252152 0.000003 0 0 0.000003 0 89.999996 -84.450021 179.999995 0 0.000003 0 -90.000003 -84.450021 0 0 0.000003 0 0 0.000003 0
0 0 0 179.999991 0.000003 179.999991 0.062353 -0.055606000000000044 -1.218985 -181.101158 -4.499829 -179.005875 -91.412636 16.607491 -88.345526 7.815921 -0.57525 -12.375103 0 0.000003 0 -10.571493 2.376348 9.306607 75.504886 -7.992029 9.334273 -0.15412 1.329519 -0.522786 7.135705 10.251324 -1.053695 0 0.000003 0 0 0.000003 0 0 0.000003 0 0 0.000003 0 -0.003087 0.08066 -4.383442 -0.001737 0.060532 -3.28758 -0.000772 0.040362 -2.19172 0.013794 0.020384 -0.499258 0 0.000003 0 84.119845 23.492069 70.014234 1.013322 -0.197431 -8.332832 0 0.000003 0 24.417776 14.307241 14.579715 75.690319 -9.031782 11.401314 -0.421239 2.455134 -0.80889 1.734503 10.889742 -1.532107 0 0.000003 0 0 0.000003 0 0 0.000003 0 0 0.000003 0 -0.015151 -0.178197 9.720006 -0.008532 -0.133924 7.289994 -0.003795 -0.089418 4.859991 -0.000949 -0.044749 2.429994 0 0.000003 0 86.828179 4.791257 89.918689 16.368743 -0.203257 -3.015277 -15.152052 -0.350407 -1.198719 8.707612 0.07633 -3.301781 84.08329 -62.79904 137.475743 23.609952 -62.549844 108.58755 1.125444 39.740222 0.440406 4.46279 3.359028 -20.96306 -6.515016 -1.970336 -0.183652 5.567135 -15.315433 -24.893183 19.64087 -2.943843 -2.854922 22.370475 -7.854551 0.93919 7.288941 0.470794 6.486199 -0.034264 0.000003 0 28.350662 -5.65997 9.454913 41.617565 7.11316 2.842501 17.763891 3.431612 4.452682 0 0.000003 0 26.744572 -3.338519 -20.523202 25.769481 -11.543625 -8.847707 3.737875 -3.458737 -4.497632 0 0.000003 0 8.409431 3.156363 -3.513691 29.90222 -5.927994 -10.00462 7.87917 -4.815295 -9.30969 -0.019782 0.000003 0 25.57308 44.865063 59.697001 20.72756 8.959612 26.757483 16.406275 -19.284627 -35.601999 -6.07677 7.97907 9.192813 0 0.000003 0 0 0.000003 0.000008 0 0.000009 -36.024501 0 0.000009 -72.049015 -0.00001 0.000016 -108.073523 -0.037264 0.078741 -49.833313 -0.021677 0.062608 -37.374973 -0.009935 0.04349 -24.916643 -0.002594 0.022289 -12.458319 0 -0.013986 0 -91.214642 -72.677136 105.21459 54.567344 -47.823247 -6.957581 64.29421 0.369202 0.231847 2.647067 -4.918027 77.595928 -10.534554 -3.232589 -0.357334 -2.31197 -14.287039 -22.877688 25.165209 -7.995041 -6.317934 19.416209 -9.340554 -6.921102 7.336614 -1.104091 0.384117 0 0.000003 0 28.109529 -7.562246 -10.090616 41.374872 -7.866279 -6.53089 17.267084 -4.548781 -0.677935 0 0.000003 0 26.619665 -5.164358 -4.665616 30.420751 -6.236582 -2.73728 3.658886 -2.103689 -4.333267 0 0.000003 0 8.663197 2.329766 13.536841 35.723437 1.156647 -2.915425 8.117995 -1.99414 -2.363226 0 0.000003 0 25.57308 44.865063 59.697001 14.63924 -11.879964 23.373089 -37.3676 12.142323 -10.761837 -6.07677 7.97907 9.192813 0 0.000003 0 0 0.000003 0.000008 0 0.000003 -9.676875 0 0.000003 -19.353761 0 0.000003 -29.030643 -0.000223 0.006075 -3.369112 -0.000133 0.004558 -2.526834 -0.000067 0.003035 -1.684555 -0.000022 0.001526 -0.842277 0 0.000003 0 19.111851 6.431056 0.230058 -0.013968 0.000761 3.516291 0 0.000003 0 -36.494438 3.014848 3.872529 -89.999999 -90 0 0 0.000003 0 0 0.000003 0 90.000009 -63.648278 -90.000009 -5.682401 0.000003 0 -28.319916 0.000003 0 -16.252152 0.000003 0 0 0.000003 0 89.999996 -84.450021 179.999995 0 0.000003 0 -90.000003 -84.450021 0 0 0.000003 0 0 0.000003 0
0 0 0 179.999991 0.000003 179.999991 0.065786 -0.053178999999999976 -1.259012 -178.447312 -3.773786 -178.469551 -88.304551 16.373346 -89.553151 11.90341 -0.83645 -12.425428 0 0.000003 0 -8.908637 2.880758 10.82974 75.504886 -7.992029 9.334273 -0.15412 1.329519 -0.522786 3.702115 10.050032 -0.711171 0 0.000003 0 0 0.000003 0 0 0.000003 0 0 0.000003 0 -0.001576 0.057656 -3.131356 -0.000886 0.043251 -2.348517 -0.000394 0.02884 -1.565678 0.013889 0.014537 -0.186238 0 0.000003 0 87.993819 22.869955 72.305544 2.00476 -0.291968 -8.337067 0 0.000003 0 29.343264 9.758342 13.113859 75.690319 -9.031782 11.401314 -0.421239 2.455134 -0.80889 1.577282 10.982667 -1.589621 0 0.000003 0 0 0.000003 0 0 0.000003 0 0 0.000003 0 -0.0123 -0.160657 8.755585 -0.006924 -0.120701 6.566682 -0.003079 -0.080566 4.377785 -0.00077 -0.040309 2.188891 0 0.000003 0 88.594992 5.505313 89.850572 16.233442 -0.076147 -2.917556 -15.139869 0.266476 -1.117727 8.88149 1.150637 -3.336315 79.536173 -62.801937 142.155256 24.932339 -60.66833 105.037272 1.039476 37.713213 0.386619 4.459247 3.363734 -21.02349 -6.952206 -2.061198 -0.205481 5.567135 -15.315433 -24.893183 19.640868 -2.943836 -2.854923 22.370434 -7.854537 0.939186 7.288899 0.470814 6.486199 -0.034264 0.000003 0 28.350637 -5.65997 9.4549 41.617538 7.113153 2.842491 17.763946 3.431612 4.452682 0 0.000003 0 26.744576 -3.338505 -20.523202 25.769511 -11.543625 -8.847703 3.737901 -3.458737 -4.497613 0 0.000003 0 8.409435 3.15637 -3.513705 29.902251 -5.928001 -10.004623 7.879147 -4.815281 -9.30969 -0.019782 0.000003 0 25.57308 44.865063 59.697001 20.727594 8.959633 26.757483 16.406292 -19.284606 -35.601996 -6.07677 7.97907 9.192813 0 0.000003 0 0 0.000003 0.000008 0 0.000009 -36.040637 0 0.000009 -72.081288 -0.000007 0.000016 -108.121936 -0.039526 0.080571 -51.443834 -0.023031 0.064322 -38.582861 -0.010565 0.044795 -25.721902 -0.002759 0.023 -12.860948 0 -0.013986 0 -96.907653 -71.687862 110.841662 52.325683 -47.840411 -4.507619 63.956922 0.368163 0.229662 2.581644 -4.952622 78.356285 -10.292124 -2.74783 -0.3162 -2.31197 -14.287039 -22.877688 25.165222 -7.995062 -6.317937 19.416302 -9.340582 -6.809124 7.347219 -1.088941 0.543556 0 0.000003 0 28.109572 -7.56226 -10.347911 41.355693 -8.036979 -6.580778 17.237625 -4.622956 -0.690738 0 0.000003 0 26.619716 -5.164365 -4.936806 30.409467 -6.374408 -2.768685 3.649164 -2.153522 -4.339548 0 0.000003 0 8.663249 2.329746 13.536888 35.723327 1.156654 -2.828859 8.116592 -1.974762 -2.228579 0 0.000003 0 25.57308 44.865063 59.697001 14.639281 -11.879978 23.270117 -37.350005 12.204772 -10.780129 -6.07677 7.97907 9.192813 0 0.000003 0 0 0.000003 0.000008 0 0.000003 -9.474654 0 0.000003 -18.949317 0.000002 0.000003 -28.423977 -0.000353 0.007823 -4.341661 -0.000209 0.00587 -3.256245 -0.000102 0.003909 -2.17083 -0.000033 0.001956 -1.085414 0 0.000003 0 18.38368 6.510751 0.176685 -0.013966 0.000788 3.659918 0 0.000003 0 -35.868896 2.729817 4.217828 -89.999999 -90 0 0 0.000003 0 0 0.000003 0 90.000009 -63.648278 -90.000009 -5.682401 0.000003 0 -28.319916 0.000003 0 -16.252152 0.000003 0 0 0.000003 0 89.999996 -84.450021 179.999995 0 0.000003 0 -90.000003 -84.450021 0 0 0.000003 0 0 0.000003 0
0 0 0 179.999991 0.000003 179.999991 0.069465 -0.04669000000000001 -1.300571 -177.141407 -2.749285 -178.339094 -86.803686 15.887794 -90.667783 17.004702 -1.156294 -12.514112 0 0.000003 0 -4.574919 2.720385 12.085921 75.504886 -7.992029 9.334273 -0.15412 1.329519 -0.522786 -1.850838 9.564132 -0.337714 0 0.000003 0 0 0.000003 0 0 0.000003 0 0 0.000003 0 -0.000729 0.039221 -2.129562 -0.00041 0.02942 -1.597171 -0.000182 0.019612 -1.064781 0.013942 0.009865 0.064209 0 0.000003 0 89.753713 22.905158 72.902871 6.367891 -0.706601 -8.375176 0 0.000003 0 28.385013 8.839695 13.458829 75.690319 -9.031782 11.401314 -0.421239 2.455134 -0.80889 2.004131 11.141933 -1.636896 0 0.000003 0 0 0.000003 0 0 0.000003 0 0 0.000003 0 -0.011848 -0.1577 8.592937 -0.006669 -0.11846 6.444696 -0.002966 -0.079071 4.29646 -0.000742 -0.039558 2.148229 0 0.000003 0 89.29678 5.832315 89.776218 16.200398 0.054357 -2.801712 -15.200646 0.783425 -1.024136 8.799673 2.03184 -3.294189 78.639062 -63.670352 142.894296 28.654792 -59.946649 100.940306 0.930899 34.986424 0.32225 4.455488 3.36872 -21.087497 -7.500836 -2.822191 -0.273546 5.567135 -15.315433 -24.893183 19.687303 -2.889905 -2.836225 22.377382 -7.800538 0.948751 7.299146 0.49235 6.488665 -0.034264 0.000003 0 28.358303 -5.583315 9.481186 41.603652 7.207184 2.876691 17.76146 3.477498 4.461288 0 0.000003 0 26.747646 -3.265108 -20.501892 25.793209 -11.482222 -8.834936 3.751891 -3.434107 -4.494624 0 0.000003 0 8.398319 3.189216 -3.434369 29.918998 -5.818731 -9.97277 7.892941 -4.76512 -9.302952 -0.019782 0.000003 0 25.57308 44.865063 59.697001 20.727578 8.959606 26.685419 16.382062 -19.304953 -35.492132 -6.07677 7.97907 9.192813 0 0.000003 0 0 0.000003 0.000008 0.000002 0.000003 -36.05773 0.000003 0.000009 -72.115473 -0.000007 0.000016 -108.173203 -0.039347 0.080435 -51.317062 -0.022924 0.064179 -38.487781 -0.010514 0.044692 -25.658517 -0.002744 0.022938 -12.829255 0 -0.013986 0 -96.083263 -71.123036 109.862869 50.820938 -50.903734 -2.734003 61.436022 0.359872 0.213618 2.504169 -4.992169 79.250152 -10.584036 -2.376466 -0.309256 -2.31197 -14.287039 -22.877688 25.165175 -7.995041 -6.31792 19.416223 -9.340554 -6.921099 7.336566 -1.104077 0.384101 0 0.000003 0 28.109524 -7.56228 -10.09058 41.374779 -7.866251 -6.53089 17.266961 -4.548712 -0.677928 0 0.000003 0 26.619641 -5.164365 -4.665566 30.420805 -6.236561 -2.737267 3.658907 -2.103696 -4.333267 0 0.000003 0 8.663193 2.329746 13.536869 35.7233 1.156661 -2.915425 8.118165 -1.994126 -2.363242 0 0.000003 0 25.57308 44.865063 59.697001 14.639267 -11.879937 23.373089 -37.3676 12.142283 -10.761824 -6.07677 7.97907 9.192813 0 0.000003 0 0 0.000003 0.000008 0 0.000003 -9.236951 0 0.000003 -18.473911 0.000002 0.000003 -27.71087 -0.000506 0.009496 -5.271005 -0.000298 0.007126 -3.953253 -0.000144 0.004749 -2.635501 -0.000045 0.002379 -1.31775 0 0.000003 0 18.265459 6.537409 0.257666 -0.01396 0.000877 4.044627 0 0.000003 0 -35.978896 2.753129 4.768544 -89.999999 -90 0 0 0.000003 0 0 0.000003 0 90.000009 -63.648278 -90.000009 -5.682401 0.000003 0 -28.319916 0.000003 0 -16.252152 0.000003 0 0 0.000003 0 89.999996 -84.450021 179.999995 0 0.000003 0 -90.000003 -84.450021 0 0 0.000003 0 0 0.000003 0
0 0 0 179.999991 0.000003 179.999991 0.072963 -0.038012999999999963 -1.343389 -177.089443 -2.148898 -178.517308 -86.180458 13.907115 -92.490897 24.963097 -1.635917 -12.7082 0 0.000003 0 2.518102 2.249238 14.890763 75.504886 -7.992029 9.334273 -0.15412 1.329519 -0.522786 -7.526222 9.109487 0.016601 0 0.000003 0 0 0.000003 0 0 0.000003 0 0 0.000003 0 -0.000083 0.013233 -0.71805 -0.000047 0.00992 -0.538537 -0.000021 0.006607 -0.359025 0.013983 0.003281 0.417086 0 0.000003 0 90.37681 21.123018 72.180941 8.099341 -0.870116 -8.399019 0 0.000003 0 25.927999 7.968525 14.536565 75.690319 -9.031782 11.401314 -0.421239 2.455134 -0.80889 2.792745 11.279445 -1.702671 0 0.000003 0 0 0.000003 0 0 0.000003 0 0 0.000003 0 -0.013978 -0.171196 9.335179 -0.00787 -0.128651 7.001375 -0.0035 -0.085887 4.667579 -0.000875 -0.04298 2.333788 0 0.000003 0 89.475731 5.934952 89.724555 16.182834 0.143559 -2.727223 -15.326101 0.926067 -0.97011 8.562043 2.217437 -3.257429 80.059161 -64.597092 141.07099 32.750057 -60.26986 97.03867 0.866825 33.283535 0.286309 4.416881 3.419223 -21.739611 -7.942009 -3.548697 -0.33346 5.567135 -15.315433 -24.893183 19.640866 -2.943857 -2.854898 22.37043 -7.854585 1.131537 7.30201 0.498538 6.356045 -0.034264 0.000003 0 28.350664 -5.659998 9.454926 41.617548 7.113132 2.76426 17.765339 3.406225 4.238433 0 0.000003 0 26.744579 -3.338526 -20.523202 25.769494 -11.543639 -8.717418 3.751028 -3.43561 -4.537267 0 0.000003 0 8.409442 3.156363 -3.513672 29.90222 -5.927994 -10.004633 7.879115 -4.815349 -9.010481 -0.019782 0.000003 0 25.57308 44.865063 59.697001 20.727613 8.959619 26.757474 16.406268 -19.28464 -35.385752 -6.07677 7.97907 9.192813 0 0.000003 0 0 0.000003 0.000008 0.000002 0.000003 -36.231845 0 0.000009 -72.463697 -0.000007 0.000016 -108.695548 -0.036625 0.078201 -49.371018 -0.021293 0.062109 -37.028248 -0.009756 0.043108 -24.685496 -0.002547 0.022085 -12.342744 0 -0.013986 0 -90.100447 -71.064013 103.963368 50.342671 -55.096354 -1.104821 57.471869 0.345487 0.189276 2.448114 -5.019845 79.892572 -10.351782 -3.025245 -0.306416 -2.31197 -14.287039 -22.877688 25.165193 -7.995062 -6.317919 19.416278 -9.340568 -6.921099 7.336421 -1.103995 0.384102 0 0.000003 0 28.109579 -7.56224 -10.09058 41.374851 -7.866272 -6.53089 17.266942 -4.548705 -0.677949 0 0.000003 0 26.619669 -5.164365 -4.665552 30.420857 -6.236554 -2.73725 3.658862 -2.103696 -4.333289 0 0.000003 0 8.663234 2.32976 13.536906 35.723372 1.156702 -2.915405 8.118132 -1.994146 -2.36325 0 0.000003 0 25.57308 44.865063 59.697001 14.639281 -11.87993 23.373089 -37.3676 12.142242 -10.761783 -6.07677 7.97907 9.192813 0 0.000003 0 0 0.000003 0.000008 0 0.000003 -9.066135 0 0.000003 -18.132277 0.000002 0.000003 -27.198421 -0.000699 0.011272 -6.265165 -0.000408 0.008465 -4.698874 -0.000195 0.005651 -3.132582 -0.000059 0.00283 -1.56629 0 0.000003 0 18.94022 6.641077 0.728955 -0.013958 0.000925 4.195721 0 0.000003 0 -35.917076 2.674636 5.026466 -89.999999 -90 0 0 0.000003 0 0 0.000003 0 90.000009 -63.648278 -90.000009 -5.682401 0.000003 0 -28.319916 0.000003 0 -16.252152 0.000003 0 0 0.000003 0 89.999996 -84.450021 179.999995 0 0.000003 0 -90.000003 -84.450021 0 0 0.000003 0 0 0.000003 0
0 0 0 179.999991 0.000003 179.999991 0.076359 -0.03036099999999997 -1.385069 -177.03588 -2.448053 -178.846372 -84.597774 9.939922 -94.152853 35.83928 -2.238326 -13.076794 0 0.000003 0 12.544109 2.007661 19.260263 75.504886 -7.992029 9.334273 -0.15412 1.329519 -0.522786 -8.204814 9.186648 -0.000128 0 0.000003 0 0 0.000003 0 0 0.000003 0 0 0.000003 0 -0.000053 -0.010591 0.574953 -0.00003 -0.007941 0.431215 -0.000013 -0.005291 0.287477 0.013984 -0.002757 0.740335 0 0.000003 0 90.648946 19.413142 71.41154 10.677368 -1.112068 -8.443651 0 0.000003 0 20.97045 6.493238 14.877627 75.690319 -9.031782 11.401314 -0.421239 2.455134 -0.80889 3.151849 11.118949 -1.749198 0 0.000003 0 0 0.000003 0 0 0.000003 0 0 0.000003 0 -0.016203 -0.184228 10.052568 -0.009124 -0.13848 7.539415 -0.004059 -0.092471 5.02627 -0.001015 -0.046279 2.513134 0 0.000003 0 89.954855 5.904756 89.755933 16.220046 0.222387 -2.636343 -15.403398 0.940246 -0.896921 8.361787 2.153623 -3.224638 81.449384 -65.322615 139.187771 35.404313 -60.279808 94.233811 0.89863 34.138333 0.303945 4.426414 3.40686 -21.579491 -7.909825 -3.447617 -0.326725 5.567135 -15.315433 -24.893183 19.640834 -2.943843 -2.854897 22.370456 -7.854524 0.939166 7.288953 0.470787 6.486197 -0.034264 0.000003 0 28.350637 -5.659991 9.454908 41.737469 7.01921 2.857138 17.760531 3.494833 4.464526 0 0.000003 0 26.744533 -3.338519 -20.523204 25.769535 -11.543618 -8.847715 3.73788 -3.458737 -4.497636 0 0.000003 0 8.409427 3.156363 -3.513681 29.902193 -5.927973 -10.00463 7.879151 -4.815267 -9.309702 -0.019782 0.000003 0 25.57308 44.865063 59.697001 20.727647 8.959667 26.757491 16.406251 -19.284606 -35.601965 -6.07677 7.97907 9.192813 0 0.000003 0 0 0.000003 0.000008 0.000002 0.000009 -36.189088 0.000003 0.000009 -72.37819 -0.00001 0.000016 -108.567291 -0.034938 0.076747 -48.135581 -0.020289 0.060778 -36.101672 -0.009289 0.042097 -24.067777 -0.002426 0.021538 -12.033886 0 -0.013986 0 -86.119676 -71.085261 99.925538 48.801514 -57.895481 3.307799 53.581188 0.329737 0.16633 2.396806 -5.044488 80.47751 -8.271742 -4.195749 -0.286232 -2.31197 -14.287039 -22.877688 25.165197 -7.995028 -6.317917 19.416333 -9.340568 -6.921113 7.336543 -1.104104 0.384119 0 0.000003 0 28.109552 -7.562205 -10.090566 41.374827 -7.866258 -6.530871 17.266979 -4.548678 -0.677941 0 0.000003 0 26.619669 -5.164338 -4.665579 30.42085 -6.236527 -2.737245 3.65882 -2.103703 -4.333288 0 0.000003 0 8.663221 2.329773 13.536879 35.723368 1.156736 -2.915354 8.118149 -1.994119 -2.363238 0 0.000003 0 25.57308 44.865063 59.697001 14.639267 -11.879978 23.373089 -37.3676 12.142228 -10.761796 -6.07677 7.97907 9.192813 0 0.000003 0 0 0.000003 0.000008 0 0.000003 -8.910614 0 0.000003 -17.821236 0.000002 0.000003 -26.731858 -0.001199 0.014974 -8.331828 -0.000696 0.011252 -6.248871 -0.000327 0.007509 -4.165913 -0.000095 0.003759 -2.082956 0 0.000003 0 18.844687 6.781192 0.652718 -0.013965 0.000802 3.73534 0 0.000003 0 -35.719362 2.531284 4.423405 -89.999999 -90 0 0 0.000003 0 0 0.000003 0 90.000009 -63.648278 -90.000009 -5.682401 0.000003 0 -28.319916 0.000003 0 -16.252152 0.000003 0 0 0.000003 0 89.999996 -84.450021 179.999995 0 0.000003 0 -90.000003 -84.450021 0 0 0.000003 0 0 0.000003 0
0 0 0 179.999991 0.000003 179.999991 0.080235 -0.027664000000000022 -1.426048 -176.572548 -3.12138 -179.280527 -82.302086 4.717758 -94.805935 47.843669 -2.808735 -13.607093 0 0.000003 0 21.046331 1.661624 18.193539 75.504886 -7.992029 9.334273 -0.15412 1.329519 -0.522786 -0.319665 9.839177 -0.458314 0 0.000003 0 0 0.000003 0 0 0.000003 0 0 0.000003 0 -0.000149 -0.017729 0.962398 -0.000084 -0.013296 0.721798 -0.000037 -0.008863 0.481199 0.013978 -0.004567 0.837196 0 0.000003 0 90.987197 18.035745 71.005055 14.480751 -1.464636 -8.52925 0 0.000003 0 14.49729 5.37543 14.746626 75.690319 -9.031782 11.401314 -0.421239 2.455134 -0.80889 3.563108 11.388175 -1.86221 0 0.000003 0 0 0.000003 0 0 0.000003 0 0 0.000003 0 -0.017612 -0.192008 10.48166 -0.009919 -0.14436 7.861232 -0.004413 -0.096406 5.240815 -0.001104 -0.048253 2.620406 0 0.000003 0 90.788111 5.546622 89.767913 16.296874 0.271919 -2.451376 -15.429363 0.968619 -0.72126 8.242583 1.808616 -3.099152 82.594828 -65.924749 137.316408 37.190763 -59.671436 93.198273 1.002766 36.814251 0.364393 4.430425 3.401642 -21.511937 -7.837647 -2.567213 -0.269697 5.567135 -15.315433 -24.893183 19.640885 -2.94385 -2.854958 22.370478 -7.854537 0.939156 7.288906 0.470807 6.486196 -0.034264 0.000003 0 28.350681 -5.659964 9.454891 41.617586 7.11316 2.842489 17.763919 3.431612 4.452669 0 0.000003 0 26.74456 -3.338505 -20.523228 25.769515 -11.543611 -8.847739 3.757376 -3.662789 -4.498848 0 0.000003 0 8.40945 3.156376 -3.513692 29.902199 -5.927953 -10.004634 7.879173 -4.815274 -9.309696 -0.019782 0.000003 0 25.57308 44.865063 59.697001 20.727546 8.959612 26.75749 16.406251 -19.284668 -35.601968 -6.07677 7.97907 9.192813 0 0.000003 0 0 0.000003 0.000008 0.000002 0.000009 -36.171056 0 0.000009 -72.342126 -0.00001 0.000016 -108.513182 -0.035978 0.077662 -48.90076 -0.020909 0.061611 -36.675555 -0.009578 0.042725 -24.450366 -0.002501 0.02188 -12.225181 0 -0.013986 0 -84.330242 -70.926903 98.179175 46.379768 -58.864514 9.566578 50.748671 0.317333 0.150356 2.296894 -5.090674 81.608617 -5.021818 -5.227264 -0.374185 -2.31197 -14.287039 -22.877688 25.165204 -7.995021 -6.317932 19.416303 -9.340568 -6.921114 7.336434 -1.104022 0.384137 0 0.000003 0 28.109558 -7.562226 -10.21101 41.365903 -7.946185 -6.554229 17.253222 -4.58341 -0.68395 0 0.000003 0 26.619682 -5.164345 -4.739428 30.417722 -6.274011 -2.74578 3.656105 -2.117247 -4.334992 0 0.000003 0 8.663205 2.329746 13.536858 35.723341 1.156763 -2.915357 8.117997 -1.99414 -2.363233 0 0.000003 0 25.57308 44.865063 59.697001 14.639226 -11.87993 23.373112 -37.3676 12.142207 -10.761783 -6.07677 7.97907 9.192813 0 0.000003 0 0 0.000003 0.000008 0 0.000003 -8.609911 0 0.000003 -17.219831 0.000002 0.000003 -25.82975 -0.00209 0.019947 -11.131535 -0.001204 0.015008 -8.348651 -0.00056 0.010029 -5.565767 -0.000158 0.005016 -2.782882 0 0.000003 0 18.386319 6.747232 0.729636 -0.013973 0.000651 3.121998 0 0.000003 0 -35.539872 2.138104 3.722738 -89.999999 -90 0 0 0.000003 0 0 0.000003 0 90.000009 -63.648278 -90.000009 -5.682401 0.000003 0 -28.319916 0.000003 0 -16.252152 0.000003 0 0 0.000003 0 89.999996 -84.450021 179.999995 0 0.000003 0 -90.000003 -84.450021 0 0 0.000003 0 0 0.000003 0
0 0 0 179.999991 0.000003 179.999991 0.084264 -0.028901999999999983 -1.464985 -175.778675 -3.636991 -179.762779 -80.037666 -0.758176 -95.435877 58.480558 -3.211942 -14.167105 0 0.000003 0 18.347947 3.850112 16.194208 75.504886 -7.992029 9.334273 -0.15412 1.329519 -0.522786 4.8035 10.196389 -0.744682 0 0.000003 0 0 0.000003 0 0 0.000003 0 0 0.000003 0 -0.000209 -0.021021 1.14128 -0.000118 -0.015768 0.85596 -0.000052 -0.010509 0.57064 0.013974 -0.005393 0.881916 0 0.000003 0 91.754405 16.897064 71.141577 18.564027 -1.835829 -8.646958 0 0.000003 0 8.616152 5.093425 14.510518 75.690319 -9.031782 11.401314 -0.421239 2.455134 -0.80889 3.969914 11.413071 -1.913437 0 0.000003 0 0 0.000003 0 0 0.000003 0 0 0.000003 0 -0.017762 -0.192814 10.526327 -0.010003 -0.144961 7.894732 -0.00445 -0.096815 5.263148 -0.001113 -0.048458 2.631572 0 0.000003 0 91.801458 4.993178 89.859704 16.42165 0.326349 -2.203006 -15.40255 1.034394 -0.481368 8.14163 2.155098 -2.950111 83.973624 -66.640297 135.776255 39.577873 -57.23699 91.789765 1.136579 39.996873 0.44752 4.415592 3.420889 -21.761232 -8.084208 -1.09918 -0.212468 5.567135 -15.315433 -24.893183 19.64086 -2.943816 -2.854958 22.370418 -7.854517 0.939182 7.288979 0.470794 6.486201 -0.034264 0.000003 0 28.350657 -5.65995 9.454863 41.617572 7.113153 2.842498 17.763919 3.431599 4.452669 0 0.000003 0 26.744557 -3.338492 -20.523238 25.769482 -11.543591 -8.847716 3.737871 -3.458703 -4.497639 0 0.000003 0 8.409437 3.156376 -3.513724 29.90224 -5.927926 -10.004631 7.879153 -4.815274 -9.309703 -0.019782 0.000003 0 25.57308 44.865063 59.697001 20.72756 8.959688 26.757483 16.406282 -19.28464 -35.601982 -6.07677 7.97907 9.192813 0 0.000003 0 0 0.000003 0.000008 0.000002 0.000009 -36.237616 0 0.000009 -72.47524 -0.000007 0.000016 -108.712863 -0.040693 0.081473 -52.259656 -0.02373 0.065169 -39.194726 -0.010892 0.045451 -26.129811 -0.002843 0.023348 -13.064904 0 -0.013986 0 -83.938947 -70.255405 98.534829 45.238877 -59.59475 14.038935 48.57384 0.307259 0.138504 2.21029 -5.128787 82.580942 -2.022819 -5.245726 -0.491091 -2.31197 -14.287039 -22.877688 25.165248 -7.994993 -6.555131 19.399342 -9.423808 -6.934476 7.312221 -1.137818 0.38043 0 0.000003 0 28.109582 -7.562185 -9.864368 41.390991 -7.716103 -6.486863 17.292656 -4.483306 -0.666636 0 0.000003 0 26.619713 -5.16431 -4.665586 30.420778 -6.236479 -2.737225 3.658749 -2.103689 -4.333264 0 0.000003 0 8.663225 2.32976 13.536854 35.723231 1.156818 -2.915343 8.117989 -1.994126 -2.363219 0 0.000003 0 25.57308 44.865063 59.697001 14.639203 -11.879978 23.373092 -37.3676 12.142255 -10.761783 -6.07677 7.97907 9.192813 0 0.000003 0 0 0.000003 0.000008 0 0.000003 -8.351455 0 0.000003 -16.702919 0.000002 0.000003 -25.05438 -0.002921 0.023669 -13.24485 -0.001678 0.017822 -9.933638 -0.000776 0.011921 -6.622424 -0.000216 0.005972 -3.311211 0 0.000003 0 17.814107 6.180921 0.617358 -0.013977 0.000569 2.751138 0 0.000003 0 -36.140515 1.796964 3.357356 -89.999999 -90 0 0 0.000003 0 0 0.000003 0 90.000009 -63.648278 -90.000009 -5.682401 0.000003 0 -28.319916 0.000003 0 -16.252152 0.000003 0 0 0.000003 0 89.999996 -84.450021 179.999995 0 0.000003 0 -90.000003 -84.450021 0 0 0.000003 0 0 0.000003 0
0 0 0 179.999991 0.000003 179.999991 0.08785 -0.030003000000000002 -1.500893 -175.210881 -3.879845 -180.199952 -78.357146 -6.166764 -96.61696 65.784475 -3.425556 -14.59038 0 0.000003 0 16.831661 4.969983 17.890156 75.504886 -7.992029 9.334273 -0.15412 1.329519 -0.522786 5.459293 10.513235 -0.822426 0 0.000003 0 0 0.000003 0 0 0.000003 0 0 0.000003 0 -0.000412 -0.029477 1.600488 -0.000232 -0.022107 1.200366 -0.000103 -0.014737 0.800244 0.013961 -0.007545 0.996718 0 0.000003 0 92.594272 15.249035 71.777795 21.029014 -2.055468 -8.730691 0 0.000003 0 4.523502 5.17857 14.198402 75.690319 -9.031782 11.401314 -0.421239 2.455134 -0.80889 4.470677 11.430932 -1.948858 0 0.000003 0 0 0.000003 0 0 0.000003 0 0 0.000003 0 -0.01666 -0.18679 10.193436 -0.009382 -0.140413 7.645065 -0.004173 -0.093756 5.096704 -0.001044 -0.046921 2.54835 0 0.000003 0 92.453243 4.533745 89.970223 16.565121 0.331478 -1.862879 -15.303093 1.090162 -0.216431 8.192062 2.12232 -2.735744 83.64264 -67.124073 136.000613 42.253288 -53.756137 90.186405 1.247257 42.424295 0.520437 4.395433 3.446776 -22.097819 -8.880108 0.443323 -0.230512 5.567135 -15.315433 -24.893183 19.640871 -2.943823 -2.854982 22.370393 -7.854496 0.939188 7.289028 0.470773 6.48621 -0.034264 0.000003 0 28.350643 -5.659964 9.454846 41.617572 7.113173 2.842525 17.763912 3.431599 4.452679 0 0.000003 0 26.744565 -3.338505 -20.523253 25.76947 -11.54357 -8.847702 3.737935 -3.458723 -4.49765 0 0.000003 0 8.409437 3.156349 -3.513729 29.902179 -5.927898 -10.004614 7.879197 -4.815267 -9.309698 -0.019782 0.000003 0 25.57308 44.865063 59.697001 20.727604 8.959722 26.757486 16.406241 -19.284716 -35.601955 -6.07677 7.97907 9.192813 0 0.000003 0 0 0.000003 0.000008 0 0.000009 -36.327474 0.000003 0.000009 -72.654963 -0.000007 0.000016 -108.982444 -0.046888 0.085844 -56.464341 -0.027474 0.069452 -42.348238 -0.012648 0.048818 -28.23215 -0.003302 0.025192 -14.116072 0 -0.013986 0 -85.679075 -69.097949 101.060278 42.526759 -60.280249 18.165332 46.458202 0.297054 0.127352 2.219928 -5.124627 82.473107 -1.019464 -4.606086 -0.467117 -2.31197 -14.287039 -22.877688 25.165275 -7.994993 -6.317984 19.416329 -9.340575 -6.921119 7.33659 -1.104118 0.384142 0 0.000003 0 28.109594 -7.562185 -10.090619 41.374749 -7.866244 -6.530839 17.267034 -4.548685 -0.677959 0 0.000003 0 26.61973 -5.164304 -4.665592 30.420836 -6.236445 -2.737212 3.658873 -2.103716 -4.333276 0 0.000003 0 8.663215 2.329766 13.536864 35.723358 1.156811 -2.915359 8.118178 -1.994085 -2.363219 0 0.000003 0 25.57308 44.865063 59.697001 14.639209 -11.879937 23.373092 -37.367627 12.142248 -10.761783 -6.07677 7.97907 9.192813 0 0.000003 0 0 0.000003 0.000008 0 0.000003 -8.380118 0 0.000003 -16.760244 0.000002 0.000003 -25.140369 -0.003546 0.026107 -14.641877 -0.002035 0.01968 -10.981407 -0.000938 0.013171 -7.320937 -0.000259 0.0066 -3.660467 0 0.000003 0 17.292666 5.482138 0.480607 -0.013977 0.000556 2.703332 0 0.000003 0 -36.958423 2.123959 3.130334 -89.999999 -90 0 0 0.000003 0 0 0.000003 0 90.000009 -63.648278 -90.000009 -5.682401 0.000003 0 -28.319916 0.000003 0 -16.252152 0.000003 0 0 0.000003 0 89.999996 -84.450021 179.999995 0 0.000003 0 -90.000003 -84.450021 0 0 0.000003 0 0 0.000003 0
0 0 0 179.999991 0.000003 179.999991 0.09082 -0.029510000000000036 -1.535892 -174.999378 -4.123786 -180.594914 -77.378011 -11.314131 -97.88325 68.961989 -3.501351 -14.782319 0 0.000003 0 10.645943 7.484899 18.835387 75.504886 -7.992029 9.334273 -0.15412 1.329519 -0.522786 5.416877 10.198363 -0.813031 0 0.000003 0 0 0.000003 0 0 0.000003 0 0 0.000003 0 -0.00068 -0.037891 2.057343 -0.000383 -0.028418 1.543007 -0.00017 -0.018944 1.028671 0.013944 -0.009669 1.11093 0 0.000003 0 93.226147 12.743571 72.557899 21.475353 -2.094823 -8.746851 0 0.000003 0 1.406476 5.320337 13.164607 75.690319 -9.031782 11.401314 -0.421239 2.455134 -0.80889 4.715471 11.352357 -1.977026 0 0.000003 0 0 0.000003 0 0 0.000003 0 0 0.000003 0 -0.015123 -0.178026 9.710728 -0.008515 -0.133801 7.283036 -0.003788 -0.089336 4.855353 -0.000947 -0.044708 2.427675 0 0.000003 0 92.786515 4.248592 90.241573 16.706872 0.300005 -1.67322 -15.178238 1.066557 0.054885 8.284389 2.206386 -2.495681 82.881825 -67.566717 136.895723 45.26796 -49.91222 87.267845 1.313574 43.793051 0.565758 4.387527 3.456836 -22.229103 -10.300827 1.482625 -0.366802 5.567135 -15.315433 -24.893183 19.640858 -2.943789 -2.85497 22.370458 -7.854496 0.939185 7.288971 0.47078 6.486218 -0.034264 0.000003 0 28.350614 -5.659929 9.454862 41.617579 7.11318 2.842542 17.763994 3.431612 4.452686 0 0.000003 0 26.744555 -3.338464 -20.523233 25.76945 -11.54357 -8.847678 3.737932 -3.458723 -4.497655 0 0.000003 0 8.409409 3.156383 -3.513724 29.902193 -5.927878 -10.004596 7.879133 -4.81526 -9.309687 -0.019782 0.000003 0 25.57308 44.865063 59.697001 20.727546 8.959688 26.757483 16.406237 -19.284702 -35.601972 -6.07677 7.97907 9.192813 0 0.000003 0 0 0.000003 0.000008 0.000002 0.000009 -36.362527 0 0.000009 -72.725061 -0.000007 0.000016 -109.087588 -0.051045 0.088426 -59.175243 -0.030012 0.072102 -44.381415 -0.013843 0.050949 -29.587601 -0.003615 0.026374 -14.793797 0 -0.013986 0 -86.700393 -67.911559 102.946763 39.166285 -62.096229 21.007811 43.887585 0.284111 0.114305 2.23951 -5.116117 82.253748 -1.690407 -4.2778 -0.391329 -2.31197 -14.287039 -22.877688 25.165277 -7.994973 -6.317998 19.416262 -9.340561 -6.921111 7.336592 -1.104091 0.384144 0 0.000003 0 28.109604 -7.562164 -10.090643 41.374779 -7.866238 -6.530842 17.266944 -4.548692 -0.677969 0 0.000003 0 26.619698 -5.16431 -4.665605 30.420775 -6.236425 -2.737213 3.658787 -2.103696 -4.333283 0 0.000003 0 8.663244 2.329794 13.536854 35.723235 1.156818 -2.915377 8.118118 -1.994078 -2.363217 0 0.000003 0 25.57308 44.865063 59.697001 14.639189 -11.879944 23.373116 -37.3676 12.142242 -10.761796 -6.07677 7.97907 9.192813 0 0.000003 0 0 0.000003 0.000008 0 0.000003 -8.438423 0 0.000003 -16.876854 0.000002 -0.000004 -25.315287 -0.003553 0.026128 -14.654688 -0.002038 0.019694 -10.991016 -0.00094 0.013178 -7.327343 -0.000259 0.006607 -3.663671 0 0.000003 0 17.007077 5.405653 0.577059 -0.013979 0.000501 2.460246 0 0.000003 0 -37.417183 1.742712 2.969242 -89.999999 -90 0 0 0.000003 0 0 0.000003 0 90.000009 -63.648278 -90.000009 -5.682401 0.000003 0 -28.319916 0.000003 0 -16.252152 0.000003 0 0 0.000003 0 89.999996 -84.450021 179.999995 0 0.000003 0 -90.000003 -84.450021 0 0 0.000003 0 0 0.000003 0
0 0 0 179.999991 0.000003 179.999991 0.092598 -0.02729999999999999 -1.571968 -175.205581 -4.566402 -180.954497 -77.273291 -15.87973 -99.014274 67.987799 -3.479228 -14.723048 0 0.000003 0 6.833179 7.013459 14.584409 75.504886 -7.992029 9.334273 -0.15412 1.329519 -0.522786 5.570117 10.233846 -0.779242 0 0.000003 0 0 0.000003 0 0 0.000003 0 0 0.000003 0 -0.00098 -0.04548 2.469788 -0.000551 -0.034114 1.85234 -0.000245 -0.022742 1.234894 0.013925 -0.011595 1.214041 0 0.000003 0 93.636948 9.213518 73.386421 20.108977 -1.973909 -8.698336 0 0.000003 0 -0.822648 5.478675 11.801668 75.690319 -9.031782 11.401314 -0.421239 2.455134 -0.80889 5.303359 11.4115 -1.999087 0 0.000003 0 0 0.000003 0 0 0.000003 0 0 0.000003 0 -0.01336 -0.167399 9.126008 -0.007522 -0.125782 6.844498 -0.003345 -0.083961 4.562994 -0.000837 -0.042017 2.281496 0 0.000003 0 92.836047 3.991831 90.418802 16.820359 0.209389 -1.440819 -15.123164 0.932187 0.300491 8.279537 1.911322 -2.24989 82.933216 -68.145888 136.655737 48.175568 -47.457559 83.366516 1.354877 44.616813 0.594545 4.372142 3.476289 -22.483528 -11.979286 2.046355 -0.578969 5.567135 -15.315433 -24.893183 19.640882 -2.943802 -2.854985 22.370405 -7.854476 0.939201 7.288958 0.470807 6.486224 -0.034264 0.000003 0 28.35066 -5.659916 9.454857 41.617548 7.113187 2.84254 17.763968 3.431612 4.452693 0 0.000003 0 26.744605 -3.338464 -20.523255 25.769477 -11.543557 -8.847662 3.737997 -3.458737 -4.497658 0 0.000003 0 8.409462 3.156376 -3.513736 29.902104 -5.927871 -10.004569 7.879156 -4.815233 -9.309683 -0.019782 0.000003 0 25.57308 44.865063 59.697001 20.727529 8.959694 26.757466 16.406242 -19.284681 -35.601951 -6.07677 7.97907 9.192813 0 0.000003 0 0 0.000003 0.000008 0 0.000009 -36.430443 0 0.000009 -72.8609 -0.000007 0.000009 -109.291353 -0.050226 0.087934 -58.647665 -0.029512 0.07159 -43.985735 -0.013613 0.050546 -29.323816 -0.003553 0.026148 -14.661904 0 -0.013986 0 -86.403587 -66.926441 103.090203 34.552978 -64.209351 24.709652 40.810739 0.267883 0.099495 2.246429 -5.113098 82.176082 -2.485441 -4.771656 -0.412216 -2.31197 -14.287039 -22.877688 25.165286 -7.994993 -6.318016 19.416317 -9.340602 -6.921108 7.336599 -1.104104 0.384141 0 0.000003 0 28.109599 -7.562171 -10.090641 41.3748 -7.866265 -6.530853 17.266985 -4.548733 -0.677983 0 0.000003 0 26.61972 -5.164317 -4.665607 30.420768 -6.236397 -2.737207 3.658777 -2.103723 -4.333291 0 0.000003 0 8.663243 2.329794 13.536854 35.72332 1.156791 -2.915381 8.118035 -1.994099 -2.363232 0 0.000003 0 25.57308 44.865063 59.697001 14.639185 -11.87993 23.37316 -37.367654 12.142221 -10.761796 -6.07677 7.97907 9.192813 0 0.000003 0 0 0.000003 0.000008 0 0.000003 -8.459067 0 0.000003 -16.918143 0.000002 0.000003 -25.37722 -0.003442 0.025718 -14.418683 -0.001976 0.019393 -10.814011 -0.000911 0.012966 -7.20934 -0.000251 0.006498 -3.604669 0 0.000003 0 17.010009 4.951862 0.564037 -0.013981 0.00046 2.307455 0 0.000003 0 -37.211984 2.019225 2.601797 -89.999999 -90 0 0 0.000003 0 0 0.000003 0 90.000009 -63.648278 -90.000009 -5.682401 0.000003 0 -28.319916 0.000003 0 -16.252152 0.000003 0 0 0.000003 0 89.999996 -84.450021 179.999995 0 0.000003 0 -90.000003 -84.450021 0 0 0.000003 0 0 0.000003 0
0 0 0 179.999991 0.000003 179.999991 0.09312 -0.02408699999999997 -1.610213 -175.825762 -5.151859 -181.122191 -78.047991 -19.7789 -100.085214 63.239875 -3.357295 -14.439877 0 0.000003 0 5.837496 5.916558 11.917628 75.504886 -7.992029 9.334273 -0.15412 1.329519 -0.522786 5.812097 10.29221 -0.504797 0 0.000003 0 0 0.000003 0 0 0.000003 0 0 0.000003 0 -0.001434 -0.055008 2.987648 -0.000807 -0.041265 2.240736 -0.000359 -0.027509 1.493824 0.013896 -0.014006 1.343506 0 0.000003 0 93.660226 4.895213 74.293088 16.996543 -1.694363 -8.59864 0 0.000003 0 -2.240498 5.563936 10.228262 75.690319 -9.031782 11.401314 -0.421239 2.455134 -0.80889 5.490943 11.267445 -2.00074 0 0.000003 0 0 0.000003 0 0 0.000003 0 0 0.000003 0 -0.01129 -0.153957 8.387761 -0.006355 -0.115653 6.290814 -0.002826 -0.077185 4.193873 -0.000707 -0.038622 2.096936 0 0.000003 0 92.703972 3.788927 90.571997 16.886693 0.107045 -1.198491 -15.136071 0.688048 0.552139 8.185531 1.472243 -1.988659 83.592028 -68.817405 135.53698 50.335988 -45.720485 79.47923 1.394188 45.37771 0.622332 4.325379 3.534345 -23.248369 -13.279916 2.68077 -0.776433 5.567135 -15.315433 -24.893183 19.557465 -3.040053 -2.888099 22.357747 -7.951041 0.92214 7.270665 0.432299 6.481845 -0.034264 0.000003 0 28.336631 -5.797066 9.407866 41.641922 6.944864 2.781251 17.768126 3.34952 4.437271 0 0.000003 0 26.738712 -3.469809 -20.561192 25.72669 -11.653236 -8.870356 3.712896 -3.50273 -4.50299 0 0.000003 0 8.429166 3.097507 -3.512675 29.882938 -6.050165 -10.040154 7.863486 -4.871357 -9.317191 -0.019782 0.000003 0 25.57308 44.865063 59.697001 20.727502 8.959729 26.757486 16.406287 -19.284675 -35.601958 -6.07677 7.97907 9.192813 0 0.000003 0 0 0.000003 0.000008 0.000002 0.000003 -36.634608 0 0.000009 -73.269229 -0.00001 0.000016 -109.90385 -0.047717 0.086384 -57.010141 -0.02798 0.069998 -42.757589 -0.012885 0.049248 -28.50505 -0.003365 0.025438 -14.252522 0 -0.013986 0 -85.74183 -66.224182 102.897121 29.244852 -65.549699 29.467345 37.972823 0.252207 0.086617 2.256315 -5.108754 82.065133 -2.121529 -5.861707 -0.566605 -2.31197 -14.287039 -22.877688 25.165289 -7.995021 -6.31805 19.416276 -9.340595 -6.921099 7.336585 -1.104091 0.384146 0 0.000003 0 28.109599 -7.562205 -10.090678 41.374889 -7.866258 -6.530858 17.266909 -4.548705 -0.677983 0 0.000003 0 26.619696 -5.164345 -4.665616 30.420843 -6.236397 -2.737216 3.658733 -2.103682 -4.333288 0 0.000003 0 8.663243 2.329773 13.536846 35.723331 1.156804 -2.915384 8.118124 -1.994099 -2.363236 0 0.000003 0 25.57308 44.865063 59.697001 14.63922 -11.879937 23.373126 -37.367654 12.142242 -10.761824 -6.07677 7.97907 9.192813 0 0.000003 0 0 0.000003 0.000008 0 0.000003 -8.48856 0 0.000003 -16.977128 0.000002 0.000003 -25.465696 -0.003505 0.02595 -14.553443 -0.002011 0.019564 -10.915082 -0.000927 0.013089 -7.27672 -0.000256 0.006559 -3.638359 0 0.000003 0 17.001041 4.683955 0.491342 -0.013984 0.000351 1.864499 0 0.000003 0 -36.492294 2.141294 1.890397 -89.999999 -90 0 0 0.000003 0 0 0.000003 0 90.000009 -63.648278 -90.000009 -5.682401 0.000003 0 -28.319916 0.000003 0 -16.252152 0.000003 0 0 0.000003 0 89.999996 -84.450021 179.999995 0 0.000003 0 -90.000003 -84.450021 0 0 0.000003 0 0 0.000003 0
0 0 0 179.999991 0.000003 179.999991 0.092258 -0.021778999999999993 -1.648507 -176.693333 -5.738388 -180.966955 -79.500007 -22.929837 -101.02666 55.077836 -3.094367 -13.979966 0 0.000003 0 6.237422 4.79388 10.231313 75.504886 -7.992029 9.334273 -0.15412 1.329519 -0.522786 5.87112 10.268618 -0.74109 0 0.000003 0 0 0.000003 0 0 0.000003 0 0 0.000003 0 -0.002076 -0.066168 3.59409 -0.001168 -0.049632 2.695567 -0.000519 -0.033097 1.797044 0.013855 -0.016834 1.495115 0 0.000003 0 93.414626 0.383716 75.220286 12.837897 -1.31306 -8.489401 0 0.000003 0 -3.105532 5.505504 8.697332 75.690319 -9.031782 11.401314 -0.421239 2.455134 -0.80889 5.691477 11.237119 -2.011177 0 0.000003 0 0 0.000003 0 0 0.000003 0 0 0.000003 0 -0.009194 -0.138999 7.567974 -0.005175 -0.104383 5.675976 -0.002301 -0.069652 3.783982 -0.000575 -0.034852 1.89199 0 0.000003 0 92.518846 3.751354 90.6721 16.917593 0.010787 -0.912178 -15.171298 0.385362 0.84153 8.086725 0.898972 -1.6861 84.551137 -69.646998 134.07603 51.474611 -44.162078 76.337404 1.457228 46.558568 0.667671 4.307103 3.556612 -23.543915 -14.156217 3.30063 -0.944911 5.567135 -15.315433 -24.893183 19.640899 -2.943768 -2.854987 22.37043 -7.854449 0.939215 7.289017 0.470794 6.486221 -0.034264 0.000003 0 28.350655 -5.659888 9.454865 41.617531 7.113248 2.842576 17.764023 3.43164 4.452697 0 0.000003 0 26.744584 -3.338437 -20.523248 25.769397 -11.543502 -8.847614 3.737938 -3.458669 -4.497661 0 0.000003 0 8.409452 3.15639 -3.513739 29.902145 -5.927803 -10.004547 7.879139 -4.815226 -9.309674 -0.019782 0.000003 0 25.57308 44.865063 59.697001 20.727505 8.959701 26.757469 16.406289 -19.284688 -35.601999 -6.07677 7.97907 9.192813 0 0.000003 0 0 0.000003 0.000008 0.000002 0.000009 -36.713496 0 0.000009 -73.426999 -0.000007 0.000016 -110.140502 -0.045718 0.085079 -55.688175 -0.026764 0.068673 -41.766115 -0.012315 0.04821 -27.844069 -0.003215 0.024858 -13.922031 0 -0.013986 0 -85.867916 -65.6543 103.548475 23.638991 -65.558694 35.128872 35.830995 0.239968 0.077446 2.278053 -5.099103 81.820783 -0.411 -7.246698 -0.893734 -2.31197 -14.287039 -22.877688 25.165272 -7.995 -6.318085 19.416264 -9.340589 -6.921099 7.336541 -1.10405 0.384144 0 0.000003 0 28.109606 -7.562164 -10.090713 41.374779 -7.866265 -6.530848 17.266998 -4.548726 -0.677992 0 0.000003 0 26.619648 -5.164331 -4.66565 30.420788 -6.23637 -2.73721 3.658744 -2.103696 -4.333285 0 0.000003 0 8.663218 2.329773 13.536809 35.723255 1.156811 -2.915386 8.118093 -1.994119 -2.363248 0 0.000003 0 25.57308 44.865063 59.697001 14.639151 -11.879868 23.373146 -37.36763 12.142228 -10.761804 -6.07677 7.97907 9.192813 0 0.000003 0 0 0.000003 0.000008 0 0.000003 -8.553513 0 0.000003 -17.107035 0.000002 0.000003 -25.660555 -0.003942 0.027535 -15.46405 -0.002261 0.020773 -11.598037 -0.00104 0.013902 -7.732023 -0.000286 0.006969 -3.866011 0 0.000003 0 16.711504 4.213854 0.407551 -0.013987 0.000194 1.217667 0 0.000003 0 -35.586088 2.014799 1.017965 -89.999999 -90 0 0 0.000003 0 0 0.000003 0 90.000009 -63.648278 -90.000009 -5.682401 0.000003 0 -28.319916 0.000003 0 -16.252152 0.000003 0 0 0.000003 0 89.999996 -84.450021 179.999995 0 0.000003 0 -90.000003 -84.450021 0 0 0.000003 0 0 0.000003 0
0 0 0 179.999991 0.000003 179.999991 0.089779 -0.022352999999999956 -1.686049 -177.347856 -6.249088 -180.502038 -81.080779 -25.06826 -101.504452 44.163826 -2.645876 -13.432004 0 0.000003 0 7.496676 3.892398 8.928918 75.504886 -7.992029 9.334273 -0.15412 1.329519 -0.522786 5.924333 10.238388 -0.732407 0 0.000003 0 0 0.000003 0 0 0.000003 0 0 0.000003 0 -0.002579 -0.073736 4.006265 -0.001451 -0.055322 3.004697 -0.000645 -0.036887 2.003131 0.013823 -0.018767 1.598158 0 0.000003 0 93.315069 -3.781224 75.921664 8.531893 -0.910851 -8.405757 0 0.000003 0 -3.866831 5.299068 7.404528 75.690319 -9.031782 11.401314 -0.421239 2.455134 -0.80889 5.707433 11.542121 -2.069643 0 0.000003 0 0 0.000003 0 0 0.000003 0 0 0.000003 0 -0.007646 -0.126807 6.900678 -0.004303 -0.09521 5.175504 -0.001913 -0.063525 3.450334 -0.000478 -0.031772 1.725167 0 0.000003 0 92.54153 3.868417 90.655605 16.922152 -0.067104 -0.572198 -15.221531 0.120897 1.180275 7.978884 0.675358 -1.360473 86.088285 -70.561808 132.051179 51.218827 -42.334972 74.85513 1.562827 48.424657 0.745508 4.291768 3.575108 -23.790464 -14.738358 3.900095 -1.081262 5.567135 -15.315433 -24.893183 19.640948 -2.943754 -2.855024 22.370468 -7.854435 0.939213 7.288973 0.470814 6.486221 -0.034264 0.000003 0 28.35065 -5.659854 9.454857 41.617562 7.113255 2.842588 17.763932 3.431619 4.452701 0 0.000003 0 26.744608 -3.338396 -20.523269 25.769457 -11.543529 -8.847613 3.737902 -3.458648 -4.497661 0 0.000003 0 8.409448 3.156411 -3.51377 29.902124 -5.927796 -10.004532 7.879048 -4.815206 -9.309662 -0.019782 0.000003 0 25.57308 44.865063 59.697001 20.727464 8.959729 26.757469 16.40633 -19.284681 -35.60202 -6.07677 7.97907 9.192813 0 0.000003 0 0 0.000003 0.000008 0.000002 0.000009 -36.779298 0.000003 0.000009 -73.55861 -0.00001 0.000016 -110.337908 -0.046087 0.085318 -55.934895 -0.026991 0.068926 -41.951152 -0.01242 0.048401 -27.967429 -0.003243 0.02496 -13.983711 0 -0.013986 0 -86.76907 -65.089089 104.921241 18.822751 -64.939708 40.660417 34.043937 0.229504 0.070131 2.27126 -5.102128 81.89711 1.93766 -8.635126 -1.38463 -2.31197 -14.287039 -22.877688 25.165286 -7.995 -6.318109 19.416204 -9.340582 -6.921081 7.336523 -1.104043 0.38416 0 0.000003 0 28.109613 -7.562164 -10.090734 41.37482 -7.866272 -6.530849 17.266974 -4.548767 -0.677986 0 0.000003 0 26.61965 -5.164317 -4.665646 30.420826 -6.236391 -2.737222 3.658815 -2.103696 -4.333288 0 0.000003 0 8.663218 2.329787 13.536809 35.723331 1.156838 -2.915384 8.118054 -1.994126 -2.363253 0 0.000003 0 25.57308 44.865063 59.697001 14.639167 -11.879855 23.373158 -37.367641 12.142187 -10.76183 -6.07677 7.97907 9.192813 0 0.000003 0 0 0.000003 0.000008 0 0.000003 -8.533223 0 0.000003 -17.066454 0.000002 0.000003 -25.599684 -0.004648 0.029912 -16.835364 -0.002663 0.022583 -12.626522 -0.001223 0.015131 -8.417681 -0.000334 0.007591 -4.208839 0 0.000003 0 16.158735 3.417734 0.357734 -0.013988 0.000023 0.501132 0 0.000003 0 -34.861405 1.807503 0.093119 -89.999999 -90 0 0 0.000003 0 0 0.000003 0 90.000009 -63.648278 -90.000009 -5.682401 0.000003 0 -28.319916 0.000003 0 -16.252152 0.000003 0 0 0.000003 0 89.999996 -84.450021 179.999995 0 0.000003 0 -90.000003 -84.450021 0 0 0.000003 0 0 0.000003 0
0 0 0 179.999991 0.000003 179.999991 0.085986 -0.02606799999999998 -1.723094 -177.474174 -6.572675 -179.929517 -82.316709 -25.819977 -101.370697 30.86904 -1.971805 -12.894188 0 0.000003 0 9.185782 3.189339 7.917664 75.504886 -7.992029 9.334273 -0.15412 1.329519 -0.522786 6.236425 10.279546 -0.743865 0 0.000003 0 0 0.000003 0 0 0.000003 0 0 0.000003 0 -0.002654 -0.074802 4.064142 -0.001493 -0.056121 3.048106 -0.000664 -0.037427 2.03207 0.013819 -0.019033 1.612628 0 0.000003 0 93.606308 -7.089126 76.315124 5.600913 -0.633935 -8.366196 0 0.000003 0 -4.809202 5.152055 6.457573 75.690319 -9.031782 11.401314 -0.421239 2.455134 -0.80889 5.618504 11.32947 -2.068127 0 0.000003 0 0 0.000003 0 0 0.000003 0 0 0.000003 0 -0.006709 -0.118815 6.463709 -0.003776 -0.089193 4.847779 -0.001679 -0.059502 3.231851 -0.00042 -0.029763 1.615925 0 0.000003 0 92.869911 4.047969 90.616413 16.900142 -0.115885 -0.230311 -15.285909 -0.035644 1.514659 7.887881 0.025971 -1.033296 88.222255 -71.400693 129.402814 50.642458 -40.886681 74.617337 1.710663 50.826493 0.858141 4.320022 3.540896 -23.335201 -15.282787 4.235621 -1.219499 5.567135 -15.315433 -24.893183 19.640921 -2.943754 -2.855031 22.370461 -7.854442 0.939226 7.289018 0.470787 6.486223 -0.034264 0.000003 0 28.350647 -5.659854 9.454832 41.617517 7.113242 2.842592 17.764045 3.431619 4.452713 0 0.000003 0 26.744606 -3.338389 -20.523288 25.769488 -11.543564 -8.847606 3.737963 -3.458669 -4.497665 0 0.000003 0 8.409454 3.156411 -3.513807 29.902063 -5.927844 -10.004522 7.879029 -4.815185 -9.30966 -0.019782 0.000003 0 25.57308 44.865063 59.697001 20.727467 8.959742 26.757486 16.406278 -19.284654 -35.601979 -6.07677 7.97907 9.192813 0 0.000003 0 0 0.000003 0.000008 0.000002 0.000009 -36.657782 0 0.000009 -73.315585 -0.000007 0.000016 -109.973381 -0.047501 0.086247 -56.870054 -0.027848 0.069862 -42.652523 -0.012825 0.049132 -28.435006 -0.003348 0.02537 -14.2175 0 -0.013986 0 -87.654106 -64.42142 106.270387 15.145601 -63.614247 44.898098 32.416679 0.219743 0.063758 2.191992 -5.136607 82.785513 4.031086 -9.745817 -1.891921 -2.31197 -14.287039 -22.877688 25.165286 -7.995034 -6.318085 19.416232 -9.340568 -6.921068 7.336555 -1.104036 0.38416 0 0.000003 0 28.109628 -7.562171 -10.090725 41.374841 -7.866238 -6.530831 17.266981 -4.548753 -0.677981 0 0.000003 0 26.619686 -5.16431 -4.665647 30.420819 -6.23637 -2.737209 3.65882 -2.103675 -4.333291 0 0.000003 0 8.663233 2.329794 13.536822 35.723303 1.156859 -2.915379 8.118065 -1.994105 -2.363253 0 0.000003 0 25.57308 44.865063 59.697001 14.639163 -11.879868 23.373162 -37.367675 12.142228 -10.761854 -6.07677 7.97907 9.192813 0 0.000003 0 0 0.000003 0.000008 0 0.000003 -8.297082 0 0.000003 -16.594172 0.000002 0.000003 -24.891262 -0.005502 0.032535 -18.366958 -0.003151 0.024598 -13.775217 -0.001445 0.016497 -9.183477 -0.000392 0.008274 -4.591737 0 0.000003 0 15.58578 2.403806 0.377935 -0.013988 -0.000127 -0.101791 0 0.000003 0 -34.483136 1.612501 -0.673528 -89.999999 -90 0 0 0.000003 0 0 0.000003 0 90.000009 -63.648278 -90.000009 -5.682401 0.000003 0 -28.319916 0.000003 0 -16.252152 0.000003 0 0 0.000003 0 89.999996 -84.450021 179.999995 0 0.000003 0 -90.000003 -84.450021 0 0 0.000003 0 0 0.000003 0
0 0 0 179.999991 0.000003 179.999991 0.080676 -0.03143399999999996 -1.761554 -177.334742 -6.648982 -179.358964 -83.279431 -25.500331 -100.336777 16.795625 -1.143358 -12.509923 0 0.000003 0 11.196796 2.862207 7.806191 75.504886 -7.992029 9.334273 -0.15412 1.329519 -0.522786 6.362641 10.282791 -0.699068 0 0.000003 0 0 0.000003 0 0 0.000003 0 0 0.000003 0 -0.001996 -0.064877 3.524098 -0.001123 -0.048669 2.643073 -0.000499 -0.032455 1.762048 0.01386 -0.016513 1.477617 0 0.000003 0 93.942613 -9.726884 76.40863 4.12952 -0.494271 -8.351675 0 0.000003 0 -5.824423 5.523474 5.785633 75.690319 -9.031782 11.401314 -0.421239 2.455134 -0.80889 5.807099 11.5123 -1.904462 0 0.000003 0 0 0.000003 0 0 0.000003 0 0 0.000003 0 -0.006294 -0.115093 6.260311 -0.003542 -0.086399 4.69523 -0.001575 -0.057631 3.130152 -0.000394 -0.028828 1.565076 0 0.000003 0 93.231918 4.273126 90.599604 16.851475 -0.126725 0.061052 -15.354081 -0.106972 1.804007 7.804201 -0.083742 -0.776681 90.60487 -72.203838 126.46556 49.265639 -39.416712 75.164606 1.89042 53.448111 1.000095 4.396128 3.445881 -22.086233 -15.96584 4.299661 -1.392251 5.567135 -15.315433 -24.893183 19.640965 -2.943748 -2.855034 22.370386 -7.854421 0.939246 7.288927 0.470848 6.486236 -0.034264 0.000003 0 28.350667 -5.659841 9.454851 41.617558 7.113276 2.842602 17.763737 3.431612 4.452727 0 0.000003 0 26.74462 -3.338389 -20.523281 25.769491 -11.543543 -8.84758 3.737811 -3.458566 -4.497655 0 0.000003 0 8.409503 3.156417 -3.5138 29.902059 -5.927803 -10.004506 7.879058 -4.815185 -9.309651 -0.019782 0.000003 0 25.57308 44.865063 59.697001 20.727459 8.959735 26.757491 16.406282 -19.284647 -35.601965 -6.07677 7.97907 9.192813 0 0.000003 0 0 0.000003 0.000008 0 0.000009 -36.32438 0 0.000009 -72.648774 -0.000007 0.000016 -108.973168 -0.049997 0.087798 -58.498473 -0.029373 0.071453 -43.87384 -0.013543 0.050423 -29.24922 -0.003535 0.02608 -14.624603 0 -0.013986 0 -88.447302 -63.596977 107.471524 11.778294 -62.767454 48.264541 31.153125 0.212046 0.059003 2.107725 -5.17168 83.723503 5.555666 -10.412915 -2.276994 -2.31197 -14.287039 -22.877688 25.165301 -7.995021 -6.318193 19.416191 -9.340602 -6.921049 7.336557 -1.104036 0.384167 0 0.000003 0 28.109633 -7.562164 -10.090755 41.374738 -7.866244 -6.53081 17.266959 -4.548733 -0.677985 0 0.000003 0 26.619708 -5.164297 -4.66567 30.420792 -6.236363 -2.737201 3.658736 -2.103675 -4.333282 0 0.000003 0 8.663256 2.329787 13.536819 35.723262 1.156852 -2.915383 8.118021 -1.994112 -2.363254 0 0.000003 0 25.57308 44.865063 59.697001 14.639156 -11.879848 23.373152 -37.367678 12.142242 -10.761861 -6.07677 7.97907 9.192813 0 0.000003 0 0 0.000003 0.000008 0 0.000003 -8.047787 0 0.000003 -16.09558 0.000002 0.000003 -24.143377 -0.006034 0.034065 -19.264631 -0.003456 0.025773 -14.448471 -0.001582 0.017297 -9.632314 -0.000428 0.008677 -4.816155 0 0.000003 0 15.060844 1.434458 0.452089 -0.013987 -0.000196 -0.367288 0 0.000003 0 -34.294236 1.606374 -1.047466 -89.999999 -90 0 0 0.000003 0 0 0.000003 0 90.000009 -63.648278 -90.000009 -5.682401 0.000003 0 -28.319916 0.000003 0 -16.252152 0.000003 0 0 0.000003 0 89.999996 -84.450021 179.999995 0 0.000003 0 -90.000003 -84.450021 0 0 0.000003 0 0 0.000003 0
0 0 0 179.999991 0.000003 179.999991 0.07505 -0.03760600000000003 -1.801068 -177.625531 -6.646099 -178.636481 -84.605417 -25.094857 -97.997778 5.243704 -0.409276 -12.353045 0 0.000003 0 12.942176 3.349664 7.886942 75.504886 -7.992029 9.334273 -0.15412 1.329519 -0.522786 6.290813 10.218724 -0.594757 0 0.000003 0 0 0.000003 0 0 0.000003 0 0 0.000003 0 -0.000712 -0.038766 2.104964 -0.000401 -0.029074 1.578723 -0.000178 -0.019382 1.052482 0.013942 -0.009894 1.122836 0 0.000003 0 93.611117 -11.715678 76.306969 3.951252 -0.477318 -8.350161 0 0.000003 0 -6.943653 6.119463 5.499822 75.690319 -9.031782 11.401314 -0.421239 2.455134 -0.80889 5.526214 11.537818 -1.757162 0 0.000003 0 0 0.000003 0 0 0.000003 0 0 0.000003 0 -0.00632 -0.115325 6.273504 -0.003557 -0.086577 4.705126 -0.001581 -0.057754 3.136749 -0.000395 -0.028889 1.568374 0 0.000003 0 93.096045 4.571428 90.532115 16.766349 -0.154462 0.299342 -15.422605 -0.199644 2.040862 7.757916 -0.114991 -0.543547 91.188483 -72.846031 125.306395 47.441084 -38.112648 75.906433 2.071612 55.798406 1.147848 4.478664 3.337813 -20.691288 -16.920421 4.588298 -1.662582 5.567135 -15.315433 -24.893183 19.640982 -2.943741 -2.855007 22.370365 -7.854394 0.939257 7.288994 0.470821 6.486245 -0.034264 0.000003 0 28.350691 -5.659827 9.454871 41.617483 7.113283 2.842593 17.764123 3.431612 4.452745 0 0.000003 0 26.744647 -3.338355 -20.523264 25.769358 -11.543509 -8.847534 3.738125 -3.458723 -4.497662 0 0.000003 0 8.409509 3.156458 -3.513774 29.902015 -5.927796 -10.004486 7.879142 -4.815206 -9.309645 -0.019782 0.000003 0 25.57308 44.865063 59.697001 20.727437 8.959701 26.757493 16.406295 -19.284661 -35.601979 -6.07677 7.97907 9.192813 0 0.000003 0 0 0.000003 0.000008 0.000002 0.000009 -35.95193 0.000003 0.000009 -71.903874 -0.000007 0.000016 -107.855818 -0.052582 0.089307 -60.160935 -0.03096 0.073045 -45.120687 -0.014294 0.051721 -30.080447 -0.003733 0.026804 -15.04022 0 -0.013986 0 -89.738358 -62.914948 109.122872 8.759825 -61.781372 50.233446 30.425761 0.207613 0.056341 2.08914 -5.179207 83.929515 6.702619 -10.467153 -2.489344 -2.31197 -14.287039 -22.877688 25.165323 -7.995007 -6.318129 19.41624 -9.340561 -6.921098 7.336587 -1.104091 0.38418 0 0.000003 0 28.109635 -7.562144 -10.090752 41.37481 -7.866238 -6.530815 17.266916 -4.548712 -0.677977 0 0.000003 0 26.619704 -5.164283 -4.665656 30.420795 -6.236322 -2.737211 3.658745 -2.103668 -4.333276 0 0.000003 0 8.663267 2.329814 13.536805 35.723303 1.156859 -2.915383 8.118079 -1.99414 -2.363253 0 0.000003 0 25.57308 44.865063 59.697001 14.639144 -11.879834 23.373163 -37.367651 12.142235 -10.76185 -6.07677 7.97907 9.192813 0 0.000003 0 0 0.000003 0.000008 0 0.000003 -7.993037 0 0.000003 -15.986083 0.000002 0.000003 -23.979128 -0.006242 0.034638 -19.600594 -0.003574 0.02621 -14.700445 -0.001635 0.01759 -9.800295 -0.000442 0.008827 -4.900147 0 0.000003 0 14.411294 0.651172 0.522277 -0.013987 -0.000209 -0.441598 0 0.000003 0 -34.071562 1.685604 -1.185738 -89.999999 -90 0 0 0.000003 0 0 0.000003 0 90.000009 -63.648278 -90.000009 -5.682401 0.000003 0 -28.319916 0.000003 0 -16.252152 0.000003 0 0 0.000003 0 89.999996 -84.450021 179.999995 0 0.000003 0 -90.000003 -84.450021 0 0 0.000003 0 0 0.000003 0
0 0 0 179.999991 0.000003 179.999991 0.068591 -0.04476000000000002 -1.839108 -178.453746 -6.736845 -178.090352 -86.215251 -26.975092 -95.623263 4.258005 -0.345448 -12.346562 0 0.000003 0 13.385181 4.351899 7.822633 75.504886 -7.992029 9.334273 -0.15412 1.329519 -0.522786 6.454635 10.171855 -0.585249 0 0.000003 0 0 0.000003 0 0 0.000003 0 0 0.000003 0 -0.000061 -0.011315 0.614208 -0.000034 -0.008481 0.460656 -0.000015 -0.005653 0.307104 0.013984 -0.002934 0.750149 0 0.000003 0 92.567744 -13.302187 76.309325 5.009298 -0.577838 -8.359929 0 0.000003 0 -8.433199 6.968373 5.168106 75.690319 -9.031782 11.401314 -0.421239 2.455134 -0.80889 4.996055 11.485396 -2.035806 0 0.000003 0 0 0.000003 0 0 0.000003 0 0 0.000003 0 -0.006352 -0.115626 6.289162 -0.003575 -0.086796 4.716869 -0.001589 -0.05789 3.144578 -0.000397 -0.028951 1.572289 0 0.000003 0 92.533852 4.59144 90.623653 16.712605 -0.24029 0.435819 -15.429817 -0.381395 2.187737 7.81367 -0.693473 -0.349509 91.317184 -73.358179 125.187877 46.478382 -37.51487 75.312138 2.235548 57.706324 1.284965 4.569854 3.211708 -19.095042 -18.444233 4.96542 -2.112652 5.567135 -15.315433 -24.893183 19.640955 -2.943727 -2.854997 22.370464 -7.854421 0.939259 7.289091 0.470787 6.486226 -0.034264 0.000003 0 28.350676 -5.659827 9.454875 41.617552 7.113296 2.842612 17.763992 3.431606 4.452758 0 0.000003 0 26.744608 -3.338382 -20.523279 25.769429 -11.543516 -8.84755 3.738082 -3.458703 -4.497669 0 0.000003 0 8.409513 3.156451 -3.513805 29.902029 -5.92783 -10.004474 7.879065 -4.815185 -9.309637 -0.019782 0.000003 0 25.57308 44.865063 59.697001 20.727435 8.959735 26.757505 16.406292 -19.284668 -35.601979 -6.07677 7.97907 9.192813 0 0.000003 0 0 0.000003 0.000008 0 0.000009 -35.525634 0.000003 0.000009 -71.051275 -0.000007 0.000009 -106.576919 -0.05247 0.089246 -60.088357 -0.030888 0.072976 -45.066251 -0.014261 0.051666 -30.044158 -0.003724 0.02677 -15.022074 0 -0.013986 0 -91.671739 -62.647826 110.689253 6.36115 -60.302037 51.270381 29.831049 0.203931 0.054211 2.132764 -5.161435 83.445459 7.201905 -10.452741 -2.588915 -2.31197 -14.287039 -22.877688 25.16535 -7.995007 -6.318165 19.416233 -9.340575 -6.921079 7.336491 -1.104016 0.384223 0 0.000003 0 28.109661 -7.562144 -10.09077 41.374807 -7.866244 -6.530825 17.266921 -4.548733 -0.677987 0 0.000003 0 26.619709 -5.164283 -4.665659 30.420799 -6.23635 -2.737208 3.658737 -2.103675 -4.333269 0 0.000003 0 8.663272 2.329794 13.536807 35.723269 1.156859 -2.915379 8.118043 -1.994126 -2.363251 0 0.000003 0 25.57308 44.865063 59.697001 14.65608 -11.625915 23.36954 -37.251145 11.951748 -10.65331 -6.07677 7.97907 9.192813 0 0.000003 0 0 0.000003 0.000008 0 0.000003 -8.121681 0 0.000003 -16.24337 0.000002 0.000003 -24.365057 -0.006479 0.03528 -19.982903 -0.003711 0.026709 -14.987175 -0.001697 0.017918 -9.991449 -0.000457 0.008998 -4.995723 0 0.000003 0 13.639425 0.116177 0.539534 -0.013986 -0.000237 -0.564758 0 0.000003 0 -34.439337 1.674177 -1.368053 -89.999999 -90 0 0 0.000003 0 0 0.000003 0 90.000009 -63.648278 -90.000009 -5.682401 0.000003 0 -28.319916 0.000003 0 -16.252152 0.000003 0 0 0.000003 0 89.999996 -84.450021 179.999995 0 0.000003 0 -90.000003 -84.450021 0 0 0.000003 0 0 0.000003 0
0 0 0 179.999991 0.000003 179.999991 0.061249 -0.05116100000000001 -1.877025 -179.414699 -6.92555 -178.037651 -87.877665 -29.649733 -94.131017 12.51839 -0.875416 -12.434598 0 0.000003 0 14.619596 3.967823 9.534918 75.504886 -7.992029 9.334273 -0.15412 1.329519 -0.522786 6.343022 10.156091 -0.810667 0 0.000003 0 0 0.000003 0 0 0.000003 0 0 0.000003 0 -0.000005 0.003329 -0.180547 -0.000003 0.002496 -0.13541 -0.000001 0.001662 -0.090273 0.013988 0.000774 0.551461 0 0.000003 0 91.286291 -14.582554 76.868909 7.933313 -0.854461 -8.396524 0 0.000003 0 -9.233858 7.675933 4.232512 75.690319 -9.031782 11.401314 -0.421239 2.455134 -0.80889 3.984422 11.321034 -1.879668 0 0.000003 0 0 0.000003 0 0 0.000003 0 0 0.000003 0 -0.005633 -0.108898 5.921975 -0.00317 -0.081734 4.441479 -0.001409 -0.054516 2.960985 -0.000352 -0.027264 1.480492 0 0.000003 0 91.857582 4.485128 90.74825 16.747325 -0.321023 0.492993 -15.324329 -0.617296 2.253381 8.006436 -1.089788 -0.236627 91.336548 -73.758328 125.495154 45.496484 -37.455693 74.904506 2.344477 58.870735 1.377613 4.644079 3.103285 -17.747548 -20.276082 5.228123 -2.67573 5.567135 -15.315433 -24.893183 19.641003 -2.943713 -2.855016 22.370369 -7.854421 0.93927 7.288869 0.470869 6.486238 -0.034264 0.000003 0 28.350681 -5.6598 9.454864 41.617572 7.113283 2.842605 17.763795 3.431565 4.452748 0 0.000003 0 26.744651 -3.338341 -20.523288 25.769288 -11.543482 -8.847515 3.737958 -3.458655 -4.497652 0 0.000003 0 8.409532 3.156479 -3.513818 29.902056 -5.927823 -10.004484 7.879307 -4.815281 -9.309655 -0.019782 0.000003 0 25.57308 44.865063 59.697001 20.727427 8.959742 26.757466 16.406309 -19.284702 -35.601982 -6.07677 7.97907 9.192813 0 0.000003 0 0 0.000003 0.000008 0.000002 0.000009 -35.165687 0 0.000009 -70.33138 -0.000007 0.000016 -105.497073 -0.052002 0.088973 -59.787965 -0.030599 0.072689 -44.84096 -0.014125 0.051427 -29.893962 -0.00369 0.02664 -14.946978 0 -0.013986 0 -92.96537 -62.479059 112.024712 6.420646 -59.854622 49.639937 28.782366 0.197368 0.050533 2.094706 -5.176953 83.867852 7.307282 -10.786007 -2.685562 -2.31197 -14.287039 -22.877688 25.165309 -7.995034 -6.318184 19.416257 -9.340582 -6.92109 7.336504 -1.10405 0.384208 0 0.000003 0 28.109633 -7.562164 -10.090789 41.374854 -7.866258 -6.53082 17.266868 -4.548726 -0.677977 0 0.000003 0 26.619689 -5.164297 -4.665683 30.420788 -6.23637 -2.737207 3.658745 -2.103662 -4.333278 0 0.000003 0 8.663227 2.329773 13.536773 35.723307 1.156845 -2.915384 8.118011 -1.994126 -2.363252 0 0.000003 0 25.57308 44.865063 59.697001 14.639141 -11.879834 23.373146 -37.367695 12.142296 -10.761847 -6.07677 7.97907 9.192813 0 0.000003 0 0 0.000003 0.000008 0 0.000003 -8.009426 0 0.000003 -16.01886 0.000002 0.000003 -24.028295 -0.006092 0.034222 -19.357009 -0.003488 0.025889 -14.517755 -0.001597 0.017372 -9.678504 -0.000432 0.008725 -4.83925 0 0.000003 0 13.222684 -0.130072 0.52104 -0.013985 -0.000291 -0.782177 0 0.000003 0 -35.121557 1.752308 -1.74179 -89.999999 -90 0 0 0.000003 0 0 0.000003 0 90.000009 -63.648278 -90.000009 -5.682401 0.000003 0 -28.319916 0.000003 0 -16.252152 0.000003 0 0 0.000003 0 89.999996 -84.450021 179.999995 0 0.000003 0 -90.000003 -84.450021 0 0 0.000003 0 0 0.000003 0
0 0 0 179.999991 0.000003 179.999991 0.052751 -0.05387399999999998 -1.918347 -180.650949 -6.887711 -178.193475 -89.789824 -30.219104 -92.887656 19.170316 -1.289401 -12.560298 0 0.000003 0 16.682194 1.937686 10.906403 75.504886 -7.992029 9.334273 -0.15412 1.329519 -0.522786 6.584135 10.312646 -0.769733 0 0.000003 0 0 0.000003 0 0 0.000003 0 0 0.000003 0 -0.000074 0.012454 -0.675958 -0.000041 0.009346 -0.506969 -0.000018 0.006225 -0.337979 0.013984 0.003083 0.427608 0 0.000003 0 89.339831 -14.794242 77.484152 13.685938 -1.39145 -8.509436 0 0.000003 0 -8.62555 9.069039 3.669476 75.690319 -9.031782 11.401314 -0.421239 2.455134 -0.80889 0.613132 10.992072 -1.703248 0 0.000003 0 0 0.000003 0 0 0.000003 0 0 0.000003 0 -0.005076 -0.103386 5.621259 -0.002856 -0.077588 4.215942 -0.00127 -0.051757 2.810627 -0.000317 -0.025884 1.405313 0 0.000003 0 91.022386 4.588312 90.804749 16.672275 -0.433038 0.563509 -15.216739 -0.936901 2.33745 8.402413 -1.63132 -0.423353 90.595376 -73.8939 127.009653 44.964925 -38.205835 74.82225 2.380524 59.240835 1.408547 4.712737 2.997848 -16.457443 -22.062327 5.291712 -3.258127 5.567135 -15.315433 -24.893183 19.640964 -2.943727 -2.894505 22.368332 -7.869728 1.077498 7.295669 0.485083 6.449919 -0.034264 0.000003 0 28.350662 -5.659834 9.364375 41.626386 7.053238 2.820766 17.765476 3.40229 4.447266 0 0.000003 0 26.744617 -3.338382 -20.695538 25.739831 -11.619843 -8.863355 3.720538 -3.489268 -4.501361 0 0.000003 0 8.409487 3.156431 -3.513788 29.902128 -5.927775 -10.084437 7.873648 -4.833961 -9.117053 -0.019782 0.000003 0 25.57308 44.865063 59.697001 20.72744 8.959756 26.75748 16.406289 -19.284668 -35.601985 -6.07677 7.97907 9.192813 0 0.000003 0 0 0.000003 0.000008 0.000002 0.000009 -34.820994 0 0.000009 -69.642002 -0.000007 0.000016 -104.463003 -0.051059 0.088433 -59.184422 -0.03002 0.072109 -44.388307 -0.013852 0.050956 -29.592194 -0.003617 0.026381 -14.796092 0 -0.013986 0 -94.43145 -62.579388 114.210926 8.451234 -59.853778 45.472422 27.190696 0.187327 0.0452 2.009476 -5.210551 84.809339 7.232969 -11.398285 -2.808314 -2.31197 -14.287039 -22.877688 25.165301 -7.995048 -6.318203 19.458992 -9.392553 -6.928057 7.311596 -1.259232 0.385737 0 0.000003 0 28.10964 -7.562185 -10.090799 41.374824 -7.866217 -6.530812 17.266935 -4.548726 -0.677994 0 0.000003 0 26.619713 -5.164304 -4.665689 30.438564 -6.502126 -2.739195 3.614351 -2.179122 -4.318649 0 0.000003 0 8.663273 2.32978 13.536787 35.835878 1.209581 -2.913004 8.074413 -2.164922 -2.363908 0 0.000003 0 25.57308 44.865063 59.697001 14.639158 -11.879848 23.37316 -37.367729 12.142283 -10.761872 -6.07677 7.97907 9.192813 0 0.000003 0 0 0.000003 0.000008 0 0.000003 -7.759232 0 0.000003 -15.518473 0.000002 0.000003 -23.277712 -0.005245 0.031777 -17.919247 -0.003005 0.024011 -13.439434 -0.001378 0.016094 -8.959622 -0.000374 0.008069 -4.47981 0 0.000003 0 13.200735 -0.038513 0.482931 -0.013985 -0.000291 -0.78892 0 0.000003 0 -35.889287 2.234936 -2.018208 -89.999999 -90 0 0 0.000003 0 0 0.000003 0 90.000009 -63.648278 -90.000009 -5.682401 0.000003 0 -28.319916 0.000003 0 -16.252152 0.000003 0 0 0.000003 0 89.999996 -84.450021 179.999995 0 0.000003 0 -90.000003 -84.450021 0 0 0.000003 0 0 0.000003 0
0 0 0 179.999991 0.000003 179.999991 0.044339 -0.05292300000000005 -1.962392 -181.807796 -6.924382 -178.818714 -91.585269 -29.183463 -91.848805 24.9051 -1.632508 -12.706546 0 0.000003 0 13.009536 0.898896 11.469344 75.504886 -7.992029 9.334273 -0.15412 1.329519 -0.522786 7.707898 10.444414 -0.812763 0 0.000003 0 0 0.000003 0 0 0.000003 0 0 0.000003 0 -0.000184 0.019687 -1.068821 -0.000103 0.014763 -0.801615 -0.000046 0.009838 -0.53441 0.013977 0.004913 0.329393 0 0.000003 0 87.045317 -13.559248 77.257492 22.939002 -2.222999 -8.802017 0 0.000003 0 -5.32595 10.107071 4.056502 75.690319 -9.031782 11.401314 -0.421239 2.455134 -0.80889 -5.751119 10.274369 -1.162088 0 0.000003 0 0 0.000003 0 0 0.000003 0 0 0.000003 0 -0.005803 -0.110524 6.011012 -0.003265 -0.082957 4.508256 -0.001452 -0.055336 3.005503 -0.000363 -0.02768 1.502751 0 0.000003 0 90.39323 4.590101 90.883324 16.626866 -0.566705 0.558304 -15.134133 -1.316769 2.350097 8.556289 -2.234822 -0.017964 93.201982 -73.504355 125.082474 45.737914 -41.330835 74.502624 2.283918 58.234694 1.325971 4.740188 2.954196 -15.928703 -23.756665 5.559189 -3.862713 5.567135 -15.315433 -24.893183 19.64096 -2.943707 -2.855033 22.370333 -7.854415 0.939294 7.288989 0.470848 6.486232 -0.034264 0.000003 0 28.350637 -5.65982 9.454874 41.61764 7.113317 2.842641 17.763778 3.431565 4.452758 0 0.000003 0 26.744577 -3.338375 -20.523276 25.76947 -11.543502 -8.847532 3.737756 -3.458525 -4.497629 0 0.000003 0 8.409467 3.156445 -3.513802 29.902097 -5.927762 -10.004474 7.879187 -4.815267 -9.309628 -0.019782 0.000003 0 25.57308 44.865063 59.697001 20.727408 8.959694 26.757457 16.406302 -19.284613 -35.601982 -6.07677 7.97907 9.192813 0 0.000003 0 0 0.000003 0.000008 0 0.000009 -34.679708 0.000003 0.000009 -69.359424 -0.000007 0.000016 -104.039142 -0.047043 0.085954 -56.567466 -0.027572 0.069554 -42.425583 -0.012694 0.0489 -28.283714 -0.003314 0.02524 -14.141854 0 -0.013986 0 -94.139767 -62.949907 114.256941 11.214865 -60.417259 41.896701 26.222708 0.181146 0.042091 1.962713 -5.228309 85.32342 7.083688 -11.979958 -2.919086 -2.31197 -14.287039 -22.877688 25.165327 -7.995055 -6.318167 19.416262 -9.340561 -6.927092 7.335907 -1.104835 0.261556 0 0.000003 0 28.109659 -7.562171 -9.878395 41.390017 -7.725276 -6.489494 17.291047 -4.487343 -0.667368 0 0.000003 0 26.619716 -5.164283 -4.458743 30.428998 -6.131212 -2.713162 3.666017 -2.065597 -4.328466 0 0.000003 0 8.663277 2.329787 13.536807 35.723286 1.156845 -2.9219 8.118182 -1.995588 -2.41429 0 0.000003 0 25.57308 44.865063 59.697001 14.639141 -11.879848 23.304004 -37.355862 12.18424 -10.774161 -6.07677 7.97907 9.192813 0 0.000003 0 0 0.000003 0.000008 0 0.000003 -7.62263 0 0.000003 -15.245269 0.000002 0.000003 -22.867907 -0.00463 0.029857 -16.802607 -0.002653 0.022535 -12.601955 -0.001218 0.01509 -8.401303 -0.000332 0.00757 -4.20065 0 0.000003 0 14.390741 0.539526 0.701245 -0.013985 -0.000305 -0.834578 0 0.000003 0 -37.185196 2.504817 -2.27751 -89.999999 -90 0 0 0.000003 0 0 0.000003 0 90.000009 -63.648278 -90.000009 -5.682401 0.000003 0 -28.319916 0.000003 0 -16.252152 0.000003 0 0 0.000003 0 89.999996 -84.450021 179.999995 0 0.000003 0 -90.000003 -84.450021 0 0 0.000003 0 0 0.000003 0
0 0 0 179.999991 0.000003 179.999991 0.035987 -0.04885399999999995 -2.005579 -182.561575 -6.690666 -179.668635 -92.730466 -26.329222 -91.359565 27.426915 -1.778367 -12.781586 0 0.000003 0 7.844299 0.65945 11.404048 75.504886 -7.992029 9.334273 -0.15412 1.329519 -0.522786 8.498537 10.539019 -0.856076 0 0.000003 0 0 0.000003 0 0 0.000003 0 0 0.000003 0 -0.000263 0.023573 -1.279932 -0.000148 0.017686 -0.959949 -0.000066 0.011791 -0.639966 0.013972 0.005904 0.276616 0 0.000003 0 84.418713 -9.782147 76.403869 36.08766 -3.298822 -9.438377 0 0.000003 0 1.559754 9.562602 5.429428 75.690319 -9.031782 11.401314 -0.421239 2.455134 -0.80889 -12.61371 9.607954 -0.565594 0 0.000003 0 0 0.000003 0 0 0.000003 0 0 0.000003 0 -0.007469 -0.125345 6.820291 -0.004203 -0.094104 5.115214 -0.001869 -0.062781 3.410141 -0.000467 -0.031396 1.70507 0 0.000003 0 89.814283 4.384055 90.848073 16.688058 -0.664486 0.512453 -15.172169 -1.515494 2.318486 8.42863 -2.53061 0.00322 99.35396 -72.950084 119.066607 47.613758 -45.816312 75.231037 2.138536 56.602238 1.203464 4.753589 2.932551 -15.667757 -24.005991 5.103124 -3.877722 5.567135 -15.315433 -24.893183 19.640936 -2.943727 -2.855022 22.370481 -7.854421 0.939258 7.288957 0.470807 6.486248 -0.034264 0.000003 0 28.350633 -5.659847 9.454856 41.617555 7.113276 2.842629 17.763782 3.431565 4.452772 0 0.000003 0 26.744572 -3.33841 -20.523288 25.769445 -11.543502 -8.847535 3.737807 -3.458607 -4.497616 0 0.000003 0 8.409442 3.156417 -3.513803 29.902018 -5.927734 -10.004479 7.878919 -4.815213 -9.309607 -0.019782 0.000003 0 25.57308 44.865063 59.697001 20.727435 8.959776 26.757454 16.406321 -19.284681 -35.602013 -6.07677 7.97907 9.192813 0 0.000003 0 0 0.000003 0.000008 0.000002 0.000009 -34.609976 0 0.000016 -69.219958 -0.000007 0.000016 -103.82994 -0.042404 0.08275 -53.445008 -0.024761 0.066399 -40.083744 -0.011375 0.046414 -26.722487 -0.002969 0.023867 -13.361242 0 -0.013986 0 -92.376218 -63.501644 112.879709 14.67183 -62.393081 36.322034 25.973005 0.179568 0.041302 2.009797 -5.210435 84.805821 6.182377 -11.865054 -2.728128 -2.31197 -14.287039 -22.877688 25.165306 -7.995062 -6.318163 19.416218 -9.340575 -6.92107 7.336516 -1.104016 0.384202 0 0.000003 0 28.109625 -7.562192 -10.090773 41.374786 -7.866224 -6.530772 17.266968 -4.548705 -0.678 0 0.000003 0 26.619703 -5.16431 -4.665661 30.420778 -6.23637 -2.737191 3.658763 -2.103641 -4.333271 0 0.000003 0 8.663258 2.32976 13.536813 35.72332 1.156866 -2.915377 8.118041 -1.994119 -2.363248 0 0.000003 0 25.57308 44.865063 59.697001 14.639155 -11.879889 23.099751 -37.320608 12.30814 -10.810236 -6.07677 7.97907 9.192813 0 0.000003 0 0 0.000003 0.000008 0 0.000003 -7.760167 0 0.000003 -15.520343 0.000002 0.000003 -23.280519 -0.003322 0.025261 -14.156851 -0.001908 0.019038 -10.617637 -0.00088 0.012734 -7.078425 -0.000243 0.006389 -3.539211 0 0.000003 0 15.572555 0.520258 0.527941 -0.013986 -0.000264 -0.669525 0 0.000003 0 -37.804346 3.136917 -2.388845 -89.999999 -90 0 0 0.000003 0 0 0.000003 0 90.000009 -63.648278 -90.000009 -5.682401 0.000003 0 -28.319916 0.000003 0 -16.252152 0.000003 0 0 0.000003 0 89.999996 -84.450021 179.999995 0 0.000003 0 -90.000003 -84.450021 0 0 0.000003 0 0 0.000003 0
0 0 0 179.999991 0.000003 179.999991 0.026961 -0.04440500000000003 -2.047637 -182.942181 -6.263622 -180.646308 -93.375407 -22.792919 -91.507555 28.561363 -1.842858 -12.817415 0 0.000003 0 3.944567 0.423638 11.339581 75.504886 -7.992029 9.334273 -0.15412 1.329519 -0.522786 8.826377 10.513583 -0.859116 0 0.000003 0 0 0.000003 0 0 0.000003 0 0 0.000003 0 -0.000222 0.021661 -1.17623 -0.000125 0.016252 -0.882173 -0.000056 0.010835 -0.588115 0.013974 0.005419 0.302541 0 0.000003 0 81.265796 -4.215659 74.811991 51.16785 -4.314874 -10.445659 0 0.000003 0 8.268059 6.478963 2.698088 75.690319 -9.031782 11.401314 -0.421239 2.455134 -0.80889 -10.338574 9.934656 -0.812069 0 0.000003 0 0 0.000003 0 0 0.000003 0 0 0.000003 0 -0.010164 -0.146123 7.957865 -0.005721 -0.109745 5.968393 -0.002544 -0.073238 3.978926 -0.000636 -0.036635 1.989462 0 0.000003 0 89.254221 3.996592 90.791136 16.804297 -0.67482 0.340674 -15.210319 -1.528949 2.148206 8.227566 -2.396813 -0.125313 104.576869 -72.384852 114.116878 48.434879 -49.371583 77.743249 2.095664 56.091148 1.167753 4.775205 2.897171 -15.242657 -22.686326 4.381268 -3.363594 5.567135 -15.315433 -24.893183 19.64093 -2.94372 -2.854969 22.370331 -7.854428 0.939274 7.289143 0.470773 6.486238 -0.034264 0.000003 0 28.350647 -5.659841 9.454895 41.617552 7.113269 2.842615 17.764026 3.431585 4.452771 0 0.000003 0 26.744606 -3.338389 -20.523257 25.769535 -11.543509 -8.84757 3.737898 -3.458641 -4.497628 0 0.000003 0 8.40945 3.156424 -3.513769 29.902138 -5.927755 -10.004494 7.879156 -4.815288 -9.309623 -0.019782 0.000003 0 25.57308 44.865063 59.697001 20.727491 8.959735 26.757456 16.406271 -19.284654 -35.601982 -6.07677 7.97907 9.192813 0 0.000003 0 0 0.000003 0.000008 0.000002 0.000009 -34.496369 0 0.000009 -68.992752 -0.000007 0.000016 -103.489128 -0.040452 0.081289 -52.094321 -0.023586 0.064999 -39.070724 -0.010824 0.045321 -26.047143 -0.002826 0.02328 -13.023569 0 -0.013986 0 -91.800481 -63.929509 112.109871 17.854519 -64.357076 30.24807 26.530097 0.183175 0.043061 2.147022 -5.155534 83.286869 4.151078 -11.043116 -2.199539 -2.31197 -14.287039 -22.877688 25.16533 -7.995075 -6.318161 19.416271 -9.340582 -6.921091 7.33658 -1.104084 0.384208 0 0.000003 0 28.10965 -7.562199 -10.090772 41.3748 -7.866244 -6.530803 17.26695 -4.548733 -0.677986 0 0.000003 0 26.619713 -5.164304 -4.665677 30.420751 -6.236404 -2.737206 3.658783 -2.103675 -4.333274 0 0.000003 0 8.663266 2.32976 13.536797 35.723242 1.156818 -2.915393 8.11804 -1.994119 -2.363251 0 0.000003 0 25.57308 44.865063 59.697001 14.639163 -11.879848 23.373128 -37.367654 12.142283 -10.761851 -6.07677 7.97907 9.192813 0 0.000003 0 0 0.000003 0.000008 0 0.000003 -8.16383 0 0.000003 -16.327668 0.000002 0.000003 -24.491506 -0.002157 0.020275 -11.319207 -0.001243 0.015261 -8.489404 -0.000578 0.0102 -5.659602 -0.000163 0.005105 -2.8298 0 0.000003 0 16.288369 0.561601 0.596312 -0.013986 -0.000223 -0.49449 0 0.000003 0 -37.888559 3.438388 -2.289561 -89.999999 -90 0 0 0.000003 0 0 0.000003 0 90.000009 -63.648278 -90.000009 -5.682401 0.000003 0 -28.319916 0.000003 0 -16.252152 0.000003 0 0 0.000003 0 89.999996 -84.450021 179.999995 0 0.000003 0 -90.000003 -84.450021 0 0 0.000003 0 0 0.000003 0
0 0 0 179.999991 0.000003 179.999991 0.018158 -0.04190700000000003 -2.087246 -183.22368 -6.008023 -181.299152 -93.640145 -19.734484 -92.540006 29.66037 -1.90465 -12.85333 0 0.000003 0 0.212885 0.825151 11.528444 75.504886 -7.992029 9.334273 -0.15412 1.329519 -0.522786 8.641699 10.43412 -0.723783 0 0.000003 0 0 0.000003 0 0 0.000003 0 0 0.000003 0 -0.000035 0.008554 -0.464549 -0.00002 0.006423 -0.348412 -0.000009 0.004271 -0.232274 0.013986 0.002099 0.480461 0 0.000003 0 77.776566 1.402643 71.987475 64.126297 -4.951905 -11.497157 0 0.000003 0 20.875753 2.0438 -0.649717 75.690319 -9.031782 11.401314 -0.421239 2.455134 -0.80889 0.688278 11.045511 -1.664234 0 0.000003 0 0 0.000003 0 0 0.000003 0 0 0.000003 0 -0.015062 -0.177664 9.691306 -0.008481 -0.133535 7.26847 -0.003772 -0.089159 4.845641 -0.000944 -0.044612 2.422819 0 0.000003 0 88.601439 3.642788 90.66988 16.871039 -0.641243 0.053983 -15.239371 -1.49098 1.858523 8.086958 -2.188814 -0.371747 103.398088 -71.567809 115.253422 46.362382 -51.456515 83.137322 2.16604 56.921426 1.226448 4.829494 2.805598 -14.151338 -21.132349 3.978834 -2.894531 5.567135 -15.315433 -24.893183 19.640933 -2.943727 -2.873061 22.369433 -7.861436 0.938027 7.287562 0.468096 6.48592 -0.034264 0.000003 0 28.35063 -5.659847 9.454928 41.617507 7.113269 2.842612 17.763918 3.431592 4.452772 0 0.000003 0 26.744567 -3.338403 -20.523204 25.769599 -11.543502 -8.847583 3.737846 -3.458628 -4.497623 0 0.000003 0 8.409435 3.156404 -3.344285 29.915347 -5.84108 -9.979222 7.890258 -4.775536 -9.304304 -0.019782 0.000003 0 25.57308 44.865063 59.697001 20.727503 8.959694 26.75745 16.406225 -19.284606 -35.601951 -6.07677 7.97907 9.192813 0 0.000003 0 0 0.000003 0.000008 0.000002 0.000009 -34.204686 0.000003 0.000009 -68.409385 -0.000007 0.000016 -102.614085 -0.043285 0.083385 -54.045374 -0.025292 0.06702 -40.534017 -0.011622 0.046892 -27.02267 -0.003034 0.024134 -13.511332 0 -0.013986 0 -93.034621 -64.499856 113.318658 22.448014 -64.957178 23.061236 27.827721 0.191439 0.047291 2.361497 -5.061086 80.878408 1.34634 -9.557556 -1.505692 -2.31197 -14.287039 -22.877688 25.16528 -7.995082 -6.162297 19.427152 -9.285865 -6.912261 7.352478 -1.081824 0.386651 0 0.000003 0 28.109616 -7.562226 -10.090755 41.374786 -7.866224 -6.5308 17.266954 -4.548733 -0.677977 0 0.000003 0 26.619687 -5.164324 -4.66567 30.420788 -6.236438 -2.737221 3.658684 -2.103655 -4.33327 0 0.000003 0 8.663269 2.32976 13.536814 35.723228 1.156804 -2.915403 8.117974 -1.994126 -2.363247 0 0.000003 0 25.57308 44.865063 59.697001 14.639189 -11.879855 23.373133 -37.367682 12.142255 -10.761865 -6.07677 7.97907 9.192813 0 0.000003 0 0 0.000003 0.000008 0 0.000003 -8.804032 0 -0.000004 -17.608072 0.000002 0.000003 -26.412111 -0.001419 0.016347 -9.100156 -0.000821 0.012283 -6.825116 -0.000385 0.008206 -4.550077 -0.000111 0.004101 -2.275038 0 0.000003 0 16.631176 0.622465 0.603521 -0.013988 -0.000107 0.009326 0 0.000003 0 -38.140466 3.854599 -1.769106 -89.999999 -90 0 0 0.000003 0 0 0.000003 0 90.000009 -63.648278 -90.000009 -5.682401 0.000003 0 -28.319916 0.000003 0 -16.252152 0.000003 0 0 0.000003 0 89.999996 -84.450021 179.999995 0 0.000003 0 -90.000003 -84.450021 0 0 0.000003 0 0 0.000003 0
0 0 0 179.999991 0.000003 179.999991 0.011366 -0.04038900000000001 -2.124871 -183.669364 -5.985074 -181.620389 -94.007459 -16.950778 -93.686003 30.197257 -1.93458 -12.871308 0 0.000003 0 -2.522653 0.991753 12.116394 75.504886 -7.992029 9.334273 -0.15412 1.329519 -0.522786 8.841811 10.450786 -0.603411 0 0.000003 0 0 0.000003 0 0 0.000003 0 0 0.000003 0 -0.000022 -0.006862 0.372582 -0.000013 -0.005147 0.279436 -0.000006 -0.003426 0.186291 0.013986 -0.001807 0.689742 0 0.000003 0 73.875162 6.57283 68.102177 73.520074 -5.257604 -12.335018 0 0.000003 0 20.021385 0.762948 -0.286621 75.690319 -9.031782 11.401314 -0.421239 2.455134 -0.80889 3.45735 11.316451 -1.88199 0 0.000003 0 0 0.000003 0 0 0.000003 0 0 0.000003 0 -0.022286 -0.215743 11.794914 -0.012555 -0.16231 8.846167 -0.005586 -0.108447 5.897436 -0.001397 -0.054297 2.948715 0 0.000003 0 87.750937 3.471091 90.48207 16.899435 -0.621128 -0.409396 -15.220798 -1.474676 1.54019 8.086489 -2.308144 -0.687987 99.492272 -70.458139 119.49792 44.188923 -53.201007 88.057476 2.205765 57.375374 1.259825 4.900972 2.678564 -12.65733 -20.877624 4.646416 -2.98004 5.567135 -15.315433 -24.893183 19.640938 -2.943748 -2.85499 22.370355 -7.854442 0.939265 7.288917 0.470883 6.486235 -0.034264 0.000003 0 28.350657 -5.659847 9.454891 41.617593 7.113248 2.842615 17.763854 3.431578 4.452753 0 0.000003 0 26.744582 -3.338416 -20.523223 25.769511 -11.543475 -8.847571 3.737964 -3.458716 -4.49763 0 0.000003 0 8.409467 3.156417 -3.513753 29.902032 -5.927748 -10.004485 7.879073 -4.815267 -9.30962 -0.019782 0.000003 0 25.57308 44.865063 59.697001 20.727515 8.959783 26.757439 16.406244 -19.284668 -35.601972 -6.07677 7.97907 9.192813 0 0.000003 0 0 0.000003 0.000008 0.000002 0.000009 -33.805304 0 0.000009 -67.610615 -0.000007 0.000016 -101.415933 -0.045764 0.085107 -55.718498 -0.026791 0.068707 -41.788856 -0.012328 0.04823 -27.859228 -0.003219 0.024871 -13.929611 0 -0.013986 0 -95.881075 -65.106252 116.013809 27.674241 -63.778849 16.299814 29.350948 0.200981 0.052497 2.53662 -4.97579 78.876705 -1.719367 -7.438046 -0.838843 -2.31197 -14.287039 -22.877688 25.16533 -7.99513 -6.31813 19.416187 -9.340575 -6.921092 7.336503 -1.104009 0.384183 0 0.000003 0 28.109645 -7.56226 -10.090752 41.374779 -7.866251 -6.530819 17.266968 -4.548753 -0.677976 0 0.000003 0 26.619727 -5.164345 -4.665675 30.420751 -6.236472 -2.737226 3.65875 -2.103662 -4.333263 0 0.000003 0 8.663285 2.329732 13.53684 35.72329 1.156791 -2.915403 8.11805 -1.994119 -2.363242 0 0.000003 0 25.57308 44.865063 59.697001 14.639199 -11.879862 23.373136 -37.367682 12.142214 -10.761837 -6.07677 7.97907 9.192813 0 0.000003 0 0 0.000003 0.000008 0 0.000003 -9.336258 0 0.000003 -18.672523 0.000002 0.000003 -28.008791 -0.001047 0.01395 -7.759424 -0.000609 0.01048 -5.819568 -0.000287 0.006997 -3.879711 -0.000084 0.003493 -1.939855 0 0.000003 0 16.834086 1.763243 0.620019 -0.013988 0.000098 0.824091 0 0.000003 0 -38.905495 4.234167 -0.785185 -89.999999 -90 0 0 0.000003 0 0 0.000003 0 90.000009 -63.648278 -90.000009 -5.682401 0.000003 0 -28.319916 0.000003 0 -16.252152 0.000003 0 0 0.000003 0 89.999996 -84.450021 179.999995 0 0.000003 0 -90.000003 -84.450021 0 0 0.000003 0 0 0.000003 0
0 0 0 179.999991 0.000003 179.999991 0.006272 -0.03781500000000004 -2.159585 -184.065925 -6.203858 -181.868298 -94.388686 -13.690388 -94.296096 29.150971 -1.8761 -12.836539 0 0.000003 0 -4.328419 1.571117 12.721562 75.504886 -7.992029 9.334273 -0.15412 1.329519 -0.522786 8.813848 10.322222 -0.925322 0 0.000003 0 0 0.000003 0 0 0.000003 0 0 0.000003 0 -0.000102 -0.014662 0.796074 -0.000057 -0.010994 0.597056 -0.000025 -0.007333 0.398037 0.013981 -0.003788 0.795615 0 0.000003 0 70.643014 11.136797 64.534284 78.158374 -5.357127 -12.764408 0 0.000003 0 17.169265 0.741372 0.118386 75.690319 -9.031782 11.401314 -0.421239 2.455134 -0.80889 3.914535 11.388435 -1.882427 0 0.000003 0 0 0.000003 0 0 0.000003 0 0 0.000003 0 -0.028431 -0.243323 13.328821 -0.016024 -0.18321 9.99659 -0.007132 -0.12249 6.66438 -0.001784 -0.061346 3.332186 0 0.000003 0 86.957563 3.415322 90.193789 16.933268 -0.614066 -0.786091 -15.14529 -1.521566 1.029036 8.17906 -1.987555 -1.083178 96.28586 -69.22105 123.019702 42.35387 -55.502839 91.352551 2.072067 55.805428 1.148212 4.926929 2.630431 -12.096887 -22.078604 5.877872 -3.575036 5.567135 -15.315433 -24.893183 19.640941 -2.943727 -2.85497 22.370444 -7.854469 0.939247 7.289126 0.47078 6.48624 -0.034264 0.000003 0 28.350657 -5.659841 9.454902 41.617668 7.113255 2.842614 17.763918 3.431578 4.452757 0 0.000003 0 26.744593 -3.338396 -20.523223 25.769561 -11.543495 -8.847586 3.737867 -3.458662 -4.497616 0 0.000003 0 8.409469 3.156438 -3.513756 29.87812 -5.812161 -10.002065 7.867624 -4.856788 -9.315192 -0.019782 0.000003 0 25.57308 44.865063 59.697001 20.72752 8.95977 26.757437 16.40627 -19.28464 -35.602013 -6.07677 7.97907 9.192813 0 0.000003 0 0 0.000003 0.000008 0.000002 0.000009 -33.655457 0.000003 0.000009 -67.310927 -0.000007 0.000016 -100.966404 -0.044746 0.084417 -55.037152 -0.026178 0.068024 -41.277852 -0.012038 0.047684 -27.518561 -0.003142 0.024564 -13.759278 0 -0.013986 0 -98.214398 -66.016131 117.795068 32.707642 -62.564086 11.436161 30.871997 0.210372 0.057958 2.564255 -4.961638 78.557639 -3.823817 -5.363902 -0.443435 -2.31197 -14.287039 -22.877688 25.165265 -7.995137 -6.318098 19.416233 -9.340582 -6.921089 7.336576 -1.104063 0.384173 0 0.000003 0 28.109633 -7.56228 -10.090762 41.37479 -7.866292 -6.530822 17.267029 -4.548781 -0.67798 0 0.000003 0 26.619723 -5.164358 -4.665689 30.420747 -6.23652 -2.73723 3.658769 -2.103682 -4.333262 0 0.000003 0 8.663289 2.329719 13.536851 35.723245 1.156736 -2.915412 8.118067 -1.994126 -2.363235 0 0.000003 0 25.57308 44.865063 59.697001 14.639172 -11.879848 23.373143 -37.367627 12.142207 -10.76181 -6.07677 7.97907 9.192813 0 0.000003 0 0 0.000003 0.000008 0 0.000003 -9.421108 0 0.000003 -18.842223 0.000002 0.000003 -28.263338 -0.000894 0.012836 -7.135803 -0.00052 0.00964 -5.351852 -0.000247 0.00643 -3.5679 -0.000073 0.00322 -1.783949 0 0.000003 0 16.841718 3.029109 0.639333 -0.013986 0.000262 1.501353 0 0.000003 0 -39.506251 4.737121 -0.056849 -89.999999 -90 0 0 0.000003 0 0 0.000003 0 90.000009 -63.648278 -90.000009 -5.682401 0.000003 0 -28.319916 0.000003 0 -16.252152 0.000003 0 0 0.000003 0 89.999996 -84.450021 179.999995 0 0.000003 0 -90.000003 -84.450021 0 0 0.000003 0 0 0.000003 0
0 0 0 179.999991 0.000003 179.999991 0.002513 -0.03356800000000004 -2.193864 -183.945071 -6.320832 -182.161818 -94.243913 -9.723537 -94.437112 26.549014 -1.727981 -12.754733 0 0.000003 0 -5.247138 2.202575 12.8362 75.504886 -7.992029 9.334273 -0.15412 1.329519 -0.522786 9.071509 10.513521 -0.812277 0 0.000003 0 0 0.000003 0 0 0.000003 0 0 0.000003 0 -0.000099 -0.014471 0.785611 -0.000056 -0.010857 0.589208 -0.000025 -0.007231 0.392805 0.013981 -0.00374 0.792999 0 0.000003 0 69.361944 14.898332 62.350222 77.986314 -5.35406 -12.748323 0 0.000003 0 9.944713 3.534953 3.472064 75.690319 -9.031782 11.401314 -0.421239 2.455134 -0.80889 4.072449 11.474249 -1.820532 0 0.000003 0 0 0.000003 0 0 0.000003 0 0 0.000003 0 -0.031313 -0.255173 13.991428 -0.017652 -0.19222 10.493541 -0.007858 -0.128548 6.995679 -0.001966 -0.064393 3.497835 0 0.000003 0 86.498144 3.394552 89.92959 16.953073 -0.531188 -1.234511 -15.110397 -1.472566 0.574675 8.220714 -2.191996 -1.495449 94.653738 -68.067399 124.997861 41.990067 -58.765139 92.796289 1.812978 52.359802 0.938321 4.828076 2.808037 -14.180294 -22.453246 7.044625 -3.807013 5.567135 -15.315433 -24.893183 19.64095 -2.943734 -2.854967 22.370379 -7.854462 0.939253 7.289115 0.47078 6.486239 -0.034264 0.000003 0 28.350642 -5.659847 9.454896 41.617603 7.113248 2.842612 17.764055 3.431599 4.452781 0 0.000003 0 26.744589 -3.338396 -20.523219 25.769515 -11.543502 -8.84758 3.737816 -3.458648 -4.497608 0 0.000003 0 8.409454 3.156431 -3.513769 29.902199 -5.927809 -10.004522 7.878994 -4.815254 -9.309616 -0.019782 0.000003 0 25.57308 44.865063 59.697001 20.727503 8.959715 26.757454 16.406299 -19.284661 -35.602002 -6.07677 7.97907 9.192813 0 0.000003 0 0 0.000003 0.000008 0.000002 0.000009 -34.212424 0.000003 0.000009 -68.424862 -0.000007 0.000016 -102.637294 -0.039229 0.080339 -51.236517 -0.022852 0.064097 -38.427375 -0.010483 0.044631 -25.618243 -0.002737 0.022904 -12.809118 0 -0.013986 0 -98.55517 -67.475165 117.961588 37.550386 -60.590636 7.712515 32.519193 0.220413 0.064135 2.546107 -4.970948 78.767217 -4.60552 -4.005924 -0.279967 -2.31197 -14.287039 -22.877688 25.165257 -7.995103 -6.31805 19.416244 -9.340589 -6.921093 7.33656 -1.104063 0.38417 0 0.000003 0 28.109603 -7.562274 -10.090682 41.37479 -7.866285 -6.530822 17.267049 -4.548774 -0.677965 0 0.000003 0 26.619696 -5.164358 -4.665623 30.420751 -6.236493 -2.737198 3.65871 -2.103662 -4.333255 0 0.000003 0 8.663248 2.329739 13.536879 35.723228 1.156743 -2.915406 8.117971 -1.994119 -2.363224 0 0.000003 0 25.57308 44.865063 59.697001 14.639172 -11.879868 23.373143 -37.3676 12.142242 -10.761783 -6.07677 7.97907 9.192813 0 0.000003 0 0 0.000003 0.000008 0 0.000003 -9.365373 0 0.000003 -18.730754 0.000002 0.000003 -28.096133 -0.000863 0.012597 -7.003819 -0.000502 0.009462 -5.252864 -0.000239 0.006314 -3.501909 -0.000071 0.003158 -1.750954 0 0.000003 0 16.942271 4.151282 0.772836 -0.013984 0.000337 1.800453 0 0.000003 0 -39.294563 4.845789 0.344385 -89.999999 -90 0 0 0.000003 0 0 0.000003 0 90.000009 -63.648278 -90.000009 -5.682401 0.000003 0 -28.319916 0.000003 0 -16.252152 0.000003 0 0 0.000003 0 89.999996 -84.450021 179.999995 0 0.000003 0 -90.000003 -84.450021 0 0 0.000003 0 0 0.000003 0
0 0 0 179.999991 0.000003 179.999991 0.00017 -0.027554999999999996 -2.229431 -183.396238 -6.142421 -182.447962 -93.64065 -4.904989 -94.132397 22.222668 -1.473864 -12.633868 0 0.000003 0 -5.318107 2.355584 12.094727 75.504886 -7.992029 9.334273 -0.15412 1.329519 -0.522786 8.905343 10.577295 -0.721682 0 0.000003 0 0 0.000003 0 0 0.000003 0 0 0.000003 0 -0.000024 -0.00706 0.383566 -0.000013 -0.005298 0.287674 -0.000006 -0.003529 0.191783 0.013986 -0.001855 0.692488 0 0.000003 0 69.947141 18.113958 61.453773 73.434697 -5.255466 -12.327183 0 0.000003 0 9.72718 7.111363 10.575554 75.690319 -9.031782 11.401314 -0.421239 2.455134 -0.80889 3.886504 11.526746 -1.7713 0 0.000003 0 0 0.000003 0 0 0.000003 0 0 0.000003 0 -0.031777 -0.257038 14.095195 -0.017914 -0.193633 10.571364 -0.007974 -0.129498 7.047561 -0.001995 -0.064871 3.523776 0 0.000003 0 86.268417 3.35493 89.764559 16.967146 -0.401797 -1.707033 -15.144172 -1.317329 0.089942 8.118655 -1.844497 -1.971119 92.654651 -67.006339 127.329333 40.811514 -60.921781 94.66231 1.532214 47.900686 0.722689 4.642321 3.105915 -17.780002 -20.845816 7.399153 -3.186867 5.567135 -15.315433 -24.893183 19.640943 -2.943761 -2.854987 22.370374 -7.854469 0.939242 7.289068 0.470794 6.486249 -0.034264 0.000003 0 28.350657 -5.659875 9.454895 41.617681 7.113255 2.842602 17.763985 3.431599 4.452763 0 0.000003 0 26.744572 -3.33843 -20.523226 25.769546 -11.543488 -8.847602 3.737883 -3.458696 -4.497613 0 0.000003 0 8.409453 3.156404 -3.513765 29.902152 -5.927816 -10.004528 7.879076 -4.815281 -9.30963 -0.019782 0.000003 0 25.57308 44.865063 59.697001 20.727555 8.959688 26.757437 16.406261 -19.284661 -35.601989 -6.07677 7.97907 9.192813 0 0.000003 0 0 0.000003 0.000008 0 0.000003 -35.174354 0 0.000009 -70.348715 -0.000007 0.000016 -105.523083 -0.035949 0.077634 -48.877742 -0.02089 0.061577 -36.658295 -0.009569 0.042712 -24.438859 -0.002499 0.021866 -12.219427 0 -0.013986 0 -99.497326 -68.852344 118.117958 40.317043 -58.55442 6.600027 34.49155 0.23214 0.071901 2.550239 -4.968844 78.719556 -4.746025 -3.373134 -0.221142 -2.31197 -14.287039 -22.877688 25.165275 -7.995123 -6.318033 19.416201 -9.340575 -6.92108 7.336506 -1.104029 0.384164 0 0.000003 0 28.109634 -7.56226 -10.090689 41.374813 -7.866313 -6.530844 17.267003 -4.54874 -0.677949 0 0.000003 0 26.619669 -5.164392 -4.66562 30.420768 -6.236493 -2.737208 3.658876 -2.103682 -4.333258 0 0.000003 0 8.663275 2.329725 13.536879 35.723245 1.156716 -2.915415 8.117917 -1.994112 -2.363209 0 0.000003 0 25.57308 44.865063 59.697001 14.639185 -11.87993 23.373143 -37.3676 12.142262 -10.76181 -6.07677 7.97907 9.192813 0 0.000003 0 0 0.000003 0.000008 0 0.000003 -9.378049 0 0.000003 -18.756106 0.000002 0.000003 -28.134162 -0.000987 0.013519 -7.520397 -0.000574 0.010159 -5.640297 -0.000272 0.006771 -3.760198 -0.00008 0.003397 -1.880098 0 0.000003 0 17.002899 5.114072 0.84174 -0.013982 0.000433 2.188336 0 0.000003 0 -38.36658 5.191486 0.776331 -89.999999 -90 0 0 0.000003 0 0 0.000003 0 90.000009 -63.648278 -90.000009 -5.682401 0.000003 0 -28.319916 0.000003 0 -16.252152 0.000003 0 0 0.000003 0 89.999996 -84.450021 179.999995 0 0.000003 0 -90.000003 -84.450021 0 0 0.000003 0 0 0.000003 0
0 0 0 179.999991 0.000003 179.999991 -0.001393 -0.02170899999999998 -2.265635 -182.652868 -5.763175 -182.445694 -92.812606 0.120815 -93.488563 16.989761 -1.155351 -12.513825 0 0.000003 0 -4.618162 2.463857 11.169733 75.504886 -7.992029 9.334273 -0.15412 1.329519 -0.522786 8.366186 10.505161 -0.74338 0 0.000003 0 0 0.000003 0 0 0.000003 0 0 0.000003 0 -0.000011 0.004866 -0.264182 -0.000006 0.003657 -0.198137 -0.000003 0.002441 -0.132091 0.013987 0.001157 0.530552 0 0.000003 0 71.905704 20.786993 61.908165 65.021509 -4.986917 -11.57472 0 0.000003 0 10.513327 8.239929 11.472791 75.690319 -9.031782 11.401314 -0.421239 2.455134 -0.80889 3.288945 11.483046 -1.757749 0 0.000003 0 0 0.000003 0 0 0.000003 0 0 0.000003 0 -0.029742 -0.248794 13.634432 -0.016766 -0.187377 10.225796 -0.007462 -0.125284 6.817184 -0.001867 -0.062753 3.408588 0 0.000003 0 86.136192 3.415008 89.710334 16.963369 -0.29026 -2.18655 -15.197533 -1.09487 -0.394847 8.003652 -1.430376 -2.448316 90.102182 -66.026215 130.171757 38.861355 -62.011973 97.164946 1.297684 43.473562 0.554798 4.502296 3.305841 -20.283466 -17.733888 6.152862 -2.050658 5.567135 -15.315433 -24.893183 19.640894 -2.943775 -2.854964 22.370406 -7.85449 0.939217 7.289104 0.47076 6.486258 -0.034264 0.000003 0 28.350628 -5.659909 9.454913 41.617644 7.113235 2.842581 17.763946 3.431626 4.452767 0 0.000003 0 26.74456 -3.338451 -20.523214 25.769481 -11.543516 -8.84762 3.737961 -3.458751 -4.497624 0 0.000003 0 8.409452 3.156383 -3.513727 29.902128 -5.927844 -10.004547 7.879201 -4.815301 -9.309656 -0.019782 0.000003 0 25.57308 44.865063 59.697001 20.727544 8.959626 26.757437 16.406254 -19.284606 -35.601979 -6.07677 7.97907 9.192813 0 0.000003 0 0 0.000003 0.000008 0 0.000009 -35.84303 0.000003 0.000009 -71.686073 -0.000007 0.000009 -107.529102 -0.035249 0.07702 -48.364891 -0.020475 0.06103 -36.273659 -0.009374 0.042288 -24.182433 -0.002448 0.021641 -12.091214 0 -0.013986 0 -100.183842 -70.221668 117.825271 41.987761 -56.47763 6.016343 36.875327 0.245971 0.081839 2.585582 -4.950566 78.310728 -5.078699 -3.315214 -0.215991 -2.31197 -14.287039 -22.877688 25.165241 -7.995096 -6.318021 19.416247 -9.340602 -6.921096 7.33659 -1.104098 0.384165 0 0.000003 0 28.109634 -7.562253 -10.090689 41.374667 -7.866333 -6.530846 17.266882 -4.548685 -0.67793 0 0.000003 0 26.619669 -5.164392 -4.665648 30.420764 -6.236493 -2.737208 3.658744 -2.103668 -4.333253 0 0.000003 0 8.663275 2.329746 13.536851 35.723221 1.156668 -2.915424 8.118214 -1.994099 -2.363218 0 0.000003 0 25.57308 44.865063 59.697001 14.639158 -11.87993 23.373089 -37.3676 12.142283 -10.76181 -6.07677 7.97907 9.192813 0 0.000003 0 0 0.000003 0.000008 0 0.000003 -9.48677 0 0.000003 -18.973548 0.000002 0.000003 -28.460328 -0.00109 0.014243 -7.924941 -0.000633 0.010705 -5.943705 -0.000299 0.007147 -3.962469 -0.000088 0.003575 -1.981234 0 0.000003 0 16.699454 6.094 0.807393 -0.013979 0.000501 2.478097 0 0.000003 0 -37.192723 5.055381 1.312665 -89.999999 -90 0 0 0.000003 0 0 0.000003 0 90.000009 -63.648278 -90.000009 -5.682401 0.000003 0 -28.319916 0.000003 0 -16.252152 0.000003 0 0 0.000003 0 89.999996 -84.450021 179.999995 0 0.000003 0 -90.000003 -84.450021 0 0 0.000003 0 0 0.000003 0
0 0 0 179.999991 0.000003 179.999991 -0.001908 -0.019343 -2.301078 -182.238275 -5.403176 -182.008153 -92.29261 4.394526 -92.789916 12.004385 -0.842884 -12.426903 0 0.000003 0 -3.862551 2.503991 10.259592 75.504886 -7.992029 9.334273 -0.15412 1.329519 -0.522786 8.532882 10.558061 -0.766788 0 0.000003 0 0 0.000003 0 0 0.000003 0 0 0.000003 0 -0.000129 0.016484 -0.894785 -0.000072 0.012365 -0.671089 -0.000032 0.00824 -0.447393 0.01398 0.004101 0.372902 0 0.000003 0 74.09172 22.838755 63.268766 53.857848 -4.466449 -10.651663 0 0.000003 0 10.552461 8.695428 10.450193 75.690319 -9.031782 11.401314 -0.421239 2.455134 -0.80889 2.429024 11.353655 -1.754703 0 0.000003 0 0 0.000003 0 0 0.000003 0 0 0.000003 0 -0.025931 -0.232518 12.726905 -0.014612 -0.175021 9.545156 -0.006503 -0.116978 6.363427 -0.001627 -0.05858 3.18171 0 0.000003 0 85.845799 3.602579 89.719637 16.931786 -0.247366 -2.654303 -15.24251 -0.900852 -0.854196 7.945107 -1.03223 -2.884499 87.998293 -65.136904 132.513993 36.138743 -62.691638 99.741532 1.144605 40.182982 0.452675 4.491423 3.320608 -20.471573 -14.505268 3.937361 -1.125085 5.567135 -15.315433 -24.893183 19.640899 -2.943802 -2.85494 22.370422 -7.854503 0.939195 7.289016 0.470773 6.486254 -0.034264 0.000003 0 28.350635 -5.659929 9.454899 41.617681 7.113201 2.842556 17.763953 3.431619 4.452749 0 0.000003 0 26.744582 -3.338464 -20.523223 25.769511 -11.543564 -8.847662 3.737895 -3.458723 -4.497625 0 0.000003 0 8.409465 3.156383 -3.513739 29.902124 -5.927905 -10.004573 7.879022 -4.81524 -9.309656 -0.019782 0.000003 0 25.57308 44.865063 59.697001 20.727596 8.959694 26.757433 16.406275 -19.28462 -35.602006 -6.07677 7.97907 9.192813 0 0.000003 0 0 0.000003 0.000008 0.000002 0.000009 -35.893259 0 0.000009 -71.786531 -0.000007 0.000016 -107.679804 -0.03508 0.076876 -48.238095 -0.020371 0.060887 -36.178559 -0.009327 0.042186 -24.119034 -0.002436 0.021586 -12.059515 0 -0.013986 0 -99.001359 -71.786705 115.822018 43.74435 -54.639312 4.656507 39.734789 0.262015 0.094528 2.626734 -4.928894 77.832779 -5.940426 -3.561033 -0.23837 -2.31197 -14.287039 -22.877688 25.165222 -7.995062 -6.317998 19.416172 -9.340595 -6.921087 7.336597 -1.104111 0.384157 0 0.000003 0 28.109579 -7.562226 -10.090607 41.374882 -7.866333 -6.530875 17.26686 -4.548685 -0.677929 0 0.000003 0 26.619641 -5.164372 -4.665593 30.420737 -6.236479 -2.737195 3.658717 -2.103668 -4.333245 0 0.000003 0 8.663248 2.329773 13.536906 35.723208 1.156702 -2.91541 8.118066 -1.994051 -2.363166 0 0.000003 0 25.57308 44.865063 59.697001 14.639213 -11.879923 23.373089 -37.3676 12.142235 -10.761796 -6.07677 7.97907 9.192813 0 0.000003 0 0 0.000003 0.000008 0 0.000003 -9.613881 0 -0.000004 -19.22777 0.000002 0.000003 -28.841655 -0.001055 0.014004 -7.787751 -0.000613 0.010514 -5.840812 -0.000289 0.007017 -3.893874 -0.000085 0.003513 -1.946936 0 0.000003 0 15.965484 7.171517 0.68919 -0.013974 0.000638 3.025273 0 0.000003 0 -36.449789 5.592951 1.868774 -89.999999 -90 0 0 0.000003 0 0 0.000003 0 90.000009 -63.648278 -90.000009 -5.682401 0.000003 0 -28.319916 0.000003 0 -16.252152 0.000003 0 0 0.000003 0 89.999996 -84.450021 179.999995 0 0.000003 0 -90.000003 -84.450021 0 0 0.000003 0 0 0.000003 0
0 0 0 179.999991 0.000003 179.999991 -0.000924 -0.021599000000000035 -2.336914 -182.416762 -5.222442 -181.324205 -92.252169 8.337157 -92.143596 7.52164 -0.55633 -12.372198 0 0.000003 0 -3.574779 2.659091 9.576505 75.504886 -7.992029 9.334273 -0.15412 1.329519 -0.522786 8.138901 10.57791 -0.81258 0 0.000003 0 0 0.000003 0 0 0.000003 0 0 0.000003 0 -0.000344 0.026961 -1.463702 -0.000194 0.02022 -1.097777 -0.000086 0.013485 -0.731851 0.013967 0.006758 0.230673 0 0.000003 0 75.606608 23.899463 64.722975 40.636361 -3.632948 -9.713569 0 0.000003 0 11.466127 8.110722 9.495404 75.690319 -9.031782 11.401314 -0.421239 2.455134 -0.80889 1.903236 11.246817 -1.478586 0 0.000003 0 0 0.000003 0 0 0.000003 0 0 0.000003 0 -0.022373 -0.216152 11.818131 -0.012604 -0.162624 8.863579 -0.005608 -0.108659 5.909044 -0.001403 -0.054407 2.95452 0 0.000003 0 85.318837 3.793954 89.654081 16.87444 -0.252598 -3.062156 -15.273643 -0.814265 -1.249346 7.944642 -0.78717 -3.240268 87.099972 -64.312716 133.750284 33.080788 -63.504875 101.673062 1.068243 38.412351 0.404319 4.543118 3.249458 -19.569462 -12.088779 2.376888 -0.653248 5.567135 -15.315433 -24.893183 19.640853 -2.943816 -2.854935 22.37044 -7.854537 0.939177 7.289005 0.470773 6.48626 -0.034264 0.000003 0 28.350623 -5.65995 9.45491 41.617634 7.113166 2.842532 17.764002 3.431633 4.452733 0 0.000003 0 26.744572 -3.338492 -20.523209 25.769494 -11.543584 -8.84769 3.737943 -3.458771 -4.497652 0 0.000003 0 8.409457 3.156363 -3.513704 29.902193 -5.927932 -10.004596 7.879074 -4.815274 -9.309684 -0.019782 0.000003 0 25.57308 44.865063 59.697001 20.727623 8.95966 26.75741 16.406241 -19.28462 -35.601965 -6.07677 7.97907 9.192813 0 0.000003 0 0 0.000003 0.000008 0 0.000009 -35.652344 0 0.000009 -71.304702 -0.000007 0.000016 -106.957054 -0.033461 0.075415 -47.032642 -0.01941 0.059569 -35.274471 -0.00888 0.041189 -23.516311 -0.00232 0.021053 -11.758154 0 -0.013986 0 -95.932083 -73.26881 111.95094 45.298341 -52.921078 3.227901 43.130555 0.280232 0.110589 2.635958 -4.923983 77.725422 -7.031429 -3.867578 -0.271233 -2.31197 -14.287039 -22.877688 25.165272 -7.995075 -6.317991 19.416315 -9.340616 -6.921116 7.336569 -1.104118 0.384157 0 0.000003 0 28.109634 -7.562233 -10.090621 41.374796 -7.866313 -6.530856 17.266913 -4.548699 -0.677926 0 0.000003 0 26.619669 -5.164385 -4.665607 30.420928 -6.236479 -2.737185 3.658768 -2.103675 -4.333253 0 0.000003 0 8.663275 2.329766 13.536879 35.723279 1.156681 -2.915408 8.117835 -1.994071 -2.363165 0 0.000003 0 25.57308 44.865063 59.697001 14.639226 -11.879957 23.373061 -37.367572 12.142269 -10.76181 -6.07677 7.97907 9.192813 0 0.000003 0 0 0.000003 0.000008 0 0.000003 -9.642436 0 0.000003 -19.284879 0.000002 0.000003 -28.927326 -0.000971 0.01341 -7.453009 -0.000565 0.010063 -5.589757 -0.000267 0.006717 -3.726504 -0.000079 0.003363 -1.863251 0 0.000003 0 15.024217 8.336289 0.495472 -0.013969 0.00074 3.451096 0 0.000003 0 -36.457385 5.755653 2.412435 -89.999999 -90 0 0 0.000003 0 0 0.000003 0 90.000009 -63.648278 -90.000009 -5.682401 0.000003 0 -28.319916 0.000003 0 -16.252152 0.000003 0 0 0.000003 0 89.999996 -84.450021 179.999995 0 0.000003 0 -90.000003 -84.450021 0 0 0.000003 0 0 0.000003 0
0 0 0 179.999991 0.000003 179.999991 0.000309 -0.02712199999999998 -2.372895 -182.867172 -5.365289 -180.583266 -92.392905 11.371154 -91.590385 4.829147 -0.382433 -12.350182 0 0.000003 0 -3.984794 2.970418 9.273479 75.504886 -7.992029 9.334273 -0.15412 1.329519 -0.522786 8.076495 10.302913 -0.814359 0 0.000003 0 0 0.000003 0 0 0.000003 0 0 0.000003 0 -0.000608 0.03582 -1.944661 -0.000342 0.026859 -1.458495 -0.000152 0.017904 -0.97233 0.01395 0.009005 0.110434 0 0.000003 0 76.748397 23.737533 65.896292 25.674118 -2.458497 -8.913785 0 0.000003 0 12.99886 7.834714 9.296903 75.690319 -9.031782 11.401314 -0.421239 2.455134 -0.80889 1.969243 11.094743 -1.866486 0 0.000003 0 0 0.000003 0 0 0.000003 0 0 0.000003 0 -0.02029 -0.205955 11.25273 -0.011429 -0.154899 8.439532 -0.005085 -0.103475 5.626347 -0.001272 -0.051798 2.813171 0 0.000003 0 84.810493 3.951315 89.528269 16.802076 -0.278922 -3.400201 -15.305727 -0.809491 -1.575485 7.956626 -0.678884 -3.52938 86.587852 -63.48677 134.36955 29.202778 -64.525426 103.75474 1.031453 37.525916 0.38171 4.600852 3.167093 -18.537897 -10.542505 1.655982 -0.440907 5.567135 -15.315433 -24.893183 19.640895 -2.943857 -2.854929 22.37043 -7.854544 0.93916 7.289116 0.470712 6.486263 -0.034264 0.000003 0 28.35065 -5.659977 9.454911 41.617627 7.113153 2.842523 17.764028 3.431633 4.452722 0 0.000003 0 26.744603 -3.338512 -20.523206 25.769436 -11.543605 -8.847718 3.73787 -3.45873 -4.497649 0 0.000003 0 8.409498 3.156363 -3.513696 29.902145 -5.927966 -10.004616 7.879071 -4.815267 -9.309684 -0.019782 0.000003 0 25.57308 44.865063 59.697001 20.727613 8.959612 26.757454 16.406244 -19.284579 -35.601985 -6.07677 7.97907 9.192813 0 0.000003 0 0 0.000003 0.000008 0.000002 0.000009 -35.376815 0.000003 0.000009 -70.753643 -0.000007 0.000009 -106.130464 -0.030691 0.072778 -44.913415 -0.017767 0.057212 -33.685052 -0.008123 0.03944 -22.456697 -0.002123 0.020124 -11.228348 0 -0.013986 0 -91.775531 -74.447815 107.262069 46.894214 -51.15836 1.45773 46.701876 0.298215 0.128589 2.595639 -4.945321 78.194191 -8.095866 -3.916278 -0.289013 -2.31197 -14.287039 -22.877688 25.165241 -7.995055 -6.317936 19.416302 -9.340602 -6.921114 7.336624 -1.104186 0.384143 0 0.000003 0 28.109579 -7.56224 -10.09058 41.374677 -7.866279 -6.530841 17.267097 -4.548767 -0.677938 0 0.000003 0 26.619641 -5.164392 -4.665593 30.420676 -6.236472 -2.737168 3.658778 -2.103682 -4.333261 0 0.000003 0 8.663248 2.329766 13.536879 35.723337 1.156675 -2.915412 8.117849 -1.994071 -2.363159 0 0.000003 0 25.57308 44.865063 59.697001 14.63924 -11.879957 23.373089 -37.3676 12.142262 -10.761796 -6.07677 7.97907 9.192813 0 0.000003 0 0 0.000003 0.000008 0 0.000003 -9.517762 0 -0.000004 -19.035532 0.000002 0.000003 -28.5533 -0.000821 0.012283 -6.826087 -0.000479 0.009223 -5.119564 -0.000228 0.006157 -3.413043 -0.000068 0.003076 -1.70652 0 0.000003 0 14.193236 9.536244 0.348542 -0.013966 0.000788 3.655419 0 0.000003 0 -36.932404 5.685165 2.737854 -89.999999 -90 0 0 0.000003 0 0 0.000003 0 90.000009 -63.648278 -90.000009 -5.682401 0.000003 0 -28.319916 0.000003 0 -16.252152 0.000003 0 0 0.000003 0 89.999996 -84.450021 179.999995 0 0.000003 0 -90.000003 -84.450021 0 0 0.000003 0 0 0.000003 0
0 0 0 179.999991 0.000003 179.999991 0.002985 -0.03402499999999997 -2.410574 -183.010483 -5.659745 -179.790458 -92.031553 13.307192 -91.401523 4.401497 -0.354758 -12.347433 0 0.000003 0 -4.987761 3.607032 9.492032 75.504886 -7.992029 9.334273 -0.15412 1.329519 -0.522786 7.691158 10.248981 -0.831447 0 0.000003 0 0 0.000003 0 0 0.000003 0 0 0.000003 0 -0.000696 0.038334 -2.081457 -0.000392 0.028751 -1.561092 -0.000174 0.019168 -1.040728 0.013945 0.00964 0.076236 0 0.000003 0 78.308153 23.089812 67.590302 11.134127 -1.154696 -8.452706 0 0.000003 0 14.076542 8.865533 9.139058 75.690319 -9.031782 11.401314 -0.421239 2.455134 -0.80889 2.254936 10.99785 -1.695417 0 0.000003 0 0 0.000003 0 0 0.000003 0 0 0.000003 0 -0.017534 -0.191584 10.458144 -0.009875 -0.144039 7.843595 -0.004392 -0.096187 5.229057 -0.001099 -0.048143 2.614527 0 0.000003 0 84.697153 4.168535 89.503161 16.683111 -0.319247 -3.656105 -15.351634 -0.787245 -1.818742 7.995218 -0.609148 -3.75808 85.837521 -62.735872 135.135037 25.18385 -65.53368 105.598795 0.997802 36.696772 0.3614 4.661655 3.076784 -17.42147 -9.444332 1.117285 -0.32237 5.567135 -15.315433 -24.893183 19.640889 -2.943864 -2.854921 22.370432 -7.854537 0.939129 7.289063 0.470719 6.486267 -0.034264 0.000003 0 28.350688 -5.659984 9.454912 41.617674 7.113139 2.842515 17.763976 3.431633 4.452706 0 0.000003 0 26.744637 -3.338512 -20.523195 25.769465 -11.543605 -8.847719 3.737852 -3.458716 -4.497662 0 0.000003 0 8.409508 3.156349 -3.513685 29.902175 -5.927966 -10.004621 7.879091 -4.815267 -9.309693 -0.019782 0.000003 0 25.57308 44.865063 59.697001 20.72763 8.959612 26.757461 16.406248 -19.284565 -35.601992 -6.07677 7.97907 9.192813 0 0.000003 0 0 0.000003 0.000008 0.000002 0.000009 -35.078568 0.000003 0.000009 -70.157149 -0.000007 0.000016 -105.235723 -0.027343 0.069308 -42.240622 -0.015793 0.054186 -31.68046 -0.007212 0.0372 -21.120301 -0.001886 0.018936 -10.560149 0 -0.013986 0 -88.208806 -75.158175 103.118781 48.080198 -49.630198 -0.145521 50.366846 0.315591 0.148219 2.498944 -4.994778 79.31019 -9.105853 -3.79233 -0.296756 -2.31197 -14.287039 -22.877688 25.16521 -7.995062 -6.317965 19.416387 -9.340609 -6.921126 7.336375 -1.104016 0.384132 0 0.000003 0 28.109579 -7.562233 -10.09058 41.374875 -7.866306 -6.530892 17.266952 -4.548692 -0.677915 0 0.000003 0 26.619641 -5.164399 -4.66562 30.420723 -6.2365 -2.737177 3.658978 -2.103723 -4.333265 0 0.000003 0 8.663234 2.329753 13.536851 35.723218 1.156661 -2.915418 8.118064 -1.994078 -2.363174 0 0.000003 0 25.57308 44.865063 59.697001 14.63924 -11.87995 23.373089 -37.3676 12.142283 -10.76181 -6.07677 7.97907 9.192813 0 0.000003 0 0 0.000003 0.000008 0 0.000003 -9.220988 0 0.000003 -18.441985 0.000002 0.000009 -27.66298 -0.000665 0.010985 -6.102023 -0.00039 0.008247 -4.576516 -0.000186 0.005508 -3.05101 -0.000057 0.002748 -1.525504 0 0.000003 0 13.53164 10.693777 0.32105 -0.013968 0.000761 3.534092 0 0.000003 0 -37.258019 5.319388 2.73721 -89.999999 -90 0 0 0.000003 0 0 0.000003 0 90.000009 -63.648278 -90.000009 -5.682401 0.000003 0 -28.319916 0.000003 0 -16.252152 0.000003 0 0 0.000003 0 89.999996 -84.450021 179.999995 0 0.000003 0 -90.000003 -84.450021 0 0 0.000003 0 0 0.000003 0
0 0 0 179.999991 0.000003 179.999991 0.006631 -0.04088599999999998 -2.448806 -182.404549 -5.713881 -179.196109 -90.824003 15.00892 -91.538223 4.877216 -0.385569 -12.350502 0 0.000003 0 -5.786383 4.712512 9.71424 75.504886 -7.992029 9.334273 -0.15412 1.329519 -0.522786 7.376553 10.275421 -0.79027 0 0.000003 0 0 0.000003 0 0 0.000003 0 0 0.000003 0 -0.000563 0.034454 -1.87101 -0.000317 0.025848 -1.403257 -0.000141 0.017235 -0.935505 0.013953 0.008656 0.128847 0 0.000003 0 80.38367 23.248293 70.332855 2.266562 -0.316898 -8.338466 0 0.000003 0 13.007177 10.870399 8.392877 75.690319 -9.031782 11.401314 -0.421239 2.455134 -0.80889 2.611944 11.0225 -1.663428 0 0.000003 0 0 0.000003 0 0 0.000003 0 0 0.000003 0 -0.012562 -0.162351 8.848685 -0.007072 -0.121978 6.636507 -0.003145 -0.08142 4.424334 -0.000787 -0.040733 2.212166 0 0.000003 0 85.15511 4.354562 89.501214 16.571659 -0.320204 -3.76508 -15.398093 -0.641598 -1.923548 8.042635 -0.547717 -3.879468 84.548467 -62.330695 136.431557 22.17089 -66.333965 106.347562 0.948936 35.46089 0.332622 4.707001 3.00687 -16.566986 -8.490134 0.378258 -0.24162 5.567135 -15.315433 -24.893183 19.640868 -2.94385 -2.854904 22.37047 -7.854565 0.93911 7.289039 0.470719 6.486275 -0.034264 0.000003 0 28.350643 -5.659977 9.45494 41.61762 7.113132 2.842501 17.76399 3.431653 4.4527 0 0.000003 0 26.744618 -3.338526 -20.523166 25.76945 -11.543598 -8.847753 3.737929 -3.458764 -4.497662 0 0.000003 0 8.409512 3.156363 -3.513664 29.902179 -5.92798 -10.004636 7.879092 -4.81526 -9.309697 -0.019782 0.000003 0 25.57308 44.865063 59.697001 20.727635 8.959626 26.75748 16.406278 -19.284586 -35.602002 -6.07677 7.97907 9.192813 0 0.000003 0 0 0.000003 0.000008 0.000002 0.000003 -34.850262 0 0.000009 -69.700544 -0.000007 0.000016 -104.550812 -0.024109 0.065627 -39.52403 -0.013898 0.051038 -29.643021 -0.006339 0.034912 -19.762008 -0.001661 0.017734 -9.881003 0 -0.013986 0 -85.612057 -75.197797 99.762009 48.559254 -49.029735 -1.328376 54.040088 0.331711 0.168936 2.384699 -5.050212 80.615131 -10.118685 -3.101942 -0.287618 -2.31197 -14.287039 -22.877688 25.165192 -7.995021 -6.317899 19.416114 -9.340561 -6.921099 7.336575 -1.104098 0.38412 0 0.000003 0 28.109579 -7.562219 -10.090553 41.374861 -7.866313 -6.530902 17.26681 -4.548623 -0.677897 0 0.000003 0 26.619614 -5.164392 -4.665593 30.42098 -6.236507 -2.737193 3.658897 -2.103723 -4.333264 0 0.000003 0 8.663207 2.329773 13.536906 35.723317 1.156668 -2.915434 8.118151 -1.994044 -2.363143 0 0.000003 0 25.57308 44.865063 59.697001 14.639226 -11.879964 23.373089 -37.367518 12.142269 -10.761783 -6.07677 7.97907 9.192813 0 0.000003 0 0 0.000003 0.000008 0 0.000003 -8.874025 0 0.000003 -17.748057 0.000002 0.000003 -26.622092 -0.000533 0.00977 -5.423781 -0.000313 0.007331 -4.067835 -0.000151 0.004886 -2.711889 -0.000047 0.002441 -1.355944 0 0.000003 0 13.268195 11.533282 0.804468 -0.013967 0.000774 3.584594 0 0.000003 0 -37.229814 4.870733 3.039028 -89.999999 -90 0 0 0.000003 0 0 0.000003 0 90.000009 -63.648278 -90.000009 -5.682401 0.000003 0 -28.319916 0.000003 0 -16.252152 0.000003 0 0 0.000003 0 89.999996 -84.450021 179.999995 0 0.000003 0 -90.000003 -84.450021 0 0 0.000003 0 0 0.000003 0
0 0 0 179.999991 0.000003 179.999991 0.010992 -0.04779699999999998 -2.488905 -181.456205 -5.461547 -178.984305 -89.295626 17.189157 -91.555749 5.441489 -0.422069 -12.354475 0 0.000003 0 -5.879322 5.261803 9.497864 75.504886 -7.992029 9.334273 -0.15412 1.329519 -0.522786 6.597316 10.20701 -0.746738 0 0.000003 0 0 0.000003 0 0 0.000003 0 0 0.000003 0 -0.000456 0.031018 -1.684043 -0.000256 0.023266 -1.263032 -0.000114 0.015514 -0.842022 0.01396 0.007782 0.175588 0 0.000003 0 82.611247 23.461777 71.694337 0.826417 -0.179625 -8.332209 0 0.000003 0 13.065071 11.992449 9.028516 75.690319 -9.031782 11.401314 -0.421239 2.455134 -0.80889 2.373228 11.011429 -1.626759 0 0.000003 0 0 0.000003 0 0 0.000003 0 0 0.000003 0 -0.010888 -0.151211 8.236909 -0.006129 -0.113577 6.177676 -0.002726 -0.075806 4.118447 -0.000682 -0.037926 2.059223 0 0.000003 0 85.876563 4.436688 89.470294 16.515233 -0.237128 -3.753213 -15.414846 -0.392658 -1.924217 7.811344 0.202224 -3.661415 83.690267 -62.361423 137.475128 20.759175 -66.515738 105.485483 0.888095 33.865686 0.298033 4.715385 2.993681 -16.40678 -7.933018 -0.189624 -0.208941 5.567135 -15.315433 -24.893183 19.640861 -2.94387 -2.854899 22.370434 -7.854537 0.939124 7.15296 0.75969 6.484389 -0.034264 0.000003 0 28.350662 -5.659998 9.454927 41.617651 7.113132 2.842506 17.763896 3.431647 4.452687 0 0.000003 0 26.744617 -3.338532 -20.523182 25.76944 -11.543591 -8.847758 3.737842 -3.45871 -4.497645 0 0.000003 0 8.409512 3.156342 -3.513666 29.902131 -5.92798 -10.004645 7.879106 -4.815267 -9.309696 -0.019782 0.000003 0 25.57308 44.865063 59.697001 20.727688 8.959653 26.757468 16.406282 -19.284572 -35.602006 -6.07677 7.97907 9.192813 0 0.000003 0 0 0.000003 0.000008 0 0.000003 -34.807457 0.000003 0.000016 -69.614927 -0.000007 0.000016 -104.422391 -0.022213 0.063298 -37.860415 -0.01279 0.049077 -28.395306 -0.00583 0.033498 -18.930201 -0.001529 0.016996 -9.465099 0 -0.013986 0 -82.353763 -74.805235 95.859342 49.259512 -50.71113 -2.780847 57.401313 0.345221 0.188764 2.316937 -5.081604 81.382565 -11.465299 -1.63106 -0.318671 -2.31197 -14.287039 -22.877688 25.165214 -7.995028 -6.31789 19.416232 -9.340589 -6.921119 7.336569 -1.104152 0.384089 0 0.000003 0 28.109579 -7.562212 -10.090525 41.374841 -7.866292 -6.530894 17.266752 -4.548603 -0.677889 0 0.000003 0 26.619614 -5.164406 -4.665579 30.420679 -6.23652 -2.737183 3.658951 -2.103703 -4.333254 0 0.000003 0 8.663217 2.329787 13.536918 35.723409 1.156654 -2.915425 8.118059 -1.99403 -2.363136 0 0.000003 0 25.57308 44.865063 59.697001 14.639295 -11.879998 23.373089 -37.367545 12.142255 -10.761796 -6.07677 7.97907 9.192813 0 0.000003 0 0 0.000003 0.000008 0 0.000003 -8.670005 0 0.000003 -17.340016 0.000002 0.000003 -26.010028 -0.000415 0.008547 -4.738992 -0.000245 0.006416 -3.554243 -0.000119 0.004278 -2.369495 -0.000038 0.002134 -1.184747 0 0.000003 0 12.965463 12.226014 0.335889 -0.013968 0.000761 3.542893 0 0.000003 0 -37.540052 4.591536 3.116132 -89.999999 -90 0 0 0.000003 0 0 0.000003 0 90.000009 -63.648278 -90.000009 -5.682401 0.000003 0 -28.319916 0.000003 0 -16.252152 0.000003 0 0 0.000003 0 89.999996 -84.450021 179.999995 0 0.000003 0 -90.000003 -84.450021 0 0 0.000003 0 0 0.000003 0
0 0 0 179.999991 0.000003 179.999991 0.015409 -0.05220899999999995 -2.531784 -179.646994 -4.922781 -178.578042 -86.986045 17.061453 -92.105121 9.980936 -0.714066 -12.399437 0 0.000003 0 -5.963634 5.949794 9.626191 75.504886 -7.992029 9.334273 -0.15412 1.329519 -0.522786 4.382844 9.993136 -0.734508 0 0.000003 0 0 0.000003 0 0 0.000003 0 0 0.000003 0 -0.000164 0.018628 -1.011272 -0.000093 0.013977 -0.758454 -0.000041 0.009312 -0.505636 0.013978 0.004647 0.34378 0 0.000003 0 85.79053 23.355602 72.542695 2.765035 -0.364422 -8.341436 0 0.000003 0 18.005379 8.465032 10.29232 75.690319 -9.031782 11.401314 -0.421239 2.455134 -0.80889 1.631749 10.917957 -1.621815 0 0.000003 0 0 0.000003 0 0 0.000003 0 0 0.000003 0 -0.010734 -0.150139 8.178139 -0.006042 -0.112771 6.133598 -0.002687 -0.075259 4.089062 -0.000672 -0.037652 2.04453 0 0.000003 0 87.441619 4.943666 89.52178 16.419013 -0.170909 -3.615672 -15.428463 -0.094336 -1.797875 8.126648 0.697228 -3.916668 81.285385 -62.123387 140.116553 21.989313 -65.685749 102.695815 0.833457 32.380761 0.268185 4.679833 3.049033 -17.081275 -7.884595 -0.236192 -0.202388 5.567135 -15.315433 -24.893183 19.640895 -2.94387 -2.854923 22.370478 -7.854572 0.939118 7.289133 0.470678 6.486273 -0.034264 0.000003 0 28.201199 -5.636973 9.469617 41.62055 7.093181 2.83523 17.763071 3.449098 4.455957 0 0.000003 0 26.685221 -3.25614 -20.519811 25.74744 -11.600357 -8.859564 3.738162 -3.458382 -4.4976 0 0.000003 0 8.409558 3.156356 -3.513683 29.902141 -5.927994 -10.004666 7.879198 -4.815288 -9.309709 -0.019782 0.000003 0 25.57308 44.865063 59.697001 20.727608 8.959599 26.757449 16.406277 -19.284559 -35.602006 -6.07677 7.97907 9.192813 0 0.000003 0 0 0.000003 0.000008 0.000002 0.000009 -34.987678 0.000003 0.000009 -69.97537 -0.000007 0.000016 -104.963055 -0.022866 0.064117 -38.439191 -0.013169 0.04976 -28.829388 -0.006005 0.033996 -19.219589 -0.001574 0.017249 -9.609793 0 -0.013986 0 -85.207108 -74.406803 98.461541 47.392087 -51.452745 -2.171973 60.362808 0.356149 0.206876 2.274808 -5.100551 81.857242 -12.717764 0.080968 -0.419022 -2.31197 -14.287039 -22.877688 25.165224 -7.995048 -6.317851 19.416329 -9.340602 -6.921114 7.336624 -1.10418 0.384089 0 0.000003 0 28.109579 -7.562233 -10.090498 41.374677 -7.866285 -6.530875 17.26694 -4.548644 -0.677899 0 0.000003 0 26.619641 -5.164413 -4.665538 30.420809 -6.236513 -2.737179 3.659065 -2.103709 -4.333238 0 0.000003 0 8.663242 2.32978 13.822277 35.702864 1.320777 -2.866166 8.112958 -1.931042 -2.353643 0 0.000003 0 25.57308 44.865063 59.697001 14.639295 -11.879923 23.373089 -37.367518 12.142187 -10.761755 -6.07677 7.97907 9.192813 0 0.000003 0 0 0.000003 0.000008 0 0.000003 -8.54382 0 0.000003 -17.087651 0.000001 0.000003 -25.631477 -0.000389 0.008247 -4.574716 -0.00023 0.006184 -3.431036 -0.000112 0.004121 -2.287357 -0.000036 0.002065 -1.143678 0 0.000003 0 12.61063 12.459777 0.330053 -0.013968 0.000761 3.537829 0 0.000003 0 -37.051427 4.421259 3.198588 -89.999999 -90 0 0 0.000003 0 0 0.000003 0 90.000009 -63.648278 -90.000009 -5.682401 0.000003 0 -28.319916 0.000003 0 -16.252152 0.000003 0 0 0.000003 0 89.999996 -84.450021 179.999995 0 0.000003 0 -90.000003 -84.450021 0 0 0.000003 0 0 0.000003 0
0 0 0 179.999991 0.000003 179.999991 0.021045 -0.052952 -2.574563 -177.287122 -4.181446 -178.125596 -83.925246 15.438416 -93.401054 17.342774 -1.177181 -12.520999 0 0.000003 0 -4.034403 6.709154 10.217951 75.504886 -7.992029 9.334273 -0.15412 1.329519 -0.522786 -0.562112 9.67696 -0.441677 0 0.000003 0 0 0.000003 0 0 0.000003 0 0 0.000003 0 -0.00001 -0.004594 0.249528 -0.000006 -0.003447 0.187146 -0.000002 -0.002292 0.124764 0.013987 -0.001234 0.658979 0 0.000003 0 89.297825 24.821586 74.791159 7.7269 -0.835002 -8.393472 0 0.000003 0 22.265681 3.454446 9.23132 75.690319 -9.031782 11.401314 -0.421239 2.455134 -0.80889 2.278924 11.073317 -1.707875 0 0.000003 0 0 0.000003 0 0 0.000003 0 0 0.000003 0 -0.007909 -0.128958 7.01835 -0.004451 -0.096822 5.263758 -0.001979 -0.064604 3.509171 -0.000495 -0.032311 1.754585 0 0.000003 0 89.121784 5.55406 89.51747 16.296201 -0.000161 -3.407733 -15.451245 0.450324 -1.620781 8.179759 1.570932 -3.560399 78.643898 -62.401792 143.082372 24.03212 -64.743793 98.710932 0.791229 31.196092 0.245956 4.648525 3.096612 -17.665321 -8.714084 -0.338167 -0.265936 5.567135 -15.315433 -24.893183 19.640909 -2.943911 -2.854945 22.370328 -7.854572 0.939125 7.288915 0.470787 6.486248 -0.034264 0.000003 0 28.350681 -5.660018 9.454929 41.617674 7.113112 2.842481 17.763946 3.431626 4.686812 0 0.000003 0 26.744658 -3.33856 -20.523188 25.76947 -11.543618 -8.847801 3.737951 -3.458785 -4.497662 0 0.000003 0 8.409563 3.156335 -3.513652 29.902093 -5.927994 -10.004667 7.879111 -4.815267 -9.309713 -0.019782 0.000003 0 25.57308 44.865063 59.697001 20.727638 8.959606 26.757497 16.406251 -19.284572 -35.601982 -6.07677 7.97907 9.192813 0 0.000003 0 0 0.000003 0.000008 0.000002 0.000009 -35.143721 0.000003 0.000009 -70.287441 -0.000003 0.000016 -105.431169 -0.023216 0.064548 -38.746768 -0.013375 0.050122 -29.060071 -0.0061 0.034256 -19.373377 -0.001598 0.017385 -9.686687 0 -0.013986 0 -90.886643 -73.092388 104.356281 45.223263 -52.289525 0.122221 61.651589 0.360691 0.214932 2.194461 -5.135555 82.757878 -13.803621 1.883523 -0.569279 -2.31197 -14.287039 -22.877688 25.165214 -7.995034 -6.317873 19.416245 -9.340616 -7.162251 7.313183 -1.136391 0.150852 0 0.000003 0 28.109579 -7.56224 -9.859747 41.391356 -7.71318 -6.486045 17.293194 -4.482043 -0.666365 0 0.000003 0 26.619641 -5.164413 -4.435716 30.430064 -6.119765 -2.710514 3.666723 -2.061369 -4.327902 0 0.000003 0 8.663247 2.329801 13.536941 35.723327 1.156606 -2.864896 8.117349 -1.982713 -2.4975 0 0.000003 0 25.57308 44.865063 59.697001 14.639295 -11.879985 23.167855 -37.332247 12.266742 -10.798133 -6.07677 7.97907 9.192813 0 0.000003 0 0 0.000003 0.000008 0 0.000003 -8.304427 0 0.000003 -16.608862 0.000002 0.000003 -24.913296 -0.00053 0.009736 -5.402059 -0.000311 0.007297 -4.051543 -0.00015 0.004872 -2.701028 -0.000046 0.002441 -1.350513 0 0.000003 0 12.215763 12.178223 0.386073 -0.013966 0.000788 3.64356 0 0.000003 0 -36.295741 4.25603 3.440839 -89.999999 -90 0 0 0.000003 0 0 0.000003 0 90.000009 -63.648278 -90.000009 -5.682401 0.000003 0 -28.319916 0.000003 0 -16.252152 0.000003 0 0 0.000003 0 89.999996 -84.450021 179.999995 0 0.000003 0 -90.000003 -84.450021 0 0 0.000003 0 0 0.000003 0
0 0 0 179.999991 0.000003 179.999991 0.026564 -0.05036200000000002 -2.616339 -176.052565 -3.203465 -178.444306 -82.013455 13.200777 -94.759627 26.999352 -1.753867 -12.768407 0 0.000003 0 0.740287 5.700875 11.242053 75.504886 -7.992029 9.334273 -0.15412 1.329519 -0.522786 -7.151531 9.132164 -0.020211 0 0.000003 0 0 0.000003 0 0 0.000003 0 0 0.000003 0 -0.000301 -0.025208 1.36872 -0.000169 -0.018903 1.02654 -0.000075 -0.012606 0.68436 0.013969 -0.006452 0.938776 0 0.000003 0 91.559444 25.535505 75.393151 13.955156 -1.416285 -8.51605 0 0.000003 0 18.909748 1.55525 9.540091 75.690319 -9.031782 11.401314 -0.421239 2.455134 -0.80889 3.877488 11.277198 -1.847826 0 0.000003 0 0 0.000003 0 0 0.000003 0 0 0.000003 0 -0.007691 -0.127182 6.920974 -0.004328 -0.09549 5.190727 -0.001925 -0.06371 3.460483 -0.000481 -0.031867 1.730241 0 0.000003 0 89.892557 5.564353 89.484385 16.309877 0.194048 -3.201187 -15.500395 0.884587 -1.449162 8.101325 2.19763 -3.752485 80.101986 -63.273678 141.41948 28.119551 -64.832481 95.22326 0.753056 30.10012 0.226505 4.5599 3.225839 -19.272332 -9.714737 -0.510663 -0.341992 5.567135 -15.315433 -24.893183 19.64089 -2.943877 -2.854937 22.370456 -7.854572 0.939095 7.289122 0.470691 6.486244 -0.034264 0.000003 0 28.350698 -5.659991 9.454935 41.617654 7.113112 2.752691 17.765534 3.402523 4.131925 0 0.000003 0 26.744671 -3.338532 -20.523195 25.769436 -11.543577 -8.847784 3.737935 -3.458764 -4.225027 0 0.000003 0 8.409583 3.156349 -3.513648 29.902148 -5.92796 -10.004666 7.879101 -4.815254 -9.309722 -0.019782 0.000003 0 25.57308 44.865063 59.697001 20.727606 8.959626 26.875937 16.446037 -19.251091 -35.614693 -6.07677 7.97907 9.192813 0 0.000003 0 0 0.000003 0.000008 0.000002 0.000009 -35.572984 0 0.000016 -71.145982 -0.000007 0.000016 -106.718981 -0.022546 0.063715 -38.15749 -0.012984 0.049426 -28.61811 -0.00592 0.033757 -19.078737 -0.001552 0.017126 -9.539367 0 -0.013986 0 -88.251863 -72.317448 102.02677 43.192549 -56.131428 1.500924 60.666218 0.35731 0.208782 2.124233 -5.164939 83.540235 -14.745523 2.53168 -0.697475 -2.31197 -14.287039 -22.877688 25.165209 -7.995021 -6.317872 19.416251 -9.340595 -6.921113 7.336324 -1.103981 0.384072 0 0.000003 0 28.109579 -7.562226 -10.090539 41.255565 -7.951915 -6.514433 17.294785 -4.477548 -0.665595 0 0.000003 0 26.619614 -5.164413 -4.665579 30.420758 -6.236561 -2.737203 3.658862 -2.103682 -4.333269 0 0.000003 0 8.663251 2.329807 13.536914 35.723464 1.15662 -2.915398 8.117799 -1.994064 -2.363127 0 0.000003 0 25.57308 44.865063 59.697001 14.639281 -11.879964 23.373089 -37.367572 12.142235 -10.761783 -6.07677 7.97907 9.192813 0 0.000003 0 0 0.000003 0.000008 0 0.000003 -8.096494 0 -0.000004 -16.192997 0.000002 0.000003 -24.2895 -0.000559 0.010016 -5.561033 -0.000328 0.007523 -4.170775 -0.000158 0.005016 -2.780516 -0.000049 0.002502 -1.390257 0 0.000003 0 12.917926 11.237214 0.535281 -0.013962 0.00087 3.964524 0 0.000003 0 -36.518453 4.126291 3.974986 -89.999999 -90 0 0 0.000003 0 0 0.000003 0 90.000009 -63.648278 -90.000009 -5.682401 0.000003 0 -28.319916 0.000003 0 -16.252152 0.000003 0 0 0.000003 0 89.999996 -84.450021 179.999995 0 0.000003 0 -90.000003 -84.450021 0 0 0.000003 0 0 0.000003 0
0 0 0 179.999991 0.000003 179.999991 0.032496 -0.04692099999999999 -2.659219 -175.328115 -2.817259 -179.141628 -79.903487 9.346618 -96.360732 39.192319 -2.408684 -13.212718 0 0.000003 0 8.255964 5.063953 13.034245 75.504886 -7.992029 9.334273 -0.15412 1.329519 -0.522786 -10.260146 9.047169 0.125371 0 0.000003 0 0 0.000003 0 0 0.000003 0 0 0.000003 0 -0.001034 -0.046702 2.536176 -0.000582 -0.035036 1.902132 -0.000258 -0.02335 1.268088 0.013922 -0.011909 1.230638 0 0.000003 0 92.576343 24.60078 75.124035 19.365273 -1.907601 -8.67314 0 0.000003 0 12.810218 1.151292 10.145906 75.690319 -9.031782 11.401314 -0.421239 2.455134 -0.80889 4.904585 11.439791 -1.953052 0 0.000003 0 0 0.000003 0 0 0.000003 0 0 0.000003 0 -0.008609 -0.134532 7.323121 -0.004845 -0.101016 5.492336 -0.002154 -0.067405 3.661555 -0.000539 -0.033711 1.830777 0 0.000003 0 90.581791 5.326655 89.504534 16.401866 0.33445 -3.036065 -15.515265 1.095469 -1.307886 7.971823 2.452607 -3.668868 82.761539 -64.177502 138.589965 32.807519 -65.410679 90.969555 0.767429 30.515013 0.233752 4.523754 3.27639 -19.909675 -10.614727 -0.45133 -0.420633 5.567135 -15.315433 -24.893183 19.640883 -2.943884 -2.854947 22.370487 -7.854558 0.939098 7.289118 0.470691 6.486237 -0.034264 0.000003 0 28.35066 -5.659991 9.454912 41.617606 7.113119 2.842463 17.764002 3.431653 4.452665 0 0.000003 0 26.744656 -3.338539 -20.523211 25.769447 -11.543557 -8.847807 3.737937 -3.458757 -4.497669 0 0.000003 0 8.409539 3.156329 -3.473846 29.905252 -5.907592 -9.998735 7.881778 -4.805924 -9.30847 -0.019782 0.000003 0 25.57308 44.865063 59.697001 20.727633 8.959626 26.757488 16.406295 -19.284538 -35.602013 -6.07677 7.97907 9.192813 0 0.000003 0 0 0.000003 0.000008 0.000002 0.000009 -35.743206 0 0.000016 -71.48642 -0.000007 0.000016 -107.229633 -0.020409 0.060948 -36.215015 -0.011739 0.047117 -27.161258 -0.00535 0.032104 -18.107503 -0.001404 0.016258 -9.05375 0 -0.013986 0 -83.99574 -71.768292 97.578336 40.329057 -59.946051 5.720488 58.11991 0.348021 0.193107 2.104945 -5.172814 83.754348 -14.130843 1.973442 -0.586041 -2.31197 -14.287039 -22.877688 25.165221 -7.995041 -6.317907 19.416223 -9.340589 -6.921113 7.336488 -1.104098 0.384082 0 0.000003 0 28.109552 -7.56224 -10.090539 41.374868 -7.866354 -6.53094 17.267142 -4.548781 -0.677938 0 0.000003 0 26.619669 -5.164413 -4.665579 30.420706 -6.236527 -2.737197 3.658776 -2.103682 -4.33327 0 0.000003 0 8.663234 2.329766 13.536906 35.723324 1.156647 -2.915408 8.11829 -1.994023 -2.363124 0 0.000003 0 25.57308 44.865063 59.697001 14.639281 -11.879978 23.373089 -37.367545 12.142221 -10.761755 -6.07677 7.97907 9.192813 0 0.000003 0 0 0.000003 0.000008 0 0.000003 -8.039589 0 0.000003 -16.079186 0.000002 0.000003 -24.118783 -0.000831 0.012358 -6.865776 -0.000484 0.009278 -5.149332 -0.00023 0.006191 -3.432887 -0.000069 0.003097 -1.716443 0 0.000003 0 13.737579 10.52656 0.636667 -0.01396 0.000884 4.058958 0 0.000003 0 -37.086298 4.089428 4.133753 -89.999999 -90 0 0 0.000003 0 0 0.000003 0 90.000009 -63.648278 -90.000009 -5.682401 0.000003 0 -28.319916 0.000003 0 -16.252152 0.000003 0 0 0.000003 0 89.999996 -84.450021 179.999995 0 0.000003 0 -90.000003 -84.450021 0 0 0.000003 0 0 0.000003 0
0 0 0 179.999991 0.000003 179.999991 0.038149 -0.045691999999999955 -2.699958 -174.627447 -2.920935 -179.829483 -77.361537 4.351263 -97.560032 51.846586 -2.972598 -13.808991 0 0.000003 0 24.646741 0.763905 10.662286 75.504886 -7.992029 9.334273 -0.15412 1.329519 -0.522786 -1.951898 9.712982 -0.446178 0 0.000003 0 0 0.000003 0 0 0.000003 0 0 0.000003 0 -0.001634 -0.05871 3.188702 -0.000919 -0.044039 2.391526 -0.000409 -0.029367 1.59435 0.013883 -0.014949 1.393769 0 0.000003 0 93.461563 23.103561 74.803043 23.40001 -2.263078 -8.820056 0 0.000003 0 7.509465 0.999491 10.14208 75.690319 -9.031782 11.401314 -0.421239 2.455134 -0.80889 5.306856 11.49629 -2.021162 0 0.000003 0 0 0.000003 0 0 0.000003 0 0 0.000003 0 -0.009646 -0.142359 7.751961 -0.005429 -0.10691 5.813965 -0.002414 -0.071346 3.875974 -0.000604 -0.035692 1.937986 0 0.000003 0 91.388355 5.009871 89.552058 16.487327 0.391359 -2.86862 -15.490763 1.235188 -1.147092 7.929549 2.642869 -3.568127 83.6471 -64.7416 137.437179 36.234748 -64.700638 87.760015 0.843478 32.654693 0.273575 4.495476 3.315124 -20.40156 -11.390517 0.513243 -0.50118 5.567135 -15.315433 -24.893183 19.607209 -2.982796 -2.868412 22.365437 -7.893586 0.93218 7.281714 0.455125 6.484459 -0.034264 0.000003 0 28.34506 -5.715411 9.435873 41.627602 7.045124 2.817709 17.765735 3.398466 4.446427 0 0.000003 0 26.742354 -3.39161 -20.538606 25.752224 -11.587892 -8.856982 3.727877 -3.476584 -4.499849 0 0.000003 0 8.417511 3.132566 -3.513275 29.894406 -5.977369 -10.019058 7.872848 -4.837937 -9.312775 -0.019782 0.000003 0 25.57308 44.865063 59.697001 20.727519 8.959633 26.757466 16.406321 -19.284593 -35.60204 -6.07677 7.97907 9.192813 0 0.000003 0 0 0.000003 0.000008 0.000002 0.000009 -35.874565 0.000003 0.000009 -71.749143 -0.000007 0.000009 -107.623714 -0.020776 0.061426 -36.551737 -0.011949 0.047513 -27.413794 -0.005446 0.032384 -18.275862 -0.00143 0.016415 -9.137929 0 -0.013986 0 -81.420657 -71.258466 95.638638 38.324028 -61.38759 10.947277 54.548937 0.333876 0.171894 2.10224 -5.173914 83.78436 -11.714109 0.308338 -0.296968 -2.31197 -14.287039 -22.877688 25.165226 -7.995028 -6.317906 19.416114 -9.340568 -6.921085 7.336627 -1.104207 0.3841 0 0.000003 0 28.109579 -7.562212 -10.090539 41.374735 -7.866333 -6.530904 17.266903 -4.548623 -0.677916 0 0.000003 0 26.619614 -5.16442 -4.665552 30.420775 -6.236466 -2.737179 3.658579 -2.103655 -4.333265 0 0.000003 0 8.663221 2.329773 13.331946 35.737612 1.03869 -2.950831 8.121198 -2.039301 -2.36994 0 0.000003 0 25.57308 44.865063 59.697001 14.63924 -11.879916 23.373143 -37.3676 12.142207 -10.761769 -6.07677 7.97907 9.192813 0 0.000003 0 0 0.000003 0.000008 0 -0.000004 -8.031614 0 0.000003 -16.063237 0.000002 0.000003 -24.09486 -0.001375 0.016081 -8.952226 -0.000797 0.012078 -6.714169 -0.000374 0.008062 -4.476112 -0.000108 0.004032 -2.238055 0 0.000003 0 14.13954 9.946807 0.702634 -0.013963 0.000843 3.859763 0 0.000003 0 -36.957508 3.822026 3.974668 -89.999999 -90 0 0 0.000003 0 0 0.000003 0 90.000009 -63.648278 -90.000009 -5.682401 0.000003 0 -28.319916 0.000003 0 -16.252152 0.000003 0 0 0.000003 0 89.999996 -84.450021 179.999995 0 0.000003 0 -90.000003 -84.450021 0 0 0.000003 0 0 0.000003 0
0 0 0 179.999991 0.000003 179.999991 0.043371 -0.04661700000000002 -2.739389 -173.954454 -3.048605 -180.420649 -75.075103 -0.730582 -98.697804 62.423496 -3.333977 -14.392248 0 0.000003 0 23.698354 1.875641 13.070965 75.504886 -7.992029 9.334273 -0.15412 1.329519 -0.522786 5.178463 10.180386 -0.902745 0 0.000003 0 0 0.000003 0 0 0.000003 0 0 0.000003 0 -0.002064 -0.065977 3.583976 -0.001161 -0.049496 2.687982 -0.000516 -0.033001 1.791988 0.013856 -0.016793 1.492587 0 0.000003 0 94.3528 21.48079 74.626667 26.794723 -2.553402 -8.962797 0 0.000003 0 2.740774 1.127257 9.89707 75.690319 -9.031782 11.401314 -0.421239 2.455134 -0.80889 5.511597 11.520237 -2.045655 0 0.000003 0 0 0.000003 0 0 0.000003 0 0 0.000003 0 -0.010428 -0.147994 8.060581 -0.00587 -0.111152 6.04543 -0.00261 -0.07418 4.030284 -0.000653 -0.037113 2.015141 0 0.000003 0 92.186148 4.693442 89.65473 16.565147 0.411159 -2.690128 -15.443136 1.341745 -0.967955 7.964477 2.43879 -3.430358 82.992495 -65.062445 137.839068 39.413743 -62.652628 85.386695 0.952974 35.56378 0.334972 4.483942 3.330717 -20.600513 -12.191133 1.69449 -0.626085 5.567135 -15.315433 -24.893183 19.640848 -2.94385 -2.854987 22.370399 -7.85451 0.939113 7.289103 0.470719 6.486217 -0.034264 0.000003 0 28.350657 -5.65997 9.454868 41.617664 7.113166 2.842472 17.764055 3.43164 4.452656 0 0.000003 0 26.744637 -3.338519 -20.523253 25.769479 -11.543529 -8.847771 3.737912 -3.458723 -4.497704 0 0.000003 0 8.409542 3.156342 -3.513705 29.902152 -5.927885 -10.004649 7.879147 -4.815233 -9.30975 -0.019782 0.000003 0 25.57308 44.865063 59.697001 20.727479 8.959612 26.757505 16.406343 -19.284504 -35.60205 -6.07677 7.97907 9.192813 0 0.000003 0 0 0.000003 0.000008 0.000002 0.000009 -35.92769 0.000003 0.000016 -71.855393 -0.000007 0.000009 -107.783097 -0.023779 0.065231 -39.240987 -0.013705 0.050703 -29.430735 -0.00625 0.034673 -19.620487 -0.001638 0.017611 -9.810242 0 -0.013986 0 -82.179033 -70.374001 96.819666 36.221511 -61.159192 17.420329 49.927262 0.313638 0.145796 2.034341 -5.200927 84.535284 -8.134663 -1.832599 -0.123681 -2.31197 -14.287039 -22.877688 25.165221 -7.995014 -6.436907 19.407918 -9.382376 -6.927847 7.324241 -1.12105 0.382268 0 0.000003 0 28.109575 -7.562205 -10.09058 41.374868 -7.866326 -6.530871 17.266937 -4.548617 -0.677933 0 0.000003 0 26.619633 -5.164406 -4.665564 30.420853 -6.236411 -2.737182 3.658634 -2.103668 -4.33326 0 0.000003 0 8.663228 2.32978 13.536883 35.723221 1.156743 -2.915366 8.118091 -1.994003 -2.363149 0 0.000003 0 25.57308 44.865063 59.697001 14.639214 -11.879937 23.37309 -37.3676 12.142235 -10.761783 -6.07677 7.97907 9.192813 0 0.000003 0 0 0.000003 0.000008 0 -0.000004 -7.832056 0 0.000003 -15.66412 0.000002 0.000003 -23.496185 -0.002396 0.021395 -11.951569 -0.001379 0.016101 -8.963676 -0.000639 0.010767 -5.975784 -0.000179 0.005385 -2.987891 0 0.000003 0 14.647096 9.311313 0.668179 -0.013964 0.000829 3.831788 0 0.000003 0 -37.257487 3.273589 4.212765 -89.999999 -90 0 0 0.000003 0 0 0.000003 0 90.000009 -63.648278 -90.000009 -5.682401 0.000003 0 -28.319916 0.000003 0 -16.252152 0.000003 0 0 0.000003 0 89.999996 -84.450021 179.999995 0 0.000003 0 -90.000003 -84.450021 0 0 0.000003 0 0 0.000003 0
0 0 0 179.999991 0.000003 179.999991 0.047493 -0.044870999999999994 -2.778447 -173.443488 -3.063331 -180.913748 -73.37804 -5.687988 -100.015177 69.578632 -3.514806 -14.820035 0 0.000003 0 21.60951 1.396804 10.462631 75.504886 -7.992029 9.334273 -0.15412 1.329519 -0.522786 6.250008 10.266747 -0.921865 0 0.000003 0 0 0.000003 0 0 0.000003 0 0 0.000003 0 -0.002531 -0.073046 3.968413 -0.001424 -0.054803 2.976309 -0.000633 -0.036546 1.984206 0.013827 -0.018582 1.588696 0 0.000003 0 95.359884 18.633954 74.951457 27.473961 -2.610421 -8.993419 0 0.000003 0 -0.586138 1.253069 9.199756 75.690319 -9.031782 11.401314 -0.421239 2.455134 -0.80889 5.762347 11.515305 -2.046967 0 0.000003 0 0 0.000003 0 0 0.000003 0 0 0.000003 0 -0.010279 -0.146935 8.002724 -0.005786 -0.11036 6.002037 -0.002573 -0.073647 4.001356 -0.000643 -0.036846 2.000677 0 0.000003 0 92.759645 4.566592 89.798512 16.627858 0.402533 -2.481292 -15.321316 1.422307 -0.754102 8.114541 2.921507 -3.272538 81.536237 -65.279087 139.495976 42.536475 -58.169932 83.459325 1.062346 38.270775 0.400662 4.504515 3.302809 -20.244949 -12.960899 2.183757 -0.761976 5.567135 -15.315433 -24.893183 19.640906 -2.943816 -2.855 22.370376 -7.854483 0.939131 7.289092 0.470753 6.486216 -0.034264 0.000003 0 28.35066 -5.659916 9.454878 41.617634 7.113207 2.842494 17.76393 3.43164 4.452669 0 0.000003 0 26.744658 -3.338464 -20.523257 25.769474 -11.543509 -8.847754 3.738035 -3.458757 -4.497703 0 0.000003 0 8.409501 3.15639 -3.513719 29.902134 -5.92785 -10.004626 7.879083 -4.815213 -9.309728 -0.019782 0.000003 0 25.57308 44.865063 59.697001 20.727493 8.959701 26.757502 16.406343 -19.284572 -35.602061 -6.07677 7.97907 9.192813 0 0.000003 0 0 0.000003 0.000008 0.000002 0.000003 -35.832743 0.000003 0.000009 -71.6655 -0.000007 0.000016 -107.498244 -0.031123 0.073208 -45.251554 -0.018025 0.057601 -33.938657 -0.008242 0.03972 -22.625768 -0.002154 0.020268 -11.312881 0 -0.013986 0 -83.589494 -69.303125 99.422938 36.028797 -61.598204 21.018667 44.720848 0.288455 0.118451 1.908816 -5.248171 85.913767 -5.181563 -4.212783 -0.250026 -2.31197 -14.287039 -22.877688 25.165253 -7.994973 -6.317988 19.416216 -9.340568 -6.921092 7.33636 -1.104084 0.384168 0 0.000003 0 28.109562 -7.562171 -10.090593 41.374691 -7.866313 -6.530831 17.266981 -4.548596 -0.677933 0 0.000003 0 26.619658 -5.164365 -4.665569 30.420758 -6.236363 -2.737163 3.658955 -2.103744 -4.333276 0 0.000003 0 8.663222 2.329807 13.392986 35.733473 1.073995 -2.940219 8.120408 -2.025777 -2.367957 0 0.000003 0 25.57308 44.865063 59.697001 14.639192 -11.879937 23.373143 -37.367613 12.142201 -10.761792 -6.07677 7.97907 9.192813 0 0.000003 0 0 0.000003 0.000008 0 0.000003 -7.465772 0 0.000003 -14.931553 0.000002 0.000003 -22.397334 -0.003163 0.024646 -13.801328 -0.001817 0.018567 -10.350995 -0.000839 0.012413 -6.900663 -0.000232 0.006218 -3.450331 0 0.000003 0 15.139422 8.697142 0.553021 -0.013962 0.000849 3.912734 0 0.000003 0 -37.666444 3.058384 4.447128 -89.999999 -90 0 0 0.000003 0 0 0.000003 0 90.000009 -63.648278 -90.000009 -5.682401 0.000003 0 -28.319916 0.000003 0 -16.252152 0.000003 0 0 0.000003 0 89.999996 -84.450021 179.999995 0 0.000003 0 -90.000003 -84.450021 0 0 0.000003 0 0 0.000003 0
0 0 0 179.999991 0.000003 179.999991 0.049988 -0.039800999999999975 -2.815844 -173.594722 -3.0782 -181.439549 -73.020583 -10.26084 -101.266598 72.596988 -3.574843 -15.006629 0 0.000003 0 16.034941 1.249456 5.319164 75.504886 -7.992029 9.334273 -0.15412 1.329519 -0.522786 6.122792 10.278768 -0.909208 0 0.000003 0 0 0.000003 0 0 0.000003 0 0 0.000003 0 -0.003006 -0.079597 4.325145 -0.001691 -0.059727 3.243858 -0.000752 -0.039831 2.162571 0.013796 -0.020249 1.677878 0 0.000003 0 95.679626 14.613862 75.234042 25.840986 -2.472704 -8.920971 0 0.000003 0 -2.511374 1.76381 8.532604 75.690319 -9.031782 11.401314 -0.421239 2.455134 -0.80889 5.981897 11.513058 -1.868617 0 0.000003 0 0 0.000003 0 0 0.000003 0 0 0.000003 0 -0.00987 -0.144005 7.841808 -0.005556 -0.108147 5.88135 -0.002471 -0.072165 3.920898 -0.000618 -0.036102 1.960448 0 0.000003 0 92.889692 4.526048 89.9342 16.688307 0.303386 -2.223671 -15.189808 1.345727 -0.533544 8.307815 2.853369 -3.055779 80.264879 -65.572201 140.982089 45.803645 -53.795401 81.217288 1.157334 40.472364 0.46091 4.546299 3.245005 -19.51334 -13.791815 1.886678 -0.891327 5.567135 -15.315433 -24.893183 19.640875 -2.943802 -2.855019 22.370423 -7.854469 0.939141 7.289046 0.470787 6.486207 -0.034264 0.000003 0 28.350657 -5.659923 9.454852 41.61764 7.113235 2.842525 17.763982 3.431626 4.452697 0 0.000003 0 26.744613 -3.338464 -20.523274 25.769433 -11.543468 -8.847717 3.737868 -3.458662 -4.4977 0 0.000003 0 8.40948 3.156363 -3.513742 29.902148 -5.927816 -10.004599 7.879158 -4.815226 -9.309719 -0.019782 0.000003 0 25.57308 44.865063 59.697001 20.727471 8.959653 26.757483 16.406302 -19.284565 -35.60203 -6.07677 7.97907 9.192813 0 0.000003 0 0 0.000003 0.000008 0 0.000016 -35.637356 0.000003 0.000009 -71.274718 -0.000007 0.000016 -106.912084 -0.037127 0.078632 -49.732363 -0.021592 0.062499 -37.29926 -0.009895 0.043408 -24.866166 -0.002583 0.022242 -12.433082 0 -0.013986 0 -84.866774 -68.222787 101.373046 33.381836 -62.805808 25.183934 40.085441 0.263935 0.096108 1.808685 -5.283429 87.004685 -3.502484 -6.441938 -0.529162 -2.31197 -14.287039 -22.877688 25.084486 -8.082632 -6.339531 19.399858 -9.421417 -6.934084 7.312751 -1.136807 0.380576 0 0.000003 0 28.090014 -7.689192 -10.165342 41.354617 -8.044444 -6.582856 17.23632 -4.62605 -0.691318 0 0.000003 0 26.60796 -5.286359 -4.726202 30.410003 -6.366833 -2.766914 3.649726 -2.150838 -4.339219 0 0.000003 0 8.678385 2.273923 13.530059 35.739368 1.024189 -2.955192 8.121874 -2.044861 -2.370848 0 0.000003 0 25.57308 44.865063 59.697001 14.639172 -11.879944 23.373122 -37.36762 12.142201 -10.761794 -6.07677 7.97907 9.192813 0 0.000003 0 0 0.000003 0.000008 0 0.000003 -7.175937 0.000001 0.000003 -14.351884 0 0.000003 -21.527827 -0.003632 0.026429 -14.823367 -0.002083 0.019919 -11.117525 -0.00096 0.013335 -7.411682 -0.000264 0.006682 -3.70584 0 0.000003 0 15.801511 8.001658 0.490368 -0.013962 0.000856 3.929238 0 0.000003 0 -37.528399 3.308772 4.341758 -89.999999 -90 0 0 0.000003 0 0 0.000003 0 90.000009 -63.648278 -90.000009 -5.682401 0.000003 0 -28.319916 0.000003 0 -16.252152 0.000003 0 0 0.000003 0 89.999996 -84.450021 179.999995 0 0.000003 0 -90.000003 -84.450021 0 0 0.000003 0 0 0.000003 0
0 0 0 179.999991 0.000003 179.999991 0.052052 -0.03376800000000002 -2.854846 -174.27856 -3.16051 -181.936405 -73.752041 -14.38704 -102.598252 71.483845 -3.553841 -14.937443 0 0.000003 0 7.860837 3.376186 7.405594 75.504886 -7.992029 9.334273 -0.15412 1.329519 -0.522786 6.002593 10.298241 -0.828706 0 0.000003 0 0 0.000003 0 0 0.000003 0 0 0.000003 0 -0.003815 -0.089657 4.873052 -0.002146 -0.067275 3.654788 -0.000954 -0.044865 2.436524 0.013745 -0.022803 1.814854 0 0.000003 0 95.52193 10.033803 75.505132 22.984317 -2.226947 -8.803783 0 0.000003 0 -3.731992 2.149279 7.900355 75.690319 -9.031782 11.401314 -0.421239 2.455134 -0.80889 6.11708 11.533241 -1.733352 0 0.000003 0 0 0.000003 0 0 0.000003 0 0 0.000003 0 -0.009231 -0.139292 7.583462 -0.005196 -0.104595 5.687592 -0.002311 -0.069802 3.791725 -0.000578 -0.034913 1.895862 0 0.000003 0 92.79133 4.377744 90.212497 16.73116 0.18993 -2.023361 -15.150893 1.108399 -0.262504 8.317969 2.709231 -2.781486 80.409604 -66.194077 140.413161 48.542687 -50.95046 78.161721 1.239046 42.256122 0.514895 4.563961 3.220088 -19.200102 -14.766797 1.74375 -1.052534 5.567135 -15.315433 -24.893183 19.640882 -2.943789 -2.85498 22.370437 -7.854435 0.939166 7.289028 0.470807 6.486202 -0.034264 0.000003 0 28.350619 -5.659909 9.454876 41.61764 7.113255 2.842547 17.764017 3.43164 4.452694 0 0.000003 0 26.744599 -3.338444 -20.52326 25.769394 -11.543447 -8.847672 3.737955 -3.458703 -4.497689 0 0.000003 0 8.409475 3.156376 -3.513743 29.902097 -5.927796 -10.004573 7.878989 -4.815185 -9.309687 -0.019782 0.000003 0 25.57308 44.865063 59.697001 20.727479 8.959688 26.757512 16.40633 -19.284552 -35.60204 -6.07677 7.97907 9.192813 0 0.000003 0 0 0.000003 0.000008 0.000002 0.000003 -35.553696 0 0.000009 -71.107399 -0.000007 0.000009 -106.661102 -0.038604 0.079834 -50.789143 -0.022473 0.063626 -38.091842 -0.010306 0.044262 -25.394555 -0.002691 0.022713 -12.697276 0 -0.013986 0 -83.625155 -67.430152 101.175462 29.750917 -64.719887 28.968157 37.160997 0.247638 0.083064 1.767469 -5.297335 87.451741 -2.091804 -7.970234 -0.816399 -2.31197 -14.287039 -22.877688 25.165245 -7.994952 -6.318047 19.416322 -9.340568 -6.921111 7.336395 -1.10407 0.384218 0 0.000003 0 28.109568 -7.562137 -10.090637 41.374732 -7.866251 -6.53079 17.26694 -4.548596 -0.67794 0 0.000003 0 26.619641 -5.16431 -4.665596 30.420747 -6.236315 -2.737148 3.658874 -2.103668 -4.333274 0 0.000003 0 8.663224 2.329828 13.536836 35.723269 1.156852 -2.915343 8.11793 -1.994003 -2.363206 0 0.000003 0 25.57308 44.865063 59.697001 14.639141 -11.879882 23.37314 -37.367603 12.142194 -10.761771 -6.07677 7.97907 9.192813 0 0.000003 0 0 0.000003 0.000008 0 0.000003 -7.057171 0.000001 0.000003 -14.11435 0 -0.000004 -21.171529 -0.003638 0.026456 -14.83624 -0.002088 0.01994 -11.127179 -0.000961 0.013342 -7.418119 -0.000265 0.006689 -3.709058 0 0.000003 0 16.484084 7.900359 0.627135 -0.013969 0.000733 3.454869 0 0.000003 0 -36.951815 2.829805 3.879095 -89.999999 -90 0 0 0.000003 0 0 0.000003 0 90.000009 -63.648278 -90.000009 -5.682401 0.000003 0 -28.319916 0.000003 0 -16.252152 0.000003 0 0 0.000003 0 89.999996 -84.450021 179.999995 0 0.000003 0 -90.000003 -84.450021 0 0 0.000003 0 0 0.000003 0
0 0 0 179.999991 0.000003 179.999991 0.05351 -0.028078999999999965 -2.89289 -175.241139 -3.244378 -182.163973 -75.192692 -17.973251 -103.954058 66.590205 -3.445773 -14.638656 0 0.000003 0 7.446685 3.885929 9.359774 75.504886 -7.992029 9.334273 -0.15412 1.329519 -0.522786 5.912251 10.336906 -0.75646 0 0.000003 0 0 0.000003 0 0 0.000003 0 0 0.000003 0 -0.00505 -0.103133 5.607567 -0.002842 -0.077397 4.205673 -0.001263 -0.051627 2.803781 0.013666 -0.026232 1.998481 0 0.000003 0 95.078651 5.286214 75.875342 19.08833 -1.882862 -8.66397 0 0.000003 0 -4.248202 2.555586 7.574692 75.690319 -9.031782 11.401314 -0.421239 2.455134 -0.80889 6.11708 11.533241 -1.733352 0 0.000003 0 0 0.000003 0 0 0.000003 0 0 0.000003 0 -0.008285 -0.131991 7.183955 -0.004663 -0.099104 5.387962 -0.002073 -0.066121 3.591973 -0.000518 -0.033076 1.795986 0 0.000003 0 92.637999 4.238941 90.421371 16.754242 0.083194 -1.670878 -15.17125 0.791191 0.096112 8.259482 1.802428 -2.396307 81.75636 -67.208116 138.561879 51.310727 -49.548174 74.065683 1.331547 44.159737 0.578207 4.561248 3.223934 -19.248358 -15.619741 2.153909 -1.229125 5.567135 -15.315433 -24.893183 19.640936 -2.943789 -2.854987 22.370396 -7.854408 0.939193 7.289105 0.470794 6.4862 -0.034264 0.000003 0 28.350647 -5.659895 9.454887 41.617647 7.113303 2.842574 17.763951 3.43164 4.452713 0 0.000003 0 26.744608 -3.338437 -20.523262 25.76946 -11.543427 -8.847654 3.738002 -3.458716 -4.497696 0 0.000003 0 8.409515 3.156383 -3.513748 29.902076 -5.927775 -10.004545 7.879007 -4.815178 -9.309667 -0.019782 0.000003 0 25.57308 44.865063 59.697001 20.727467 8.959701 26.757473 16.406287 -19.284572 -35.60204 -6.07677 7.97907 9.192813 0 0.000003 0 0 0.000003 0.000008 0.000002 0.000009 -35.566585 0 0.000009 -71.133176 -0.000007 0.000016 -106.699767 -0.036224 0.077867 -49.078259 -0.021056 0.061802 -36.808682 -0.009645 0.042869 -24.539118 -0.002518 0.021955 -12.269557 0 -0.013986 0 -83.033005 -66.588862 101.256728 23.471067 -65.021249 35.332879 36.414983 0.243328 0.079877 1.878548 -5.259059 86.244327 -0.133858 -8.600742 -1.102628 -2.31197 -14.287039 -22.877688 25.165265 -7.994973 -6.318071 19.416341 -9.340554 -6.921111 7.336407 -1.104077 0.384211 0 0.000003 0 28.109587 -7.562151 -10.090677 41.374708 -7.866238 -6.530771 17.267036 -4.548664 -0.677949 0 0.000003 0 26.619641 -5.164331 -4.66561 30.420846 -6.236295 -2.737154 3.658813 -2.103675 -4.333265 0 0.000003 0 8.663222 2.329801 13.536824 35.72316 1.156914 -2.915325 8.118008 -1.994064 -2.36323 0 0.000003 0 25.57308 44.865063 59.697001 14.639151 -11.879923 23.37316 -37.367658 12.142201 -10.761814 -6.07677 7.97907 9.192813 0 0.000003 0 0 0.000003 0.000008 0 0.000003 -7.377945 0 0.000003 -14.755898 0 0.000003 -22.133851 -0.0041 0.028088 -15.781096 -0.002351 0.02119 -11.835821 -0.001081 0.014189 -7.890545 -0.000296 0.007113 -3.945272 0 0.000003 0 16.719583 6.944993 0.49296 -0.013973 0.000651 3.071053 0 0.000003 0 -36.109165 3.152237 3.151832 -89.999999 -90 0 0 0.000003 0 0 0.000003 0 90.000009 -63.648278 -90.000009 -5.682401 0.000003 0 -28.319916 0.000003 0 -16.252152 0.000003 0 0 0.000003 0 89.999996 -84.450021 179.999995 0 0.000003 0 -90.000003 -84.450021 0 0 0.000003 0 0 0.000003 0
0 0 0 179.999991 0.000003 179.999991 0.054269 -0.02459599999999995 -2.928984 -176.192079 -3.27398 -181.98968 -77.06805 -20.927178 -104.794534 58.163992 -3.201478 -14.149425 0 0.000003 0 7.851098 3.647419 9.408743 75.504886 -7.992029 9.334273 -0.15412 1.329519 -0.522786 5.804165 10.330821 -0.733378 0 0.000003 0 0 0.000003 0 0 0.000003 0 0 0.000003 0 -0.006052 -0.112873 6.138945 -0.003406 -0.084719 4.604206 -0.001514 -0.05651 3.069469 0.013603 -0.028712 2.131325 0 0.000003 0 94.553075 0.988338 76.225628 15.112391 -1.522617 -8.545718 0 0.000003 0 -4.744523 2.879262 6.976076 75.690319 -9.031782 11.401314 -0.421239 2.455134 -0.80889 5.985613 11.58315 -2.079424 0 0.000003 0 0 0.000003 0 0 0.000003 0 0 0.000003 0 -0.007392 -0.124689 6.784828 -0.00416 -0.093619 5.088617 -0.001849 -0.062453 3.39241 -0.000463 -0.031246 1.696204 0 0.000003 0 92.549671 4.259397 90.520968 16.773946 -0.007401 -1.218127 -15.20909 0.494467 0.54831 8.148539 1.415716 -1.946196 83.257383 -68.399824 136.362668 52.052462 -47.97998 71.167334 1.452137 46.470212 0.663952 4.560239 3.225354 -19.266283 -16.239693 2.705475 -1.388171 5.567135 -15.315433 -24.893183 19.640889 -2.943748 -2.854996 22.370411 -7.854387 0.939202 7.289081 0.470814 6.486188 -0.034264 0.000003 0 28.350633 -5.659854 9.454888 41.61764 7.113344 2.842593 17.763929 3.431619 4.452729 0 0.000003 0 26.744596 -3.338396 -20.523257 25.769459 -11.543434 -8.847627 3.737834 -3.458594 -4.497683 0 0.000003 0 8.409463 3.156411 -3.513759 29.902172 -5.927734 -10.004545 7.87906 -4.815192 -9.309661 -0.019782 0.000003 0 25.57308 44.865063 59.697001 20.72742 8.959701 26.757507 16.406328 -19.284552 -35.602061 -6.07677 7.97907 9.192813 0 0.000003 0 0 0.000003 0.000008 0 0.000009 -35.571369 0.000003 0.000009 -71.142745 -0.000007 0.000016 -106.714131 -0.035153 0.076938 -48.293139 -0.020417 0.060948 -36.219844 -0.009349 0.042227 -24.146556 -0.002441 0.021606 -12.073276 0 -0.013986 0 -83.583491 -65.671273 102.421712 17.275575 -64.543711 41.923257 36.864747 0.245971 0.081809 2.065828 -5.188523 84.187518 1.871407 -8.769414 -1.377813 -2.31197 -14.287039 -22.877688 25.165282 -7.995007 -6.318064 19.416184 -9.340541 -6.92108 7.336504 -1.104104 0.384239 0 0.000003 0 28.109613 -7.562171 -10.090671 41.37468 -7.866224 -6.53075 17.266998 -4.548603 -0.677953 0 0.000003 0 26.619682 -5.164324 -4.665604 30.420737 -6.236309 -2.737155 3.658803 -2.103662 -4.333267 0 0.000003 0 8.663245 2.32978 13.536848 35.723218 1.156948 -2.915323 8.118077 -1.994037 -2.363233 0 0.000003 0 25.57308 44.865063 59.697001 14.639155 -11.879889 23.373181 -37.367678 12.142194 -10.761811 -6.07677 7.97907 9.192813 0 0.000003 0 0 0.000003 0.000008 0 0.000003 -7.924474 0 0.000003 -15.848957 0.000002 0.000003 -23.77344 -0.004793 0.030376 -17.106009 -0.002747 0.022938 -12.829505 -0.00126 0.015364 -8.553003 -0.000343 0.007707 -4.2765 0 0.000003 0 16.483579 6.024407 0.45508 -0.013978 0.000528 2.603533 0 0.000003 0 -35.337995 3.387298 2.36024 -89.999999 -90 0 0 0.000003 0 0 0.000003 0 90.000009 -63.648278 -90.000009 -5.682401 0.000003 0 -28.319916 0.000003 0 -16.252152 0.000003 0 0 0.000003 0 89.999996 -84.450021 179.999995 0 0.000003 0 -90.000003 -84.450021 0 0 0.000003 0 0 0.000003 0
0 0 0 179.999991 0.000003 179.999991 0.053163 -0.023873000000000033 -2.96523 -176.917336 -3.154555 -181.495038 -79.130597 -22.996548 -104.660642 46.755592 -2.761737 -13.554241 0 0.000003 0 8.615724 3.353011 8.826208 75.504886 -7.992029 9.334273 -0.15412 1.329519 -0.522786 5.671757 10.261528 -0.727209 0 0.000003 0 0 0.000003 0 0 0.000003 0 0 0.000003 0 -0.006057 -0.112907 6.141254 -0.003408 -0.084753 4.605938 -0.001515 -0.056538 3.070624 0.013602 -0.028732 2.131902 0 0.000003 0 94.16525 -2.881504 76.499334 11.049063 -1.146745 -8.450987 0 0.000003 0 -4.906008 3.221721 6.902821 75.690319 -9.031782 11.401314 -0.421239 2.455134 -0.80889 5.985613 11.583163 -2.079424 0 0.000003 0 0 0.000003 0 0 0.000003 0 0 0.000003 0 -0.006678 -0.118535 6.448651 -0.003758 -0.088981 4.836484 -0.001671 -0.059365 3.224321 -0.000418 -0.029688 1.61216 0 0.000003 0 92.640601 4.389956 90.533256 16.775039 -0.084036 -0.716757 -15.254317 0.255923 1.046419 8.055791 0.976118 -1.455406 85.318796 -69.749106 133.599638 51.828124 -46.41491 69.40104 1.595524 48.98185 0.77004 4.569187 3.212664 -19.106932 -16.721133 3.019438 -1.516395 5.567135 -15.315433 -24.893183 19.640964 -2.943761 -2.855009 22.370367 -7.85436 0.939226 7.289154 0.470787 6.486199 -0.034264 0.000003 0 28.35063 -5.659854 9.45487 41.61764 7.113371 2.842603 17.764098 3.431626 4.452731 0 0.000003 0 26.744627 -3.338396 -20.523311 25.769356 -11.543393 -8.847586 3.737853 -3.458614 -4.497675 0 0.000003 0 8.409523 3.156411 -3.513805 29.902179 -5.927741 -10.004542 7.878984 -4.815178 -9.309649 -0.019782 0.000003 0 25.57308 44.865063 59.697001 20.727387 8.959701 26.757478 16.40634 -19.284524 -35.602057 -6.07677 7.97907 9.192813 0 0.000003 0 0 0.000003 0.000008 0 0.000009 -35.52881 0.000003 0.000009 -71.057627 -0.000007 0.000016 -106.586448 -0.035145 0.076938 -48.286999 -0.020409 0.060935 -36.215237 -0.009346 0.042227 -24.143489 -0.002441 0.021606 -12.071741 0 -0.013986 0 -85.396817 -64.548557 104.428292 11.641509 -63.160693 48.026031 37.208962 0.247904 0.083263 2.250032 -5.111506 82.135593 3.105404 -8.79569 -1.564182 -2.31197 -14.287039 -22.877688 25.165272 -7.995 -6.318127 19.416242 -9.340548 -6.921094 7.33645 -1.10407 0.384244 0 0.000003 0 28.109604 -7.562164 -10.090722 41.374701 -7.866258 -6.53075 17.267002 -4.54861 -0.677955 0 0.000003 0 26.619675 -5.164317 -4.665648 30.420717 -6.236329 -2.737162 3.658864 -2.103668 -4.33327 0 0.000003 0 8.663219 2.329773 13.536815 35.723228 1.156948 -2.915331 8.118199 -1.994058 -2.363253 0 0.000003 0 25.57308 44.865063 59.697001 14.639124 -11.879848 23.373174 -37.367644 12.142173 -10.761826 -6.07677 7.97907 9.192813 0 0.000003 0 0 0.000003 0.000008 0 0.000003 -8.469831 0 0.000003 -16.93967 0.000002 0.000003 -25.409508 -0.005772 0.03332 -18.825697 -0.003306 0.025199 -14.119271 -0.001514 0.0169 -9.412847 -0.00041 0.008479 -4.706422 0 0.000003 0 15.99855 4.753514 0.467152 -0.013983 0.000365 1.937991 0 0.000003 0 -35.015416 2.896372 1.638868 -89.999999 -90 0 0 0.000003 0 0 0.000003 0 90.000009 -63.648278 -90.000009 -5.682401 0.000003 0 -28.319916 0.000003 0 -16.252152 0.000003 0 0 0.000003 0 89.999996 -84.450021 179.999995 0 0.000003 0 -90.000003 -84.450021 0 0 0.000003 0 0 0.000003 0
0 0 0 179.999991 0.000003 179.999991 0.050771 -0.02592799999999995 -3.001093 -177.26752 -2.826658 -180.833288 -81.06576 -23.691308 -103.641516 32.715421 -2.072653 -12.959325 0 0.000003 0 9.822955 2.576773 7.700587 75.504886 -7.992029 9.334273 -0.15412 1.329519 -0.522786 5.769334 10.219707 -0.722008 0 0.000003 0 0 0.000003 0 0 0.000003 0 0 0.000003 0 -0.005159 -0.104233 5.667356 -0.002903 -0.078224 4.250515 -0.00129 -0.052173 2.833676 0.013659 -0.026512 2.013429 0 0.000003 0 94.013831 -6.852316 76.539913 6.519563 -0.720958 -8.377059 0 0.000003 0 -5.134269 4.05165 7.002431 75.690319 -9.031782 11.401314 -0.421239 2.455134 -0.80889 5.920152 11.53833 -2.433965 0 0.000003 0 0 0.000003 0 0 0.000003 0 0 0.000003 0 -0.006323 -0.115359 6.274826 -0.003559 -0.086597 4.706117 -0.001582 -0.057767 3.13741 -0.000396 -0.028896 1.568705 0 0.000003 0 92.947024 4.61467 90.486626 16.75901 -0.144552 -0.240142 -15.301157 0.098945 1.524395 7.98554 0.552408 -0.992662 88.278071 -71.058415 129.96401 51.098121 -44.917456 68.662854 1.748679 51.412168 0.887696 4.585077 3.189913 -18.822369 -17.229782 3.026514 -1.63256 5.567135 -15.315433 -24.893183 19.640953 -2.943748 -2.855035 22.370427 -7.854367 0.939228 7.288992 0.470862 6.486211 -0.034264 0.000003 0 28.350633 -5.659854 9.4549 41.617531 7.113405 2.842629 17.763859 3.431633 4.452734 0 0.000003 0 26.744632 -3.338382 -20.523279 25.769443 -11.543366 -8.847568 3.737806 -3.458573 -4.497661 0 0.000003 0 8.409512 3.156417 -3.513785 29.90209 -5.92768 -10.004508 7.878872 -4.815144 -9.309615 -0.019782 0.000003 0 25.57308 44.865063 59.697001 20.727404 8.959708 26.757495 16.406309 -19.284552 -35.602047 -6.07677 7.97907 9.192813 0 0.000003 0 0 0.000003 0.000008 0.000002 0.000009 -35.4528 0.000003 0.000009 -70.905614 -0.000007 0.000016 -106.358422 -0.036046 0.077716 -48.948291 -0.020948 0.061665 -36.711205 -0.009595 0.042773 -24.474132 -0.002505 0.021893 -12.237063 0 -0.013986 0 -86.886283 -63.408508 106.413603 8.18946 -61.77948 51.644563 36.924904 0.246299 0.082053 2.347119 -5.067752 81.04124 3.727853 -8.853924 -1.675828 -2.31197 -14.287039 -22.877688 25.165279 -7.995021 -6.318127 19.416254 -9.340548 -6.921085 7.336468 -1.104057 0.384227 0 0.000003 0 28.109618 -7.562178 -10.090752 41.374697 -7.866258 -6.530743 17.266991 -4.548623 -0.677971 0 0.000003 0 26.619696 -5.16431 -4.665678 30.42074 -6.236343 -2.73718 3.65879 -2.103675 -4.333282 0 0.000003 0 8.66321 2.329773 13.536786 35.723167 1.156955 -2.915333 8.118041 -1.994092 -2.363259 0 0.000003 0 25.57308 44.865063 59.697001 14.639127 -11.879903 23.373143 -37.367692 12.142235 -10.761856 -6.07677 7.97907 9.192813 0 0.000003 0 0 0.000003 0.000008 0 0.000003 -8.76074 0 0.000003 -17.521489 0.000002 0.000003 -26.282238 -0.006568 0.035526 -20.122116 -0.00376 0.026886 -15.091586 -0.00172 0.018055 -10.061056 -0.000464 0.009066 -5.030527 0 0.000003 0 15.603007 3.277892 0.564115 -0.013986 0.000262 1.514556 0 0.000003 0 -34.96365 2.731388 1.107544 -89.999999 -90 0 0 0.000003 0 0 0.000003 0 90.000009 -63.648278 -90.000009 -5.682401 0.000003 0 -28.319916 0.000003 0 -16.252152 0.000003 0 0 0.000003 0 89.999996 -84.450021 179.999995 0 0.000003 0 -90.000003 -84.450021 0 0 0.000003 0 0 0.000003 0
0 0 0 179.999991 0.000003 179.999991 0.046691 -0.029800999999999966 -3.039984 -177.347296 -2.358756 -180.112157 -82.666927 -23.135665 -102.151435 17.311176 -1.175234 -12.520348 0 0.000003 0 11.420951 1.792196 6.863913 75.504886 -7.992029 9.334273 -0.15412 1.329519 -0.522786 6.016982 10.219871 -0.688447 0 0.000003 0 0 0.000003 0 0 0.000003 0 0 0.000003 0 -0.003879 -0.090409 4.913903 -0.002183 -0.067835 3.685426 -0.00097 -0.045241 2.45695 0.013741 -0.023002 1.825066 0 0.000003 0 93.887548 -9.957225 76.323758 3.771892 -0.460229 -8.348705 0 0.000003 0 -5.3385 4.888676 7.403064 75.690319 -9.031782 11.401314 -0.421239 2.455134 -0.80889 5.742458 11.535864 -2.07803 0 0.000003 0 0 0.000003 0 0 0.000003 0 0 0.000003 0 -0.006415 -0.116193 6.320534 -0.00361 -0.087219 4.740397 -0.001605 -0.058184 3.160264 -0.000401 -0.029108 1.580131 0 0.000003 0 93.328217 4.899311 90.532607 16.682887 -0.164257 0.137839 -15.360568 0.015459 1.891276 7.951548 0.188072 -0.640678 91.631161 -72.205045 125.915757 49.927672 -43.601302 68.715214 1.913561 53.768338 1.018683 4.60964 3.154273 -18.37854 -17.913582 2.942134 -1.788132 5.567135 -15.315433 -24.893183 19.64095 -2.94372 -2.855022 22.37043 -7.854333 0.939237 7.289066 0.470828 6.48622 -0.034264 0.000003 0 28.350616 -5.659834 9.454919 41.617647 7.113453 2.842646 17.763811 3.431619 4.452751 0 0.000003 0 26.744594 -3.338382 -20.523272 25.769365 -11.543304 -8.847527 3.737868 -3.458614 -4.497657 0 0.000003 0 8.409469 3.156424 -3.513774 29.902117 -5.927659 -10.004485 7.879047 -4.815172 -9.309635 -0.019782 0.000003 0 25.57308 44.865063 59.697001 20.727394 8.959701 26.757502 16.406295 -19.284531 -35.602026 -6.07677 7.97907 9.192813 0 0.000003 0 0 0.000003 0.000008 0.000002 0.000009 -35.334249 0.000003 0.000009 -70.668498 -0.000007 0.000016 -106.00276 -0.037559 0.078987 -50.043758 -0.021848 0.062827 -37.532805 -0.010015 0.043661 -25.021864 -0.002616 0.022378 -12.510929 0 -0.013986 0 -88.224092 -62.25042 108.209007 5.569982 -60.566082 53.981386 36.098445 0.241559 0.078508 2.358925 -5.062281 80.907566 4.130615 -8.944144 -1.75555 -2.31197 -14.287039 -22.877688 25.165337 -7.995034 -6.31816 19.41624 -9.340575 -6.921072 7.336466 -1.104043 0.384245 0 0.000003 0 28.109661 -7.562164 -10.090758 41.374769 -7.866258 -6.530743 17.267024 -4.548644 -0.677982 0 0.000003 0 26.619744 -5.164297 -4.665674 30.42073 -6.236336 -2.737172 3.658799 -2.103655 -4.333274 0 0.000003 0 8.663239 2.329766 13.536798 35.723156 1.156961 -2.91533 8.118112 -1.994078 -2.363265 0 0.000003 0 25.57308 44.865063 59.697001 14.639156 -11.879882 23.373148 -37.367702 12.142214 -10.761824 -6.07677 7.97907 9.192813 0 0.000003 0 0 0.000003 0.000008 0 0.000003 -8.796279 0 0.000003 -17.592566 0.000002 0.000003 -26.388854 -0.007114 0.036954 -20.968766 -0.004073 0.027999 -15.726572 -0.001863 0.018806 -10.484381 -0.000501 0.009442 -5.242189 0 0.000003 0 15.311119 1.811444 0.719561 -0.013986 0.000228 1.358585 0 0.000003 0 -34.808208 2.686842 0.906544 -89.999999 -90 0 0 0.000003 0 0 0.000003 0 90.000009 -63.648278 -90.000009 -5.682401 0.000003 0 -28.319916 0.000003 0 -16.252152 0.000003 0 0 0.000003 0 89.999996 -84.450021 179.999995 0 0.000003 0 -90.000003 -84.450021 0 0 0.000003 0 0 0.000003 0
0 0 0 179.999991 0.000003 179.999991 0.041694 -0.034555 -3.079866 -177.640106 -1.991421 -179.320333 -84.31566 -21.813368 -100.155524 2.765545 -0.248582 -12.338851 0 0.000003 0 12.789352 2.333578 6.936389 75.504886 -7.992029 9.334273 -0.15412 1.329519 -0.522786 6.096648 10.178357 -0.567255 0 0.000003 0 0 0.000003 0 0 0.000003 0 0 0.000003 0 -0.002344 -0.070294 3.818844 -0.001318 -0.05274 2.864132 -0.000586 -0.035166 1.909421 0.013838 -0.017886 1.551304 0 0.000003 0 93.279135 -11.871256 75.833439 3.342401 -0.419385 -8.345392 0 0.000003 0 -5.880651 6.119114 7.963173 75.690319 -9.031782 11.401314 -0.421239 2.455134 -0.80889 5.28254 11.537039 -2.045109 0 0.000003 0 0 0.000003 0 0 0.000003 0 0 0.000003 0 -0.007131 -0.122483 6.664092 -0.004013 -0.091952 4.998066 -0.001784 -0.061346 3.332042 -0.000446 -0.030686 1.666021 0 0.000003 0 93.326749 5.266502 90.523762 16.582931 -0.16106 0.402721 -15.417192 -0.056961 2.148407 7.946428 -0.06013 -0.38554 93.376172 -73.035716 123.419323 47.855625 -42.191613 69.872016 2.112416 56.296232 1.181691 4.634647 3.117369 -17.921373 -18.667139 2.953294 -1.977106 5.567135 -15.315433 -24.893183 19.640943 -2.943748 -2.855043 22.370345 -7.854339 0.939277 7.288964 0.470889 6.486235 -0.034264 0.000003 0 28.35063 -5.659847 9.454891 41.617545 7.11344 2.842663 17.763956 3.431633 4.452718 0 0.000003 0 26.744598 -3.338396 -20.523293 25.769341 -11.543318 -8.847515 3.737938 -3.458641 -4.497651 0 0.000003 0 8.409482 3.156411 -3.513798 29.9021 -5.92768 -10.00445 7.878929 -4.815096 -9.309633 -0.019782 0.000003 0 25.57308 44.865063 59.697001 20.72736 8.959694 26.757461 16.406292 -19.284524 -35.602033 -6.07677 7.97907 9.192813 0 0.000003 0 0 0.000003 0.000008 0.000002 0.000009 -35.212118 0 0.000016 -70.424257 -0.000007 0.000009 -105.636389 -0.040423 0.081261 -52.073594 -0.023569 0.064978 -39.055179 -0.010818 0.045307 -26.03678 -0.002824 0.023273 -13.018388 0 -0.013986 0 -90.020172 -61.282562 110.433121 3.420192 -59.362203 54.837581 34.990076 0.235063 0.073908 2.34771 -5.067479 81.034566 4.688232 -8.902159 -1.828278 -2.31197 -14.287039 -22.877688 25.165299 -7.995062 -6.318158 19.41623 -9.340582 -6.921058 7.336448 -1.104016 0.384234 0 0.000003 0 28.109623 -7.562205 -10.090746 41.374704 -7.866203 -6.530733 17.266904 -4.548603 -0.677973 0 0.000003 0 26.619709 -5.164338 -4.665668 30.420754 -6.236329 -2.73718 3.658823 -2.103662 -4.333281 0 0.000003 0 8.663238 2.329739 13.536822 35.723348 1.156989 -2.91534 8.11819 -1.994099 -2.363278 0 0.000003 0 25.57308 44.865063 59.697001 14.63916 -11.879896 23.373158 -37.36774 12.142235 -10.761856 -6.07677 7.97907 9.192813 0 0.000003 0 0 0.000003 0.000008 0 0.000003 -8.762515 0 0.000003 -17.525039 0.000002 0.000003 -26.287561 -0.007249 0.037289 -21.172109 -0.00415 0.028259 -15.87908 -0.001897 0.018984 -10.586052 -0.000509 0.009537 -5.293025 0 0.000003 0 14.887953 0.565535 0.839691 -0.013986 0.000228 1.376084 0 0.000003 0 -34.314556 2.667103 0.95003 -89.999999 -90 0 0 0.000003 0 0 0.000003 0 90.000009 -63.648278 -90.000009 -5.682401 0.000003 0 -28.319916 0.000003 0 -16.252152 0.000003 0 0 0.000003 0 89.999996 -84.450021 179.999995 0 0.000003 0 -90.000003 -84.450021 0 0 0.000003 0 0 0.000003 0
0 0 0 179.999991 0.000003 179.999991 0.037329 -0.040547 -3.118129 -178.183134 -1.873648 -178.670891 -85.737015 -23.44732 -98.651195 -0.874554 -0.011745 -12.330616 0 0.000003 0 12.826837 3.878102 7.108905 75.504886 -7.992029 9.334273 -0.15412 1.329519 -0.522786 6.357778 10.170024 -0.522247 0 0.000003 0 0 0.000003 0 0 0.000003 0 0 0.000003 0 -0.001304 -0.05244 2.848262 -0.000734 -0.039346 2.136196 -0.000326 -0.026225 1.424131 0.013905 -0.013364 1.308659 0 0.000003 0 92.314146 -13.317077 75.352054 3.987052 -0.480699 -8.350461 0 0.000003 0 -6.725856 7.510704 8.551436 75.690319 -9.031782 11.401314 -0.421239 2.455134 -0.80889 4.682467 11.553192 -2.009865 0 0.000003 0 0 0.000003 0 0 0.000003 0 0 0.000003 0 -0.007997 -0.129675 7.0575 -0.004501 -0.097369 5.293122 -0.002001 -0.064959 3.528746 -0.0005 -0.032496 1.764372 0 0.000003 0 92.975936 5.413959 90.580739 16.507343 -0.204206 0.552929 -15.432336 -0.163854 2.302385 7.998603 -0.105497 -0.217138 93.260352 -73.431385 123.273266 45.517764 -40.484462 71.048748 2.355633 58.990113 1.387139 4.681713 3.046137 -17.045902 -19.425437 2.940337 -2.190236 5.567135 -15.315433 -24.893183 19.640957 -2.943734 -2.85503 22.370336 -7.854312 0.939281 7.288898 0.470924 6.486234 -0.034264 0.000003 0 28.350609 -5.659841 9.454932 41.617593 7.113481 2.842696 17.763857 3.431626 4.452743 0 0.000003 0 26.744593 -3.338382 -20.523274 25.769488 -11.543318 -8.847522 3.737935 -3.458648 -4.497643 0 0.000003 0 8.409498 3.156424 -3.513797 29.902042 -5.927659 -10.004434 7.878994 -4.815137 -9.309616 -0.019782 0.000003 0 25.57308 44.865063 59.697001 20.727368 8.959674 26.757476 16.406277 -19.284538 -35.60202 -6.07677 7.97907 9.192813 0 0.000003 0 0 0.000003 0.000008 0.000002 0.000009 -34.978225 0 0.000009 -69.956464 -0.000007 0.000016 -104.934696 -0.043659 0.083659 -54.302511 -0.025521 0.067273 -40.726871 -0.011729 0.047097 -27.151238 -0.003062 0.02425 -13.575616 0 -0.013986 0 -92.48753 -60.964955 113.005323 1.883244 -58.337091 54.347091 33.664244 0.227304 0.068568 2.391488 -5.047016 80.537984 4.952943 -8.805792 -1.854 -2.31197 -14.287039 -22.877688 25.165303 -7.995048 -6.318161 19.416182 -9.340561 -6.921035 7.336567 -1.104077 0.384232 0 0.000003 0 28.10962 -7.562192 -10.090733 41.374783 -7.866183 -6.530743 17.266923 -4.548651 -0.677976 0 0.000003 0 26.619706 -5.164304 -4.665648 30.420771 -6.236295 -2.737182 3.658785 -2.103662 -4.333287 0 0.000003 0 8.663249 2.32976 13.536823 35.723303 1.156989 -2.915345 8.118096 -1.994071 -2.363282 0 0.000003 0 25.57308 44.865063 59.697001 14.639134 -11.879875 23.37317 -37.367719 12.142242 -10.761845 -6.07677 7.97907 9.192813 0 0.000003 0 0 0.000003 0.000008 0 0.000003 -8.894535 0 0.000003 -17.789079 0.000002 0.000003 -26.683621 -0.00698 0.036599 -20.76355 -0.003994 0.027726 -15.572661 -0.001827 0.018622 -10.381773 -0.000491 0.009353 -5.190885 0 0.000003 0 14.323226 -0.361827 0.85493 -0.013987 0.000221 1.318443 0 0.000003 0 -34.079618 2.44995 0.974642 -89.999999 -90 0 0 0.000003 0 0 0.000003 0 90.000009 -63.648278 -90.000009 -5.682401 0.000003 0 -28.319916 0.000003 0 -16.252152 0.000003 0 0 0.000003 0 89.999996 -84.450021 179.999995 0 0.000003 0 -90.000003 -84.450021 0 0 0.000003 0 0 0.000003 0
0 0 0 179.999991 0.000003 179.999991 0.032322 -0.046121999999999996 -3.154669 -178.850238 -2.182038 -178.37136 -87.193211 -25.150298 -97.853853 2.938769 -0.259852 -12.339614 0 0.000003 0 14.30849 3.992549 8.14102 75.504886 -7.992029 9.334273 -0.15412 1.329519 -0.522786 6.303265 10.192345 -0.623035 0 0.000003 0 0 0.000003 0 0 0.000003 0 0 0.000003 0 -0.000954 -0.044851 2.435613 -0.000536 -0.033636 1.82671 -0.000238 -0.022421 1.217806 0.013927 -0.011438 1.205498 0 0.000003 0 91.261183 -14.181519 75.302378 6.574364 -0.726122 -8.377755 0 0.000003 0 -7.380373 8.645472 8.175921 75.690319 -9.031782 11.401314 -0.421239 2.455134 -0.80889 3.67679 11.36832 -1.929733 0 0.000003 0 0 0.000003 0 0 0.000003 0 0 0.000003 0 -0.008221 -0.131472 7.155901 -0.004627 -0.098714 5.366922 -0.002057 -0.065868 3.577946 -0.000515 -0.032946 1.788972 0 0.000003 0 92.36958 5.388653 90.694776 16.484998 -0.232545 0.533684 -15.36011 -0.33215 2.285256 8.179527 -0.605624 -0.191922 92.023548 -73.585204 124.69012 43.512372 -39.521374 71.993882 2.614248 61.457368 1.611648 4.72665 2.975834 -16.190438 -20.408247 3.014466 -2.482863 5.567135 -15.315433 -24.893183 19.64095 -2.943734 -2.855015 22.370427 -7.854319 0.93928 7.28889 0.470903 6.486236 -0.034264 0.000003 0 28.350621 -5.659847 9.454916 41.617579 7.11344 2.842699 17.763997 3.431626 4.452755 0 0.000003 0 26.744581 -3.338389 -20.523269 25.76946 -11.543311 -8.847496 3.737931 -3.458628 -4.497633 0 0.000003 0 8.409499 3.156438 -3.513791 29.902022 -5.92768 -10.004415 7.878903 -4.815137 -9.309596 -0.019782 0.000003 0 25.57308 44.865063 59.697001 20.727333 8.959708 26.757495 16.406312 -19.284504 -35.602023 -6.07677 7.97907 9.192813 0 0.000003 0 0 0.000003 0.000008 0.000002 0.000009 -34.749646 0.000003 0.000016 -69.499306 -0.000007 0.000016 -104.248966 -0.045808 0.085134 -55.748632 -0.026819 0.068735 -41.811461 -0.01234 0.048251 -27.874299 -0.003222 0.024878 -13.937146 0 -0.013986 0 -94.704664 -60.764359 115.145597 1.743655 -57.382637 51.849154 32.155486 0.218207 0.062703 2.389327 -5.048033 80.562546 4.824535 -8.892405 -1.853426 -2.31197 -14.287039 -22.877688 24.959752 -7.939867 -6.289828 19.410803 -9.367219 -6.925333 7.349813 -1.085397 0.386272 0 0.000003 0 28.061265 -7.79463 -10.084106 41.393002 -7.696712 -6.481071 17.257117 -4.573683 -0.682302 0 0.000003 0 26.694688 -5.324963 -4.672593 30.431034 -6.104028 -2.706933 3.657143 -2.112029 -4.334347 0 0.000003 0 8.663269 2.329787 13.536804 35.723276 1.156961 -2.915355 8.118122 -1.994099 -2.363286 0 0.000003 0 25.57308 44.865063 59.697001 14.639139 -11.879868 23.373111 -37.367692 12.142276 -10.761822 -6.07677 7.97907 9.192813 0 0.000003 0 0 0.000003 0.000008 0 0.000003 -8.888006 0 0.000003 -17.776022 0.000002 0.000003 -26.664036 -0.006385 0.035035 -19.830092 -0.003655 0.02651 -14.872566 -0.001673 0.017788 -9.915043 -0.000451 0.00893 -4.95752 0 0.000003 0 14.053279 -0.767581 0.894342 -0.013987 0.000187 1.192733 0 0.000003 0 -34.37807 2.358624 0.832812 -89.999999 -90 0 0 0.000003 0 0 0.000003 0 90.000009 -63.648278 -90.000009 -5.682401 0.000003 0 -28.319916 0.000003 0 -16.252152 0.000003 0 0 0.000003 0 89.999996 -84.450021 179.999995 0 0.000003 0 -90.000003 -84.450021 0 0 0.000003 0 0 0.000003 0
0 0 0 179.999991 0.000003 179.999991 0.027041 -0.04902200000000001 -3.193261 -179.732904 -2.503781 -178.282472 -88.620113 -26.669981 -97.419582 10.05749 -0.718943 -12.400387 0 0.000003 0 16.417514 2.151683 9.639907 75.504886 -7.992029 9.334273 -0.15412 1.329519 -0.522786 6.186171 10.265613 -0.748567 0 0.000003 0 0 0.000003 0 0 0.000003 0 0 0.000003 0 -0.000864 -0.0427 2.318551 -0.000486 -0.032024 1.738913 -0.000216 -0.021355 1.159275 0.013933 -0.010892 1.176232 0 0.000003 0 89.736494 -14.103812 75.397673 11.735298 -1.21069 -8.465104 0 0.000003 0 -7.022926 9.756374 7.917098 75.690319 -9.031782 11.401314 -0.421239 2.455134 -0.80889 0.851479 11.027971 -1.706854 0 0.000003 0 0 0.000003 0 0 0.000003 0 0 0.000003 0 -0.008375 -0.132688 7.222471 -0.004713 -0.099636 5.41685 -0.002096 -0.066476 3.611231 -0.000524 -0.033254 1.805615 0 0.000003 0 91.526475 5.565172 90.749513 16.440757 -0.269168 0.470049 -15.245185 -0.582968 2.224803 8.227007 -1.055856 -0.407274 89.525079 -73.412833 127.855367 41.476126 -39.119004 73.744576 2.796577 62.990746 1.772973 4.739185 2.955815 -15.948183 -21.344042 3.385195 -2.793103 5.567135 -15.315433 -24.893183 19.640936 -2.943693 -2.855011 22.370379 -7.854298 0.939277 7.289061 0.470842 6.486228 -0.034264 0.000003 0 28.350592 -5.659834 9.454962 41.617674 7.113515 2.842732 17.764103 3.431619 4.180482 0 0.000003 0 26.74455 -3.338362 -20.523231 25.76951 -11.543331 -8.847494 3.737999 -3.458669 -4.497633 0 0.000003 0 8.409471 3.156458 -3.513785 29.902049 -5.927645 -10.004421 7.879027 -4.815151 -9.309608 -0.019782 0.000003 0 25.57308 44.865063 59.697001 20.727367 8.959647 26.757488 16.406271 -19.284518 -35.602016 -6.07677 7.97907 9.192813 0 0.000003 0 0 0.000003 0.000008 0.000002 0.000009 -34.684916 0 0.000009 -69.369833 -0.000007 0.000009 -104.054756 -0.048351 0.086787 -57.42918 -0.028369 0.070408 -43.07187 -0.01307 0.049583 -28.714573 -0.003412 0.025616 -14.357283 0 -0.013986 0 -96.954003 -60.822812 117.708092 2.53378 -56.893021 47.874968 30.201327 0.206254 0.055473 2.318098 -5.081071 81.369416 4.588211 -9.369651 -1.913833 -2.31197 -14.287039 -22.877688 25.16535 -7.995041 -6.31818 19.416172 -9.340554 -6.921021 7.336536 -1.104029 0.384202 0 0.000003 0 28.109638 -7.562164 -10.090766 41.374772 -7.866183 -6.530754 17.266901 -4.548678 -0.677982 0 0.000003 0 26.619709 -5.164276 -4.665664 30.42073 -6.236329 -2.73718 3.658814 -2.103641 -4.333294 0 0.000003 0 8.663249 2.329787 13.536804 35.723242 1.156982 -2.915345 8.118088 -1.994092 -2.36329 0 0.000003 0 25.57308 44.865063 59.697001 14.639126 -11.879882 23.373134 -37.367692 12.142276 -10.521 -6.07677 7.97907 9.192813 0 0.000003 0 0 0.000003 0.000008 0 0.000003 -8.673498 0 0.000003 -17.347005 0.000002 0.000003 -26.020511 -0.005392 0.032214 -18.177365 -0.003089 0.024345 -13.633023 -0.001416 0.016327 -9.088681 -0.000384 0.008192 -4.54434 0 0.000003 0 14.020317 -0.678836 0.853429 -0.013987 0.00016 1.083449 0 0.000003 0 -34.380372 2.378978 0.665911 -89.999999 -90 0 0 0.000003 0 0 0.000003 0 90.000009 -63.648278 -90.000009 -5.682401 0.000003 0 -28.319916 0.000003 0 -16.252152 0.000003 0 0 0.000003 0 89.999996 -84.450021 179.999995 0 0.000003 0 -90.000003 -84.450021 0 0 0.000003 0 0 0.000003 0
0 0 0 179.999991 0.000003 179.999991 0.02059 -0.04816799999999999 -3.233477 -180.755369 -2.953262 -178.606401 -90.348144 -26.353162 -96.049207 15.068529 -1.035857 -12.477108 0 0.000003 0 16.327465 0.242905 9.70584 75.504886 -7.992029 9.334273 -0.15412 1.329519 -0.522786 6.699618 10.405987 -0.785552 0 0.000003 0 0 0.000003 0 0 0.000003 0 0 0.000003 0 -0.000437 -0.030385 1.649845 -0.000246 -0.02279 1.237384 -0.000109 -0.015195 0.824922 0.01396 -0.00777 1.009057 0 0.000003 0 87.734921 -12.771365 75.420404 20.208255 -1.982747 -8.701757 0 0.000003 0 -4.663318 10.14157 8.074527 75.690319 -9.031782 11.401314 -0.421239 2.455134 -0.80889 -5.011682 10.392531 -1.208397 0 0.000003 0 0 0.000003 0 0 0.000003 0 0 0.000003 0 -0.008781 -0.13587 7.396096 -0.004943 -0.10202 5.547067 -0.002197 -0.068067 3.698043 -0.00055 -0.034053 1.849021 0 0.000003 0 90.608538 5.647176 90.747601 16.360391 -0.378472 0.389266 -15.164844 -0.896726 2.161736 8.730169 -1.535588 -0.203196 89.38452 -72.734829 128.675372 41.02465 -40.714922 74.51233 2.808298 63.083705 1.783414 4.720496 2.985601 -16.308781 -21.894713 3.75858 -2.982774 5.567135 -15.315433 -24.893183 19.640936 -2.943707 -2.855003 22.370429 -7.854305 0.939274 7.28898 0.470869 6.486239 -0.034264 0.000003 0 28.350592 -5.659834 9.454952 41.656699 6.941087 2.847431 17.757694 3.547459 4.474502 0 0.000003 0 26.744582 -3.338369 -20.523233 25.866309 -11.235597 -8.866221 3.628177 -3.573689 -4.506422 0 0.000003 0 8.409512 3.156451 -3.513808 29.902042 -5.9277 -10.004397 7.878925 -4.815103 -9.309596 -0.019782 0.000003 0 25.57308 44.865063 59.697001 20.727392 8.959626 26.757445 16.406263 -19.284545 -35.602006 -6.07677 7.97907 9.192813 0 0.000003 0 0 0.000003 0.000008 0.000002 0.000009 -34.78127 0.000003 0.000009 -69.562553 -0.000007 0.000016 -104.343837 -0.047396 0.086179 -56.801465 -0.027785 0.069787 -42.601082 -0.012794 0.049084 -28.400715 -0.00334 0.025336 -14.200354 0 -0.013986 0 -97.665462 -61.458297 118.985925 6.025545 -57.197596 42.737081 28.185544 0.193686 0.048456 2.254577 -5.109519 82.084619 4.403604 -10.402061 -2.11184 -2.31197 -14.287039 -22.877688 25.165361 -7.995055 -6.318215 19.416198 -9.340568 -6.921019 7.336427 -1.103961 0.384214 0 0.000003 0 28.109685 -7.562178 -10.090785 41.374718 -7.866169 -6.530752 17.26694 -4.548685 -0.677984 0 0.000003 0 26.619725 -5.164297 -4.665677 30.42074 -6.236315 -2.737186 3.658784 -2.103641 -4.333306 0 0.000003 0 8.663259 2.329766 13.536813 35.723235 1.157002 -2.915345 8.118093 -1.994071 -2.363296 0 0.000003 0 25.57308 44.865063 59.697001 14.639121 -11.879827 23.373136 -37.367705 12.142228 -10.721201 -6.07677 7.97907 9.192813 0 0.000003 0 0 0.000003 0.000008 0 0.000003 -8.48338 0 0.000003 -16.966769 0.000002 0.000003 -25.450157 -0.004544 0.02957 -16.638901 -0.002604 0.022324 -12.479176 -0.001196 0.014954 -8.319449 -0.000327 0.007502 -4.159724 0 0.000003 0 14.961138 0.114497 1.013477 -0.013987 0.00016 1.088167 0 0.000003 0 -34.943658 2.280644 0.710174 -89.999999 -90 0 0 0.000003 0 0 0.000003 0 90.000009 -63.648278 -90.000009 -5.682401 0.000003 0 -28.319916 0.000003 0 -16.252152 0.000003 0 0 0.000003 0 89.999996 -84.450021 179.999995 0 0.000003 0 -90.000003 -84.450021 0 0 0.000003 0 0 0.000003 0
0 0 0 179.999991 0.000003 179.999991 0.014714 -0.045335000000000014 -3.274456 -181.596415 -3.631834 -179.484165 -91.767799 -25.277763 -95.300359 20.456601 -1.367627 -12.590115 0 0.000003 0 12.10385 -0.794212 9.955148 75.504886 -7.992029 9.334273 -0.15412 1.329519 -0.522786 7.896117 10.540091 -0.825533 0 0.000003 0 0 0.000003 0 0 0.000003 0 0 0.000003 0 -0.000297 -0.025051 1.359986 -0.000167 -0.018787 1.019989 -0.000074 -0.012524 0.679993 0.013969 -0.006418 0.936592 0 0.000003 0 85.438563 -9.495231 74.559752 32.644496 -3.03183 -9.248141 0 0.000003 0 1.12875 9.265564 8.675531 75.690319 -9.031782 11.401314 -0.421239 2.455134 -0.80889 -12.083004 9.698557 -0.505065 0 0.000003 0 0 0.000003 0 0 0.000003 0 0 0.000003 0 -0.010837 -0.150856 8.217669 -0.0061 -0.11331 6.163245 -0.002713 -0.075621 4.108827 -0.000679 -0.037837 2.054413 0 0.000003 0 89.837198 5.367015 90.756391 16.432658 -0.481942 0.195106 -15.118721 -1.207753 1.983888 8.762538 -2.014036 -0.322915 94.249855 -71.93464 124.200969 42.704522 -44.644061 75.345476 2.582974 61.179817 1.584236 4.669756 3.064462 -17.270234 -21.193331 3.854381 -2.753946 5.567135 -15.315433 -24.893183 19.640907 -2.943707 -2.854995 22.370427 -7.854346 0.93928 7.288975 0.470876 6.486255 -0.034264 0.000003 0 28.350577 -5.659847 9.454923 41.617579 7.113453 2.842703 17.764006 3.431619 4.452772 0 0.000003 0 26.744601 -3.338375 -20.523262 25.769371 -11.543325 -8.847459 3.738034 -3.458682 -4.497625 0 0.000003 0 8.409522 3.156451 -3.513836 29.902066 -5.927734 -10.004407 7.879074 -4.815158 -9.309614 -0.019782 0.000003 0 25.57308 44.865063 59.697001 20.727416 8.95966 26.757442 16.406273 -19.284552 -35.602033 -6.07677 7.97907 9.192813 0 0.000003 0 0 0.000003 0.000008 0.000002 0.000009 -35.038167 0.000003 0.000009 -70.076334 -0.000007 0.000016 -105.114508 -0.043679 0.083665 -54.314416 -0.025533 0.067294 -40.735795 -0.011735 0.04711 -27.157191 -0.003064 0.024257 -13.578592 0 -0.013986 0 -94.992966 -62.615941 116.189946 9.10631 -59.460414 38.438515 26.820901 0.185046 0.043957 2.150065 -5.154263 83.252998 4.038681 -11.355399 -2.255533 -2.31197 -14.287039 -22.877688 25.185622 -7.972959 -6.415475 19.412992 -9.356257 -7.148626 7.31017 -1.140516 0.266041 0 0.000003 0 28.114525 -7.530213 -10.276329 41.364677 -7.956929 -6.826062 17.219177 -4.668855 -0.749221 0 0.000003 0 26.622587 -5.133602 -4.885131 30.413719 -6.322751 -2.910076 3.647262 -2.163405 -4.322832 0 0.000003 0 8.659396 2.343809 13.331903 35.733617 1.071447 -3.101179 8.123151 -2.062742 -2.351667 0 0.000003 0 25.57308 44.865063 59.697001 14.639115 -11.879868 23.373141 -37.367722 12.142269 -10.761834 -6.07677 7.97907 9.192813 0 0.000003 0 0 0.000003 0.000008 0 0.000003 -8.172832 0 0.000003 -16.345672 0.000002 0.000003 -24.518511 -0.003432 0.025677 -14.395956 -0.00197 0.019359 -10.796965 -0.000908 0.012946 -7.197976 -0.000251 0.006491 -3.598987 0 0.000003 0 16.469205 1.060908 0.882097 -0.013987 0.000173 1.114815 0 0.000003 0 -35.454904 2.915209 0.42925 -89.999999 -90 0 0 0.000003 0 0 0.000003 0 90.000009 -63.648278 -90.000009 -5.682401 0.000003 0 -28.319916 0.000003 0 -16.252152 0.000003 0 0 0.000003 0 89.999996 -84.450021 179.999995 0 0.000003 0 -90.000003 -84.450021 0 0 0.000003 0 0 0.000003 0
0 0 0 179.999991 0.000003 179.999991 0.008917 -0.04183199999999998 -3.314809 -181.998044 -4.160696 -180.584003 -92.612072 -22.74185 -94.815422 23.375737 -1.54248 -12.664211 0 0.000003 0 7.442842 -1.014376 10.164155 75.504886 -7.992029 9.334273 -0.15412 1.329519 -0.522786 7.991164 10.585034 -0.847125 0 0.000003 0 0 0.000003 0 0 0.000003 0 0 0.000003 0 -0.000205 -0.020802 1.129584 -0.000115 -0.015604 0.847188 -0.000051 -0.010407 0.564792 0.013975 -0.005339 0.878992 0 0.000003 0 82.841158 -4.423153 73.277063 47.292202 -4.079792 -10.161833 0 0.000003 0 7.916141 6.384809 7.31821 75.690319 -9.031782 11.401314 -0.421239 2.455134 -0.80889 -13.318613 9.682062 -0.509901 0 0.000003 0 0 0.000003 0 0 0.000003 0 0 0.000003 0 -0.013508 -0.168321 9.176467 -0.007605 -0.126479 6.882342 -0.003382 -0.084425 4.588224 -0.000846 -0.042249 2.29411 0 0.000003 0 89.176302 4.793504 90.667414 16.598196 -0.548523 -0.018757 -15.10099 -1.285221 1.782393 8.627671 -2.062646 -0.472378 98.841682 -71.221979 119.564282 43.710055 -48.707726 77.421943 2.362369 59.061079 1.392921 4.645356 3.101366 -17.723934 -19.597365 3.185364 -2.233786 5.567135 -15.315433 -24.893183 19.646804 -2.936917 -2.852646 22.371275 -7.847537 0.940483 7.290224 0.473608 6.486562 -0.034264 0.000003 0 28.351555 -5.650155 9.458266 41.61583 7.125304 2.847018 17.7637 3.437432 4.453849 0 0.000003 0 26.744996 -3.3291 -20.520559 25.772537 -11.535647 -8.845898 3.739598 -3.455465 -4.497228 0 0.000003 0 8.408093 3.160597 -3.513882 29.903405 -5.919074 -10.00191 7.880332 -4.811244 -9.309106 -0.019782 0.000003 0 25.57308 44.865063 59.697001 20.727433 8.959674 26.757459 16.406275 -19.284538 -35.602037 -6.07677 7.97907 9.192813 0 0.000003 0 0 0.000003 0.000008 0.000002 0.000009 -35.159375 0.000003 0.000009 -70.318765 -0.000007 0.000016 -105.478147 -0.040612 0.081418 -52.205414 -0.023684 0.065115 -39.154046 -0.010869 0.04541 -26.102691 -0.002838 0.023328 -13.051342 0 -0.013986 0 -92.259552 -63.706594 113.224995 12.31739 -61.886279 33.776498 27.347919 0.188393 0.045675 2.159122 -5.150486 83.152144 3.144254 -11.254367 -2.089546 -2.31197 -14.287039 -22.877688 25.165357 -7.995069 -6.318174 19.416184 -9.340554 -6.921034 7.336485 -1.103995 0.384225 0 0.000003 0 28.109664 -7.562192 -10.09076 41.374697 -7.866176 -6.53074 17.266916 -4.548692 -0.677947 0 0.000003 0 26.619716 -5.164297 -4.665659 30.42074 -6.236322 -2.737166 3.658804 -2.103641 -4.333295 0 0.000003 0 8.663245 2.329773 13.394901 35.733091 1.075272 -2.939876 8.120415 -2.025442 -2.367997 0 0.000003 0 25.57308 44.865063 59.697001 14.639119 -11.879855 23.373169 -37.367709 12.142235 -10.76181 -6.07677 7.97907 9.192813 0 0.000003 0 0 0.000003 0.000008 0 0.000003 -8.199637 0 0.000003 -16.399282 0.000002 0.000003 -24.598928 -0.002436 0.021579 -12.054012 -0.001402 0.016238 -9.040508 -0.00065 0.010849 -6.027005 -0.000182 0.005433 -3.013502 0 0.000003 0 17.540278 1.565632 0.833438 -0.013987 0.00016 1.058767 0 0.000003 0 -35.457903 3.020141 0.296394 -89.999999 -90 0 0 0.000003 0 0 0.000003 0 90.000009 -63.648278 -90.000009 -5.682401 0.000003 0 -28.319916 0.000003 0 -16.252152 0.000003 0 0 0.000003 0 89.999996 -84.450021 179.999995 0 0.000003 0 -90.000003 -84.450021 0 0 0.000003 0 0 0.000003 0
0 0 0 179.999991 0.000003 179.999991 0.003796 -0.04038300000000006 -3.352374 -182.361765 -4.595718 -181.436985 -93.227499 -20.404218 -94.77996 25.787234 -1.683899 -12.732072 0 0.000003 0 3.392032 -0.938547 10.344492 75.504886 -7.992029 9.334273 -0.15412 1.329519 -0.522786 8.081523 10.38217 -0.814083 0 0.000003 0 0 0.000003 0 0 0.000003 0 0 0.000003 0 -0.000218 -0.021465 1.165313 -0.000123 -0.016103 0.873984 -0.000055 -0.010728 0.582656 0.013974 -0.005509 0.887924 0 0.000003 0 79.975395 0.827999 71.730633 60.210016 -4.784729 -11.164595 0 0.000003 0 21.236141 0.941045 -0.003266 75.690319 -9.031782 11.401314 -0.421239 2.455134 -0.80889 -1.947332 10.82351 -1.404546 0 0.000003 0 0 0.000003 0 0 0.000003 0 0 0.000003 0 -0.016185 -0.184126 10.046677 -0.009114 -0.138398 7.534996 -0.004054 -0.092417 5.023325 -0.001014 -0.046252 2.511661 0 0.000003 0 88.496692 4.238319 90.532962 16.715976 -0.565168 -0.245214 -15.080014 -1.294872 1.560725 8.539167 -1.73173 -0.657786 99.635692 -70.559694 119.141493 43.026384 -50.793823 81.134492 2.213672 57.468852 1.266474 4.6627 3.0752 -17.402004 -17.614979 2.510357 -1.713648 5.567135 -15.315433 -24.893183 19.640933 -2.943741 -2.855011 22.370458 -7.854408 0.939249 7.288916 0.470848 6.486264 -0.034264 0.000003 0 28.350573 -5.659875 9.45493 41.61777 7.113405 2.842694 17.764031 3.431647 4.452757 0 0.000003 0 26.744565 -3.33841 -20.52325 25.769508 -11.54342 -8.847533 3.737976 -3.458682 -4.497621 0 0.000003 0 8.409488 3.156404 -3.368766 29.913555 -5.853579 -9.982843 7.888442 -4.78113 -9.305062 -0.019782 0.000003 0 25.57308 44.865063 59.697001 20.727473 8.95964 26.757464 16.406251 -19.284552 -35.602023 -6.07677 7.97907 9.192813 0 0.000003 0 0 0.000003 0.000008 0 0.000009 -35.07337 0.000003 0.000009 -70.146753 -0.000007 0.000016 -105.220123 -0.041534 0.082101 -52.845491 -0.024237 0.065784 -39.634102 -0.01113 0.045929 -26.42273 -0.002906 0.023614 -13.211362 0 -0.013986 0 -91.743074 -64.586633 112.516875 15.924067 -63.094432 29.052701 29.69937 0.20316 0.053697 2.332551 -5.074459 81.206086 1.876707 -10.04418 -1.670446 -2.31197 -14.287039 -22.877688 25.165289 -7.995082 -6.318157 19.416157 -9.340548 -6.921045 7.336446 -1.103961 0.384193 0 0.000003 0 28.109626 -7.562226 -10.090758 41.374732 -7.866197 -6.530745 17.26695 -4.548705 -0.67795 0 0.000003 0 26.619686 -5.164317 -4.665665 30.420788 -6.236363 -2.737173 3.658814 -2.103627 -4.333294 0 0.000003 0 8.663196 2.329746 13.679333 35.713157 1.23891 -2.890734 8.115679 -1.962625 -2.358531 0 0.000003 0 25.57308 44.865063 59.697001 14.639117 -11.879896 23.373133 -37.367709 12.142262 -10.761824 -6.07677 7.97907 9.192813 0 0.000003 0 0 0.000003 0.000008 0 0.000003 -8.716919 0 0.000003 -17.433844 0.000002 0.000003 -26.150773 -0.001851 0.018751 -10.454508 -0.001069 0.014093 -7.84088 -0.000498 0.009408 -5.227252 -0.000142 0.004709 -2.613625 0 0.000003 0 18.12563 1.588001 0.761631 -0.013986 0.000248 1.433427 0 0.000003 0 -35.738254 3.184155 0.753665 -89.999999 -90 0 0 0.000003 0 0 0.000003 0 90.000009 -63.648278 -90.000009 -5.682401 0.000003 0 -28.319916 0.000003 0 -16.252152 0.000003 0 0 0.000003 0 89.999996 -84.450021 179.999995 0 0.000003 0 -90.000003 -84.450021 0 0 0.000003 0 0 0.000003 0
0 0 0 179.999991 0.000003 179.999991 -0.000348 -0.04047500000000004 -3.389718 -182.95188 -5.163457 -181.921614 -93.973895 -18.196168 -94.885685 27.666405 -1.792027 -12.789043 0 0.000003 0 -0.13351 -0.34402 10.445528 75.504886 -7.992029 9.334273 -0.15412 1.329519 -0.522786 8.481916 10.45569 -0.620611 0 0.000003 0 0 0.000003 0 0 0.000003 0 0 0.000003 0 -0.000274 -0.024053 1.305903 -0.000154 -0.018036 0.979427 -0.000068 -0.012025 0.652951 0.01397 -0.006165 0.923071 0 0.000003 0 77.007828 5.357699 69.907737 69.326044 -5.138089 -11.954812 0 0.000003 0 22.953433 0.178571 0.867834 75.690319 -9.031782 11.401314 -0.421239 2.455134 -0.80889 3.159554 11.32613 -1.458805 0 0.000003 0 0 0.000003 0 0 0.000003 0 0 0.000003 0 -0.018923 -0.198961 10.865926 -0.010658 -0.14962 8.14943 -0.004741 -0.09993 5.432947 -0.001186 -0.050022 2.716471 0 0.000003 0 87.640493 3.885649 90.378525 16.775829 -0.595904 -0.50918 -15.046056 -1.316312 1.292311 8.544145 -1.97244 -0.857712 97.29959 -69.755796 122.050881 42.079286 -52.386486 85.192615 2.060137 55.66418 1.138344 4.715814 2.992998 -16.398567 -16.306503 2.643545 -1.475607 5.567135 -15.315433 -24.893183 19.640936 -2.943734 -2.788977 22.373731 -7.828856 0.943767 7.293886 0.480998 6.487413 -0.034264 0.000003 0 28.350602 -5.659868 9.454934 41.617647 7.113317 2.842662 17.763917 3.431633 4.452772 0 0.000003 0 26.744589 -3.338396 -20.523243 25.769342 -11.543407 -8.847532 3.738027 -3.45871 -4.497628 0 0.000003 0 8.409497 3.156445 -3.652896 29.891063 -5.998905 -10.025172 7.870097 -4.847854 -9.314011 -0.019782 0.000003 0 25.57308 44.865063 59.697001 20.727474 8.959674 26.757462 16.406258 -19.284538 -35.602047 -6.07677 7.97907 9.192813 0 0.000003 0 0 0.000003 0.000008 0.000002 0.000003 -34.805264 0.000003 0.000009 -69.610542 -0.000007 0.000016 -104.415807 -0.043348 0.083433 -54.090805 -0.025331 0.067061 -40.568093 -0.011641 0.046933 -27.045387 -0.003039 0.024154 -13.52269 0 -0.013986 0 -92.859454 -65.387545 113.573847 21.052071 -62.297385 23.812348 32.424325 0.219873 0.063732 2.53108 -4.978598 78.94054 0.611343 -8.236775 -1.185629 -2.31197 -14.287039 -22.877688 25.16533 -7.995137 -6.31813 19.416196 -9.340568 -6.921053 7.336512 -1.104022 0.384206 0 0.000003 0 28.109654 -7.562253 -10.090764 41.374704 -7.866244 -6.530757 17.266879 -4.548705 -0.677921 0 0.000003 0 26.619703 -5.164358 -4.665678 30.420648 -6.236418 -2.737175 3.658734 -2.103614 -4.333284 0 0.000003 0 8.663255 2.329725 13.536824 35.723303 1.156873 -2.915352 8.118071 -1.994112 -2.363244 0 0.000003 0 25.57308 44.865063 59.697001 14.639129 -11.87993 23.373104 -37.367654 12.142296 -10.76181 -6.07677 7.97907 9.192813 0 0.000003 0 0 0.000003 0.000008 0 -0.000004 -9.319282 0 0.000003 -18.638572 0.000002 0.000003 -27.957863 -0.001647 0.017652 -9.835016 -0.000951 0.013267 -7.376261 -0.000445 0.008861 -4.917507 -0.000127 0.004435 -2.458752 0 0.000003 0 18.55719 2.156792 0.761972 -0.013985 0.000303 1.654021 0 0.000003 0 -36.231985 3.367559 0.97377 -89.999999 -90 0 0 0.000003 0 0 0.000003 0 90.000009 -63.648278 -90.000009 -5.682401 0.000003 0 -28.319916 0.000003 0 -16.252152 0.000003 0 0 0.000003 0 89.999996 -84.450021 179.999995 0 0.000003 0 -90.000003 -84.450021 0 0 0.000003 0 0 0.000003 0
0 0 0 179.999991 0.000003 179.999991 -0.003719 -0.03972299999999995 -3.42665 -183.377674 -5.916205 -182.240775 -94.463832 -15.55979 -95.020984 28.254017 -1.825475 -12.807569 0 0.000003 0 -2.886631 0.266346 11.256611 75.504886 -7.992029 9.334273 -0.15412 1.329519 -0.522786 8.889737 10.518029 -0.608881 0 0.000003 0 0 0.000003 0 0 0.000003 0 0 0.000003 0 -0.000319 -0.025952 1.409101 -0.00018 -0.019457 1.056826 -0.00008 -0.012975 0.704551 0.013967 -0.006643 0.948871 0 0.000003 0 74.692285 9.500659 68.169072 74.260344 -5.275813 -12.402988 0 0.000003 0 20.809073 0.530292 0.418752 75.690319 -9.031782 11.401314 -0.421239 2.455134 -0.80889 3.944096 11.362596 -1.881512 0 0.000003 0 0 0.000003 0 0 0.000003 0 0 0.000003 0 -0.020984 -0.209418 11.444121 -0.01182 -0.157515 8.583074 -0.005259 -0.10523 5.722041 -0.001315 -0.052679 2.861018 0 0.000003 0 86.937223 3.710544 90.187232 16.81165 -0.613335 -0.832614 -14.965469 -1.329869 0.994877 8.650073 -1.650438 -0.733869 94.553218 -68.936088 125.392892 40.95919 -54.108459 88.144568 1.840616 52.760147 0.960225 4.740804 2.953212 -15.916769 -16.280348 3.358366 -1.544407 5.567135 -15.315433 -24.893183 19.574407 -3.020594 -2.881413 22.360342 -7.931514 0.925611 7.274292 0.440147 6.482757 -0.034264 0.000003 0 28.339479 -5.769322 9.417438 41.637147 6.978974 2.79373 17.76734 3.366125 4.440442 0 0.000003 0 26.739967 -3.443232 -20.553513 25.735497 -11.631011 -8.865725 3.718024 -3.493899 -4.501882 0 0.000003 0 8.425255 3.109473 -3.512914 29.886818 -6.025392 -10.032891 7.86685 -4.860073 -9.315651 -0.019782 0.000003 0 25.57308 44.865063 59.697001 20.727522 8.959694 26.757483 16.406261 -19.284559 -35.602033 -6.07677 7.97907 9.192813 0 0.000003 0 0 0.000003 0.000008 0.000002 0.000009 -34.676515 0.000003 0.000009 -69.353044 -0.000007 0.000016 -104.029573 -0.043326 0.083413 -54.07499 -0.025318 0.067041 -40.556229 -0.011635 0.046919 -27.03748 -0.003037 0.024147 -13.518737 0 -0.013986 0 -94.673314 -66.166881 114.759158 26.910925 -61.28431 19.531059 34.368296 0.231505 0.071364 2.621877 -4.93149 77.889312 -0.889526 -6.549589 -0.769312 -2.31197 -14.287039 -22.877688 25.165303 -7.995116 -6.318089 19.416138 -9.340568 -6.921054 7.336573 -1.10405 0.384195 0 0.000003 0 28.109633 -7.562253 -10.090719 41.374762 -7.866244 -6.530784 17.266968 -4.548726 -0.677942 0 0.000003 0 26.619703 -5.164345 -4.66565 30.420686 -6.236438 -2.737177 3.658787 -2.103634 -4.333266 0 0.000003 0 8.663222 2.329739 13.536844 35.723225 1.156818 -2.915354 8.118283 -1.994064 -2.363229 0 0.000003 0 25.57308 44.865063 59.697001 14.639129 -11.879916 23.373097 -37.367654 12.142289 -10.761783 -6.07677 7.97907 9.192813 0 0.000003 0 0 0.000003 0.000008 0 0.000003 -9.598846 0 0.000003 -19.1977 0.000002 0.000003 -28.796556 -0.001664 0.017747 -9.8885 -0.000961 0.013342 -7.416375 -0.000449 0.008909 -4.944249 -0.000128 0.004456 -2.472124 0 0.000003 0 18.587509 2.879159 0.981018 -0.013982 0.000405 2.094196 0 0.000003 0 -36.949384 3.677042 1.449788 -89.999999 -90 0 0 0.000003 0 0 0.000003 0 90.000009 -63.648278 -90.000009 -5.682401 0.000003 0 -28.319916 0.000003 0 -16.252152 0.000003 0 0 0.000003 0 89.999996 -84.450021 179.999995 0 0.000003 0 -90.000003 -84.450021 0 0 0.000003 0 0 0.000003 0
0 0 0 179.999991 0.000003 179.999991 -0.006615 -0.03678300000000001 -3.464235 -183.471097 -6.702093 -182.538694 -94.537482 -12.075786 -95.052177 27.103355 -1.759844 -12.771597 0 0.000003 0 -4.621932 1.168901 11.519779 75.504886 -7.992029 9.334273 -0.15412 1.329519 -0.522786 9.00609 10.564891 -1.013545 0 0.000003 0 0 0.000003 0 0 0.000003 0 0 0.000003 0 -0.000294 -0.024914 1.352909 -0.000166 -0.018685 1.014681 -0.000074 -0.012456 0.676454 0.013969 -0.006384 0.934823 0 0.000003 0 73.514241 12.987587 66.845873 74.720712 -5.286707 -12.445373 0 0.000003 0 14.729335 2.502379 0.694726 75.690319 -9.031782 11.401314 -0.421239 2.455134 -0.80889 4.099442 11.400203 -1.867101 0 0.000003 0 0 0.000003 0 0 0.000003 0 0 0.000003 0 -0.022151 -0.215094 11.759178 -0.01248 -0.161825 8.819365 -0.005552 -0.108113 5.879568 -0.001389 -0.054127 2.939782 0 0.000003 0 86.489599 3.618493 89.983077 16.837702 -0.568672 -1.168266 -14.899329 -1.305151 0.658611 8.759233 -1.83294 -1.423838 92.845774 -68.121625 127.77182 41.309411 -56.23453 90.150028 1.590719 48.905858 0.766428 4.72573 2.977302 -16.208152 -16.670446 3.552801 -1.639209 5.567135 -15.315433 -24.893183 19.640912 -2.943754 -2.854951 22.370454 -7.854476 0.939224 7.289008 0.470801 6.486257 -0.034264 0.000003 0 28.350596 -5.659895 9.454945 41.617743 7.113262 2.842663 17.764082 3.431647 4.452743 0 0.000003 0 26.744594 -3.338416 -20.523228 25.769501 -11.543523 -8.847598 3.737904 -3.458682 -4.497614 0 0.000003 0 8.409515 3.156438 -3.513762 29.902121 -5.92783 -10.004496 7.879134 -4.815233 -9.30964 -0.019782 0.000003 0 25.57308 44.865063 59.697001 20.727553 8.95966 26.757466 16.406227 -19.284538 -35.602009 -6.07677 7.97907 9.192813 0 0.000003 0 0 0.000003 0.000008 0 0.000009 -34.754383 0 0.000009 -69.508772 -0.000007 0.000016 -104.263166 -0.041481 0.082067 -52.811528 -0.024208 0.065743 -39.608629 -0.011115 0.045901 -26.405747 -0.002902 0.023594 -13.20287 0 -0.013986 0 -95.282758 -67.354728 114.899013 33.17287 -60.127894 14.142766 35.164536 0.236149 0.074599 2.644936 -4.919168 77.620756 -2.379391 -5.57572 -0.536398 -2.31197 -14.287039 -22.877688 25.165251 -7.99513 -6.318062 19.416105 -9.340582 -6.921061 7.336564 -1.10405 0.38419 0 0.000003 0 28.109579 -7.562294 -10.090717 41.374626 -7.866272 -6.530781 17.266969 -4.548719 -0.677936 0 0.000003 0 26.619669 -5.164392 -4.665661 30.420764 -6.236486 -2.737195 3.658726 -2.103627 -4.333254 0 0.000003 0 8.663193 2.329719 13.536824 35.723221 1.156784 -2.915345 8.118183 -1.994078 -2.363213 0 0.000003 0 25.57308 44.865063 59.697001 14.639144 -11.879971 23.373089 -37.367654 12.142269 -10.761796 -6.07677 7.97907 9.192813 0 0.000003 0 0 0.000003 0.000008 0 0.000003 -9.670272 0 0.000003 -19.340551 0 0.000003 -29.010832 -0.001475 0.016668 -9.283807 -0.000853 0.012529 -6.962854 -0.0004 0.008363 -4.641902 -0.000115 0.004183 -2.32095 0 0.000003 0 18.839461 3.408574 0.745064 -0.01398 0.000474 2.385058 0 0.000003 0 -37.057683 4.061001 1.68199 -89.999999 -90 0 0 0.000003 0 0 0.000003 0 90.000009 -63.648278 -90.000009 -5.682401 0.000003 0 -28.319916 0.000003 0 -16.252152 0.000003 0 0 0.000003 0 89.999996 -84.450021 179.999995 0 0.000003 0 -90.000003 -84.450021 0 0 0.000003 0 0 0.000003 0
0 0 0 179.999991 0.000003 179.999991 -0.00872 -0.03134300000000001 -3.50199 -183.265058 -7.305021 -182.904178 -94.301259 -7.428101 -94.735673 23.673285 -1.560095 -12.672248 0 0.000003 0 -5.235615 1.980914 11.677159 75.504886 -7.992029 9.334273 -0.15412 1.329519 -0.522786 9.063571 10.424538 -0.792721 0 0.000003 0 0 0.000003 0 0 0.000003 0 0 0.000003 0 -0.000148 -0.017695 0.960835 -0.000083 -0.013275 0.720626 -0.000037 -0.008849 0.480417 0.013978 -0.004553 0.836805 0 0.000003 0 73.429007 15.660206 65.871307 70.690846 -5.18004 -12.077554 0 0.000003 0 11.633429 7.553468 9.608644 75.690319 -9.031782 11.401314 -0.421239 2.455134 -0.80889 3.905519 11.411213 -1.827308 0 0.000003 0 0 0.000003 0 0 0.000003 0 0 0.000003 0 -0.02318 -0.219984 12.030099 -0.01306 -0.165513 9.022555 -0.005811 -0.110599 6.015028 -0.001454 -0.055377 3.007511 0 0.000003 0 86.244068 3.499464 89.833537 16.86608 -0.462237 -1.547098 -14.902276 -1.204522 0.268317 8.712047 -1.638956 -1.811406 91.236403 -67.262678 129.517725 40.50407 -58.326879 92.882745 1.362648 44.776366 0.599974 4.645707 3.10084 -17.717468 -16.261379 2.94572 -1.455387 5.567135 -15.315433 -24.893183 19.640875 -2.943782 -2.85493 22.370451 -7.85451 0.939215 7.289041 0.470787 6.486264 -0.034264 0.000003 0 28.350611 -5.659923 9.454961 41.617722 7.113228 2.842648 17.763939 3.431653 4.452746 0 0.000003 0 26.744627 -3.338451 -20.523199 25.769527 -11.543536 -8.84762 3.737907 -3.458723 -4.49761 0 0.000003 0 8.409531 3.156411 -3.513724 29.902182 -5.927878 -10.004517 7.879275 -4.815295 -9.309652 -0.019782 0.000003 0 25.57308 44.865063 59.697001 20.72758 8.959626 26.757507 16.406258 -19.284538 -35.602043 -6.07677 7.97907 9.192813 0 0.000003 0 0 0.000003 0.000008 0 0.000009 -35.157651 0.000003 0.000016 -70.315309 -0.000007 0.000016 -105.472956 -0.039844 0.080817 -51.667492 -0.023221 0.064548 -38.750607 -0.010653 0.044972 -25.833731 -0.002782 0.023089 -12.916862 0 -0.013986 0 -95.445999 -68.723771 114.667921 39.568946 -58.898044 9.020233 35.434014 0.2377 0.075743 2.624753 -4.929953 77.855885 -3.677673 -5.395061 -0.456047 -2.31197 -14.287039 -22.877688 25.165239 -7.995089 -6.318046 19.416155 -9.340589 -6.921064 7.336462 -1.104002 0.384185 0 0.000003 0 28.109579 -7.562253 -10.090662 41.374738 -7.866258 -6.530795 17.266978 -4.548719 -0.677934 0 0.000003 0 26.619641 -5.164372 -4.66562 30.420638 -6.236479 -2.737174 3.658904 -2.103641 -4.333251 0 0.000003 0 8.663193 2.329746 13.536851 35.723372 1.156804 -2.915333 8.117936 -1.994064 -2.363178 0 0.000003 0 25.57308 44.865063 59.697001 14.639144 -11.879944 23.373116 -37.3676 12.142248 -10.761796 -6.07677 7.97907 9.192813 0 0.000003 0 0 0.000003 0.000008 0 -0.000004 -9.607736 0 0.000003 -19.21548 0.000002 0.000003 -28.823221 -0.001291 0.015548 -8.658712 -0.000748 0.011689 -6.494033 -0.000351 0.007796 -4.329355 -0.000102 0.003909 -2.164676 0 0.000003 0 19.141028 4.449823 0.924394 -0.01398 0.000474 2.357427 0 0.000003 0 -36.581766 3.324843 2.019096 -89.999999 -90 0 0 0.000003 0 0 0.000003 0 90.000009 -63.648278 -90.000009 -5.682401 0.000003 0 -28.319916 0.000003 0 -16.252152 0.000003 0 0 0.000003 0 89.999996 -84.450021 179.999995 0 0.000003 0 -90.000003 -84.450021 0 0 0.000003 0 0 0.000003 0
0 0 0 179.999991 0.000003 179.999991 -0.010411 -0.025061 -3.539507 -182.75211 -7.711172 -183.121706 -93.645384 -2.077454 -94.034349 18.211574 -1.230709 -12.539232 0 0.000003 0 -4.816741 2.33299 11.862019 75.504886 -7.992029 9.334273 -0.15412 1.329519 -0.522786 9.011651 10.809958 -0.809138 0 0.000003 0 0 0.000003 0 0 0.000003 0 0 0.000003 0 -0.000009 -0.004294 0.233374 -0.000005 -0.003221 0.17503 -0.000002 -0.002149 0.116687 0.013987 -0.001159 0.654941 0 0.000003 0 74.462497 17.565521 65.417906 62.349805 -4.87889 -11.344883 0 0.000003 0 11.854097 8.712804 10.663387 75.690319 -9.031782 11.401314 -0.421239 2.455134 -0.80889 3.320145 11.368518 -1.79343 0 0.000003 0 0 0.000003 0 0 0.000003 0 0 0.000003 0 -0.023924 -0.22344 12.222347 -0.013479 -0.168143 9.16674 -0.005998 -0.112354 6.11115 -0.001501 -0.056258 3.055572 0 0.000003 0 86.194023 3.481855 89.780146 16.882073 -0.329745 -1.966017 -14.944392 -1.015353 -0.163693 8.606599 -1.459295 -2.248758 90.205284 -66.503726 130.758197 39.476823 -59.979153 95.88908 1.196056 41.332995 0.486225 4.571875 3.208825 -19.058929 -14.42314 1.535518 -0.986549 5.567135 -15.315433 -24.893183 19.640861 -2.943789 -2.854928 22.370502 -7.854558 0.939195 7.289066 0.47076 6.486259 -0.034264 0.000003 0 28.350626 -5.659929 9.454945 41.617763 7.113166 2.842626 17.76404 3.431653 4.452758 0 0.000003 0 26.744598 -3.338464 -20.523197 25.769467 -11.543529 -8.847635 3.737877 -3.45873 -4.49762 0 0.000003 0 8.409512 3.156417 -3.513723 29.902165 -5.927919 -10.004549 7.879235 -4.815281 -9.309657 -0.019782 0.000003 0 25.57308 44.865063 59.697001 20.727602 8.959619 26.757485 16.406222 -19.284504 -35.601999 -6.07677 7.97907 9.192813 0 0.000003 0 0 0.000003 0.000008 0.000002 0.000009 -35.515986 0 0.000009 -71.031987 -0.000007 0.000009 -106.54798 -0.03904 0.080189 -51.099944 -0.022736 0.063954 -38.324943 -0.010428 0.044515 -25.549958 -0.002723 0.022849 -12.774976 0 -0.013986 0 -95.449694 -70.12304 114.20497 44.446397 -57.12589 5.458279 36.275008 0.24259 0.079271 2.551117 -4.968386 78.709406 -4.747399 -5.734966 -0.455205 -2.31197 -14.287039 -22.877688 25.165224 -7.99511 -6.318025 19.416093 -9.340582 -6.921065 7.336593 -1.104098 0.384187 0 0.000003 0 28.109579 -7.562301 -10.090676 41.374732 -7.866292 -6.530803 17.267053 -4.54876 -0.677931 0 0.000003 0 26.619669 -5.164399 -4.665634 30.420788 -6.2365 -2.737184 3.658866 -2.103627 -4.333242 0 0.000003 0 8.663193 2.329725 13.536851 35.723358 1.156777 -2.915342 8.118289 -1.994037 -2.363181 0 0.000003 0 25.57308 44.865063 59.697001 14.639158 -11.87995 23.373089 -37.3676 12.142248 -10.761796 -6.07677 7.97907 9.192813 0 0.000003 0 0 0.000003 0.000008 0 0.000003 -9.380747 0 0.000003 -18.761502 0.000002 0.000003 -28.142256 -0.001196 0.014947 -8.317632 -0.000693 0.011231 -6.238224 -0.000326 0.007495 -4.158815 -0.000095 0.003745 -2.079407 0 0.000003 0 19.290602 4.485627 0.818954 -0.013976 0.000583 2.806773 0 0.000003 0 -35.741799 3.622025 2.536756 -89.999999 -90 0 0 0.000003 0 0 0.000003 0 90.000009 -63.648278 -90.000009 -5.682401 0.000003 0 -28.319916 0.000003 0 -16.252152 0.000003 0 0 0.000003 0 89.999996 -84.450021 179.999995 0 0.000003 0 -90.000003 -84.450021 0 0 0.000003 0 0 0.000003 0
0 0 0 179.999991 0.000003 179.999991 -0.011283 -0.02144900000000005 -3.576025 -182.334977 -7.983068 -182.971414 -93.025612 3.256746 -93.021104 11.906594 -0.836668 -12.425472 0 0.000003 0 -3.828012 2.929614 11.06512 75.504886 -7.992029 9.334273 -0.15412 1.329519 -0.522786 8.58134 10.65591 -0.814693 0 0.000003 0 0 0.000003 0 0 0.000003 0 0 0.000003 0 -0.00008 0.012959 -0.703724 -0.000045 0.009722 -0.527793 -0.00002 0.006484 -0.351862 0.013983 0.003213 0.420667 0 0.000003 0 76.087269 18.7367 65.759518 50.207334 -4.258402 -10.373842 0 0.000003 0 10.797569 8.7235 8.276233 75.690319 -9.031782 11.401314 -0.421239 2.455134 -0.80889 2.418205 11.262889 -1.705853 0 0.000003 0 0 0.000003 0 0 0.000003 0 0 0.000003 0 -0.023336 -0.220715 12.070696 -0.013148 -0.166074 9.053003 -0.00585 -0.110968 6.035326 -0.001463 -0.055561 3.01766 0 0.000003 0 86.105852 3.675437 89.787679 16.881422 -0.234949 -2.383803 -14.980446 -0.806937 -0.585013 8.523052 -0.908536 -2.682364 89.688758 -65.782292 131.358694 37.279439 -61.003692 99.522324 1.104883 39.280154 0.427266 4.585562 3.189209 -18.813698 -11.426149 -0.444581 -0.521499 5.567135 -15.315433 -24.893183 19.640841 -2.943802 -2.854941 22.370466 -7.854606 0.939185 7.289037 0.470787 6.486262 -0.034264 0.000003 0 28.350596 -5.659957 9.454957 41.617702 7.113119 2.842593 17.76404 3.431667 4.452754 0 0.000003 0 26.744606 -3.338478 -20.523192 25.769479 -11.543557 -8.847672 3.737932 -3.458764 -4.497625 0 0.000003 0 8.409534 3.156404 -3.513695 29.902169 -5.927946 -10.004575 7.879136 -4.815267 -9.309658 -0.019782 0.000003 0 25.57308 44.865063 59.697001 20.727635 8.95964 26.75749 16.406234 -19.284524 -35.60203 -6.07677 7.97907 9.192813 0 0.000003 0 0 0.000003 0.000008 0.000002 0.000003 -35.450485 0.000003 0.000016 -70.900984 -0.000007 0.000016 -106.351475 -0.039699 0.080708 -51.566446 -0.023132 0.064445 -38.674819 -0.010613 0.044897 -25.783206 -0.002771 0.023054 -12.891601 0 -0.013986 0 -94.56707 -71.504922 112.479801 47.98587 -55.503419 3.538977 38.495083 0.255117 0.088897 2.442978 -5.022345 79.951285 -5.432919 -6.279831 -0.486003 -2.31197 -14.287039 -22.877688 25.165241 -7.995096 -6.317999 19.416198 -9.340595 -6.921088 7.336515 -1.104057 0.384171 0 0.000003 0 28.109579 -7.562287 -10.090676 41.374725 -7.866292 -6.530796 17.266962 -4.548733 -0.677915 0 0.000003 0 26.619669 -5.164399 -4.665634 30.420833 -6.23652 -2.737186 3.658628 -2.103593 -4.333224 0 0.000003 0 8.663207 2.329725 13.536851 35.72331 1.156763 -2.915321 8.117994 -1.994044 -2.363161 0 0.000003 0 25.57308 44.865063 59.697001 14.639172 -11.879985 23.373061 -37.3676 12.142303 -10.761783 -6.07677 7.97907 9.192813 0 0.000003 0 0 0.000003 0.000008 0 0.000003 -9.050526 0 0.000003 -18.101058 0.000002 0.000003 -27.151593 -0.001211 0.015049 -8.371732 -0.000702 0.0113 -6.278799 -0.000331 0.00755 -4.185865 -0.000096 0.003773 -2.092932 0 0.000003 0 19.173019 5.281965 0.847418 -0.013971 0.000706 3.297893 0 0.000003 0 -35.105799 3.612312 3.258391 -89.999999 -90 0 0 0.000003 0 0 0.000003 0 90.000009 -63.648278 -90.000009 -5.682401 0.000003 0 -28.319916 0.000003 0 -16.252152 0.000003 0 0 0.000003 0 89.999996 -84.450021 179.999995 0 0.000003 0 -90.000003 -84.450021 0 0 0.000003 0 0 0.000003 0
0 0 0 179.999991 0.000003 179.999991 -0.011422 -0.023036000000000056 -3.610283 -182.523381 -8.382545 -182.516824 -92.938036 7.614106 -91.94535 6.759352 -0.507194 -12.365147 0 0.000003 0 -3.780302 3.129254 10.429309 75.504886 -7.992029 9.334273 -0.15412 1.329519 -0.522786 8.599453 10.550971 -0.803914 0 0.000003 0 0 0.000003 0 0 0.000003 0 0 0.000003 0 -0.000434 0.030253 -1.64241 -0.000244 0.022692 -1.231808 -0.000108 0.015131 -0.821205 0.013961 0.007591 0.185997 0 0.000003 0 77.192223 18.95625 66.554231 35.555745 -3.258353 -9.407942 0 0.000003 0 10.926951 6.842288 5.507753 75.690319 -9.031782 11.401314 -0.421239 2.455134 -0.80889 1.868894 11.136995 -1.777707 0 0.000003 0 0 0.000003 0 0 0.000003 0 0 0.000003 0 -0.021744 -0.213134 11.650203 -0.01225 -0.160336 8.737636 -0.00545 -0.107122 5.825082 -0.001363 -0.053628 2.912538 0 0.000003 0 85.701949 3.903818 89.728673 16.845625 -0.216303 -2.750085 -14.998349 -0.701499 -0.943239 8.534727 -0.821963 -3.01419 89.839841 -65.106851 131.444016 35.304647 -62.163818 102.263163 1.07395 38.555703 0.407855 4.665333 3.071197 -17.352888 -8.617913 -2.160175 -0.324294 5.567135 -15.315433 -24.893183 19.640834 -2.943795 -2.85495 22.370481 -7.854633 0.939166 7.289006 0.470787 6.486242 -0.034264 0.000003 0 28.350609 -5.659943 9.454928 41.61775 7.113071 2.842576 17.763946 3.431653 4.452737 0 0.000003 0 26.744601 -3.338471 -20.523207 25.769476 -11.543591 -8.847682 3.737925 -3.458778 -4.497623 0 0.000003 0 8.409495 3.156424 -3.513716 29.902111 -5.927973 -10.00459 7.879188 -4.815288 -9.309676 -0.019782 0.000003 0 25.57308 44.865063 59.697001 20.727645 8.959653 26.757503 16.406251 -19.284504 -35.602023 -6.07677 7.97907 9.192813 0 0.000003 0 0 0.000003 0.000008 0.000002 0.000016 -35.060249 0 0.000009 -70.120505 -0.000007 0.000016 -105.18076 -0.038802 0.079998 -50.933701 -0.022598 0.063776 -38.200261 -0.010364 0.044385 -25.466835 -0.002705 0.022768 -12.733414 0 -0.013986 0 -91.857766 -72.813432 108.68477 50.162774 -53.654241 2.901668 42.220002 0.27545 0.106126 2.370431 -5.056912 80.777068 -5.741235 -6.677805 -0.51275 -2.31197 -14.287039 -22.877688 25.165231 -7.995075 -6.317983 19.416223 -9.340589 -6.921085 7.336398 -1.103988 0.38418 0 0.000003 0 28.109579 -7.562274 -10.090635 41.374619 -7.866251 -6.530761 17.267084 -4.54874 -0.677909 0 0.000003 0 26.619669 -5.164392 -4.66562 30.420744 -6.236493 -2.737155 3.658661 -2.103573 -4.333215 0 0.000003 0 8.66318 2.329732 13.536851 35.72318 1.156763 -2.915304 8.11796 -1.994003 -2.363127 0 0.000003 0 25.57308 44.865063 59.697001 14.639158 -11.880019 23.373089 -37.3676 12.142262 -10.761783 -6.07677 7.97907 9.192813 0 0.000003 0 0 0.000003 0.000008 0 0.000003 -8.830974 0 0.000003 -17.661956 0.000002 0.000003 -26.492938 -0.001308 0.015664 -8.717037 -0.000757 0.011764 -6.537779 -0.000356 0.00785 -4.358518 -0.000103 0.00393 -2.179258 0 0.000003 0 18.657936 5.878617 0.668757 -0.013965 0.000815 3.750598 0 0.000003 0 -34.944341 3.432323 4.000011 -89.999999 -90 0 0 0.000003 0 0 0.000003 0 90.000009 -63.648278 -90.000009 -5.682401 0.000003 0 -28.319916 0.000003 0 -16.252152 0.000003 0 0 0.000003 0 89.999996 -84.450021 179.999995 0 0.000003 0 -90.000003 -84.450021 0 0 0.000003 0 0 0.000003 0
0 0 0 179.999991 0.000003 179.999991 -0.011618 -0.02908900000000003 -3.643686 -183.308033 -8.989032 -181.941749 -93.377463 10.363947 -91.293312 4.87142 -0.385193 -12.350463 0 0.000003 0 -5.14564 3.525384 9.933102 75.504886 -7.992029 9.334273 -0.15412 1.329519 -0.522786 8.464356 10.423486 -0.641571 0 0.000003 0 0 0.000003 0 0 0.000003 0 0 0.000003 0 -0.000799 0.041059 -2.22953 -0.00045 0.0308 -1.672148 -0.0002 0.020527 -1.114765 0.013938 0.010337 0.039217 0 0.000003 0 77.425959 18.159351 66.953845 19.198236 -1.892677 -8.66759 0 0.000003 0 13.003901 5.964219 5.220895 75.690319 -9.031782 11.401314 -0.421239 2.455134 -0.80889 2.069264 11.007945 -1.783663 0 0.000003 0 0 0.000003 0 0 0.000003 0 0 0.000003 0 -0.021256 -0.210757 11.518305 -0.011974 -0.158533 8.63871 -0.005328 -0.105913 5.759132 -0.001333 -0.05302 2.879564 0 0.000003 0 85.019989 4.044151 89.647551 16.768683 -0.264326 -3.055361 -14.996474 -0.729755 -1.231833 8.348629 -0.802818 -2.970358 89.081984 -64.273538 132.134781 31.499016 -63.230745 105.72917 1.075067 38.57995 0.408539 4.768177 2.908734 -15.381414 -7.07654 -3.29667 -0.326587 5.567135 -15.315433 -24.893183 19.640849 -2.943782 -2.61182 22.382506 -7.76054 0.955858 7.306809 0.50836 6.490525 -0.034264 0.000003 0 28.35063 -5.659957 9.454926 41.617787 7.113057 2.842568 17.763973 3.431653 4.452737 0 0.000003 0 26.744599 -3.338492 -20.523202 25.769547 -11.543646 -8.847716 3.737924 -3.458771 -4.497633 0 0.000003 0 8.40953 3.156404 -3.461642 29.906212 -5.901363 -9.996846 7.882522 -4.803082 -9.30804 -0.019782 0.000003 0 25.57308 44.865063 59.697001 20.727635 8.959633 26.757486 16.406239 -19.284524 -35.602006 -6.07677 7.97907 9.192813 0 0.000003 0 0 0.000003 0.000008 0.000002 0.000003 -34.53345 0 0.000009 -69.066914 -0.000007 0.000016 -103.600378 -0.037605 0.079028 -50.077998 -0.021879 0.062868 -37.558486 -0.010029 0.043682 -25.038985 -0.002619 0.022392 -12.51949 0 -0.013986 0 -87.573489 -73.987849 103.534535 52.228476 -52.107927 1.616738 46.727578 0.298434 0.128691 2.372463 -5.055963 80.753996 -6.305538 -6.56385 -0.485895 -2.31197 -14.287039 -22.877688 25.165193 -7.995062 -6.317942 19.416114 -9.340575 -6.921072 7.336595 -1.104118 0.384161 0 0.000003 0 28.109524 -7.56228 -10.090607 41.374824 -7.866272 -6.530798 17.266906 -4.548699 -0.677893 0 0.000003 0 26.619641 -5.164406 -4.665593 30.420635 -6.236459 -2.737151 3.65874 -2.103593 -4.33321 0 0.000003 0 8.66318 2.329732 13.536851 35.723436 1.156763 -2.915299 8.117992 -1.993989 -2.36312 0 0.000003 0 25.57308 44.865063 59.697001 14.639172 -11.879978 23.373089 -37.3676 12.142235 -10.761769 -6.07677 7.97907 9.192813 0 0.000003 0 0 0.000003 0.000008 0 0.000003 -8.837105 0 0.000003 -17.674221 0.000002 0.000003 -26.511333 -0.001257 0.01535 -8.540003 -0.000728 0.011532 -6.405002 -0.000343 0.0077 -4.27 -0.000099 0.003855 -2.135 0 0.000003 0 17.940129 6.870005 0.500397 -0.013961 0.00087 3.968466 0 0.000003 0 -35.232329 3.421196 4.32213 -89.999999 -90 0 0 0.000003 0 0 0.000003 0 90.000009 -63.648278 -90.000009 -5.682401 0.000003 0 -28.319916 0.000003 0 -16.252152 0.000003 0 0 0.000003 0 89.999996 -84.450021 179.999995 0 0.000003 0 -90.000003 -84.450021 0 0 0.000003 0 0 0.000003 0
0 0 0 179.999991 0.000003 179.999991 -0.011038 -0.03676199999999996 -3.679811 -183.922081 -9.574406 -181.30661 -93.504736 12.034393 -91.231158 5.201945 -0.406565 -12.352749 0 0.000003 0 -7.101946 4.226892 9.964447 75.504886 -7.992029 9.334273 -0.15412 1.329519 -0.522786 8.221761 10.38967 -0.78122 0 0.000003 0 0 0.000003 0 0 0.000003 0 0 0.000003 0 -0.000862 0.042643 -2.315542 -0.000485 0.031988 -1.736656 -0.000215 0.021326 -1.157771 0.013934 0.010733 0.017715 0 0.000003 0 77.909249 17.108684 67.824134 3.95237 -0.477414 -8.35018 0 0.000003 0 15.084555 7.315149 5.542684 75.690319 -9.031782 11.401314 -0.421239 2.455134 -0.80889 2.233803 10.877789 -1.648105 0 0.000003 0 0 0.000003 0 0 0.000003 0 0 0.000003 0 -0.019766 -0.203305 11.106016 -0.011134 -0.152898 8.329496 -0.004953 -0.102129 5.55299 -0.001239 -0.051128 2.776493 0 0.000003 0 84.680979 4.230745 89.639806 16.68223 -0.332969 -3.274219 -14.964471 -0.775381 -1.431551 8.782108 -0.860349 -3.432843 87.124732 -63.362798 133.963864 28.862238 -63.630557 107.55447 1.075695 38.596944 0.408923 4.859781 2.752719 -13.526699 -6.926572 -3.852682 -0.377524 5.567135 -15.315433 -24.893183 19.528696 -3.073118 -2.899326 22.353315 -7.984386 0.916261 7.264324 0.419144 6.480364 -0.034264 0.000003 0 28.331686 -5.844228 9.391811 41.650412 6.886855 2.760158 17.769656 3.32138 4.432028 0 0.000003 0 26.736622 -3.514977 -20.574108 25.712044 -11.690945 -8.878203 3.704314 -3.517948 -4.504767 0 0.000003 0 8.435965 3.077283 -3.512266 29.876221 -6.092321 -10.052413 7.858098 -4.8907 -9.31977 -0.019782 0.000003 0 25.57308 44.865063 59.697001 20.727664 8.959647 26.757491 16.406208 -19.284552 -35.601999 -6.07677 7.97907 9.192813 0 0.000003 0 0 0.000003 0.000008 0 0.000009 -34.037715 0.000003 0.000009 -68.075444 -0.000007 0.000016 -102.113165 -0.036796 0.078352 -49.495212 -0.021397 0.062246 -37.121395 -0.009803 0.04321 -24.747592 -0.002561 0.022139 -12.373794 0 -0.013986 0 -84.459551 -74.82187 99.663593 54.108018 -50.303685 -0.983257 51.146383 0.319129 0.152465 2.373009 -5.055717 80.747876 -7.205482 -6.146717 -0.430076 -2.31197 -14.287039 -22.877688 25.165173 -7.995069 -6.317939 19.416114 -9.340575 -6.921085 7.336503 -1.104077 0.384145 0 0.000003 0 28.109524 -7.562301 -10.090607 41.374711 -7.866258 -6.530772 17.266962 -4.548705 -0.677891 0 0.000003 0 26.619614 -5.164413 -4.665607 30.420727 -6.23652 -2.73718 3.658465 -2.103559 -4.333196 0 0.000003 0 8.663139 2.329712 13.536851 35.723505 1.156777 -2.915292 8.117899 -1.994017 -2.363127 0 0.000003 0 25.57308 44.865063 59.697001 14.639226 -11.88006 23.373061 -37.3676 12.142296 -10.761796 -6.07677 7.97907 9.192813 0 0.000003 0 0 0.000003 0.000008 0 0.000003 -8.838731 0 0.000003 -17.67747 0.000002 0.000003 -26.516212 -0.000952 0.013274 -7.377356 -0.000554 0.009968 -5.533017 -0.000262 0.006641 -3.688677 -0.000078 0.003329 -1.844338 0 0.000003 0 17.229603 7.903925 0.448628 -0.013966 0.000781 3.643438 0 0.000003 0 -35.593461 2.664944 4.222589 -89.999999 -90 0 0 0.000003 0 0 0.000003 0 90.000009 -63.648278 -90.000009 -5.682401 0.000003 0 -28.319916 0.000003 0 -16.252152 0.000003 0 0 0.000003 0 89.999996 -84.450021 179.999995 0 0.000003 0 -90.000003 -84.450021 0 0 0.000003 0 0 0.000003 0
0 0 0 179.999991 0.000003 179.999991 -0.009624 -0.04364999999999997 -3.718173 -183.437411 -9.684051 -181.03985 -92.432397 14.31207 -91.413688 5.042436 -0.396271 -12.351623 0 0.000003 0 -8.657005 5.051358 10.008491 75.504886 -7.992029 9.334273 -0.15412 1.329519 -0.522786 8.266681 10.463873 -0.671696 0 0.000003 0 0 0.000003 0 0 0.000003 0 0 0.000003 0 -0.000719 0.038941 -2.114222 -0.000404 0.029208 -1.585667 -0.00018 0.019469 -1.057111 0.013943 0.00979 0.068044 0 0.000003 0 78.751043 18.960669 68.86862 -0.879371 -0.0168 -8.329266 0 0.000003 0 14.115967 10.030169 5.094862 75.690319 -9.031782 11.401314 -0.421239 2.455134 -0.80889 2.371598 10.923189 -1.598425 0 0.000003 0 0 0.000003 0 0 0.000003 0 0 0.000003 0 -0.016714 -0.18709 10.2102 -0.009412 -0.140638 7.657639 -0.004187 -0.093913 5.105087 -0.001047 -0.047003 2.552542 0 0.000003 0 85.219669 4.216388 89.690916 16.611339 -0.319118 -3.38932 -14.925691 -0.638258 -1.542555 8.919276 -0.301489 -3.583927 85.627472 -63.083324 136.093271 28.319013 -63.831069 105.70256 1.055839 38.124787 0.396599 4.912101 2.658066 -12.418274 -7.702946 -3.688962 -0.403251 5.567135 -15.315433 -24.893183 19.568234 -3.079866 -2.850976 22.384743 -7.742584 0.959046 7.293 0.479352 6.487211 -0.034264 0.000003 0 28.463645 -5.929701 9.443198 41.587932 7.313373 2.91536 17.766323 3.386608 4.444254 0 0.000003 0 26.933806 -3.557283 -20.5348 25.827501 -11.392657 -8.816246 3.737206 -3.460062 -4.497783 0 0.000003 0 8.409514 3.156397 -3.513671 29.902097 -5.928001 -10.004615 7.879147 -4.815281 -9.309678 -0.019782 0.000003 0 25.57308 44.865063 59.697001 20.727672 8.959653 26.7575 16.406222 -19.284559 -35.601985 -6.07677 7.97907 9.192813 0 0.000003 0 0 0.000003 0.000008 0.000002 0.000009 -33.741387 0.000003 0.000016 -67.482788 -0.000007 0.000016 -101.224182 -0.033927 0.075838 -47.382218 -0.019685 0.059951 -35.536651 -0.00901 0.041475 -23.691099 -0.002354 0.021203 -11.845546 0 -0.013986 0 -82.732599 -74.992637 96.857663 55.708491 -50.033691 -3.274388 55.154662 0.336335 0.175386 2.373836 -5.055314 80.738437 -8.469223 -5.222189 -0.3545 -2.31197 -14.287039 -22.877688 25.057795 -8.111476 -6.346406 19.394339 -9.448027 -6.938352 7.305387 -1.147811 0.379327 0 0.000003 0 28.083433 -7.731089 -10.189795 41.347937 -8.103033 -6.599926 17.226062 -4.651534 -0.695637 0 0.000003 0 26.604014 -5.326514 -4.746053 30.406356 -6.409973 -2.776702 3.646906 -2.166329 -4.34111 0 0.000003 0 8.68326 2.255461 13.527835 35.744484 0.980387 -2.968258 8.122742 -2.061649 -2.373277 0 0.000003 0 25.57308 44.865063 59.697001 14.63924 -11.88008 23.373089 -37.3676 12.142276 -10.761796 -6.07677 7.97907 9.192813 0 0.000003 0 0 0.000003 0.000008 0 0.000003 -8.841244 0 0.000003 -17.682496 0.000002 0.000003 -26.523747 -0.000714 0.011402 -6.337606 -0.000417 0.008561 -4.753204 -0.000199 0.005713 -3.168802 -0.00006 0.002864 -1.5844 0 0.000003 0 16.761153 8.368016 0.736796 -0.013966 0.000788 3.660793 0 0.000003 0 -35.941309 2.675674 4.246689 -89.999999 -90 0 0 0.000003 0 0 0.000003 0 90.000009 -63.648278 -90.000009 -5.682401 0.000003 0 -28.319916 0.000003 0 -16.252152 0.000003 0 0 0.000003 0 89.999996 -84.450021 179.999995 0 0.000003 0 -90.000003 -84.450021 0 0 0.000003 0 0 0.000003 0
0 0 0 179.999991 0.000003 179.999991 -0.008138 -0.04972900000000002 -3.757333 -182.370453 -9.428616 -181.15427 -90.846154 16.966315 -91.184822 4.939038 -0.389571 -12.350924 0 0.000003 0 -9.548201 5.255334 9.518944 75.504886 -7.992029 9.334273 -0.15412 1.329519 -0.522786 7.802617 10.390318 -0.851844 0 0.000003 0 0 0.000003 0 0 0.000003 0 0 0.000003 0 -0.000736 0.039399 -2.13949 -0.000414 0.029557 -1.604618 -0.000184 0.019708 -1.069745 0.013942 0.009913 0.061727 0 0.000003 0 80.527186 19.649828 69.200874 -0.879379 -0.016813 -8.329265 0 0.000003 0 14.389544 10.727989 6.093176 75.690319 -9.031782 11.401314 -0.421239 2.455134 -0.80889 1.90406 10.9345 -1.606974 0 0.000003 0 0 0.000003 0 0 0.000003 0 0 0.000003 0 -0.016578 -0.186332 10.168461 -0.009336 -0.140071 7.626335 -0.004153 -0.093537 5.084217 -0.001039 -0.046812 2.542107 0 0.000003 0 86.195649 4.159827 89.645359 16.577477 -0.21439 -3.41762 -14.894173 -0.368179 -1.584925 9.022659 0.13427 -3.689613 85.180573 -63.128427 137.012219 29.333931 -64.132848 103.017626 1.014414 37.116459 0.371336 4.886003 2.705823 -12.976031 -8.376186 -2.85055 -0.378904 5.567135 -15.315433 -24.893183 19.640851 -2.94383 -2.854958 22.370451 -7.854667 0.939154 7.289031 0.470773 6.486231 -0.034264 0.000003 0 28.350589 -5.659984 9.454945 41.617763 7.11305 2.842544 17.764001 3.431667 4.347716 0 0.000003 0 26.744608 -3.338505 -20.5232 25.769482 -11.543632 -8.84775 3.737956 -3.458785 -4.497611 0 0.000003 0 8.409542 3.156397 -3.513684 29.902124 -5.927987 -10.004617 7.87907 -4.815254 -9.309672 -0.019782 0.000003 0 25.57308 44.865063 59.697001 20.727625 8.959626 26.757503 16.406258 -19.284538 -35.601996 -6.07677 7.97907 9.192813 0 0.000003 0 0 0.000003 0.000008 0.000002 0.000009 -33.890504 0 0.000009 -67.781021 -0.000007 0.000016 -101.671532 -0.031103 0.073188 -45.234007 -0.01801 0.057574 -33.925495 -0.008236 0.0397 -22.616993 -0.002153 0.020261 -11.308495 0 -0.013986 0 -78.99096 -74.766247 92.643347 57.277447 -51.009575 -5.634749 58.356446 0.348895 0.194551 2.354971 -5.064118 80.952413 -9.858514 -3.436983 -0.284974 -2.31197 -14.287039 -22.877688 25.165195 -7.995075 -6.31791 19.416143 -9.340616 -6.921106 7.336296 -1.103975 0.384089 0 0.000003 0 28.109524 -7.562321 -10.090566 41.374691 -7.866292 -6.530774 17.267178 -4.548794 -0.677912 0 0.000003 0 26.619669 -5.16442 -4.665566 30.42071 -6.236568 -2.737199 3.658505 -2.103532 -4.333159 0 0.000003 0 8.663188 2.329732 13.53689 35.723136 1.156668 -2.915316 8.117728 -1.994051 -2.363088 0 0.000003 0 25.57308 44.865063 59.697001 14.639254 -11.880039 23.373061 -37.3676 12.142283 -10.76181 -6.07677 7.97907 9.192813 0 0.000003 0 0 0.000003 0.000008 0 0.000003 -8.784358 0 0.000003 -17.568724 0.000002 0.000009 -26.35309 -0.000522 0.009654 -5.360296 -0.000307 0.007249 -4.020222 -0.000148 0.004838 -2.680147 -0.000046 0.00242 -1.340073 0 0.000003 0 16.631214 8.451084 0.371317 -0.013968 0.000761 3.520167 0 0.000003 0 -36.4285 2.259613 4.254677 -89.999999 -90 0 0 0.000003 0 0 0.000003 0 90.000009 -63.648278 -90.000009 -5.682401 0.000003 0 -28.319916 0.000003 0 -16.252152 0.000003 0 0 0.000003 0 89.999996 -84.450021 179.999995 0 0.000003 0 -90.000003 -84.450021 0 0 0.000003 0 0 0.000003 0
0 0 0 179.999991 0.000003 179.999991 -0.005207 -0.053525000000000045 -3.797842 -180.67225 -9.049479 -181.029605 -88.469658 17.605512 -91.348173 8.406636 -0.613198 -12.381222 0 0.000003 0 -9.629362 5.928887 9.13374 75.504886 -7.992029 9.334273 -0.15412 1.329519 -0.522786 5.896979 10.177708 -0.743731 0 0.000003 0 0 0.000003 0 0 0.000003 0 0 0.000003 0 -0.000489 0.032125 -1.744133 -0.000275 0.024093 -1.308099 -0.000122 0.016067 -0.872066 0.013958 0.008062 0.160566 0 0.000003 0 83.35375 19.362728 70.422973 0.964456 -0.192766 -8.332657 0 0.000003 0 16.861114 8.237894 7.300917 75.690319 -9.031782 11.401314 -0.421239 2.455134 -0.80889 0.965802 10.83284 -1.589047 0 0.000003 0 0 0.000003 0 0 0.000003 0 0 0.000003 0 -0.01523 -0.178648 9.745103 -0.008576 -0.134265 7.308816 -0.003814 -0.089644 4.87254 -0.000954 -0.044865 2.436268 0 0.000003 0 87.675334 4.602006 89.719459 16.475308 -0.064925 -3.384383 -14.895398 -0.044544 -1.577947 9.092029 0.623838 -3.523567 82.997952 -63.0448 139.602909 29.987409 -63.287031 101.063031 0.981709 36.299938 0.351783 4.849419 2.770956 -13.741775 -8.734554 -2.491487 -0.37715 5.567135 -15.315433 -24.893183 19.437923 -2.830701 -2.817253 22.37322 -7.833193 0.942953 7.293145 0.479338 6.487206 -0.034264 0.000003 0 28.116142 -5.65773 9.462861 41.617876 7.11236 3.176612 17.758072 3.539932 4.473009 0 0.000003 0 26.510486 -3.336005 -20.478159 25.775688 -11.527595 -8.84442 3.741634 -3.452351 -4.49683 0 0.000003 0 8.176361 3.161554 -3.526617 29.900468 -5.938505 -10.00769 7.877818 -4.820117 -9.310341 -0.019782 0.000003 0 25.57308 44.865063 59.697001 20.727678 8.959667 26.757512 16.406282 -19.284538 -35.602013 -6.07677 7.97907 9.192813 0 0.000003 0 0 0.000003 0.000008 0.000002 0.000009 -34.095212 0.000003 0.000009 -68.190423 -0.000007 0.000016 -102.285648 -0.031788 0.073851 -45.762124 -0.018418 0.058162 -34.321584 -0.008423 0.040144 -22.881052 -0.002201 0.020486 -11.440523 0 -0.013986 0 -80.638436 -74.395499 94.300153 56.533961 -51.396771 -4.476019 61.067314 0.358615 0.211224 2.405494 -5.04037 80.378663 -10.678599 -1.405903 -0.279124 -2.31197 -14.287039 -22.877688 25.16519 -7.995069 -6.317878 19.416114 -9.340623 -6.921126 7.336284 -1.10394 0.384094 0 0.000003 0 28.109524 -7.562315 -10.09058 41.374947 -7.86634 -6.530846 17.26688 -4.54874 -0.67792 0 0.000003 0 26.619669 -5.164426 -4.665552 30.420669 -6.236589 -2.737205 3.658969 -2.103648 -4.333185 0 0.000003 0 8.663186 2.329732 13.568336 35.720923 1.174713 -2.909865 8.117029 -1.987118 -2.362022 0 0.000003 0 25.57308 44.865063 59.697001 14.639308 -11.880101 23.373061 -37.3676 12.142242 -10.761783 -6.07677 7.97907 9.192813 0 0.000003 0 0 0.000003 0.000008 0 0.000003 -8.936892 0 0.000003 -17.873792 0.000002 0.000003 -26.810694 -0.000624 0.010623 -5.900156 -0.000366 0.00798 -4.425117 -0.000175 0.005316 -2.950077 -0.000053 0.002666 -1.475038 0 0.000003 0 16.6248 8.217649 0.336675 -0.01397 0.00072 3.382179 0 0.000003 0 -35.8766 2.272639 4.038874 -89.999999 -90 0 0 0.000003 0 0 0.000003 0 90.000009 -63.648278 -90.000009 -5.682401 0.000003 0 -28.319916 0.000003 0 -16.252152 0.000003 0 0 0.000003 0 89.999996 -84.450021 179.999995 0 0.000003 0 -90.000003 -84.450021 0 0 0.000003 0 0 0.000003 0
0 0 0 179.999991 0.000003 179.999991 -0.001643 -0.05376099999999995 -3.840841 -178.475288 -8.551442 -180.552485 -85.329676 15.67138 -92.531018 16.074488 -1.098586 -12.495827 0 0.000003 0 -8.121488 6.61377 10.414992 75.504886 -7.992029 9.334273 -0.15412 1.329519 -0.522786 0.671605 9.799323 -0.501048 0 0.000003 0 0 0.000003 0 0 0.000003 0 0 0.000003 0 -0.000049 0.010152 -0.550816 -0.000027 0.007618 -0.413112 -0.000012 0.005071 -0.275408 0.013985 0.002496 0.458894 0 0.000003 0 86.230551 21.987713 72.782919 7.590738 -0.822175 -8.391511 0 0.000003 0 21.585327 4.223894 6.611341 75.690319 -9.031782 11.401314 -0.421239 2.455134 -0.80889 1.437659 10.979552 -1.658442 0 0.000003 0 0 0.000003 0 0 0.000003 0 0 0.000003 0 -0.010774 -0.150426 8.193696 -0.006065 -0.112982 6.145266 -0.002697 -0.075403 4.096841 -0.000674 -0.037721 2.04842 0 0.000003 0 89.426273 5.374289 89.601481 16.310555 0.076016 -3.22952 -14.975429 0.38528 -1.450751 9.138392 1.293012 -3.774527 79.951469 -63.123924 142.957051 31.169336 -61.863241 98.493773 0.929028 34.950948 0.321106 4.845005 2.778687 -13.832943 -9.386509 -2.836404 -0.442324 5.567135 -15.315433 -24.893183 19.899406 -3.016257 -2.868592 22.375688 -7.814116 0.946338 7.273113 0.437599 6.482438 -0.034264 0.000003 0 28.663227 -5.649971 9.424301 41.617832 7.112483 2.842341 17.765613 3.401847 4.447109 0 0.000003 0 27.090354 -3.306082 -20.543498 25.613838 -11.903159 -8.825589 3.694403 -3.502846 -4.477139 0 0.000003 0 8.409543 3.15639 -3.513683 29.902117 -5.927987 -10.004628 7.879154 -4.815281 -9.309676 -0.019782 0.000003 0 25.57308 44.865063 59.697001 20.727693 8.959694 26.757507 16.406266 -19.284524 -35.601999 -6.07677 7.97907 9.192813 0 0.000003 0 0 0.000003 0.000008 0 0.000009 -34.119578 0 0.000009 -68.23917 -0.000003 0.000016 -102.358759 -0.033461 0.075415 -47.03133 -0.019406 0.059562 -35.273487 -0.008881 0.041195 -23.515655 -0.00232 0.02106 -11.757824 0 -0.013986 0 -86.574417 -73.62673 100.46321 53.583585 -51.535967 -0.923542 62.589408 0.363806 0.220844 2.449166 -5.019326 79.880524 -11.323693 0.66835 -0.334236 -2.31197 -14.287039 -22.877688 25.165202 -7.995048 -6.420226 19.409011 -9.376584 -6.926932 7.326157 -1.118782 0.382474 0 0.000003 0 28.109524 -7.562321 -10.307261 41.358564 -8.010088 -6.572823 17.241843 -4.611065 -0.68866 0 0.000003 0 26.619669 -5.164413 -4.823739 30.414242 -6.317007 -2.755584 3.653344 -2.132724 -4.336851 0 0.000003 0 8.663174 2.329746 13.53692 35.723327 1.156661 -2.915302 8.118337 -1.993982 -2.363101 0 0.000003 0 25.57308 44.865063 59.697001 14.639281 -11.880087 23.475132 -37.384976 12.080264 -10.915476 -6.07677 7.97907 9.192813 0 0.000003 0 0 0.000003 0.000008 0 0.000003 -9.069338 0 0.000003 -18.138684 0.000001 0.000003 -27.208031 -0.000933 0.013137 -7.301356 -0.000543 0.009858 -5.476017 -0.000257 0.00658 -3.650677 -0.000076 0.003288 -1.825338 0 0.000003 0 16.391238 7.761932 0.427289 -0.013974 0.000645 3.062435 0 0.000003 0 -34.823293 1.802612 3.791428 -89.999999 -90 0 0 0.000003 0 0 0.000003 0 90.000009 -63.648278 -90.000009 -5.682401 0.000003 0 -28.319916 0.000003 0 -16.252152 0.000003 0 0 0.000003 0 89.999996 -84.450021 179.999995 0 0.000003 0 -90.000003 -84.450021 0 0 0.000003 0 0 0.000003 0
0 0 0 179.999991 0.000003 179.999991 0.00256 -0.05225500000000005 -3.880214 -177.008218 -7.66571 -180.758948 -82.900574 12.849118 -93.814807 26.710239 -1.737242 -12.759611 0 0.000003 0 -3.542261 6.533741 11.49989 75.504886 -7.992029 9.334273 -0.15412 1.329519 -0.522786 -6.949595 9.167237 -0.00203 0 0.000003 0 0 0.000003 0 0 0.000003 0 0 0.000003 0 -0.000048 -0.010113 0.549225 -0.000027 -0.007586 0.411919 -0.000012 -0.005059 0.274612 0.013985 -0.002634 0.733903 0 0.000003 0 88.443129 24.384235 74.347668 16.14056 -1.616546 -8.573915 0 0.000003 0 17.69631 2.72434 6.207553 75.690319 -9.031782 11.401314 -0.421239 2.455134 -0.80889 3.369432 11.20014 -1.813634 0 0.000003 0 0 0.000003 0 0 0.000003 0 0 0.000003 0 -0.008382 -0.132749 7.225794 -0.004718 -0.099684 5.419341 -0.002098 -0.06651 3.612892 -0.000525 -0.033267 1.806445 0 0.000003 0 90.386885 5.436375 89.512894 16.312051 0.26929 -3.032167 -15.081894 0.818164 -1.289861 8.922878 1.93337 -3.690508 81.72628 -64.134116 141.229314 35.707956 -61.96167 94.174006 0.858965 33.085186 0.28194 4.783011 2.884248 -15.08789 -9.608975 -3.704999 -0.494929 5.567135 -15.315433 -24.893183 19.640834 -2.943836 -2.854924 22.370473 -7.854674 0.939146 7.289032 0.470794 6.486217 -0.034264 0.000003 0 28.350616 -5.65997 9.454945 41.617784 7.11303 2.842533 17.764137 3.431688 4.452723 0 0.000003 0 26.744589 -3.338505 -20.523195 25.769532 -11.543625 -8.847769 3.737972 -3.458798 -4.497625 0 0.000003 0 8.409546 3.156397 -3.513679 29.902186 -5.92798 -10.004637 7.879204 -4.815301 -9.30969 -0.019782 0.000003 0 25.57308 44.865063 59.697001 20.727659 8.959633 26.757497 16.406261 -19.284538 -35.601979 -6.07677 7.97907 9.192813 0 0.000003 0 0 0.000003 0.000008 0 0.000009 -34.455005 0.000003 0.000016 -68.910024 -0.000007 0.000016 -103.365037 -0.031205 0.073284 -45.31073 -0.018069 0.05767 -33.983039 -0.008262 0.039768 -22.655355 -0.00216 0.020295 -11.327676 0 -0.013986 0 -85.216828 -72.888833 99.1036 51.383629 -54.587863 1.674494 61.937986 0.361634 0.216688 2.448599 -5.019606 79.886972 -12.129591 1.418681 -0.427949 -2.31197 -14.287039 -22.877688 25.165238 -7.995069 -6.317877 19.416524 -9.340718 -6.921195 7.336176 -1.103927 0.384076 0 0.000003 0 28.109524 -7.562315 -10.090553 41.374752 -7.866326 -6.530822 17.267434 -4.548924 -0.677983 0 0.000003 0 26.619669 -5.164413 -4.665538 30.421072 -6.236609 -2.737274 3.659153 -2.103696 -4.333211 0 0.000003 0 8.663185 2.329732 13.536892 35.723109 1.156627 -2.915302 8.118615 -1.993969 -2.363126 0 0.000003 0 25.57308 44.865063 59.697001 14.639295 -11.880073 23.373089 -37.3676 12.142221 -10.761769 -6.07677 7.97907 9.192813 0 0.000003 0 0 0.000003 0.000008 0 0.000003 -9.067624 0 0.000003 -18.135257 0.000002 0.000003 -27.20289 -0.001186 0.014892 -8.285559 -0.000689 0.01119 -6.214169 -0.000324 0.007468 -4.142779 -0.000094 0.003732 -2.071388 0 0.000003 0 16.794923 7.173306 0.773551 -0.013972 0.000665 3.16259 0 0.000003 0 -34.795067 1.891562 3.892687 -89.999999 -90 0 0 0.000003 0 0 0.000003 0 90.000009 -63.648278 -90.000009 -5.682401 0.000003 0 -28.319916 0.000003 0 -16.252152 0.000003 0 0 0.000003 0 89.999996 -84.450021 179.999995 0 0.000003 0 -90.000003 -84.450021 0 0 0.000003 0 0 0.000003 0
0 0 0 179.999991 0.000003 179.999991 0.006926 -0.050655000000000006 -3.919537 -175.861348 -7.139574 -181.375496 -80.336221 8.390439 -95.249939 40.195493 -2.458087 -13.255302 0 0.000003 0 3.537174 5.565637 12.910717 75.504886 -7.992029 9.334273 -0.15412 1.329519 -0.522786 -11.544011 8.981612 0.266485 0 0.000003 0 0 0.000003 0 0 0.000003 0 0 0.000003 0 -0.000406 -0.029285 1.590031 -0.000229 -0.021963 1.192523 -0.000102 -0.014641 0.795015 0.013962 -0.00749 0.994103 0 0.000003 0 90.239708 23.863973 75.146575 21.275221 -2.077195 -8.739567 0 0.000003 0 11.902551 1.904191 6.040204 75.690319 -9.031782 11.401314 -0.421239 2.455134 -0.80889 4.768282 11.398639 -1.94532 0 0.000003 0 0 0.000003 0 0 0.000003 0 0 0.000003 0 -0.007799 -0.12807 6.969809 -0.004389 -0.09616 5.227353 -0.001952 -0.064153 3.4849 -0.000488 -0.032086 1.74245 0 0.000003 0 91.25688 5.116272 89.48741 16.430556 0.431848 -2.885547 -15.127981 1.099424 -1.170774 8.982888 2.340141 -3.463588 84.493484 -65.00453 137.843316 40.042892 -62.355651 89.706168 0.855552 32.991886 0.280073 4.74621 2.944497 -15.811669 -9.758409 -4.236299 -0.530739 5.567135 -15.315433 -24.893183 19.640877 -2.943802 -2.526301 22.386671 -7.727455 0.961711 7.312993 0.521638 6.491998 -0.034264 0.000003 0 28.350616 -5.659984 9.64864 41.598734 7.241574 2.889257 17.760586 3.494396 4.464458 0 0.000003 0 26.744591 -3.338512 -20.304856 25.806797 -11.446732 -8.827599 3.759853 -3.419832 -4.492892 0 0.000003 0 8.409534 3.15637 -3.513691 29.902141 -5.92798 -10.155142 7.869408 -4.850497 -9.531965 -0.019782 0.000003 0 25.57308 44.865063 59.697001 20.72764 8.95966 26.757522 16.406299 -19.284538 -35.505666 -6.07677 7.97907 9.192813 0 0.000003 0 0 0.000003 0.000008 0.000002 0.000009 -34.648436 0.000003 0.000009 -69.296873 -0.000007 0.000016 -103.945316 -0.027906 0.069916 -42.697992 -0.016123 0.054705 -32.023485 -0.007363 0.037596 -21.348987 -0.001926 0.019141 -10.674491 0 -0.013986 0 -78.952431 -72.439939 93.207009 50.224232 -58.108419 3.653093 59.81295 0.354284 0.203454 2.450201 -5.018827 79.868756 -11.857307 0.713156 -0.385518 -2.31197 -14.287039 -22.877688 25.241068 -7.912198 -6.297262 19.431141 -9.264316 -6.908777 7.358409 -1.072911 0.387499 0 0.000003 0 28.127611 -7.442527 -10.019847 41.393221 -7.698181 -6.481592 17.296081 -4.475718 -0.665316 0 0.000003 0 26.630378 -5.049379 -4.608247 30.430528 -6.113543 -2.709119 3.667279 -2.059074 -4.327571 0 0.000003 0 8.648754 2.382345 13.543244 35.707662 1.281599 -2.877805 8.114969 -1.946021 -2.35593 0 0.000003 0 25.57308 44.865063 59.697001 14.639295 -11.880053 23.373089 -37.3676 12.142173 -10.761755 -6.07677 7.97907 9.192813 0 0.000003 0 0 0.000003 0.000008 0 0.000003 -9.072467 0 0.000003 -18.144941 0.000001 0.000003 -27.217416 -0.001372 0.016053 -8.940101 -0.000794 0.012065 -6.705076 -0.000372 0.008055 -4.47005 -0.000108 0.004025 -2.235024 0 0.000003 0 17.944273 7.141266 0.777292 -0.013974 0.000638 3.058846 0 0.000003 0 -35.307515 1.342101 4.017123 -89.999999 -90 0 0 0.000003 0 0 0.000003 0 90.000009 -63.648278 -90.000009 -5.682401 0.000003 0 -28.319916 0.000003 0 -16.252152 0.000003 0 0 0.000003 0 89.999996 -84.450021 179.999995 0 0.000003 0 -90.000003 -84.450021 0 0 0.000003 0 0 0.000003 0
0 0 0 179.999991 0.000003 179.999991 0.010358 -0.051563000000000025 -3.96052 -175.022149 -7.125708 -181.976484 -77.961268 3.118346 -96.16737 53.634918 -3.041221 -13.902751 0 0.000003 0 9.044321 5.415373 12.706223 75.504886 -7.992029 9.334273 -0.15412 1.329519 -0.522786 -4.656067 9.54957 -0.380926 0 0.000003 0 0 0.000003 0 0 0.000003 0 0 0.000003 0 -0.000641 -0.036778 1.996781 -0.00036 -0.027585 1.497586 -0.00016 -0.018391 0.99839 0.013947 -0.009389 1.09579 0 0.000003 0 91.421092 23.10546 75.440075 26.355361 -2.516314 -8.943358 0 0.000003 0 6.105157 1.515881 5.628107 75.690319 -9.031782 11.401314 -0.421239 2.455134 -0.80889 5.402369 11.481619 -2.032268 0 0.000003 0 0 0.000003 0 0 0.000003 0 0 0.000003 0 -0.007816 -0.128207 6.977153 -0.004399 -0.096255 5.232861 -0.001956 -0.064222 3.488572 -0.000489 -0.03212 1.744285 0 0.000003 0 92.006473 4.716398 89.532729 16.533374 0.504788 -2.804713 -15.110774 1.26813 -1.098082 8.917985 2.58456 -3.711979 85.673494 -65.515992 136.372612 42.223297 -61.207372 87.149812 0.939192 35.216082 0.326947 4.719725 2.986824 -16.323568 -10.012135 -3.560172 -0.50232 5.567135 -15.315433 -24.893183 19.640885 -2.943795 -2.854947 22.370449 -7.85464 0.939141 7.289091 0.47078 6.486176 -0.034264 0.000003 0 28.350606 -5.659929 9.454928 41.617791 7.113071 2.842508 17.764065 3.431667 4.452681 0 0.000003 0 26.74463 -3.338457 -20.523216 25.769517 -11.543536 -8.847767 3.737997 -3.458778 -4.497638 0 0.000003 0 8.409535 3.156411 -3.513701 29.902117 -5.927878 -10.004624 7.879108 -4.815247 -9.309705 -0.019782 0.000003 0 25.57308 44.865063 59.697001 20.727633 8.959708 26.757491 16.406299 -19.284552 -35.602023 -6.07677 7.97907 9.192813 0 0.000003 0 0 0.000003 0.000008 0.000002 0.000009 -34.785225 0 0.000009 -69.570456 -0.000007 0.000016 -104.355687 -0.028618 0.070661 -43.272575 -0.016544 0.055368 -32.454422 -0.007556 0.038074 -21.636279 -0.001976 0.019393 -10.818137 0 -0.013986 0 -75.481882 -71.962104 90.098227 47.593673 -59.875615 8.636762 56.382105 0.341328 0.182653 2.440973 -5.023308 79.974104 -9.952615 -1.18746 -0.234987 -2.31197 -14.287039 -22.877688 25.165221 -7.995028 -6.317898 19.416247 -9.340643 -6.921116 7.336242 -1.103961 0.384104 0 0.000003 0 28.109524 -7.562274 -10.090553 41.374971 -7.866258 -6.530844 17.266643 -4.548637 -0.677929 0 0.000003 0 26.619669 -5.164379 -4.665525 30.420604 -6.23652 -2.737185 3.659205 -2.103662 -4.333221 0 0.000003 0 8.663193 2.329766 13.622994 35.717566 1.206364 -2.900404 8.116134 -1.975056 -2.360248 0 0.000003 0 25.57308 44.865063 59.697001 14.63924 -11.880046 23.373143 -37.3676 12.142166 -10.761742 -6.07677 7.97907 9.192813 0 0.000003 0 0 0.000003 0.000008 0 0.000003 -9.044456 0 0.000003 -18.088923 0.000002 0.000003 -27.133386 -0.001973 0.019366 -10.803691 -0.001138 0.014564 -8.102768 -0.00053 0.009729 -5.401845 -0.00015 0.004866 -2.700921 0 0.000003 0 18.434624 7.242387 0.785429 -0.013974 0.000624 2.964854 0 0.000003 0 -35.236242 1.43409 3.834899 -89.999999 -90 0 0 0.000003 0 0 0.000003 0 90.000009 -63.648278 -90.000009 -5.682401 0.000003 0 -28.319916 0.000003 0 -16.252152 0.000003 0 0 0.000003 0 89.999996 -84.450021 179.999995 0 0.000003 0 -90.000003 -84.450021 0 0 0.000003 0 0 0.000003 0
0 0 0 179.999991 0.000003 179.999991 0.014274 -0.054593 -4.000142 -174.387802 -7.256418 -182.482396 -76.137908 -2.21287 -96.836414 64.850064 -3.401316 -14.53475 0 0.000003 0 21.95461 1.92447 12.047441 75.504886 -7.992029 9.334273 -0.15412 1.329519 -0.522786 3.924947 10.118053 -0.767838 0 0.000003 0 0 0.000003 0 0 0.000003 0 0 0.000003 0 -0.000661 -0.037359 2.028285 -0.000372 -0.028015 1.521214 -0.000165 -0.018671 1.014142 0.013945 -0.009539 1.103666 0 0.000003 0 92.346958 22.147212 75.366534 30.755088 -2.880561 -9.150667 0 0.000003 0 0.91256 1.551521 5.318499 75.690319 -9.031782 11.401314 -0.421239 2.455134 -0.80889 5.526132 11.253791 -2.041393 0 0.000003 0 0 0.000003 0 0 0.000003 0 0 0.000003 0 -0.008342 -0.132435 7.208406 -0.004695 -0.099445 5.406301 -0.002088 -0.066346 3.604199 -0.000522 -0.033192 1.802098 0 0.000003 0 92.629291 4.370695 89.629171 16.60217 0.526323 -2.727131 -15.049724 1.380397 -1.018682 8.707013 2.506129 -3.577741 85.214335 -65.648253 136.426243 42.745612 -59.218533 86.074105 1.07156 38.500529 0.406337 4.659909 3.079434 -17.453995 -10.670024 -1.886783 -0.478433 5.567135 -15.315433 -24.893183 19.640885 -2.943809 -2.855004 22.370504 -7.854606 0.939125 7.288937 0.470862 6.486177 -0.034264 0.000003 0 28.35063 -5.659923 9.454905 41.617784 7.113153 2.842522 17.764065 3.431667 4.452671 0 0.000003 0 26.744613 -3.338457 -20.52325 25.769488 -11.543475 -8.847766 3.737968 -3.458737 -4.497655 0 0.000003 0 8.409505 3.156397 -3.513718 29.902172 -5.927809 -10.004605 7.879146 -4.81524 -9.309715 -0.019782 0.000003 0 25.57308 44.865063 59.697001 20.727561 8.959701 26.757481 16.406299 -19.284552 -35.602013 -6.07677 7.97907 9.192813 0 0.000003 0 0 0.000003 0.000008 0 0.000009 -35.087259 0.000003 0.000009 -70.174525 -0.000007 0.000016 -105.261794 -0.031636 0.0737 -45.644296 -0.018325 0.058032 -34.233212 -0.008379 0.040041 -22.822136 -0.00219 0.020445 -11.411066 0 -0.013986 0 -74.845889 -71.27963 90.112209 45.523518 -59.940839 14.871431 51.280862 0.319833 0.153259 2.291829 -5.092949 81.665649 -6.762724 -3.568286 -0.21705 -2.31197 -14.287039 -22.877688 25.165229 -7.995055 -6.317947 19.416418 -9.340671 -6.921127 7.336734 -1.104357 0.384128 0 0.000003 0 28.109533 -7.562335 -10.090571 41.37467 -7.866176 -6.530761 17.266776 -4.548637 -0.677942 0 0.000003 0 26.619699 -5.16442 -4.665558 30.421021 -6.236486 -2.737212 3.659154 -2.103655 -4.333242 0 0.000003 0 8.663217 2.329719 13.53689 35.723191 1.156838 -2.915265 8.118025 -1.994044 -2.363144 0 0.000003 0 25.57308 44.865063 59.697001 14.639223 -11.880026 23.373116 -37.367654 12.14216 -10.761742 -6.07677 7.97907 9.192813 0 0.000003 0 0 0.000003 0.000008 0 0.000003 -8.59475 0 0.000003 -17.18951 0.000002 0.000003 -25.784266 -0.003132 0.024516 -13.7302 -0.001799 0.018471 -10.29765 -0.000831 0.012358 -6.865099 -0.00023 0.006191 -3.432549 0 0.000003 0 19.023472 7.289768 0.613617 -0.013977 0.000556 2.705558 0 0.000003 0 -35.776828 1.33928 3.513091 -89.999999 -90 0 0 0.000003 0 0 0.000003 0 90.000009 -63.648278 -90.000009 -5.682401 0.000003 0 -28.319916 0.000003 0 -16.252152 0.000003 0 0 0.000003 0 89.999996 -84.450021 179.999995 0 0.000003 0 -90.000003 -84.450021 0 0 0.000003 0 0 0.000003 0
0 0 0 179.999991 0.000003 179.999991 0.016581 -0.055467000000000044 -4.040083 -173.896753 -7.363583 -182.85165 -74.795885 -7.354329 -98.082527 72.511037 -3.573252 -15.001305 0 0.000003 0 20.363516 1.751413 11.50601 75.504886 -7.992029 9.334273 -0.15412 1.329519 -0.522786 5.535636 10.242903 -0.851209 0 0.000003 0 0 0.000003 0 0 0.000003 0 0 0.000003 0 -0.000926 -0.044209 2.400457 -0.000521 -0.033151 1.800342 -0.000232 -0.022107 1.200228 0.013929 -0.011274 1.196709 0 0.000003 0 93.267852 20.131418 75.510699 32.887245 -3.051016 -9.261028 0 0.000003 0 -3.084101 1.828321 4.741981 75.690319 -9.031782 11.401314 -0.421239 2.455134 -0.80889 6.024982 11.516555 -2.075722 0 0.000003 0 0 0.000003 0 0 0.000003 0 0 0.000003 0 -0.008538 -0.133978 7.29263 -0.004805 -0.100599 5.469468 -0.002137 -0.067125 3.64631 -0.000534 -0.033575 1.823154 0 0.000003 0 93.101871 4.237056 89.733823 16.651042 0.515504 -2.618761 -14.944672 1.446152 -0.904237 8.872366 2.52929 -3.489481 84.400634 -65.71194 136.938821 44.192997 -56.096526 84.374604 1.189466 41.19299 0.481868 4.610365 3.153214 -18.365305 -12.12829 -0.202677 -0.612779 5.567135 -15.315433 -24.893183 19.705249 -2.868998 -2.829078 22.380098 -7.779692 0.952401 7.303134 0.500731 6.489584 -0.034264 0.000003 0 28.361128 -5.553631 9.491329 41.598564 7.243534 2.889926 17.760462 3.495222 4.464581 0 0.000003 0 26.748817 -3.236681 -20.493696 25.802293 -11.458296 -8.830018 3.757222 -3.42449 -4.493515 0 0.000003 0 8.394043 3.201947 -3.514582 29.916683 -5.832938 -9.97695 7.89108 -4.771704 -9.30387 -0.019782 0.000003 0 25.57308 44.865063 59.697001 20.727503 8.959688 26.757471 16.406302 -19.28462 -35.602033 -6.07677 7.97907 9.192813 0 0.000003 0 0 0.000003 0.000008 0.000002 0.000003 -35.330711 0.000003 0.000009 -70.661435 -0.000007 0.000016 -105.992153 -0.036132 0.077785 -49.012799 -0.020999 0.061734 -36.75959 -0.00962 0.042814 -24.506387 -0.002512 0.021927 -12.25319 0 -0.013986 0 -75.975568 -70.308039 92.145126 44.536754 -60.007123 19.476537 45.214346 0.290948 0.120922 2.015254 -5.208331 84.74575 -4.099579 -6.122886 -0.479479 -2.31197 -14.287039 -22.877688 25.165255 -7.994993 -6.372133 19.412236 -9.35957 -6.924109 7.330978 -1.111823 0.383311 0 0.000003 0 28.109538 -7.56226 -10.090598 41.375008 -7.866135 -6.530774 17.266899 -4.548753 -0.677957 0 0.000003 0 26.619696 -5.164379 -4.66558 30.420474 -6.236356 -2.737111 3.658881 -2.103586 -4.333249 0 0.000003 0 8.663216 2.329753 13.536852 35.723375 1.156989 -2.915227 8.118331 -1.99401 -2.363179 0 0.000003 0 25.57308 44.865063 59.697001 14.639151 -11.880005 23.373116 -37.367634 12.142201 -10.761776 -6.07677 7.97907 9.192813 0 0.000003 0 0 0.000003 0.000008 0 0.000003 -7.77613 0 0.000003 -15.552267 0.000002 0.000003 -23.328405 -0.004255 0.028621 -16.086465 -0.00244 0.021586 -12.064848 -0.001122 0.014462 -8.043232 -0.000307 0.007249 -4.021615 0 0.000003 0 19.620427 7.342278 0.447623 -0.013977 0.000556 2.701086 0 0.000003 0 -36.032212 1.244531 3.557197 -89.999999 -90 0 0 0.000003 0 0 0.000003 0 90.000009 -63.648278 -90.000009 -5.682401 0.000003 0 -28.319916 0.000003 0 -16.252152 0.000003 0 0 0.000003 0 89.999996 -84.450021 179.999995 0 0.000003 0 -90.000003 -84.450021 0 0 0.000003 0 0 0.000003 0
0 0 0 179.999991 0.000003 179.999991 0.018644 -0.05174400000000001 -4.076421 -173.780612 -7.339063 -183.091472 -74.184269 -12.216221 -99.885943 75.9677 -3.630154 -15.218423 0 0.000003 0 15.561524 1.055786 6.056891 75.504886 -7.992029 9.334273 -0.15412 1.329519 -0.522786 5.613272 10.29404 -0.811662 0 0.000003 0 0 0.000003 0 0 0.000003 0 0 0.000003 0 -0.001613 -0.058327 3.168099 -0.000907 -0.043759 2.376074 -0.000403 -0.029176 1.584049 0.013885 -0.01486 1.388618 0 0.000003 0 94.060919 17.012986 75.947899 32.105796 -2.989032 -9.219835 0 0.000003 0 -5.300198 2.156484 3.951697 75.690319 -9.031782 11.401314 -0.421239 2.455134 -0.80889 6.294501 11.510449 -1.910704 0 0.000003 0 0 0.000003 0 0 0.000003 0 0 0.000003 0 -0.008134 -0.130782 7.117942 -0.004578 -0.098202 5.338452 -0.002036 -0.06552 3.558966 -0.000509 -0.032776 1.779483 0 0.000003 0 93.358256 4.286588 89.888725 16.692501 0.440632 -2.455279 -14.841748 1.400567 -0.716271 9.024464 2.569089 -3.311446 84.077805 -66.184332 137.64871 46.818303 -52.763581 80.656017 1.272658 42.968825 0.537588 4.556079 3.231242 -19.340137 -14.021142 0.820486 -0.884532 5.567135 -15.315433 -24.893183 19.640914 -2.943775 -2.855019 22.370522 -7.854503 0.93914 7.288968 0.470855 6.486197 -0.034264 0.000003 0 28.350606 -5.659888 9.454929 41.617784 7.113303 2.84258 17.763922 3.43166 4.452669 0 0.000003 0 26.744652 -3.338416 -20.523259 25.769457 -11.543345 -8.847694 3.737873 -3.458628 -4.497661 0 0.000003 0 8.409485 3.156411 -3.513727 29.902083 -5.927639 -10.004538 7.879382 -4.815267 -9.309725 -0.019782 0.000003 0 25.57308 44.865063 59.697001 20.727478 8.959701 26.75751 16.406316 -19.284627 -35.602043 -6.07677 7.97907 9.192813 0 0.000003 0 0 0.000003 0.000008 0.000002 0.000009 -35.591098 0 0.000009 -71.182203 -0.000007 0.000016 -106.773308 -0.038348 0.079629 -50.610527 -0.022326 0.063434 -37.957882 -0.010237 0.044119 -25.30525 -0.002673 0.022631 -12.652622 0 -0.013986 0 -78.100474 -69.135121 95.308753 42.053837 -60.75091 23.534933 40.132197 0.264263 0.096323 1.711563 -5.315606 88.056226 -2.655759 -8.330294 -0.814883 -2.31197 -14.287039 -22.877688 25.165255 -7.994987 -6.31802 19.416346 -9.340582 -6.921073 7.336573 -1.104186 0.384184 0 0.000003 0 28.109541 -7.56224 -10.09059 41.374943 -7.866039 -6.530733 17.26706 -4.548801 -0.67796 0 0.000003 0 26.619672 -5.164372 -4.665563 30.42046 -6.236227 -2.737073 3.658683 -2.103511 -4.333258 0 0.000003 0 8.663198 2.329753 13.590679 35.719772 1.188107 -2.905892 8.116982 -1.982118 -2.361396 0 0.000003 0 25.57308 44.865063 59.697001 14.639151 -11.87995 23.373122 -37.367644 12.142153 -10.761789 -6.07677 7.97907 9.192813 0 0.000003 0 0 0.000003 0.000008 0 0.000003 -6.896592 0.000001 0.000003 -13.793192 0 -0.000004 -20.689792 -0.004989 0.030991 -17.462673 -0.002858 0.02341 -13.097005 -0.001311 0.015678 -8.731336 -0.000357 0.007864 -4.365667 0 0.000003 0 20.210287 7.350857 0.45846 -0.013979 0.000508 2.509925 0 0.000003 0 -35.697161 1.658318 3.070539 -89.999999 -90 0 0 0.000003 0 0 0.000003 0 90.000009 -63.648278 -90.000009 -5.682401 0.000003 0 -28.319916 0.000003 0 -16.252152 0.000003 0 0 0.000003 0 89.999996 -84.450021 179.999995 0 0.000003 0 -90.000003 -84.450021 0 0 0.000003 0 0 0.000003 0
0 0 0 179.999991 0.000003 179.999991 0.01883 -0.04455699999999996 -4.114187 -174.138022 -7.245107 -183.190755 -74.416707 -16.452421 -101.915513 74.602529 -3.609247 -15.132291 0 0.000003 0 7.921427 2.934354 8.435582 75.504886 -7.992029 9.334273 -0.15412 1.329519 -0.522786 5.567017 10.361024 -0.730936 0 0.000003 0 0 0.000003 0 0 0.000003 0 0 0.000003 0 -0.002825 -0.077179 4.193283 -0.001589 -0.057904 3.144961 -0.000707 -0.038615 2.096641 0.013808 -0.019634 1.644913 0 0.000003 0 94.419756 12.846639 76.576447 29.181857 -2.752161 -9.073342 0 0.000003 0 -6.390644 2.505992 3.572494 75.690319 -9.031782 11.401314 -0.421239 2.455134 -0.80889 6.294501 11.510463 -1.910704 0 0.000003 0 0 0.000003 0 0 0.000003 0 0 0.000003 0 -0.007183 -0.12292 6.68815 -0.004042 -0.09228 5.01611 -0.001797 -0.061565 3.344072 -0.000449 -0.030795 1.672035 0 0.000003 0 93.365448 4.309456 90.075128 16.717679 0.322053 -2.162646 -14.829809 1.228979 -0.419026 8.993588 2.569076 -3.016152 83.576162 -66.82477 137.791816 48.137165 -50.402685 77.600197 1.337045 44.278022 0.582006 4.519432 3.282352 -19.985243 -15.760306 1.179603 -1.174399 5.567135 -15.315433 -24.893183 19.640947 -2.943748 -2.85501 22.37057 -7.854476 0.939149 7.288962 0.470848 6.486209 -0.034264 0.000003 0 28.350609 -5.659841 9.454952 41.61777 7.113364 2.842586 17.763956 3.43166 4.452687 0 0.000003 0 26.744635 -3.338375 -20.523245 25.769566 -11.543338 -8.847674 3.738109 -3.458751 -4.497686 0 0.000003 0 8.409471 3.156438 -3.513729 29.902117 -5.927591 -10.004516 7.879351 -4.815254 -9.309718 -0.019782 0.000003 0 25.57308 44.865063 59.697001 20.727428 8.959722 26.757522 16.40635 -19.284593 -35.602047 -6.07677 7.97907 9.192813 0 0.000003 0 0 0.000003 0.000008 0.000002 0.000003 -35.76339 0.000003 0.000009 -71.526779 -0.000007 0.000016 -107.290176 -0.038778 0.079977 -50.914201 -0.022582 0.063755 -38.185634 -0.010355 0.044365 -25.457085 -0.002703 0.022761 -12.728539 0 -0.013986 0 -80.23148 -67.84177 98.326604 36.879671 -61.81123 28.024536 37.332554 0.248683 0.083803 1.538353 -5.368164 89.916558 -1.923726 -9.39469 -1.007781 -2.31197 -14.287039 -22.877688 25.165241 -7.994952 -6.317989 19.415974 -9.3405 -6.921003 7.336422 -1.103995 0.384197 0 0.000003 0 28.109514 -7.562199 -10.090559 41.374691 -7.865944 -6.530675 17.266851 -4.548705 -0.677933 0 0.000003 0 26.619634 -5.164331 -4.665525 30.420447 -6.236199 -2.737068 3.658995 -2.103593 -4.333278 0 0.000003 0 8.66317 2.32978 13.536886 35.723341 1.157159 -2.9152 8.118295 -1.993948 -2.363215 0 0.000003 0 25.57308 44.865063 59.697001 14.639139 -11.879964 23.373158 -37.367644 12.142112 -10.761774 -6.07677 7.97907 9.192813 0 0.000003 0 0 0.000003 0.000008 0 -0.000004 -6.402461 0.000001 0.000003 -12.804929 0 0.000003 -19.207399 -0.005296 0.031927 -18.008801 -0.003034 0.024127 -13.506601 -0.00139 0.01617 -9.004399 -0.000377 0.00811 -4.502199 0 0.000003 0 20.760872 7.339751 0.581041 -0.013982 0.000412 2.11634 0 0.000003 0 -34.858164 1.945999 2.357214 -89.999999 -90 0 0 0.000003 0 0 0.000003 0 90.000009 -63.648278 -90.000009 -5.682401 0.000003 0 -28.319916 0.000003 0 -16.252152 0.000003 0 0 0.000003 0 89.999996 -84.450021 179.999995 0 0.000003 0 -90.000003 -84.450021 0 0 0.000003 0 0 0.000003 0
0 0 0 179.999991 0.000003 179.999991 0.018244 -0.03623399999999999 -4.150473 -174.93016 -7.083361 -183.02317 -75.445593 -19.892889 -103.8366 68.562593 -3.492396 -14.75799 0 0.000003 0 9.352749 3.527399 11.279753 75.504886 -7.992029 9.334273 -0.15412 1.329519 -0.522786 5.466198 10.427509 -0.657568 0 0.000003 0 0 0.000003 0 0 0.000003 0 0 0.000003 0 -0.004534 -0.097724 5.312537 -0.002551 -0.07334 3.984401 -0.001134 -0.048908 2.656266 0.013699 -0.024859 1.924724 0 0.000003 0 94.301061 8.344889 77.360334 24.826911 -2.386145 -8.877964 0 0.000003 0 -6.582499 2.71628 3.130461 75.690319 -9.031782 11.401314 -0.421239 2.455134 -0.80889 6.294501 11.510449 -1.910718 0 0.000003 0 0 0.000003 0 0 0.000003 0 0 0.000003 0 -0.005838 -0.110858 6.02918 -0.003285 -0.08321 4.521883 -0.00146 -0.0555 3.014587 -0.000365 -0.027762 1.507293 0 0.000003 0 93.210027 4.311757 90.313932 16.731108 0.202231 -1.760147 -14.897291 0.943538 -0.009447 8.832285 2.005421 -2.589082 83.814296 -67.681384 136.862829 49.080114 -49.251573 74.775122 1.405655 45.611166 0.630441 4.503669 3.303956 -20.259618 -16.765529 1.399187 -1.364193 5.567135 -15.315433 -24.893183 19.691965 -2.884407 -2.834487 22.378186 -7.79506 0.949671 7.300311 0.494515 6.488912 -0.034264 0.000003 0 28.358963 -5.575542 9.483824 41.602389 7.216787 2.880199 17.761454 3.482122 4.462166 0 0.000003 0 26.747975 -3.257643 -20.499838 25.795514 -11.475753 -8.833573 3.753138 -3.431423 -4.494379 0 0.000003 0 8.397204 3.192549 -3.514442 29.913722 -5.852336 -9.982584 7.888681 -4.780679 -9.305062 -0.019782 0.000003 0 25.57308 44.865063 59.697001 20.727408 8.959722 26.757478 16.406364 -19.284565 -35.602043 -6.07677 7.97907 9.192813 0 0.000003 0 0 0.000003 0.000008 0.000002 0.000009 -35.836657 0.000003 0.000009 -71.673328 -0.000007 0.000016 -107.509998 -0.037377 0.07883 -49.911245 -0.021739 0.06269 -37.433425 -0.009965 0.043552 -24.955611 -0.002602 0.022324 -12.477803 0 -0.013986 0 -82.438163 -66.455018 100.950749 28.88305 -61.877379 34.08234 36.758412 0.245377 0.081312 1.578211 -5.356608 89.490115 -1.04226 -9.180994 -1.067385 -2.31197 -14.287039 -22.877688 25.165284 -7.994952 -6.318005 19.416191 -9.340507 -6.92104 7.336496 -1.104104 0.384219 0 0.000003 0 28.109517 -7.562205 -10.090566 41.374513 -7.865848 -6.530646 17.267049 -4.548726 -0.677936 0 0.000003 0 26.619651 -5.164331 -4.665537 30.420577 -6.236145 -2.737078 3.658874 -2.103566 -4.333281 0 0.000003 0 8.663178 2.329773 13.536863 35.723177 1.157119 -2.915217 8.118416 -1.993962 -2.363232 0 0.000003 0 25.57308 44.865063 59.697001 14.63915 -11.879937 23.373152 -37.367671 12.142132 -10.761773 -6.07677 7.97907 9.192813 0 0.000003 0 0 0.000003 0.000008 0 0.000003 -6.515722 0.000001 0.000003 -13.031452 0 0.000003 -19.547182 -0.005695 0.033095 -18.694953 -0.003261 0.025021 -14.021214 -0.001494 0.016784 -9.347476 -0.000405 0.008417 -4.673737 0 0.000003 0 20.917164 6.655885 0.494298 -0.013984 0.00033 1.767887 0 0.000003 0 -33.825597 2.634413 1.53486 -89.999999 -90 0 0 0.000003 0 0 0.000003 0 90.000009 -63.648278 -90.000009 -5.682401 0.000003 0 -28.319916 0.000003 0 -16.252152 0.000003 0 0 0.000003 0 89.999996 -84.450021 179.999995 0 0.000003 0 -90.000003 -84.450021 0 0 0.000003 0 0 0.000003 0
0 0 0 179.999991 0.000003 179.999991 0.01714 -0.02927500000000005 -4.183516 -175.819287 -6.81738 -182.493529 -77.010321 -22.479762 -105.096688 58.733534 -3.220247 -14.181313 0 0.000003 0 10.751894 3.561564 11.7523 75.504886 -7.992029 9.334273 -0.15412 1.329519 -0.522786 5.34515 10.447767 -0.653224 0 0.000003 0 0 0.000003 0 0 0.000003 0 0 0.000003 0 -0.00607 -0.11303 6.148065 -0.003416 -0.084849 4.611046 -0.001519 -0.056599 3.074029 0.013601 -0.028753 2.133605 0 0.000003 0 93.979448 4.204121 78.149228 19.959613 -1.960624 -8.693196 0 0.000003 0 -6.249822 2.779357 2.763198 75.690319 -9.031782 11.401314 -0.421239 2.455134 -0.80889 5.858462 11.490881 -1.927589 0 0.000003 0 0 0.000003 0 0 0.000003 0 0 0.000003 0 -0.004547 -0.097867 5.320226 -0.002558 -0.073443 3.990168 -0.001137 -0.048984 2.660111 -0.000284 -0.024497 1.330055 0 0.000003 0 93.057837 4.397866 90.504849 16.715228 0.09027 -1.254503 -14.99589 0.634575 0.497113 8.62389 1.793842 -2.085488 85.448603 -68.87136 134.876323 49.3129 -48.062317 72.393639 1.50355 47.404992 0.701426 4.4557 3.36844 -21.08393 -17.042502 1.915324 -1.42928 5.567135 -15.315433 -24.893183 19.575046 -3.019815 -2.881209 22.360557 -7.930694 0.925669 7.274589 0.440399 6.482765 -0.034264 0.000003 0 28.339548 -5.768195 9.41781 41.637011 6.980469 2.794203 17.767156 3.366801 4.440534 0 0.000003 0 26.74003 -3.44214 -20.553269 25.735664 -11.629938 -8.865548 3.718091 -3.493359 -4.501894 0 0.000003 0 8.425064 3.109917 -3.512906 29.886989 -6.024129 -10.032604 7.866691 -4.859486 -9.315616 -0.019782 0.000003 0 25.57308 44.865063 59.697001 20.727403 8.959756 26.757493 16.406374 -19.284606 -35.602047 -6.07677 7.97907 9.192813 0 0.000003 0 0 0.000003 0.000008 0.000002 0.000009 -36.056774 0 0.000009 -72.113561 -0.000007 0.000016 -108.170348 -0.036391 0.07801 -49.201131 -0.021155 0.061932 -36.900841 -0.009691 0.042971 -24.600552 -0.00253 0.022003 -12.300273 0 -0.013986 0 -84.296617 -65.145435 103.233289 21.354904 -61.192383 39.700963 37.419625 0.249147 0.084127 1.794362 -5.288299 87.160167 0.683033 -8.655049 -1.188416 -2.31197 -14.287039 -22.877688 25.165255 -7.994952 -6.318071 19.416121 -9.340527 -6.921037 7.336537 -1.104057 0.384191 0 0.000003 0 28.109497 -7.562212 -10.090644 41.374714 -7.865985 -6.530713 17.266964 -4.54876 -0.677938 0 0.000003 0 26.619628 -5.16431 -4.665606 30.420781 -6.23622 -2.737128 3.65876 -2.103566 -4.333285 0 0.000003 0 8.663154 2.329766 13.536836 35.722945 1.15705 -2.915244 8.117974 -1.99403 -2.363227 0 0.000003 0 25.57308 44.865063 59.697001 14.639107 -11.879923 23.373181 -37.367661 12.142139 -10.761779 -6.07677 7.97907 9.192813 0 0.000003 0 0 0.000003 0.000008 0 0.000003 -7.134631 0.000001 0.000003 -14.26927 0 0.000003 -21.403909 -0.006128 0.034324 -19.415024 -0.003508 0.025971 -14.561267 -0.001606 0.017419 -9.707511 -0.000434 0.008745 -4.853754 0 0.000003 0 20.546271 6.169282 0.446577 -0.013987 0.000201 1.228863 0 0.000003 0 -32.976075 2.715863 0.741892 -89.999999 -90 0 0 0.000003 0 0 0.000003 0 90.000009 -63.648278 -90.000009 -5.682401 0.000003 0 -28.319916 0.000003 0 -16.252152 0.000003 0 0 0.000003 0 89.999996 -84.450021 179.999995 0 0.000003 0 -90.000003 -84.450021 0 0 0.000003 0 0 0.000003 0
0 0 0 179.999991 0.000003 179.999991 0.01435 -0.02566500000000005 -4.216785 -176.4469 -6.400629 -181.575033 -78.879703 -24.163861 -105.021228 45.663148 -2.713591 -13.502082 0 0.000003 0 11.390806 3.60318 10.869998 75.504886 -7.992029 9.334273 -0.15412 1.329519 -0.522786 5.229984 10.396855 -0.684851 0 0.000003 0 0 0.000003 0 0 0.000003 0 0 0.000003 0 -0.006204 -0.114273 6.215321 -0.003491 -0.085778 4.661488 -0.001552 -0.057214 3.107658 0.013593 -0.029067 2.150418 0 0.000003 0 93.657357 0.724487 78.639547 15.505407 -1.558585 -8.556291 0 0.000003 0 -5.979657 3.275843 2.709866 75.690319 -9.031782 11.401314 -0.421239 2.455134 -0.80889 5.822945 11.333977 -2.270164 0 0.000003 0 0 0.000003 0 0 0.000003 0 0 0.000003 0 -0.003774 -0.089179 4.846945 -0.002124 -0.06692 3.635207 -0.000944 -0.044626 2.423471 -0.000236 -0.022319 1.211735 0 0.000003 0 93.091367 4.630905 90.564579 16.686297 -0.00747 -0.668698 -15.10071 0.381626 1.080884 8.456983 0.858332 -1.483391 87.518062 -70.117857 132.178685 49.018362 -47.623877 71.145552 1.640084 49.722762 0.803807 4.434126 3.396806 -21.449514 -17.033976 2.320136 -1.447952 5.567135 -15.315433 -24.893183 19.640882 -2.943727 -2.855026 22.370557 -7.854353 0.939157 7.289067 0.470794 6.486229 -0.034264 0.000003 0 28.350613 -5.659847 9.454945 41.617804 7.113515 2.842651 17.763966 3.431647 4.452704 0 0.000003 0 26.74463 -3.338382 -20.523294 25.769358 -11.543236 -8.847555 3.737882 -3.458553 -4.497686 0 0.000003 0 8.409452 3.156404 -3.513737 29.902073 -5.927427 -10.004461 7.879187 -4.815199 -9.309683 -0.019782 0.000003 0 25.57308 44.865063 59.697001 20.727387 8.959708 26.757471 16.40633 -19.284579 -35.602002 -6.07677 7.97907 9.192813 0 0.000003 0 0 0.000003 0.000008 0 0.000009 -36.154391 0.000003 0.000009 -72.308781 -0.000007 0.000016 -108.463192 -0.035621 0.077348 -48.63708 -0.020694 0.061317 -36.4778 -0.009477 0.042507 -24.318528 -0.002475 0.021757 -12.159262 0 -0.013986 0 -85.757485 -63.866233 105.322767 15.9966 -59.264197 42.941068 37.951113 0.252125 0.086448 2.039378 -5.198953 84.479748 2.545492 -8.684535 -1.441894 -2.31197 -14.287039 -22.877688 25.165328 -7.995007 -6.318101 19.416063 -9.340527 -6.921044 7.336557 -1.104077 0.384198 0 0.000003 0 28.109579 -7.562219 -10.090683 41.374841 -7.866019 -6.530761 17.266894 -4.548794 -0.677949 0 0.000003 0 26.619694 -5.164324 -4.665639 30.420761 -6.236274 -2.73715 3.65881 -2.103607 -4.333306 0 0.000003 0 8.663219 2.329766 13.536825 35.723296 1.15705 -2.91528 8.118014 -1.994037 -2.363236 0 0.000003 0 25.57308 44.865063 59.697001 14.639114 -11.879916 23.373198 -37.367702 12.142146 -10.761811 -6.07677 7.97907 9.192813 0 0.000003 0 0 0.000003 0.000008 0 0.000003 -7.846814 0 0.000003 -15.693637 0.000002 0.000003 -23.540459 -0.006589 0.035574 -20.155823 -0.003772 0.026934 -15.116867 -0.001726 0.018075 -10.077912 -0.000465 0.00908 -5.038954 0 0.000003 0 19.678687 5.225418 0.381447 -0.013988 0.00003 0.554568 0 0.000003 0 -32.594008 2.424993 -0.072591 -89.999999 -90 0 0 0.000003 0 0 0.000003 0 90.000009 -63.648278 -90.000009 -5.682401 0.000003 0 -28.319916 0.000003 0 -16.252152 0.000003 0 0 0.000003 0 89.999996 -84.450021 179.999995 0 0.000003 0 -90.000003 -84.450021 0 0 0.000003 0 0 0.000003 0
0 0 0 179.999991 0.000003 179.999991 0.009864 -0.025859999999999994 -4.25019 -176.592328 -5.74963 -180.480372 -80.443441 -24.455032 -104.036294 29.865917 -1.916132 -12.860184 0 0.000003 0 12.298526 3.237471 9.19296 75.504886 -7.992029 9.334273 -0.15412 1.329519 -0.522786 5.28832 10.359733 -0.856056 0 0.000003 0 0 0.000003 0 0 0.000003 0 0 0.000003 0 -0.005329 -0.105934 5.76022 -0.002999 -0.079501 4.320162 -0.001333 -0.053034 2.880107 0.013649 -0.026943 2.036644 0 0.000003 0 93.552568 -2.211237 78.602254 11.708561 -1.208196 -8.464549 0 0.000003 0 -6.028074 3.57394 3.501233 75.690319 -9.031782 11.401314 -0.421239 2.455134 -0.80889 5.822972 11.333971 -2.270164 0 0.000003 0 0 0.000003 0 0 0.000003 0 0 0.000003 0 -0.003705 -0.088353 4.802032 -0.002084 -0.066305 3.601523 -0.000927 -0.044216 2.401015 -0.000232 -0.022114 1.200507 0 0.000003 0 93.390338 4.96665 90.597569 16.639888 -0.093441 -0.104401 -15.198421 0.218794 1.645177 8.306301 0.667865 -0.936949 90.198235 -71.371077 129.007046 47.594131 -46.659537 71.174621 1.807766 52.29355 0.934118 4.410193 3.427849 -21.851609 -17.144816 2.852884 -1.501979 5.567135 -15.315433 -24.893183 19.640868 -2.943707 -2.855018 22.370592 -7.854326 0.93916 7.288913 0.470862 6.486238 -0.034264 0.000003 0 28.350555 -5.659834 9.454979 41.617855 7.113563 2.842697 17.764041 3.431653 4.452715 0 0.000003 0 26.744589 -3.338369 -20.52325 25.769459 -11.543229 -8.847552 3.738082 -3.458655 -4.497695 0 0.000003 0 8.409389 3.156411 -3.5137 29.902134 -5.927365 -10.004452 7.879264 -4.815213 -9.309685 -0.019782 0.000003 0 25.57308 44.865063 59.697001 20.727377 8.959722 26.757491 16.40633 -19.284586 -35.602013 -6.07677 7.97907 9.192813 0 0.000003 0 0 0.000003 0.000008 0 0.000009 -36.261744 0.000003 0.000009 -72.523495 -0.000007 0.000016 -108.785256 -0.036779 0.078338 -49.482207 -0.021387 0.062232 -37.111642 -0.0098 0.043203 -24.741088 -0.002558 0.022132 -12.370542 0 -0.013986 0 -87.590202 -62.385873 107.183857 11.434531 -57.939522 45.439404 37.84851 0.251531 0.08596 2.228223 -5.121034 82.380237 3.429155 -9.021093 -1.65266 -2.31197 -14.287039 -22.877688 25.165316 -7.995041 -6.318139 19.416223 -9.340554 -6.921104 7.336476 -1.104057 0.384213 0 0.000003 0 28.109623 -7.562205 -10.090711 41.374759 -7.866067 -6.530781 17.266968 -4.548801 -0.677967 0 0.000003 0 26.619733 -5.164304 -4.665662 30.420587 -6.236336 -2.73716 3.658778 -2.103607 -4.333311 0 0.000003 0 8.663233 2.32976 13.536832 35.723392 1.15703 -2.915295 8.11808 -1.99403 -2.363251 0 0.000003 0 25.57308 44.865063 59.697001 14.639117 -11.879841 23.373211 -37.367678 12.142098 -10.761808 -6.07677 7.97907 9.192813 0 0.000003 0 0 0.000003 0.000008 0 0.000003 -8.404804 0 0.000003 -16.809616 0.000002 0.000003 -25.214429 -0.006729 0.035943 -20.373816 -0.003851 0.027221 -15.280359 -0.001762 0.018273 -10.186905 -0.000474 0.009175 -5.093451 0 0.000003 0 18.723567 3.940393 0.438747 -0.013988 -0.000086 0.065834 0 0.000003 0 -32.714776 2.420348 -0.76688 -89.999999 -90 0 0 0.000003 0 0 0.000003 0 90.000009 -63.648278 -90.000009 -5.682401 0.000003 0 -28.319916 0.000003 0 -16.252152 0.000003 0 0 0.000003 0 89.999996 -84.450021 179.999995 0 0.000003 0 -90.000003 -84.450021 0 0 0.000003 0 0 0.000003 0
0 0 0 179.999991 0.000003 179.999991 0.004763 -0.02877099999999999 -4.284953 -176.32927 -4.955279 -179.481457 -81.392352 -23.54411 -102.54426 13.58014 -0.942461 -12.451432 0 0.000003 0 13.243095 3.259328 7.598087 75.504886 -7.992029 9.334273 -0.15412 1.329519 -0.522786 5.625438 10.353797 -0.695136 0 0.000003 0 0 0.000003 0 0 0.000003 0 0 0.000003 0 -0.003932 -0.091017 4.947108 -0.002212 -0.068299 3.71033 -0.000983 -0.045548 2.473552 0.013737 -0.023152 1.833367 0 0.000003 0 93.842722 -6.069891 78.041393 6.547983 -0.723629 -8.37741 0 0.000003 0 -5.97265 4.362185 4.195514 75.690319 -9.031782 11.401314 -0.421239 2.455134 -0.80889 5.527607 11.423583 -2.052936 0 0.000003 0 0 0.000003 0 0 0.000003 0 0 0.000003 0 -0.004211 -0.094186 5.119843 -0.002369 -0.070676 3.839881 -0.001053 -0.047139 2.55992 -0.000263 -0.023582 1.27996 0 0.000003 0 93.764762 5.325945 90.643078 16.587205 -0.148493 0.353222 -15.274523 0.149918 2.102516 8.20845 0.63383 -0.500754 92.587968 -72.416682 126.166725 45.7082 -45.611137 72.006422 2.006277 54.991952 1.093982 4.419949 3.415254 -21.68814 -17.371886 3.227834 -1.587786 5.567135 -15.315433 -24.893183 19.64088 -2.943686 -2.855014 22.370468 -7.854305 0.939191 7.35467 0.424526 6.486723 -0.034264 0.000003 0 28.350582 -5.65982 9.454986 41.617685 7.113549 2.842687 17.763997 3.43164 4.452743 0 0.000003 0 26.744599 -3.338348 -20.52324 25.769617 -11.54329 -8.847551 3.738175 -3.458689 -4.497696 0 0.000003 0 8.409406 3.156431 -3.513714 29.902114 -5.927331 -10.004433 7.879066 -4.815165 -9.309663 -0.019782 0.000003 0 25.57308 44.865063 59.697001 20.727391 8.959783 26.757502 16.40634 -19.284606 -35.601999 -6.07677 7.97907 9.192813 0 0.000003 0 0 0.000003 0.000008 0.000002 0.000009 -36.218103 0 0.000009 -72.436212 -0.000007 0.000016 -108.654321 -0.038862 0.080045 -50.974665 -0.022634 0.063824 -38.230987 -0.010379 0.044419 -25.487319 -0.00271 0.022788 -12.743656 0 -0.013986 0 -88.689194 -61.037174 108.54469 8.224548 -57.147777 45.96762 37.104299 0.24733 0.082712 2.369724 -5.057247 80.785155 3.438225 -9.091382 -1.688928 -2.31197 -14.287039 -22.877688 25.165299 -7.995034 -6.318123 19.416216 -9.340541 -6.921114 7.336393 -1.103981 0.384226 0 0.000003 0 28.109585 -7.562205 -10.09069 41.374732 -7.866074 -6.530783 17.266964 -4.548767 -0.677956 0 0.000003 0 26.619735 -5.164276 -4.665653 30.4207 -6.236329 -2.737181 3.658772 -2.103634 -4.333314 0 0.000003 0 8.663222 2.32978 13.536825 35.72331 1.157016 -2.915316 8.118125 -1.994037 -2.363271 0 0.000003 0 25.57308 44.865063 59.697001 14.639134 -11.879875 23.373198 -37.367716 12.14218 -10.761843 -6.07677 7.97907 9.192813 0 0.000003 0 0 0.000003 0.000008 0 0.000003 -8.828823 0 0.000003 -17.657654 0.000002 0.000003 -26.486483 -0.006265 0.034707 -19.639973 -0.003588 0.026265 -14.729979 -0.001643 0.017618 -9.819985 -0.000444 0.008848 -4.909992 0 0.000003 0 17.900157 2.735541 0.648177 -0.013988 -0.000127 -0.112214 0 0.000003 0 -32.97629 2.494681 -1.062414 -89.999999 -90 0 0 0.000003 0 0 0.000003 0 90.000009 -63.648278 -90.000009 -5.682401 0.000003 0 -28.319916 0.000003 0 -16.252152 0.000003 0 0 0.000003 0 89.999996 -84.450021 179.999995 0 0.000003 0 -90.000003 -84.450021 0 0 0.000003 0 0 0.000003 0
0 0 0 179.999991 0.000003 179.999991 -0.000858 -0.03354100000000004 -4.321189 -176.176465 -4.314471 -178.573288 -82.244439 -22.000515 -100.088158 -0.87454 -0.011793 -12.330622 0 0.000003 0 13.510469 2.986858 6.793993 75.504886 -7.992029 9.334273 -0.15412 1.329519 -0.522786 5.881483 10.268775 -0.579874 0 0.000003 0 0 0.000003 0 0 0.000003 0 0 0.000003 0 -0.001895 -0.063211 3.433646 -0.001066 -0.047419 2.575234 -0.000474 -0.031621 1.716822 0.013867 -0.016096 1.455005 0 0.000003 0 93.784685 -8.239849 77.334585 5.116386 -0.587988 -8.361008 0 0.000003 0 -6.459427 5.571026 4.904114 75.690319 -9.031782 11.401314 -0.421239 2.455134 -0.80889 5.3786 11.471845 -2.042486 0 0.000003 0 0 0.000003 0 0 0.000003 0 0 0.000003 0 -0.00504 -0.103024 5.601775 -0.002836 -0.077329 4.201329 -0.001261 -0.051572 2.800885 -0.000315 -0.025795 1.400442 0 0.000003 0 93.701542 5.658705 90.598122 16.505671 -0.170616 0.654169 -15.330424 0.134994 2.401628 7.798368 0.227851 -0.318071 93.050891 -73.138833 125.306449 43.206496 -44.81335 74.10967 2.27162 58.111354 1.315467 4.463735 3.357771 -20.946916 -17.530664 3.533608 -1.675989 5.567135 -15.315433 -24.893183 19.64093 -2.943707 -2.855006 22.344209 -7.978423 0.942823 7.312097 0.519397 6.491785 -0.034264 0.000003 0 28.350628 -5.659813 9.454964 41.617511 7.113542 2.842682 17.763756 3.431647 4.452716 0 0.000003 0 26.744625 -3.338348 -20.523286 26.001267 -11.2694 -8.892793 3.678225 -3.563143 -4.510312 0 0.000003 0 8.409428 3.156417 -3.51374 29.902076 -5.927345 -10.004391 7.943651 -5.005672 -9.315286 -0.019782 0.000003 0 25.57308 44.865063 59.697001 20.727367 8.959804 26.757468 16.406345 -19.284627 -35.601985 -6.07677 7.97907 9.192813 0 0.000003 0 0 0.000003 0.000008 0.000002 0.000009 -36.020191 0.000003 0.000009 -72.040396 -0.000007 0.000016 -108.060594 -0.042042 0.082484 -53.195651 -0.024543 0.066139 -39.896726 -0.011272 0.046209 -26.597808 -0.002942 0.023758 -13.298901 0 -0.013986 0 -89.689994 -60.113814 109.988633 5.699219 -55.994086 45.217505 35.882187 0.240371 0.077536 2.454353 -5.016806 79.821299 3.673785 -8.863616 -1.685021 -2.31197 -14.287039 -22.877688 25.165327 -7.995069 -6.318158 19.416285 -9.340568 -6.921122 7.336328 -1.103947 0.384222 0 0.000003 0 28.109596 -7.562219 -10.090765 41.374694 -7.866087 -6.530812 17.26701 -4.548828 -0.677968 0 0.000003 0 26.61973 -5.164304 -4.665718 30.42071 -6.236377 -2.737197 3.65874 -2.103655 -4.333313 0 0.000003 0 8.663194 2.329746 13.536782 35.723303 1.157009 -2.915338 8.118178 -1.994085 -2.363293 0 0.000003 0 25.57308 44.865063 59.697001 14.639143 -11.879848 23.373179 -37.367705 12.14218 -10.761832 -6.07677 7.97907 9.192813 0 0.000003 0 0 0.000003 0.000008 0 0.000003 -9.085086 0 0.000003 -18.17018 0.000002 0.000003 -27.255274 -0.005646 0.032958 -18.615588 -0.003235 0.024919 -13.96169 -0.001482 0.016709 -9.307792 -0.000401 0.008383 -4.653895 0 0.000003 0 16.987666 1.805952 0.833059 -0.013987 -0.000134 -0.144024 0 0.000003 0 -33.110537 2.578481 -1.151172 -89.999999 -90 0 0 0.000003 0 0 0.000003 0 90.000009 -63.648278 -90.000009 -5.682401 0.000003 0 -28.319916 0.000003 0 -16.252152 0.000003 0 0 0.000003 0 89.999996 -84.450021 179.999995 0 0.000003 0 -90.000003 -84.450021 0 0 0.000003 0 0 0.000003 0
0 0 0 179.999991 0.000003 179.999991 -0.006054 -0.040873999999999966 -4.355058 -176.216558 -4.186548 -177.940061 -82.715886 -25.217486 -97.927482 -0.874592 -0.011786 -12.330619 0 0.000003 0 13.532921 4.443444 6.784477 75.504886 -7.992029 9.334273 -0.15412 1.329519 -0.522786 6.185621 10.242575 -0.537281 0 0.000003 0 0 0.000003 0 0 0.000003 0 0 0.000003 0 -0.00048 -0.031813 1.727588 -0.00027 -0.023862 1.295691 -0.00012 -0.015912 0.863794 0.013957 -0.008132 1.028492 0 0.000003 0 93.370557 -9.067982 76.956889 6.802842 -0.747746 -8.380687 0 0.000003 0 -8.470317 6.867587 4.784489 75.690319 -9.031782 11.401314 -0.421239 2.455134 -0.80889 5.175743 11.469939 -2.230111 0 0.000003 0 0 0.000003 0 0 0.000003 0 0 0.000003 0 -0.005576 -0.108352 5.892343 -0.003138 -0.081325 4.419254 -0.001395 -0.054243 2.946169 -0.000349 -0.027127 1.473084 0 0.000003 0 93.318143 5.685493 90.569538 16.478859 -0.225728 0.771062 -15.333397 0.081097 2.526569 8.207499 0.161243 -0.034593 92.810851 -73.346044 125.312678 41.237906 -43.787087 75.210409 2.65024 61.776803 1.643255 4.529237 3.268801 -19.813621 -17.811091 4.059314 -1.831634 5.567135 -15.315433 -24.893183 19.640912 -2.943707 -2.85501 22.370499 -7.854244 0.939225 6.967399 0.567175 6.48321 -0.034264 0.000003 0 28.350606 -5.65982 9.454965 41.61763 7.113597 2.842714 17.764105 3.43164 4.452745 0 0.000003 0 26.744639 -3.338334 -20.523272 25.994078 -11.216568 -8.891111 3.903893 -3.314319 -4.525595 0 0.000003 0 8.409403 3.156417 -3.513754 29.90221 -5.927352 -10.004384 7.879488 -4.815247 -9.309685 -0.019782 0.000003 0 25.57308 44.865063 59.697001 20.72737 8.959783 26.757471 16.406331 -19.284661 -35.601999 -6.07677 7.97907 9.192813 0 0.000003 0 0 0.000003 0.000008 0.000002 0.000009 -35.717552 0 0.000009 -71.435118 -0.000007 0.000016 -107.152684 -0.04442 0.084185 -54.81595 -0.025979 0.067799 -41.111947 -0.011945 0.047506 -27.407958 -0.003119 0.024475 -13.703976 0 -0.013986 0 -90.642354 -59.929307 110.715761 5.189965 -55.510584 43.350343 34.331775 0.231259 0.071172 2.448561 -5.019626 79.887498 4.139768 -9.256659 -1.840067 -2.31197 -14.287039 -22.877688 25.165306 -7.995075 -6.318164 19.416153 -9.340541 -6.921116 7.336381 -1.103947 0.384252 0 0.000003 0 28.109572 -7.562226 -10.090785 41.374718 -7.866101 -6.530825 17.267049 -4.548842 -0.677989 0 0.000003 0 26.619723 -5.164304 -4.665737 30.42074 -6.236377 -2.737209 3.658815 -2.103675 -4.333325 0 0.000003 0 8.663185 2.329746 13.536779 35.504034 0.931114 -2.91891 8.11169 -1.911364 -2.350854 0 0.000003 0 25.57308 44.865063 59.697001 14.639121 -11.879814 23.373177 -37.367685 12.14218 -10.761847 -6.07677 7.97907 9.192813 0 0.000003 0 0 0.000003 0.000008 0 0.000003 -9.067483 0 0.000003 -18.134975 0.000002 0.000003 -27.202466 -0.005002 0.031032 -17.488211 -0.002867 0.023444 -13.116157 -0.001315 0.015712 -8.744104 -0.000358 0.007878 -4.372051 0 0.000003 0 15.983059 1.13031 0.840005 -0.013988 -0.000134 -0.126369 0 0.000003 0 -33.723909 2.620849 -1.16694 -89.999999 -90 0 0 0.000003 0 0 0.000003 0 90.000009 -63.648278 -90.000009 -5.682401 0.000003 0 -28.319916 0.000003 0 -16.252152 0.000003 0 0 0.000003 0 89.999996 -84.450021 179.999995 0 0.000003 0 -90.000003 -84.450021 0 0 0.000003 0 0 0.000003 0
0 0 0 179.999991 0.000003 179.999991 -0.010858 -0.047489 -4.387128 -176.837368 -4.493688 -177.582815 -84.318262 -25.100997 -96.226246 -0.874516 -0.011793 -12.330619 0 0.000003 0 15.479008 4.243264 8.274406 75.504886 -7.992029 9.334273 -0.15412 1.329519 -0.522786 6.028974 10.246639 -0.62389 0 0.000003 0 0 0.000003 0 0 0.000003 0 0 0.000003 0 -0.000099 -0.014484 0.786546 -0.000056 -0.010864 0.589909 -0.000025 -0.007244 0.393273 0.013982 -0.00374 0.793233 0 0.000003 0 92.284209 -8.876382 77.136311 11.075436 -1.149204 -8.451513 0 0.000003 0 -10.72735 7.79999 3.625334 75.690319 -9.031782 11.401314 -0.421239 2.455134 -0.80889 4.578976 11.406193 -1.957573 0 0.000003 0 0 0.000003 0 0 0.000003 0 0 0.000003 0 -0.005445 -0.107068 5.822432 -0.003064 -0.080362 4.366822 -0.001362 -0.053601 2.911214 -0.000341 -0.026813 1.455606 0 0.000003 0 92.46443 5.479891 90.620184 16.471893 -0.30806 0.688428 -15.282885 -0.118337 2.458085 8.327883 -0.132203 -0.04828 91.710227 -73.238301 126.376986 39.372427 -43.528568 76.544202 3.060192 64.956147 2.009812 4.593162 3.178253 -18.67684 -18.427249 4.733296 -2.095207 5.567135 -15.315433 -24.893183 19.64093 -2.94372 -2.855001 22.370505 -7.85423 0.939229 7.288746 0.470958 6.486256 -0.034264 0.000003 0 28.350582 -5.659847 9.45499 41.617832 7.113624 2.842771 17.763749 3.431606 4.452722 0 0.000003 0 26.744601 -3.338362 -20.523252 25.769597 -11.543229 -8.847489 3.737824 -3.458491 -4.497665 0 0.000003 0 8.409402 3.156397 -3.513731 29.902121 -5.927338 -10.004339 7.87868 -4.815028 -9.309607 -0.019782 0.000003 0 25.57308 44.865063 59.697001 20.727355 8.959742 26.75748 16.406326 -19.28464 -35.601979 -6.07677 7.97907 9.192813 0 0.000003 0 0 0.000003 0.000008 0.000002 0.000009 -35.41393 0.000003 0.000009 -70.827873 -0.000007 0.000009 -106.241803 -0.046075 0.085312 -55.926504 -0.026983 0.068912 -41.944861 -0.012416 0.048388 -27.963235 -0.003242 0.02496 -13.981614 0 -0.013986 0 -91.236793 -60.308874 111.161452 5.60402 -55.260497 40.757129 32.61166 0.221 0.06439 2.378279 -5.053238 80.687989 4.035676 -10.115385 -2.009059 -2.31197 -14.287039 -22.877688 25.165282 -7.995075 -6.318184 19.416252 -9.340568 -6.921127 7.336682 -1.104173 0.384231 0 0.000003 0 28.109541 -7.562233 -10.090736 41.374718 -7.866067 -6.530825 17.266868 -4.548753 -0.677989 0 0.000003 0 26.619694 -5.164317 -4.665704 30.42072 -6.23635 -2.737199 3.925483 -2.066546 -4.342993 0 0.000003 0 8.663183 2.329739 13.536801 35.723208 1.157009 -2.915342 8.118064 -1.994105 -2.363306 0 0.000003 0 25.57308 44.865063 59.697001 14.639148 -11.879807 23.373136 -37.367702 12.14218 -10.761891 -6.07677 7.97907 9.192813 0 0.000003 0 0 0.000003 0.000008 0 0.000003 -8.854656 0 0.000003 -17.709318 0.000002 0.000003 -26.56398 -0.004324 0.028853 -16.221228 -0.002479 0.02177 -12.165919 -0.00114 0.014578 -8.110612 -0.000312 0.007304 -4.055305 0 0.000003 0 15.227838 1.115058 0.638117 -0.013987 -0.000148 -0.182186 0 0.000003 0 -34.991032 2.582429 -1.273603 -89.999999 -90 0 0 0.000003 0 0 0.000003 0 90.000009 -63.648278 -90.000009 -5.682401 0.000003 0 -28.319916 0.000003 0 -16.252152 0.000003 0 0 0.000003 0 89.999996 -84.450021 179.999995 0 0.000003 0 -90.000003 -84.450021 0 0 0.000003 0 0 0.000003 0
0 0 0 179.999991 0.000003 179.999991 -0.016834 -0.050508 -4.420264 -177.90815 -4.744213 -177.354113 -86.280835 -27.629649 -94.155838 7.120575 -0.530512 -12.368409 0 0.000003 0 18.088907 2.20461 9.786619 75.504886 -7.992029 9.334273 -0.15412 1.329519 -0.522786 5.936487 10.287258 -0.720237 0 0.000003 0 0 0.000003 0 0 0.000003 0 0 0.000003 0 -0.000029 0.007823 -0.424455 -0.000016 0.00587 -0.318341 -0.000007 0.003909 -0.212227 0.013986 0.001908 0.490484 0 0.000003 0 90.618005 -8.598782 77.392846 16.42661 -1.642597 -8.582037 0 0.000003 0 -10.37414 8.427657 2.64475 75.690319 -9.031782 11.401314 -0.421239 2.455134 -0.80889 2.543088 11.111477 -1.575902 0 0.000003 0 0 0.000003 0 0 0.000003 0 0 0.000003 0 -0.005254 -0.105182 5.719524 -0.002957 -0.078948 4.28964 -0.001314 -0.052658 2.859759 -0.000329 -0.026335 1.429879 0 0.000003 0 91.348596 5.566258 90.661943 16.450046 -0.409693 0.594436 -15.120628 -0.418319 2.380372 8.694163 -0.594565 -0.049203 89.194942 -72.842766 129.267658 37.942155 -43.785099 77.703989 3.34306 66.785066 2.268003 4.648862 3.096114 -17.659099 -19.121241 5.225411 -2.372152 5.567135 -15.315433 -24.893183 19.813023 -3.233464 -2.864631 22.466688 -7.560723 0.969242 7.282264 0.56613 6.479324 -0.034264 0.000003 0 28.595726 -5.783276 9.430379 41.603239 7.2098 2.877747 17.766133 3.391499 4.44521 0 0.000003 0 26.956448 -3.484842 -20.536132 25.914421 -11.194357 -8.847688 3.781829 -3.41029 -4.51348 0 0.000003 0 8.409394 3.156438 -3.51376 30.087605 -5.910071 -10.023496 7.946176 -4.702453 -9.316886 -0.019782 0.000003 0 25.57308 44.865063 59.697001 20.513619 8.757295 26.724795 16.669299 -19.060214 -35.643591 -6.07677 7.97907 9.192813 0 0.000003 0 0 0.000003 0.000008 0.000002 0.000009 -35.142054 0 0.000009 -70.284122 -0.000003 0.000016 -105.426183 -0.046864 0.085831 -56.448337 -0.027461 0.069431 -42.336241 -0.012642 0.048804 -28.224152 -0.003301 0.025192 -14.112072 0 -0.013986 0 -92.823289 -60.891974 112.876205 7.79293 -54.769485 36.70392 30.567815 0.208556 0.056744 2.346153 -5.06821 81.05227 3.730503 -10.574237 -2.061775 -2.31197 -14.287039 -22.877688 25.165299 -7.995096 -6.318191 19.416192 -9.340554 -6.921118 7.336442 -1.103988 0.384262 0 0.000003 0 28.109538 -7.56224 -10.09075 41.374684 -7.86606 -6.530813 17.266916 -4.54876 -0.677992 0 0.000003 0 26.61972 -5.16431 -4.665705 30.420761 -6.236343 -2.737197 3.658712 -2.103641 -4.333304 0 0.000003 0 8.663167 2.329725 13.536789 35.723197 1.15703 -2.91534 8.118201 -1.994099 -2.363314 0 0.000003 0 25.57308 44.865063 59.697001 14.639122 -11.879834 23.373131 -37.367729 12.142221 -10.869224 -6.07677 7.97907 9.192813 0 0.000003 0 0 0.000003 0.000008 0 0.000003 -8.757809 0 -0.000004 -17.515626 0.000002 0.000003 -26.273443 -0.003687 0.026627 -14.938213 -0.002116 0.02007 -11.203658 -0.000975 0.013437 -7.469106 -0.000268 0.00673 -3.734552 0 0.000003 0 14.614417 1.353794 0.541097 -0.013987 -0.000161 -0.238344 0 0.000003 0 -35.957545 2.63149 -1.415087 -89.999999 -90 0 0 0.000003 0 0 0.000003 0 90.000009 -63.648278 -90.000009 -5.682401 0.000003 0 -28.319916 0.000003 0 -16.252152 0.000003 0 0 0.000003 0 89.999996 -84.450021 179.999995 0 0.000003 0 -90.000003 -84.450021 0 0 0.000003 0 0 0.000003 0
0 0 0 179.999991 0.000003 179.999991 -0.024454 -0.051583000000000045 -4.455694 -179.147707 -4.818751 -177.7217 -88.419374 -28.536528 -92.074413 14.08829 -0.97442 -12.459923 0 0.000003 0 18.578126 1.644705 9.808063 75.504886 -7.992029 9.334273 -0.15412 1.329519 -0.522786 6.262597 10.434551 -0.748478 0 0.000003 0 0 0.000003 0 0 0.000003 0 0 0.000003 0 -0.000364 0.027699 -1.504007 -0.000205 0.020773 -1.128005 -0.000091 0.013854 -0.752004 0.013965 0.006949 0.220597 0 0.000003 0 88.425316 -7.433538 77.502027 24.714695 -2.376521 -8.873305 0 0.000003 0 -7.656113 8.98791 2.810341 75.690319 -9.031782 11.401314 -0.421239 2.455134 -0.80889 -3.321456 10.456162 -1.175612 0 0.000003 0 0 0.000003 0 0 0.000003 0 0 0.000003 0 -0.005309 -0.105729 5.749027 -0.002987 -0.079344 4.311768 -0.001328 -0.052931 2.874511 -0.000332 -0.026471 1.437255 0 0.000003 0 90.284801 5.474741 90.718122 16.474418 -0.550757 0.493975 -14.981258 -0.849297 2.301196 8.901395 -1.28143 0.028739 89.657154 -72.180789 129.42519 38.14047 -45.630453 78.855449 3.269439 66.333604 2.200409 4.670985 3.062591 -17.247247 -19.85806 5.336846 -2.599633 5.567135 -15.315433 -24.893183 19.686564 -2.890725 -2.836644 22.377213 -7.801166 0.948651 7.299034 0.492002 6.488702 -0.034264 0.000003 0 28.35808 -5.584524 9.480806 41.604021 7.205941 2.876375 17.761644 3.476726 4.461203 0 0.000003 0 26.747589 -3.266242 -20.50228 25.79285 -11.482884 -8.834903 3.751722 -3.434374 -4.494715 0 0.000003 0 8.398508 3.188717 -3.514358 29.912547 -5.860232 -9.984754 7.887304 -4.784244 -9.305457 -0.019782 0.000003 0 25.57308 44.865063 59.697001 20.727386 8.959715 26.757428 16.406319 -19.284647 -35.601996 -6.07677 7.97907 9.192813 0 0.000003 0 0 0.000003 0.000008 0.000002 0.000003 -35.03202 0 0.000009 -70.06406 -0.000007 0.000016 -105.096087 -0.045708 0.085073 -55.68057 -0.026759 0.068673 -41.760412 -0.012311 0.048203 -27.840269 -0.003214 0.024851 -13.92013 0 -0.013986 0 -92.437595 -61.966786 113.066897 11.315989 -55.363025 32.079363 28.178686 0.1937 0.048397 2.326209 -5.077369 81.277776 3.041091 -10.922385 -2.030943 -2.31197 -14.287039 -22.877688 25.161225 -7.999536 -6.319274 19.415496 -9.344673 -6.92181 7.335165 -1.105593 0.384096 0 0.000003 0 28.108575 -7.568653 -10.094496 41.373683 -7.875049 -6.533445 17.265301 -4.552653 -0.678666 0 0.000003 0 26.619108 -5.170478 -4.668731 30.420245 -6.242907 -2.738714 3.658321 -2.106045 -4.333603 0 0.000003 0 8.66394 2.326925 13.595676 35.719909 1.184385 -2.907118 8.117349 -1.983587 -2.361731 0 0.000003 0 25.57308 44.865063 59.697001 14.639132 -11.879814 23.145956 -37.32864 12.28002 -10.802092 -6.07677 7.97907 9.192813 0 0.000003 0 0 0.000003 0.000008 0 0.000003 -8.69786 0 0.000003 -17.395727 0.000002 0.000003 -26.093594 -0.002957 0.023813 -13.329373 -0.001699 0.017939 -9.997029 -0.000785 0.011989 -6.664685 -0.000218 0.006006 -3.332342 0 0.000003 0 14.596241 1.947351 0.628297 -0.013987 -0.000141 -0.175077 0 0.000003 0 -36.908102 2.6628 -1.374518 -89.999999 -90 0 0 0.000003 0 0 0.000003 0 90.000009 -63.648278 -90.000009 -5.682401 0.000003 0 -28.319916 0.000003 0 -16.252152 0.000003 0 0 0.000003 0 89.999996 -84.450021 179.999995 0 0.000003 0 -90.000003 -84.450021 0 0 0.000003 0 0 0.000003 0
0 0 0 179.999991 0.000003 179.999991 -0.031712 -0.05115999999999998 -4.493398 -180.367551 -4.937828 -178.798985 -90.360555 -28.419561 -91.424684 21.584542 -1.435628 -12.617689 0 0.000003 0 14.028667 1.174413 10.129418 75.504886 -7.992029 9.334273 -0.15412 1.329519 -0.522786 7.641213 10.546272 -0.80254 0 0.000003 0 0 0.000003 0 0 0.000003 0 0 0.000003 0 -0.000414 0.02957 -1.605299 -0.000233 0.02218 -1.203974 -0.000104 0.014783 -0.802649 0.013962 0.00742 0.195274 0 0.000003 0 85.577202 -5.105878 76.579739 35.851759 -3.280906 -9.42484 0 0.000003 0 -1.85602 8.554487 4.020008 75.690319 -9.031782 11.401314 -0.421239 2.455134 -0.80889 -10.947226 9.685593 -0.716965 0 0.000003 0 0 0.000003 0 0 0.000003 0 0 0.000003 0 -0.006881 -0.120325 6.545874 -0.003872 -0.090327 4.909402 -0.001722 -0.060253 3.272933 -0.00043 -0.030139 1.636466 0 0.000003 0 89.305919 5.040696 90.804667 16.564715 -0.675278 0.291748 -14.83619 -1.25331 2.117254 9.197306 -1.919055 -0.145943 94.099257 -71.554205 125.392291 40.62352 -48.77361 79.519535 2.870661 63.575888 1.839128 4.624147 3.132942 -18.113952 -19.328066 5.282437 -2.415437 5.567135 -15.315433 -24.893183 19.640895 -2.9437 -2.854947 22.370666 -7.854244 0.939224 7.289165 0.470698 6.486302 -0.034264 0.000003 0 28.350558 -5.659834 9.455003 41.61763 7.113569 2.84279 17.764006 3.431667 4.452754 0 0.000003 0 26.744584 -3.338355 -20.523214 25.769426 -11.54312 -8.847423 3.738216 -3.458764 -4.497647 0 0.000003 0 8.409397 3.156431 -3.513733 29.902097 -5.927338 -10.004344 7.879286 -4.81524 -9.30963 -0.019782 0.000003 0 25.57308 44.865063 59.697001 20.727397 8.959694 26.757437 16.406343 -19.284634 -35.602023 -6.07677 7.97907 9.192813 0 0.000003 0 0 0.000003 0.000008 0.000002 0.000009 -35.26357 0.000003 0.000009 -70.52714 -0.000007 0.000016 -105.790724 -0.042364 0.08273 -53.418425 -0.024737 0.066371 -40.063806 -0.011363 0.046386 -26.709195 -0.002966 0.02386 -13.354596 0 -0.013986 0 -90.381496 -63.184771 111.035906 15.17417 -57.016726 28.072576 26.491131 0.183045 0.042862 2.263146 -5.105721 81.988361 2.777172 -11.275629 -2.058824 -2.31197 -14.287039 -22.877688 25.165309 -7.995082 -6.318175 19.416232 -9.340548 -6.921117 7.336598 -1.104111 0.38427 0 0.000003 0 28.109531 -7.562219 -10.090717 41.374653 -7.866026 -6.530791 17.266824 -4.548705 -0.677966 0 0.000003 0 26.619672 -5.164297 -4.665679 30.420761 -6.236295 -2.737185 3.658847 -2.103655 -4.33331 0 0.000003 0 8.663185 2.329753 13.536817 35.723317 1.157064 -2.915318 8.118175 -1.994092 -2.363299 0 0.000003 0 25.57308 44.865063 59.697001 14.639083 -11.879807 23.373177 -37.367685 12.142173 -10.761854 -6.07677 7.97907 9.192813 0 0.000003 0 0 0.000003 0.000008 0 0.000003 -8.508967 0 -0.000004 -17.017944 0.000002 0.000003 -25.526917 -0.002345 0.021156 -11.819161 -0.00135 0.015917 -8.86437 -0.000626 0.010644 -5.90958 -0.000176 0.00533 -2.954789 0 0.000003 0 15.926195 2.400254 0.604807 -0.013987 -0.000134 -0.145761 0 0.000003 0 -37.42178 2.899548 -1.47251 -89.999999 -90 0 0 0.000003 0 0 0.000003 0 90.000009 -63.648278 -90.000009 -5.682401 0.000003 0 -28.319916 0.000003 0 -16.252152 0.000003 0 0 0.000003 0 89.999996 -84.450021 179.999995 0 0.000003 0 -90.000003 -84.450021 0 0 0.000003 0 0 0.000003 0
0 0 0 179.999991 0.000003 179.999991 -0.039876 -0.04975600000000002 -4.532041 -181.34154 -4.932152 -180.047192 -91.841182 -26.384574 -91.442163 25.827288 -1.686214 -12.733245 0 0.000003 0 8.74017 0.921375 10.248971 75.504886 -7.992029 9.334273 -0.15412 1.329519 -0.522786 8.295904 10.572309 -0.829888 0 0.000003 0 0 0.000003 0 0 0.000003 0 0 0.000003 0 -0.000303 0.025302 -1.373623 -0.000171 0.01897 -1.030217 -0.000076 0.012652 -0.686811 0.013969 0.006334 0.253193 0 0.000003 0 82.394997 -1.339486 75.462437 48.608838 -4.161823 -10.25646 0 0.000003 0 4.951418 6.640299 3.850386 75.690319 -9.031782 11.401314 -0.421239 2.455134 -0.80889 -14.117772 9.486063 -0.468387 0 0.000003 0 0 0.000003 0 0 0.000003 0 0 0.000003 0 -0.008565 -0.13419 7.304647 -0.004821 -0.100763 5.478481 -0.002144 -0.067234 3.652319 -0.000536 -0.033629 1.826159 0 0.000003 0 88.427126 4.39639 90.793281 16.726628 -0.764262 0.065745 -14.750524 -1.49264 1.904488 9.213331 -2.262894 -0.279831 97.841647 -70.956502 121.685547 42.328718 -51.614351 81.438026 2.50744 60.490828 1.518252 4.581849 3.19455 -18.880357 -17.986381 4.716754 -1.98019 5.567135 -15.315433 -24.893183 19.589782 -3.002795 -2.875307 22.362934 -7.91353 0.928748 7.277895 0.447127 6.483595 -0.034264 0.000003 0 28.342024 -5.743954 9.426179 41.632797 7.010345 2.805215 17.766982 3.38137 4.443324 0 0.000003 0 26.741027 -3.41891 -20.546497 25.743574 -11.61052 -8.861463 3.722902 -3.485798 -4.500907 0 0.000003 0 8.421505 3.120327 -3.513082 29.890516 -6.002395 -10.026206 7.869917 -4.849732 -9.314262 -0.019782 0.000003 0 25.57308 44.865063 59.697001 20.727442 8.959708 26.75743 16.406324 -19.284634 -35.602013 -6.07677 7.97907 9.192813 0 0.000003 0 0 0.000003 0.000008 0.000002 0.000009 -35.468291 0.000003 0.000009 -70.936596 -0.000007 0.000016 -106.404887 -0.040395 0.081248 -52.053077 -0.023552 0.064951 -39.039797 -0.01081 0.045287 -26.026525 -0.002822 0.023266 -13.01326 0 -0.013986 0 -89.241824 -64.172328 109.710781 19.279095 -58.441589 24.062184 25.720693 0.178045 0.040434 2.258648 -5.107715 82.038932 2.415609 -11.236888 -1.994046 -2.31197 -14.287039 -22.877688 25.165309 -7.995075 -6.318168 19.41622 -9.340541 -6.921108 7.336572 -1.104077 0.384269 0 0.000003 0 28.109504 -7.562219 -10.090729 41.37465 -7.866033 -6.530772 17.266903 -4.548733 -0.677949 0 0.000003 0 26.619675 -5.16429 -4.665682 30.420713 -6.236288 -2.73717 3.658662 -2.103627 -4.333286 0 0.000003 0 8.663139 2.32976 13.536801 35.723115 1.157043 -2.915309 8.118158 -1.994099 -2.363289 0 0.000003 0 25.57308 44.865063 59.697001 14.639109 -11.879827 23.373152 -37.367699 12.142173 -10.761877 -6.07677 7.97907 9.192813 0 0.000003 0 0 0.000003 0.000008 0 0.000003 -8.495525 0 0.000003 -16.991059 0.000002 0.000003 -25.486591 -0.001877 0.018888 -10.529782 -0.001083 0.014202 -7.897336 -0.000505 0.009483 -5.26489 -0.000143 0.004743 -2.632444 0 0.000003 0 16.934037 2.513362 0.537458 -0.013988 -0.000107 0.005122 0 0.000003 0 -37.163739 3.088477 -1.335746 -89.999999 -90 0 0 0.000003 0 0 0.000003 0 90.000009 -63.648278 -90.000009 -5.682401 0.000003 0 -28.319916 0.000003 0 -16.252152 0.000003 0 0 0.000003 0 89.999996 -84.450021 179.999995 0 0.000003 0 -90.000003 -84.450021 0 0 0.000003 0 0 0.000003 0
0 0 0 179.999991 0.000003 179.999991 -0.048027 -0.04951300000000003 -4.568139 -182.103598 -4.845183 -181.134121 -92.892588 -24.150078 -92.03212 28.952762 -1.86496 -12.830072 0 0.000003 0 4.195403 0.563561 10.37031 75.504886 -7.992029 9.334273 -0.15412 1.329519 -0.522786 8.401738 10.333027 -0.811272 0 0.000003 0 0 0.000003 0 0 0.000003 0 0 0.000003 0 -0.000111 0.015309 -0.830748 -0.000062 0.011477 -0.623061 -0.000028 0.007652 -0.415374 0.013981 0.0038 0.388911 0 0.000003 0 79.188721 3.239315 74.19002 61.066351 -4.823224 -11.236332 0 0.000003 0 15.778097 1.68906 -2.560705 75.690319 -9.031782 11.401314 -0.421239 2.455134 -0.80889 -5.350624 10.393078 -1.26838 0 0.000003 0 0 0.000003 0 0 0.000003 0 0 0.000003 0 -0.009986 -0.144845 7.887931 -0.005621 -0.108782 5.915943 -0.0025 -0.072596 3.943959 -0.000625 -0.03632 1.971978 0 0.000003 0 87.630706 3.745036 90.726024 16.869912 -0.808965 -0.193662 -14.697747 -1.643683 1.6516 9.169273 -2.104918 -0.474657 99.408226 -70.351055 120.523732 42.952669 -52.810269 84.45645 2.254537 57.928387 1.300999 4.605236 3.160707 -18.458468 -16.230732 3.657227 -1.491098 5.567135 -15.315433 -24.893183 19.640861 -2.943713 -2.854938 22.370698 -7.854394 0.939207 7.288863 0.470835 6.486275 -0.034264 0.000003 0 28.350551 -5.659888 9.455015 41.617832 7.11346 2.842774 17.76385 3.431667 4.45276 0 0.000003 0 26.744545 -3.338403 -20.523192 25.769448 -11.543202 -8.847494 3.737982 -3.458696 -4.49762 0 0.000003 0 8.409404 3.156431 -3.749989 29.883375 -6.048287 -10.039553 7.863328 -4.870523 -9.317021 -0.019782 0.000003 0 25.57308 44.865063 59.697001 20.72751 8.959783 26.757454 16.406289 -19.284627 -35.601999 -6.07677 7.97907 9.192813 0 0.000003 0 0 0.000003 0.000008 0.000002 0.000009 -35.3556 0 0.000016 -70.711207 -0.000007 0.000016 -106.066807 -0.041917 0.082395 -53.110663 -0.024467 0.066057 -39.832987 -0.011238 0.04614 -26.555314 -0.002933 0.023731 -13.277656 0 -0.013986 0 -89.899851 -65.048744 110.252299 24.096088 -59.315782 19.265969 25.984628 0.1798 0.041261 2.370144 -5.057042 80.780374 1.588005 -10.593491 -1.754283 -2.31197 -14.287039 -22.877688 25.126215 -8.037607 -6.328636 19.408232 -9.379726 -6.927397 7.324876 -1.119766 0.382504 0 0.000003 0 28.100114 -7.6238 -10.126966 41.365053 -7.952448 -6.556032 17.252003 -4.586285 -0.684423 0 0.000003 0 26.614066 -5.223432 -4.695074 30.415522 -6.299577 -2.7516 3.654357 -2.126515 -4.33616 0 0.000003 0 8.670538 2.302671 13.533525 35.731042 1.092723 -2.934623 8.120016 -2.018756 -2.366976 0 0.000003 0 25.57308 44.865063 59.697001 14.63911 -11.879834 23.373163 -37.367709 12.142153 -10.761878 -6.07677 7.97907 9.192813 0 0.000003 0 0 0.000003 0.000008 0 0.000003 -8.830092 0 0.000003 -17.660193 0.000002 0.000003 -26.490293 -0.001462 0.0166 -9.240877 -0.000845 0.012474 -6.930658 -0.000396 0.008322 -4.620438 -0.000114 0.004162 -2.310218 0 0.000003 0 17.857028 2.521449 0.568356 -0.013988 0.000016 0.49034 0 0.000003 0 -36.933439 3.421893 -0.781206 -89.999999 -90 0 0 0.000003 0 0 0.000003 0 90.000009 -63.648278 -90.000009 -5.682401 0.000003 0 -28.319916 0.000003 0 -16.252152 0.000003 0 0 0.000003 0 89.999996 -84.450021 179.999995 0 0.000003 0 -90.000003 -84.450021 0 0 0.000003 0 0 0.000003 0
0 0 0 179.999991 0.000003 179.999991 -0.054937 -0.04946399999999995 -4.602901 -182.640136 -4.894668 -181.883707 -93.565081 -21.9186 -92.792969 31.108896 -1.985028 -12.902483 0 0.000003 0 0.535049 0.87818 10.530572 75.504886 -7.992029 9.334273 -0.15412 1.329519 -0.522786 8.627982 10.487328 -0.648184 0 0.000003 0 0 0.000003 0 0 0.000003 0 0 0.000003 0 -0.000008 0.004203 -0.228319 -0.000005 0.003151 -0.17124 -0.000002 0.002099 -0.11416 0.013988 0.000993 0.539518 0 0.000003 0 76.502579 7.494646 72.451184 70.110492 -5.162569 -12.025224 0 0.000003 0 22.363699 -0.21144 -2.379845 75.690319 -9.031782 11.401314 -0.421239 2.455134 -0.80889 1.902744 11.108943 -1.839985 0 0.000003 0 0 0.000003 0 0 0.000003 0 0 0.000003 0 -0.011925 -0.158205 8.620883 -0.006713 -0.11885 6.465655 -0.002986 -0.07933 4.310433 -0.000747 -0.039688 2.155215 0 0.000003 0 86.907546 3.340245 90.570713 16.942875 -0.825597 -0.482251 -14.625645 -1.731409 1.356268 9.23911 -2.56321 -0.688104 97.674048 -69.502636 122.358348 42.552198 -53.643361 88.710347 2.080855 55.923754 1.155423 4.672933 3.059606 -17.210748 -14.890444 2.865943 -1.192009 5.567135 -15.315433 -24.893183 19.640858 -2.943734 -2.854958 22.370596 -7.854435 0.939218 7.288909 0.470848 6.486262 -0.034264 0.000003 0 28.350541 -5.659902 9.480528 41.615345 7.130297 2.848904 17.763717 3.439952 4.454307 0 0.000003 0 26.744547 -3.338423 -20.495576 25.774422 -11.531092 -8.84502 3.740553 -3.453655 -4.497005 0 0.000003 0 8.409375 3.156404 -3.5137 29.902268 -5.927564 -10.004412 7.879267 -4.815247 -9.309647 -0.019782 0.000003 0 25.57308 44.865063 59.697001 20.727539 8.959708 26.757462 16.406261 -19.284661 -35.601982 -6.07677 7.97907 9.192813 0 0.000003 0 0 0.000003 0.000008 0.000002 0.000009 -35.022273 0.000003 0.000016 -70.044546 -0.000007 0.000016 -105.066833 -0.045342 0.08482 -55.438924 -0.02654 0.068421 -41.57918 -0.012208 0.048005 -27.719445 -0.003188 0.024748 -13.859719 0 -0.013986 0 -92.083135 -65.932855 112.385381 29.347906 -58.419917 14.19528 26.794405 0.184998 0.043841 2.498606 -4.994949 79.314055 0.52949 -9.342139 -1.383267 -2.31197 -14.287039 -22.877688 25.165276 -7.995096 -6.318157 19.416227 -9.340582 -6.921107 7.336411 -1.103961 0.384268 0 0.000003 0 28.109504 -7.562253 -10.090712 41.37467 -7.866108 -6.530759 17.266889 -4.548719 -0.677925 0 0.000003 0 26.61966 -5.164338 -4.66567 30.420645 -6.236363 -2.737164 3.658766 -2.103641 -4.33327 0 0.000003 0 8.663158 2.329746 13.536814 35.723242 1.156955 -2.915313 8.11816 -1.994092 -2.363248 0 0.000003 0 25.57308 44.865063 59.697001 14.639121 -11.879841 23.37316 -37.367709 12.142112 -10.761851 -6.07677 7.97907 9.192813 0 0.000003 0 0 0.000003 0.000008 0 0.000003 -9.21996 0 0.000003 -18.439926 0.000002 0.000003 -27.659894 -0.001197 0.014961 -8.322848 -0.000694 0.011231 -6.242135 -0.000327 0.007502 -4.161423 -0.000095 0.003759 -2.08071 0 0.000003 0 18.711751 3.186573 0.654794 -0.013987 0.000166 1.106054 0 0.000003 0 -36.969014 3.254553 0.208766 -89.999999 -90 0 0 0.000003 0 0 0.000003 0 90.000009 -63.648278 -90.000009 -5.682401 0.000003 0 -28.319916 0.000003 0 -16.252152 0.000003 0 0 0.000003 0 89.999996 -84.450021 179.999995 0 0.000003 0 -90.000003 -84.450021 0 0 0.000003 0 0 0.000003 0
0 0 0 179.999991 0.000003 179.999991 -0.061625 -0.04705199999999998 -4.638216 -182.853607 -5.178715 -182.353118 -93.98815 -19.160167 -93.118612 31.565395 -1.888586 -12.88281 0 0.000003 0 -2.194252 0.986268 10.626364 75.504886 -7.992029 9.334273 -0.15412 1.329519 -0.522786 8.919853 10.497955 -0.809628 0 0.000003 0 0 0.000003 0 0 0.000003 0 0 0.000003 0 0 0.000003 -0.000003 0 0.000003 -0.000002 0 0.000003 -0.000001 0.013988 -0.000073 0.596597 0 0.000003 0 74.733744 11.422544 70.719779 75.105293 -5.295498 -12.480859 0 0.000003 0 21.780138 -0.539453 -1.602278 75.690319 -9.031782 11.401314 -0.421239 2.455134 -0.80889 3.232117 11.241319 -1.932411 0 0.000003 0 0 0.000003 0 0 0.000003 0 0 0.000003 0 -0.013743 -0.169769 9.25605 -0.007738 -0.127565 6.942029 -0.003441 -0.085149 4.628015 -0.000861 -0.042611 2.314006 0 0.000003 0 86.376717 3.19914 90.379317 16.958865 -0.801807 -0.830105 -14.529645 -1.771721 1.022709 9.399268 -2.30533 -0.999604 95.55492 -68.576215 124.889862 41.642489 -53.885668 92.54364 1.914303 53.786328 1.019247 4.737359 2.958738 -15.983556 -14.187539 2.373104 -1.056535 5.567135 -15.315433 -24.893183 19.640858 -2.943734 -2.697695 22.378398 -7.793578 0.950008 7.300361 0.495171 6.489031 -0.034264 0.000003 0 28.350534 -5.659929 9.455 41.617914 7.113317 2.842747 17.764325 3.431681 4.452798 0 0.000003 0 26.74454 -3.338437 -20.523197 25.769692 -11.543366 -8.847575 3.738046 -3.458757 -4.497615 0 0.000003 0 8.40938 3.15639 -3.513713 29.902234 -5.927584 -10.004426 7.879448 -4.815329 -9.309662 -0.019782 0.000003 0 25.57308 44.865063 59.697001 20.727563 8.959742 26.757466 16.406278 -19.28462 -35.601985 -6.07677 7.97907 9.192813 0 0.000003 0 0 0.000003 0.000008 0.000002 0.000009 -34.694369 0 0.000009 -69.388739 -0.000007 0.000016 -104.083122 -0.049492 0.087497 -58.171792 -0.029064 0.071132 -43.628831 -0.013397 0.050163 -29.085876 -0.003499 0.025944 -14.542934 0 -0.013986 0 -94.849847 -66.932995 114.925774 34.896553 -57.52118 9.581879 27.847023 0.191658 0.047279 2.55169 -4.968086 78.70276 -0.580949 -7.809438 -0.994684 -2.31197 -14.287039 -22.877688 25.165303 -7.995116 -6.318116 19.416134 -9.340561 -6.921061 7.336466 -1.103988 0.384256 0 0.000003 0 28.109504 -7.562274 -10.090706 41.374677 -7.866142 -6.530759 17.26695 -4.54876 -0.677924 0 0.000003 0 26.619655 -5.164358 -4.665662 30.420758 -6.236397 -2.737168 3.658645 -2.103627 -4.333254 0 0.000003 0 8.663158 2.329732 13.53683 35.723208 1.156914 -2.915297 8.118253 -1.994085 -2.363228 0 0.000003 0 25.57308 44.865063 59.697001 14.63911 -11.879896 23.373167 -37.367682 12.142112 -10.761865 -6.07677 7.97907 9.192813 0 0.000003 0 0 0.000003 0.000008 0 0.000003 -9.382514 0 0.000003 -18.765036 0.000002 0.000003 -28.147558 -0.00101 0.013697 -7.614633 -0.000587 0.010282 -5.710974 -0.000278 0.006867 -3.807316 -0.000082 0.003438 -1.903657 0 0.000003 0 19.3136 3.228387 0.488501 -0.013984 0.000337 1.806975 0 0.000003 0 -36.952546 3.656005 1.037671 -89.999999 -90 0 0 0.000003 0 0 0.000003 0 90.000009 -63.648278 -90.000009 -5.682401 0.000003 0 -28.319916 0.000003 0 -16.252152 0.000003 0 0 0.000003 0 89.999996 -84.450021 179.999995 0 0.000003 0 -90.000003 -84.450021 0 0 0.000003 0 0 0.000003 0
0 0 0 179.999991 0.000003 179.999991 -0.067104 -0.04179699999999997 -4.672257 -182.828731 -5.475801 -182.680571 -94.014576 -15.609568 -93.61792 30.012661 -1.924315 -12.865094 0 0.000003 0 -3.606988 2.032161 11.079795 75.504886 -7.992029 9.334273 -0.15412 1.329519 -0.522786 8.970607 10.225574 -0.785407 0 0.000003 0 0 0.000003 0 0 0.000003 0 0 0.000003 0 -0.000013 -0.005277 0.286469 -0.000007 -0.003952 0.214852 -0.000003 -0.002634 0.143235 0.013987 -0.001405 0.668214 0 0.000003 0 73.984889 14.928078 69.450381 76.167982 -5.318673 -12.579187 0 0.000003 0 18.660084 1.077444 -0.456515 75.690319 -9.031782 11.401314 -0.421239 2.455134 -0.80889 3.569529 11.299246 -1.898478 0 0.000003 0 0 0.000003 0 0 0.000003 0 0 0.000003 0 -0.014766 -0.17593 9.595232 -0.008314 -0.132216 7.196415 -0.003698 -0.088271 4.797605 -0.000925 -0.044175 2.398801 0 0.000003 0 85.994322 3.17531 90.204888 16.955729 -0.730657 -1.209096 -14.481936 -1.757432 0.638443 9.490831 -2.5575 -1.35249 94.200958 -67.627364 126.667105 41.099571 -54.959183 95.748297 1.760092 51.592717 0.896622 4.776142 2.895627 -15.224123 -13.475874 1.652997 -0.910153 5.567135 -15.315433 -24.893183 19.640868 -2.943754 -2.854931 22.370662 -7.854517 0.939211 7.289081 0.470746 6.486267 -0.034264 0.000003 0 28.350572 -5.659923 9.455013 41.61791 7.113276 2.842742 17.763886 3.43164 4.452771 0 0.000003 0 26.744553 -3.338444 -20.523163 25.769462 -11.543338 -8.847545 3.737888 -3.458696 -4.497599 0 0.000003 0 8.409396 3.156411 -3.513694 29.902302 -5.927639 -10.004441 7.879491 -4.815349 -9.309662 -0.019782 0.000003 0 25.57308 44.865063 59.697001 20.727626 8.959783 26.757481 16.406248 -19.284681 -35.601944 -6.07677 7.97907 9.192813 0 0.000003 0 0 0.000003 0.000008 0.000002 0.000009 -34.491417 0.000003 0.000009 -68.982834 -0.000007 0.000016 -103.474265 -0.051247 0.088542 -59.30641 -0.030138 0.072225 -44.479794 -0.013906 0.051051 -29.653188 -0.003632 0.026435 -14.826589 0 -0.013986 0 -96.000303 -68.322086 116.104637 40.555949 -56.089695 5.118102 28.951826 0.198529 0.051023 2.541278 -4.973413 78.82291 -1.594511 -6.450169 -0.698728 -2.31197 -14.287039 -22.877688 25.16533 -7.995116 -6.318103 19.416146 -9.340595 -6.921077 7.336485 -1.104029 0.384239 0 0.000003 0 28.109509 -7.562294 -10.090681 41.37465 -7.866142 -6.530738 17.266867 -4.548705 -0.677903 0 0.000003 0 26.619696 -5.164365 -4.665644 30.420679 -6.236418 -2.737152 3.658737 -2.103627 -4.333242 0 0.000003 0 8.663168 2.329732 13.536824 35.723098 1.156879 -2.915287 8.118317 -1.994085 -2.363212 0 0.000003 0 25.57308 44.865063 59.697001 14.639134 -11.87993 23.373129 -37.367654 12.142139 -10.761865 -6.07677 7.97907 9.192813 0 0.000003 0 0 0.000003 0.000008 0 0.000003 -9.350562 0 0.000003 -18.701133 0.000002 0.000003 -28.051703 -0.000845 0.012461 -6.929205 -0.000493 0.00936 -5.196903 -0.000234 0.006252 -3.464602 -0.00007 0.003131 -1.7323 0 0.000003 0 19.994976 4.446196 0.734279 -0.013983 0.000399 2.046621 0 0.000003 0 -36.507856 3.297481 1.578242 -89.999999 -90 0 0 0.000003 0 0 0.000003 0 90.000009 -63.648278 -90.000009 -5.682401 0.000003 0 -28.319916 0.000003 0 -16.252152 0.000003 0 0 0.000003 0 89.999996 -84.450021 179.999995 0 0.000003 0 -90.000003 -84.450021 0 0 0.000003 0 0 0.000003 0
0 0 0 179.999991 0.000003 179.999991 -0.071676 -0.03431899999999999 -4.706191 -182.596068 -5.708171 -182.886733 -93.850037 -11.348125 -93.416224 26.589155 -1.628854 -12.730981 0 0.000003 0 -4.112005 2.48016 10.534821 75.504886 -7.992029 9.334273 -0.15412 1.329519 -0.522786 8.749821 10.584412 -0.794743 0 0.000003 0 0 0.000003 0 0 0.000003 0 0 0.000003 0 0 0.000003 0.000001 0 0.000003 0.000001 0 0.000003 0 0.013988 -0.000073 0.596597 0 0.000003 0 74.139224 17.945457 68.397043 73.476812 -5.256532 -12.331043 0 0.000003 0 11.977101 6.091363 6.8721 75.690319 -9.031782 11.401314 -0.421239 2.455134 -0.80889 3.466612 11.31542 -1.84702 0 0.000003 0 0 0.000003 0 0 0.000003 0 0 0.000003 0 -0.015788 -0.181865 9.922661 -0.008891 -0.136704 7.441985 -0.003954 -0.091283 4.961318 -0.000989 -0.045685 2.480657 0 0.000003 0 85.72302 3.168063 90.048743 16.953657 -0.612754 -1.633581 -14.521631 -1.676269 0.200863 9.393291 -2.367013 -1.786095 93.113169 -66.665408 128.005849 39.523016 -55.933281 99.156575 1.637343 49.680333 0.801723 4.792025 2.869222 -14.908278 -12.185008 0.639896 -0.68341 5.567135 -15.315433 -24.893183 19.640831 -2.943775 -2.854924 22.37051 -7.854544 0.939221 7.288933 0.470828 6.486264 -0.034264 0.000003 0 28.350575 -5.659943 9.455014 41.617852 7.113201 2.842704 17.76398 3.43166 4.452781 0 0.000003 0 26.744538 -3.338464 -20.523161 25.769641 -11.543468 -8.847601 3.737941 -3.458751 -4.497605 0 0.000003 0 8.409396 3.15639 -3.513689 29.902172 -5.927659 -10.004436 7.879119 -4.815288 -9.309632 -0.019782 0.000003 0 25.57308 44.865063 59.697001 20.72765 8.959763 26.757464 16.406234 -19.284695 -35.601958 -6.07677 7.97907 9.192813 0 0.000003 0 0 0.000003 0.000008 0.000002 0.000009 -34.407003 0 0.000009 -68.814012 -0.000007 0.000016 -103.221022 -0.053071 0.08958 -60.468266 -0.031258 0.073331 -45.351182 -0.014436 0.051953 -30.234109 -0.00377 0.026934 -15.117051 0 -0.013986 0 -96.824413 -69.712769 116.412433 45.241534 -54.835891 2.192407 30.309227 0.207067 0.055827 2.507629 -4.990434 79.210441 -2.447343 -5.664717 -0.537058 -2.31197 -14.287039 -22.877688 25.165272 -7.99511 -6.318076 19.416157 -9.340589 -6.921085 7.33634 -1.103934 0.384233 0 0.000003 0 28.109497 -7.562308 -10.090676 41.374513 -7.866149 -6.530706 17.26693 -4.548699 -0.677901 0 0.000003 0 26.619641 -5.164392 -4.66562 30.420583 -6.236411 -2.737128 3.658513 -2.103586 -4.333223 0 0.000003 0 8.663125 2.329719 13.536851 35.723354 1.156859 -2.915268 8.118324 -1.99403 -2.363181 0 0.000003 0 25.57308 44.865063 59.697001 14.639131 -11.879923 23.373143 -37.367654 12.142112 -10.761851 -6.07677 7.97907 9.192813 0 0.000003 0 0 0.000003 0.000008 0 0.000003 -9.247513 0 0.000003 -18.495032 0.000002 0.000009 -27.742552 -0.000794 0.012071 -6.70252 -0.000463 0.009059 -5.026889 -0.00022 0.00604 -3.351259 -0.000066 0.003028 -1.675629 0 0.000003 0 20.719085 5.322653 0.851474 -0.01398 0.000481 2.403006 0 0.000003 0 -35.62585 3.629934 1.946973 -89.999999 -90 0 0 0.000003 0 0 0.000003 0 90.000009 -63.648278 -90.000009 -5.682401 0.000003 0 -28.319916 0.000003 0 -16.252152 0.000003 0 0 0.000003 0 89.999996 -84.450021 179.999995 0 0.000003 0 -90.000003 -84.450021 0 0 0.000003 0 0 0.000003 0
0 0 0 179.999991 0.000003 179.999991 -0.075508 -0.02664500000000003 -4.739641 -182.161326 -5.774431 -182.897785 -93.435376 -6.782164 -93.602142 21.90858 -1.498432 -12.634673 0 0.000003 0 -3.89812 2.888271 10.688971 75.504886 -7.992029 9.334273 -0.15412 1.329519 -0.522786 8.775757 10.447999 -0.771057 0 0.000003 0 0 0.000003 0 0 0.000003 0 0 0.000003 0 0 0.000003 -0.000003 0 0.000003 -0.000002 0 0.000003 -0.000001 0.013988 -0.000073 0.596597 0 0.000003 0 75.077952 20.538661 67.616257 67.407765 -5.074234 -11.784026 0 0.000003 0 12.624104 7.911431 9.106174 75.690319 -9.031782 11.401314 -0.421239 2.455134 -0.80889 3.065734 11.289554 -1.811134 0 0.000003 0 0 0.000003 0 0 0.000003 0 0 0.000003 0 -0.016795 -0.187534 10.234854 -0.009458 -0.140973 7.676129 -0.004207 -0.094138 5.117413 -0.001052 -0.047112 2.558705 0 0.000003 0 85.59074 3.184544 89.920178 16.959126 -0.470714 -2.074081 -14.619446 -1.524503 -0.255716 9.177612 -2.21875 -2.242876 91.860034 -65.705813 129.359839 37.382284 -56.818108 102.338159 1.551344 48.246143 0.736907 4.80132 2.853615 -14.722056 -10.315108 -0.419842 -0.446333 5.567135 -15.315433 -24.893183 19.640851 -2.943754 -2.854911 22.370543 -7.854585 0.939213 7.289017 0.470787 6.486257 -0.034264 0.000003 0 28.350568 -5.659916 9.455017 41.617756 7.11316 2.842667 17.763891 3.431667 4.452759 0 0.000003 0 26.744533 -3.338444 -20.523156 25.769484 -11.543454 -8.847596 3.737932 -3.458751 -4.497609 0 0.000003 0 8.409385 3.156411 -3.513692 29.902042 -5.9277 -10.004439 7.879137 -4.815281 -9.309637 -0.019782 0.000003 0 25.57308 44.865063 59.697001 20.72765 8.959742 26.757485 16.406256 -19.284654 -35.601965 -6.07677 7.97907 9.192813 0 0.000003 0 0 0.000003 0.000008 0.000002 0.000009 -34.357231 0.000003 0.000009 -68.714476 -0.000007 0.000009 -103.071714 -0.054379 0.090298 -61.296044 -0.032063 0.07411 -45.972016 -0.014818 0.052602 -30.647998 -0.00387 0.027296 -15.323994 0 -0.013986 0 -96.882245 -71.067971 115.789943 49.027583 -53.26685 0.059163 32.342619 0.219436 0.063391 2.488999 -4.99973 79.424363 -3.292145 -5.269406 -0.447891 -2.31197 -14.287039 -22.877688 25.165214 -7.995089 -6.318015 19.416326 -9.340623 -6.921105 7.336296 -1.103968 0.384225 0 0.000003 0 28.10947 -7.562328 -10.090648 41.374663 -7.866176 -6.530711 17.266964 -4.548719 -0.677899 0 0.000003 0 26.619641 -5.164399 -4.665593 30.420686 -6.236438 -2.737138 3.658665 -2.103614 -4.333216 0 0.000003 0 8.663152 2.329732 13.536851 35.723317 1.156818 -2.915278 8.118283 -1.994037 -2.363164 0 0.000003 0 25.57308 44.865063 59.697001 14.639131 -11.879916 23.373143 -37.3676 12.142105 -10.76181 -6.07677 7.97907 9.192813 0 0.000003 0 0 0.000003 0.000008 0 0.000003 -9.190632 0 0.000003 -18.38127 0.000002 0.000003 -27.571911 -0.000766 0.011839 -6.577973 -0.000447 0.008889 -4.933479 -0.000213 0.005931 -3.288986 -0.000064 0.002967 -1.644492 0 0.000003 0 21.244822 5.991397 0.83543 -0.013978 0.000528 2.616782 0 0.000003 0 -34.674528 3.395672 2.38203 -89.999999 -90 0 0 0.000003 0 0 0.000003 0 90.000009 -63.648278 -90.000009 -5.682401 0.000003 0 -28.319916 0.000003 0 -16.252152 0.000003 0 0 0.000003 0 89.999996 -84.450021 179.999995 0 0.000003 0 -90.000003 -84.450021 0 0 0.000003 0 0 0.000003 0
0 0 0 179.999991 0.000003 179.999991 -0.078525 -0.021129999999999982 -4.772377 -181.760913 -5.645306 -182.612119 -92.987753 -2.355504 -93.258023 16.888087 -1.149074 -12.511773 0 0.000003 0 -3.624527 2.895613 10.263494 75.504886 -7.992029 9.334273 -0.15412 1.329519 -0.522786 8.256228 10.648336 -0.803674 0 0.000003 0 0 0.000003 0 0 0.000003 0 0 0.000003 0 -0.000025 0.007249 -0.393568 -0.000014 0.005439 -0.295176 -0.000006 0.003623 -0.196784 0.013987 0.001765 0.498206 0 0.000003 0 76.432303 22.697268 67.362003 58.727442 -4.715587 -11.041776 0 0.000003 0 11.322357 8.305642 7.338297 75.690319 -9.031782 11.401314 -0.421239 2.455134 -0.80889 2.528471 11.23104 -1.788362 0 0.000003 0 0 0.000003 0 0 0.000003 0 0 0.000003 0 -0.017075 -0.189084 10.320213 -0.009616 -0.142147 7.740147 -0.004277 -0.094923 5.160092 -0.00107 -0.047508 2.580044 0 0.000003 0 85.457879 3.308963 89.828257 16.96828 -0.355222 -2.501944 -14.731714 -1.34185 -0.692512 8.94219 -2.094632 -2.672185 90.45339 -64.760559 130.726232 34.965723 -57.518827 104.899821 1.493609 47.234087 0.694175 4.837335 2.792034 -13.990784 -8.293106 -1.483467 -0.296057 5.567135 -15.315433 -24.893183 19.64082 -2.943782 -2.854929 22.370516 -7.854613 0.939203 7.288991 0.470807 6.486251 -0.034264 0.000003 0 28.350572 -5.659929 9.454996 41.617961 7.113166 2.842668 17.764055 3.431667 4.452764 0 0.000003 0 26.744564 -3.338451 -20.523163 25.769546 -11.543495 -8.847626 3.737901 -3.458723 -4.497606 0 0.000003 0 8.409395 3.15639 -3.513692 29.902083 -5.927741 -10.00447 7.878978 -4.815254 -9.309632 -0.019782 0.000003 0 25.57308 44.865063 59.697001 20.727654 8.959694 26.757478 16.40623 -19.284647 -35.601965 -6.07677 7.97907 9.192813 0 0.000003 0 0 0.000003 0.000008 0.000002 0.000009 -34.161772 0 0.000009 -68.32355 -0.000007 0.000016 -102.485329 -0.054891 0.090571 -61.617841 -0.032382 0.074411 -46.213367 -0.01497 0.052848 -30.8089 -0.00391 0.027439 -15.404447 0 -0.013986 0 -95.717506 -72.289248 113.679251 52.032183 -51.60389 -1.480298 35.05251 0.235514 0.07413 2.530244 -4.979035 78.950177 -4.351592 -4.936804 -0.377754 -2.31197 -14.287039 -22.877688 25.165224 -7.995082 -6.31797 19.416387 -9.340657 -6.921113 7.33659 -1.104186 0.384193 0 0.000003 0 28.10947 -7.562328 -10.090635 41.374766 -7.866217 -6.530725 17.267031 -4.548712 -0.677888 0 0.000003 0 26.619669 -5.164392 -4.665593 30.420761 -6.236486 -2.737152 3.658695 -2.103607 -4.333202 0 0.000003 0 8.66318 2.329732 13.536851 35.723522 1.156811 -2.915258 8.11812 -1.994037 -2.363155 0 0.000003 0 25.57308 44.865063 59.697001 14.639144 -11.879964 23.373143 -37.367627 12.142105 -10.76181 -6.07677 7.97907 9.192813 0 0.000003 0 0 0.000003 0.000008 0 0.000003 -9.31672 0 0.000003 -18.633448 0.000002 0.000003 -27.950176 -0.000746 0.011675 -6.485832 -0.000436 0.008766 -4.864374 -0.000208 0.005849 -3.242915 -0.000062 0.002926 -1.621457 0 0.000003 0 21.398102 6.581279 0.767603 -0.013973 0.000651 3.108493 0 0.000003 0 -33.868934 3.920319 2.847771 -89.999999 -90 0 0 0.000003 0 0 0.000003 0 90.000009 -63.648278 -90.000009 -5.682401 0.000003 0 -28.319916 0.000003 0 -16.252152 0.000003 0 0 0.000003 0 89.999996 -84.450021 179.999995 0 0.000003 0 -90.000003 -84.450021 0 0 0.000003 0 0 0.000003 0
0 0 0 179.999991 0.000003 179.999991 -0.080275 -0.019411999999999985 -4.805648 -181.691833 -5.560133 -182.075498 -92.857679 1.509782 -93.040728 12.399471 -0.86791 -12.432797 0 0.000003 0 -3.533922 2.93542 9.995289 75.504886 -7.992029 9.334273 -0.15412 1.329519 -0.522786 8.256229 10.648356 -0.803673 0 0.000003 0 0 0.000003 0 0 0.000003 0 0 0.000003 0 -0.000068 0.011983 -0.650135 -0.000038 0.008984 -0.487601 -0.000017 0.005986 -0.325067 0.013984 0.00296 0.434064 0 0.000003 0 77.763357 24.196699 67.696286 48.040153 -4.126648 -10.21535 0 0.000003 0 10.177549 7.55678 4.327201 75.690319 -9.031782 11.401314 -0.421239 2.455134 -0.80889 1.920608 11.116142 -1.997274 0 0.000003 0 0 0.000003 0 0 0.000003 0 0 0.000003 0 -0.016359 -0.185109 10.100762 -0.009213 -0.139142 7.575559 -0.004098 -0.092915 5.050367 -0.001025 -0.046497 2.525182 0 0.000003 0 85.187349 3.52175 89.733236 16.964812 -0.300895 -2.892271 -14.825638 -1.213148 -1.080914 8.737934 -1.544078 -3.057007 89.118744 -63.732588 131.962332 32.478711 -57.834744 106.283959 1.445873 46.369303 0.659385 4.87851 2.719333 -13.134354 -6.69064 -2.160339 -0.240688 5.567135 -15.315433 -24.893183 19.640861 -2.943802 -2.854924 22.370522 -7.854633 0.939194 7.289042 0.47078 6.486241 -0.034264 0.000003 0 28.350613 -5.659943 9.454969 41.617886 7.113112 2.842638 17.763973 3.431674 4.452751 0 0.000003 0 26.744601 -3.338464 -20.523183 25.769568 -11.54355 -8.847668 3.737909 -3.458744 -4.497598 0 0.000003 0 8.409406 3.156383 -3.513702 29.90221 -5.927789 -10.004509 7.879107 -4.815288 -9.309649 -0.019782 0.000003 0 25.57308 44.865063 59.697001 20.727684 8.959708 26.757485 16.406242 -19.28462 -35.601972 -6.07677 7.97907 9.192813 0 0.000003 0 0 0.000003 0.000008 0 0.000009 -33.932831 0.000003 0.000016 -67.865675 -0.000007 0.000016 -101.798512 -0.054461 0.090345 -61.346259 -0.032112 0.074158 -46.009671 -0.01484 0.052643 -30.673102 -0.003877 0.027323 -15.336548 0 -0.013986 0 -93.280959 -73.396309 109.987042 54.720846 -50.237388 -2.766245 38.430087 0.25481 0.088547 2.589847 -4.948347 78.261223 -5.521216 -4.600519 -0.326821 -2.31197 -14.287039 -22.877688 25.165229 -7.995096 -6.317954 19.416087 -9.340595 -6.921058 7.336506 -1.104084 0.384185 0 0.000003 0 28.10947 -7.562356 -10.090635 41.374479 -7.866217 -6.53068 17.26681 -4.54863 -0.677864 0 0.000003 0 26.619669 -5.164413 -4.665566 30.420908 -6.236534 -2.737174 3.658371 -2.103552 -4.333186 0 0.000003 0 8.663193 2.329719 13.536851 35.723139 1.156757 -2.915273 8.117948 -1.994078 -2.363147 0 0.000003 0 25.57308 44.865063 59.697001 14.639185 -11.879944 23.373089 -37.3676 12.142071 -10.761796 -6.07677 7.97907 9.192813 0 0.000003 0 0 0.000003 0.000008 0 0.000003 -9.499933 0 0.000003 -18.999877 0.000002 0.000003 -28.499818 -0.000726 0.011511 -6.392389 -0.000424 0.008636 -4.79429 -0.000202 0.00576 -3.196193 -0.000061 0.002885 -1.598096 0 0.000003 0 21.195276 7.306618 0.67337 -0.013968 0.000747 3.498876 0 0.000003 0 -33.371037 4.139821 3.308192 -89.999999 -90 0 0 0.000003 0 0 0.000003 0 90.000009 -63.648278 -90.000009 -5.682401 0.000003 0 -28.319916 0.000003 0 -16.252152 0.000003 0 0 0.000003 0 89.999996 -84.450021 179.999995 0 0.000003 0 -90.000003 -84.450021 0 0 0.000003 0 0 0.000003 0
0 0 0 179.999991 0.000003 179.999991 -0.082023 -0.021378000000000008 -4.839127 -182.114362 -5.637328 -181.46227 -93.20093 5.181801 -92.909608 8.247394 -0.602987 -12.379537 0 0.000003 0 -3.907894 3.141179 10.190644 75.504886 -7.992029 9.334273 -0.15412 1.329519 -0.522786 8.216087 10.538868 -0.881988 0 0.000003 0 0 0.000003 0 0 0.000003 0 0 0.000003 0 -0.000113 0.015432 -0.837847 -0.000063 0.011573 -0.628385 -0.000028 0.007721 -0.418924 0.013981 0.003834 0.387136 0 0.000003 0 78.620122 24.862308 68.42254 35.804521 -3.277307 -9.422138 0 0.000003 0 10.40544 5.968338 2.559521 75.690319 -9.031782 11.401314 -0.421239 2.455134 -0.80889 1.797515 11.012774 -1.935911 0 0.000003 0 0 0.000003 0 0 0.000003 0 0 0.000003 0 -0.014938 -0.17694 9.650889 -0.008411 -0.132974 7.238156 -0.003741 -0.088776 4.825433 -0.000936 -0.044428 2.412715 0 0.000003 0 84.703423 3.72348 89.637866 16.919364 -0.302978 -3.241926 -14.895067 -1.199146 -1.421656 8.646291 -1.515985 -3.36262 88.133599 -62.636782 132.865119 30.651843 -58.587011 106.676599 1.402625 45.559475 0.628291 4.892289 2.694423 -12.84262 -5.980062 -2.206647 -0.215223 5.567135 -15.315433 -24.893183 19.640854 -2.943795 -2.854947 22.37055 -7.854647 0.939186 7.289043 0.47078 6.486232 -0.034264 0.000003 0 28.350626 -5.659929 9.454959 41.617743 7.113105 2.842603 17.764028 3.431688 4.452737 0 0.000003 0 26.744606 -3.338457 -20.523188 25.769532 -11.543516 -8.847662 3.737912 -3.458737 -4.497616 0 0.000003 0 8.409406 3.15639 -3.513714 29.902189 -5.927789 -10.004519 7.879145 -4.815288 -9.30966 -0.019782 0.000003 0 25.57308 44.865063 59.697001 20.727674 8.959735 26.757505 16.406287 -19.284613 -35.601992 -6.07677 7.97907 9.192813 0 0.000003 0 0 0.000003 0.000008 0.000002 0.000009 -33.854837 0.000003 0.000009 -67.709687 -0.000007 0.000016 -101.564537 -0.051612 0.088754 -59.538896 -0.03036 0.07245 -44.654155 -0.01401 0.051236 -29.769427 -0.003658 0.026531 -14.884707 0 -0.013986 0 -89.417715 -74.432971 104.9095 56.74306 -48.307084 -3.658782 42.250143 0.275628 0.10622 2.61434 -4.935472 77.977005 -6.586621 -4.40062 -0.307232 -2.31197 -14.287039 -22.877688 25.165221 -7.995096 -6.317919 19.416278 -9.34065 -6.921113 7.336662 -1.104234 0.384158 0 0.000003 0 28.109497 -7.562383 -10.090621 41.374417 -7.866224 -6.53066 17.267265 -4.548781 -0.677884 0 0.000003 0 26.619669 -5.164433 -4.665579 30.420501 -6.23652 -2.737128 3.65876 -2.103614 -4.333201 0 0.000003 0 8.663193 2.329712 13.536851 35.723068 1.156722 -2.915231 8.11753 -1.994078 -2.363119 0 0.000003 0 25.57308 44.865063 59.697001 14.639185 -11.879998 23.373089 -37.3676 12.142139 -10.761796 -6.07677 7.97907 9.192813 0 0.000003 0 0 0.000003 0.000008 0 0.000003 -9.575522 0 -0.000004 -19.151053 0.000002 0.000003 -28.72658 -0.000698 0.011272 -6.259103 -0.000408 0.008458 -4.694327 -0.000195 0.005651 -3.12955 -0.000059 0.002823 -1.564774 0 0.000003 0 20.794572 8.283813 0.562253 -0.013964 0.000829 3.836245 0 0.000003 0 -33.178098 4.293562 3.719537 -89.999999 -90 0 0 0.000003 0 0 0.000003 0 90.000009 -63.648278 -90.000009 -5.682401 0.000003 0 -28.319916 0.000003 0 -16.252152 0.000003 0 0 0.000003 0 89.999996 -84.450021 179.999995 0 0.000003 0 -90.000003 -84.450021 0 0 0.000003 0 0 0.000003 0
0 0 0 179.999991 0.000003 179.999991 -0.082788 -0.02700199999999997 -4.876118 -182.983094 -5.857131 -180.869615 -93.926446 8.465196 -92.871277 5.289693 -0.412275 -12.353367 0 0.000003 0 -4.813683 2.907266 10.534995 75.504886 -7.992029 9.334273 -0.15412 1.329519 -0.522786 8.199622 10.725011 -0.803314 0 0.000003 0 0 0.000003 0 0 0.000003 0 0 0.000003 0 -0.000153 0.017966 -0.975069 -0.000086 0.013472 -0.731302 -0.000038 0.008977 -0.487535 0.013979 0.004483 0.352831 0 0.000003 0 78.938081 24.545742 68.877376 22.802438 -2.211114 -8.796736 0 0.000003 0 11.829331 6.335502 2.969715 75.690319 -9.031782 11.401314 -0.421239 2.455134 -0.80889 1.898263 10.916311 -1.763118 0 0.000003 0 0 0.000003 0 0 0.000003 0 0 0.000003 0 -0.014287 -0.173074 9.438082 -0.008045 -0.130058 7.078552 -0.003578 -0.08683 4.71903 -0.000895 -0.043451 2.359514 0 0.000003 0 84.112017 3.924452 89.569475 16.839102 -0.346274 -3.5202 -14.968737 -1.304106 -1.688271 8.575712 -1.635555 -3.586984 87.802478 -61.699275 133.121483 29.223839 -59.623912 106.634716 1.353312 44.605502 0.59338 4.893496 2.692224 -12.816898 -5.899669 -2.038433 -0.200242 5.567135 -15.315433 -24.893183 19.640892 -2.943809 -2.854984 22.370533 -7.85466 0.939166 7.289028 0.47078 6.486218 -0.034264 0.000003 0 28.350619 -5.659929 9.454979 41.617838 7.113119 2.842602 17.764137 3.431688 4.452751 0 0.000003 0 26.744617 -3.338457 -20.523192 25.769575 -11.543523 -8.847682 3.737999 -3.458792 -4.497623 0 0.000003 0 8.409425 3.156397 -3.513689 29.902274 -5.927796 -10.004543 7.879097 -4.815267 -9.309661 -0.019782 0.000003 0 25.57308 44.865063 59.697001 20.727655 8.959688 26.757466 16.406277 -19.284606 -35.601965 -6.07677 7.97907 9.192813 0 0.000003 0 0 0.000003 0.000008 0 0.000016 -33.847962 0 0.000009 -67.695931 -0.000007 0.000016 -101.54391 -0.04755 0.086275 -56.90331 -0.027877 0.069889 -42.677467 -0.012841 0.049166 -28.451636 -0.003352 0.02539 -14.225815 0 -0.013986 0 -84.535974 -75.290098 99.006044 58.538983 -46.434311 -4.849062 46.091537 0.295313 0.125353 2.574254 -4.956454 78.44195 -7.261365 -4.300599 -0.299831 -2.31197 -14.287039 -22.877688 25.165233 -7.995062 -6.317896 19.416169 -9.340602 -6.921072 7.336362 -1.104002 0.384146 0 0.000003 0 28.10947 -7.562362 -10.090635 41.374977 -7.866292 -6.530735 17.266674 -4.548617 -0.677846 0 0.000003 0 26.619669 -5.164406 -4.665607 30.420607 -6.236527 -2.737124 3.658412 -2.103559 -4.333176 0 0.000003 0 8.663166 2.329725 13.536824 35.723515 1.156757 -2.915203 8.11758 -1.994119 -2.363144 0 0.000003 0 25.57308 44.865063 59.697001 14.639213 -11.880012 23.373089 -37.367545 12.142146 -10.761783 -6.07677 7.97907 9.192813 0 0.000003 0 0 0.000003 0.000008 0 0.000003 -9.451871 0 0.000003 -18.903749 0.000002 0.000003 -28.355629 -0.000604 0.010446 -5.79727 -0.000354 0.00783 -4.347952 -0.00017 0.005228 -2.898634 -0.000052 0.002618 -1.449316 0 0.000003 0 20.430564 9.342731 0.491492 -0.01396 0.000884 4.021956 0 0.000003 0 -33.178532 4.333491 3.965683 -89.999999 -90 0 0 0.000003 0 0 0.000003 0 90.000009 -63.648278 -90.000009 -5.682401 0.000003 0 -28.319916 0.000003 0 -16.252152 0.000003 0 0 0.000003 0 89.999996 -84.450021 179.999995 0 0.000003 0 -90.000003 -84.450021 0 0 0.000003 0 0 0.000003 0
0 0 0 179.999991 0.000003 179.999991 -0.083484 -0.03441300000000003 -4.913526 -183.832168 -6.034968 -180.347433 -94.608748 11.069485 -92.845985 4.119633 -0.33648 -12.345737 0 0.000003 0 -6.47804 3.282926 10.080061 75.504886 -7.992029 9.334273 -0.15412 1.329519 -0.522786 8.160908 10.128162 -0.556988 0 0.000003 0 0 0.000003 0 0 0.000003 0 0 0.000003 0 -0.000197 0.020391 -1.106781 -0.000111 0.015288 -0.830086 -0.000049 0.010193 -0.55339 0.013976 0.005098 0.319903 0 0.000003 0 79.338788 23.835956 69.216761 11.171594 -1.158179 -8.453452 0 0.000003 0 13.054269 8.426803 4.504587 75.690319 -9.031782 11.401314 -0.421239 2.455134 -0.80889 1.942425 10.860283 -1.649813 0 0.000003 0 0 0.000003 0 0 0.000003 0 0 0.000003 0 -0.014102 -0.171948 9.376492 -0.00794 -0.129225 7.03236 -0.003531 -0.08627 4.688236 -0.000883 -0.043164 2.344117 0 0.000003 0 83.764764 4.176342 89.53641 16.739499 -0.412739 -3.692659 -15.074115 -1.436817 -1.847809 8.581602 -1.915777 -3.480555 88.351133 -61.1715 132.648889 28.574933 -61.164161 105.944075 1.293568 43.408443 0.551889 4.914733 2.653189 -12.361474 -5.973531 -2.175413 -0.214493 5.567135 -15.315433 -24.893183 19.746415 -2.620051 -2.85978 22.334823 -8.117828 0.892835 7.283655 0.459824 6.484961 -0.034264 0.000003 0 28.429045 -5.476846 9.447431 41.637158 6.98034 2.794241 17.763263 3.446878 4.455592 0 0.000003 0 26.924495 -3.089033 -20.532916 25.697456 -11.727958 -8.885834 3.740376 -3.454714 -4.497138 0 0.000003 0 8.409413 3.156383 -3.513697 30.147021 -6.189406 -10.030866 7.903735 -4.725997 -9.29768 -0.019782 0.000003 0 25.57308 44.865063 59.697001 20.727633 8.959674 26.757488 16.406283 -19.284627 -35.601965 -6.07677 7.97907 9.192813 0 0.000003 0 0 0.000003 0.000008 0.000002 0.000009 -33.726204 0.000003 0.000009 -67.452407 -0.000007 0.000016 -101.178625 -0.041825 0.08232 -53.048481 -0.024413 0.065989 -39.786351 -0.011213 0.046099 -26.524227 -0.002927 0.023696 -13.26211 0 -0.013986 0 -79.137229 -75.782413 92.843205 60.300933 -44.972982 -6.564092 49.753683 0.312784 0.144715 2.470845 -5.008712 79.632493 -7.564988 -4.198856 -0.284854 -2.31197 -14.287039 -22.877688 25.165217 -7.995075 -6.317869 19.415841 -9.340561 -6.921044 7.336528 -1.104091 0.38412 0 0.000003 0 28.109497 -7.562383 -10.090621 41.374909 -7.866292 -6.530699 17.266556 -4.548555 -0.677835 0 0.000003 0 26.619669 -5.16444 -4.665566 30.420754 -6.23652 -2.737139 3.659212 -2.103723 -4.333216 0 0.000003 0 8.663152 2.329705 13.536851 35.723296 1.156716 -2.915222 8.118557 -1.99403 -2.363166 0 0.000003 0 25.57308 44.865063 59.697001 14.63924 -11.880032 23.373089 -37.3676 12.142153 -10.761796 -6.07677 7.97907 9.192813 0 0.000003 0 0 0.000003 0.000008 0 0.000003 -9.135288 0 -0.000004 -18.270585 0.000002 0.000003 -27.405881 -0.000451 0.00893 -4.957684 -0.000266 0.006703 -3.718263 -0.000129 0.004469 -2.478841 -0.00004 0.002236 -1.23942 0 0.000003 0 20.458978 10.093636 0.722546 -0.013959 0.000897 4.123018 0 0.000003 0 -33.131957 4.239371 4.153305 -89.999999 -90 0 0 0.000003 0 0 0.000003 0 90.000009 -63.648278 -90.000009 -5.682401 0.000003 0 -28.319916 0.000003 0 -16.252152 0.000003 0 0 0.000003 0 89.999996 -84.450021 179.999995 0 0.000003 0 -90.000003 -84.450021 0 0 0.000003 0 0 0.000003 0
0 0 0 179.999991 0.000003 179.999991 -0.082458 -0.04127599999999998 -4.951401 -184.130811 -5.9756 -179.912377 -94.661921 13.336507 -92.871878 3.964852 -0.32644 -12.344848 0 0.000003 0 -7.758267 3.11575 10.060479 75.504886 -7.992029 9.334273 -0.15412 1.329519 -0.522786 7.945127 10.467465 -0.805875 0 0.000003 0 0 0.000003 0 0 0.000003 0 0 0.000003 0 -0.000215 0.021279 -1.15548 -0.000121 0.015965 -0.86661 -0.000054 0.010651 -0.57774 0.013975 0.005323 0.307729 0 0.000003 0 80.45982 23.245513 70.23836 2.908661 -0.378096 -8.342378 0 0.000003 0 12.874662 11.217495 6.122673 75.690319 -9.031782 11.401314 -0.421239 2.455134 -0.80889 2.097929 10.916694 -1.571746 0 0.000003 0 0 0.000003 0 0 0.000003 0 0 0.000003 0 -0.012797 -0.163861 8.931184 -0.007205 -0.123105 6.698381 -0.003204 -0.082178 4.465584 -0.000801 -0.041122 2.232791 0 0.000003 0 83.918156 4.509403 89.502628 16.642835 -0.452491 -3.753903 -15.236827 -1.480065 -1.902987 8.225551 -1.748854 -3.778339 88.398494 -60.946117 132.399054 26.656811 -61.960043 106.682869 1.225285 41.980073 0.505626 4.947422 2.591609 -11.647026 -5.837395 -2.507005 -0.237275 5.567135 -15.315433 -24.893183 19.640892 -2.943823 -2.854968 22.336597 -7.637863 0.9437 7.294946 0.189055 6.47839 -0.034264 0.000003 0 28.350623 -5.659957 9.454955 41.617797 7.113084 2.842566 17.764028 3.431688 4.452723 0 0.000003 0 26.744611 -3.338471 -20.523207 25.656967 -11.628558 -8.825039 3.610893 -3.589815 -4.483911 0 0.000003 0 8.409378 3.15639 -3.513693 30.050063 -5.755361 -10.019448 7.735214 -4.997756 -9.307819 -0.019782 0.000003 0 25.57308 44.865063 59.697001 20.727654 8.95966 26.757468 16.406261 -19.284647 -35.601941 -6.07677 7.97907 9.192813 0 0.000003 0 0 0.000003 0.000008 0.000002 0.000009 -33.535177 0.000003 0.000016 -67.070354 -0.000007 0.000016 -100.605545 -0.039087 0.080223 -51.133617 -0.022763 0.063981 -38.350194 -0.010441 0.044542 -25.566791 -0.002726 0.022863 -12.783393 0 -0.013986 0 -75.456706 -75.682393 88.281206 61.088631 -45.231098 -8.419957 53.331333 0.328719 0.164754 2.345473 -5.068524 81.0599 -7.606173 -3.87809 -0.250313 -2.31197 -14.287039 -22.877688 25.165255 -7.995055 -6.317859 19.416251 -9.340643 -6.921113 7.336899 -1.104412 0.384094 0 0.000003 0 28.109524 -7.562356 -10.09058 41.374499 -7.866231 -6.530667 17.266985 -4.548678 -0.677874 0 0.000003 0 26.619696 -5.164413 -4.665538 30.421062 -6.236548 -2.737173 3.65867 -2.103627 -4.333206 0 0.000003 0 8.663207 2.32976 13.536851 35.723173 1.156681 -2.915208 8.11777 -1.994064 -2.363129 0 0.000003 0 25.57308 44.865063 59.697001 14.639281 -11.880012 23.373061 -37.3676 12.142125 -10.761769 -6.07677 7.97907 9.192813 0 0.000003 0 0 0.000003 0.000008 0 0.000003 -8.755781 0 0.000003 -17.51157 0.000002 -0.000004 -26.267361 -0.0003 0.007161 -3.973445 -0.000179 0.005378 -2.980083 -0.000088 0.003588 -1.986721 -0.000028 0.001785 -0.99336 0 0.000003 0 20.100977 10.502306 0.605763 -0.013959 0.000911 4.146582 0 0.000003 0 -32.913432 4.078213 4.261606 -89.999999 -90 0 0 0.000003 0 0 0.000003 0 90.000009 -63.648278 -90.000009 -5.682401 0.000003 0 -28.319916 0.000003 0 -16.252152 0.000003 0 0 0.000003 0 89.999996 -84.450021 179.999995 0 0.000003 0 -90.000003 -84.450021 0 0 0.000003 0 0 0.000003 0
0 0 0 179.999991 0.000003 179.999991 -0.081212 -0.04663600000000001 -4.989087 -183.757432 -5.851728 -179.689945 -93.919418 15.254014 -92.952973 4.913262 -0.387898 -12.350747 0 0.000003 0 -8.120818 3.552807 9.944385 75.504886 -7.992029 9.334273 -0.15412 1.329519 -0.522786 7.165294 10.354624 -0.790558 0 0.000003 0 0 0.000003 0 0 0.000003 0 0 0.000003 0 -0.000186 0.019803 -1.074935 -0.000105 0.014858 -0.806201 -0.000046 0.009899 -0.537467 0.013977 0.004948 0.327865 0 0.000003 0 82.025333 22.920724 71.390059 0.795686 -0.176647 -8.332115 0 0.000003 0 12.028783 13.100982 7.647737 75.690319 -9.031782 11.401314 -0.421239 2.455134 -0.80889 1.825211 10.951746 -1.518803 0 0.000003 0 0 0.000003 0 0 0.000003 0 0 0.000003 0 -0.011367 -0.154483 8.416628 -0.006399 -0.116042 6.312464 -0.002846 -0.077452 4.208306 -0.000712 -0.038752 2.104152 0 0.000003 0 84.591749 4.89692 89.541342 16.535529 -0.419187 -3.781243 -15.374319 -1.396156 -1.937396 8.05889 -1.610542 -3.85645 87.705503 -60.977976 133.300066 25.407085 -62.296973 106.455151 1.16739 40.716119 0.46739 4.956074 2.574997 -11.455064 -5.570484 -2.60247 -0.237205 5.567135 -15.315433 -24.893183 19.640851 -2.943836 -2.854947 22.370522 -7.854695 0.939142 7.288882 0.470862 6.486199 -0.034264 0.000003 0 28.350607 -5.659977 9.454961 41.617787 7.113064 2.842554 17.764083 3.431694 4.452723 0 0.000003 0 26.744594 -3.338505 -20.523197 25.769581 -11.543564 -8.847743 3.737899 -3.458751 -4.497633 0 0.000003 0 8.409395 3.15637 -3.513675 29.640026 -5.646679 -9.978767 7.585464 -5.222695 -9.298141 -0.019782 0.000003 0 25.57308 44.865063 59.697001 20.7277 8.959681 26.75749 16.406265 -19.28464 -35.601955 -6.07677 7.97907 9.192813 0 0.000003 0 0 0.000003 0.000008 0.000002 0.000009 -33.483848 0.000003 0.000009 -66.967696 -0.000007 0.000009 -100.451558 -0.036996 0.078516 -49.637153 -0.021513 0.062403 -37.22785 -0.009859 0.043333 -24.818563 -0.002574 0.022201 -12.40928 0 -0.013986 0 -74.563324 -75.32322 86.858279 60.960982 -45.839593 -9.578855 56.888639 0.343213 0.185561 2.280955 -5.097812 81.788073 -7.818604 -2.916775 -0.190529 -2.31197 -14.287039 -22.877688 25.26587 -7.884932 -6.290352 19.436004 -9.23927 -6.904693 7.365553 -1.062591 0.388657 0 0.000003 0 28.133403 -7.403233 -9.99661 41.398343 -7.642952 -6.465208 17.304988 -4.451375 -0.661015 0 0.000003 0 26.633766 -5.011628 -4.589395 30.433274 -6.073101 -2.699776 3.670338 -2.044526 -4.325742 0 0.000003 0 8.643943 2.399605 13.54528 35.702591 1.322566 -2.865401 8.113671 -1.930325 -2.353568 0 0.000003 0 25.57308 44.865063 59.697001 14.639267 -11.880046 23.373034 -37.367572 12.142166 -10.761783 -6.07677 7.97907 9.192813 0 0.000003 0 0 0.000003 0.000008 0 0.000003 -8.562208 0 0.000003 -17.124425 0.000002 0.000003 -25.686642 -0.00021 0.00589 -3.264514 -0.000126 0.004415 -2.448385 -0.000063 0.002946 -1.632256 -0.000021 0.001478 -0.816127 0 0.000003 0 19.807098 10.616562 0.587804 -0.013958 0.000911 4.17159 0 0.000003 0 -32.597744 4.00207 4.33245 -89.999999 -90 0 0 0.000003 0 0 0.000003 0 90.000009 -63.648278 -90.000009 -5.682401 0.000003 0 -28.319916 0.000003 0 -16.252152 0.000003 0 0 0.000003 0 89.999996 -84.450021 179.999995 0 0.000003 0 -90.000003 -84.450021 0 0 0.000003 0 0 0.000003 0
0 0 0 179.999991 0.000003 179.999991 -0.078898 -0.04926300000000006 -5.029966 -182.088011 -5.784259 -179.229358 -91.621988 15.919172 -94.065966 7.831876 -0.597434 -12.376919 0 0.000003 0 -7.760688 4.038557 10.845748 75.504886 -7.992029 9.334273 -0.15412 1.329519 -0.522786 5.163036 10.125 -0.730433 0 0.000003 0 0 0.000003 0 0 0.000003 0 0 0.000003 0 0 0.000003 0.000003 0 0.000003 0.000002 0 0.000003 0.000002 0.013988 -0.000073 0.596598 0 0.000003 0 84.925507 21.121775 72.757934 -0.167581 -0.084753 -8.329911 0 0.000003 0 15.613964 10.453382 8.370289 75.690319 -9.031782 11.401314 -0.421239 2.455134 -0.80889 0.804596 10.810505 -1.478234 0 0.000003 0 0 0.000003 0 0 0.000003 0 0 0.000003 0 -0.010479 -0.148356 8.080414 -0.005899 -0.111425 6.060305 -0.002623 -0.074365 4.0402 -0.000656 -0.037202 2.0201 0 0.000003 0 86.328147 5.749601 89.849766 16.316072 -0.312151 -3.774059 -15.457119 -1.20084 -1.94985 8.52093 -1.321147 -4.153314 83.034808 -60.614347 138.430904 24.655654 -60.450925 105.28559 1.126883 39.80071 0.441228 4.934511 2.616156 -11.931213 -5.438787 -2.456762 -0.219902 5.567135 -15.315433 -24.893183 19.640837 -2.943809 -2.854999 22.370437 -7.854708 0.939154 7.288998 0.470848 6.486204 -0.034264 0.000003 0 28.350606 -5.65995 9.454909 41.617838 7.113037 2.842539 17.763946 3.431653 4.851702 0 0.000003 0 26.74457 -3.338478 -20.523248 25.76959 -11.54357 -8.847748 3.737966 -3.458792 -4.497627 0 0.000003 0 8.409378 3.15639 -3.51373 29.902237 -5.92785 -10.004601 7.879076 -4.815267 -9.30969 -0.019782 0.000003 0 25.57308 44.865063 59.697001 20.727584 8.959619 26.75749 16.495475 -19.457984 -35.631499 -6.07677 7.97907 9.192813 0 0.000003 0 0 0.000003 0.000008 0.000002 0.000009 -33.611163 0 0.000009 -67.222332 -0.000007 0.000009 -100.833509 -0.040189 0.081097 -51.910435 -0.023429 0.064807 -38.932816 -0.010752 0.045177 -25.9552 -0.002807 0.023198 -12.977598 0 -0.013986 0 -81.955638 -75.143463 94.541873 58.706582 -44.82032 -8.531109 60.061337 0.355036 0.204827 2.405818 -5.040219 80.375009 -8.271602 -1.31737 -0.147249 -2.31197 -14.287039 -22.877688 25.165224 -7.995082 -6.317868 19.415923 -9.340609 -6.921085 7.336565 -1.104104 0.384076 0 0.000003 0 28.109552 -7.562342 -9.818916 41.394177 -7.686037 -6.477898 17.29783 -4.47024 -0.664302 0 0.000003 0 26.619723 -5.164392 -4.362182 30.432567 -6.082431 -2.701924 3.669119 -2.047804 -4.326177 0 0.000003 0 8.66318 2.329705 13.536815 35.723218 1.156606 -2.915207 8.117722 -1.994085 -2.363123 0 0.000003 0 25.57308 44.865063 59.697001 14.639267 -11.879964 23.130098 -37.325799 12.289528 -10.804772 -6.07677 7.97907 9.192813 0 0.000003 0 0 0.000003 0.000008 0 0.000003 -8.937864 0 0.000003 -17.875737 0.000002 0.000003 -26.813608 -0.000197 0.005685 -3.152422 -0.000119 0.004271 -2.364316 -0.00006 0.002844 -1.57621 -0.00002 0.001423 -0.788104 0 0.000003 0 18.871765 10.782084 0.53466 -0.013962 0.000856 3.947286 0 0.000003 0 -31.342983 3.912745 4.059738 -89.999999 -90 0 0 0.000003 0 0 0.000003 0 90.000009 -63.648278 -90.000009 -5.682401 0.000003 0 -28.319916 0.000003 0 -16.252152 0.000003 0 0 0.000003 0 89.999996 -84.450021 179.999995 0 0.000003 0 -90.000003 -84.450021 0 0 0.000003 0 0 0.000003 0
0 0 0 179.999991 0.000003 179.999991 -0.075679 -0.04761899999999997 -5.07028 -179.216896 -5.677551 -178.546418 -87.637529 14.51453 -95.910514 14.030612 -0.970806 -12.458941 0 0.000003 0 -6.171799 5.150553 13.027187 75.504886 -7.992029 9.334273 -0.15412 1.329519 -0.522786 0.777164 9.868048 -0.503329 0 0.000003 0 0 0.000003 0 0 0.000003 0 0 0.000003 0 -0.00053 -0.033452 1.816339 -0.000298 -0.025092 1.362254 -0.000133 -0.016725 0.908169 0.013954 -0.008542 1.05068 0 0.000003 0 88.812103 20.04766 75.160453 -0.879307 -0.016793 -8.329265 0 0.000003 0 23.449573 4.574863 6.653454 75.690319 -9.031782 11.401314 -0.421239 2.455134 -0.80889 1.08503 10.927055 -1.575223 0 0.000003 0 0 0.000003 0 0 0.000003 0 0 0.000003 0 -0.00775 -0.127674 6.947653 -0.004362 -0.095852 5.210736 -0.001939 -0.063955 3.473822 -0.000485 -0.03199 1.736911 0 0.000003 0 88.648458 6.845403 89.866445 16.033521 -0.141785 -3.581806 -15.572433 -0.70432 -1.788741 8.180611 -0.586465 -3.994903 76.295528 -60.101492 145.734643 22.714955 -58.063637 103.566746 1.059477 38.222813 0.398811 4.965892 2.555975 -11.235735 -5.334126 -2.461338 -0.219535 5.567135 -15.315433 -24.893183 19.737584 -2.831207 -2.61737 22.277403 -7.4673 1.099613 7.289003 0.470842 6.486205 -0.034264 0.000003 0 28.115222 -5.211083 9.761203 41.617825 7.113043 2.842537 17.763973 3.431653 4.851716 0 0.000003 0 26.522323 -2.881265 -20.230551 25.76958 -11.543564 -8.847746 3.737966 -3.458798 -4.497628 0 0.000003 0 8.386102 3.224856 -3.369271 29.731393 -5.522745 -9.771225 7.879077 -4.815274 -9.309689 -0.019782 0.000003 0 25.57308 44.865063 59.697001 20.422667 9.099809 26.709617 16.737295 -19.274675 -35.765097 -6.07677 7.97907 9.192813 0 0.000003 0 0 0.000003 0.000008 0 0.000009 -33.425197 0 0.000009 -66.850401 -0.000007 0.000016 -100.275612 -0.042981 0.083167 -53.840687 -0.025109 0.066809 -40.380502 -0.011538 0.046735 -26.920327 -0.003012 0.024045 -13.460161 0 -0.013986 0 -95.659784 -74.226447 108.456827 54.083548 -43.890028 -3.800189 61.717453 0.360807 0.215151 2.550164 -4.968871 78.720348 -9.203449 1.089848 -0.173513 -2.31197 -14.287039 -22.877688 25.165212 -7.99511 -6.317838 19.416141 -9.340664 -6.921113 7.336704 -1.104275 0.266207 0 0.000003 0 28.109552 -7.562376 -10.090621 41.374554 -7.86634 -6.530745 17.266662 -4.548617 -0.677886 0 0.000003 0 26.619723 -5.164433 -4.665538 30.420809 -6.236602 -2.709983 3.659899 -2.098635 -4.497249 0 0.000003 0 8.663156 2.329691 13.536805 35.723655 1.156613 -2.915207 8.118614 -1.994023 -2.299256 0 0.000003 0 25.57308 44.865063 59.697001 14.639322 -11.880026 23.606572 -37.407324 12.000344 -10.719941 -6.07677 7.97907 9.192813 0 0.000003 0 0 0.000003 0.000008 0 0.000003 -9.377838 0 0.000003 -18.755682 0.000002 0.000003 -28.133529 -0.000457 0.008998 -4.993691 -0.000269 0.006751 -3.745268 -0.000131 0.004504 -2.496845 -0.000041 0.002256 -1.248422 0 0.000003 0 17.313792 10.810191 0.516686 -0.013969 0.000733 3.423942 0 0.000003 0 -29.102493 3.65065 3.459947 -89.999999 -90 0 0 0.000003 0 0 0.000003 0 90.000009 -63.648278 -90.000009 -5.682401 0.000003 0 -28.319916 0.000003 0 -16.252152 0.000003 0 0 0.000003 0 89.999996 -84.450021 179.999995 0 0.000003 0 -90.000003 -84.450021 0 0 0.000003 0 0 0.000003 0
0 0 0 179.999991 0.000003 179.999991 -0.071877 -0.04363300000000003 -5.109628 -177.33257 -4.995318 -178.841304 -84.744452 12.8269 -97.456445 22.59778 -1.496246 -12.643602 0 0.000003 0 -2.562738 4.182066 14.44313 75.504886 -7.992029 9.334273 -0.15412 1.329519 -0.522786 -5.991415 9.319024 -0.028267 0 0.000003 0 0 0.000003 0 0 0.000003 0 0 0.000003 0 -0.001681 -0.05955 3.234553 -0.000946 -0.044674 2.425915 -0.00042 -0.029784 1.617277 0.01388 -0.015167 1.405232 0 0.000003 0 91.2588 20.110395 75.925271 3.849235 -0.467606 -8.349325 0 0.000003 0 22.742495 2.325948 6.614587 75.690319 -9.031782 11.401314 -0.421239 2.455134 -0.80889 2.608385 11.078453 -1.704884 0 0.000003 0 0 0.000003 0 0 0.000003 0 0 0.000003 0 -0.007235 -0.123371 6.712557 -0.004072 -0.092622 5.034414 -0.00181 -0.06179 3.356275 -0.000453 -0.030911 1.678137 0 0.000003 0 89.710293 6.979233 89.731972 15.979504 0.004586 -3.384985 -15.727528 -0.060294 -1.619381 7.946303 0.518626 -3.900358 76.557323 -61.039755 145.439033 25.678124 -58.094291 100.66662 0.954134 35.613025 0.335566 4.917377 2.648272 -12.304293 -5.847335 -3.277314 -0.299721 5.567135 -15.315433 -24.893183 19.640868 -2.943836 -2.854977 22.370517 -7.854749 0.939151 7.289134 0.470766 6.486215 -0.034264 0.000003 0 28.350647 -5.659964 9.45494 41.789259 6.944324 2.863277 17.757799 3.545458 4.474061 0 0.000003 0 26.74463 -3.338498 -20.523216 25.988484 -11.291953 -8.890605 3.629212 -3.57274 -4.506 0 0.000003 0 8.409419 3.156383 -3.513692 29.902285 -5.927857 -10.004604 7.879146 -4.815295 -9.309708 -0.019782 0.000003 0 25.57308 44.865063 59.697001 20.72765 8.95964 26.757481 16.406256 -19.284681 -35.601944 -6.07677 7.97907 9.192813 0 0.000003 0 0 0.000003 0.000008 0 0.000009 -33.710914 0.000003 0.000016 -67.421835 -0.000007 0.000016 -101.132767 -0.041702 0.082238 -52.960556 -0.024338 0.0659 -39.720398 -0.011177 0.046024 -26.480261 -0.002918 0.023662 -13.240129 0 -0.013986 0 -93.987583 -73.483993 107.022849 51.969352 -47.426768 -2.901452 60.559285 0.356887 0.207921 2.554412 -4.966699 78.671307 -10.392972 1.718826 -0.27928 -2.31197 -14.287039 -22.877688 25.165246 -7.995089 -6.317858 19.415896 -9.340616 -6.921099 7.336231 -1.103886 0.384049 0 0.000003 0 28.109524 -7.562362 -10.090566 41.374882 -7.866361 -6.530805 17.267499 -4.548938 -0.677959 0 0.000003 0 26.619723 -5.164426 -4.665511 30.420614 -6.236589 -2.737209 3.658625 -2.103655 -4.33324 0 0.000003 0 8.663142 2.329684 13.536832 35.7233 1.156586 -2.915234 8.117682 -1.994078 -2.363126 0 0.000003 0 25.57308 44.865063 59.697001 14.639322 -11.879964 23.373034 -37.3676 12.142091 -10.470393 -6.07677 7.97907 9.192813 0 0.000003 0 0 0.000003 0.000008 0 -0.000004 -9.390881 0 -0.000004 -18.781769 0.000002 0.000003 -28.172657 -0.000512 0.009551 -5.304597 -0.000301 0.007181 -3.978447 -0.000145 0.004784 -2.652298 -0.000045 0.002393 -1.326148 0 0.000003 0 17.090021 10.465963 0.536222 -0.013964 0.000822 3.784019 0 0.000003 0 -29.198915 3.564159 3.993634 -89.999999 -90 0 0 0.000003 0 0 0.000003 0 90.000009 -63.648278 -90.000009 -5.682401 0.000003 0 -28.319916 0.000003 0 -16.252152 0.000003 0 0 0.000003 0 89.999996 -84.450021 179.999995 0 0.000003 0 -90.000003 -84.450021 0 0 0.000003 0 0 0.000003 0
0 0 0 179.999991 0.000003 179.999991 -0.068378 -0.03933299999999995 -5.150094 -176.38275 -4.440754 -179.693207 -82.463223 10.014084 -98.949347 33.40749 -2.109904 -12.98457 0 0.000003 0 3.468738 3.191839 16.047366 75.504886 -7.992029 9.334273 -0.15412 1.329519 -0.522786 -11.933821 8.970957 0.361339 0 0.000003 0 0 0.000003 0 0 0.000003 0 0 0.000003 0 -0.003196 -0.082069 4.459638 -0.001798 -0.061572 3.344728 -0.000799 -0.041061 2.229818 0.013784 -0.020877 1.711501 0 0.000003 0 92.543824 20.434419 76.077345 10.434398 -1.089331 -8.438986 0 0.000003 0 17.716616 1.274516 7.371766 75.690319 -9.031782 11.401314 -0.421239 2.455134 -0.80889 3.906722 11.298788 -1.828565 0 0.000003 0 0 0.000003 0 0 0.000003 0 0 0.000003 0 -0.007346 -0.124307 6.763837 -0.004134 -0.093325 5.072875 -0.001838 -0.062261 3.381914 -0.00046 -0.031143 1.690957 0 0.000003 0 90.416781 6.684306 89.648658 16.081648 0.11294 -3.22244 -15.827029 0.253969 -1.476557 7.649178 1.01865 -3.803916 80.863586 -62.264799 140.568644 29.766794 -60.033204 97.443987 0.911125 34.49547 0.310897 4.867673 2.73871 -13.361964 -6.467614 -3.822349 -0.361083 5.567135 -15.315433 -24.893183 19.640844 -2.943823 -2.854975 22.370618 -7.854797 1.20681 7.307268 0.509378 6.284682 -0.034264 0.000003 0 28.350619 -5.659964 9.454953 41.617838 7.113023 2.52237 17.769355 3.327712 4.433185 0 0.000003 0 26.744591 -3.338492 -20.523204 25.76965 -11.543564 -8.743795 3.748448 -3.44033 -4.597624 0 0.000003 0 8.409384 3.15639 -3.513681 29.90235 -5.927844 -10.004623 7.879102 -4.815349 -9.010721 -0.019782 0.000003 0 25.57308 44.865063 59.697001 20.72766 8.959667 26.662371 16.374293 -19.311531 -35.591692 -6.07677 7.97907 9.192813 0 0.000003 0 0 0.000003 0.000008 0 0.000009 -33.993677 0.000003 0.000016 -67.987361 -0.000003 0.000016 -101.981049 -0.036019 0.077689 -48.929908 -0.020933 0.061638 -36.697418 -0.009587 0.042746 -24.464938 -0.002504 0.021893 -12.232468 0 -0.013986 0 -85.217525 -73.035458 97.698329 49.525237 -52.818902 -0.785224 57.988395 0.347598 0.192167 2.519831 -4.984294 79.070067 -10.241175 0.922631 -0.252728 -2.31197 -14.287039 -22.877688 25.05076 -8.119078 -6.348163 19.393219 -9.455138 -6.939568 7.302853 -1.150352 0.378965 0 0.000003 0 28.081657 -7.742167 -10.196229 41.346239 -8.11847 -6.604448 17.223145 -4.658166 -0.696819 0 0.000003 0 26.603003 -5.337094 -4.75123 30.405475 -6.42127 -2.779308 3.645991 -2.170475 -4.341679 0 0.000003 0 8.684493 2.250543 13.527193 35.745922 0.968858 -2.971624 8.123346 -2.066068 -2.373959 0 0.000003 0 25.57308 44.865063 59.697001 14.639336 -11.879985 23.373089 -37.367572 12.142043 -10.761728 -6.07677 7.97907 9.192813 0 0.000003 0 0 0.000003 0.000008 0 0.000003 -9.28484 0 0.000003 -18.569688 0.000002 0.000003 -27.854536 -0.000683 0.011143 -6.190776 -0.0004 0.008363 -4.643081 -0.000191 0.00559 -3.095387 -0.000058 0.002796 -1.547693 0 0.000003 0 17.834966 10.358702 0.723665 -0.013961 0.000863 3.973311 0 0.000003 0 -30.282245 3.430984 4.309937 -89.999999 -90 0 0 0.000003 0 0 0.000003 0 90.000009 -63.648278 -90.000009 -5.682401 0.000003 0 -28.319916 0.000003 0 -16.252152 0.000003 0 0 0.000003 0 89.999996 -84.450021 179.999995 0 0.000003 0 -90.000003 -84.450021 0 0 0.000003 0 0 0.000003 0
0 0 0 179.999991 0.000003 179.999991 -0.065659 -0.036038000000000014 -5.191391 -175.646019 -4.535393 -180.699976 -79.798227 5.944685 -99.915183 45.694901 -2.714998 -13.503579 0 0.000003 0 11.791384 2.875055 18.744817 75.504886 -7.992029 9.334273 -0.15412 1.329519 -0.522786 -10.996548 9.161731 0.252048 0 0.000003 0 0 0.000003 0 0 0.000003 0 0 0.000003 0 -0.004191 -0.093967 5.107618 -0.002358 -0.070512 3.830713 -0.001048 -0.04703 2.553807 0.013721 -0.023903 1.873495 0 0.000003 0 93.355668 19.135993 76.01405 15.462712 -1.554665 -8.555141 0 0.000003 0 11.929507 0.382637 7.677111 75.690319 -9.031782 11.401314 -0.421239 2.455134 -0.80889 4.68856 11.442933 -1.931222 0 0.000003 0 0 0.000003 0 0 0.000003 0 0 0.000003 0 -0.007754 -0.127702 6.949486 -0.004364 -0.09588 5.212111 -0.00194 -0.063976 3.474739 -0.000485 -0.031997 1.737369 0 0.000003 0 91.220134 6.399958 89.633167 16.17041 0.197238 -3.068706 -15.828366 0.431541 -1.336602 7.555846 1.262802 -3.722034 84.284828 -63.097768 136.922497 32.480244 -60.889249 94.59786 0.973156 36.09887 0.346711 4.828531 2.807265 -14.171061 -6.833322 -3.300181 -0.324422 5.567135 -15.315433 -24.893183 19.640851 -2.94383 -2.855008 22.370502 -7.854715 0.939131 7.28904 0.470835 6.48618 -0.034264 0.000003 0 28.350618 -5.659964 9.45493 41.617821 7.113078 2.842499 17.76398 3.431688 4.45268 0 0.000003 0 26.744565 -3.338498 -20.523236 25.769604 -11.543502 -8.847769 3.737954 -3.458771 -4.497689 0 0.000003 0 8.409366 3.15639 -3.568366 29.897958 -5.955718 -10.012761 7.87568 -4.828122 -9.311449 -0.019782 0.000003 0 25.57308 44.865063 59.697001 20.72765 8.959729 26.757502 16.406295 -19.284675 -35.601951 -6.07677 7.97907 9.192813 0 0.000003 0 0 0.000003 0.000008 0.000002 0.000009 -34.209959 0 0.000016 -68.419924 -0.000007 0.000016 -102.629897 -0.032606 0.074622 -46.386048 -0.018899 0.058858 -34.789524 -0.008647 0.040663 -23.193014 -0.002259 0.020766 -11.596503 0 -0.013986 0 -79.710398 -72.421431 92.682976 46.286874 -55.373147 3.540306 55.640131 0.338384 0.178142 2.408048 -5.039147 80.349621 -8.634723 -0.762916 -0.14762 -2.31197 -14.287039 -22.877688 25.165204 -7.995082 -6.317898 19.415841 -9.340623 -6.921085 7.336774 -1.104296 0.384077 0 0.000003 0 28.109524 -7.562376 -10.090621 41.374971 -7.866347 -6.5308 17.266722 -4.548705 -0.677958 0 0.000003 0 26.619696 -5.164433 -4.665538 30.421106 -6.236575 -2.737218 3.658697 -2.103655 -4.333242 0 0.000003 0 8.663125 2.32965 13.536851 35.723447 1.156729 -2.915198 8.118029 -1.99403 -2.363127 0 0.000003 0 25.57308 44.865063 59.697001 14.639295 -11.880039 23.373089 -37.367572 12.142098 -10.761755 -6.07677 7.97907 9.192813 0 0.000003 0 0 0.000003 0.000008 0 0.000003 -8.944615 0 0.000003 -17.88924 0.000002 0.000003 -26.833865 -0.001072 0.014121 -7.852414 -0.000622 0.010603 -5.88931 -0.000294 0.007079 -3.926206 -0.000086 0.003547 -1.963102 0 0.000003 0 17.917372 9.743281 0.463718 -0.013966 0.000788 3.656657 0 0.000003 0 -30.699942 3.365872 3.895588 -89.999999 -90 0 0 0.000003 0 0 0.000003 0 90.000009 -63.648278 -90.000009 -5.682401 0.000003 0 -28.319916 0.000003 0 -16.252152 0.000003 0 0 0.000003 0 89.999996 -84.450021 179.999995 0 0.000003 0 -90.000003 -84.450021 0 0 0.000003 0 0 0.000003 0
0 0 0 179.999991 0.000003 179.999991 -0.061296 -0.03564500000000004 -5.228813 -174.722236 -4.953394 -181.589964 -76.798046 1.237756 -100.262259 57.080191 -3.164895 -14.089268 0 0.000003 0 20.36758 2.075758 18.300945 75.504886 -7.992029 9.334273 -0.15412 1.329519 -0.522786 -0.907429 9.862557 -0.380743 0 0.000003 0 0 0.000003 0 0 0.000003 0 0 0.000003 0 -0.004057 -0.092451 5.025284 -0.002283 -0.069379 3.768962 -0.001015 -0.046272 2.51264 0.013729 -0.023521 1.852912 0 0.000003 0 94.512708 17.458704 75.992063 18.973775 -1.872583 -8.660209 0 0.000003 0 7.233517 0.081869 7.823292 75.690319 -9.031782 11.401314 -0.421239 2.455134 -0.80889 4.882127 11.44184 -1.974512 0 0.000003 0 0 0.000003 0 0 0.000003 0 0 0.000003 0 -0.008163 -0.131014 7.130608 -0.004594 -0.098366 5.347952 -0.002043 -0.065629 3.565299 -0.000511 -0.03283 1.782649 0 0.000003 0 92.178881 6.131491 89.617423 16.265324 0.250711 -2.881528 -15.780792 0.623619 -1.15631 7.555113 1.555646 -3.611552 85.310183 -63.56411 135.681151 33.424794 -59.94433 93.24523 1.086512 38.863594 0.415636 4.777153 2.893954 -15.204097 -7.202894 -2.118524 -0.25294 5.567135 -15.315433 -24.893183 19.648781 -2.93465 -2.851861 22.371827 -7.845494 0.940735 7.290838 0.474448 6.486579 -0.034264 0.000003 0 28.351934 -5.646904 9.459372 41.615496 7.129129 2.848329 17.763705 3.439488 4.454144 0 0.000003 0 26.745136 -3.325992 -20.519647 25.77364 -11.533011 -8.845588 3.74021 -3.454523 -4.497207 0 0.000003 0 8.407515 3.161984 -3.5138 29.904078 -5.916061 -10.001227 7.880698 -4.809933 -9.309032 -0.019782 0.000003 0 25.57308 44.865063 59.697001 20.727602 8.959742 26.757478 16.406282 -19.284709 -35.601965 -6.07677 7.97907 9.192813 0 0.000003 0 0 0.000003 0.000008 0.000002 0.000009 -34.486062 0.000003 0.000009 -68.972138 -0.000007 0.000016 -103.458207 -0.03383 0.075749 -47.309578 -0.01963 0.059876 -35.482174 -0.008983 0.041421 -23.654776 -0.002346 0.021176 -11.827386 0 -0.013986 0 -79.347366 -71.558436 92.710795 41.644237 -55.995722 10.179422 53.976834 0.331499 0.168412 2.258993 -5.107558 82.035012 -6.846891 -2.020115 -0.121553 -2.31197 -14.287039 -22.877688 25.165207 -7.995048 -6.317912 19.41595 -9.340616 -6.921072 7.336274 -1.10392 0.384122 0 0.000003 0 28.109497 -7.562369 -10.090594 41.374537 -7.86621 -6.530706 17.26733 -4.54889 -0.677971 0 0.000003 0 26.619669 -5.164413 -4.665538 30.420621 -6.236486 -2.73715 3.65881 -2.103668 -4.333241 0 0.000003 0 8.663098 2.329678 13.536797 35.723208 1.15677 -2.915176 8.118133 -1.994017 -2.363124 0 0.000003 0 25.57308 44.865063 59.697001 14.639254 -11.880012 23.373116 -37.367545 12.142071 -10.761742 -6.07677 7.97907 9.192813 0 0.000003 0 0 0.000003 0.000008 0 0.000003 -8.496566 0 0.000003 -16.99314 0.000002 0.000003 -25.489714 -0.001852 0.018751 -10.457228 -0.001069 0.0141 -7.84292 -0.000498 0.009415 -5.228613 -0.000142 0.004715 -2.614306 0 0.000003 0 17.777623 9.788668 0.529685 -0.013973 0.000638 3.061365 0 0.000003 0 -30.881956 2.491136 3.446718 -89.999999 -90 0 0 0.000003 0 0 0.000003 0 90.000009 -63.648278 -90.000009 -5.682401 0.000003 0 -28.319916 0.000003 0 -16.252152 0.000003 0 0 0.000003 0 89.999996 -84.450021 179.999995 0 0.000003 0 -90.000003 -84.450021 0 0 0.000003 0 0 0.000003 0
0 0 0 179.999991 0.000003 179.999991 -0.05844 -0.036063999999999985 -5.263342 -173.721791 -5.124606 -182.346243 -74.008918 -3.286206 -101.089894 65.632599 -3.421697 -14.581318 0 0.000003 0 19.014138 4.038461 18.632655 75.504886 -7.992029 9.334273 -0.15412 1.329519 -0.522786 4.221226 10.20268 -0.687603 0 0.000003 0 0 0.000003 0 0 0.000003 0 0 0.000003 0 -0.004188 -0.093926 5.105949 -0.002357 -0.070492 3.82946 -0.001048 -0.047017 2.552973 0.013721 -0.023896 1.873078 0 0.000003 0 95.784483 15.339084 75.807996 20.880209 -2.04232 -8.725369 0 0.000003 0 3.59888 0.22141 7.517451 75.690319 -9.031782 11.401314 -0.421239 2.455134 -0.80889 5.077935 11.155163 -1.928545 0 0.000003 0 0 0.000003 0 0 0.000003 0 0 0.000003 0 -0.008821 -0.136164 7.412767 -0.004965 -0.102245 5.559571 -0.002207 -0.068224 3.706378 -0.000552 -0.034128 1.853188 0 0.000003 0 93.112595 5.906784 89.676409 16.378201 0.291624 -2.646648 -15.688282 0.842206 -0.924894 7.624824 1.902074 -3.44786 84.587959 -63.952753 136.220135 34.361821 -57.210229 92.510281 1.182412 41.048053 0.477209 4.723551 2.980765 -16.250077 -7.923623 -1.047462 -0.23752 5.567135 -15.315433 -24.893183 19.640865 -2.943782 -2.855008 22.370662 -7.854633 0.939116 7.289011 0.470842 6.486162 -0.034264 0.000003 0 28.350609 -5.659909 9.454925 41.617879 7.113214 2.842544 17.764045 3.431674 4.452693 0 0.000003 0 26.744567 -3.338444 -20.523252 25.769771 -11.543427 -8.847758 3.737815 -3.458669 -4.4977 0 0.000003 0 8.409327 3.156411 -3.513685 29.90238 -5.927598 -10.00459 7.879046 -4.815213 -9.309725 -0.019782 0.000003 0 25.57308 44.865063 59.697001 20.727587 8.959742 26.75748 16.406271 -19.284695 -35.601958 -6.07677 7.97907 9.192813 0 0.000003 0 0 0.000003 0.000008 0.000002 0.000009 -34.765588 0.000003 0.000016 -69.531175 -0.000007 0.000016 -104.296777 -0.039477 0.08053 -51.408894 -0.022999 0.064275 -38.556657 -0.010552 0.044774 -25.70443 -0.002754 0.022972 -12.852212 0 -0.013986 0 -81.020387 -70.285875 94.936583 37.127409 -55.946084 16.504561 52.146059 0.323576 0.157921 2.112041 -5.169925 83.675596 -5.488429 -2.558457 -0.132465 -2.31197 -14.287039 -22.877688 25.165192 -7.995055 -6.317889 19.416268 -9.34065 -6.921108 7.336383 -1.104036 0.384127 0 0.000003 0 28.109497 -7.562376 -10.090573 41.374492 -7.866108 -6.530667 17.266787 -4.548623 -0.677914 0 0.000003 0 26.619667 -5.164426 -4.665533 30.420819 -6.236425 -2.737141 3.659068 -2.103716 -4.333247 0 0.000003 0 8.663119 2.329643 13.436936 35.730072 1.09939 -2.932403 8.119632 -2.016099 -2.36646 0 0.000003 0 25.57308 44.865063 59.697001 14.639237 -11.87995 23.373116 -37.367572 12.14203 -10.761728 -6.07677 7.97907 9.192813 0 0.000003 0 0 0.000003 0.000008 0 0.000003 -8.060518 0 0.000003 -16.121043 0.000002 0.000003 -24.181568 -0.002813 0.023211 -12.989062 -0.001617 0.017488 -9.741796 -0.000748 0.011689 -6.49453 -0.000208 0.005856 -3.247264 0 0.000003 0 17.58285 9.258966 0.375151 -0.013975 0.000617 2.955697 0 0.000003 0 -31.398523 2.331843 3.369822 -89.999999 -90 0 0 0.000003 0 0 0.000003 0 90.000009 -63.648278 -90.000009 -5.682401 0.000003 0 -28.319916 0.000003 0 -16.252152 0.000003 0 0 0.000003 0 89.999996 -84.450021 179.999995 0 0.000003 0 -90.000003 -84.450021 0 0 0.000003 0 0 0.000003 0
0 0 0 179.999991 0.000003 179.999991 -0.057057 -0.034155999999999964 -5.29883 -173.478636 -5.029476 -182.863015 -72.494385 -7.587443 -102.750552 70.138072 -3.526656 -14.854391 0 0.000003 0 19.904529 3.596637 20.686367 75.504886 -7.992029 9.334273 -0.15412 1.329519 -0.522786 4.840185 10.275496 -0.682406 0 0.000003 0 0 0.000003 0 0 0.000003 0 0 0.000003 0 -0.005286 -0.105503 5.736783 -0.002974 -0.07918 4.302585 -0.001322 -0.052815 2.868389 0.013651 -0.02684 2.030785 0 0.000003 0 96.279289 12.443282 75.378459 21.006411 -2.053467 -8.729877 0 0.000003 0 1.13465 0.750278 8.071842 75.690319 -9.031782 11.401314 -0.421239 2.455134 -0.80889 5.077908 11.155156 -1.928545 0 0.000003 0 0 0.000003 0 0 0.000003 0 0 0.000003 0 -0.009681 -0.142619 7.766077 -0.005449 -0.107109 5.824553 -0.002423 -0.071475 3.883033 -0.000606 -0.03576 1.941516 0 0.000003 0 93.454849 5.847628 89.815382 16.452254 0.255595 -2.381494 -15.56692 0.950177 -0.65114 7.808971 1.76713 -3.184419 82.585245 -64.373289 138.599664 36.939705 -53.401613 90.305462 1.209032 41.630777 0.494779 4.712404 2.998374 -16.463821 -9.220194 -0.760006 -0.328503 5.567135 -15.315433 -24.893183 19.640885 -2.943754 -2.855028 22.370615 -7.854592 0.93913 7.288942 0.470876 6.486177 -0.034264 0.000003 0 28.35065 -5.659882 9.454928 41.617873 7.113248 2.84259 17.763997 3.431674 4.452707 0 0.000003 0 26.744588 -3.338416 -20.523255 25.769569 -11.543311 -8.847694 3.737953 -3.458737 -4.497694 0 0.000003 0 8.409346 3.156411 -3.513702 29.902391 -5.927536 -10.00456 7.879351 -4.815295 -9.309743 -0.019782 0.000003 0 25.57308 44.865063 59.697001 20.463884 8.704471 26.717356 16.490341 -18.953486 -35.573005 -6.07677 7.97907 9.192813 0 0.000003 0 0 0.000003 0.000008 0.000002 0.000009 -34.822702 0.000003 0.000016 -69.645404 -0.000007 0.000016 -104.468119 -0.046017 0.085271 -55.886684 -0.026947 0.068878 -41.914999 -0.012399 0.04836 -27.943325 -0.003238 0.02494 -13.971659 0 -0.013986 0 -83.038045 -68.962329 97.679403 32.110266 -55.790393 22.2972 49.613196 0.312197 0.143921 1.995286 -5.216001 84.965518 -4.750113 -2.864176 -0.15342 -2.31197 -14.287039 -22.877688 25.260792 -7.890464 -6.291861 19.434993 -9.244365 -6.905505 7.364216 -1.064783 0.388456 0 0.000003 0 28.132166 -7.411299 -10.001332 41.397298 -7.654003 -6.468505 17.303378 -4.456443 -0.661955 0 0.000003 0 26.633052 -5.019333 -4.593234 30.433076 -6.081202 -2.70169 3.669653 -2.047531 -4.326154 0 0.000003 0 8.64487 2.396012 13.544864 35.703376 1.314486 -2.867853 8.113681 -1.933556 -2.354083 0 0.000003 0 25.57308 44.865063 59.697001 14.639216 -11.880019 23.373126 -37.3676 12.142078 -10.761769 -6.07677 7.97907 9.192813 0 0.000003 0 0 0.000003 0.000008 0 0.000003 -7.71773 0 0.000003 -15.435469 0.000002 0.000003 -23.153209 -0.003731 0.026791 -15.033006 -0.002141 0.020199 -11.274754 -0.000986 0.013519 -7.516502 -0.000272 0.006778 -3.75825 0 0.000003 0 17.392066 9.225505 0.384767 -0.013974 0.000617 2.963012 0 0.000003 0 -31.606069 2.672177 3.228131 -89.999999 -90 0 0 0.000003 0 0 0.000003 0 90.000009 -63.648278 -90.000009 -5.682401 0.000003 0 -28.319916 0.000003 0 -16.252152 0.000003 0 0 0.000003 0 89.999996 -84.450021 179.999995 0 0.000003 0 -90.000003 -84.450021 0 0 0.000003 0 0 0.000003 0
0 0 0 179.999991 0.000003 179.999991 -0.057446 -0.03105199999999997 -5.333786 -174.044599 -4.797352 -183.207872 -72.335597 -11.540886 -104.645082 70.702724 -3.538295 -14.889162 0 0.000003 0 12.706705 6.218118 20.07325 75.504886 -7.992029 9.334273 -0.15412 1.329519 -0.522786 4.849528 10.292968 -0.817098 0 0.000003 0 0 0.000003 0 0 0.000003 0 0 0.000003 0 -0.007004 -0.121397 6.604729 -0.003942 -0.09114 4.953543 -0.001752 -0.0608 3.302361 0.013542 -0.03089 2.24777 0 0.000003 0 95.876219 9.274334 75.145598 20.307138 -1.991537 -8.705191 0 0.000003 0 -0.918279 1.223453 8.033347 75.690319 -9.031782 11.401314 -0.421239 2.455134 -0.80889 5.276147 11.419799 -1.745072 0 0.000003 0 0 0.000003 0 0 0.000003 0 0 0.000003 0 -0.009954 -0.144613 7.875088 -0.005603 -0.108604 5.90631 -0.002491 -0.072479 3.937538 -0.000623 -0.036259 1.968768 0 0.000003 0 93.402912 5.779408 89.929064 16.520189 0.137788 -2.033247 -15.50192 0.855238 -0.358297 7.843745 1.951893 -2.896507 81.671318 -65.100118 139.642647 39.542977 -50.131766 87.078976 1.198252 41.393906 0.487633 4.711484 2.999828 -16.481407 -10.781789 -1.089781 -0.485097 5.567135 -15.315433 -24.893183 19.640837 -2.943761 -2.855022 22.370601 -7.854558 0.93914 7.28895 0.470855 6.486197 -0.034264 0.000003 0 28.350633 -5.659902 9.454928 41.617859 7.113262 2.842603 17.76404 3.431674 4.452721 0 0.000003 0 26.744545 -3.338437 -20.52325 25.769655 -11.543311 -8.847673 3.737846 -3.458655 -4.497679 0 0.000003 0 8.409352 3.156383 -3.513706 29.902196 -5.927475 -10.004507 7.878985 -4.815199 -9.309693 -0.019782 0.000003 0 25.57308 44.865063 59.697001 20.727575 8.959811 26.757495 16.406309 -19.284668 -35.601975 -6.07677 7.97907 9.192813 0 0.000003 0 0 0.000003 0.000008 0.000002 0.000009 -34.827401 0.000003 0.000009 -69.654802 -0.000007 0.000016 -104.482217 -0.049136 0.087265 -57.942243 -0.028846 0.070907 -43.456669 -0.013293 0.049986 -28.971101 -0.003471 0.025841 -14.485549 0 -0.013986 0 -83.760713 -67.820139 98.920783 26.66298 -57.054122 27.712108 46.754684 0.298577 0.128681 1.975588 -5.223473 85.182076 -4.15534 -3.537578 -0.218088 -2.31197 -14.287039 -22.877688 25.165265 -7.995014 -6.31799 19.416367 -9.340664 -6.921114 7.336764 -1.10433 0.38413 0 0.000003 0 28.109497 -7.562321 -10.090613 41.37482 -7.86608 -6.530728 17.266787 -4.548671 -0.677936 0 0.000003 0 26.619701 -5.164365 -4.665584 30.421021 -6.236384 -2.73718 3.658638 -2.103627 -4.333257 0 0.000003 0 8.663144 2.329684 13.536808 35.7233 1.15705 -2.915142 8.117995 -1.994071 -2.363179 0 0.000003 0 25.57308 44.865063 59.697001 14.639206 -11.880019 23.373119 -37.367593 12.142084 -10.761807 -6.07677 7.97907 9.192813 0 0.000003 0 0 0.000003 0.000008 0 0.000003 -7.660186 0 0.000003 -15.320381 0.000002 -0.000004 -22.980576 -0.004254 0.028614 -16.085461 -0.002439 0.021593 -12.064094 -0.001121 0.014462 -8.042729 -0.000307 0.007249 -4.021364 0 0.000003 0 17.308256 8.729148 0.341213 -0.013978 0.000528 2.580885 0 0.000003 0 -31.337956 2.440299 2.795348 -89.999999 -90 0 0 0.000003 0 0 0.000003 0 90.000009 -63.648278 -90.000009 -5.682401 0.000003 0 -28.319916 0.000003 0 -16.252152 0.000003 0 0 0.000003 0 89.999996 -84.450021 179.999995 0 0.000003 0 -90.000003 -84.450021 0 0 0.000003 0 0 0.000003 0
0 0 0 179.999991 0.000003 179.999991 -0.058493 -0.027939000000000047 -5.368299 -174.945405 -4.443418 -183.287088 -72.799079 -15.307449 -106.694125 68.015427 -3.47989 -14.724725 0 0.000003 0 10.582118 6.130473 17.795062 75.504886 -7.992029 9.334273 -0.15412 1.329519 -0.522786 4.8439 10.344399 -0.42555 0 0.000003 0 0 0.000003 0 0 0.000003 0 0 0.000003 0 -0.009357 -0.140235 7.635246 -0.005267 -0.105312 5.72643 -0.002342 -0.070273 3.817617 0.013392 -0.035692 2.505397 0 0.000003 0 95.201943 6.156462 75.38031 19.04449 -1.878935 -8.662513 0 0.000003 0 -2.545421 1.758319 7.87123 75.690319 -9.031782 11.401314 -0.421239 2.455134 -0.80889 5.417997 11.473552 -1.603783 0 0.000003 0 0 0.000003 0 0 0.000003 0 0 0.000003 0 -0.00927 -0.139579 7.599357 -0.005218 -0.104814 5.699514 -0.00232 -0.069939 3.799673 -0.00058 -0.034989 1.899836 0 0.000003 0 93.362081 5.650837 90.16532 16.573751 0.064534 -1.757036 -15.512463 0.651439 -0.001392 7.764012 1.451438 -2.528551 81.980145 -66.061539 138.686052 41.790444 -48.530004 83.684693 1.206833 41.580739 0.493318 4.674203 3.057666 -17.186986 -12.115422 -1.085916 -0.626047 5.567135 -15.315433 -24.893183 19.601938 -2.988772 -2.870493 22.364736 -7.89963 0.931163 7.28038 0.452885 6.484163 -0.034264 0.000003 0 28.344141 -5.723962 9.433004 41.629218 7.034667 2.81399 17.766026 3.393322 4.445528 0 0.000003 0 26.741881 -3.399786 -20.540981 25.749689 -11.59451 -8.858279 3.726325 -3.479351 -4.500181 0 0.000003 0 8.418595 3.128912 -3.513177 29.893405 -5.984582 -10.021134 7.871834 -4.841461 -9.313207 -0.019782 0.000003 0 25.57308 44.865063 59.697001 20.72752 8.95977 26.757474 16.406295 -19.284695 -35.601965 -6.07677 7.97907 9.192813 0 0.000003 0 0 0.000003 0.000008 0.000002 0.000009 -35.015921 0 0.000009 -70.031856 -0.000007 0.000016 -105.047784 -0.048127 0.086643 -57.282666 -0.028229 0.070258 -42.961982 -0.013005 0.049467 -28.641312 -0.003395 0.025547 -14.320654 0 -0.013986 0 -84.224121 -66.796184 99.87953 20.240002 -57.948982 33.257704 44.076946 0.285245 0.115114 2.01508 -5.208399 84.747676 -3.169007 -4.39308 -0.331852 -2.31197 -14.287039 -22.877688 25.165231 -7.995 -6.318001 19.415984 -9.340568 -6.921045 7.33671 -1.104207 0.384143 0 0.000003 0 28.109452 -7.562315 -10.09061 41.374499 -7.866019 -6.530699 17.266804 -4.548671 -0.677938 0 0.000003 0 26.619645 -5.164358 -4.665575 30.421027 -6.236363 -2.737185 3.658918 -2.103682 -4.333271 0 0.000003 0 8.663099 2.329671 13.536819 35.723194 1.157071 -2.915167 8.117944 -1.994071 -2.363191 0 0.000003 0 25.57308 44.865063 59.697001 14.63918 -11.879944 23.373145 -37.367593 12.14203 -10.761784 -6.07677 7.97907 9.192813 0 0.000003 0 0 0.000003 0.000008 0 0.000003 -7.775619 0 0.000003 -15.551246 0.000002 0.000003 -23.326874 -0.004564 0.029639 -16.679534 -0.002616 0.022371 -12.509649 -0.001201 0.014981 -8.339765 -0.000328 0.007516 -4.169882 0 0.000003 0 17.035945 8.650874 0.485942 -0.013983 0.000378 1.982962 0 0.000003 0 -30.803668 2.171893 2.079246 -89.999999 -90 0 0 0.000003 0 0 0.000003 0 90.000009 -63.648278 -90.000009 -5.682401 0.000003 0 -28.319916 0.000003 0 -16.252152 0.000003 0 0 0.000003 0 89.999996 -84.450021 179.999995 0 0.000003 0 -90.000003 -84.450021 0 0 0.000003 0 0 0.000003 0
0 0 0 179.999991 0.000003 179.999991 -0.060902 -0.025621000000000005 -5.398264 -175.791898 -4.026059 -183.06452 -73.39795 -18.754597 -108.479168 62.469518 -3.335309 -14.394922 0 0.000003 0 9.724195 6.309451 16.727364 75.504886 -7.992029 9.334273 -0.15412 1.329519 -0.522786 4.630349 10.335984 -0.66564 0 0.000003 0 0 0.000003 0 0 0.000003 0 0 0.000003 0 -0.011592 -0.155992 8.499559 -0.006525 -0.11719 6.374663 -0.002902 -0.07821 4.249771 0.01325 -0.039722 2.721473 0 0.000003 0 94.471434 3.567007 75.846819 17.532242 -1.742871 -8.614724 0 0.000003 0 -3.591876 2.382707 7.965078 75.690319 -9.031782 11.401314 -0.421239 2.455134 -0.80889 5.418024 11.473573 -1.603783 0 0.000003 0 0 0.000003 0 0 0.000003 0 0 0.000003 0 -0.008211 -0.13139 7.15131 -0.004621 -0.098653 5.363478 -0.002055 -0.065827 3.57565 -0.000514 -0.032926 1.787825 0 0.000003 0 93.426497 5.557386 90.28715 16.613855 0.020589 -1.362832 -15.533175 0.443077 0.390414 7.680555 0.858113 -2.135048 83.110568 -67.213178 137.08858 43.806026 -47.251089 79.714147 1.258063 42.670646 0.527654 4.628549 3.126426 -18.033328 -13.192438 -0.55243 -0.753441 5.567135 -15.315433 -24.893183 19.640851 -2.943734 -2.854965 22.3707 -7.854435 0.939133 7.288851 0.47091 6.486216 -0.034264 0.000003 0 28.350625 -5.659861 9.454961 41.617811 7.113405 2.842651 17.76414 3.431688 4.452722 0 0.000003 0 26.744547 -3.33841 -20.523238 25.769708 -11.543188 -8.847648 3.737973 -3.458716 -4.49769 0 0.000003 0 8.409343 3.156404 -3.779495 29.880903 -6.063191 -10.04399 7.86189 -4.877593 -9.318047 -0.019782 0.000003 0 25.57308 44.865063 59.697001 20.727486 8.959729 26.757468 16.406282 -19.284688 -35.601944 -6.07677 7.97907 9.192813 0 0.000003 0 0 0.000003 0.000008 0.000002 0.000009 -35.242028 0 0.000009 -70.484069 -0.000007 0.000016 -105.72611 -0.045508 0.084936 -55.546507 -0.026638 0.068537 -41.659865 -0.012256 0.048094 -27.773233 -0.003199 0.024789 -13.886614 0 -0.013986 0 -85.631284 -65.729314 101.699918 13.361249 -58.09592 38.64227 42.07333 0.274808 0.105313 2.123461 -5.165253 83.5488 -1.844524 -5.232387 -0.495298 -2.31197 -14.287039 -22.877688 25.165282 -7.995034 -6.318038 19.416032 -9.340589 -6.92104 7.336455 -1.104043 0.384162 0 0.000003 0 28.109507 -7.562308 -10.090584 41.374533 -7.865999 -6.530713 17.267092 -4.548801 -0.677966 0 0.000003 0 26.619662 -5.164379 -4.665563 30.42085 -6.236343 -2.737174 3.658697 -2.103621 -4.333283 0 0.000003 0 8.663123 2.329671 13.536875 35.723187 1.157105 -2.915193 8.118152 -1.994078 -2.363219 0 0.000003 0 25.57308 44.865063 59.697001 14.639185 -11.879855 23.373167 -37.367617 12.141961 -10.761784 -6.07677 7.97907 9.192813 0 0.000003 0 0 0.000003 0.000008 0 0.000003 -8.094218 0 0.000003 -16.188443 0.000002 0.000003 -24.28267 -0.004744 0.030226 -17.018188 -0.002719 0.022822 -12.763641 -0.001249 0.015288 -8.509092 -0.00034 0.007666 -4.254545 0 0.000003 0 16.39249 7.986222 0.489692 -0.013986 0.000269 1.54096 0 0.000003 0 -30.26937 2.496908 1.326045 -89.999999 -90 0 0 0.000003 0 0 0.000003 0 90.000009 -63.648278 -90.000009 -5.682401 0.000003 0 -28.319916 0.000003 0 -16.252152 0.000003 0 0 0.000003 0 89.999996 -84.450021 179.999995 0 0.000003 0 -90.000003 -84.450021 0 0 0.000003 0 0 0.000003 0
0 0 0 179.999991 0.000003 179.999991 -0.064765 -0.024617 -5.426213 -176.394007 -3.534976 -182.586174 -74.064235 -21.646424 -109.505595 54.293935 -3.065721 -13.937838 0 0.000003 0 9.280047 6.066433 16.017844 75.504886 -7.992029 9.334273 -0.15412 1.329519 -0.522786 4.244918 10.269848 -0.640567 0 0.000003 0 0 0.000003 0 0 0.000003 0 0 0.000003 0 -0.01267 -0.163048 8.886974 -0.007133 -0.122497 6.665223 -0.003172 -0.081769 4.443478 0.013181 -0.041532 2.818325 0 0.000003 0 93.834013 1.467236 76.273993 16.112662 -1.613999 -8.573127 0 0.000003 0 -4.751638 2.495863 7.804481 75.690319 -9.031782 11.401314 -0.421239 2.455134 -0.80889 5.361251 11.488948 -2.032992 0 0.000003 0 0 0.000003 0 0 0.000003 0 0 0.000003 0 -0.007324 -0.124116 6.753413 -0.004122 -0.093182 5.065056 -0.001833 -0.062166 3.376703 -0.000458 -0.031095 1.688351 0 0.000003 0 93.623664 5.539259 90.338466 16.632564 0.005193 -0.946434 -15.536478 0.286932 0.798725 7.658035 0.279426 -1.732472 84.015684 -68.341214 135.602645 45.139081 -45.941452 76.078527 1.339542 44.332718 0.583718 4.566272 3.216803 -19.158945 -14.21798 0.347714 -0.901644 5.567135 -15.315433 -24.893183 19.640865 -2.943707 -2.855001 22.370669 -7.854387 0.939133 7.289036 0.470828 6.486226 -0.034264 0.000003 0 28.350637 -5.659827 9.45495 41.617705 7.113453 2.84265 17.764216 3.431688 4.452728 0 0.000003 0 26.744543 -3.338382 -20.523245 25.769798 -11.543147 -8.847647 3.737999 -3.45873 -4.497693 0 0.000003 0 8.40934 3.156417 -3.551938 29.899249 -5.946804 -10.010152 7.876374 -4.824099 -9.310866 -0.019782 0.000003 0 25.57308 44.865063 59.697001 20.727438 8.95979 26.757447 16.406328 -19.284688 -35.601965 -6.07677 7.97907 9.192813 0 0.000003 0 0 0.000003 0.000008 0.000002 0.000009 -35.542706 0.000003 0.000009 -71.085412 -0.000007 0.000016 -106.628125 -0.043102 0.083256 -53.923333 -0.025185 0.066891 -40.442486 -0.011571 0.046789 -26.961649 -0.00302 0.024079 -13.480823 0 -0.013986 0 -86.993606 -64.632095 103.956545 7.887473 -57.798605 42.168598 40.371694 0.265629 0.097272 2.265844 -5.104539 81.958076 -0.540364 -6.044128 -0.698227 -2.31197 -14.287039 -22.877688 25.165258 -7.995021 -6.318075 19.41611 -9.340589 -6.921045 7.336472 -1.104043 0.38416 0 0.000003 0 28.109454 -7.562287 -10.090677 41.374588 -7.866046 -6.530754 17.266991 -4.548781 -0.67797 0 0.000003 0 26.619639 -5.164338 -4.665653 30.420853 -6.236377 -2.737198 3.658987 -2.103682 -4.333303 0 0.000003 0 8.663097 2.329698 13.536795 35.723337 1.157078 -2.915243 8.117972 -1.994105 -2.36323 0 0.000003 0 25.57308 44.865063 59.697001 14.639134 -11.879875 23.373177 -37.367644 12.142023 -10.761818 -6.07677 7.97907 9.192813 0 0.000003 0 0 0.000003 0.000008 0 0.000003 -8.517018 0 0.000003 -17.034043 0.000002 0.000003 -25.551068 -0.004652 0.029932 -16.845545 -0.002666 0.022597 -12.634158 -0.001224 0.015131 -8.422772 -0.000334 0.007591 -4.211385 0 0.000003 0 15.563969 7.102395 0.479512 -0.013987 0.00016 1.063817 0 0.000003 0 -30.029132 2.471226 0.677049 -89.999999 -90 0 0 0.000003 0 0 0.000003 0 90.000009 -63.648278 -90.000009 -5.682401 0.000003 0 -28.319916 0.000003 0 -16.252152 0.000003 0 0 0.000003 0 89.999996 -84.450021 179.999995 0 0.000003 0 -90.000003 -84.450021 0 0 0.000003 0 0 0.000003 0
0 0 0 179.999991 0.000003 179.999991 -0.069209 -0.02510800000000002 -5.453885 -176.725162 -2.890185 -181.945967 -74.878899 -23.525341 -109.650928 43.183168 -2.60066 -13.38713 0 0.000003 0 9.602651 6.305852 14.81994 75.504886 -7.992029 9.334273 -0.15412 1.329519 -0.522786 3.990224 10.174396 -0.379251 0 0.000003 0 0 0.000003 0 0 0.000003 0 0 0.000003 0 -0.012526 -0.162119 8.836137 -0.007052 -0.1218 6.627094 -0.003136 -0.081311 4.418059 0.013191 -0.041293 2.805616 0 0.000003 0 93.346679 -0.309589 76.484008 14.893139 -1.502496 -8.539939 0 0.000003 0 -5.686358 3.169415 8.34787 75.690319 -9.031782 11.401314 -0.421239 2.455134 -0.80889 5.361224 11.488948 -2.032978 0 0.000003 0 0 0.000003 0 0 0.000003 0 0 0.000003 0 -0.006875 -0.120263 6.54317 -0.003869 -0.090279 4.907374 -0.00172 -0.060233 3.271581 -0.00043 -0.030132 1.63579 0 0.000003 0 93.920388 5.570438 90.3569 16.626822 -0.016212 -0.519259 -15.539659 0.188796 1.219879 7.642878 0.432169 -1.345009 85.426788 -69.554643 133.734438 45.974738 -44.119324 72.553015 1.424823 45.977742 0.644162 4.501197 3.307337 -20.302514 -15.310484 1.286339 -1.094119 5.567135 -15.315433 -24.893183 19.640868 -2.943666 -2.854992 22.370601 -7.854319 0.939144 7.288987 0.470869 6.486242 -0.034264 0.000003 0 28.35057 -5.6598 9.454978 41.617791 7.113569 2.842692 17.764169 3.431681 4.452713 0 0.000003 0 26.744524 -3.338341 -20.523229 25.769612 -11.54299 -8.847586 3.737978 -3.458716 -4.497697 0 0.000003 0 8.409313 3.15639 -3.156238 29.930121 -5.744351 -9.951115 7.902343 -4.731283 -9.298421 -0.019782 0.000003 0 25.57308 44.865063 59.697001 20.727375 8.959783 26.757473 16.406371 -19.284661 -35.601968 -6.07677 7.97907 9.192813 0 0.000003 0 0 0.000003 0.000008 0.000002 0.000009 -35.848118 0.000003 0.000009 -71.696236 -0.000007 0.000016 -107.544361 -0.041316 0.081944 -52.695343 -0.024104 0.06562 -39.521493 -0.011067 0.045799 -26.347656 -0.00289 0.023546 -13.173826 0 -0.013986 0 -88.682739 -63.35832 106.276091 2.87934 -57.81663 45.519891 38.347141 0.254509 0.088097 2.397253 -5.044283 80.472442 0.559666 -6.923685 -0.937447 -2.31197 -14.287039 -22.877688 25.165284 -7.995014 -6.318094 19.416083 -9.340554 -6.921047 7.336482 -1.104036 0.384171 0 0.000003 0 28.109468 -7.562246 -10.090647 41.374547 -7.866005 -6.530759 17.266874 -4.548726 -0.67797 0 0.000003 0 26.619655 -5.164304 -4.665633 30.420621 -6.23635 -2.737182 3.658728 -2.103641 -4.333305 0 0.000003 0 8.663117 2.329739 13.536823 35.723269 1.157084 -2.91527 8.118007 -1.994126 -2.363247 0 0.000003 0 25.57308 44.865063 59.697001 14.639156 -11.879896 23.373165 -37.367675 12.142064 -10.761871 -6.07677 7.97907 9.192813 0 0.000003 0 0 0.000003 0.000008 0 0.000003 -8.911961 0 0.000003 -17.82393 0.000002 0.000003 -26.7359 -0.004453 0.029284 -16.470443 -0.002553 0.022098 -12.352831 -0.001174 0.014804 -8.235219 -0.000321 0.007427 -4.117609 0 0.000003 0 14.887581 6.358581 0.584459 -0.013988 -0.000004 0.384908 0 0.000003 0 -30.012439 2.268281 -0.179086 -89.999999 -90 0 0 0.000003 0 0 0.000003 0 90.000009 -63.648278 -90.000009 -5.682401 0.000003 0 -28.319916 0.000003 0 -16.252152 0.000003 0 0 0.000003 0 89.999996 -84.450021 179.999995 0 0.000003 0 -90.000003 -84.450021 0 0 0.000003 0 0 0.000003 0
0 0 0 179.999991 0.000003 179.999991 -0.075337 -0.02706200000000003 -5.48686 -176.772946 -2.07673 -181.266172 -75.708863 -24.053854 -109.170711 29.589158 -1.900662 -12.850967 0 0.000003 0 10.488993 6.688342 13.195167 75.504886 -7.992029 9.334273 -0.15412 1.329519 -0.522786 4.277444 10.134842 -0.406158 0 0.000003 0 0 0.000003 0 0 0.000003 0 0 0.000003 0 -0.011798 -0.157365 8.574853 -0.006642 -0.118221 6.431133 -0.002954 -0.078907 4.287418 0.013237 -0.04007 2.740296 0 0.000003 0 93.027081 -2.814787 76.458709 12.770217 -1.306797 -8.487861 0 0.000003 0 -6.541014 3.54748 9.419102 75.690319 -9.031782 11.401314 -0.421239 2.455134 -0.80889 5.332647 11.626993 -2.082866 0 0.000003 0 0 0.000003 0 0 0.000003 0 0 0.000003 0 -0.006796 -0.11958 6.505506 -0.003824 -0.089767 4.879126 -0.0017 -0.059885 3.25275 -0.000425 -0.029955 1.626374 0 0.000003 0 94.28596 5.648357 90.385252 16.614616 -0.028698 -0.199074 -15.564997 0.154365 1.698951 7.609939 0.079759 -0.956615 87.506225 -70.778388 131.184674 47.396329 -43.03664 68.752923 1.496847 47.292376 0.696479 4.429922 3.402297 -21.520441 -16.640223 2.3153 -1.369226 5.567135 -15.315433 -24.893183 19.640882 -2.943638 -2.794428 22.373683 -7.830809 0.943285 7.293478 0.480192 6.487309 -0.034264 0.000003 0 28.350548 -5.659779 9.454979 41.617671 7.113624 2.842687 17.764048 3.431681 4.452723 0 0.000003 0 26.744497 -3.338328 -20.876248 25.708562 -11.699244 -8.879915 3.702243 -3.521472 -4.505289 0 0.000003 0 8.409293 3.156417 -3.513709 29.902281 -5.927106 -10.004414 7.879386 -4.815247 -9.309699 -0.019782 0.000003 0 25.57308 44.865063 59.697001 20.727309 8.959722 26.757485 16.406384 -19.284647 -35.601961 -6.07677 7.97907 9.192813 0 0.000003 0 0 0.000003 0.000008 0.000002 0.000009 -36.173324 0 0.000009 -72.346661 -0.000007 0.000016 -108.519999 -0.038239 0.07954 -50.5317 -0.022261 0.063353 -37.898759 -0.010206 0.044057 -25.265835 -0.002664 0.022597 -12.632915 0 -0.013986 0 -90.304328 -61.914266 108.122038 -1.610333 -57.099662 48.336088 36.041938 0.241381 0.078177 2.470179 -5.00904 79.640074 1.493233 -7.808584 -1.195993 -2.31197 -14.287039 -22.877688 25.165299 -7.995062 -6.318103 19.416141 -9.340561 -6.921035 7.336327 -1.103927 0.384182 0 0.000003 0 28.109504 -7.562253 -10.090649 41.374694 -7.866026 -6.530795 17.266933 -4.54876 -0.677998 0 0.000003 0 26.619699 -5.16431 -4.665634 30.420659 -6.236356 -2.737191 3.658731 -2.103662 -4.333299 0 0.000003 0 8.663135 2.329739 13.536837 35.723126 1.157071 -2.915307 8.118118 -1.99414 -2.36327 0 0.000003 0 25.57308 44.865063 59.697001 14.639156 -11.879896 23.373186 -37.367695 12.142091 -10.761891 -6.07677 7.97907 9.192813 0 0.000003 0 0 0.000003 0.000008 0 0.000003 -9.133271 0 0.000003 -18.26655 0.000002 0.000003 -27.39983 -0.004366 0.02899 -16.300923 -0.002503 0.02188 -12.22569 -0.00115 0.014646 -8.15046 -0.000314 0.007345 -4.075229 0 0.000003 0 14.556255 5.055688 0.572081 -0.013988 -0.000004 0.408942 0 0.000003 0 -30.143804 2.157857 -0.100762 -89.999999 -90 0 0 0.000003 0 0 0.000003 0 90.000009 -63.648278 -90.000009 -5.682401 0.000003 0 -28.319916 0.000003 0 -16.252152 0.000003 0 0 0.000003 0 89.999996 -84.450021 179.999995 0 0.000003 0 -90.000003 -84.450021 0 0 0.000003 0 0 0.000003 0
0 0 0 179.999991 0.000003 179.999991 -0.082092 -0.030281000000000002 -5.523428 -176.746704 -1.298089 -180.49615 -76.468735 -23.948724 -108.116936 16.209644 -1.107007 -12.498427 0 0.000003 0 10.914916 6.818662 11.302453 75.504886 -7.992029 9.334273 -0.15412 1.329519 -0.522786 4.958644 10.13237 -0.299536 0 0.000003 0 0 0.000003 0 0 0.000003 0 0 0.000003 0 -0.010257 -0.146778 7.994366 -0.005773 -0.110244 5.995768 -0.002568 -0.073572 3.997176 0.013335 -0.037372 2.595175 0 0.000003 0 92.805154 -6.53698 76.434284 8.279117 -0.887055 -8.401777 0 0.000003 0 -6.957025 4.292394 9.712931 75.690319 -9.031782 11.401314 -0.421239 2.455134 -0.80889 5.521214 11.588272 -1.879709 0 0.000003 0 0 0.000003 0 0 0.000003 0 0 0.000003 0 -0.00663 -0.118119 6.425484 -0.003731 -0.088667 4.81911 -0.001659 -0.059154 3.212739 -0.000415 -0.029586 1.606369 0 0.000003 0 94.504116 5.869539 90.47354 16.593828 -0.03503 0.206515 -15.618612 0.152152 1.93511 7.197453 0.195366 -0.870212 89.440952 -71.82917 128.789327 47.921963 -41.897085 65.957361 1.575271 48.655777 0.754718 4.362455 3.488446 -22.643023 -18.06641 3.340238 -1.710186 5.567135 -15.315433 -24.893183 19.640848 -2.943625 -2.854976 22.37063 -7.854196 0.939137 7.288825 0.47093 6.486272 -0.034264 0.000003 0 28.350537 -5.659765 9.382847 41.624641 7.065826 2.825279 17.765155 3.408315 4.448348 0 0.000003 0 26.744453 -3.338321 -20.523206 25.769819 -11.542928 -8.847611 3.737868 -3.458635 -4.49769 0 0.000003 0 8.409292 3.156431 -3.51369 29.902213 -5.927051 -10.004409 7.879236 -4.815199 -9.309681 -0.019782 0.000003 0 25.57308 44.865063 59.697001 20.727319 8.95977 26.757471 16.406391 -19.284702 -35.601992 -6.07677 7.97907 9.192813 0 0.000003 0 0 0.000003 0.000008 0.000002 0.000009 -36.473019 0 0.000009 -72.946052 -0.00001 0.000016 -109.419084 -0.036314 0.077942 -49.143621 -0.021107 0.061864 -36.857702 -0.00967 0.042923 -24.571795 -0.002525 0.021989 -12.285895 0 -0.013986 0 -91.032481 -60.744801 109.855554 -5.343057 -56.826707 50.264721 34.084013 0.229934 0.070112 2.472737 -5.007783 79.610827 2.290316 -8.40113 -1.405175 -2.31197 -14.287039 -22.877688 25.16533 -7.995075 -6.318132 19.416066 -9.340527 -6.921023 7.336467 -1.103995 0.3842 0 0.000003 0 28.109512 -7.562233 -10.090674 41.374687 -7.866019 -6.530788 17.266817 -4.548699 -0.677997 0 0.000003 0 26.619744 -5.164297 -4.665671 30.420734 -6.236363 -2.737209 3.658754 -2.103675 -4.333297 0 0.000003 0 8.663136 2.329732 13.536833 35.723221 1.157132 -2.915318 8.118121 -1.994153 -2.36329 0 0.000003 0 25.57308 44.865063 59.697001 14.639163 -11.879862 23.373138 -37.367709 12.142146 -10.761891 -6.07677 7.97907 9.192813 0 0.000003 0 0 0.000003 0.000008 0 0.000003 -9.14105 0 0.000003 -18.28211 0.000002 0.000003 -27.423165 -0.004048 0.027911 -15.678832 -0.002322 0.021053 -11.759122 -0.001068 0.014093 -7.839415 -0.000293 0.007065 -3.919706 0 0.000003 0 14.533529 4.168289 0.332374 -0.013988 -0.000018 0.329559 0 0.000003 0 -30.135577 2.126951 -0.197652 -89.999999 -90 0 0 0.000003 0 0 0.000003 0 90.000009 -63.648278 -90.000009 -5.682401 0.000003 0 -28.319916 0.000003 0 -16.252152 0.000003 0 0 0.000003 0 89.999996 -84.450021 179.999995 0 0.000003 0 -90.000003 -84.450021 0 0 0.000003 0 0 0.000003 0
0 0 0 179.999991 0.000003 179.999991 -0.089167 -0.03460300000000005 -5.560671 -176.897911 -0.80553 -179.600152 -77.324934 -23.875245 -107.228909 6.223699 -0.472647 -12.360568 0 0.000003 0 11.236382 6.372514 9.814879 75.504886 -7.992029 9.334273 -0.15412 1.329519 -0.522786 5.406499 10.079135 -0.542379 0 0.000003 0 0 0.000003 0 0 0.000003 0 0 0.000003 0 -0.009121 -0.138452 7.537764 -0.005133 -0.103973 5.653319 -0.002282 -0.069372 3.768877 0.013407 -0.035241 2.481027 0 0.000003 0 92.308217 -10.273975 76.460443 2.808321 -0.368541 -8.341712 0 0.000003 0 -6.771685 5.092899 9.6932 75.690319 -9.031782 11.401314 -0.421239 2.455134 -0.80889 5.583041 11.627546 -1.718967 0 0.000003 0 0 0.000003 0 0 0.000003 0 0 0.000003 0 -0.006391 -0.115974 6.308564 -0.003597 -0.087055 4.731421 -0.001599 -0.058075 3.154279 -0.0004 -0.029046 1.577139 0 0.000003 0 94.312461 6.210741 90.560775 16.505325 -0.000353 0.429214 -15.686561 0.191384 2.147966 7.473637 0.155669 -0.443769 90.061051 -72.424279 127.727041 48.545952 -40.820995 63.124752 1.66477 50.123954 0.822629 4.364641 3.485708 -22.607079 -19.044244 3.851403 -1.981098 5.567135 -15.315433 -24.893183 19.640842 -2.943618 -2.854987 22.370618 -7.854148 0.939135 7.289015 0.470855 6.486271 -0.034264 0.000003 0 28.350508 -5.659759 9.454968 41.617558 7.113747 2.84272 17.764072 3.431688 4.452748 0 0.000003 0 26.744449 -3.338314 -20.523233 25.769648 -11.54284 -8.847574 3.737743 -3.458573 -4.497674 0 0.000003 0 8.409273 3.156397 -3.333729 29.916352 -5.834919 -9.97758 7.890468 -4.772845 -9.303964 -0.019782 0.000003 0 25.57308 44.865063 59.697001 20.727268 8.959763 26.75745 16.406406 -19.284647 -35.602006 -6.07677 7.97907 9.192813 0 0.000003 0 0 0.000003 0.000008 0.000002 0.000009 -36.463429 0 0.000009 -72.926866 -0.000007 0.000016 -109.390302 -0.034255 0.076139 -47.626383 -0.019883 0.060224 -35.719775 -0.0091 0.041687 -23.813178 -0.002377 0.021313 -11.906587 0 -0.013986 0 -91.882273 -59.919154 111.364541 -6.663075 -56.449653 50.584757 32.519893 0.220583 0.064002 2.424075 -5.03147 80.166955 2.871538 -8.380687 -1.46957 -2.31197 -14.287039 -22.877688 25.165286 -7.995048 -6.318136 19.416196 -9.340548 -6.921014 7.336578 -1.104077 0.384225 0 0.000003 0 28.10949 -7.562219 -10.09071 41.374632 -7.866033 -6.530774 17.26692 -4.54874 -0.677995 0 0.000003 0 26.619706 -5.16429 -4.665708 30.420764 -6.23637 -2.737198 3.658827 -2.103675 -4.333302 0 0.000003 0 8.663093 2.329739 13.53681 35.72329 1.157125 -2.915328 8.11811 -1.994146 -2.36329 0 0.000003 0 25.57308 44.865063 59.697001 14.639114 -11.879821 23.373198 -37.367719 12.142132 -10.761918 -6.07677 7.97907 9.192813 0 0.000003 0 0 0.000003 0.000008 0 0.000003 -8.99318 0 0.000003 -17.986369 0.000002 0.000003 -26.979556 -0.003908 0.027419 -15.397439 -0.002242 0.020684 -11.548079 -0.001031 0.01384 -7.698718 -0.000283 0.006942 -3.849358 0 0.000003 0 14.471221 3.373863 0.425443 -0.013988 0.000023 0.521507 0 0.000003 0 -29.6164 2.213045 0.043334 -89.999999 -90 0 0 0.000003 0 0 0.000003 0 90.000009 -63.648278 -90.000009 -5.682401 0.000003 0 -28.319916 0.000003 0 -16.252152 0.000003 0 0 0.000003 0 89.999996 -84.450021 179.999995 0 0.000003 0 -90.000003 -84.450021 0 0 0.000003 0 0 0.000003 0
