HIERARCHY
ROOT pelvis
{
	OFFSET 0.000000 0.000000 0.000000
	CHANNELS 6 Xposition Yposition Zposition Zrotation Yrotation Xrotation
	JOINT left_hip
	{
		OFFSET 0.077425 -0.075087 0.000000
		CHANNELS 3 Zrotation Yrotation Xrotation
		JOINT left_knee
		{
			OFFSET 0.000000 -0.396724 0.000002
			CHANNELS 3 Zrotation Yrotation Xrotation
			JOINT left_ankle
			{
				OFFSET 0.000000 -0.353591 -0.000002
				CHANNELS 3 Zrotation Yrotation Xrotation
				JOINT left_foot
				{
					OFFSET 0.000000 -0.043706 0.130020
					CHANNELS 3 Zrotation Yrotation Xrotation
				}
			}
		}
	}
	JOINT right_hip
	{
		OFFSET -0.077425 -0.075087 0.000000
		CHANNELS 3 Zrotation Yrotation Xrotation
		JOINT right_knee
		{
			OFFSET 0.000000 -0.396725 0.000002
			CHANNELS 3 Zrotation Yrotation Xrotation
			JOINT right_ankle
			{
				OFFSET 0.000000 -0.353591 -0.000002
				CHANNELS 3 Zrotation Yrotation Xrotation
				JOINT right_foot
				{
					OFFSET 0.000000 -0.043706 0.130020
					CHANNELS 3 Zrotation Yrotation Xrotation
				}
			}
		}
	}
	JOINT spine1
	{
		OFFSET 0.000000 0.096241 0.000000
		CHANNELS 3 Zrotation Yrotation Xrotation
		JOINT spine2
		{
			OFFSET 0.000367 0.090004 0.000000
			CHANNELS 3 Zrotation Yrotation Xrotation
			JOINT spine3
			{
				OFFSET -0.000078 0.086928 0.000000
				CHANNELS 3 Zrotation Yrotation Xrotation
				JOINT neck
				{
					OFFSET 0.000002 0.180729 -0.000328
					CHANNELS 3 Zrotation Yrotation Xrotation
					JOINT head
					{
						OFFSET 0.000000 0.160452 0.000000
						CHANNELS 3 Zrotation Yrotation Xrotation
					}
				}
				JOINT left_collar
				{
					OFFSET 0.047741 0.119000 0.000000
					CHANNELS 3 Zrotation Yrotation Xrotation
					JOINT left_shoulder
					{
						OFFSET 0.092499 0.002371 0.000569
						CHANNELS 3 Zrotation Yrotation Xrotation
						JOINT left_elbow
						{
							OFFSET 0.263013 0.000000 0.000000
							CHANNELS 3 Zrotation Yrotation Xrotation
							JOINT left_wrist
							{
								OFFSET 0.252820 0.000000 0.000000
								CHANNELS 3 Zrotation Yrotation Xrotation
								JOINT left_pinky1
								{
									OFFSET 0.072201 -0.001902 -0.025742
									CHANNELS 3 Zrotation Yrotation Xrotation
									JOINT left_pinky2
									{
										OFFSET 0.028997 0.000007 0.000000
										CHANNELS 3 Zrotation Yrotation Xrotation
										JOINT left_pinky3
										{
											OFFSET 0.018589 0.000000 0.000000
											CHANNELS 3 Zrotation Yrotation Xrotation
										}
									}
								}
								JOINT left_ring1
								{
									OFFSET 0.078858 0.001509 -0.009718
									CHANNELS 3 Zrotation Yrotation Xrotation
									JOINT left_ring2
									{
										OFFSET 0.034532 0.000000 0.000000
										CHANNELS 3 Zrotation Yrotation Xrotation
										JOINT left_ring3
										{
											OFFSET 0.025050 0.000000 0.000000
											CHANNELS 3 Zrotation Yrotation Xrotation
										}
									}
								}
								JOINT left_middle1
								{
									OFFSET 0.082704 0.001848 0.007442
									CHANNELS 3 Zrotation Yrotation Xrotation
									JOINT left_middle2
									{
										OFFSET 0.034830 0.000001 0.000000
										CHANNELS 3 Zrotation Yrotation Xrotation
										JOINT left_middle3
										{
											OFFSET 0.030383 0.000000 0.000000
											CHANNELS 3 Zrotation Yrotation Xrotation
										}
									}
								}
								JOINT left_index1
								{
									OFFSET 0.082455 -0.002111 0.024954
									CHANNELS 3 Zrotation Yrotation Xrotation
									JOINT left_index2
									{
										OFFSET 0.033926 -0.000039 0.000000
										CHANNELS 3 Zrotation Yrotation Xrotation
										JOINT left_index3
										{
											OFFSET 0.025192 0.000000 0.000000
											CHANNELS 3 Zrotation Yrotation Xrotation
										}
									}
								}
								JOINT left_thumb1
								{
									OFFSET 0.017964 -0.010632 0.010977
									CHANNELS 3 Zrotation Yrotation Xrotation
									JOINT left_thumb2
									{
										OFFSET 0.032578 -0.011399 0.030005
										CHANNELS 3 Zrotation Yrotation Xrotation
										JOINT left_thumb3
										{
											OFFSET 0.020721 -0.007250 0.019085
											CHANNELS 3 Zrotation Yrotation Xrotation
										}
									}
								}
							}
						}
					}
				}
				JOINT right_collar
				{
					OFFSET -0.047741 0.119002 0.000000
					CHANNELS 3 Zrotation Yrotation Xrotation
					JOINT right_shoulder
					{
						OFFSET -0.092499 0.002370 0.000569
						CHANNELS 3 Zrotation Yrotation Xrotation
						JOINT right_elbow
						{
							OFFSET -0.263013 0.000000 0.000000
							CHANNELS 3 Zrotation Yrotation Xrotation
							JOINT right_wrist
							{
								OFFSET -0.252820 0.000000 0.000000
								CHANNELS 3 Zrotation Yrotation Xrotation
								JOINT right_pinky1
								{
									OFFSET -0.072201 -0.001900 -0.025742
									CHANNELS 3 Zrotation Yrotation Xrotation
									JOINT right_pinky2
									{
										OFFSET -0.028997 0.000010 0.000000
										CHANNELS 3 Zrotation Yrotation Xrotation
										JOINT right_pinky3
										{
											OFFSET -0.018588 0.000000 0.000000
											CHANNELS 3 Zrotation Yrotation Xrotation
										}
									}
								}
								JOINT right_ring1
								{
									OFFSET -0.078858 0.001510 -0.009717
									CHANNELS 3 Zrotation Yrotation Xrotation
									JOINT right_ring2
									{
										OFFSET -0.034532 0.000000 0.000000
										CHANNELS 3 Zrotation Yrotation Xrotation
										JOINT right_ring3
										{
											OFFSET -0.025050 0.000000 0.000000
											CHANNELS 3 Zrotation Yrotation Xrotation
										}
									}
								}
								JOINT right_middle1
								{
									OFFSET -0.082704 0.001850 0.007442
									CHANNELS 3 Zrotation Yrotation Xrotation
									JOINT right_middle2
									{
										OFFSET -0.034830 0.000000 0.000000
										CHANNELS 3 Zrotation Yrotation Xrotation
										JOINT right_middle3
										{
											OFFSET -0.030383 0.000000 0.000000
											CHANNELS 3 Zrotation Yrotation Xrotation
										}
									}
								}
								JOINT right_index1
								{
									OFFSET -0.082456 -0.002110 0.024954
									CHANNELS 3 Zrotation Yrotation Xrotation
									JOINT right_index2
									{
										OFFSET -0.033926 -0.000040 0.000000
										CHANNELS 3 Zrotation Yrotation Xrotation
										JOINT right_index3
										{
											OFFSET -0.025192 0.000000 0.000000
											CHANNELS 3 Zrotation Yrotation Xrotation
										}
									}
								}
								JOINT right_thumb1
								{
									OFFSET -0.017964 -0.010630 0.010977
									CHANNELS 3 Zrotation Yrotation Xrotation
									JOINT right_thumb2
									{
										OFFSET -0.032579 -0.011400 0.030005
										CHANNELS 3 Zrotation Yrotation Xrotation
										JOINT right_thumb3
										{
											OFFSET -0.020721 -0.007250 0.019085
											CHANNELS 3 Zrotation Yrotation Xrotation
										}
									}
								}
							}
						}
					}
				}
			}
		}
	}
}
MOTION
Frames: 240
Frame Time: 0.033333
-0.007788 0.914595 -0.041358 0.332964 -1.294195 -6.767906 -0.494006 -12.983204 -1.920238 0.557565 -2.268331 22.253962 -1.514998 16.410809 -8.558454 2.503526 -0.769459 -3.235270 5.553374 12.803035 2.975208 -0.409837 1.980949 17.680585 -1.699774 -18.475509 -10.743288 -3.777066 2.270924 1.451831 -1.446685 -0.173580 2.066864 1.604470 2.382577 -2.309374 0.382491 -0.597270 8.234187 -1.234027 6.448794 -4.782450 1.058966 0.526952 -13.181763 -10.273512 -8.526819 5.419264 -70.030592 4.763827 13.421834 7.292457 -21.370901 -3.450003 -14.220588 14.840535 -31.112188 -33.069437 -18.152277 -21.722575 -28.530639 -6.644358 -10.884674 -3.826775 -4.206650 -21.059126 -36.115008 -7.085308 -6.107878 -35.336742 -8.344426 -15.319158 -20.791002 -9.228273 -8.527080 -30.449810 1.026286 -7.210100 -40.474625 0.117229 -8.637283 -19.365405 -5.372419 -0.194158 -23.701533 3.696132 5.719162 -43.456242 -1.178000 7.020673 -10.566583 -5.689846 -5.016964 1.815512 16.105875 49.351501 2.534405 2.202657 -28.595968 -14.507776 6.620655 30.044851 8.985525 -2.592689 4.069575 68.853163 1.978428 30.950743 -7.649927 16.578108 5.940047 22.834637 -13.683571 -25.742174 33.069437 18.152275 -21.722575 28.530639 6.644356 -10.884674 3.826775 4.206655 -21.059126 36.115008 7.085306 -6.107878 35.336742 8.344431 -15.319158 20.791002 9.228278 -8.527080 30.449810 -1.026281 -7.210100 40.474625 -0.117231 -8.637283 19.365405 5.372431 -0.194158 23.701533 -3.696120 5.719162 43.456242 1.178012 7.020673 10.566583 5.689844 -5.016964 -1.815512 -16.105870 49.351501 -2.534405 -2.202652 -28.595968 14.507776 -6.620650 30.044851
-0.006485 0.915034 -0.044492 0.262044 -1.208340 -6.577791 -0.359187 -12.898099 -1.931415 0.542235 -2.278651 22.029394 -1.445795 16.228313 -8.448123 2.477991 -0.778154 -3.162789 5.634317 13.076844 3.268251 -0.434469 2.029340 17.038767 -1.739900 -18.541441 -10.638843 -3.730602 2.248801 1.579871 -1.408431 -0.122627 1.980953 1.607259 2.443933 -2.301478 0.371800 -0.535839 7.980367 -1.362520 6.263559 -4.501741 1.210302 0.379044 -12.995243 -10.296722 -8.162340 5.766105 -70.872297 5.288058 13.194624 7.401957 -20.860884 -4.158446 -14.543616 14.824628 -31.224715 -33.069437 -18.152277 -21.722575 -28.530639 -6.644358 -10.884674 -3.826775 -4.206650 -21.059126 -36.115008 -7.085308 -6.107878 -35.336742 -8.344426 -15.319158 -20.791002 -9.228273 -8.527080 -30.449810 1.026286 -7.210100 -40.474625 0.117229 -8.637283 -19.365405 -5.372419 -0.194158 -23.701533 3.696132 5.719162 -43.456242 -1.178000 7.020673 -10.566583 -5.689846 -5.016964 1.815512 16.105875 49.351501 2.534405 2.202657 -28.595968 -14.507776 6.620655 30.044851 9.003800 -2.606459 4.098375 68.804819 1.861734 30.422803 -7.626881 16.593414 5.835921 22.877382 -13.530712 -25.753309 33.069437 18.152275 -21.722575 28.530639 6.644356 -10.884674 3.826775 4.206655 -21.059126 36.115008 7.085306 -6.107878 35.336742 8.344431 -15.319158 20.791002 9.228278 -8.527080 30.449810 -1.026281 -7.210100 40.474625 -0.117231 -8.637283 19.365405 5.372431 -0.194158 23.701533 -3.696120 5.719162 43.456242 1.178012 7.020673 10.566583 5.689844 -5.016964 -1.815512 -16.105870 49.351501 -2.534405 -2.202652 -28.595968 14.507776 -6.620650 30.044851
-0.005968 0.915510 -0.044072 0.188040 -1.145714 -6.342390 -0.189445 -12.732570 -1.952527 0.526653 -2.267607 21.695717 -1.368774 15.964135 -8.298682 2.437972 -0.788331 -3.049887 5.697409 13.377003 3.652247 -0.469984 2.062843 16.136011 -1.765353 -18.551358 -10.482664 -3.686578 2.215955 1.744134 -1.353927 -0.060472 1.855890 1.604185 2.524037 -2.296687 0.354338 -0.458590 7.623816 -1.549786 6.043320 -4.126028 1.426493 0.188857 -12.759893 -10.282428 -7.674979 6.124147 -72.011367 5.955040 12.709210 7.544127 -20.255436 -5.095550 -15.053035 14.821923 -31.224872 -33.069437 -18.152277 -21.722575 -28.530639 -6.644358 -10.884674 -3.826775 -4.206650 -21.059126 -36.115008 -7.085308 -6.107878 -35.336742 -8.344426 -15.319158 -20.791002 -9.228273 -8.527080 -30.449810 1.026286 -7.210100 -40.474625 0.117229 -8.637283 -19.365405 -5.372419 -0.194158 -23.701533 3.696132 5.719162 -43.456242 -1.178000 7.020673 -10.566583 -5.689846 -5.016964 1.815512 16.105875 49.351501 2.534405 2.202657 -28.595968 -14.507776 6.620655 30.044851 9.032547 -2.612743 4.096355 68.759992 1.710535 29.726947 -7.602884 16.559195 5.602898 22.921616 -13.266322 -25.807716 33.069437 18.152275 -21.722575 28.530639 6.644356 -10.884674 3.826775 4.206655 -21.059126 36.115008 7.085306 -6.107878 35.336742 8.344431 -15.319158 20.791002 9.228278 -8.527080 30.449810 -1.026281 -7.210100 40.474625 -0.117231 -8.637283 19.365405 5.372431 -0.194158 23.701533 -3.696120 5.719162 43.456242 1.178012 7.020673 10.566583 5.689844 -5.016964 -1.815512 -16.105870 49.351501 -2.534405 -2.202652 -28.595968 14.507776 -6.620650 30.044851
-0.005546 0.916106 -0.042499 0.140590 -1.146786 -6.125195 -0.039205 -12.493868 -1.968078 0.513444 -2.235232 21.282716 -1.311931 15.672794 -8.124067 2.385404 -0.790045 -2.925495 5.705560 13.604838 4.063176 -0.512971 2.075724 15.138452 -1.768258 -18.459991 -10.317084 -3.650527 2.170104 1.896874 -1.293139 0.000255 1.729619 1.585780 2.621648 -2.302155 0.332516 -0.371860 7.237221 -1.751317 5.832588 -3.743818 1.670527 0.005569 -12.523506 -10.205291 -7.163643 6.365538 -73.225673 6.646480 11.924158 7.691078 -19.732858 -6.088415 -15.634870 14.825017 -31.074680 -33.069437 -18.152277 -21.722575 -28.530639 -6.644358 -10.884674 -3.826775 -4.206650 -21.059126 -36.115008 -7.085308 -6.107878 -35.336742 -8.344426 -15.319158 -20.791002 -9.228273 -8.527080 -30.449810 1.026286 -7.210100 -40.474625 0.117229 -8.637283 -19.365405 -5.372419 -0.194158 -23.701533 3.696132 5.719162 -43.456242 -1.178000 7.020673 -10.566583 -5.689846 -5.016964 1.815512 16.105875 49.351501 2.534405 2.202657 -28.595968 -14.507776 6.620655 30.044851 9.075931 -2.633520 4.033941 68.759446 1.531338 28.985697 -7.566103 16.404041 5.206003 22.742699 -12.939764 -25.924085 33.069437 18.152275 -21.722575 28.530639 6.644356 -10.884674 3.826775 4.206655 -21.059126 36.115008 7.085306 -6.107878 35.336742 8.344431 -15.319158 20.791002 9.228278 -8.527080 30.449810 -1.026281 -7.210100 40.474625 -0.117231 -8.637283 19.365405 5.372431 -0.194158 23.701533 -3.696120 5.719162 43.456242 1.178012 7.020673 10.566583 5.689844 -5.016964 -1.815512 -16.105870 49.351501 -2.534405 -2.202652 -28.595968 14.507776 -6.620650 30.044851
-0.004826 0.916776 -0.041072 0.127901 -1.231699 -5.914081 0.070615 -12.176196 -1.914850 0.497159 -2.201436 20.786924 -1.270032 15.399641 -7.936933 2.326889 -0.788939 -2.809307 5.651284 13.766269 4.480228 -0.560099 2.092110 14.102794 -1.800801 -18.293396 -10.142288 -3.620159 2.117969 2.033030 -1.223121 0.070073 1.610225 1.538637 2.766666 -2.323399 0.315252 -0.246929 6.842884 -1.913598 5.614281 -3.366174 1.892596 -0.158697 -12.287498 -10.070072 -6.697114 6.508151 -74.461807 7.388047 10.834493 7.846668 -19.338141 -7.037900 -16.118408 14.788960 -30.883704 -33.069437 -18.152277 -21.722575 -28.530639 -6.644358 -10.884674 -3.826775 -4.206650 -21.059126 -36.115008 -7.085308 -6.107878 -35.336742 -8.344426 -15.319158 -20.791002 -9.228273 -8.527080 -30.449810 1.026286 -7.210100 -40.474625 0.117229 -8.637283 -19.365405 -5.372419 -0.194158 -23.701533 3.696132 5.719162 -43.456242 -1.178000 7.020673 -10.566583 -5.689846 -5.016964 1.815512 16.105875 49.351501 2.534405 2.202657 -28.595968 -14.507776 6.620655 30.044851 9.081722 -2.661429 3.924041 68.834162 1.309828 28.277084 -7.511797 16.120267 4.682607 22.283834 -12.628355 -26.112547 33.069437 18.152275 -21.722575 28.530639 6.644356 -10.884674 3.826775 4.206655 -21.059126 36.115008 7.085306 -6.107878 35.336742 8.344431 -15.319158 20.791002 9.228278 -8.527080 30.449810 -1.026281 -7.210100 40.474625 -0.117231 -8.637283 19.365405 5.372431 -0.194158 23.701533 -3.696120 5.719162 43.456242 1.178012 7.020673 10.566583 5.689844 -5.016964 -1.815512 -16.105870 49.351501 -2.534405 -2.202652 -28.595968 14.507776 -6.620650 30.044851
-0.003655 0.917399 -0.040256 0.158164 -1.421353 -5.722789 0.125308 -11.770640 -1.758877 0.467547 -2.169853 20.248617 -1.244906 15.174880 -7.779649 2.269776 -0.794710 -2.706863 5.531890 13.916588 4.882882 -0.605672 2.108550 13.147028 -1.909306 -18.109035 -9.964350 -3.598579 2.077623 2.151229 -1.141882 0.158456 1.497825 1.456487 2.978279 -2.360440 0.312646 -0.061128 6.457310 -1.962258 5.380662 -2.972225 1.996307 -0.272788 -12.042355 -9.910672 -6.365474 6.631631 -75.584813 8.157154 9.666753 7.982123 -19.119336 -7.751834 -16.372353 14.683523 -30.751226 -33.069437 -18.152277 -21.722575 -28.530639 -6.644358 -10.884674 -3.826775 -4.206650 -21.059126 -36.115008 -7.085308 -6.107878 -35.336742 -8.344426 -15.319158 -20.791002 -9.228273 -8.527080 -30.449810 1.026286 -7.210100 -40.474625 0.117229 -8.637283 -19.365405 -5.372419 -0.194158 -23.701533 3.696132 5.719162 -43.456242 -1.178000 7.020673 -10.566583 -5.689846 -5.016964 1.815512 16.105875 49.351501 2.534405 2.202657 -28.595968 -14.507776 6.620655 30.044851 8.982197 -2.659052 3.843479 68.950193 1.057145 27.750726 -7.472510 15.812833 4.179493 21.950551 -12.393253 -26.335249 33.069437 18.152275 -21.722575 28.530639 6.644356 -10.884674 3.826775 4.206655 -21.059126 36.115008 7.085306 -6.107878 35.336742 8.344431 -15.319158 20.791002 9.228278 -8.527080 30.449810 -1.026281 -7.210100 40.474625 -0.117231 -8.637283 19.365405 5.372431 -0.194158 23.701533 -3.696120 5.719162 43.456242 1.178012 7.020673 10.566583 5.689844 -5.016964 -1.815512 -16.105870 49.351501 -2.534405 -2.202652 -28.595968 14.507776 -6.620650 30.044851
-0.001879 0.917787 -0.040251 0.219737 -1.646155 -5.596123 0.114509 -11.332415 -1.538153 0.426233 -2.137758 19.777042 -1.231337 14.988477 -7.700599 2.228057 -0.805994 -2.613643 5.392633 14.099944 5.248311 -0.646715 2.099842 12.410563 -2.072541 -18.002860 -9.838771 -3.578164 2.054189 2.235966 -1.062219 0.249216 1.399859 1.366266 3.212807 -2.402591 0.326223 0.147883 6.114132 -1.887953 5.158428 -2.570006 1.932884 -0.304993 -11.798237 -9.794820 -6.201365 6.779274 -76.375175 8.844688 8.762866 8.065162 -19.147019 -8.053392 -16.477264 14.552048 -30.605866 -33.069437 -18.152277 -21.722575 -28.530639 -6.644358 -10.884674 -3.826775 -4.206650 -21.059126 -36.115008 -7.085308 -6.107878 -35.336742 -8.344426 -15.319158 -20.791002 -9.228273 -8.527080 -30.449810 1.026286 -7.210100 -40.474625 0.117229 -8.637283 -19.365405 -5.372419 -0.194158 -23.701533 3.696132 5.719162 -43.456242 -1.178000 7.020673 -10.566583 -5.689846 -5.016964 1.815512 16.105875 49.351501 2.534405 2.202657 -28.595968 -14.507776 6.620655 30.044851 8.785448 -2.630474 3.862095 68.997123 0.826169 27.484775 -7.458446 15.618261 3.926598 22.105948 -12.258992 -26.517984 33.069437 18.152275 -21.722575 28.530639 6.644356 -10.884674 3.826775 4.206655 -21.059126 36.115008 7.085306 -6.107878 35.336742 8.344431 -15.319158 20.791002 9.228278 -8.527080 30.449810 -1.026281 -7.210100 40.474625 -0.117231 -8.637283 19.365405 5.372431 -0.194158 23.701533 -3.696120 5.719162 43.456242 1.178012 7.020673 10.566583 5.689844 -5.016964 -1.815512 -16.105870 49.351501 -2.534405 -2.202652 -28.595968 14.507776 -6.620650 30.044851
-0.000404 0.917894 -0.039326 0.291876 -1.758348 -5.548848 0.040491 -10.980858 -1.327061 0.387008 -2.115198 19.487271 -1.216103 14.827715 -7.729887 2.210357 -0.814607 -2.540126 5.299533 14.317438 5.544709 -0.678446 2.065445 11.981174 -2.241996 -18.083094 -9.816126 -3.555770 2.037687 2.272817 -1.005505 0.314710 1.327990 1.307070 3.393261 -2.439579 0.347662 0.306869 5.853318 -1.750146 4.983049 -2.208894 1.754471 -0.280718 -11.589044 -9.763072 -6.173061 6.912466 -76.729109 9.334761 8.298509 8.089880 -19.392284 -7.942348 -16.661905 14.458393 -30.342094 -33.069437 -18.152277 -21.722575 -28.530639 -6.644358 -10.884674 -3.826775 -4.206650 -21.059126 -36.115008 -7.085308 -6.107878 -35.336742 -8.344426 -15.319158 -20.791002 -9.228273 -8.527080 -30.449810 1.026286 -7.210100 -40.474625 0.117229 -8.637283 -19.365405 -5.372419 -0.194158 -23.701533 3.696132 5.719162 -43.456242 -1.178000 7.020673 -10.566583 -5.689846 -5.016964 1.815512 16.105875 49.351501 2.534405 2.202657 -28.595968 -14.507776 6.620655 30.044851 8.578105 -2.605879 3.958029 68.904314 0.677926 27.411851 -7.451185 15.566099 4.050488 22.530970 -12.248344 -26.578971 33.069437 18.152275 -21.722575 28.530639 6.644356 -10.884674 3.826775 4.206655 -21.059126 36.115008 7.085306 -6.107878 35.336742 8.344431 -15.319158 20.791002 9.228278 -8.527080 30.449810 -1.026281 -7.210100 40.474625 -0.117231 -8.637283 19.365405 5.372431 -0.194158 23.701533 -3.696120 5.719162 43.456242 1.178012 7.020673 10.566583 5.689844 -5.016964 -1.815512 -16.105870 49.351501 -2.534405 -2.202652 -28.595968 14.507776 -6.620650 30.044851
0.001508 0.917655 -0.038266 0.369323 -1.667677 -5.590974 -0.106670 -10.802632 -1.168667 0.363625 -2.111530 19.440286 -1.205651 14.685599 -7.874884 2.221310 -0.821546 -2.505501 5.268546 14.530718 5.748619 -0.707210 2.033910 11.943071 -2.381693 -18.381389 -9.918725 -3.557281 2.028562 2.256212 -0.987812 0.346116 1.294074 1.291197 3.479096 -2.462085 0.365496 0.382568 5.700153 -1.600310 4.872004 -1.925517 1.556016 -0.244518 -11.447949 -9.815252 -6.251287 6.972426 -76.682916 9.535616 8.268309 8.071792 -19.796194 -7.596505 -16.929642 14.380310 -29.998068 -33.069437 -18.152277 -21.722575 -28.530639 -6.644358 -10.884674 -3.826775 -4.206650 -21.059126 -36.115008 -7.085308 -6.107878 -35.336742 -8.344426 -15.319158 -20.791002 -9.228273 -8.527080 -30.449810 1.026286 -7.210100 -40.474625 0.117229 -8.637283 -19.365405 -5.372419 -0.194158 -23.701533 3.696132 5.719162 -43.456242 -1.178000 7.020673 -10.566583 -5.689846 -5.016964 1.815512 16.105875 49.351501 2.534405 2.202657 -28.595968 -14.507776 6.620655 30.044851 8.443083 -2.609990 4.056545 68.684054 0.648659 27.431937 -7.442779 15.577663 4.436530 22.868324 -12.336712 -26.552497 33.069437 18.152275 -21.722575 28.530639 6.644356 -10.884674 3.826775 4.206655 -21.059126 36.115008 7.085306 -6.107878 35.336742 8.344431 -15.319158 20.791002 9.228278 -8.527080 30.449810 -1.026281 -7.210100 40.474625 -0.117231 -8.637283 19.365405 5.372431 -0.194158 23.701533 -3.696120 5.719162 43.456242 1.178012 7.020673 10.566583 5.689844 -5.016964 -1.815512 -16.105870 49.351501 -2.534405 -2.202652 -28.595968 14.507776 -6.620650 30.044851
0.003810 0.916988 -0.037892 0.451720 -1.398936 -5.734582 -0.325611 -10.815165 -1.051736 0.356134 -2.123244 19.613254 -1.206932 14.575346 -8.114268 2.255277 -0.827967 -2.511188 5.279169 14.685135 5.855455 -0.741541 2.024751 12.312439 -2.470983 -18.823801 -10.139617 -3.588665 2.028801 2.198244 -1.008930 0.348076 1.297500 1.304426 3.479519 -2.472446 0.373974 0.385041 5.655592 -1.460560 4.804337 -1.712529 1.412665 -0.228986 -11.382281 -9.946580 -6.402453 6.951491 -76.308526 9.416627 8.634216 8.035366 -20.346721 -7.181435 -17.048285 14.300554 -29.679894 -33.069437 -18.152277 -21.722575 -28.530639 -6.644358 -10.884674 -3.826775 -4.206650 -21.059126 -36.115008 -7.085308 -6.107878 -35.336742 -8.344426 -15.319158 -20.791002 -9.228273 -8.527080 -30.449810 1.026286 -7.210100 -40.474625 0.117229 -8.637283 -19.365405 -5.372419 -0.194158 -23.701533 3.696132 5.719162 -43.456242 -1.178000 7.020673 -10.566583 -5.689846 -5.016964 1.815512 16.105875 49.351501 2.534405 2.202657 -28.595968 -14.507776 6.620655 30.044851 8.411233 -2.651907 4.093718 68.377468 0.739459 27.451922 -7.434084 15.533833 4.820549 22.995078 -12.477271 -26.535363 33.069437 18.152275 -21.722575 28.530639 6.644356 -10.884674 3.826775 4.206655 -21.059126 36.115008 7.085306 -6.107878 35.336742 8.344431 -15.319158 20.791002 9.228278 -8.527080 30.449810 -1.026281 -7.210100 40.474625 -0.117231 -8.637283 19.365405 5.372431 -0.194158 23.701533 -3.696120 5.719162 43.456242 1.178012 7.020673 10.566583 5.689844 -5.016964 -1.815512 -16.105870 49.351501 -2.534405 -2.202652 -28.595968 14.507776 -6.620650 30.044851
0.005762 0.916192 -0.037495 0.534956 -1.026787 -5.954981 -0.586432 -10.957513 -0.959680 0.352720 -2.153597 19.948413 -1.213121 14.526510 -8.425402 2.307497 -0.830917 -2.544568 5.299053 14.713780 5.858371 -0.764215 2.026281 12.999300 -2.480472 -19.275905 -10.469582 -3.614210 2.039565 2.118097 -1.058616 0.325550 1.348468 1.335135 3.421668 -2.489376 0.374171 0.335747 5.708943 -1.348489 4.765227 -1.560139 1.338174 -0.256662 -11.374940 -10.134277 -6.577675 6.872416 -75.652118 8.998046 9.314541 7.980945 -21.002979 -6.692686 -16.926237 14.212267 -29.467888 -33.069437 -18.152277 -21.722575 -28.530639 -6.644358 -10.884674 -3.826775 -4.206650 -21.059126 -36.115008 -7.085308 -6.107878 -35.336742 -8.344426 -15.319158 -20.791002 -9.228273 -8.527080 -30.449810 1.026286 -7.210100 -40.474625 0.117229 -8.637283 -19.365405 -5.372419 -0.194158 -23.701533 3.696132 5.719162 -43.456242 -1.178000 7.020673 -10.566583 -5.689846 -5.016964 1.815512 16.105875 49.351501 2.534405 2.202657 -28.595968 -14.507776 6.620655 30.044851 8.471011 -2.732695 4.038011 68.058641 0.956249 27.404669 -7.427933 15.359575 4.963541 22.946825 -12.611887 -26.613892 33.069437 18.152275 -21.722575 28.530639 6.644356 -10.884674 3.826775 4.206655 -21.059126 36.115008 7.085306 -6.107878 35.336742 8.344431 -15.319158 20.791002 9.228278 -8.527080 30.449810 -1.026281 -7.210100 40.474625 -0.117231 -8.637283 19.365405 5.372431 -0.194158 23.701533 -3.696120 5.719162 43.456242 1.178012 7.020673 10.566583 5.689844 -5.016964 -1.815512 -16.105870 49.351501 -2.534405 -2.202652 -28.595968 14.507776 -6.620650 30.044851
0.007842 0.915133 -0.037112 0.620568 -0.631660 -6.230180 -0.865310 -11.125529 -0.864767 0.348377 -2.186908 20.386827 -1.223457 14.520302 -8.787100 2.362013 -0.832345 -2.608515 5.291724 14.574294 5.762837 -0.764275 2.027797 13.929407 -2.392740 -19.620146 -10.876248 -3.638827 2.062173 2.015817 -1.126927 0.285300 1.438335 1.382162 3.328627 -2.515380 0.369460 0.259311 5.845580 -1.279836 4.757584 -1.433781 1.293843 -0.321638 -11.402687 -10.341496 -6.758217 6.746024 -74.770600 8.350196 10.118638 7.906652 -21.718531 -6.088839 -16.678743 14.062611 -29.378908 -33.069437 -18.152277 -21.722575 -28.530639 -6.644358 -10.884674 -3.826775 -4.206650 -21.059126 -36.115008 -7.085308 -6.107878 -35.336742 -8.344426 -15.319158 -20.791002 -9.228273 -8.527080 -30.449810 1.026286 -7.210100 -40.474625 0.117229 -8.637283 -19.365405 -5.372419 -0.194158 -23.701533 3.696132 5.719162 -43.456242 -1.178000 7.020673 -10.566583 -5.689846 -5.016964 1.815512 16.105875 49.351501 2.534405 2.202657 -28.595968 -14.507776 6.620655 30.044851 8.598165 -2.826412 3.920406 67.785714 1.294883 27.296270 -7.437412 15.119753 4.798831 22.847992 -12.657909 -26.827981 33.069437 18.152275 -21.722575 28.530639 6.644356 -10.884674 3.826775 4.206655 -21.059126 36.115008 7.085306 -6.107878 35.336742 8.344431 -15.319158 20.791002 9.228278 -8.527080 30.449810 -1.026281 -7.210100 40.474625 -0.117231 -8.637283 19.365405 5.372431 -0.194158 23.701533 -3.696120 5.719162 43.456242 1.178012 7.020673 10.566583 5.689844 -5.016964 -1.815512 -16.105870 49.351501 -2.534405 -2.202652 -28.595968 14.507776 -6.620650 30.044851
0.009360 0.913891 -0.036910 0.717412 -0.283963 -6.537778 -1.158681 -11.271647 -0.750527 0.346420 -2.197133 20.852376 -1.237723 14.527972 -9.152419 2.410396 -0.832611 -2.695373 5.233967 14.303580 5.626676 -0.749753 2.030713 14.991972 -2.250685 -19.820790 -11.294928 -3.666084 2.083087 1.896283 -1.199877 0.242952 1.525638 1.432943 3.225423 -2.541346 0.360751 0.181870 6.032678 -1.255901 4.767475 -1.307667 1.251080 -0.404379 -11.438796 -10.523398 -6.923822 6.575335 -73.796820 7.581260 10.852573 7.817741 -22.436800 -5.445087 -16.421950 13.846155 -29.411881 -33.069437 -18.152277 -21.722575 -28.530639 -6.644358 -10.884674 -3.826775 -4.206650 -21.059126 -36.115008 -7.085308 -6.107878 -35.336742 -8.344426 -15.319158 -20.791002 -9.228273 -8.527080 -30.449810 1.026286 -7.210100 -40.474625 0.117229 -8.637283 -19.365405 -5.372419 -0.194158 -23.701533 3.696132 5.719162 -43.456242 -1.178000 7.020673 -10.566583 -5.689846 -5.016964 1.815512 16.105875 49.351501 2.534405 2.202657 -28.595968 -14.507776 6.620655 30.044851 8.766036 -2.896824 3.789044 67.565891 1.722050 27.154908 -7.469913 14.900518 4.474605 22.721724 -12.582797 -27.104506 33.069437 18.152275 -21.722575 28.530639 6.644356 -10.884674 3.826775 4.206655 -21.059126 36.115008 7.085306 -6.107878 35.336742 8.344431 -15.319158 20.791002 9.228278 -8.527080 30.449810 -1.026281 -7.210100 40.474625 -0.117231 -8.637283 19.365405 5.372431 -0.194158 23.701533 -3.696120 5.719162 43.456242 1.178012 7.020673 10.566583 5.689844 -5.016964 -1.815512 -16.105870 49.351501 -2.534405 -2.202652 -28.595968 14.507776 -6.620650 30.044851
0.010292 0.912769 -0.036918 0.830004 -0.006063 -6.859169 -1.468847 -11.376012 -0.597532 0.353584 -2.189988 21.281423 -1.261939 14.545444 -9.497912 2.452047 -0.826642 -2.783260 5.127350 13.985559 5.473661 -0.726829 2.028398 16.065257 -2.113747 -19.914493 -11.691665 -3.681726 2.092574 1.771742 -1.263224 0.204956 1.596602 1.470486 3.131057 -2.564789 0.342556 0.114914 6.234018 -1.257349 4.780739 -1.176595 1.199144 -0.475795 -11.462663 -10.648508 -7.054593 6.370472 -72.857846 6.773201 11.398493 7.735760 -23.115564 -4.880399 -16.171793 13.629884 -29.570464 -33.069437 -18.152277 -21.722575 -28.530639 -6.644358 -10.884674 -3.826775 -4.206650 -21.059126 -36.115008 -7.085308 -6.107878 -35.336742 -8.344426 -15.319158 -20.791002 -9.228273 -8.527080 -30.449810 1.026286 -7.210100 -40.474625 0.117229 -8.637283 -19.365405 -5.372419 -0.194158 -23.701533 3.696132 5.719162 -43.456242 -1.178000 7.020673 -10.566583 -5.689846 -5.016964 1.815512 16.105875 49.351501 2.534405 2.202657 -28.595968 -14.507776 6.620655 30.044851 8.946475 -2.953795 3.669324 67.408325 2.201482 26.996031 -7.511559 14.723042 4.167845 22.527478 -12.401415 -27.331277 33.069437 18.152275 -21.722575 28.530639 6.644356 -10.884674 3.826775 4.206655 -21.059126 36.115008 7.085306 -6.107878 35.336742 8.344431 -15.319158 20.791002 9.228278 -8.527080 30.449810 -1.026281 -7.210100 40.474625 -0.117231 -8.637283 19.365405 5.372431 -0.194158 23.701533 -3.696120 5.719162 43.456242 1.178012 7.020673 10.566583 5.689844 -5.016964 -1.815512 -16.105870 49.351501 -2.534405 -2.202652 -28.595968 14.507776 -6.620650 30.044851
0.010786 0.911720 -0.036432 0.956711 0.196063 -7.192052 -1.781220 -11.407684 -0.377603 0.372916 -2.174409 21.634124 -1.299795 14.560060 -9.813978 2.480875 -0.818978 -2.862797 4.998750 13.718137 5.341067 -0.702511 2.022702 17.065180 -2.013842 -19.964292 -12.049787 -3.694165 2.093128 1.650434 -1.313196 0.168742 1.670859 1.484283 3.053213 -2.594163 0.311059 0.055990 6.421168 -1.265188 4.801523 -1.021886 1.137426 -0.510834 -11.461909 -10.717857 -7.173438 6.145264 -72.035287 5.967962 11.677130 7.671188 -23.738778 -4.455704 -15.890613 13.499380 -29.842237 -33.069437 -18.152277 -21.722575 -28.530639 -6.644358 -10.884674 -3.826775 -4.206650 -21.059126 -36.115008 -7.085308 -6.107878 -35.336742 -8.344426 -15.319158 -20.791002 -9.228273 -8.527080 -30.449810 1.026286 -7.210100 -40.474625 0.117229 -8.637283 -19.365405 -5.372419 -0.194158 -23.701533 3.696132 5.719162 -43.456242 -1.178000 7.020673 -10.566583 -5.689846 -5.016964 1.815512 16.105875 49.351501 2.534405 2.202657 -28.595968 -14.507776 6.620655 30.044851 9.108580 -3.008026 3.578011 67.340481 2.681098 26.821217 -7.549204 14.581808 3.944323 22.261578 -12.108400 -27.475949 33.069437 18.152275 -21.722575 28.530639 6.644356 -10.884674 3.826775 4.206655 -21.059126 36.115008 7.085306 -6.107878 35.336742 8.344431 -15.319158 20.791002 9.228278 -8.527080 30.449810 -1.026281 -7.210100 40.474625 -0.117231 -8.637283 19.365405 5.372431 -0.194158 23.701533 -3.696120 5.719162 43.456242 1.178012 7.020673 10.566583 5.689844 -5.016964 -1.815512 -16.105870 49.351501 -2.534405 -2.202652 -28.595968 14.507776 -6.620650 30.044851
0.011131 0.910876 -0.035851 1.096696 0.316056 -7.508162 -2.066820 -11.367966 -0.124418 0.393455 -2.152805 21.907951 -1.343767 14.540519 -10.080984 2.508927 -0.821000 -2.932586 4.879617 13.578501 5.267939 -0.681619 2.017688 17.934531 -1.950646 -20.028667 -12.344706 -3.704958 2.092226 1.549767 -1.348354 0.131135 1.744787 1.473614 2.989385 -2.638647 0.267256 0.002680 6.569162 -1.274747 4.854717 -0.836932 1.082262 -0.521899 -11.432426 -10.759150 -7.315636 5.919306 -71.354044 5.216034 11.683752 7.630103 -24.281136 -4.152523 -15.569498 13.495630 -30.147618 -33.069437 -18.152277 -21.722575 -28.530639 -6.644358 -10.884674 -3.826775 -4.206650 -21.059126 -36.115008 -7.085308 -6.107878 -35.336742 -8.344426 -15.319158 -20.791002 -9.228273 -8.527080 -30.449810 1.026286 -7.210100 -40.474625 0.117229 -8.637283 -19.365405 -5.372419 -0.194158 -23.701533 3.696132 5.719162 -43.456242 -1.178000 7.020673 -10.566583 -5.689846 -5.016964 1.815512 16.105875 49.351501 2.534405 2.202657 -28.595968 -14.507776 6.620655 30.044851 9.238551 -3.024221 3.524340 67.354401 3.101079 26.683778 -7.582308 14.498643 3.838313 21.980286 -11.768311 -27.531779 33.069437 18.152275 -21.722575 28.530639 6.644356 -10.884674 3.826775 4.206655 -21.059126 36.115008 7.085306 -6.107878 35.336742 8.344431 -15.319158 20.791002 9.228278 -8.527080 30.449810 -1.026281 -7.210100 40.474625 -0.117231 -8.637283 19.365405 5.372431 -0.194158 23.701533 -3.696120 5.719162 43.456242 1.178012 7.020673 10.566583 5.689844 -5.016964 -1.815512 -16.105870 49.351501 -2.534405 -2.202652 -28.595968 14.507776 -6.620650 30.044851
0.011755 0.910297 -0.035641 1.234345 0.371606 -7.774165 -2.300695 -11.298688 0.108500 0.406023 -2.129473 22.114626 -1.382107 14.481957 -10.277983 2.541310 -0.827079 -2.995829 4.779359 13.539930 5.221131 -0.664821 2.003857 18.646867 -1.900908 -20.097870 -12.575073 -3.704890 2.097793 1.474688 -1.371237 0.095270 1.799074 1.453199 2.936335 -2.689286 0.221388 -0.043895 6.674910 -1.297933 4.946842 -0.644290 1.048177 -0.523327 -11.393497 -10.813609 -7.471610 5.713205 -70.778272 4.559188 11.513633 7.619754 -24.754714 -3.891163 -15.250562 13.588746 -30.404741 -33.069437 -18.152277 -21.722575 -28.530639 -6.644358 -10.884674 -3.826775 -4.206650 -21.059126 -36.115008 -7.085308 -6.107878 -35.336742 -8.344426 -15.319158 -20.791002 -9.228273 -8.527080 -30.449810 1.026286 -7.210100 -40.474625 0.117229 -8.637283 -19.365405 -5.372419 -0.194158 -23.701533 3.696132 5.719162 -43.456242 -1.178000 7.020673 -10.566583 -5.689846 -5.016964 1.815512 16.105875 49.351501 2.534405 2.202657 -28.595968 -14.507776 6.620655 30.044851 9.362614 -2.996142 3.504487 67.398305 3.430287 26.649368 -7.618140 14.486984 3.864174 21.776694 -11.488383 -27.511980 33.069437 18.152275 -21.722575 28.530639 6.644356 -10.884674 3.826775 4.206655 -21.059126 36.115008 7.085306 -6.107878 35.336742 8.344431 -15.319158 20.791002 9.228278 -8.527080 30.449810 -1.026281 -7.210100 40.474625 -0.117231 -8.637283 19.365405 5.372431 -0.194158 23.701533 -3.696120 5.719162 43.456242 1.178012 7.020673 10.566583 5.689844 -5.016964 -1.815512 -16.105870 49.351501 -2.534405 -2.202652 -28.595968 14.507776 -6.620650 30.044851
0.012373 0.909780 -0.034708 1.350138 0.382507 -7.971115 -2.477185 -11.235686 0.301410 0.407625 -2.105233 22.238123 -1.400329 14.393602 -10.398507 2.564551 -0.822427 -3.071454 4.688834 13.518682 5.159717 -0.652074 1.986037 19.212940 -1.835701 -20.134282 -12.743815 -3.710403 2.113003 1.406186 -1.388746 0.064350 1.827517 1.445289 2.896993 -2.744815 0.186237 -0.079904 6.765909 -1.352778 5.053673 -0.490101 1.043107 -0.518696 -11.380097 -10.916393 -7.631067 5.519466 -70.270530 3.991422 11.268309 7.642517 -25.178991 -3.617467 -14.908701 13.709299 -30.590054 -33.069437 -18.152277 -21.722575 -28.530639 -6.644358 -10.884674 -3.826775 -4.206650 -21.059126 -36.115008 -7.085308 -6.107878 -35.336742 -8.344426 -15.319158 -20.791002 -9.228273 -8.527080 -30.449810 1.026286 -7.210100 -40.474625 0.117229 -8.637283 -19.365405 -5.372419 -0.194158 -23.701533 3.696132 5.719162 -43.456242 -1.178000 7.020673 -10.566583 -5.689846 -5.016964 1.815512 16.105875 49.351501 2.534405 2.202657 -28.595968 -14.507776 6.620655 30.044851 9.493643 -2.966410 3.503201 67.426658 3.685334 26.748237 -7.652472 14.527712 3.992037 21.686097 -11.284419 -27.455424 33.069437 18.152275 -21.722575 28.530639 6.644356 -10.884674 3.826775 4.206655 -21.059126 36.115008 7.085306 -6.107878 35.336742 8.344431 -15.319158 20.791002 9.228278 -8.527080 30.449810 -1.026281 -7.210100 40.474625 -0.117231 -8.637283 19.365405 5.372431 -0.194158 23.701533 -3.696120 5.719162 43.456242 1.178012 7.020673 10.566583 5.689844 -5.016964 -1.815512 -16.105870 49.351501 -2.534405 -2.202652 -28.595968 14.507776 -6.620650 30.044851
0.012951 0.909614 -0.034243 1.442966 0.356333 -8.085815 -2.600702 -11.191754 0.437967 0.400670 -2.073663 22.266256 -1.398413 14.291060 -10.438579 2.573046 -0.805243 -3.167471 4.597316 13.481348 5.082610 -0.643311 1.972991 19.650652 -1.747018 -20.139370 -12.852723 -3.732269 2.133098 1.331891 -1.401357 0.038614 1.832248 1.458478 2.873286 -2.820498 0.166169 -0.099657 6.875888 -1.447161 5.148770 -0.418740 1.065364 -0.521059 -11.418855 -11.070777 -7.774952 5.323851 -69.828699 3.512106 11.020172 7.677494 -25.543600 -3.316128 -14.549283 13.798931 -30.737661 -33.069437 -18.152277 -21.722575 -28.530639 -6.644358 -10.884674 -3.826775 -4.206650 -21.059126 -36.115008 -7.085308 -6.107878 -35.336742 -8.344426 -15.319158 -20.791002 -9.228273 -8.527080 -30.449810 1.026286 -7.210100 -40.474625 0.117229 -8.637283 -19.365405 -5.372419 -0.194158 -23.701533 3.696132 5.719162 -43.456242 -1.178000 7.020673 -10.566583 -5.689846 -5.016964 1.815512 16.105875 49.351501 2.534405 2.202657 -28.595968 -14.507776 6.620655 30.044851 9.630012 -2.978158 3.503363 67.435551 3.893934 27.005069 -7.677227 14.581589 4.186258 21.679992 -11.144278 -27.380342 33.069437 18.152275 -21.722575 28.530639 6.644356 -10.884674 3.826775 4.206655 -21.059126 36.115008 7.085306 -6.107878 35.336742 8.344431 -15.319158 20.791002 9.228278 -8.527080 30.449810 -1.026281 -7.210100 40.474625 -0.117231 -8.637283 19.365405 5.372431 -0.194158 23.701533 -3.696120 5.719162 43.456242 1.178012 7.020673 10.566583 5.689844 -5.016964 -1.815512 -16.105870 49.351501 -2.534405 -2.202652 -28.595968 14.507776 -6.620650 30.044851
0.013708 0.909561 -0.034471 1.525044 0.296501 -8.142942 -2.686970 -11.152740 0.543859 0.390817 -2.045605 22.203354 -1.394940 14.185383 -10.410636 2.559909 -0.786719 -3.264974 4.503012 13.445633 5.001949 -0.641532 1.963552 19.969317 -1.644631 -20.117616 -12.898201 -3.773562 2.153909 1.245510 -1.409032 0.018383 1.829476 1.482066 2.863150 -2.914474 0.158933 -0.104110 7.011023 -1.579247 5.232849 -0.453927 1.109894 -0.527438 -11.516136 -11.258675 -7.881790 5.135224 -69.462081 3.159054 10.792423 7.702164 -25.834676 -2.975966 -14.292576 13.837460 -30.905585 -33.069437 -18.152277 -21.722575 -28.530639 -6.644358 -10.884674 -3.826775 -4.206650 -21.059126 -36.115008 -7.085308 -6.107878 -35.336742 -8.344426 -15.319158 -20.791002 -9.228273 -8.527080 -30.449810 1.026286 -7.210100 -40.474625 0.117229 -8.637283 -19.365405 -5.372419 -0.194158 -23.701533 3.696132 5.719162 -43.456242 -1.178000 7.020673 -10.566583 -5.689846 -5.016964 1.815512 16.105875 49.351501 2.534405 2.202657 -28.595968 -14.507776 6.620655 30.044851 9.750455 -3.039698 3.494260 67.443678 4.053959 27.416454 -7.698282 14.607591 4.396135 21.750258 -11.065853 -27.279456 33.069437 18.152275 -21.722575 28.530639 6.644356 -10.884674 3.826775 4.206655 -21.059126 36.115008 7.085306 -6.107878 35.336742 8.344431 -15.319158 20.791002 9.228278 -8.527080 30.449810 -1.026281 -7.210100 40.474625 -0.117231 -8.637283 19.365405 5.372431 -0.194158 23.701533 -3.696120 5.719162 43.456242 1.178012 7.020673 10.566583 5.689844 -5.016964 -1.815512 -16.105870 49.351501 -2.534405 -2.202652 -28.595968 14.507776 -6.620650 30.044851
0.013810 0.909650 -0.034678 1.606855 0.218063 -8.166170 -2.753901 -11.104273 0.642176 0.385298 -2.029062 22.081467 -1.398602 14.087664 -10.345389 2.533473 -0.771918 -3.361551 4.402837 13.427881 4.895251 -0.643085 1.952494 20.215786 -1.534788 -20.073001 -12.893481 -3.836013 2.176620 1.134439 -1.417620 0.003780 1.819856 1.507264 2.859618 -2.998542 0.159339 -0.098899 7.158246 -1.740365 5.319374 -0.567369 1.165322 -0.520492 -11.652740 -11.458628 -7.956519 4.971325 -69.173028 2.933309 10.577187 7.717357 -26.050865 -2.594750 -14.212632 13.816963 -31.116207 -33.069437 -18.152277 -21.722575 -28.530639 -6.644358 -10.884674 -3.826775 -4.206650 -21.059126 -36.115008 -7.085308 -6.107878 -35.336742 -8.344426 -15.319158 -20.791002 -9.228273 -8.527080 -30.449810 1.026286 -7.210100 -40.474625 0.117229 -8.637283 -19.365405 -5.372419 -0.194158 -23.701533 3.696132 5.719162 -43.456242 -1.178000 7.020673 -10.566583 -5.689846 -5.016964 1.815512 16.105875 49.351501 2.534405 2.202657 -28.595968 -14.507776 6.620655 30.044851 9.836933 -3.117562 3.475131 67.447175 4.156569 27.903737 -7.726551 14.598965 4.565771 21.892809 -11.032577 -27.163556 33.069437 18.152275 -21.722575 28.530639 6.644356 -10.884674 3.826775 4.206655 -21.059126 36.115008 7.085306 -6.107878 35.336742 8.344431 -15.319158 20.791002 9.228278 -8.527080 30.449810 -1.026281 -7.210100 40.474625 -0.117231 -8.637283 19.365405 5.372431 -0.194158 23.701533 -3.696120 5.719162 43.456242 1.178012 7.020673 10.566583 5.689844 -5.016964 -1.815512 -16.105870 49.351501 -2.534405 -2.202652 -28.595968 14.507776 -6.620650 30.044851
0.013872 0.909901 -0.034924 1.688253 0.137392 -8.162210 -2.815288 -11.057964 0.714065 0.393313 -2.020477 21.934789 -1.402176 14.004404 -10.265716 2.507111 -0.762035 -3.457346 4.293230 13.425907 4.738950 -0.640170 1.941552 20.438264 -1.426244 -20.023243 -12.860619 -3.907439 2.197828 0.995974 -1.431164 -0.008904 1.800348 1.532153 2.856087 -3.054364 0.162665 -0.089111 7.315368 -1.910452 5.404123 -0.714021 1.223715 -0.508348 -11.798322 -11.656743 -8.008183 4.825584 -68.942461 2.788455 10.352367 7.727701 -26.200146 -2.150163 -14.307840 13.745724 -31.355851 -33.069437 -18.152277 -21.722575 -28.530639 -6.644358 -10.884674 -3.826775 -4.206650 -21.059126 -36.115008 -7.085308 -6.107878 -35.336742 -8.344426 -15.319158 -20.791002 -9.228273 -8.527080 -30.449810 1.026286 -7.210100 -40.474625 0.117229 -8.637283 -19.365405 -5.372419 -0.194158 -23.701533 3.696132 5.719162 -43.456242 -1.178000 7.020673 -10.566583 -5.689846 -5.016964 1.815512 16.105875 49.351501 2.534405 2.202657 -28.595968 -14.507776 6.620655 30.044851 9.886625 -3.185850 3.451553 67.424772 4.204066 28.390497 -7.761038 14.593665 4.692724 22.086376 -11.029366 -27.060803 33.069437 18.152275 -21.722575 28.530639 6.644356 -10.884674 3.826775 4.206655 -21.059126 36.115008 7.085306 -6.107878 35.336742 8.344431 -15.319158 20.791002 9.228278 -8.527080 30.449810 -1.026281 -7.210100 40.474625 -0.117231 -8.637283 19.365405 5.372431 -0.194158 23.701533 -3.696120 5.719162 43.456242 1.178012 7.020673 10.566583 5.689844 -5.016964 -1.815512 -16.105870 49.351501 -2.534405 -2.202652 -28.595968 14.507776 -6.620650 30.044851
0.013838 0.910116 -0.034742 1.764680 0.073345 -8.147891 -2.877194 -11.027153 0.760555 0.405497 -2.016160 21.786893 -1.405954 13.933909 -10.181678 2.475408 -0.756209 -3.543137 4.190276 13.419583 4.552145 -0.634361 1.936423 20.674272 -1.327707 -19.992330 -12.812052 -3.974277 2.212560 0.854826 -1.448197 -0.023712 1.787967 1.555634 2.847857 -3.077096 0.166179 -0.080785 7.486592 -2.069737 5.476435 -0.856255 1.278166 -0.505431 -11.936065 -11.841213 -8.046759 4.700035 -68.741961 2.679274 10.105337 7.730077 -26.283023 -1.607181 -14.563609 13.644105 -31.606816 -33.069437 -18.152277 -21.722575 -28.530639 -6.644358 -10.884674 -3.826775 -4.206650 -21.059126 -36.115008 -7.085308 -6.107878 -35.336742 -8.344426 -15.319158 -20.791002 -9.228273 -8.527080 -30.449810 1.026286 -7.210100 -40.474625 0.117229 -8.637283 -19.365405 -5.372419 -0.194158 -23.701533 3.696132 5.719162 -43.456242 -1.178000 7.020673 -10.566583 -5.689846 -5.016964 1.815512 16.105875 49.351501 2.534405 2.202657 -28.595968 -14.507776 6.620655 30.044851 9.890034 -3.238047 3.424921 67.371401 4.215602 28.829723 -7.796273 14.620794 4.812125 22.311651 -11.040404 -26.979765 33.069437 18.152275 -21.722575 28.530639 6.644356 -10.884674 3.826775 4.206655 -21.059126 36.115008 7.085306 -6.107878 35.336742 8.344431 -15.319158 20.791002 9.228278 -8.527080 30.449810 -1.026281 -7.210100 40.474625 -0.117231 -8.637283 19.365405 5.372431 -0.194158 23.701533 -3.696120 5.719162 43.456242 1.178012 7.020673 10.566583 5.689844 -5.016964 -1.815512 -16.105870 49.351501 -2.534405 -2.202652 -28.595968 14.507776 -6.620650 30.044851
0.013815 0.910205 -0.035265 1.831277 0.055935 -8.135047 -2.929799 -11.007052 0.783665 0.406003 -2.017123 21.653738 -1.413535 13.879459 -10.097706 2.446412 -0.751667 -3.622512 4.117690 13.400274 4.376785 -0.630100 1.943553 20.912982 -1.251186 -19.997692 -12.761954 -4.028423 2.221644 0.740267 -1.469425 -0.041901 1.792654 1.571801 2.827134 -3.064547 0.166742 -0.081775 7.668156 -2.195493 5.539354 -0.979046 1.327805 -0.503703 -12.054581 -11.986122 -8.065023 4.607471 -68.570127 2.619592 9.850598 7.712822 -26.307482 -1.015238 -14.967661 13.520758 -31.871015 -33.069437 -18.152277 -21.722575 -28.530639 -6.644358 -10.884674 -3.826775 -4.206650 -21.059126 -36.115008 -7.085308 -6.107878 -35.336742 -8.344426 -15.319158 -20.791002 -9.228273 -8.527080 -30.449810 1.026286 -7.210100 -40.474625 0.117229 -8.637283 -19.365405 -5.372419 -0.194158 -23.701533 3.696132 5.719162 -43.456242 -1.178000 7.020673 -10.566583 -5.689846 -5.016964 1.815512 16.105875 49.351501 2.534405 2.202657 -28.595968 -14.507776 6.620655 30.044851 9.850086 -3.302292 3.380647 67.284009 4.187066 29.135340 -7.823130 14.647787 4.968787 22.523276 -11.047774 -26.918011 33.069437 18.152275 -21.722575 28.530639 6.644356 -10.884674 3.826775 4.206655 -21.059126 36.115008 7.085306 -6.107878 35.336742 8.344431 -15.319158 20.791002 9.228278 -8.527080 30.449810 -1.026281 -7.210100 40.474625 -0.117231 -8.637283 19.365405 5.372431 -0.194158 23.701533 -3.696120 5.719162 43.456242 1.178012 7.020673 10.566583 5.689844 -5.016964 -1.815512 -16.105870 49.351501 -2.534405 -2.202652 -28.595968 14.507776 -6.620650 30.044851
0.014057 0.910299 -0.035747 1.884847 0.100645 -8.126962 -2.962734 -10.998036 0.783633 0.395118 -2.035353 21.550702 -1.412955 13.844755 -10.009834 2.430459 -0.752117 -3.698552 4.086012 13.374797 4.246574 -0.621767 1.962493 21.117251 -1.209004 -20.052190 -12.716195 -4.067826 2.228563 0.678142 -1.492833 -0.063819 1.817956 1.572479 2.785613 -3.034789 0.160243 -0.104090 7.856411 -2.257789 5.604617 -1.082159 1.362055 -0.492440 -12.142609 -12.074396 -8.048979 4.546782 -68.426126 2.644645 9.631619 7.670197 -26.264001 -0.464313 -15.497067 13.373547 -32.177622 -33.069437 -18.152277 -21.722575 -28.530639 -6.644358 -10.884674 -3.826775 -4.206650 -21.059126 -36.115008 -7.085308 -6.107878 -35.336742 -8.344426 -15.319158 -20.791002 -9.228273 -8.527080 -30.449810 1.026286 -7.210100 -40.474625 0.117229 -8.637283 -19.365405 -5.372419 -0.194158 -23.701533 3.696132 5.719162 -43.456242 -1.178000 7.020673 -10.566583 -5.689846 -5.016964 1.815512 16.105875 49.351501 2.534405 2.202657 -28.595968 -14.507776 6.620655 30.044851 9.797690 -3.416110 3.307165 67.126819 4.096702 29.187618 -7.838378 14.630097 5.204081 22.666036 -11.049037 -26.890832 33.069437 18.152275 -21.722575 28.530639 6.644356 -10.884674 3.826775 4.206655 -21.059126 36.115008 7.085306 -6.107878 35.336742 8.344431 -15.319158 20.791002 9.228278 -8.527080 30.449810 -1.026281 -7.210100 40.474625 -0.117231 -8.637283 19.365405 5.372431 -0.194158 23.701533 -3.696120 5.719162 43.456242 1.178012 7.020673 10.566583 5.689844 -5.016964 -1.815512 -16.105870 49.351501 -2.534405 -2.202652 -28.595968 14.507776 -6.620650 30.044851
0.014397 0.910304 -0.036888 1.918223 0.197969 -8.121600 -2.976993 -11.020965 0.762264 0.390158 -2.059040 21.480480 -1.394823 13.833833 -9.923191 2.422297 -0.757336 -3.754977 4.105525 13.378171 4.187999 -0.613860 1.980505 21.232019 -1.216618 -20.181062 -12.662639 -4.091067 2.228639 0.698020 -1.508465 -0.086167 1.852831 1.553054 2.729319 -3.005663 0.145296 -0.149763 8.029763 -2.252605 5.662038 -1.154113 1.361468 -0.474006 -12.195325 -12.105327 -7.981415 4.524046 -68.308585 2.770314 9.469118 7.603954 -26.146419 -0.048485 -16.059762 13.192820 -32.504116 -33.069437 -18.152277 -21.722575 -28.530639 -6.644358 -10.884674 -3.826775 -4.206650 -21.059126 -36.115008 -7.085308 -6.107878 -35.336742 -8.344426 -15.319158 -20.791002 -9.228273 -8.527080 -30.449810 1.026286 -7.210100 -40.474625 0.117229 -8.637283 -19.365405 -5.372419 -0.194158 -23.701533 3.696132 5.719162 -43.456242 -1.178000 7.020673 -10.566583 -5.689846 -5.016964 1.815512 16.105875 49.351501 2.534405 2.202657 -28.595968 -14.507776 6.620655 30.044851 9.768020 -3.612744 3.213028 66.860954 3.899863 28.863150 -7.849504 14.550061 5.448952 22.673882 -11.028642 -26.923547 33.069437 18.152275 -21.722575 28.530639 6.644356 -10.884674 3.826775 4.206655 -21.059126 36.115008 7.085306 -6.107878 35.336742 8.344431 -15.319158 20.791002 9.228278 -8.527080 30.449810 -1.026281 -7.210100 40.474625 -0.117231 -8.637283 19.365405 5.372431 -0.194158 23.701533 -3.696120 5.719162 43.456242 1.178012 7.020673 10.566583 5.689844 -5.016964 -1.815512 -16.105870 49.351501 -2.534405 -2.202652 -28.595968 14.507776 -6.620650 30.044851
0.014656 0.910435 -0.038083 1.927120 0.334101 -8.098173 -2.968912 -11.090524 0.726884 0.393409 -2.066929 21.418105 -1.374261 13.838458 -9.846595 2.408924 -0.763442 -3.792095 4.177698 13.444438 4.197211 -0.616913 1.989910 21.215642 -1.273723 -20.401697 -12.599022 -4.100500 2.218748 0.800616 -1.511784 -0.097649 1.873979 1.515351 2.680107 -2.967493 0.127527 -0.202827 8.148906 -2.210730 5.690165 -1.183924 1.331769 -0.468296 -12.214282 -12.091299 -7.858007 4.535678 -68.232934 2.998729 9.322512 7.530716 -25.980200 0.174395 -16.569868 12.999089 -32.762949 -33.069437 -18.152277 -21.722575 -28.530639 -6.644358 -10.884674 -3.826775 -4.206650 -21.059126 -36.115008 -7.085308 -6.107878 -35.336742 -8.344426 -15.319158 -20.791002 -9.228273 -8.527080 -30.449810 1.026286 -7.210100 -40.474625 0.117229 -8.637283 -19.365405 -5.372419 -0.194158 -23.701533 3.696132 5.719162 -43.456242 -1.178000 7.020673 -10.566583 -5.689846 -5.016964 1.815512 16.105875 49.351501 2.534405 2.202657 -28.595968 -14.507776 6.620655 30.044851 9.783920 -3.893383 3.115622 66.518768 3.533683 28.131242 -7.862935 14.392522 5.548190 22.533506 -10.949474 -27.051284 33.069437 18.152275 -21.722575 28.530639 6.644356 -10.884674 3.826775 4.206655 -21.059126 36.115008 7.085306 -6.107878 35.336742 8.344431 -15.319158 20.791002 9.228278 -8.527080 30.449810 -1.026281 -7.210100 40.474625 -0.117231 -8.637283 19.365405 5.372431 -0.194158 23.701533 -3.696120 5.719162 43.456242 1.178012 7.020673 10.566583 5.689844 -5.016964 -1.815512 -16.105870 49.351501 -2.534405 -2.202652 -28.595968 14.507776 -6.620650 30.044851
0.014416 0.910605 -0.038917 1.915694 0.485335 -8.032769 -2.931965 -11.196795 0.686506 0.393971 -2.061820 21.329827 -1.352113 13.842562 -9.752463 2.382682 -0.765539 -3.818997 4.284979 13.551392 4.241577 -0.627763 2.003454 21.089741 -1.358111 -20.692370 -12.515866 -4.109566 2.201250 0.937274 -1.507771 -0.093496 1.872203 1.473279 2.655348 -2.912356 0.112835 -0.251410 8.199759 -2.165739 5.692344 -1.184276 1.300926 -0.493445 -12.219437 -12.046515 -7.679760 4.568352 -68.215654 3.307767 9.160957 7.474057 -25.769775 0.230133 -16.989160 12.849808 -32.888935 -33.069437 -18.152277 -21.722575 -28.530639 -6.644358 -10.884674 -3.826775 -4.206650 -21.059126 -36.115008 -7.085308 -6.107878 -35.336742 -8.344426 -15.319158 -20.791002 -9.228273 -8.527080 -30.449810 1.026286 -7.210100 -40.474625 0.117229 -8.637283 -19.365405 -5.372419 -0.194158 -23.701533 3.696132 5.719162 -43.456242 -1.178000 7.020673 -10.566583 -5.689846 -5.016964 1.815512 16.105875 49.351501 2.534405 2.202657 -28.595968 -14.507776 6.620655 30.044851 9.837112 -4.209136 3.018135 66.172287 2.977965 27.095113 -7.878236 14.164544 5.458430 22.313437 -10.803547 -27.276881 33.069437 18.152275 -21.722575 28.530639 6.644356 -10.884674 3.826775 4.206655 -21.059126 36.115008 7.085306 -6.107878 35.336742 8.344431 -15.319158 20.791002 9.228278 -8.527080 30.449810 -1.026281 -7.210100 40.474625 -0.117231 -8.637283 19.365405 5.372431 -0.194158 23.701533 -3.696120 5.719162 43.456242 1.178012 7.020673 10.566583 5.689844 -5.016964 -1.815512 -16.105870 49.351501 -2.534405 -2.202652 -28.595968 14.507776 -6.620650 30.044851
0.013656 0.910872 -0.039824 1.895623 0.636180 -7.924399 -2.873935 -11.334799 0.635155 0.387666 -2.056841 21.213256 -1.321868 13.854529 -9.625138 2.346966 -0.758777 -3.838127 4.411709 13.663605 4.293940 -0.640669 2.029668 20.892842 -1.453647 -21.007303 -12.407059 -4.118336 2.177002 1.075218 -1.500842 -0.080737 1.856066 1.434136 2.655327 -2.842985 0.100982 -0.290800 8.191884 -2.142231 5.685110 -1.166691 1.295550 -0.551269 -12.217153 -11.972203 -7.457382 4.615923 -68.280411 3.684056 8.984253 7.454948 -25.500031 0.139818 -17.247590 12.788227 -32.855942 -33.069437 -18.152277 -21.722575 -28.530639 -6.644358 -10.884674 -3.826775 -4.206650 -21.059126 -36.115008 -7.085308 -6.107878 -35.336742 -8.344426 -15.319158 -20.791002 -9.228273 -8.527080 -30.449810 1.026286 -7.210100 -40.474625 0.117229 -8.637283 -19.365405 -5.372419 -0.194158 -23.701533 3.696132 5.719162 -43.456242 -1.178000 7.020673 -10.566583 -5.689846 -5.016964 1.815512 16.105875 49.351501 2.534405 2.202657 -28.595968 -14.507776 6.620655 30.044851 9.893050 -4.513011 2.918307 65.874436 2.256506 25.893946 -7.907759 13.899062 5.212354 22.089728 -10.596715 -27.573650 33.069437 18.152275 -21.722575 28.530639 6.644356 -10.884674 3.826775 4.206655 -21.059126 36.115008 7.085306 -6.107878 35.336742 8.344431 -15.319158 20.791002 9.228278 -8.527080 30.449810 -1.026281 -7.210100 40.474625 -0.117231 -8.637283 19.365405 5.372431 -0.194158 23.701533 -3.696120 5.719162 43.456242 1.178012 7.020673 10.566583 5.689844 -5.016964 -1.815512 -16.105870 49.351501 -2.534405 -2.202652 -28.595968 14.507776 -6.620650 30.044851
0.012903 0.911207 -0.040933 1.880014 0.759649 -7.787184 -2.801500 -11.503627 0.563634 0.377737 -2.060631 21.059645 -1.289859 13.898099 -9.477480 2.303691 -0.745526 -3.851061 4.531658 13.747855 4.327921 -0.653221 2.061661 20.651459 -1.554567 -21.277806 -12.284992 -4.122655 2.151888 1.205021 -1.488016 -0.070273 1.834710 1.392874 2.677642 -2.767265 0.088388 -0.315327 8.129370 -2.156128 5.680234 -1.145220 1.308870 -0.628013 -12.208794 -11.853280 -7.213927 4.692481 -68.475092 4.141556 8.798469 7.488810 -25.153248 -0.150461 -17.210847 12.806054 -32.626796 -33.069437 -18.152277 -21.722575 -28.530639 -6.644358 -10.884674 -3.826775 -4.206650 -21.059126 -36.115008 -7.085308 -6.107878 -35.336742 -8.344426 -15.319158 -20.791002 -9.228273 -8.527080 -30.449810 1.026286 -7.210100 -40.474625 0.117229 -8.637283 -19.365405 -5.372419 -0.194158 -23.701533 3.696132 5.719162 -43.456242 -1.178000 7.020673 -10.566583 -5.689846 -5.016964 1.815512 16.105875 49.351501 2.534405 2.202657 -28.595968 -14.507776 6.620655 30.044851 9.907542 -4.774935 2.832786 65.665029 1.395724 24.620470 -7.969519 13.620964 4.765093 21.923143 -10.341116 -27.910576 33.069437 18.152275 -21.722575 28.530639 6.644356 -10.884674 3.826775 4.206655 -21.059126 36.115008 7.085306 -6.107878 35.336742 8.344431 -15.319158 20.791002 9.228278 -8.527080 30.449810 -1.026281 -7.210100 40.474625 -0.117231 -8.637283 19.365405 5.372431 -0.194158 23.701533 -3.696120 5.719162 43.456242 1.178012 7.020673 10.566583 5.689844 -5.016964 -1.815512 -16.105870 49.351501 -2.534405 -2.202652 -28.595968 14.507776 -6.620650 30.044851
0.011990 0.911462 -0.041536 1.875797 0.840143 -7.623492 -2.718037 -11.674232 0.465593 0.369251 -2.064757 20.870370 -1.267843 13.973962 -9.326049 2.265274 -0.734113 -3.861533 4.603302 13.779677 4.312481 -0.664058 2.082725 20.402578 -1.645467 -21.420427 -12.170925 -4.121968 2.131165 1.316845 -1.466274 -0.066298 1.816360 1.349862 2.717755 -2.703899 0.070073 -0.322854 8.021387 -2.210137 5.688833 -1.139461 1.330925 -0.691875 -12.198563 -11.681248 -6.977746 4.809187 -68.801042 4.665841 8.599772 7.557916 -24.727809 -0.635461 -16.887825 12.819557 -32.275991 -33.069437 -18.152277 -21.722575 -28.530639 -6.644358 -10.884674 -3.826775 -4.206650 -21.059126 -36.115008 -7.085308 -6.107878 -35.336742 -8.344426 -15.319158 -20.791002 -9.228273 -8.527080 -30.449810 1.026286 -7.210100 -40.474625 0.117229 -8.637283 -19.365405 -5.372419 -0.194158 -23.701533 3.696132 5.719162 -43.456242 -1.178000 7.020673 -10.566583 -5.689846 -5.016964 1.815512 16.105875 49.351501 2.534405 2.202657 -28.595968 -14.507776 6.620655 30.044851 9.862342 -4.974254 2.779277 65.559769 0.452168 23.370510 -8.052484 13.344765 4.106013 21.800893 -10.085243 -28.230523 33.069437 18.152275 -21.722575 28.530639 6.644356 -10.884674 3.826775 4.206655 -21.059126 36.115008 7.085306 -6.107878 35.336742 8.344431 -15.319158 20.791002 9.228278 -8.527080 30.449810 -1.026281 -7.210100 40.474625 -0.117231 -8.637283 19.365405 5.372431 -0.194158 23.701533 -3.696120 5.719162 43.456242 1.178012 7.020673 10.566583 5.689844 -5.016964 -1.815512 -16.105870 49.351501 -2.534405 -2.202652 -28.595968 14.507776 -6.620650 30.044851
0.010855 0.911691 -0.042104 1.879556 0.876186 -7.439393 -2.624354 -11.809524 0.347906 0.360724 -2.071232 20.677901 -1.266282 14.059271 -9.185126 2.243322 -0.724237 -3.873764 4.618730 13.777594 4.244965 -0.670034 2.077487 20.170785 -1.708740 -21.414813 -12.079861 -4.114688 2.116323 1.410302 -1.440492 -0.059755 1.804532 1.312403 2.765512 -2.654843 0.046040 -0.317567 7.891058 -2.290305 5.716529 -1.155078 1.358318 -0.727939 -12.181441 -11.484814 -6.762978 4.949014 -69.211646 5.237986 8.373071 7.629256 -24.261772 -1.252081 -16.439039 12.763987 -31.947086 -33.069437 -18.152277 -21.722575 -28.530639 -6.644358 -10.884674 -3.826775 -4.206650 -21.059126 -36.115008 -7.085308 -6.107878 -35.336742 -8.344426 -15.319158 -20.791002 -9.228273 -8.527080 -30.449810 1.026286 -7.210100 -40.474625 0.117229 -8.637283 -19.365405 -5.372419 -0.194158 -23.701533 3.696132 5.719162 -43.456242 -1.178000 7.020673 -10.566583 -5.689846 -5.016964 1.815512 16.105875 49.351501 2.534405 2.202657 -28.595968 -14.507776 6.620655 30.044851 9.778172 -5.131170 2.748793 65.542468 -0.507385 22.234305 -8.142325 13.086727 3.309817 21.641198 -9.893342 -28.500180 33.069437 18.152275 -21.722575 28.530639 6.644356 -10.884674 3.826775 4.206655 -21.059126 36.115008 7.085306 -6.107878 35.336742 8.344431 -15.319158 20.791002 9.228278 -8.527080 30.449810 -1.026281 -7.210100 40.474625 -0.117231 -8.637283 19.365405 5.372431 -0.194158 23.701533 -3.696120 5.719162 43.456242 1.178012 7.020673 10.566583 5.689844 -5.016964 -1.815512 -16.105870 49.351501 -2.534405 -2.202652 -28.595968 14.507776 -6.620650 30.044851
0.009845 0.911880 -0.042207 1.882894 0.858721 -7.241685 -2.518450 -11.914395 0.212963 0.352974 -2.080842 20.492417 -1.283002 14.146957 -9.061703 2.227162 -0.712209 -3.887205 4.610947 13.775804 4.143976 -0.672978 2.071353 19.928088 -1.743130 -21.319586 -12.005649 -4.100714 2.103393 1.490575 -1.414295 -0.048451 1.784117 1.282951 2.809621 -2.597454 0.019869 -0.306495 7.751413 -2.364792 5.754362 -1.185664 1.380505 -0.753347 -12.159824 -11.301351 -6.554336 5.087725 -69.678066 5.860038 8.088249 7.711000 -23.771071 -1.966703 -15.938294 12.661718 -31.634977 -33.069437 -18.152277 -21.722575 -28.530639 -6.644358 -10.884674 -3.826775 -4.206650 -21.059126 -36.115008 -7.085308 -6.107878 -35.336742 -8.344426 -15.319158 -20.791002 -9.228273 -8.527080 -30.449810 1.026286 -7.210100 -40.474625 0.117229 -8.637283 -19.365405 -5.372419 -0.194158 -23.701533 3.696132 5.719162 -43.456242 -1.178000 7.020673 -10.566583 -5.689846 -5.016964 1.815512 16.105875 49.351501 2.534405 2.202657 -28.595968 -14.507776 6.620655 30.044851 9.682150 -5.275369 2.723393 65.595040 -1.443783 21.217394 -8.237643 12.877962 2.412029 21.393971 -9.784025 -28.738117 33.069437 18.152275 -21.722575 28.530639 6.644356 -10.884674 3.826775 4.206655 -21.059126 36.115008 7.085306 -6.107878 35.336742 8.344431 -15.319158 20.791002 9.228278 -8.527080 30.449810 -1.026281 -7.210100 40.474625 -0.117231 -8.637283 19.365405 5.372431 -0.194158 23.701533 -3.696120 5.719162 43.456242 1.178012 7.020673 10.566583 5.689844 -5.016964 -1.815512 -16.105870 49.351501 -2.534405 -2.202652 -28.595968 14.507776 -6.620650 30.044851
0.008921 0.912029 -0.042611 1.881569 0.792222 -7.034180 -2.410536 -11.999895 0.057886 0.348954 -2.085971 20.330184 -1.304614 14.244000 -8.952927 2.215007 -0.700891 -3.899376 4.602523 13.786295 4.026224 -0.676715 2.086202 19.669406 -1.768249 -21.185762 -11.942538 -4.081126 2.089644 1.557348 -1.388591 -0.038704 1.743371 1.257991 2.847406 -2.520385 -0.004832 -0.292835 7.600861 -2.410002 5.793676 -1.225576 1.379479 -0.762329 -12.139937 -11.137739 -6.319207 5.218178 -70.192611 6.539526 7.720859 7.805714 -23.262024 -2.731101 -15.398605 12.553077 -31.277881 -33.069437 -18.152277 -21.722575 -28.530639 -6.644358 -10.884674 -3.826775 -4.206650 -21.059126 -36.115008 -7.085308 -6.107878 -35.336742 -8.344426 -15.319158 -20.791002 -9.228273 -8.527080 -30.449810 1.026286 -7.210100 -40.474625 0.117229 -8.637283 -19.365405 -5.372419 -0.194158 -23.701533 3.696132 5.719162 -43.456242 -1.178000 7.020673 -10.566583 -5.689846 -5.016964 1.815512 16.105875 49.351501 2.534405 2.202657 -28.595968 -14.507776 6.620655 30.044851 9.581922 -5.411877 2.699202 65.717655 -2.337479 20.286289 -8.327674 12.719174 1.415284 21.045247 -9.754771 -28.966327 33.069437 18.152275 -21.722575 28.530639 6.644356 -10.884674 3.826775 4.206655 -21.059126 36.115008 7.085306 -6.107878 35.336742 8.344431 -15.319158 20.791002 9.228278 -8.527080 30.449810 -1.026281 -7.210100 40.474625 -0.117231 -8.637283 19.365405 5.372431 -0.194158 23.701533 -3.696120 5.719162 43.456242 1.178012 7.020673 10.566583 5.689844 -5.016964 -1.815512 -16.105870 49.351501 -2.534405 -2.202652 -28.595968 14.507776 -6.620650 30.044851
0.008464 0.912252 -0.043299 1.872610 0.702781 -6.828244 -2.308692 -12.066797 -0.105553 0.349124 -2.089277 20.201439 -1.319240 14.357805 -8.856278 2.206730 -0.693494 -3.911258 4.594821 13.811567 3.911844 -0.677405 2.109315 19.426376 -1.805810 -21.037574 -11.888588 -4.057534 2.080089 1.617582 -1.360377 -0.030617 1.702199 1.232930 2.879685 -2.427528 -0.026244 -0.273642 7.445587 -2.424298 5.828804 -1.274400 1.345882 -0.734516 -12.122008 -10.994976 -6.039503 5.339721 -70.760910 7.285239 7.264138 7.909189 -22.759943 -3.503515 -14.814530 12.463930 -30.883950 -33.069437 -18.152277 -21.722575 -28.530639 -6.644358 -10.884674 -3.826775 -4.206650 -21.059126 -36.115008 -7.085308 -6.107878 -35.336742 -8.344426 -15.319158 -20.791002 -9.228273 -8.527080 -30.449810 1.026286 -7.210100 -40.474625 0.117229 -8.637283 -19.365405 -5.372419 -0.194158 -23.701533 3.696132 5.719162 -43.456242 -1.178000 7.020673 -10.566583 -5.689846 -5.016964 1.815512 16.105875 49.351501 2.534405 2.202657 -28.595968 -14.507776 6.620655 30.044851 9.476735 -5.545927 2.681842 65.904564 -3.182244 19.422193 -8.410772 12.588137 0.330988 20.607067 -9.782153 -29.198502 33.069437 18.152275 -21.722575 28.530639 6.644356 -10.884674 3.826775 4.206655 -21.059126 36.115008 7.085306 -6.107878 35.336742 8.344431 -15.319158 20.791002 9.228278 -8.527080 30.449810 -1.026281 -7.210100 40.474625 -0.117231 -8.637283 19.365405 5.372431 -0.194158 23.701533 -3.696120 5.719162 43.456242 1.178012 7.020673 10.566583 5.689844 -5.016964 -1.815512 -16.105870 49.351501 -2.534405 -2.202652 -28.595968 14.507776 -6.620650 30.044851
0.008191 0.912366 -0.044541 1.856675 0.602944 -6.634786 -2.202154 -12.118543 -0.286847 0.348716 -2.092897 20.103682 -1.338753 14.476814 -8.773292 2.199874 -0.687108 -3.919708 4.587216 13.856168 3.814698 -0.669157 2.127791 19.203149 -1.871796 -20.901995 -11.827038 -4.036965 2.075909 1.696532 -1.324984 -0.021144 1.684831 1.205254 2.910981 -2.328092 -0.043033 -0.247004 7.294847 -2.410988 5.844773 -1.345812 1.293421 -0.674868 -12.107929 -10.880995 -5.748237 5.447899 -71.380381 8.070800 6.726282 8.015794 -22.270560 -4.234603 -14.208031 12.406522 -30.523535 -33.069437 -18.152277 -21.722575 -28.530639 -6.644358 -10.884674 -3.826775 -4.206650 -21.059126 -36.115008 -7.085308 -6.107878 -35.336742 -8.344426 -15.319158 -20.791002 -9.228273 -8.527080 -30.449810 1.026286 -7.210100 -40.474625 0.117229 -8.637283 -19.365405 -5.372419 -0.194158 -23.701533 3.696132 5.719162 -43.456242 -1.178000 7.020673 -10.566583 -5.689846 -5.016964 1.815512 16.105875 49.351501 2.534405 2.202657 -28.595968 -14.507776 6.620655 30.044851 9.366037 -5.680003 2.676539 66.145779 -3.960653 18.641239 -8.492776 12.502725 -0.807322 20.103036 -9.827485 -29.469609 33.069437 18.152275 -21.722575 28.530639 6.644356 -10.884674 3.826775 4.206655 -21.059126 36.115008 7.085306 -6.107878 35.336742 8.344431 -15.319158 20.791002 9.228278 -8.527080 30.449810 -1.026281 -7.210100 40.474625 -0.117231 -8.637283 19.365405 5.372431 -0.194158 23.701533 -3.696120 5.719162 43.456242 1.178012 7.020673 10.566583 5.689844 -5.016964 -1.815512 -16.105870 49.351501 -2.534405 -2.202652 -28.595968 14.507776 -6.620650 30.044851
0.007711 0.912574 -0.045434 1.837476 0.487091 -6.456409 -2.074008 -12.139177 -0.488702 0.343028 -2.088260 20.030097 -1.375053 14.574144 -8.698738 2.196422 -0.679588 -3.925887 4.592555 13.927639 3.718509 -0.655605 2.135140 18.988182 -1.958202 -20.790035 -11.753436 -4.024444 2.074433 1.793299 -1.282817 -0.008904 1.689601 1.175426 2.945631 -2.239536 -0.051640 -0.215866 7.165110 -2.373192 5.856890 -1.441973 1.222750 -0.595248 -12.110246 -10.801299 -5.488690 5.531785 -72.025151 8.841758 6.155828 8.111814 -21.762633 -4.859998 -13.662223 12.363868 -30.291004 -33.069437 -18.152277 -21.722575 -28.530639 -6.644358 -10.884674 -3.826775 -4.206650 -21.059126 -36.115008 -7.085308 -6.107878 -35.336742 -8.344426 -15.319158 -20.791002 -9.228273 -8.527080 -30.449810 1.026286 -7.210100 -40.474625 0.117229 -8.637283 -19.365405 -5.372419 -0.194158 -23.701533 3.696132 5.719162 -43.456242 -1.178000 7.020673 -10.566583 -5.689846 -5.016964 1.815512 16.105875 49.351501 2.534405 2.202657 -28.595968 -14.507776 6.620655 30.044851 9.245066 -5.809770 2.682662 66.455289 -4.651630 17.981627 -8.565140 12.488491 -1.935547 19.549229 -9.885358 -29.804145 33.069437 18.152275 -21.722575 28.530639 6.644356 -10.884674 3.826775 4.206655 -21.059126 36.115008 7.085306 -6.107878 35.336742 8.344431 -15.319158 20.791002 9.228278 -8.527080 30.449810 -1.026281 -7.210100 40.474625 -0.117231 -8.637283 19.365405 5.372431 -0.194158 23.701533 -3.696120 5.719162 43.456242 1.178012 7.020673 10.566583 5.689844 -5.016964 -1.815512 -16.105870 49.351501 -2.534405 -2.202652 -28.595968 14.507776 -6.620650 30.044851
0.006894 0.912802 -0.045953 1.817974 0.347604 -6.283763 -1.925965 -12.113481 -0.684888 0.339308 -2.078205 19.971565 -1.420876 14.640315 -8.624012 2.190056 -0.674970 -3.945176 4.620208 14.028385 3.609077 -0.645548 2.128255 18.789109 -2.037135 -20.690348 -11.679463 -4.024324 2.075663 1.881938 -1.239306 0.010378 1.702659 1.143906 2.983491 -2.172256 -0.048620 -0.182384 7.074418 -2.310625 5.891594 -1.543943 1.137952 -0.513539 -12.141029 -10.755120 -5.265021 5.584125 -72.655768 9.579432 5.598750 8.187311 -21.220801 -5.322178 -13.268220 12.314581 -30.215172 -33.069437 -18.152277 -21.722575 -28.530639 -6.644358 -10.884674 -3.826775 -4.206650 -21.059126 -36.115008 -7.085308 -6.107878 -35.336742 -8.344426 -15.319158 -20.791002 -9.228273 -8.527080 -30.449810 1.026286 -7.210100 -40.474625 0.117229 -8.637283 -19.365405 -5.372419 -0.194158 -23.701533 3.696132 5.719162 -43.456242 -1.178000 7.020673 -10.566583 -5.689846 -5.016964 1.815512 16.105875 49.351501 2.534405 2.202657 -28.595968 -14.507776 6.620655 30.044851 9.110714 -5.926901 2.688272 66.825232 -5.271380 17.453550 -8.623746 12.525203 -2.982568 18.944189 -9.969287 -30.175195 33.069437 18.152275 -21.722575 28.530639 6.644356 -10.884674 3.826775 4.206655 -21.059126 36.115008 7.085306 -6.107878 35.336742 8.344431 -15.319158 20.791002 9.228278 -8.527080 30.449810 -1.026281 -7.210100 40.474625 -0.117231 -8.637283 19.365405 5.372431 -0.194158 23.701533 -3.696120 5.719162 43.456242 1.178012 7.020673 10.566583 5.689844 -5.016964 -1.815512 -16.105870 49.351501 -2.534405 -2.202652 -28.595968 14.507776 -6.620650 30.044851
0.005402 0.912899 -0.046629 1.799884 0.194991 -6.115403 -1.776355 -12.050070 -0.861980 0.342107 -2.079886 19.923264 -1.470909 14.682368 -8.547979 2.173871 -0.673160 -3.985771 4.667844 14.150543 3.496058 -0.639173 2.129669 18.616746 -2.098914 -20.600456 -11.611255 -4.038861 2.080376 1.952213 -1.195901 0.031701 1.715718 1.109589 3.023925 -2.119161 -0.035999 -0.143971 7.033529 -2.224718 5.940525 -1.656575 1.048992 -0.439172 -12.195363 -10.748485 -5.050437 5.605681 -73.231383 10.282477 5.062243 8.236177 -20.661572 -5.593613 -13.109664 12.251996 -30.287402 -33.069437 -18.152277 -21.722575 -28.530639 -6.644358 -10.884674 -3.826775 -4.206650 -21.059126 -36.115008 -7.085308 -6.107878 -35.336742 -8.344426 -15.319158 -20.791002 -9.228273 -8.527080 -30.449810 1.026286 -7.210100 -40.474625 0.117229 -8.637283 -19.365405 -5.372419 -0.194158 -23.701533 3.696132 5.719162 -43.456242 -1.178000 7.020673 -10.566583 -5.689846 -5.016964 1.815512 16.105875 49.351501 2.534405 2.202657 -28.595968 -14.507776 6.620655 30.044851 8.969012 -6.037775 2.693087 67.223077 -5.833034 17.067010 -8.676347 12.572031 -3.907731 18.273630 -10.106717 -30.530256 33.069437 18.152275 -21.722575 28.530639 6.644356 -10.884674 3.826775 4.206655 -21.059126 36.115008 7.085306 -6.107878 35.336742 8.344431 -15.319158 20.791002 9.228278 -8.527080 30.449810 -1.026281 -7.210100 40.474625 -0.117231 -8.637283 19.365405 5.372431 -0.194158 23.701533 -3.696120 5.719162 43.456242 1.178012 7.020673 10.566583 5.689844 -5.016964 -1.815512 -16.105870 49.351501 -2.534405 -2.202652 -28.595968 14.507776 -6.620650 30.044851
0.003926 0.912920 -0.047926 1.779049 0.051837 -5.973425 -1.631716 -11.950889 -1.016442 0.349027 -2.105595 19.907423 -1.525935 14.700113 -8.488296 2.150999 -0.674690 -4.040095 4.732229 14.297863 3.401271 -0.633746 2.144074 18.480521 -2.148655 -20.536860 -11.565945 -4.055038 2.088476 2.004965 -1.153302 0.049439 1.738243 1.077483 3.061997 -2.075917 -0.016207 -0.101125 7.042098 -2.123339 5.983153 -1.791021 0.959927 -0.351452 -12.268138 -10.796678 -4.847478 5.590764 -73.704694 10.932253 4.559923 8.264997 -20.112261 -5.706887 -13.214285 12.177465 -30.539429 -33.069437 -18.152277 -21.722575 -28.530639 -6.644358 -10.884674 -3.826775 -4.206650 -21.059126 -36.115008 -7.085308 -6.107878 -35.336742 -8.344426 -15.319158 -20.791002 -9.228273 -8.527080 -30.449810 1.026286 -7.210100 -40.474625 0.117229 -8.637283 -19.365405 -5.372419 -0.194158 -23.701533 3.696132 5.719162 -43.456242 -1.178000 7.020673 -10.566583 -5.689846 -5.016964 1.815512 16.105875 49.351501 2.534405 2.202657 -28.595968 -14.507776 6.620655 30.044851 8.834182 -6.163082 2.701124 67.607501 -6.320969 16.830964 -8.719357 12.587877 -4.674629 17.559882 -10.326117 -30.822520 33.069437 18.152275 -21.722575 28.530639 6.644356 -10.884674 3.826775 4.206655 -21.059126 36.115008 7.085306 -6.107878 35.336742 8.344431 -15.319158 20.791002 9.228278 -8.527080 30.449810 -1.026281 -7.210100 40.474625 -0.117231 -8.637283 19.365405 5.372431 -0.194158 23.701533 -3.696120 5.719162 43.456242 1.178012 7.020673 10.566583 5.689844 -5.016964 -1.815512 -16.105870 49.351501 -2.534405 -2.202652 -28.595968 14.507776 -6.620650 30.044851
0.002942 0.912818 -0.049358 1.757375 -0.069973 -5.857891 -1.498405 -11.832576 -1.168165 0.355738 -2.147546 19.942571 -1.572224 14.702306 -8.447582 2.129645 -0.681165 -4.100818 4.805683 14.477920 3.321439 -0.625915 2.152837 18.394570 -2.200573 -20.508146 -11.541845 -4.057951 2.097055 2.050690 -1.113589 0.067601 1.769984 1.051578 3.097971 -2.046474 0.011725 -0.061237 7.084393 -2.021746 6.007051 -1.935106 0.876838 -0.242210 -12.353195 -10.892266 -4.680159 5.547883 -74.069672 11.498394 4.100111 8.281150 -19.595701 -5.809291 -13.506934 12.096377 -30.965574 -33.069437 -18.152277 -21.722575 -28.530639 -6.644358 -10.884674 -3.826775 -4.206650 -21.059126 -36.115008 -7.085308 -6.107878 -35.336742 -8.344426 -15.319158 -20.791002 -9.228273 -8.527080 -30.449810 1.026286 -7.210100 -40.474625 0.117229 -8.637283 -19.365405 -5.372419 -0.194158 -23.701533 3.696132 5.719162 -43.456242 -1.178000 7.020673 -10.566583 -5.689846 -5.016964 1.815512 16.105875 49.351501 2.534405 2.202657 -28.595968 -14.507776 6.620655 30.044851 8.723518 -6.309501 2.688869 67.926996 -6.759522 16.676528 -8.752131 12.555133 -5.281048 16.862467 -10.661732 -31.038634 33.069437 18.152275 -21.722575 28.530639 6.644356 -10.884674 3.826775 4.206655 -21.059126 36.115008 7.085306 -6.107878 35.336742 8.344431 -15.319158 20.791002 9.228278 -8.527080 30.449810 -1.026281 -7.210100 40.474625 -0.117231 -8.637283 19.365405 5.372431 -0.194158 23.701533 -3.696120 5.719162 43.456242 1.178012 7.020673 10.566583 5.689844 -5.016964 -1.815512 -16.105870 49.351501 -2.534405 -2.202652 -28.595968 14.507776 -6.620650 30.044851
0.002533 0.912736 -0.050527 1.738640 -0.166640 -5.735403 -1.387099 -11.729652 -1.343327 0.363706 -2.179579 20.024066 -1.603482 14.709956 -8.425377 2.119890 -0.690653 -4.162816 4.873715 14.671365 3.235012 -0.620938 2.152803 18.339799 -2.267312 -20.503085 -11.516664 -4.052323 2.105839 2.097347 -1.077127 0.092155 1.795351 1.032685 3.134916 -2.030652 0.044488 -0.028527 7.139427 -1.926957 6.013581 -2.063101 0.798327 -0.136752 -12.442863 -11.011697 -4.569285 5.495614 -74.374531 11.986192 3.660541 8.283535 -19.113107 -6.099607 -13.839375 12.037262 -31.488255 -33.069437 -18.152277 -21.722575 -28.530639 -6.644358 -10.884674 -3.826775 -4.206650 -21.059126 -36.115008 -7.085308 -6.107878 -35.336742 -8.344426 -15.319158 -20.791002 -9.228273 -8.527080 -30.449810 1.026286 -7.210100 -40.474625 0.117229 -8.637283 -19.365405 -5.372419 -0.194158 -23.701533 3.696132 5.719162 -43.456242 -1.178000 7.020673 -10.566583 -5.689846 -5.016964 1.815512 16.105875 49.351501 2.534405 2.202657 -28.595968 -14.507776 6.620655 30.044851 8.637722 -6.480303 2.632906 68.146464 -7.217575 16.510874 -8.789231 12.492234 -5.780715 16.208406 -11.126902 -31.171037 33.069437 18.152275 -21.722575 28.530639 6.644356 -10.884674 3.826775 4.206655 -21.059126 36.115008 7.085306 -6.107878 35.336742 8.344431 -15.319158 20.791002 9.228278 -8.527080 30.449810 -1.026281 -7.210100 40.474625 -0.117231 -8.637283 19.365405 5.372431 -0.194158 23.701533 -3.696120 5.719162 43.456242 1.178012 7.020673 10.566583 5.689844 -5.016964 -1.815512 -16.105870 49.351501 -2.534405 -2.202652 -28.595968 14.507776 -6.620650 30.044851
0.002343 0.912570 -0.051035 1.724150 -0.243986 -5.596607 -1.303847 -11.649664 -1.541435 0.371572 -2.200432 20.152804 -1.615880 14.734373 -8.430105 2.124047 -0.699573 -4.221144 4.931543 14.850425 3.150699 -0.624357 2.157161 18.284737 -2.349363 -20.498351 -11.488653 -4.050673 2.118393 2.150903 -1.045332 0.122509 1.811372 1.022438 3.171000 -2.019975 0.077708 -0.001097 7.194707 -1.846811 6.010029 -2.168576 0.722937 -0.048273 -12.536954 -11.139835 -4.514664 5.425034 -74.661112 12.432326 3.216025 8.274364 -18.642131 -6.616086 -14.100963 12.041701 -32.037928 -33.069437 -18.152277 -21.722575 -28.530639 -6.644358 -10.884674 -3.826775 -4.206650 -21.059126 -36.115008 -7.085308 -6.107878 -35.336742 -8.344426 -15.319158 -20.791002 -9.228273 -8.527080 -30.449810 1.026286 -7.210100 -40.474625 0.117229 -8.637283 -19.365405 -5.372419 -0.194158 -23.701533 3.696132 5.719162 -43.456242 -1.178000 7.020673 -10.566583 -5.689846 -5.016964 1.815512 16.105875 49.351501 2.534405 2.202657 -28.595968 -14.507776 6.620655 30.044851 8.564432 -6.676296 2.527059 68.244368 -7.736204 16.299890 -8.831599 12.424035 -6.222763 15.641820 -11.645306 -31.232785 33.069437 18.152275 -21.722575 28.530639 6.644356 -10.884674 3.826775 4.206655 -21.059126 36.115008 7.085306 -6.107878 35.336742 8.344431 -15.319158 20.791002 9.228278 -8.527080 30.449810 -1.026281 -7.210100 40.474625 -0.117231 -8.637283 19.365405 5.372431 -0.194158 23.701533 -3.696120 5.719162 43.456242 1.178012 7.020673 10.566583 5.689844 -5.016964 -1.815512 -16.105870 49.351501 -2.534405 -2.202652 -28.595968 14.507776 -6.620650 30.044851
0.002301 0.912512 -0.051421 1.718898 -0.307786 -5.455247 -1.250513 -11.578561 -1.736109 0.379871 -2.222971 20.317241 -1.605213 14.783653 -8.450643 2.125869 -0.704245 -4.272731 4.975246 14.993975 3.089941 -0.628163 2.177426 18.205603 -2.431271 -20.480887 -11.470662 -4.048299 2.133965 2.224142 -1.020109 0.153716 1.829256 1.021231 3.204611 -2.012828 0.113142 0.019653 7.245641 -1.795002 6.007475 -2.242288 0.657819 0.029639 -12.636258 -11.256417 -4.480936 5.318411 -74.946259 12.875182 2.766145 8.266533 -18.154470 -7.268502 -14.228226 12.143232 -32.573138 -33.069437 -18.152277 -21.722575 -28.530639 -6.644358 -10.884674 -3.826775 -4.206650 -21.059126 -36.115008 -7.085308 -6.107878 -35.336742 -8.344426 -15.319158 -20.791002 -9.228273 -8.527080 -30.449810 1.026286 -7.210100 -40.474625 0.117229 -8.637283 -19.365405 -5.372419 -0.194158 -23.701533 3.696132 5.719162 -43.456242 -1.178000 7.020673 -10.566583 -5.689846 -5.016964 1.815512 16.105875 49.351501 2.534405 2.202657 -28.595968 -14.507776 6.620655 30.044851 8.489391 -6.875519 2.373413 68.228030 -8.320186 15.998316 -8.860753 12.336916 -6.649329 15.240150 -12.059646 -31.280948 33.069437 18.152275 -21.722575 28.530639 6.644356 -10.884674 3.826775 4.206655 -21.059126 36.115008 7.085306 -6.107878 35.336742 8.344431 -15.319158 20.791002 9.228278 -8.527080 30.449810 -1.026281 -7.210100 40.474625 -0.117231 -8.637283 19.365405 5.372431 -0.194158 23.701533 -3.696120 5.719162 43.456242 1.178012 7.020673 10.566583 5.689844 -5.016964 -1.815512 -16.105870 49.351501 -2.534405 -2.202652 -28.595968 14.507776 -6.620650 30.044851
0.001942 0.912458 -0.051035 1.734107 -0.370289 -5.324411 -1.239549 -11.525887 -1.916605 0.389109 -2.258010 20.508225 -1.568675 14.877807 -8.440357 2.102475 -0.705242 -4.310456 4.979282 15.071600 3.053611 -0.628282 2.199515 18.107663 -2.492474 -20.437679 -11.446868 -4.043364 2.146772 2.319053 -1.004559 0.176460 1.856424 1.030859 3.231843 -2.014586 0.152042 0.026674 7.300421 -1.781667 6.020261 -2.297292 0.607523 0.096206 -12.750823 -11.339398 -4.419888 5.175846 -75.239629 13.345502 2.317056 8.296603 -17.601518 -7.957592 -14.149763 12.353103 -33.047194 -33.069437 -18.152277 -21.722575 -28.530639 -6.644358 -10.884674 -3.826775 -4.206650 -21.059126 -36.115008 -7.085308 -6.107878 -35.336742 -8.344426 -15.319158 -20.791002 -9.228273 -8.527080 -30.449810 1.026286 -7.210100 -40.474625 0.117229 -8.637283 -19.365405 -5.372419 -0.194158 -23.701533 3.696132 5.719162 -43.456242 -1.178000 7.020673 -10.566583 -5.689846 -5.016964 1.815512 16.105875 49.351501 2.534405 2.202657 -28.595968 -14.507776 6.620655 30.044851 8.386836 -7.050187 2.191539 68.126533 -9.000834 15.576627 -8.860532 12.197518 -7.040734 15.046048 -12.291196 -31.308166 33.069437 18.152275 -21.722575 28.530639 6.644356 -10.884674 3.826775 4.206655 -21.059126 36.115008 7.085306 -6.107878 35.336742 8.344431 -15.319158 20.791002 9.228278 -8.527080 30.449810 -1.026281 -7.210100 40.474625 -0.117231 -8.637283 19.365405 5.372431 -0.194158 23.701533 -3.696120 5.719162 43.456242 1.178012 7.020673 10.566583 5.689844 -5.016964 -1.815512 -16.105870 49.351501 -2.534405 -2.202652 -28.595968 14.507776 -6.620650 30.044851
0.001521 0.912321 -0.051226 1.778205 -0.407965 -5.204326 -1.292201 -11.523312 -2.091036 0.398366 -2.299128 20.728764 -1.497000 15.026760 -8.349412 2.059967 -0.704791 -4.328530 4.924480 15.072024 3.045712 -0.630736 2.215668 18.000270 -2.515045 -20.371091 -11.382638 -4.047287 2.156280 2.421461 -1.006004 0.185756 1.887547 1.058021 3.245312 -2.024776 0.192030 0.013513 7.379753 -1.814170 6.058264 -2.368528 0.571004 0.147384 -12.882471 -11.378268 -4.319641 5.005039 -75.505890 13.846647 1.894558 8.383318 -16.923266 -8.548434 -13.836160 12.606046 -33.385623 -33.069437 -18.152277 -21.722575 -28.530639 -6.644358 -10.884674 -3.826775 -4.206650 -21.059126 -36.115008 -7.085308 -6.107878 -35.336742 -8.344426 -15.319158 -20.791002 -9.228273 -8.527080 -30.449810 1.026286 -7.210100 -40.474625 0.117229 -8.637283 -19.365405 -5.372419 -0.194158 -23.701533 3.696132 5.719162 -43.456242 -1.178000 7.020673 -10.566583 -5.689846 -5.016964 1.815512 16.105875 49.351501 2.534405 2.202657 -28.595968 -14.507776 6.620655 30.044851 8.230188 -7.197603 2.017717 67.958367 -9.794632 15.088538 -8.827109 12.033027 -7.261393 15.066895 -12.404782 -31.230128 33.069437 18.152275 -21.722575 28.530639 6.644356 -10.884674 3.826775 4.206655 -21.059126 36.115008 7.085306 -6.107878 35.336742 8.344431 -15.319158 20.791002 9.228278 -8.527080 30.449810 -1.026281 -7.210100 40.474625 -0.117231 -8.637283 19.365405 5.372431 -0.194158 23.701533 -3.696120 5.719162 43.456242 1.178012 7.020673 10.566583 5.689844 -5.016964 -1.815512 -16.105870 49.351501 -2.534405 -2.202652 -28.595968 14.507776 -6.620650 30.044851
0.001305 0.912345 -0.051511 1.851853 -0.377249 -5.103855 -1.425499 -11.588329 -2.257498 0.408064 -2.346468 20.969336 -1.383277 15.208047 -8.153980 2.008856 -0.699607 -4.327798 4.822982 15.022737 3.103160 -0.637457 2.236138 17.816053 -2.506357 -20.334427 -11.273470 -4.066531 2.166948 2.531899 -1.029253 0.188003 1.919190 1.103281 3.243079 -2.025578 0.231942 -0.016971 7.485590 -1.880212 6.109723 -2.455453 0.539915 0.180258 -13.026755 -11.357096 -4.186917 4.799474 -75.700503 14.395357 1.513409 8.502329 -16.112762 -8.887092 -13.338273 12.781363 -33.489944 -33.069437 -18.152277 -21.722575 -28.530639 -6.644358 -10.884674 -3.826775 -4.206650 -21.059126 -36.115008 -7.085308 -6.107878 -35.336742 -8.344426 -15.319158 -20.791002 -9.228273 -8.527080 -30.449810 1.026286 -7.210100 -40.474625 0.117229 -8.637283 -19.365405 -5.372419 -0.194158 -23.701533 3.696132 5.719162 -43.456242 -1.178000 7.020673 -10.566583 -5.689846 -5.016964 1.815512 16.105875 49.351501 2.534405 2.202657 -28.595968 -14.507776 6.620655 30.044851 7.990059 -7.343359 1.877079 67.735287 -10.713498 14.589299 -8.763769 11.904770 -7.194646 15.296154 -12.458597 -31.017248 33.069437 18.152275 -21.722575 28.530639 6.644356 -10.884674 3.826775 4.206655 -21.059126 36.115008 7.085306 -6.107878 35.336742 8.344431 -15.319158 20.791002 9.228278 -8.527080 30.449810 -1.026281 -7.210100 40.474625 -0.117231 -8.637283 19.365405 5.372431 -0.194158 23.701533 -3.696120 5.719162 43.456242 1.178012 7.020673 10.566583 5.689844 -5.016964 -1.815512 -16.105870 49.351501 -2.534405 -2.202652 -28.595968 14.507776 -6.620650 30.044851
0.001443 0.912756 -0.051716 1.948155 -0.262441 -5.030225 -1.631616 -11.712536 -2.405385 0.419632 -2.411013 21.207215 -1.228501 15.381602 -7.857415 1.952734 -0.690332 -4.329045 4.697098 14.973013 3.272665 -0.643412 2.265665 17.488795 -2.505063 -20.383884 -11.122535 -4.108028 2.184447 2.673779 -1.066968 0.187976 1.944017 1.157643 3.238933 -2.005355 0.272772 -0.052528 7.606766 -1.955075 6.158463 -2.538158 0.505778 0.182710 -13.183307 -11.264899 -3.992933 4.540052 -75.805401 15.043528 1.105336 8.633985 -15.160709 -8.877520 -12.693172 12.780038 -33.295618 -33.069437 -18.152277 -21.722575 -28.530639 -6.644358 -10.884674 -3.826775 -4.206650 -21.059126 -36.115008 -7.085308 -6.107878 -35.336742 -8.344426 -15.319158 -20.791002 -9.228273 -8.527080 -30.449810 1.026286 -7.210100 -40.474625 0.117229 -8.637283 -19.365405 -5.372419 -0.194158 -23.701533 3.696132 5.719162 -43.456242 -1.178000 7.020673 -10.566583 -5.689846 -5.016964 1.815512 16.105875 49.351501 2.534405 2.202657 -28.595968 -14.507776 6.620655 30.044851 7.658092 -7.516764 1.750377 67.450276 -11.810474 14.080659 -8.666760 11.822800 -6.844750 15.687203 -12.456384 -30.681575 33.069437 18.152275 -21.722575 28.530639 6.644356 -10.884674 3.826775 4.206655 -21.059126 36.115008 7.085306 -6.107878 35.336742 8.344431 -15.319158 20.791002 9.228278 -8.527080 30.449810 -1.026281 -7.210100 40.474625 -0.117231 -8.637283 19.365405 5.372431 -0.194158 23.701533 -3.696120 5.719162 43.456242 1.178012 7.020673 10.566583 5.689844 -5.016964 -1.815512 -16.105870 49.351501 -2.534405 -2.202652 -28.595968 14.507776 -6.620650 30.044851
0.001989 0.913649 -0.051641 2.057287 -0.081154 -4.973608 -1.884616 -11.867547 -2.529827 0.431708 -2.497190 21.454416 -1.039711 15.515802 -7.466449 1.892278 -0.676876 -4.352578 4.568725 14.950938 3.598608 -0.646675 2.305116 16.963116 -2.536433 -20.535931 -10.922384 -4.162653 2.209528 2.881287 -1.110669 0.188058 1.945184 1.216297 3.246009 -1.972550 0.318987 -0.080266 7.740792 -2.035375 6.195892 -2.615309 0.469240 0.141893 -13.347058 -11.099069 -3.699194 4.202869 -75.811439 15.828727 0.565806 8.795929 -14.056459 -8.451347 -11.960803 12.628571 -32.902025 -33.069437 -18.152277 -21.722575 -28.530639 -6.644358 -10.884674 -3.826775 -4.206650 -21.059126 -36.115008 -7.085308 -6.107878 -35.336742 -8.344426 -15.319158 -20.791002 -9.228273 -8.527080 -30.449810 1.026286 -7.210100 -40.474625 0.117229 -8.637283 -19.365405 -5.372419 -0.194158 -23.701533 3.696132 5.719162 -43.456242 -1.178000 7.020673 -10.566583 -5.689846 -5.016964 1.815512 16.105875 49.351501 2.534405 2.202657 -28.595968 -14.507776 6.620655 30.044851 7.271742 -7.705633 1.601456 67.052425 -13.100512 13.587738 -8.523257 11.747122 -6.174647 16.206202 -12.434159 -30.178504 33.069437 18.152275 -21.722575 28.530639 6.644356 -10.884674 3.826775 4.206655 -21.059126 36.115008 7.085306 -6.107878 35.336742 8.344431 -15.319158 20.791002 9.228278 -8.527080 30.449810 -1.026281 -7.210100 40.474625 -0.117231 -8.637283 19.365405 5.372431 -0.194158 23.701533 -3.696120 5.719162 43.456242 1.178012 7.020673 10.566583 5.689844 -5.016964 -1.815512 -16.105870 49.351501 -2.534405 -2.202652 -28.595968 14.507776 -6.620650 30.044851
0.003035 0.915107 -0.051392 2.162779 0.102168 -4.934767 -2.146175 -12.002812 -2.612923 0.435890 -2.601391 21.733194 -0.822886 15.587129 -6.966643 1.805758 -0.659684 -4.414076 4.450495 14.961095 4.101029 -0.641163 2.355632 16.219076 -2.601395 -20.763028 -10.630408 -4.219025 2.242299 3.186291 -1.153957 0.194533 1.927370 1.279096 3.267613 -1.959184 0.380373 -0.086215 7.906254 -2.146747 6.246764 -2.691830 0.444870 0.062601 -13.507138 -10.865841 -3.304306 3.746985 -75.687403 16.791661 -0.223938 8.993203 -12.818944 -7.425546 -11.276009 12.484304 -32.679067 -33.069437 -18.152277 -21.722575 -28.530639 -6.644358 -10.884674 -3.826775 -4.206650 -21.059126 -36.115008 -7.085308 -6.107878 -35.336742 -8.344426 -15.319158 -20.791002 -9.228273 -8.527080 -30.449810 1.026286 -7.210100 -40.474625 0.117229 -8.637283 -19.365405 -5.372419 -0.194158 -23.701533 3.696132 5.719162 -43.456242 -1.178000 7.020673 -10.566583 -5.689846 -5.016964 1.815512 16.105875 49.351501 2.534405 2.202657 -28.595968 -14.507776 6.620655 30.044851 6.928573 -7.894972 1.357426 66.384084 -14.549953 13.240513 -8.342808 11.570172 -5.015760 16.880357 -12.420239 -29.423208 33.069437 18.152275 -21.722575 28.530639 6.644356 -10.884674 3.826775 4.206655 -21.059126 36.115008 7.085306 -6.107878 35.336742 8.344431 -15.319158 20.791002 9.228278 -8.527080 30.449810 -1.026281 -7.210100 40.474625 -0.117231 -8.637283 19.365405 5.372431 -0.194158 23.701533 -3.696120 5.719162 43.456242 1.178012 7.020673 10.566583 5.689844 -5.016964 -1.815512 -16.105870 49.351501 -2.534405 -2.202652 -28.595968 14.507776 -6.620650 30.044851
0.004319 0.917075 -0.051164 2.239558 0.204649 -4.929120 -2.381363 -12.052939 -2.638730 0.435295 -2.702608 22.014941 -0.606591 15.580033 -6.344867 1.686177 -0.651154 -4.526269 4.291341 14.925660 4.645233 -0.605480 2.410704 15.443300 -2.556687 -20.881709 -10.191397 -4.270035 2.282884 3.537616 -1.196419 0.205318 1.909152 1.355078 3.296423 -1.997274 0.462534 -0.065212 8.146336 -2.324141 6.351327 -2.797078 0.436048 -0.024368 -13.678128 -10.604265 -2.904132 3.155658 -75.373542 17.983488 -1.241319 9.187215 -11.510963 -5.765502 -10.908937 12.471006 -32.956581 -33.069437 -18.152277 -21.722575 -28.530639 -6.644358 -10.884674 -3.826775 -4.206650 -21.059126 -36.115008 -7.085308 -6.107878 -35.336742 -8.344426 -15.319158 -20.791002 -9.228273 -8.527080 -30.449810 1.026286 -7.210100 -40.474625 0.117229 -8.637283 -19.365405 -5.372419 -0.194158 -23.701533 3.696132 5.719162 -43.456242 -1.178000 7.020673 -10.566583 -5.689846 -5.016964 1.815512 16.105875 49.351501 2.534405 2.202657 -28.595968 -14.507776 6.620655 30.044851 6.766307 -8.015641 0.907038 65.230158 -16.014339 13.215144 -8.163750 11.152117 -3.295033 17.944980 -12.395193 -28.419335 33.069437 18.152275 -21.722575 28.530639 6.644356 -10.884674 3.826775 4.206655 -21.059126 36.115008 7.085306 -6.107878 35.336742 8.344431 -15.319158 20.791002 9.228278 -8.527080 30.449810 -1.026281 -7.210100 40.474625 -0.117231 -8.637283 19.365405 5.372431 -0.194158 23.701533 -3.696120 5.719162 43.456242 1.178012 7.020673 10.566583 5.689844 -5.016964 -1.815512 -16.105870 49.351501 -2.534405 -2.202652 -28.595968 14.507776 -6.620650 30.044851
0.006580 0.919443 -0.051358 2.275843 0.207135 -4.954126 -2.603838 -12.005496 -2.594114 0.440626 -2.780322 22.260526 -0.425143 15.518206 -5.603387 1.571108 -0.662847 -4.677931 3.989909 14.633013 4.943970 -0.531645 2.462245 15.013517 -2.127128 -20.576448 -9.617757 -4.312094 2.320088 3.757543 -1.248262 0.207586 1.909176 1.457993 3.319912 -2.090063 0.555370 -0.036245 8.504127 -2.560364 6.527157 -3.023338 0.425117 -0.068627 -13.911524 -10.376983 -2.643001 2.459036 -74.821922 19.447586 -2.114155 9.341129 -10.234401 -3.958641 -11.169598 12.586764 -33.461090 -33.069437 -18.152277 -21.722575 -28.530639 -6.644358 -10.884674 -3.826775 -4.206650 -21.059126 -36.115008 -7.085308 -6.107878 -35.336742 -8.344426 -15.319158 -20.791002 -9.228273 -8.527080 -30.449810 1.026286 -7.210100 -40.474625 0.117229 -8.637283 -19.365405 -5.372419 -0.194158 -23.701533 3.696132 5.719162 -43.456242 -1.178000 7.020673 -10.566583 -5.689846 -5.016964 1.815512 16.105875 49.351501 2.534405 2.202657 -28.595968 -14.507776 6.620655 30.044851 6.789839 -7.933672 0.239990 63.551584 -17.195866 13.566844 -8.030841 10.435644 -1.316686 19.839775 -12.395056 -27.333889 33.069437 18.152275 -21.722575 28.530639 6.644356 -10.884674 3.826775 4.206655 -21.059126 36.115008 7.085306 -6.107878 35.336742 8.344431 -15.319158 20.791002 9.228278 -8.527080 30.449810 -1.026281 -7.210100 40.474625 -0.117231 -8.637283 19.365405 5.372431 -0.194158 23.701533 -3.696120 5.719162 43.456242 1.178012 7.020673 10.566583 5.689844 -5.016964 -1.815512 -16.105870 49.351501 -2.534405 -2.202652 -28.595968 14.507776 -6.620650 30.044851
0.009527 0.922056 -0.051682 2.286903 0.120070 -5.024505 -2.847437 -11.869166 -2.453406 0.453723 -2.849286 22.401753 -0.283229 15.422836 -4.773914 1.485855 -0.686309 -4.844460 3.503585 13.957323 4.853856 -0.430054 2.510520 15.147937 -1.301343 -19.745173 -8.915415 -4.363243 2.347190 3.697052 -1.316302 0.191555 1.940051 1.579510 3.337171 -2.209226 0.632504 -0.007299 8.991143 -2.793805 6.745907 -3.439535 0.407920 -0.038226 -14.235465 -10.250349 -2.592662 1.655185 -73.984766 21.178882 -2.521392 9.462973 -9.027151 -2.443068 -11.994850 12.801068 -33.655976 -33.069437 -18.152277 -21.722575 -28.530639 -6.644358 -10.884674 -3.826775 -4.206650 -21.059126 -36.115008 -7.085308 -6.107878 -35.336742 -8.344426 -15.319158 -20.791002 -9.228273 -8.527080 -30.449810 1.026286 -7.210100 -40.474625 0.117229 -8.637283 -19.365405 -5.372419 -0.194158 -23.701533 3.696132 5.719162 -43.456242 -1.178000 7.020673 -10.566583 -5.689846 -5.016964 1.815512 16.105875 49.351501 2.534405 2.202657 -28.595968 -14.507776 6.620655 30.044851 6.858814 -7.557786 -0.513531 61.533065 -17.846865 14.271931 -7.952024 9.471023 0.518651 22.532043 -12.492967 -26.260052 33.069437 18.152275 -21.722575 28.530639 6.644356 -10.884674 3.826775 4.206655 -21.059126 36.115008 7.085306 -6.107878 35.336742 8.344431 -15.319158 20.791002 9.228278 -8.527080 30.449810 -1.026281 -7.210100 40.474625 -0.117231 -8.637283 19.365405 5.372431 -0.194158 23.701533 -3.696120 5.719162 43.456242 1.178012 7.020673 10.566583 5.689844 -5.016964 -1.815512 -16.105870 49.351501 -2.534405 -2.202652 -28.595968 14.507776 -6.620650 30.044851
0.014000 0.924927 -0.053795 2.300156 -0.042474 -5.150639 -3.122056 -11.581765 -2.199399 0.469475 -2.945476 22.367497 -0.174569 15.261719 -3.946872 1.452214 -0.714176 -4.998664 2.865411 12.982519 4.386687 -0.316180 2.550115 15.882749 -0.351819 -18.535649 -8.037577 -4.417798 2.363084 3.301240 -1.398569 0.168517 2.027583 1.687450 3.367354 -2.324177 0.661540 0.055149 9.582689 -2.960056 6.926299 -4.045651 0.390895 0.057151 -14.600670 -10.328055 -2.778723 0.697878 -72.734398 23.016183 -2.531675 9.562288 -7.862761 -1.216185 -13.051231 13.011889 -33.319544 -33.069437 -18.152277 -21.722575 -28.530639 -6.644358 -10.884674 -3.826775 -4.206650 -21.059126 -36.115008 -7.085308 -6.107878 -35.336742 -8.344426 -15.319158 -20.791002 -9.228273 -8.527080 -30.449810 1.026286 -7.210100 -40.474625 0.117229 -8.637283 -19.365405 -5.372419 -0.194158 -23.701533 3.696132 5.719162 -43.456242 -1.178000 7.020673 -10.566583 -5.689846 -5.016964 1.815512 16.105875 49.351501 2.534405 2.202657 -28.595968 -14.507776 6.620655 30.044851 6.868830 -6.859693 -1.175966 59.452658 -17.834257 15.388230 -7.899179 8.388745 1.965940 25.222415 -12.711137 -25.121564 33.069437 18.152275 -21.722575 28.530639 6.644356 -10.884674 3.826775 4.206655 -21.059126 36.115008 7.085306 -6.107878 35.336742 8.344431 -15.319158 20.791002 9.228278 -8.527080 30.449810 -1.026281 -7.210100 40.474625 -0.117231 -8.637283 19.365405 5.372431 -0.194158 23.701533 -3.696120 5.719162 43.456242 1.178012 7.020673 10.566583 5.689844 -5.016964 -1.815512 -16.105870 49.351501 -2.534405 -2.202652 -28.595968 14.507776 -6.620650 30.044851
0.019436 0.927548 -0.056713 2.342375 -0.234621 -5.320416 -3.420670 -11.078407 -1.834797 0.473992 -3.079368 22.138726 -0.078148 14.987944 -3.247760 1.511525 -0.759795 -5.082630 2.109617 11.831816 3.446740 -0.195261 2.567047 17.387561 0.507648 -17.079459 -6.919680 -4.446338 2.375139 2.481403 -1.494153 0.156837 2.209330 1.746518 3.441134 -2.413147 0.618028 0.201746 10.223434 -3.016817 6.962902 -4.833920 0.370723 0.185620 -14.917936 -10.761113 -3.313192 -0.398086 -70.927328 24.522943 -2.430461 9.618927 -6.745390 -0.299618 -13.931189 13.184754 -32.552139 -33.069437 -18.152277 -21.722575 -28.530639 -6.644358 -10.884674 -3.826775 -4.206650 -21.059126 -36.115008 -7.085308 -6.107878 -35.336742 -8.344426 -15.319158 -20.791002 -9.228273 -8.527080 -30.449810 1.026286 -7.210100 -40.474625 0.117229 -8.637283 -19.365405 -5.372419 -0.194158 -23.701533 3.696132 5.719162 -43.456242 -1.178000 7.020673 -10.566583 -5.689846 -5.016964 1.815512 16.105875 49.351501 2.534405 2.202657 -28.595968 -14.507776 6.620655 30.044851 6.779367 -5.798664 -1.513633 57.700455 -17.034530 17.156605 -7.832854 7.504106 2.932780 26.776541 -13.076668 -23.799548 33.069437 18.152275 -21.722575 28.530639 6.644356 -10.884674 3.826775 4.206655 -21.059126 36.115008 7.085306 -6.107878 35.336742 8.344431 -15.319158 20.791002 9.228278 -8.527080 30.449810 -1.026281 -7.210100 40.474625 -0.117231 -8.637283 19.365405 5.372431 -0.194158 23.701533 -3.696120 5.719162 43.456242 1.178012 7.020673 10.566583 5.689844 -5.016964 -1.815512 -16.105870 49.351501 -2.534405 -2.202652 -28.595968 14.507776 -6.620650 30.044851
0.025379 0.929476 -0.060059 2.439679 -0.336207 -5.513352 -3.753803 -10.390703 -1.408857 0.457784 -3.196103 21.764237 0.045101 14.574486 -2.820559 1.681098 -0.844550 -5.052779 1.239577 10.581659 1.818364 -0.063879 2.548974 19.960685 1.216229 -15.449045 -5.492488 -4.421589 2.409727 1.127044 -1.615311 0.161646 2.508676 1.733076 3.569869 -2.460711 0.498781 0.456689 10.846292 -2.961621 6.748277 -5.801166 0.357612 0.295668 -15.115287 -11.698470 -4.486926 -1.429054 -68.589019 24.953163 -2.650714 9.584994 -5.714093 -0.012480 -13.998276 13.438249 -31.789415 -33.069437 -18.152277 -21.722575 -28.530639 -6.644358 -10.884674 -3.826775 -4.206650 -21.059126 -36.115008 -7.085308 -6.107878 -35.336742 -8.344426 -15.319158 -20.791002 -9.228273 -8.527080 -30.449810 1.026286 -7.210100 -40.474625 0.117229 -8.637283 -19.365405 -5.372419 -0.194158 -23.701533 3.696132 5.719162 -43.456242 -1.178000 7.020673 -10.566583 -5.689846 -5.016964 1.815512 16.105875 49.351501 2.534405 2.202657 -28.595968 -14.507776 6.620655 30.044851 6.647589 -4.303843 -1.297877 56.739099 -15.389923 20.042294 -7.710010 7.308271 3.574175 26.077442 -13.506854 -22.183541 33.069437 18.152275 -21.722575 28.530639 6.644356 -10.884674 3.826775 4.206655 -21.059126 36.115008 7.085306 -6.107878 35.336742 8.344431 -15.319158 20.791002 9.228278 -8.527080 30.449810 -1.026281 -7.210100 40.474625 -0.117231 -8.637283 19.365405 5.372431 -0.194158 23.701533 -3.696120 5.719162 43.456242 1.178012 7.020673 10.566583 5.689844 -5.016964 -1.815512 -16.105870 49.351501 -2.534405 -2.202652 -28.595968 14.507776 -6.620650 30.044851
0.031744 0.930075 -0.064585 2.612449 -0.165268 -5.681070 -4.140707 -9.644409 -1.074379 0.404299 -3.230376 21.413446 0.201050 14.024512 -2.778973 1.909869 -0.974181 -4.908919 0.242660 9.243946 -0.725710 0.068835 2.516408 23.907079 1.906024 -13.700531 -3.605238 -4.378387 2.504653 -0.723110 -1.775396 0.155369 2.928249 1.632351 3.692013 -2.463347 0.332313 0.761767 11.477468 -2.897988 6.250343 -6.970167 0.402167 0.330836 -15.234336 -13.159741 -6.518061 -2.058669 -65.941173 23.694953 -3.335294 9.421227 -4.794244 -0.684622 -12.518419 13.774493 -31.408157 -33.069437 -18.152277 -21.722575 -28.530639 -6.644358 -10.884674 -3.826775 -4.206650 -21.059126 -36.115008 -7.085308 -6.107878 -35.336742 -8.344426 -15.319158 -20.791002 -9.228273 -8.527080 -30.449810 1.026286 -7.210100 -40.474625 0.117229 -8.637283 -19.365405 -5.372419 -0.194158 -23.701533 3.696132 5.719162 -43.456242 -1.178000 7.020673 -10.566583 -5.689846 -5.016964 1.815512 16.105875 49.351501 2.534405 2.202657 -28.595968 -14.507776 6.620655 30.044851 6.616406 -2.406731 -0.646726 56.656897 -12.881994 24.364615 -7.543555 8.039094 4.213598 22.969648 -13.679439 -20.492311 33.069437 18.152275 -21.722575 28.530639 6.644356 -10.884674 3.826775 4.206655 -21.059126 36.115008 7.085306 -6.107878 35.336742 8.344431 -15.319158 20.791002 9.228278 -8.527080 30.449810 -1.026281 -7.210100 40.474625 -0.117231 -8.637283 19.365405 5.372431 -0.194158 23.701533 -3.696120 5.719162 43.456242 1.178012 7.020673 10.566583 5.689844 -5.016964 -1.815512 -16.105870 49.351501 -2.534405 -2.202652 -28.595968 14.507776 -6.620650 30.044851
0.037751 0.928988 -0.070604 2.865227 0.356026 -5.766169 -4.590766 -8.931945 -1.038522 0.309474 -3.160907 21.347806 0.297671 13.351602 -3.176125 2.115413 -1.121624 -4.674226 -0.853033 7.855410 -4.394551 0.173659 2.500180 29.404900 2.767109 -11.956947 -0.755968 -4.404092 2.649925 -2.898552 -1.960196 0.120337 3.464559 1.432339 3.723248 -2.405058 0.168995 1.008104 12.290983 -3.007704 5.567542 -8.451196 0.573002 0.280436 -15.435558 -14.954184 -9.269732 -2.116699 -63.164415 20.747597 -3.815016 9.149629 -4.055463 -2.117065 -9.323641 13.947017 -31.180452 -33.069437 -18.152277 -21.722575 -28.530639 -6.644358 -10.884674 -3.826775 -4.206650 -21.059126 -36.115008 -7.085308 -6.107878 -35.336742 -8.344426 -15.319158 -20.791002 -9.228273 -8.527080 -30.449810 1.026286 -7.210100 -40.474625 0.117229 -8.637283 -19.365405 -5.372419 -0.194158 -23.701533 3.696132 5.719162 -43.456242 -1.178000 7.020673 -10.566583 -5.689846 -5.016964 1.815512 16.105875 49.351501 2.534405 2.202657 -28.595968 -14.507776 6.620655 30.044851 6.769516 -0.357619 -0.054329 56.944274 -9.367124 29.712945 -7.383014 9.488269 5.083382 18.710045 -13.368529 -19.298978 33.069437 18.152275 -21.722575 28.530639 6.644356 -10.884674 3.826775 4.206655 -21.059126 36.115008 7.085306 -6.107878 35.336742 8.344431 -15.319158 20.791002 9.228278 -8.527080 30.449810 -1.026281 -7.210100 40.474625 -0.117231 -8.637283 19.365405 5.372431 -0.194158 23.701533 -3.696120 5.719162 43.456242 1.178012 7.020673 10.566583 5.689844 -5.016964 -1.815512 -16.105870 49.351501 -2.534405 -2.202652 -28.595968 14.507776 -6.620650 30.044851
0.042965 0.926117 -0.078152 3.153988 1.153840 -5.711639 -5.022640 -8.261740 -1.521828 0.202958 -2.987789 21.811919 0.185661 12.482515 -3.976389 2.248949 -1.239465 -4.390620 -1.905071 6.580289 -9.341781 0.219037 2.486307 36.300779 3.815780 -10.581265 3.877728 -4.544974 2.795496 -5.079453 -2.130406 0.093774 4.098818 1.137439 3.629736 -2.216351 0.057129 1.112203 13.494203 -3.409923 4.812841 -10.559334 0.894264 0.124319 -15.892833 -16.733482 -12.383233 -1.746794 -60.331136 16.348388 -3.051324 8.829485 -3.635700 -3.646100 -5.029575 13.692421 -30.665541 -33.069437 -18.152277 -21.722575 -28.530639 -6.644358 -10.884674 -3.826775 -4.206650 -21.059126 -36.115008 -7.085308 -6.107878 -35.336742 -8.344426 -15.319158 -20.791002 -9.228273 -8.527080 -30.449810 1.026286 -7.210100 -40.474625 0.117229 -8.637283 -19.365405 -5.372419 -0.194158 -23.701533 3.696132 5.719162 -43.456242 -1.178000 7.020673 -10.566583 -5.689846 -5.016964 1.815512 16.105875 49.351501 2.534405 2.202657 -28.595968 -14.507776 6.620655 30.044851 7.107348 1.505929 0.102708 56.995859 -4.576299 35.140504 -7.179055 11.511221 6.452364 14.613545 -12.801131 -18.808767 33.069437 18.152275 -21.722575 28.530639 6.644356 -10.884674 3.826775 4.206655 -21.059126 36.115008 7.085306 -6.107878 35.336742 8.344431 -15.319158 20.791002 9.228278 -8.527080 30.449810 -1.026281 -7.210100 40.474625 -0.117231 -8.637283 19.365405 5.372431 -0.194158 23.701533 -3.696120 5.719162 43.456242 1.178012 7.020673 10.566583 5.689844 -5.016964 -1.815512 -16.105870 49.351501 -2.534405 -2.202652 -28.595968 14.507776 -6.620650 30.044851
0.046932 0.922174 -0.087121 3.353232 2.147646 -5.441084 -5.188039 -7.510453 -2.714865 0.111994 -2.713905 22.981794 -0.263613 11.137637 -5.049335 2.277480 -1.289599 -4.123664 -2.630711 5.658705 -15.512384 0.191669 2.475051 43.951332 4.771736 -10.267158 10.876736 -4.785993 2.888298 -6.702398 -2.213507 0.145253 4.803543 0.761995 3.410910 -1.791757 0.037889 1.019237 15.180179 -4.066110 4.024616 -13.735019 1.330416 -0.202888 -16.661321 -18.024560 -15.536335 -1.214333 -57.495528 10.720449 -0.283077 8.486816 -3.859983 -4.415077 -0.713087 12.901711 -29.621253 -33.069437 -18.152277 -21.722575 -28.530639 -6.644358 -10.884674 -3.826775 -4.206650 -21.059126 -36.115008 -7.085308 -6.107878 -35.336742 -8.344426 -15.319158 -20.791002 -9.228273 -8.527080 -30.449810 1.026286 -7.210100 -40.474625 0.117229 -8.637283 -19.365405 -5.372419 -0.194158 -23.701533 3.696132 5.719162 -43.456242 -1.178000 7.020673 -10.566583 -5.689846 -5.016964 1.815512 16.105875 49.351501 2.534405 2.202657 -28.595968 -14.507776 6.620655 30.044851 7.616511 2.904513 -0.254141 56.369425 1.584531 39.557549 -6.797960 14.297911 8.887820 11.009199 -12.332853 -18.625496 33.069437 18.152275 -21.722575 28.530639 6.644356 -10.884674 3.826775 4.206655 -21.059126 36.115008 7.085306 -6.107878 35.336742 8.344431 -15.319158 20.791002 9.228278 -8.527080 30.449810 -1.026281 -7.210100 40.474625 -0.117231 -8.637283 19.365405 5.372431 -0.194158 23.701533 -3.696120 5.719162 43.456242 1.178012 7.020673 10.566583 5.689844 -5.016964 -1.815512 -16.105870 49.351501 -2.534405 -2.202652 -28.595968 14.507776 -6.620650 30.044851
0.048838 0.917920 -0.097549 3.280631 3.345013 -4.778371 -4.712355 -6.315177 -4.896481 0.034746 -2.362321 24.950118 -1.091148 8.739769 -6.154950 2.201449 -1.265720 -4.005443 -2.720142 5.288789 -22.535953 0.123794 2.482879 51.250396 4.966702 -11.533551 19.752373 -5.040987 2.890054 -7.178385 -2.127171 0.326219 5.528548 0.348035 3.079304 -1.044336 0.129991 0.713006 17.096513 -4.723889 3.197146 -18.018671 1.840359 -0.783666 -17.550526 -18.382443 -18.522344 -0.802490 -54.654935 4.187591 4.580093 8.124759 -5.386531 -3.669961 2.399771 11.777038 -28.085553 -33.069437 -18.152277 -21.722575 -28.530639 -6.644358 -10.884674 -3.826775 -4.206650 -21.059126 -36.115008 -7.085308 -6.107878 -35.336742 -8.344426 -15.319158 -20.791002 -9.228273 -8.527080 -30.449810 1.026286 -7.210100 -40.474625 0.117229 -8.637283 -19.365405 -5.372419 -0.194158 -23.701533 3.696132 5.719162 -43.456242 -1.178000 7.020673 -10.566583 -5.689846 -5.016964 1.815512 16.105875 49.351501 2.534405 2.202657 -28.595968 -14.507776 6.620655 30.044851 8.245774 3.825967 -0.960004 54.721604 8.600502 41.836644 -6.166314 18.231116 12.930980 7.640686 -12.129969 -18.172849 33.069437 18.152275 -21.722575 28.530639 6.644356 -10.884674 3.826775 4.206655 -21.059126 36.115008 7.085306 -6.107878 35.336742 8.344431 -15.319158 20.791002 9.228278 -8.527080 30.449810 -1.026281 -7.210100 40.474625 -0.117231 -8.637283 19.365405 5.372431 -0.194158 23.701533 -3.696120 5.719162 43.456242 1.178012 7.020673 10.566583 5.689844 -5.016964 -1.815512 -16.105870 49.351501 -2.534405 -2.202652 -28.595968 14.507776 -6.620650 30.044851
0.048898 0.913571 -0.108879 2.796545 4.753104 -3.410308 -3.405518 -4.443056 -8.382640 -0.037382 -1.956321 27.588592 -2.004134 5.088651 -7.002102 2.092041 -1.186907 -4.237165 -2.062073 5.525216 -30.079713 0.049242 2.482442 57.409543 4.057899 -13.749517 28.458384 -5.177219 2.832509 -6.403961 -1.853414 0.634595 6.155967 -0.032874 2.673065 -0.038145 0.313222 0.284063 18.590923 -5.002141 2.327212 -22.506966 2.478682 -1.615351 -18.270596 -17.667220 -21.026134 -0.912441 -51.792795 -2.915723 10.776095 7.761018 -8.958535 -1.087581 3.757929 10.841753 -26.289989 -33.069437 -18.152277 -21.722575 -28.530639 -6.644358 -10.884674 -3.826775 -4.206650 -21.059126 -36.115008 -7.085308 -6.107878 -35.336742 -8.344426 -15.319158 -20.791002 -9.228273 -8.527080 -30.449810 1.026286 -7.210100 -40.474625 0.117229 -8.637283 -19.365405 -5.372419 -0.194158 -23.701533 3.696132 5.719162 -43.456242 -1.178000 7.020673 -10.566583 -5.689846 -5.016964 1.815512 16.105875 49.351501 2.534405 2.202657 -28.595968 -14.507776 6.620655 30.044851 8.791616 4.509983 -1.786728 51.978689 15.402509 41.320773 -5.336858 23.435256 18.390295 4.594862 -12.117293 -17.424267 33.069437 18.152275 -21.722575 28.530639 6.644356 -10.884674 3.826775 4.206655 -21.059126 36.115008 7.085306 -6.107878 35.336742 8.344431 -15.319158 20.791002 9.228278 -8.527080 30.449810 -1.026281 -7.210100 40.474625 -0.117231 -8.637283 19.365405 5.372431 -0.194158 23.701533 -3.696120 5.719162 43.456242 1.178012 7.020673 10.566583 5.689844 -5.016964 -1.815512 -16.105870 49.351501 -2.534405 -2.202652 -28.595968 14.507776 -6.620650 30.044851
0.046801 0.909124 -0.120172 1.917262 6.272008 -1.142366 -1.546610 -2.283876 -13.186461 -0.092351 -1.518547 30.611989 -2.522465 1.046804 -7.511187 1.998454 -1.067590 -4.901459 -0.878936 6.303085 -38.159174 -0.043006 2.426359 62.575229 2.853206 -15.654894 34.919185 -5.122869 2.781139 -4.909309 -1.475027 1.037071 6.555609 -0.341976 2.264442 1.014200 0.562497 -0.095497 19.167362 -4.632598 1.409023 -26.101115 3.375668 -2.606773 -18.756212 -16.058459 -22.677496 -1.859741 -49.019899 -10.379303 17.220408 7.339726 -14.886593 3.142561 3.968236 10.442467 -24.602442 -33.069437 -18.152277 -21.722575 -28.530639 -6.644358 -10.884674 -3.826775 -4.206650 -21.059126 -36.115008 -7.085308 -6.107878 -35.336742 -8.344426 -15.319158 -20.791002 -9.228273 -8.527080 -30.449810 1.026286 -7.210100 -40.474625 0.117229 -8.637283 -19.365405 -5.372419 -0.194158 -23.701533 3.696132 5.719162 -43.456242 -1.178000 7.020673 -10.566583 -5.689846 -5.016964 1.815512 16.105875 49.351501 2.534405 2.202657 -28.595968 -14.507776 6.620655 30.044851 8.968214 5.055790 -2.663244 48.478053 21.159143 38.238602 -4.351342 29.481811 24.541635 2.340242 -12.189262 -16.877633 33.069437 18.152275 -21.722575 28.530639 6.644356 -10.884674 3.826775 4.206655 -21.059126 36.115008 7.085306 -6.107878 35.336742 8.344431 -15.319158 20.791002 9.228278 -8.527080 30.449810 -1.026281 -7.210100 40.474625 -0.117231 -8.637283 19.365405 5.372431 -0.194158 23.701533 -3.696120 5.719162 43.456242 1.178012 7.020673 10.566583 5.689844 -5.016964 -1.815512 -16.105870 49.351501 -2.534405 -2.202652 -28.595968 14.507776 -6.620650 30.044851
0.042873 0.903964 -0.131473 0.779363 7.814552 1.856906 0.461594 -0.399550 -18.939097 -0.098218 -1.070117 33.863610 -2.567854 -2.452814 -7.873045 1.887822 -0.912354 -5.826424 0.458922 7.440681 -46.752918 -0.188715 2.304331 67.185101 2.170101 -16.647074 38.857544 -4.940827 2.769576 -3.404656 -1.111464 1.498580 6.674911 -0.582106 1.924251 1.976423 0.874889 -0.320245 18.893179 -3.547298 0.361258 -28.549745 4.588519 -3.734882 -19.109795 -13.890841 -23.518135 -3.557024 -46.363830 -17.971714 22.992288 6.678465 -23.216569 8.425795 3.787999 10.340533 -23.421072 -33.069437 -18.152277 -21.722575 -28.530639 -6.644358 -10.884674 -3.826775 -4.206650 -21.059126 -36.115008 -7.085308 -6.107878 -35.336742 -8.344426 -15.319158 -20.791002 -9.228273 -8.527080 -30.449810 1.026286 -7.210100 -40.474625 0.117229 -8.637283 -19.365405 -5.372419 -0.194158 -23.701533 3.696132 5.719162 -43.456242 -1.178000 7.020673 -10.566583 -5.689846 -5.016964 1.815512 16.105875 49.351501 2.534405 2.202657 -28.595968 -14.507776 6.620655 30.044851 8.588937 5.352528 -3.544722 44.562671 25.492898 33.064567 -3.154887 36.000202 30.872831 1.017862 -12.390309 -16.617304 33.069437 18.152275 -21.722575 28.530639 6.644356 -10.884674 3.826775 4.206655 -21.059126 36.115008 7.085306 -6.107878 35.336742 8.344431 -15.319158 20.791002 9.228278 -8.527080 30.449810 -1.026281 -7.210100 40.474625 -0.117231 -8.637283 19.365405 5.372431 -0.194158 23.701533 -3.696120 5.719162 43.456242 1.178012 7.020673 10.566583 5.689844 -5.016964 -1.815512 -16.105870 49.351501 -2.534405 -2.202652 -28.595968 14.507776 -6.620650 30.044851
0.037372 0.897006 -0.141870 -0.508438 9.320533 5.201605 2.487329 0.727575 -25.132574 -0.019398 -0.606867 37.330576 -2.254337 -4.824126 -8.326983 1.728176 -0.709593 -6.845094 1.712007 8.645492 -55.486418 -0.390595 2.134976 71.381884 2.072669 -16.568609 40.934867 -4.755776 2.814881 -2.245754 -0.838865 1.980860 6.515903 -0.763987 1.715124 2.828471 1.296861 -0.360030 18.130208 -1.788544 -0.992158 -29.949334 6.127959 -5.092867 -19.451491 -11.486531 -23.893878 -5.723582 -43.589174 -25.305015 27.171816 5.700486 -34.194657 14.446434 3.656410 9.890287 -22.866194 -33.069437 -18.152277 -21.722575 -28.530639 -6.644358 -10.884674 -3.826775 -4.206650 -21.059126 -36.115008 -7.085308 -6.107878 -35.336742 -8.344426 -15.319158 -20.791002 -9.228273 -8.527080 -30.449810 1.026286 -7.210100 -40.474625 0.117229 -8.637283 -19.365405 -5.372419 -0.194158 -23.701533 3.696132 5.719162 -43.456242 -1.178000 7.020673 -10.566583 -5.689846 -5.016964 1.815512 16.105875 49.351501 2.534405 2.202657 -28.595968 -14.507776 6.620655 30.044851 7.540430 5.253443 -4.332831 40.302569 27.975371 26.112325 -1.756344 43.182473 37.186917 0.162818 -12.529693 -16.156363 33.069437 18.152275 -21.722575 28.530639 6.644356 -10.884674 3.826775 4.206655 -21.059126 36.115008 7.085306 -6.107878 35.336742 8.344431 -15.319158 20.791002 9.228278 -8.527080 30.449810 -1.026281 -7.210100 40.474625 -0.117231 -8.637283 19.365405 5.372431 -0.194158 23.701533 -3.696120 5.719162 43.456242 1.178012 7.020673 10.566583 5.689844 -5.016964 -1.815512 -16.105870 49.351501 -2.534405 -2.202652 -28.595968 14.507776 -6.620650 30.044851
0.030322 0.887536 -0.148489 -1.891854 10.741418 8.358949 4.643910 0.807317 -31.155491 0.143123 -0.133029 41.073329 -1.696018 -5.837883 -9.094510 1.508399 -0.458795 -7.995477 2.776772 9.527618 -63.659959 -0.582479 1.946518 75.127996 2.259464 -15.358416 41.621660 -4.670775 2.934142 -1.463355 -0.672583 2.416995 6.140176 -0.880762 1.686123 3.552632 1.932625 -0.273123 17.322384 0.441157 -3.006094 -30.242165 8.026531 -6.888660 -19.974781 -9.030173 -24.202008 -8.118168 -40.424485 -31.883375 28.819877 4.484245 -47.978234 21.677313 4.084033 8.934546 -22.550967 -33.069437 -18.152277 -21.722575 -28.530639 -6.644358 -10.884674 -3.826775 -4.206650 -21.059126 -36.115008 -7.085308 -6.107878 -35.336742 -8.344426 -15.319158 -20.791002 -9.228273 -8.527080 -30.449810 1.026286 -7.210100 -40.474625 0.117229 -8.637283 -19.365405 -5.372419 -0.194158 -23.701533 3.696132 5.719162 -43.456242 -1.178000 7.020673 -10.566583 -5.689846 -5.016964 1.815512 16.105875 49.351501 2.534405 2.202657 -28.595968 -14.507776 6.620655 30.044851 5.966797 4.553533 -5.043820 35.664072 28.012172 17.988024 -0.247408 51.757858 43.885960 -1.397016 -11.995968 -15.247813 33.069437 18.152275 -21.722575 28.530639 6.644356 -10.884674 3.826775 4.206655 -21.059126 36.115008 7.085306 -6.107878 35.336742 8.344431 -15.319158 20.791002 9.228278 -8.527080 30.449810 -1.026281 -7.210100 40.474625 -0.117231 -8.637283 19.365405 5.372431 -0.194158 23.701533 -3.696120 5.719162 43.456242 1.178012 7.020673 10.566583 5.689844 -5.016964 -1.815512 -16.105870 49.351501 -2.534405 -2.202652 -28.595968 14.507776 -6.620650 30.044851
0.022838 0.875901 -0.150637 -3.291687 12.026046 10.857867 6.999656 0.117673 -36.376703 0.349132 0.318269 45.017910 -1.105982 -5.881808 -10.297982 1.215931 -0.209459 -9.285387 3.572435 9.804206 -70.561551 -0.707772 1.767717 78.172861 2.193124 -13.422228 41.134247 -4.701876 3.114350 -0.992556 -0.597040 2.697046 5.648717 -0.924401 1.777354 4.136818 2.797268 -0.250986 16.745833 2.747792 -6.037953 -29.348835 10.354767 -9.283946 -20.850409 -6.621549 -24.606341 -10.474940 -36.889486 -37.412721 27.477218 2.502411 -63.641892 31.065538 5.595484 8.113345 -21.979836 -33.069437 -18.152277 -21.722575 -28.530639 -6.644358 -10.884674 -3.826775 -4.206650 -21.059126 -36.115008 -7.085308 -6.107878 -35.336742 -8.344426 -15.319158 -20.791002 -9.228273 -8.527080 -30.449810 1.026286 -7.210100 -40.474625 0.117229 -8.637283 -19.365405 -5.372419 -0.194158 -23.701533 3.696132 5.719162 -43.456242 -1.178000 7.020673 -10.566583 -5.689846 -5.016964 1.815512 16.105875 49.351501 2.534405 2.202657 -28.595968 -14.507776 6.620655 30.044851 4.503137 3.055747 -5.857020 31.049190 25.482120 9.698852 1.777591 62.323218 52.485899 -4.776315 -10.378709 -14.659548 33.069437 18.152275 -21.722575 28.530639 6.644356 -10.884674 3.826775 4.206655 -21.059126 36.115008 7.085306 -6.107878 35.336742 8.344431 -15.319158 20.791002 9.228278 -8.527080 30.449810 -1.026281 -7.210100 40.474625 -0.117231 -8.637283 19.365405 5.372431 -0.194158 23.701533 -3.696120 5.719162 43.456242 1.178012 7.020673 10.566583 5.689844 -5.016964 -1.815512 -16.105870 49.351501 -2.534405 -2.202652 -28.595968 14.507776 -6.620650 30.044851
0.016023 0.863851 -0.147544 -4.590323 12.999915 12.555553 9.399353 -0.848669 -40.276417 0.550409 0.713211 48.737266 -0.747818 -5.337244 -11.908677 0.925053 -0.019757 -10.358822 3.904495 9.578919 -75.696951 -0.811095 1.610185 79.957746 1.187413 -11.685502 39.763982 -4.734718 3.265728 -0.772036 -0.613869 2.703152 5.112636 -0.937051 1.800755 4.639990 3.658863 -0.499387 16.282816 4.844104 -10.001204 -27.364951 13.098426 -12.176920 -21.984765 -4.522083 -25.028085 -12.213260 -32.974661 -41.744970 23.193055 -4.133499 -79.133183 45.493076 8.122946 7.683897 -21.393881 -33.069437 -18.152277 -21.722575 -28.530639 -6.644358 -10.884674 -3.826775 -4.206650 -21.059126 -36.115008 -7.085308 -6.107878 -35.336742 -8.344426 -15.319158 -20.791002 -9.228273 -8.527080 -30.449810 1.026286 -7.210100 -40.474625 0.117229 -8.637283 -19.365405 -5.372419 -0.194158 -23.701533 3.696132 5.719162 -43.456242 -1.178000 7.020673 -10.566583 -5.689846 -5.016964 1.815512 16.105875 49.351501 2.534405 2.202657 -28.595968 -14.507776 6.620655 30.044851 3.695148 0.892305 -6.777575 27.582797 21.158378 1.934563 6.858497 74.436394 65.880043 -9.729539 -7.922272 -15.466487 33.069437 18.152275 -21.722575 28.530639 6.644356 -10.884674 3.826775 4.206655 -21.059126 36.115008 7.085306 -6.107878 35.336742 8.344431 -15.319158 20.791002 9.228278 -8.527080 30.449810 -1.026281 -7.210100 40.474625 -0.117231 -8.637283 19.365405 5.372431 -0.194158 23.701533 -3.696120 5.719162 43.456242 1.178012 7.020673 10.566583 5.689844 -5.016964 -1.815512 -16.105870 49.351501 -2.534405 -2.202652 -28.595968 14.507776 -6.620650 30.044851
0.010669 0.854231 -0.138094 -5.805776 13.328406 13.524026 11.674146 -1.804049 -42.390702 0.710391 1.000475 51.581742 -0.746805 -4.124394 -13.718524 0.783031 0.085045 -10.806324 3.486767 9.425049 -78.632211 -0.944803 1.465802 79.693090 -0.825536 -10.813860 37.757538 -4.612858 3.290610 -0.778692 -0.708270 2.382393 4.530658 -0.958003 1.536351 5.072278 4.198614 -1.140325 15.639692 6.563030 -14.369998 -24.452142 16.010237 -15.333765 -23.021412 -3.107255 -25.310841 -12.657993 -28.519332 -44.422482 16.583143 -143.596832 -86.067566 -167.976417 10.975983 7.775148 -21.451063 -33.069437 -18.152277 -21.722575 -28.530639 -6.644358 -10.884674 -3.826775 -4.206650 -21.059126 -36.115008 -7.085308 -6.107878 -35.336742 -8.344426 -15.319158 -20.791002 -9.228273 -8.527080 -30.449810 1.026286 -7.210100 -40.474625 0.117229 -8.637283 -19.365405 -5.372419 -0.194158 -23.701533 3.696132 5.719162 -43.456242 -1.178000 7.020673 -10.566583 -5.689846 -5.016964 1.815512 16.105875 49.351501 2.534405 2.202657 -28.595968 -14.507776 6.620655 30.044851 3.481261 -1.428873 -7.524265 26.295175 16.213239 -5.098577 48.144661 85.955331 116.457635 -15.013632 -5.166284 -18.276488 33.069437 18.152275 -21.722575 28.530639 6.644356 -10.884674 3.826775 4.206655 -21.059126 36.115008 7.085306 -6.107878 35.336742 8.344431 -15.319158 20.791002 9.228278 -8.527080 30.449810 -1.026281 -7.210100 40.474625 -0.117231 -8.637283 19.365405 5.372431 -0.194158 23.701533 -3.696120 5.719162 43.456242 1.178012 7.020673 10.566583 5.689844 -5.016964 -1.815512 -16.105870 49.351501 -2.534405 -2.202652 -28.595968 14.507776 -6.620650 30.044851
0.006174 0.849737 -0.121720 -7.195755 12.595602 13.679436 13.860650 -2.594923 -42.152693 0.818892 1.119245 53.012510 -1.136695 -1.974236 -15.385947 0.874996 0.122802 -10.558626 2.394053 10.200569 -78.828634 -1.080498 1.303332 76.687055 -3.316185 -10.603477 35.391226 -4.242953 3.164053 -0.908996 -0.789631 1.797408 3.898651 -0.950740 0.848387 5.319613 4.245285 -2.188684 14.646781 7.560826 -18.535567 -20.647139 18.697383 -18.581616 -23.551910 -2.630285 -25.169887 -11.520629 -24.055942 -44.807787 9.230589 -166.774795 -74.474840 -138.474845 13.475769 8.553694 -22.002587 -33.069437 -18.152277 -21.722575 -28.530639 -6.644358 -10.884674 -3.826775 -4.206650 -21.059126 -36.115008 -7.085308 -6.107878 -35.336742 -8.344426 -15.319158 -20.791002 -9.228273 -8.527080 -30.449810 1.026286 -7.210100 -40.474625 0.117229 -8.637283 -19.365405 -5.372419 -0.194158 -23.701533 3.696132 5.719162 -43.456242 -1.178000 7.020673 -10.566583 -5.689846 -5.016964 1.815512 16.105875 49.351501 2.534405 2.202657 -28.595968 -14.507776 6.620655 30.044851 3.455849 -3.409252 -7.741850 27.354832 11.516446 -11.139706 154.429010 79.541988 -128.176860 -19.493042 -2.850802 -22.904548 33.069437 18.152275 -21.722575 28.530639 6.644356 -10.884674 3.826775 4.206655 -21.059126 36.115008 7.085306 -6.107878 35.336742 8.344431 -15.319158 20.791002 9.228278 -8.527080 30.449810 -1.026281 -7.210100 40.474625 -0.117231 -8.637283 19.365405 5.372431 -0.194158 23.701533 -3.696120 5.719162 43.456242 1.178012 7.020673 10.566583 5.689844 -5.016964 -1.815512 -16.105870 49.351501 -2.534405 -2.202652 -28.595968 14.507776 -6.620650 30.044851
0.001597 0.851618 -0.098626 -9.027011 10.595668 12.785092 16.043708 -3.246243 -39.074430 0.887281 1.020515 52.794179 -1.878977 1.267672 -16.541323 1.180787 0.137576 -9.869096 1.447843 12.399733 -75.820940 -1.152857 1.077117 70.889263 -5.711553 -10.284070 33.152850 -3.631180 2.931335 -0.940992 -0.733526 1.086993 3.272940 -0.828521 -0.198585 5.238759 3.846176 -3.524785 13.383967 7.382626 -22.180060 -15.779072 20.947210 -21.963598 -23.406140 -2.918001 -24.237115 -8.995562 -21.034585 -42.964234 3.316193 -169.160990 -65.030227 -130.445958 15.278351 9.738193 -22.231603 -33.069437 -18.152277 -21.722575 -28.530639 -6.644358 -10.884674 -3.826775 -4.206650 -21.059126 -36.115008 -7.085308 -6.107878 -35.336742 -8.344426 -15.319158 -20.791002 -9.228273 -8.527080 -30.449810 1.026286 -7.210100 -40.474625 0.117229 -8.637283 -19.365405 -5.372419 -0.194158 -23.701533 3.696132 5.719162 -43.456242 -1.178000 7.020673 -10.566583 -5.689846 -5.016964 1.815512 16.105875 49.351501 2.534405 2.202657 -28.595968 -14.507776 6.620655 30.044851 3.227236 -4.904176 -7.248090 29.959146 7.460195 -15.290263 162.000302 69.339707 -113.209484 -22.177915 -1.717735 -27.903809 33.069437 18.152275 -21.722575 28.530639 6.644356 -10.884674 3.826775 4.206655 -21.059126 36.115008 7.085306 -6.107878 35.336742 8.344431 -15.319158 20.791002 9.228278 -8.527080 30.449810 -1.026281 -7.210100 40.474625 -0.117231 -8.637283 19.365405 5.372431 -0.194158 23.701533 -3.696120 5.719162 43.456242 1.178012 7.020673 10.566583 5.689844 -5.016964 -1.815512 -16.105870 49.351501 -2.534405 -2.202652 -28.595968 14.507776 -6.620650 30.044851
-0.004394 0.859040 -0.069623 -11.188753 7.632302 10.908500 18.033431 -4.146988 -33.284150 0.926850 0.689865 51.040849 -2.749995 5.538644 -16.922333 1.621321 0.168633 -9.113571 1.840159 15.386479 -69.834723 -1.134645 0.826128 63.429986 -7.416414 -9.745025 31.446399 -2.932756 2.647684 -0.772418 -0.490575 0.337701 2.671790 -0.560868 -1.396184 4.733824 3.204969 -4.928491 12.139550 5.837319 -25.333142 -9.712462 22.814336 -25.601275 -22.753814 -3.293209 -22.398674 -5.769881 -20.649091 -39.914322 0.321038 -169.337646 -58.649510 -125.891643 16.228815 10.885227 -21.881104 -33.069437 -18.152277 -21.722575 -28.530639 -6.644358 -10.884674 -3.826775 -4.206650 -21.059126 -36.115008 -7.085308 -6.107878 -35.336742 -8.344426 -15.319158 -20.791002 -9.228273 -8.527080 -30.449810 1.026286 -7.210100 -40.474625 0.117229 -8.637283 -19.365405 -5.372419 -0.194158 -23.701533 3.696132 5.719162 -43.456242 -1.178000 7.020673 -10.566583 -5.689846 -5.016964 1.815512 16.105875 49.351501 2.534405 2.202657 -28.595968 -14.507776 6.620655 30.044851 2.696719 -6.113556 -6.306967 32.585788 4.134022 -16.285020 163.057137 61.989413 -107.438999 -22.725192 -1.625152 -31.282092 33.069437 18.152275 -21.722575 28.530639 6.644356 -10.884674 3.826775 4.206655 -21.059126 36.115008 7.085306 -6.107878 35.336742 8.344431 -15.319158 20.791002 9.228278 -8.527080 30.449810 -1.026281 -7.210100 40.474625 -0.117231 -8.637283 19.365405 5.372431 -0.194158 23.701533 -3.696120 5.719162 43.456242 1.178012 7.020673 10.566583 5.689844 -5.016964 -1.815512 -16.105870 49.351501 -2.534405 -2.202652 -28.595968 14.507776 -6.620650 30.044851
-0.012926 0.869241 -0.036201 -13.325356 4.242875 8.471455 19.443973 -5.724748 -25.628934 0.963161 0.199594 48.216341 -3.444122 10.570779 -16.420256 2.107721 0.250349 -8.569561 4.289868 17.880748 -61.916184 -1.065984 0.663357 56.289491 -7.890709 -9.853140 30.338946 -2.349126 2.334397 -0.505724 -0.104659 -0.445654 2.078186 -0.237205 -2.595661 3.809398 2.537583 -6.214309 11.110997 3.246176 -27.740299 -2.920531 24.203047 -29.159837 -21.756145 -3.037832 -20.083670 -2.890262 -22.914048 -36.446208 0.531040 -168.845709 -55.355723 -123.571591 16.406261 11.817596 -21.335677 -33.069437 -18.152277 -21.722575 -28.530639 -6.644358 -10.884674 -3.826775 -4.206650 -21.059126 -36.115008 -7.085308 -6.107878 -35.336742 -8.344426 -15.319158 -20.791002 -9.228273 -8.527080 -30.449810 1.026286 -7.210100 -40.474625 0.117229 -8.637283 -19.365405 -5.372419 -0.194158 -23.701533 3.696132 5.719162 -43.456242 -1.178000 7.020673 -10.566583 -5.689846 -5.016964 1.815512 16.105875 49.351501 2.534405 2.202657 -28.595968 -14.507776 6.620655 30.044851 2.106735 -7.145905 -5.507585 33.849933 1.559656 -13.616058 162.980270 57.990446 -105.198109 -22.152289 -1.931445 -32.160601 33.069437 18.152275 -21.722575 28.530639 6.644356 -10.884674 3.826775 4.206655 -21.059126 36.115008 7.085306 -6.107878 35.336742 8.344431 -15.319158 20.791002 9.228278 -8.527080 30.449810 -1.026281 -7.210100 40.474625 -0.117231 -8.637283 19.365405 5.372431 -0.194158 23.701533 -3.696120 5.719162 43.456242 1.178012 7.020673 10.566583 5.689844 -5.016964 -1.815512 -16.105870 49.351501 -2.534405 -2.202652 -28.595968 14.507776 -6.620650 30.044851
-0.024685 0.879306 -0.000287 -15.242720 0.790167 5.814723 20.062817 -7.984994 -17.073786 1.007694 -0.359013 45.025461 -3.762794 15.874086 -14.900807 2.567085 0.372398 -8.312740 8.640422 19.126786 -53.113122 -1.009034 0.621297 50.941596 -7.107649 -11.115038 29.314506 -1.954956 2.010318 -0.395725 0.342852 -1.250127 1.515257 0.021252 -3.740148 2.591219 1.990113 -7.332950 10.210288 0.404337 -28.939133 3.670659 24.766976 -32.035067 -20.362505 -1.790780 -18.072576 -1.117668 -26.722760 -32.529224 3.185184 -168.086028 -54.140721 -122.465210 16.343224 12.562360 -20.735493 -33.069437 -18.152277 -21.722575 -28.530639 -6.644358 -10.884674 -3.826775 -4.206650 -21.059126 -36.115008 -7.085308 -6.107878 -35.336742 -8.344426 -15.319158 -20.791002 -9.228273 -8.527080 -30.449810 1.026286 -7.210100 -40.474625 0.117229 -8.637283 -19.365405 -5.372419 -0.194158 -23.701533 3.696132 5.719162 -43.456242 -1.178000 7.020673 -10.566583 -5.689846 -5.016964 1.815512 16.105875 49.351501 2.534405 2.202657 -28.595968 -14.507776 6.620655 30.044851 1.734028 -7.833097 -5.158311 33.335363 -0.059885 -7.800885 162.725272 56.868506 -104.518109 -21.620124 -2.267545 -30.897498 33.069437 18.152275 -21.722575 28.530639 6.644356 -10.884674 3.826775 4.206655 -21.059126 36.115008 7.085306 -6.107878 35.336742 8.344431 -15.319158 20.791002 9.228278 -8.527080 30.449810 -1.026281 -7.210100 40.474625 -0.117231 -8.637283 19.365405 5.372431 -0.194158 23.701533 -3.696120 5.719162 43.456242 1.178012 7.020673 10.566583 5.689844 -5.016964 -1.815512 -16.105870 49.351501 -2.534405 -2.202652 -28.595968 14.507776 -6.620650 30.044851
-0.039228 0.886930 0.035547 -16.878685 -2.576980 3.097207 19.931038 -10.530291 -8.389788 1.054827 -0.922135 42.238925 -3.670662 20.562048 -12.037016 2.955119 0.495949 -8.362825 14.057795 19.139251 -43.898821 -0.964505 0.650441 47.592509 -5.626420 -12.835371 27.264192 -1.682470 1.714182 -0.885022 0.772960 -2.017499 1.044634 0.169542 -4.769942 1.219921 1.632089 -8.291574 9.199696 -1.855883 -28.828730 9.274393 24.138063 -33.863717 -18.402920 0.383603 -16.930274 -0.600868 -30.567002 -28.285129 6.834339 -167.181082 -53.913655 -121.740144 16.553411 13.300724 -20.453022 -33.069437 -18.152277 -21.722575 -28.530639 -6.644358 -10.884674 -3.826775 -4.206650 -21.059126 -36.115008 -7.085308 -6.107878 -35.336742 -8.344426 -15.319158 -20.791002 -9.228273 -8.527080 -30.449810 1.026286 -7.210100 -40.474625 0.117229 -8.637283 -19.365405 -5.372419 -0.194158 -23.701533 3.696132 5.719162 -43.456242 -1.178000 7.020673 -10.566583 -5.689846 -5.016964 1.815512 16.105875 49.351501 2.534405 2.202657 -28.595968 -14.507776 6.620655 30.044851 1.634873 -7.987808 -5.160276 31.468727 -0.423900 0.027208 162.587725 57.893321 -104.310068 -21.430921 -2.284259 -28.221116 33.069437 18.152275 -21.722575 28.530639 6.644356 -10.884674 3.826775 4.206655 -21.059126 36.115008 7.085306 -6.107878 35.336742 8.344431 -15.319158 20.791002 9.228278 -8.527080 30.449810 -1.026281 -7.210100 40.474625 -0.117231 -8.637283 19.365405 5.372431 -0.194158 23.701533 -3.696120 5.719162 43.456242 1.178012 7.020673 10.566583 5.689844 -5.016964 -1.815512 -16.105870 49.351501 -2.534405 -2.202652 -28.595968 14.507776 -6.620650 30.044851
-0.055500 0.891549 0.070233 -18.114416 -5.764561 0.408886 19.314240 -12.716963 -0.438066 1.092929 -1.404865 40.616085 -3.463776 23.229653 -7.313333 3.259010 0.604802 -8.681165 19.409017 18.413557 -34.424160 -0.859062 0.719604 45.411510 -4.464776 -13.669822 23.375725 -1.429049 1.480494 -2.141878 1.120618 -2.660623 0.756248 0.255895 -5.495902 -0.168694 1.478575 -9.020772 7.916040 -3.004038 -27.680166 13.310842 22.070602 -34.521317 -15.732979 2.918431 -16.755674 -1.067851 -33.210053 -24.655478 9.871599 -166.379409 -54.406648 -121.337873 16.625427 14.049312 -21.342601 -33.069437 -18.152277 -21.722575 -28.530639 -6.644358 -10.884674 -3.826775 -4.206650 -21.059126 -36.115008 -7.085308 -6.107878 -35.336742 -8.344426 -15.319158 -20.791002 -9.228273 -8.527080 -30.449810 1.026286 -7.210100 -40.474625 0.117229 -8.637283 -19.365405 -5.372419 -0.194158 -23.701533 3.696132 5.719162 -43.456242 -1.178000 7.020673 -10.566583 -5.689846 -5.016964 1.815512 16.105875 49.351501 2.534405 2.202657 -28.595968 -14.507776 6.620655 30.044851 1.679368 -7.574548 -5.342874 29.066707 0.241798 8.035362 162.743194 60.582790 -104.265010 -21.062097 -1.533163 -25.120579 33.069437 18.152275 -21.722575 28.530639 6.644356 -10.884674 3.826775 4.206655 -21.059126 36.115008 7.085306 -6.107878 35.336742 8.344431 -15.319158 20.791002 9.228278 -8.527080 30.449810 -1.026281 -7.210100 40.474625 -0.117231 -8.637283 19.365405 5.372431 -0.194158 23.701533 -3.696120 5.719162 43.456242 1.178012 7.020673 10.566583 5.689844 -5.016964 -1.815512 -16.105870 49.351501 -2.534405 -2.202652 -28.595968 14.507776 -6.620650 30.044851
-0.072244 0.894025 0.102373 -18.833453 -8.704595 -2.110527 18.724410 -13.872160 5.655626 1.120265 -1.760800 40.733192 -3.627558 22.951371 -0.377886 3.503138 0.691477 -8.983720 23.760191 17.746145 -25.024616 -0.661214 0.862348 43.257630 -4.397496 -13.045652 18.095169 -1.110850 1.332743 -3.469931 1.371938 -3.055168 0.738555 0.375808 -5.688848 -1.394573 1.549071 -9.404273 6.370214 -2.930250 -25.841055 15.412149 18.670163 -33.889678 -12.491205 5.118172 -17.291789 -1.908922 -34.229889 -22.816784 11.220953 -165.941348 -55.908948 -122.026275 15.217281 14.429672 -23.754471 -33.069437 -18.152277 -21.722575 -28.530639 -6.644358 -10.884674 -3.826775 -4.206650 -21.059126 -36.115008 -7.085308 -6.107878 -35.336742 -8.344426 -15.319158 -20.791002 -9.228273 -8.527080 -30.449810 1.026286 -7.210100 -40.474625 0.117229 -8.637283 -19.365405 -5.372419 -0.194158 -23.701533 3.696132 5.719162 -43.456242 -1.178000 7.020673 -10.566583 -5.689846 -5.016964 1.815512 16.105875 49.351501 2.534405 2.202657 -28.595968 -14.507776 6.620655 30.044851 1.658552 -6.626859 -5.478342 26.912158 1.017919 14.255752 163.274419 64.770133 -104.725583 -19.859835 -0.297944 -22.909190 33.069437 18.152275 -21.722575 28.530639 6.644356 -10.884674 3.826775 4.206655 -21.059126 36.115008 7.085306 -6.107878 35.336742 8.344431 -15.319158 20.791002 9.228278 -8.527080 30.449810 -1.026281 -7.210100 40.474625 -0.117231 -8.637283 19.365405 5.372431 -0.194158 23.701533 -3.696120 5.719162 43.456242 1.178012 7.020673 10.566583 5.689844 -5.016964 -1.815512 -16.105870 49.351501 -2.534405 -2.202652 -28.595968 14.507776 -6.620650 30.044851
-0.087490 0.895613 0.130113 -19.049256 -11.343446 -4.300518 18.606176 -13.649864 8.890843 1.179584 -2.044820 42.825143 -4.146613 20.484020 8.283918 3.721164 0.738196 -8.899129 26.779432 17.620108 -16.240388 -0.449063 1.092047 40.463967 -4.999882 -11.382364 12.826266 -0.687396 1.313858 -4.066731 1.540370 -3.110104 1.003394 0.636112 -5.368499 -2.228329 1.894761 -9.425126 4.734062 -1.869003 -23.409569 15.620578 14.615143 -31.845399 -9.268839 7.058884 -18.226494 -2.360870 -34.180883 -23.019367 10.978607 -165.842215 -58.448300 -124.390708 11.930193 14.294530 -26.782090 -33.069437 -18.152277 -21.722575 -28.530639 -6.644358 -10.884674 -3.826775 -4.206650 -21.059126 -36.115008 -7.085308 -6.107878 -35.336742 -8.344426 -15.319158 -20.791002 -9.228273 -8.527080 -30.449810 1.026286 -7.210100 -40.474625 0.117229 -8.637283 -19.365405 -5.372419 -0.194158 -23.701533 3.696132 5.719162 -43.456242 -1.178000 7.020673 -10.566583 -5.689846 -5.016964 1.815512 16.105875 49.351501 2.534405 2.202657 -28.595968 -14.507776 6.620655 30.044851 1.350170 -5.057397 -5.117052 25.562038 1.173374 18.165175 163.904477 70.132815 -106.344823 -17.920618 0.329115 -22.277791 33.069437 18.152275 -21.722575 28.530639 6.644356 -10.884674 3.826775 4.206655 -21.059126 36.115008 7.085306 -6.107878 35.336742 8.344431 -15.319158 20.791002 9.228278 -8.527080 30.449810 -1.026281 -7.210100 40.474625 -0.117231 -8.637283 19.365405 5.372431 -0.194158 23.701533 -3.696120 5.719162 43.456242 1.178012 7.020673 10.566583 5.689844 -5.016964 -1.815512 -16.105870 49.351501 -2.534405 -2.202652 -28.595968 14.507776 -6.620650 30.044851
-0.099608 0.899295 0.153053 -18.739906 -13.522256 -6.186671 18.814238 -12.190232 8.930783 1.306238 -2.332097 46.726704 -4.614124 17.373360 16.945894 3.936921 0.734480 -8.334639 28.343453 17.496919 -8.525676 -0.289511 1.351130 37.028665 -5.371050 -8.926023 8.897048 -0.203885 1.468227 -4.033452 1.545877 -2.867857 1.536687 1.119303 -4.744445 -2.506141 2.514249 -9.144617 3.281094 -0.164792 -20.151467 14.349222 10.718418 -28.351081 -6.680482 9.302485 -19.354336 -1.984574 -33.718458 -24.540888 10.191312 -165.816766 -61.613703 -127.668612 8.166048 14.144163 -29.111137 -33.069437 -18.152277 -21.722575 -28.530639 -6.644358 -10.884674 -3.826775 -4.206650 -21.059126 -36.115008 -7.085308 -6.107878 -35.336742 -8.344426 -15.319158 -20.791002 -9.228273 -8.527080 -30.449810 1.026286 -7.210100 -40.474625 0.117229 -8.637283 -19.365405 -5.372419 -0.194158 -23.701533 3.696132 5.719162 -43.456242 -1.178000 7.020673 -10.566583 -5.689846 -5.016964 1.815512 16.105875 49.351501 2.534405 2.202657 -28.595968 -14.507776 6.620655 30.044851 0.732845 -2.813277 -4.000596 25.242482 0.637648 20.597865 163.715567 76.080585 -109.614168 -15.683784 0.199314 -22.695499 33.069437 18.152275 -21.722575 28.530639 6.644356 -10.884674 3.826775 4.206655 -21.059126 36.115008 7.085306 -6.107878 35.336742 8.344431 -15.319158 20.791002 9.228278 -8.527080 30.449810 -1.026281 -7.210100 40.474625 -0.117231 -8.637283 19.365405 5.372431 -0.194158 23.701533 -3.696120 5.719162 43.456242 1.178012 7.020673 10.566583 5.689844 -5.016964 -1.815512 -16.105870 49.351501 -2.534405 -2.202652 -28.595968 14.507776 -6.620650 30.044851
-0.107517 0.906971 0.170915 -17.725567 -15.112604 -7.928726 18.586581 -9.951556 6.154311 1.480194 -2.629074 51.781812 -4.859263 14.604252 23.264693 4.118467 0.679634 -7.469872 28.137813 16.694371 -2.253592 -0.178847 1.578657 33.337040 -5.078308 -5.895229 7.131959 0.244249 1.789990 -4.163772 1.242687 -2.452049 2.311456 1.832250 -3.956419 -2.211293 3.278140 -8.592184 2.223117 1.752554 -15.850189 12.182331 7.304863 -23.589975 -4.879448 12.062018 -20.551579 -0.779676 -33.131789 -26.262259 10.222440 -165.651721 -65.045036 -130.621412 5.379588 14.281580 -30.316887 -33.069437 -18.152277 -21.722575 -28.530639 -6.644358 -10.884674 -3.826775 -4.206650 -21.059126 -36.115008 -7.085308 -6.107878 -35.336742 -8.344426 -15.319158 -20.791002 -9.228273 -8.527080 -30.449810 1.026286 -7.210100 -40.474625 0.117229 -8.637283 -19.365405 -5.372419 -0.194158 -23.701533 3.696132 5.719162 -43.456242 -1.178000 7.020673 -10.566583 -5.689846 -5.016964 1.815512 16.105875 49.351501 2.534405 2.202657 -28.595968 -14.507776 6.620655 30.044851 0.055326 -0.207867 -2.304115 25.805189 -0.214903 22.319931 160.508452 81.774941 -115.923774 -13.398654 -0.078852 -23.468904 33.069437 18.152275 -21.722575 28.530639 6.644356 -10.884674 3.826775 4.206655 -21.059126 36.115008 7.085306 -6.107878 35.336742 8.344431 -15.319158 20.791002 9.228278 -8.527080 30.449810 -1.026281 -7.210100 40.474625 -0.117231 -8.637283 19.365405 5.372431 -0.194158 23.701533 -3.696120 5.719162 43.456242 1.178012 7.020673 10.566583 5.689844 -5.016964 -1.815512 -16.105870 49.351501 -2.534405 -2.202652 -28.595968 14.507776 -6.620650 30.044851
-0.111044 0.918361 0.184380 -15.761857 -16.208774 -9.573890 16.963717 -7.579766 1.396398 1.632811 -2.878813 56.873838 -4.861223 12.325079 26.011963 4.246351 0.586156 -6.571415 25.968082 15.335778 2.175209 -0.097216 1.731203 30.143489 -4.131775 -3.271569 7.886736 0.584056 2.222423 -5.121728 0.554231 -1.968246 3.212123 2.675980 -3.031502 -1.432070 3.938890 -7.773101 1.624231 3.333053 -10.759717 9.757263 4.252173 -18.133870 -3.702284 14.890852 -21.670822 0.995722 -32.611076 -27.004906 12.317485 -165.040720 -68.935061 -132.981133 3.406502 14.086967 -30.659070 -33.069437 -18.152277 -21.722575 -28.530639 -6.644358 -10.884674 -3.826775 -4.206650 -21.059126 -36.115008 -7.085308 -6.107878 -35.336742 -8.344426 -15.319158 -20.791002 -9.228273 -8.527080 -30.449810 1.026286 -7.210100 -40.474625 0.117229 -8.637283 -19.365405 -5.372419 -0.194158 -23.701533 3.696132 5.719162 -43.456242 -1.178000 7.020673 -10.566583 -5.689846 -5.016964 1.815512 16.105875 49.351501 2.534405 2.202657 -28.595968 -14.507776 6.620655 30.044851 -0.340399 2.171702 -0.404937 26.904028 -0.809628 23.523860 145.125158 86.257813 -134.153808 -11.364160 -0.161552 -24.210295 33.069437 18.152275 -21.722575 28.530639 6.644356 -10.884674 3.826775 4.206655 -21.059126 36.115008 7.085306 -6.107878 35.336742 8.344431 -15.319158 20.791002 9.228278 -8.527080 30.449810 -1.026281 -7.210100 40.474625 -0.117231 -8.637283 19.365405 5.372431 -0.194158 23.701533 -3.696120 5.719162 43.456242 1.178012 7.020673 10.566583 5.689844 -5.016964 -1.815512 -16.105870 49.351501 -2.534405 -2.202652 -28.595968 14.507776 -6.620650 30.044851
-0.110509 0.930928 0.192329 -12.676831 -17.094397 -11.051209 13.319762 -5.912571 -4.432540 1.691472 -3.032506 60.918252 -4.702519 10.154137 26.199661 4.350084 0.479031 -5.832316 21.982962 13.884677 4.319132 -0.042210 1.773085 28.649580 -2.994995 -2.494840 10.730196 0.757793 2.679977 -7.141449 -0.472192 -1.507454 4.060082 3.475692 -1.987050 -0.277152 4.230374 -6.722550 1.430175 4.097973 -5.520457 7.478185 1.383608 -12.753935 -3.061784 16.829391 -22.472980 2.998613 -32.368936 -26.079197 17.125181 -163.166980 -74.424524 -136.115589 1.042210 13.113406 -30.066069 -33.069437 -18.152277 -21.722575 -28.530639 -6.644358 -10.884674 -3.826775 -4.206650 -21.059126 -36.115008 -7.085308 -6.107878 -35.336742 -8.344426 -15.319158 -20.791002 -9.228273 -8.527080 -30.449810 1.026286 -7.210100 -40.474625 0.117229 -8.637283 -19.365405 -5.372419 -0.194158 -23.701533 3.696132 5.719162 -43.456242 -1.178000 7.020673 -10.566583 -5.689846 -5.016964 1.815512 16.105875 49.351501 2.534405 2.202657 -28.595968 -14.507776 6.620655 30.044851 -0.206795 3.891947 1.177446 28.066591 -0.502966 24.319119 79.438959 87.974362 157.446434 -10.082320 -0.017599 -24.446425 33.069437 18.152275 -21.722575 28.530639 6.644356 -10.884674 3.826775 4.206655 -21.059126 36.115008 7.085306 -6.107878 35.336742 8.344431 -15.319158 20.791002 9.228278 -8.527080 30.449810 -1.026281 -7.210100 40.474625 -0.117231 -8.637283 19.365405 5.372431 -0.194158 23.701533 -3.696120 5.719162 43.456242 1.178012 7.020673 10.566583 5.689844 -5.016964 -1.815512 -16.105870 49.351501 -2.534405 -2.202652 -28.595968 14.507776 -6.620650 30.044851
-0.107293 0.940457 0.196027 -8.593232 -17.976379 -12.345765 7.966296 -5.749746 -10.722128 1.659634 -3.099653 63.466985 -4.748295 8.003762 25.606022 4.422748 0.379911 -5.335562 16.655689 12.376906 4.146671 0.015201 1.728771 29.726298 -2.418360 -4.056379 14.053700 0.764146 3.095178 -10.126786 -1.681516 -1.174387 4.766391 4.075932 -0.908221 1.148492 4.055120 -5.544322 1.489810 3.920970 -0.593445 5.292459 -1.360588 -7.865227 -2.920342 17.099833 -22.862621 4.979932 -32.341813 -23.770743 23.880220 -153.805222 -83.182578 -147.561073 -1.691480 11.954766 -28.464414 -33.069437 -18.152277 -21.722575 -28.530639 -6.644358 -10.884674 -3.826775 -4.206650 -21.059126 -36.115008 -7.085308 -6.107878 -35.336742 -8.344426 -15.319158 -20.791002 -9.228273 -8.527080 -30.449810 1.026286 -7.210100 -40.474625 0.117229 -8.637283 -19.365405 -5.372419 -0.194158 -23.701533 3.696132 5.719162 -43.456242 -1.178000 7.020673 -10.566583 -5.689846 -5.016964 1.815512 16.105875 49.351501 2.534405 2.202657 -28.595968 -14.507776 6.620655 30.044851 0.456365 4.998875 1.978465 28.916163 1.143444 24.890850 33.939551 86.370866 109.246936 -9.836958 0.220167 -24.067131 33.069437 18.152275 -21.722575 28.530639 6.644356 -10.884674 3.826775 4.206655 -21.059126 36.115008 7.085306 -6.107878 35.336742 8.344431 -15.319158 20.791002 9.228278 -8.527080 30.449810 -1.026281 -7.210100 40.474625 -0.117231 -8.637283 19.365405 5.372431 -0.194158 23.701533 -3.696120 5.719162 43.456242 1.178012 7.020673 10.566583 5.689844 -5.016964 -1.815512 -16.105870 49.351501 -2.534405 -2.202652 -28.595968 14.507776 -6.620650 30.044851
-0.103489 0.942392 0.197133 -4.040926 -18.849530 -13.451909 2.204115 -7.344186 -17.064504 1.609316 -3.089121 64.636355 -5.177988 6.622547 24.625325 4.393768 0.292000 -5.120771 10.803164 10.626281 2.307829 0.122646 1.700358 33.130027 -2.532466 -6.855452 15.826358 0.676464 3.466201 -13.704042 -2.843115 -1.055760 5.343633 4.420783 0.041332 2.679802 3.547123 -4.440768 1.637121 3.106858 3.893996 3.053591 -4.110140 -3.405216 -3.044342 15.524086 -22.962048 6.878858 -32.332493 -20.840626 30.807824 -6.669813 -82.775284 61.594345 -3.443401 11.256830 -26.489782 -33.069437 -18.152277 -21.722575 -28.530639 -6.644358 -10.884674 -3.826775 -4.206650 -21.059126 -36.115008 -7.085308 -6.107878 -35.336742 -8.344426 -15.319158 -20.791002 -9.228273 -8.527080 -30.449810 1.026286 -7.210100 -40.474625 0.117229 -8.637283 -19.365405 -5.372419 -0.194158 -23.701533 3.696132 5.719162 -43.456242 -1.178000 7.020673 -10.566583 -5.689846 -5.016964 1.815512 16.105875 49.351501 2.534405 2.202657 -28.595968 -14.507776 6.620655 30.044851 1.403343 5.834077 1.926623 29.520931 4.308636 25.117179 20.363161 84.111945 92.688686 -10.296387 0.453684 -23.552193 33.069437 18.152275 -21.722575 28.530639 6.644356 -10.884674 3.826775 4.206655 -21.059126 36.115008 7.085306 -6.107878 35.336742 8.344431 -15.319158 20.791002 9.228278 -8.527080 30.449810 -1.026281 -7.210100 40.474625 -0.117231 -8.637283 19.365405 5.372431 -0.194158 23.701533 -3.696120 5.719162 43.456242 1.178012 7.020673 10.566583 5.689844 -5.016964 -1.815512 -16.105870 49.351501 -2.534405 -2.202652 -28.595968 14.507776 -6.620650 30.044851
-0.100061 0.934607 0.197267 0.271121 -19.714867 -14.265975 -2.474583 -10.093733 -23.089287 1.578945 -3.006421 64.694650 -5.459226 6.709468 22.905668 4.275513 0.183086 -5.093541 5.310742 8.635424 -0.321562 0.309404 1.738204 37.932186 -2.686878 -9.271542 14.902918 0.615815 3.811815 -17.311794 -3.738335 -1.172488 5.766652 4.562190 0.657094 4.131035 2.948773 -3.676914 1.736795 2.344699 7.924361 0.909994 -7.264445 0.976071 -3.014542 12.097188 -22.788589 8.765580 -32.383412 -17.638654 36.064160 4.022712 -65.206816 45.999774 -4.361042 11.414341 -24.607956 -33.069437 -18.152277 -21.722575 -28.530639 -6.644358 -10.884674 -3.826775 -4.206650 -21.059126 -36.115008 -7.085308 -6.107878 -35.336742 -8.344426 -15.319158 -20.791002 -9.228273 -8.527080 -30.449810 1.026286 -7.210100 -40.474625 0.117229 -8.637283 -19.365405 -5.372419 -0.194158 -23.701533 3.696132 5.719162 -43.456242 -1.178000 7.020673 -10.566583 -5.689846 -5.016964 1.815512 16.105875 49.351501 2.534405 2.202657 -28.595968 -14.507776 6.620655 30.044851 2.345649 6.699025 1.325005 30.231722 9.162612 24.467211 14.161591 81.615907 83.075973 -10.621202 0.655475 -23.313480 33.069437 18.152275 -21.722575 28.530639 6.644356 -10.884674 3.826775 4.206655 -21.059126 36.115008 7.085306 -6.107878 35.336742 8.344431 -15.319158 20.791002 9.228278 -8.527080 30.449810 -1.026281 -7.210100 40.474625 -0.117231 -8.637283 19.365405 5.372431 -0.194158 23.701533 -3.696120 5.719162 43.456242 1.178012 7.020673 10.566583 5.689844 -5.016964 -1.815512 -16.105870 49.351501 -2.534405 -2.202652 -28.595968 14.507776 -6.620650 30.044851
-0.097263 0.919488 0.198419 3.728177 -20.668546 -14.682050 -5.115754 -12.674349 -28.562574 1.565182 -2.841916 63.781809 -4.844351 7.887724 20.901407 4.140885 0.014100 -4.928171 0.831220 6.705500 -2.999218 0.545285 1.763831 43.070353 -2.251108 -10.271564 11.533540 0.654105 4.123647 -20.313693 -4.256637 -1.443032 5.967275 4.643614 0.793834 5.351667 2.532179 -3.428732 1.756115 2.399979 11.390934 -0.772811 -11.233803 5.594283 -2.515666 7.185469 -22.005808 10.702030 -32.869203 -13.982822 37.904814 5.862198 -45.856607 39.178740 -6.401536 12.600144 -22.479624 -33.069437 -18.152277 -21.722575 -28.530639 -6.644358 -10.884674 -3.826775 -4.206650 -21.059126 -36.115008 -7.085308 -6.107878 -35.336742 -8.344426 -15.319158 -20.791002 -9.228273 -8.527080 -30.449810 1.026286 -7.210100 -40.474625 0.117229 -8.637283 -19.365405 -5.372419 -0.194158 -23.701533 3.696132 5.719162 -43.456242 -1.178000 7.020673 -10.566583 -5.689846 -5.016964 1.815512 16.105875 49.351501 2.534405 2.202657 -28.595968 -14.507776 6.620655 30.044851 2.894710 7.619283 0.684892 31.413932 15.869141 22.451759 12.038905 79.572232 77.891436 -10.045240 0.703198 -23.229364 33.069437 18.152275 -21.722575 28.530639 6.644356 -10.884674 3.826775 4.206655 -21.059126 36.115008 7.085306 -6.107878 35.336742 8.344431 -15.319158 20.791002 9.228278 -8.527080 30.449810 -1.026281 -7.210100 40.474625 -0.117231 -8.637283 19.365405 5.372431 -0.194158 23.701533 -3.696120 5.719162 43.456242 1.178012 7.020673 10.566583 5.689844 -5.016964 -1.815512 -16.105870 49.351501 -2.534405 -2.202652 -28.595968 14.507776 -6.620650 30.044851
-0.094918 0.901156 0.202025 6.248498 -21.887646 -14.812727 -5.876910 -13.669521 -33.342163 1.557741 -2.570840 61.789607 -3.412979 8.764733 19.764329 3.992304 -0.191496 -4.447916 -2.576867 5.412347 -5.228046 0.722634 1.679696 47.593287 -1.313383 -9.880686 7.080719 0.659523 4.362437 -22.190544 -4.427006 -1.644106 5.908241 4.788410 0.596264 6.227107 2.445105 -3.498523 1.837301 3.225799 14.012484 -1.684416 -15.554308 10.115267 -1.680772 2.483229 -20.259561 12.530848 -34.834194 -9.735134 36.211358 6.781744 -30.141486 34.154750 -10.232729 14.040481 -19.673035 -33.069437 -18.152277 -21.722575 -28.530639 -6.644358 -10.884674 -3.826775 -4.206650 -21.059126 -36.115008 -7.085308 -6.107878 -35.336742 -8.344426 -15.319158 -20.791002 -9.228273 -8.527080 -30.449810 1.026286 -7.210100 -40.474625 0.117229 -8.637283 -19.365405 -5.372419 -0.194158 -23.701533 3.696132 5.719162 -43.456242 -1.178000 7.020673 -10.566583 -5.689846 -5.016964 1.815512 16.105875 49.351501 2.534405 2.202657 -28.595968 -14.507776 6.620655 30.044851 2.512312 8.337102 0.396953 33.159998 24.082648 19.387540 14.065333 79.505447 78.614951 -8.742865 0.535360 -23.191938 33.069437 18.152275 -21.722575 28.530639 6.644356 -10.884674 3.826775 4.206655 -21.059126 36.115008 7.085306 -6.107878 35.336742 8.344431 -15.319158 20.791002 9.228278 -8.527080 30.449810 -1.026281 -7.210100 40.474625 -0.117231 -8.637283 19.365405 5.372431 -0.194158 23.701533 -3.696120 5.719162 43.456242 1.178012 7.020673 10.566583 5.689844 -5.016964 -1.815512 -16.105870 49.351501 -2.534405 -2.202652 -28.595968 14.507776 -6.620650 30.044851
-0.093235 0.884053 0.209372 8.437912 -23.514344 -15.002572 -6.025514 -12.473009 -37.006324 1.539808 -2.221496 58.484109 -2.284544 8.483692 19.796709 3.796886 -0.357128 -3.920101 -5.478505 5.219824 -6.745275 0.735473 1.513730 50.961496 -0.556412 -8.910935 2.997265 0.407720 4.495879 -22.857747 -4.382577 -1.525828 5.618037 4.976417 0.456034 6.644481 2.527665 -3.408344 2.137191 3.729842 15.687123 -1.614894 -18.872301 13.634856 -0.834533 -0.218134 -17.840322 14.044594 -39.238843 -5.189391 33.647704 7.479429 -21.243942 30.308913 -14.223971 14.459329 -16.414823 -33.069437 -18.152277 -21.722575 -28.530639 -6.644358 -10.884674 -3.826775 -4.206650 -21.059126 -36.115008 -7.085308 -6.107878 -35.336742 -8.344426 -15.319158 -20.791002 -9.228273 -8.527080 -30.449810 1.026286 -7.210100 -40.474625 0.117229 -8.637283 -19.365405 -5.372419 -0.194158 -23.701533 3.696132 5.719162 -43.456242 -1.178000 7.020673 -10.566583 -5.689846 -5.016964 1.815512 16.105875 49.351501 2.534405 2.202657 -28.595968 -14.507776 6.620655 30.044851 1.079466 8.751838 0.511158 35.158699 32.739783 16.371998 23.744931 82.127133 88.805396 -7.704361 0.331916 -23.824472 33.069437 18.152275 -21.722575 28.530639 6.644356 -10.884674 3.826775 4.206655 -21.059126 36.115008 7.085306 -6.107878 35.336742 8.344431 -15.319158 20.791002 9.228278 -8.527080 30.449810 -1.026281 -7.210100 40.474625 -0.117231 -8.637283 19.365405 5.372431 -0.194158 23.701533 -3.696120 5.719162 43.456242 1.178012 7.020673 10.566583 5.689844 -5.016964 -1.815512 -16.105870 49.351501 -2.534405 -2.202652 -28.595968 14.507776 -6.620650 30.044851
-0.092919 0.873654 0.221808 10.945169 -25.390816 -15.532984 -6.847365 -9.714999 -39.017947 1.485686 -1.893162 53.783187 -2.160149 7.797312 20.479205 3.518340 -0.405287 -3.545140 -8.470478 6.106779 -7.337155 0.564030 1.336227 52.832814 -0.279888 -8.200944 0.059782 -0.173260 4.513214 -22.708689 -4.300536 -1.051683 5.145454 5.123066 0.634397 6.480302 2.499501 -2.912110 2.637677 3.046550 16.764818 -0.306832 -20.329621 15.756682 -0.075136 -1.209487 -15.269937 15.222067 -45.535270 -0.567586 32.847920 8.074920 -17.582305 26.946968 -17.095940 13.809723 -13.465002 -33.069437 -18.152277 -21.722575 -28.530639 -6.644358 -10.884674 -3.826775 -4.206650 -21.059126 -36.115008 -7.085308 -6.107878 -35.336742 -8.344426 -15.319158 -20.791002 -9.228273 -8.527080 -30.449810 1.026286 -7.210100 -40.474625 0.117229 -8.637283 -19.365405 -5.372419 -0.194158 -23.701533 3.696132 5.719162 -43.456242 -1.178000 7.020673 -10.566583 -5.689846 -5.016964 1.815512 16.105875 49.351501 2.534405 2.202657 -28.595968 -14.507776 6.620655 30.044851 -0.705767 8.878012 0.910429 37.300459 40.936871 14.483102 58.628110 85.385529 124.378400 -7.461684 0.155307 -25.616655 33.069437 18.152275 -21.722575 28.530639 6.644356 -10.884674 3.826775 4.206655 -21.059126 36.115008 7.085306 -6.107878 35.336742 8.344431 -15.319158 20.791002 9.228278 -8.527080 30.449810 -1.026281 -7.210100 40.474625 -0.117231 -8.637283 19.365405 5.372431 -0.194158 23.701533 -3.696120 5.719162 43.456242 1.178012 7.020673 10.566583 5.689844 -5.016964 -1.815512 -16.105870 49.351501 -2.534405 -2.202652 -28.595968 14.507776 -6.620650 30.044851
-0.093828 0.873098 0.240375 13.970614 -26.960325 -16.478530 -8.869831 -6.842645 -38.937590 1.420363 -1.658613 47.802752 -2.520379 8.313716 21.549911 3.100090 -0.254203 -3.296035 -11.761825 7.755566 -6.566456 0.250403 1.154332 52.634681 -0.162189 -8.300993 -1.323752 -1.188512 4.344604 -22.060043 -4.308979 -0.346343 4.453539 5.174829 1.184528 5.627630 2.185879 -2.026105 3.270826 1.120358 17.538494 2.471746 -19.735572 16.454119 0.451483 -1.650491 -12.569970 15.756304 -52.592539 4.418910 34.010176 8.682685 -16.635237 23.700820 -18.971643 13.013924 -11.617878 -33.069437 -18.152277 -21.722575 -28.530639 -6.644358 -10.884674 -3.826775 -4.206650 -21.059126 -36.115008 -7.085308 -6.107878 -35.336742 -8.344426 -15.319158 -20.791002 -9.228273 -8.527080 -30.449810 1.026286 -7.210100 -40.474625 0.117229 -8.637283 -19.365405 -5.372419 -0.194158 -23.701533 3.696132 5.719162 -43.456242 -1.178000 7.020673 -10.566583 -5.689846 -5.016964 1.815512 16.105875 49.351501 2.534405 2.202657 -28.595968 -14.507776 6.620655 30.044851 -2.071811 8.221351 1.232300 40.686720 48.141969 15.150196 118.852996 84.555798 -175.689913 -7.838872 -0.154203 -28.019434 33.069437 18.152275 -21.722575 28.530639 6.644356 -10.884674 3.826775 4.206655 -21.059126 36.115008 7.085306 -6.107878 35.336742 8.344431 -15.319158 20.791002 9.228278 -8.527080 30.449810 -1.026281 -7.210100 40.474625 -0.117231 -8.637283 19.365405 5.372431 -0.194158 23.701533 -3.696120 5.719162 43.456242 1.178012 7.020673 10.566583 5.689844 -5.016964 -1.815512 -16.105870 49.351501 -2.534405 -2.202652 -28.595968 14.507776 -6.620650 30.044851
-0.095883 0.881528 0.265086 17.173317 -27.613223 -17.739048 -11.815949 -5.189398 -36.545870 1.410130 -1.506252 41.144219 -2.725000 10.965236 22.847613 2.506127 0.149529 -3.165448 -15.077595 9.644011 -3.889978 -0.123015 0.939051 49.841929 0.249453 -9.316860 -0.620677 -2.694812 3.931494 -21.133106 -4.416595 0.488969 3.438595 5.109936 2.140837 4.207734 1.586204 -0.764248 3.978539 -1.364710 17.904578 6.631729 -17.301670 15.717217 0.625720 -2.268456 -9.495272 15.191623 -59.469938 10.092051 35.382726 9.383961 -16.822897 20.332788 -20.343203 12.729105 -11.213186 -33.069437 -18.152277 -21.722575 -28.530639 -6.644358 -10.884674 -3.826775 -4.206650 -21.059126 -36.115008 -7.085308 -6.107878 -35.336742 -8.344426 -15.319158 -20.791002 -9.228273 -8.527080 -30.449810 1.026286 -7.210100 -40.474625 0.117229 -8.637283 -19.365405 -5.372419 -0.194158 -23.701533 3.696132 5.719162 -43.456242 -1.178000 7.020673 -10.566583 -5.689846 -5.016964 1.815512 16.105875 49.351501 2.534405 2.202657 -28.595968 -14.507776 6.620655 30.044851 -2.703491 6.102879 0.990701 47.184774 53.505157 19.949483 141.255238 81.044411 -154.159887 -8.453884 -0.683754 -29.623801 33.069437 18.152275 -21.722575 28.530639 6.644356 -10.884674 3.826775 4.206655 -21.059126 36.115008 7.085306 -6.107878 35.336742 8.344431 -15.319158 20.791002 9.228278 -8.527080 30.449810 -1.026281 -7.210100 40.474625 -0.117231 -8.637283 19.365405 5.372431 -0.194158 23.701533 -3.696120 5.719162 43.456242 1.178012 7.020673 10.566583 5.689844 -5.016964 -1.815512 -16.105870 49.351501 -2.534405 -2.202652 -28.595968 14.507776 -6.620650 30.044851
-0.098332 0.895418 0.293209 19.868489 -27.230684 -19.101322 -14.875408 -4.932425 -32.420200 1.423727 -1.396648 35.185180 -3.023806 14.492592 23.802533 1.835755 0.680856 -3.125831 -17.889176 10.929842 0.611387 -0.400611 0.724563 44.986344 0.965788 -10.599905 2.301091 -4.362143 3.365947 -20.464698 -4.528480 1.403518 2.204710 4.941303 3.530705 2.650571 0.911117 0.845327 4.628024 -3.337556 17.534792 11.464682 -13.915851 13.893960 0.722086 -3.334028 -6.044401 13.672383 -65.073336 16.137376 35.229412 10.055858 -16.945362 16.667055 -21.376146 12.845867 -11.641401 -33.069437 -18.152277 -21.722575 -28.530639 -6.644358 -10.884674 -3.826775 -4.206650 -21.059126 -36.115008 -7.085308 -6.107878 -35.336742 -8.344426 -15.319158 -20.791002 -9.228273 -8.527080 -30.449810 1.026286 -7.210100 -40.474625 0.117229 -8.637283 -19.365405 -5.372419 -0.194158 -23.701533 3.696132 5.719162 -43.456242 -1.178000 7.020673 -10.566583 -5.689846 -5.016964 1.815512 16.105875 49.351501 2.534405 2.202657 -28.595968 -14.507776 6.620655 30.044851 -2.637296 2.852037 0.085005 55.891889 56.062339 27.584730 148.849469 77.804825 -146.752338 -9.273138 -1.226686 -29.480934 33.069437 18.152275 -21.722575 28.530639 6.644356 -10.884674 3.826775 4.206655 -21.059126 36.115008 7.085306 -6.107878 35.336742 8.344431 -15.319158 20.791002 9.228278 -8.527080 30.449810 -1.026281 -7.210100 40.474625 -0.117231 -8.637283 19.365405 5.372431 -0.194158 23.701533 -3.696120 5.719162 43.456242 1.178012 7.020673 10.566583 5.689844 -5.016964 -1.815512 -16.105870 49.351501 -2.534405 -2.202652 -28.595968 14.507776 -6.620650 30.044851
-0.100367 0.910714 0.323399 21.662589 -26.063446 -20.363224 -17.501567 -5.288476 -27.716867 1.341968 -1.357074 31.086325 -3.557318 16.554769 24.208735 1.246697 1.113795 -2.943539 -20.029012 10.979497 6.192976 -0.474773 0.622704 39.423893 1.562296 -11.294310 6.413421 -5.775599 2.803583 -20.425397 -4.587919 2.335470 1.028143 4.714777 5.211580 1.223371 0.410199 2.640636 5.139608 -4.441786 16.360081 16.165888 -10.546024 11.520291 0.977734 -4.733600 -2.449433 11.756800 -68.444834 21.875630 33.631281 10.509597 -16.432606 13.183361 -21.866243 12.847650 -11.792093 -33.069437 -18.152277 -21.722575 -28.530639 -6.644358 -10.884674 -3.826775 -4.206650 -21.059126 -36.115008 -7.085308 -6.107878 -35.336742 -8.344426 -15.319158 -20.791002 -9.228273 -8.527080 -30.449810 1.026286 -7.210100 -40.474625 0.117229 -8.637283 -19.365405 -5.372419 -0.194158 -23.701533 3.696132 5.719162 -43.456242 -1.178000 7.020673 -10.566583 -5.689846 -5.016964 1.815512 16.105875 49.351501 2.534405 2.202657 -28.595968 -14.507776 6.620655 30.044851 -1.956262 -0.346520 -1.206834 62.763004 56.207521 34.087220 152.908446 75.339865 -141.741124 -10.675625 -1.594034 -28.214338 33.069437 18.152275 -21.722575 28.530639 6.644356 -10.884674 3.826775 4.206655 -21.059126 36.115008 7.085306 -6.107878 35.336742 8.344431 -15.319158 20.791002 9.228278 -8.527080 30.449810 -1.026281 -7.210100 40.474625 -0.117231 -8.637283 19.365405 5.372431 -0.194158 23.701533 -3.696120 5.719162 43.456242 1.178012 7.020673 10.566583 5.689844 -5.016964 -1.815512 -16.105870 49.351501 -2.534405 -2.202652 -28.595968 14.507776 -6.620650 30.044851
-0.102343 0.922767 0.353599 22.511229 -24.373343 -21.355760 -19.517902 -5.538441 -23.290516 1.122274 -1.451372 29.024766 -3.924297 16.132124 24.700466 0.808920 1.333734 -2.467155 -21.472236 10.097262 12.275684 -0.348541 0.704598 33.987557 1.677474 -11.038212 10.071944 -6.809046 2.357415 -20.780115 -4.590935 3.245968 0.036188 4.421885 6.971932 -0.099267 0.185007 4.432037 5.522003 -4.896617 14.647883 20.386849 -7.507113 8.902334 1.242833 -5.974028 0.977150 9.707618 -69.342089 27.047586 31.615952 10.714647 -15.519198 10.515400 -21.807297 12.336772 -11.149975 -33.069437 -18.152277 -21.722575 -28.530639 -6.644358 -10.884674 -3.826775 -4.206650 -21.059126 -36.115008 -7.085308 -6.107878 -35.336742 -8.344426 -15.319158 -20.791002 -9.228273 -8.527080 -30.449810 1.026286 -7.210100 -40.474625 0.117229 -8.637283 -19.365405 -5.372419 -0.194158 -23.701533 3.696132 5.719162 -43.456242 -1.178000 7.020673 -10.566583 -5.689846 -5.016964 1.815512 16.105875 49.351501 2.534405 2.202657 -28.595968 -14.507776 6.620655 30.044851 -0.807064 -2.734710 -2.674679 65.879360 55.258903 37.746931 156.015226 73.619681 -137.307976 -12.689195 -1.900484 -26.964205 33.069437 18.152275 -21.722575 28.530639 6.644356 -10.884674 3.826775 4.206655 -21.059126 36.115008 7.085306 -6.107878 35.336742 8.344431 -15.319158 20.791002 9.228278 -8.527080 30.449810 -1.026281 -7.210100 40.474625 -0.117231 -8.637283 19.365405 5.372431 -0.194158 23.701533 -3.696120 5.719162 43.456242 1.178012 7.020673 10.566583 5.689844 -5.016964 -1.815512 -16.105870 49.351501 -2.534405 -2.202652 -28.595968 14.507776 -6.620650 30.044851
-0.103929 0.926103 0.383200 22.437270 -22.359195 -21.852688 -20.786931 -5.530586 -19.596931 0.810665 -1.701001 28.744906 -3.999930 13.670216 25.610952 0.500824 1.342305 -1.976136 -21.876719 9.193724 18.570647 -0.072941 0.990066 28.778346 1.132892 -9.992940 12.046458 -7.492994 2.091857 -21.080165 -4.527656 4.140791 -0.798605 3.966780 8.680387 -1.422053 0.192834 6.104566 5.687530 -4.787502 12.650141 24.013490 -4.679149 6.093139 1.265524 -6.526190 3.806761 7.481644 -67.994615 31.752671 29.842066 10.733727 -14.713434 8.937334 -21.665053 11.236005 -9.977817 -33.069437 -18.152277 -21.722575 -28.530639 -6.644358 -10.884674 -3.826775 -4.206650 -21.059126 -36.115008 -7.085308 -6.107878 -35.336742 -8.344426 -15.319158 -20.791002 -9.228273 -8.527080 -30.449810 1.026286 -7.210100 -40.474625 0.117229 -8.637283 -19.365405 -5.372419 -0.194158 -23.701533 3.696132 5.719162 -43.456242 -1.178000 7.020673 -10.566583 -5.689846 -5.016964 1.815512 16.105875 49.351501 2.534405 2.202657 -28.595968 -14.507776 6.620655 30.044851 0.525138 -4.206069 -4.209713 65.733249 54.078729 39.047686 158.769868 72.462060 -133.903700 -14.886911 -2.287824 -26.405861 33.069437 18.152275 -21.722575 28.530639 6.644356 -10.884674 3.826775 4.206655 -21.059126 36.115008 7.085306 -6.107878 35.336742 8.344431 -15.319158 20.791002 9.228278 -8.527080 30.449810 -1.026281 -7.210100 40.474625 -0.117231 -8.637283 19.365405 5.372431 -0.194158 23.701533 -3.696120 5.719162 43.456242 1.178012 7.020673 10.566583 5.689844 -5.016964 -1.815512 -16.105870 49.351501 -2.534405 -2.202652 -28.595968 14.507776 -6.620650 30.044851
-0.104933 0.919713 0.411779 21.618737 -20.114939 -21.543520 -21.386164 -5.601299 -17.107658 0.505485 -2.017007 30.288679 -3.900501 10.208970 25.468975 0.244111 1.184166 -2.617920 -20.948701 8.837646 24.538652 0.247281 1.419985 24.005366 0.197650 -9.331942 11.856531 -7.793528 1.997191 -21.035731 -4.435608 5.019891 -1.478957 3.183545 10.271494 -2.790554 0.251991 7.606245 5.342940 -4.027812 10.409750 26.733403 -2.065661 3.196715 0.965101 -6.341628 5.304553 5.061401 -64.484902 35.959125 28.419773 10.579517 -14.442931 8.444956 -21.947829 9.893941 -9.073617 -33.069437 -18.152277 -21.722575 -28.530639 -6.644358 -10.884674 -3.826775 -4.206650 -21.059126 -36.115008 -7.085308 -6.107878 -35.336742 -8.344426 -15.319158 -20.791002 -9.228273 -8.527080 -30.449810 1.026286 -7.210100 -40.474625 0.117229 -8.637283 -19.365405 -5.372419 -0.194158 -23.701533 3.696132 5.719162 -43.456242 -1.178000 7.020673 -10.566583 -5.689846 -5.016964 1.815512 16.105875 49.351501 2.534405 2.202657 -28.595968 -14.507776 6.620655 30.044851 1.417645 -4.800036 -5.613412 62.895742 53.226526 38.260688 161.193383 71.778672 -132.115967 -16.489830 -2.710565 -26.610846 33.069437 18.152275 -21.722575 28.530639 6.644356 -10.884674 3.826775 4.206655 -21.059126 36.115008 7.085306 -6.107878 35.336742 8.344431 -15.319158 20.791002 9.228278 -8.527080 30.449810 -1.026281 -7.210100 40.474625 -0.117231 -8.637283 19.365405 5.372431 -0.194158 23.701533 -3.696120 5.719162 43.456242 1.178012 7.020673 10.566583 5.689844 -5.016964 -1.815512 -16.105870 49.351501 -2.534405 -2.202652 -28.595968 14.507776 -6.620650 30.044851
-0.104522 0.905961 0.437713 20.600122 -17.682176 -20.280104 -21.859385 -6.005284 -16.213138 0.337992 -2.267771 33.596758 -3.370143 7.207525 21.978374 0.001185 0.948750 -5.257577 -19.143193 8.746135 29.191686 0.459919 1.813677 20.469100 -0.114727 -10.941004 9.823632 -7.642432 1.947467 -20.734414 -4.439945 5.819412 -1.913097 2.012254 11.694304 -4.022626 0.053094 8.927231 4.243532 -2.914783 8.015598 28.019909 -0.001341 0.529103 0.444763 -6.007678 4.851814 2.605917 -58.884017 39.224939 27.188599 10.223300 -14.977585 8.730026 -22.671194 8.811834 -9.269034 -33.069437 -18.152277 -21.722575 -28.530639 -6.644358 -10.884674 -3.826775 -4.206650 -21.059126 -36.115008 -7.085308 -6.107878 -35.336742 -8.344426 -15.319158 -20.791002 -9.228273 -8.527080 -30.449810 1.026286 -7.210100 -40.474625 0.117229 -8.637283 -19.365405 -5.372419 -0.194158 -23.701533 3.696132 5.719162 -43.456242 -1.178000 7.020673 -10.566583 -5.689846 -5.016964 1.815512 16.105875 49.351501 2.534405 2.202657 -28.595968 -14.507776 6.620655 30.044851 0.850022 -4.559798 -6.734670 57.720057 53.249995 35.174108 162.889633 71.915822 -132.190074 -16.603514 -3.035272 -27.090491 33.069437 18.152275 -21.722575 28.530639 6.644356 -10.884674 3.826775 4.206655 -21.059126 36.115008 7.085306 -6.107878 35.336742 8.344431 -15.319158 20.791002 9.228278 -8.527080 30.449810 -1.026281 -7.210100 40.474625 -0.117231 -8.637283 19.365405 5.372431 -0.194158 23.701533 -3.696120 5.719162 43.456242 1.178012 7.020673 10.566583 5.689844 -5.016964 -1.815512 -16.105870 49.351501 -2.534405 -2.202652 -28.595968 14.507776 -6.620650 30.044851
-0.102676 0.890079 0.458349 19.837069 -15.279001 -18.271886 -22.506061 -6.414720 -16.609302 0.328780 -2.407434 37.324313 -2.181088 5.655502 15.965968 -0.146693 0.759929 -8.242823 -17.340156 8.401784 31.694482 0.486148 2.022497 18.700242 0.969647 -14.816460 7.190864 -7.107353 1.820487 -20.499821 -4.591182 6.430878 -1.984665 0.737897 12.891165 -4.811994 -0.571215 10.012233 2.681948 -2.292943 5.948114 27.588206 1.321762 -1.580408 -0.197311 -6.043984 2.916200 0.391562 -52.267118 41.018260 25.923508 9.759772 -16.450542 9.349834 -23.280860 8.152721 -10.537421 -33.069437 -18.152277 -21.722575 -28.530639 -6.644358 -10.884674 -3.826775 -4.206650 -21.059126 -36.115008 -7.085308 -6.107878 -35.336742 -8.344426 -15.319158 -20.791002 -9.228273 -8.527080 -30.449810 1.026286 -7.210100 -40.474625 0.117229 -8.637283 -19.365405 -5.372419 -0.194158 -23.701533 3.696132 5.719162 -43.456242 -1.178000 7.020673 -10.566583 -5.689846 -5.016964 1.815512 16.105875 49.351501 2.534405 2.202657 -28.595968 -14.507776 6.620655 30.044851 -1.751684 -3.623338 -7.533933 50.545305 54.034182 29.792848 163.213343 73.509210 -133.979843 -15.163672 -3.206655 -27.382877 33.069437 18.152275 -21.722575 28.530639 6.644356 -10.884674 3.826775 4.206655 -21.059126 36.115008 7.085306 -6.107878 35.336742 8.344431 -15.319158 20.791002 9.228278 -8.527080 30.449810 -1.026281 -7.210100 40.474625 -0.117231 -8.637283 19.365405 5.372431 -0.194158 23.701533 -3.696120 5.719162 43.456242 1.178012 7.020673 10.566583 5.689844 -5.016964 -1.815512 -16.105870 49.351501 -2.534405 -2.202652 -28.595968 14.507776 -6.620650 30.044851
-0.099706 0.880468 0.472318 19.137189 -13.161950 -15.826460 -22.854370 -6.394885 -17.472181 0.403891 -2.449385 39.470092 -0.662622 4.930586 11.127427 -0.079538 0.674470 -9.477922 -15.912258 7.633524 31.869287 0.367041 2.041860 18.262941 2.710791 -18.591451 6.284501 -6.374939 1.645279 -20.364171 -4.769123 6.774997 -1.693027 -0.196025 13.760443 -5.055979 -1.468218 10.743330 1.252282 -2.672344 4.647502 25.659395 2.244517 -3.045408 -0.965907 -6.356312 0.628824 -1.313122 -46.821380 41.484010 24.139613 9.420586 -18.975813 10.062436 -23.173893 7.847002 -12.100139 -33.069437 -18.152277 -21.722575 -28.530639 -6.644358 -10.884674 -3.826775 -4.206650 -21.059126 -36.115008 -7.085308 -6.107878 -35.336742 -8.344426 -15.319158 -20.791002 -9.228273 -8.527080 -30.449810 1.026286 -7.210100 -40.474625 0.117229 -8.637283 -19.365405 -5.372419 -0.194158 -23.701533 3.696132 5.719162 -43.456242 -1.178000 7.020673 -10.566583 -5.689846 -5.016964 1.815512 16.105875 49.351501 2.534405 2.202657 -28.595968 -14.507776 6.620655 30.044851 -5.793202 -2.085842 -7.719044 41.890062 54.318127 23.071846 161.444994 76.660605 -137.406727 -12.976439 -3.249351 -27.380792 33.069437 18.152275 -21.722575 28.530639 6.644356 -10.884674 3.826775 4.206655 -21.059126 36.115008 7.085306 -6.107878 35.336742 8.344431 -15.319158 20.791002 9.228278 -8.527080 30.449810 -1.026281 -7.210100 40.474625 -0.117231 -8.637283 19.365405 5.372431 -0.194158 23.701533 -3.696120 5.719162 43.456242 1.178012 7.020673 10.566583 5.689844 -5.016964 -1.815512 -16.105870 49.351501 -2.534405 -2.202652 -28.595968 14.507776 -6.620650 30.044851
-0.096268 0.883983 0.479418 18.125420 -11.335967 -13.179393 -22.440218 -5.880135 -18.176250 0.511115 -2.402558 39.131902 0.735984 4.152546 10.170112 0.236925 0.668562 -8.600417 -14.833549 6.451956 29.806847 0.166505 1.920652 18.751659 3.559192 -20.056896 9.498336 -5.649804 1.513231 -20.350945 -4.861154 6.797106 -1.178138 -0.559985 14.169052 -4.821870 -2.400770 11.030819 0.365187 -3.926947 4.149541 22.671805 3.237478 -3.948605 -1.905841 -6.579709 -1.352129 -2.261310 -44.263061 41.311930 21.749032 9.323062 -22.680515 10.989302 -22.495433 7.878052 -13.389517 -33.069437 -18.152277 -21.722575 -28.530639 -6.644358 -10.884674 -3.826775 -4.206650 -21.059126 -36.115008 -7.085308 -6.107878 -35.336742 -8.344426 -15.319158 -20.791002 -9.228273 -8.527080 -30.449810 1.026286 -7.210100 -40.474625 0.117229 -8.637283 -19.365405 -5.372419 -0.194158 -23.701533 3.696132 5.719162 -43.456242 -1.178000 7.020673 -10.566583 -5.689846 -5.016964 1.815512 16.105875 49.351501 2.534405 2.202657 -28.595968 -14.507776 6.620655 30.044851 -10.111357 -0.080102 -6.814410 33.341514 52.839063 17.495618 156.272041 80.770712 -143.407280 -10.787142 -3.293672 -27.010485 33.069437 18.152275 -21.722575 28.530639 6.644356 -10.884674 3.826775 4.206655 -21.059126 36.115008 7.085306 -6.107878 35.336742 8.344431 -15.319158 20.791002 9.228278 -8.527080 30.449810 -1.026281 -7.210100 40.474625 -0.117231 -8.637283 19.365405 5.372431 -0.194158 23.701533 -3.696120 5.719162 43.456242 1.178012 7.020673 10.566583 5.689844 -5.016964 -1.815512 -16.105870 49.351501 -2.534405 -2.202652 -28.595968 14.507776 -6.620650 30.044851
-0.092341 0.900462 0.481079 16.555685 -9.471107 -10.662049 -21.211277 -5.062226 -18.424222 0.633261 -2.304558 37.092527 1.989013 3.170925 13.332017 0.770976 0.668555 -6.324639 -13.801582 4.772761 25.535127 -0.067059 1.718034 20.800078 3.158820 -18.641756 17.485530 -5.088581 1.444424 -20.873775 -4.812600 6.454238 -0.534098 -0.357460 14.015667 -4.111646 -3.142930 10.807083 0.299652 -5.606396 4.181601 18.885669 4.563887 -4.419574 -3.155542 -6.369752 -3.001872 -2.162236 -44.949823 40.783001 19.380272 9.380070 -27.592439 12.498164 -21.826664 8.260140 -14.364077 -33.069437 -18.152277 -21.722575 -28.530639 -6.644358 -10.884674 -3.826775 -4.206650 -21.059126 -36.115008 -7.085308 -6.107878 -35.336742 -8.344426 -15.319158 -20.791002 -9.228273 -8.527080 -30.449810 1.026286 -7.210100 -40.474625 0.117229 -8.637283 -19.365405 -5.372419 -0.194158 -23.701533 3.696132 5.719162 -43.456242 -1.178000 7.020673 -10.566583 -5.689846 -5.016964 1.815512 16.105875 49.351501 2.534405 2.202657 -28.595968 -14.507776 6.620655 30.044851 -13.703349 1.914942 -4.600003 26.645953 49.450743 15.349834 141.221196 85.083225 -158.453726 -9.023459 -3.563949 -26.505679 33.069437 18.152275 -21.722575 28.530639 6.644356 -10.884674 3.826775 4.206655 -21.059126 36.115008 7.085306 -6.107878 35.336742 8.344431 -15.319158 20.791002 9.228278 -8.527080 30.449810 -1.026281 -7.210100 40.474625 -0.117231 -8.637283 19.365405 5.372431 -0.194158 23.701533 -3.696120 5.719162 43.456242 1.178012 7.020673 10.566583 5.689844 -5.016964 -1.815512 -16.105870 49.351501 -2.534405 -2.202652 -28.595968 14.507776 -6.620650 30.044851
-0.088660 0.922806 0.478745 14.238721 -6.911705 -8.718873 -19.388593 -4.307245 -18.148357 0.768371 -2.223798 35.795054 3.239566 2.795688 18.230374 1.449980 0.609795 -4.195402 -12.248149 2.382878 19.018419 -0.294795 1.544411 25.945163 2.505408 -15.618004 28.461108 -4.758884 1.381285 -21.855513 -4.533717 5.773800 0.307990 0.270626 13.293046 -2.798077 -3.451826 10.059744 1.293079 -7.168186 4.193486 14.220698 6.248140 -4.718313 -5.122329 -5.556100 -4.513004 -1.033680 -47.726070 39.530358 17.738481 9.432040 -33.635363 14.724498 -21.425789 8.810134 -15.254867 -33.069437 -18.152277 -21.722575 -28.530639 -6.644358 -10.884674 -3.826775 -4.206650 -21.059126 -36.115008 -7.085308 -6.107878 -35.336742 -8.344426 -15.319158 -20.791002 -9.228273 -8.527080 -30.449810 1.026286 -7.210100 -40.474625 0.117229 -8.637283 -19.365405 -5.372419 -0.194158 -23.701533 3.696132 5.719162 -43.456242 -1.178000 7.020673 -10.566583 -5.689846 -5.016964 1.815512 16.105875 49.351501 2.534405 2.202657 -28.595968 -14.507776 6.620655 30.044851 -16.026178 2.975410 -1.539976 21.920215 44.620857 16.271020 71.385531 87.480362 132.156989 -7.966199 -4.092128 -26.607152 33.069437 18.152275 -21.722575 28.530639 6.644356 -10.884674 3.826775 4.206655 -21.059126 36.115008 7.085306 -6.107878 35.336742 8.344431 -15.319158 20.791002 9.228278 -8.527080 30.449810 -1.026281 -7.210100 40.474625 -0.117231 -8.637283 19.365405 5.372431 -0.194158 23.701533 -3.696120 5.719162 43.456242 1.178012 7.020673 10.566583 5.689844 -5.016964 -1.815512 -16.105870 49.351501 -2.534405 -2.202652 -28.595968 14.507776 -6.620650 30.044851
-0.085371 0.939880 0.474025 11.313287 -3.170230 -7.443744 -17.395489 -3.978794 -17.679615 0.903559 -2.184312 37.393920 4.053728 4.637947 21.172186 2.002587 0.533229 -4.138164 -9.737671 -0.460086 10.139573 -0.480167 1.508422 35.194360 1.622940 -12.960801 39.429500 -4.697544 1.282774 -21.878260 -3.933271 4.902569 1.397733 0.973532 12.146845 -0.953969 -3.231585 8.929887 3.363224 -8.223816 3.553600 8.378576 8.096549 -5.163607 -8.250459 -4.384080 -5.848402 0.402651 -50.126465 37.150692 17.100027 9.409276 -40.838832 17.334388 -20.955942 9.037156 -16.205078 -33.069437 -18.152277 -21.722575 -28.530639 -6.644358 -10.884674 -3.826775 -4.206650 -21.059126 -36.115008 -7.085308 -6.107878 -35.336742 -8.344426 -15.319158 -20.791002 -9.228273 -8.527080 -30.449810 1.026286 -7.210100 -40.474625 0.117229 -8.637283 -19.365405 -5.372419 -0.194158 -23.701533 3.696132 5.719162 -43.456242 -1.178000 7.020673 -10.566583 -5.689846 -5.016964 1.815512 16.105875 49.351501 2.534405 2.202657 -28.595968 -14.507776 6.620655 30.044851 -17.000191 2.288737 1.377425 17.941001 38.597422 17.681505 21.438038 84.877500 82.254759 -7.663123 -4.799585 -27.781200 33.069437 18.152275 -21.722575 28.530639 6.644356 -10.884674 3.826775 4.206655 -21.059126 36.115008 7.085306 -6.107878 35.336742 8.344431 -15.319158 20.791002 9.228278 -8.527080 30.449810 -1.026281 -7.210100 40.474625 -0.117231 -8.637283 19.365405 5.372431 -0.194158 23.701533 -3.696120 5.719162 43.456242 1.178012 7.020673 10.566583 5.689844 -5.016964 -1.815512 -16.105870 49.351501 -2.534405 -2.202652 -28.595968 14.507776 -6.620650 30.044851
-0.082997 0.944052 0.468435 8.331381 1.596272 -6.324742 -15.617794 -3.894114 -17.648895 1.006683 -2.116707 41.272156 4.058967 8.564964 20.202586 2.155044 0.484208 -6.539948 -6.323541 -2.435233 -1.161683 -0.558110 1.631550 48.038476 -0.068445 -11.459231 46.479301 -4.791183 1.250754 -19.694502 -3.070522 4.043488 2.592857 1.271132 10.790445 0.877143 -2.625689 7.654022 6.138359 -8.509185 1.999814 1.315056 9.749307 -5.854474 -12.312793 -3.195616 -6.618601 1.217662 -49.900092 33.466270 17.140742 9.414528 -49.342766 20.140483 -19.974209 8.526141 -17.346205 -33.069437 -18.152277 -21.722575 -28.530639 -6.644358 -10.884674 -3.826775 -4.206650 -21.059126 -36.115008 -7.085308 -6.107878 -35.336742 -8.344426 -15.319158 -20.791002 -9.228273 -8.527080 -30.449810 1.026286 -7.210100 -40.474625 0.117229 -8.637283 -19.365405 -5.372419 -0.194158 -23.701533 3.696132 5.719162 -43.456242 -1.178000 7.020673 -10.566583 -5.689846 -5.016964 1.815512 16.105875 49.351501 2.534405 2.202657 -28.595968 -14.507776 6.620655 30.044851 -16.620114 -0.208305 3.466531 13.847561 31.548025 17.402408 13.793806 82.631187 73.822898 -7.639517 -5.960034 -29.497866 33.069437 18.152275 -21.722575 28.530639 6.644356 -10.884674 3.826775 4.206655 -21.059126 36.115008 7.085306 -6.107878 35.336742 8.344431 -15.319158 20.791002 9.228278 -8.527080 30.449810 -1.026281 -7.210100 40.474625 -0.117231 -8.637283 19.365405 5.372431 -0.194158 23.701533 -3.696120 5.719162 43.456242 1.178012 7.020673 10.566583 5.689844 -5.016964 -1.815512 -16.105870 49.351501 -2.534405 -2.202652 -28.595968 14.507776 -6.620650 30.044851
-0.082098 0.933272 0.462196 5.842154 7.056674 -4.764248 -14.090860 -3.530877 -18.412822 1.086745 -1.920305 45.498277 3.678345 11.841980 15.802575 1.974880 0.403755 -10.374784 -2.892490 -2.463975 -14.317437 -0.488396 1.796390 62.692121 -2.087823 -11.076666 46.884707 -4.802474 1.425907 -15.615646 -2.199095 3.358010 3.608406 0.935429 9.335054 2.104193 -1.845020 6.339156 8.917029 -7.639591 -0.182323 -6.197591 10.755685 -6.659207 -16.331546 -1.943219 -6.741408 0.969616 -46.675259 28.320897 16.735929 9.674389 -59.010841 23.230583 -18.604426 7.328488 -18.952602 -33.069437 -18.152277 -21.722575 -28.530639 -6.644358 -10.884674 -3.826775 -4.206650 -21.059126 -36.115008 -7.085308 -6.107878 -35.336742 -8.344426 -15.319158 -20.791002 -9.228273 -8.527080 -30.449810 1.026286 -7.210100 -40.474625 0.117229 -8.637283 -19.365405 -5.372419 -0.194158 -23.701533 3.696132 5.719162 -43.456242 -1.178000 7.020673 -10.566583 -5.689846 -5.016964 1.815512 16.105875 49.351501 2.534405 2.202657 -28.595968 -14.507776 6.620655 30.044851 -15.136223 -3.892556 4.715472 10.282414 23.915165 15.195940 13.888957 81.673157 73.070873 -7.079615 -7.879311 -30.892334 33.069437 18.152275 -21.722575 28.530639 6.644356 -10.884674 3.826775 4.206655 -21.059126 36.115008 7.085306 -6.107878 35.336742 8.344431 -15.319158 20.791002 9.228278 -8.527080 30.449810 -1.026281 -7.210100 40.474625 -0.117231 -8.637283 19.365405 5.372431 -0.194158 23.701533 -3.696120 5.719162 43.456242 1.178012 7.020673 10.566583 5.689844 -5.016964 -1.815512 -16.105870 49.351501 -2.534405 -2.202652 -28.595968 14.507776 -6.620650 30.044851
-0.083291 0.913057 0.457853 4.025942 13.209192 -2.830777 -12.499299 -2.895745 -19.819414 1.211964 -1.598822 49.110768 3.693625 12.437859 9.755254 1.762185 0.242816 -14.116321 -0.606277 -1.052796 -27.692722 -0.364025 1.855020 76.131051 -4.061832 -11.970560 42.885057 -4.642438 1.739501 -10.697707 -1.616045 2.855370 4.191750 0.175250 7.747896 2.605829 -1.026811 4.881709 10.955950 -5.381271 -2.399969 -12.452404 10.891804 -7.381963 -19.307150 -0.583373 -7.124540 -0.426322 -41.469968 21.973479 14.573090 10.486601 -69.304148 26.270229 -17.394725 5.952430 -21.110327 -33.069437 -18.152277 -21.722575 -28.530639 -6.644358 -10.884674 -3.826775 -4.206650 -21.059126 -36.115008 -7.085308 -6.107878 -35.336742 -8.344426 -15.319158 -20.791002 -9.228273 -8.527080 -30.449810 1.026286 -7.210100 -40.474625 0.117229 -8.637283 -19.365405 -5.372419 -0.194158 -23.701533 3.696132 5.719162 -43.456242 -1.178000 7.020673 -10.566583 -5.689846 -5.016964 1.815512 16.105875 49.351501 2.534405 2.202657 -28.595968 -14.507776 6.620655 30.044851 -13.249834 -7.533327 5.358379 8.859572 16.267437 12.436962 14.865070 80.757243 74.256259 -5.653508 -10.338425 -31.434248 33.069437 18.152275 -21.722575 28.530639 6.644356 -10.884674 3.826775 4.206655 -21.059126 36.115008 7.085306 -6.107878 35.336742 8.344431 -15.319158 20.791002 9.228278 -8.527080 30.449810 -1.026281 -7.210100 40.474625 -0.117231 -8.637283 19.365405 5.372431 -0.194158 23.701533 -3.696120 5.719162 43.456242 1.178012 7.020673 10.566583 5.689844 -5.016964 -1.815512 -16.105870 49.351501 -2.534405 -2.202652 -28.595968 14.507776 -6.620650 30.044851
-0.086702 0.892516 0.459465 2.581668 20.213394 -1.326085 -10.330601 -2.705907 -21.172285 1.421446 -1.269368 52.059080 4.314155 10.909980 3.990820 1.691601 0.026907 -16.066215 0.283265 0.436738 -38.955509 -0.268143 1.807161 85.350317 -5.766088 -13.797171 38.632834 -4.365370 2.040146 -6.180820 -1.453822 2.336685 4.332823 -0.615016 5.984409 2.556150 -0.240663 3.096073 11.864742 -2.064570 -4.271598 -15.618556 10.522690 -7.969319 -20.896296 0.683419 -9.327311 -2.978491 -35.266896 15.200527 10.632090 12.478301 -79.474918 27.964341 -16.383238 4.931645 -23.330019 -33.069437 -18.152277 -21.722575 -28.530639 -6.644358 -10.884674 -3.826775 -4.206650 -21.059126 -36.115008 -7.085308 -6.107878 -35.336742 -8.344426 -15.319158 -20.791002 -9.228273 -8.527080 -30.449810 1.026286 -7.210100 -40.474625 0.117229 -8.637283 -19.365405 -5.372419 -0.194158 -23.701533 3.696132 5.719162 -43.456242 -1.178000 7.020673 -10.566583 -5.689846 -5.016964 1.815512 16.105875 49.351501 2.534405 2.202657 -28.595968 -14.507776 6.620655 30.044851 -11.359440 -9.764436 5.291056 10.511283 8.978382 10.993052 12.649961 78.364737 73.358629 -3.968315 -12.494784 -31.128874 33.069437 18.152275 -21.722575 28.530639 6.644356 -10.884674 3.826775 4.206655 -21.059126 36.115008 7.085306 -6.107878 35.336742 8.344431 -15.319158 20.791002 9.228278 -8.527080 30.449810 -1.026281 -7.210100 40.474625 -0.117231 -8.637283 19.365405 5.372431 -0.194158 23.701533 -3.696120 5.719162 43.456242 1.178012 7.020673 10.566583 5.689844 -5.016964 -1.815512 -16.105870 49.351501 -2.534405 -2.202652 -28.595968 14.507776 -6.620650 30.044851
-0.091715 0.879449 0.470031 0.725627 27.747161 -1.206812 -6.922620 -3.329872 -21.340926 1.613338 -1.044204 53.929890 4.908919 8.434808 -0.532205 1.764686 -0.227306 -15.900875 0.579137 1.567394 -46.231344 -0.193561 1.713444 88.775261 -6.582986 -14.879230 36.061445 -4.004037 2.276259 -2.780147 -1.529154 1.616968 4.210908 -1.194246 4.070891 2.041083 0.481789 0.879034 11.828583 1.505975 -5.785899 -15.100934 10.389332 -8.540930 -21.297121 1.844792 -13.993389 -6.341011 -28.871387 8.444445 6.479329 36.536980 -88.707594 6.916475 -14.851874 4.391848 -24.767762 -33.069437 -18.152277 -21.722575 -28.530639 -6.644358 -10.884674 -3.826775 -4.206650 -21.059126 -36.115008 -7.085308 -6.107878 -35.336742 -8.344426 -15.319158 -20.791002 -9.228273 -8.527080 -30.449810 1.026286 -7.210100 -40.474625 0.117229 -8.637283 -19.365405 -5.372419 -0.194158 -23.701533 3.696132 5.719162 -43.456242 -1.178000 7.020673 -10.566583 -5.689846 -5.016964 1.815512 16.105875 49.351501 2.534405 2.202657 -28.595968 -14.507776 6.620655 30.044851 -9.059110 -10.215495 4.113761 14.576179 2.120182 11.676312 7.595013 73.735863 69.654337 -3.159255 -13.252948 -30.202441 33.069437 18.152275 -21.722575 28.530639 6.644356 -10.884674 3.826775 4.206655 -21.059126 36.115008 7.085306 -6.107878 35.336742 8.344431 -15.319158 20.791002 9.228278 -8.527080 30.449810 -1.026281 -7.210100 40.474625 -0.117231 -8.637283 19.365405 5.372431 -0.194158 23.701533 -3.696120 5.719162 43.456242 1.178012 7.020673 10.566583 5.689844 -5.016964 -1.815512 -16.105870 49.351501 -2.534405 -2.202652 -28.595968 14.507776 -6.620650 30.044851
-0.096557 0.876998 0.490473 -2.515424 34.731890 -3.146737 -1.812504 -4.120336 -19.513669 1.652021 -0.940077 53.768820 4.712766 5.819877 -3.669175 1.950462 -0.498745 -14.894238 1.240919 2.991858 -48.916575 -0.161455 1.604947 86.235988 -5.886814 -13.717982 35.469538 -3.543748 2.441850 -0.243846 -1.469320 0.743557 3.958629 -1.523450 2.097984 1.081997 1.129711 -1.652323 11.319565 4.448088 -6.908474 -11.705886 10.885576 -9.213445 -20.696358 3.316303 -19.990431 -9.569501 -23.509187 1.295362 3.816330 -174.471080 -83.094988 -139.485276 -12.346199 4.211203 -25.228994 -33.069437 -18.152277 -21.722575 -28.530639 -6.644358 -10.884674 -3.826775 -4.206650 -21.059126 -36.115008 -7.085308 -6.107878 -35.336742 -8.344426 -15.319158 -20.791002 -9.228273 -8.527080 -30.449810 1.026286 -7.210100 -40.474625 0.117229 -8.637283 -19.365405 -5.372419 -0.194158 -23.701533 3.696132 5.719162 -43.456242 -1.178000 7.020673 -10.566583 -5.689846 -5.016964 1.815512 16.105875 49.351501 2.534405 2.202657 -28.595968 -14.507776 6.620655 30.044851 -6.071727 -9.552680 2.007959 19.767894 -4.331594 13.700435 2.738602 66.873790 65.223935 -4.092977 -12.452744 -28.695312 33.069437 18.152275 -21.722575 28.530639 6.644356 -10.884674 3.826775 4.206655 -21.059126 36.115008 7.085306 -6.107878 35.336742 8.344431 -15.319158 20.791002 9.228278 -8.527080 30.449810 -1.026281 -7.210100 40.474625 -0.117231 -8.637283 19.365405 5.372431 -0.194158 23.701533 -3.696120 5.719162 43.456242 1.178012 7.020673 10.566583 5.689844 -5.016964 -1.815512 -16.105870 49.351501 -2.534405 -2.202652 -28.595968 14.507776 -6.620650 30.044851
-0.099435 0.883767 0.519137 -7.651753 39.995575 -7.319171 4.740517 -4.363812 -15.754823 1.531781 -0.933630 51.295431 3.366121 4.744443 -5.353682 2.231286 -0.689505 -14.134265 2.908887 5.201786 -47.668539 -0.213635 1.514911 78.843537 -3.634525 -11.089431 37.109627 -3.010696 2.517897 2.188193 -1.023108 -0.130495 3.560683 -1.630998 0.191152 -0.123356 1.732621 -4.138518 10.583558 6.209377 -7.483119 -6.546042 11.803777 -10.010118 -19.145987 5.619227 -25.545533 -11.706701 -20.836059 -7.149525 3.403442 -171.380720 -76.991789 -139.841402 -8.680040 4.345212 -25.552390 -33.069437 -18.152277 -21.722575 -28.530639 -6.644358 -10.884674 -3.826775 -4.206650 -21.059126 -36.115008 -7.085308 -6.107878 -35.336742 -8.344426 -15.319158 -20.791002 -9.228273 -8.527080 -30.449810 1.026286 -7.210100 -40.474625 0.117229 -8.637283 -19.365405 -5.372419 -0.194158 -23.701533 3.696132 5.719162 -43.456242 -1.178000 7.020673 -10.566583 -5.689846 -5.016964 1.815512 16.105875 49.351501 2.534405 2.202657 -28.595968 -14.507776 6.620655 30.044851 -3.060879 -8.448170 -0.134936 25.570475 -10.518079 15.909049 -0.878574 57.903266 60.589119 -7.037188 -11.454525 -27.257311 33.069437 18.152275 -21.722575 28.530639 6.644356 -10.884674 3.826775 4.206655 -21.059126 36.115008 7.085306 -6.107878 35.336742 8.344431 -15.319158 20.791002 9.228278 -8.527080 30.449810 -1.026281 -7.210100 40.474625 -0.117231 -8.637283 19.365405 5.372431 -0.194158 23.701533 -3.696120 5.719162 43.456242 1.178012 7.020673 10.566583 5.689844 -5.016964 -1.815512 -16.105870 49.351501 -2.534405 -2.202652 -28.595968 14.507776 -6.620650 30.044851
-0.099283 0.893838 0.554682 -14.134837 42.939524 -13.057381 11.821519 -4.108110 -10.665682 1.362539 -1.014492 47.199544 0.974560 7.000810 -5.720432 2.536200 -0.687156 -13.933362 5.858987 8.068006 -43.901720 -0.336684 1.500486 68.997874 -0.763337 -9.235281 40.435731 -2.564762 2.487639 4.814543 -0.179235 -0.910913 2.940860 -1.580490 -1.555505 -1.255461 2.321261 -6.199316 9.692768 6.814604 -7.410671 -0.637875 12.709674 -10.828737 -16.826601 8.787406 -29.486518 -12.518214 -21.974611 -17.310627 5.405826 -169.508592 -73.423723 -138.247345 -3.910379 4.858337 -26.180726 -33.069437 -18.152277 -21.722575 -28.530639 -6.644358 -10.884674 -3.826775 -4.206650 -21.059126 -36.115008 -7.085308 -6.107878 -35.336742 -8.344426 -15.319158 -20.791002 -9.228273 -8.527080 -30.449810 1.026286 -7.210100 -40.474625 0.117229 -8.637283 -19.365405 -5.372419 -0.194158 -23.701533 3.696132 5.719162 -43.456242 -1.178000 7.020673 -10.566583 -5.689846 -5.016964 1.815512 16.105875 49.351501 2.534405 2.202657 -28.595968 -14.507776 6.620655 30.044851 -1.052597 -7.445757 -1.674925 32.028140 -16.618217 17.735583 -3.608322 46.753201 54.799701 -12.120698 -12.223277 -26.889654 33.069437 18.152275 -21.722575 28.530639 6.644356 -10.884674 3.826775 4.206655 -21.059126 36.115008 7.085306 -6.107878 35.336742 8.344431 -15.319158 20.791002 9.228278 -8.527080 30.449810 -1.026281 -7.210100 40.474625 -0.117231 -8.637283 19.365405 5.372431 -0.194158 23.701533 -3.696120 5.719162 43.456242 1.178012 7.020673 10.566583 5.689844 -5.016964 -1.815512 -16.105870 49.351501 -2.534405 -2.202652 -28.595968 14.507776 -6.620650 30.044851
-0.097013 0.902052 0.594516 -20.444981 43.756961 -18.925715 18.335967 -3.906169 -4.857906 1.271636 -1.166286 42.508065 -1.672745 11.903267 -5.424004 2.770436 -0.481335 -14.101882 9.885319 11.173502 -39.001053 -0.445472 1.581000 59.525092 1.361243 -8.977168 43.495929 -2.359575 2.376512 6.834387 0.869197 -1.626689 2.171532 -1.497796 -3.136817 -2.137037 2.806323 -7.761456 8.802437 6.869350 -6.825979 5.057784 13.179041 -11.415942 -14.077991 11.932746 -31.544748 -12.492584 -26.323110 -28.150499 9.537097 -167.524859 -72.043986 -136.082339 2.030094 5.552591 -26.975185 -33.069437 -18.152277 -21.722575 -28.530639 -6.644358 -10.884674 -3.826775 -4.206650 -21.059126 -36.115008 -7.085308 -6.107878 -35.336742 -8.344426 -15.319158 -20.791002 -9.228273 -8.527080 -30.449810 1.026286 -7.210100 -40.474625 0.117229 -8.637283 -19.365405 -5.372419 -0.194158 -23.701533 3.696132 5.719162 -43.456242 -1.178000 7.020673 -10.566583 -5.689846 -5.016964 1.815512 16.105875 49.351501 2.534405 2.202657 -28.595968 -14.507776 6.620655 30.044851 -0.561774 -7.150222 -2.705369 38.652819 -22.575808 19.007896 -5.632181 34.691291 46.661616 -19.523379 -15.931229 -27.745168 33.069437 18.152275 -21.722575 28.530639 6.644356 -10.884674 3.826775 4.206655 -21.059126 36.115008 7.085306 -6.107878 35.336742 8.344431 -15.319158 20.791002 9.228278 -8.527080 30.449810 -1.026281 -7.210100 40.474625 -0.117231 -8.637283 19.365405 5.372431 -0.194158 23.701533 -3.696120 5.719162 43.456242 1.178012 7.020673 10.566583 5.689844 -5.016964 -1.815512 -16.105870 49.351501 -2.534405 -2.202652 -28.595968 14.507776 -6.620650 30.044851
-0.094353 0.904270 0.636375 -25.175268 43.119909 -23.668706 23.551694 -4.269569 1.228653 1.301745 -1.335907 38.092774 -3.652153 16.410297 -5.109501 2.961842 -0.198367 -14.213369 14.461969 14.016534 -33.761728 -0.478281 1.722153 52.223657 2.489454 -9.166501 44.803476 -2.345187 2.195171 6.876094 1.864387 -2.412673 1.483839 -1.476154 -4.605615 -2.852057 2.990674 -9.060134 8.077154 6.947468 -6.017073 9.995409 12.977182 -11.500882 -11.228201 13.662746 -32.097611 -12.253058 -31.569442 -37.851140 14.599816 -165.698084 -71.260676 -133.828623 9.742891 6.279631 -27.802710 -33.069437 -18.152277 -21.722575 -28.530639 -6.644358 -10.884674 -3.826775 -4.206650 -21.059126 -36.115008 -7.085308 -6.107878 -35.336742 -8.344426 -15.319158 -20.791002 -9.228273 -8.527080 -30.449810 1.026286 -7.210100 -40.474625 0.117229 -8.637283 -19.365405 -5.372419 -0.194158 -23.701533 3.696132 5.719162 -43.456242 -1.178000 7.020673 -10.566583 -5.689846 -5.016964 1.815512 16.105875 49.351501 2.534405 2.202657 -28.595968 -14.507776 6.620655 30.044851 -1.331989 -7.925155 -3.669246 43.889177 -27.982770 19.706025 -6.935468 24.859835 34.946465 -28.659122 -21.619780 -29.381667 33.069437 18.152275 -21.722575 28.530639 6.644356 -10.884674 3.826775 4.206655 -21.059126 36.115008 7.085306 -6.107878 35.336742 8.344431 -15.319158 20.791002 9.228278 -8.527080 30.449810 -1.026281 -7.210100 40.474625 -0.117231 -8.637283 19.365405 5.372431 -0.194158 23.701533 -3.696120 5.719162 43.456242 1.178012 7.020673 10.566583 5.689844 -5.016964 -1.815512 -16.105870 49.351501 -2.534405 -2.202652 -28.595968 14.507776 -6.620650 30.044851
-0.093465 0.898664 0.679387 -27.854833 41.678356 -26.910057 27.198057 -5.445666 7.319967 1.400170 -1.476801 34.451242 -4.951144 18.746959 -5.126052 3.154527 0.027385 -14.224918 19.100001 15.885472 -28.687191 -0.463591 1.859282 47.870398 3.130383 -9.139733 44.091733 -2.426669 1.903310 3.818624 2.648575 -3.339393 1.033542 -1.456657 -5.938007 -3.524408 2.770278 -10.275013 7.549228 7.045706 -4.992026 14.150021 12.342476 -11.005529 -8.576078 13.223487 -31.778279 -12.250747 -35.819008 -45.644881 19.203348 -164.255712 -70.162310 -131.219327 18.777015 7.380042 -27.645066 -33.069437 -18.152277 -21.722575 -28.530639 -6.644358 -10.884674 -3.826775 -4.206650 -21.059126 -36.115008 -7.085308 -6.107878 -35.336742 -8.344426 -15.319158 -20.791002 -9.228273 -8.527080 -30.449810 1.026286 -7.210100 -40.474625 0.117229 -8.637283 -19.365405 -5.372419 -0.194158 -23.701533 3.696132 5.719162 -43.456242 -1.178000 7.020673 -10.566583 -5.689846 -5.016964 1.815512 16.105875 49.351501 2.534405 2.202657 -28.595968 -14.507776 6.620655 30.044851 -2.569933 -9.485628 -4.803561 45.960527 -32.308691 20.182943 -7.556605 18.515102 19.966079 -37.071268 -26.248510 -31.855360 33.069437 18.152275 -21.722575 28.530639 6.644356 -10.884674 3.826775 4.206655 -21.059126 36.115008 7.085306 -6.107878 35.336742 8.344431 -15.319158 20.791002 9.228278 -8.527080 30.449810 -1.026281 -7.210100 40.474625 -0.117231 -8.637283 19.365405 5.372431 -0.194158 23.701533 -3.696120 5.719162 43.456242 1.178012 7.020673 10.566583 5.689844 -5.016964 -1.815512 -16.105870 49.351501 -2.534405 -2.202652 -28.595968 14.507776 -6.620650 30.044851
-0.094849 0.887787 0.720201 -28.593568 39.758363 -28.740268 29.087330 -7.243522 13.262458 1.488641 -1.590660 31.644594 -6.234487 19.627323 -5.663838 3.282655 0.191733 -14.437640 23.256340 16.108997 -24.312929 -0.476553 1.931915 46.498449 3.158092 -9.119577 41.806065 -2.507647 1.452292 -2.801015 3.156980 -4.349168 0.829388 -1.302768 -7.009479 -4.090148 2.234241 -11.376750 7.116676 6.846683 -3.444885 17.499804 11.788979 -9.998807 -6.300418 10.857689 -31.029649 -12.601894 -38.393767 -51.601284 22.251469 -163.229271 -69.133586 -127.880238 27.115153 8.990130 -25.884633 -33.069437 -18.152277 -21.722575 -28.530639 -6.644358 -10.884674 -3.826775 -4.206650 -21.059126 -36.115008 -7.085308 -6.107878 -35.336742 -8.344426 -15.319158 -20.791002 -9.228273 -8.527080 -30.449810 1.026286 -7.210100 -40.474625 0.117229 -8.637283 -19.365405 -5.372419 -0.194158 -23.701533 3.696132 5.719162 -43.456242 -1.178000 7.020673 -10.566583 -5.689846 -5.016964 1.815512 16.105875 49.351501 2.534405 2.202657 -28.595968 -14.507776 6.620655 30.044851 -3.358942 -11.199636 -6.239304 44.247543 -34.919227 20.484593 -7.594991 14.950733 5.058049 -42.330067 -27.189840 -35.389133 33.069437 18.152275 -21.722575 28.530639 6.644356 -10.884674 3.826775 4.206655 -21.059126 36.115008 7.085306 -6.107878 35.336742 8.344431 -15.319158 20.791002 9.228278 -8.527080 30.449810 -1.026281 -7.210100 40.474625 -0.117231 -8.637283 19.365405 5.372431 -0.194158 23.701533 -3.696120 5.719162 43.456242 1.178012 7.020673 10.566583 5.689844 -5.016964 -1.815512 -16.105870 49.351501 -2.534405 -2.202652 -28.595968 14.507776 -6.620650 30.044851
-0.098700 0.877799 0.755274 -27.611876 37.264989 -29.219710 29.108412 -8.949758 18.741250 1.501486 -1.698365 29.698311 -7.910886 20.496779 -6.122062 3.344516 0.384850 -14.728695 26.311711 14.687874 -20.926424 -0.555901 1.930931 47.070228 2.160251 -8.789174 39.139887 -2.407410 0.873953 -11.609646 3.376694 -5.269598 0.845257 -0.951824 -7.649816 -4.332785 1.654766 -12.185499 6.633536 6.210446 -1.080438 19.651190 11.712454 -8.555520 -4.350121 7.565232 -29.986652 -12.754434 -38.649558 -55.671579 22.295059 -162.649334 -68.841423 -124.578716 32.112650 11.259112 -23.896742 -33.069437 -18.152277 -21.722575 -28.530639 -6.644358 -10.884674 -3.826775 -4.206650 -21.059126 -36.115008 -7.085308 -6.107878 -35.336742 -8.344426 -15.319158 -20.791002 -9.228273 -8.527080 -30.449810 1.026286 -7.210100 -40.474625 0.117229 -8.637283 -19.365405 -5.372419 -0.194158 -23.701533 3.696132 5.719162 -43.456242 -1.178000 7.020673 -10.566583 -5.689846 -5.016964 1.815512 16.105875 49.351501 2.534405 2.202657 -28.595968 -14.507776 6.620655 30.044851 -2.846160 -12.405499 -8.128944 40.048582 -35.494383 19.760302 -7.319358 13.665831 -6.109807 -45.005196 -24.356937 -38.897832 33.069437 18.152275 -21.722575 28.530639 6.644356 -10.884674 3.826775 4.206655 -21.059126 36.115008 7.085306 -6.107878 35.336742 8.344431 -15.319158 20.791002 9.228278 -8.527080 30.449810 -1.026281 -7.210100 40.474625 -0.117231 -8.637283 19.365405 5.372431 -0.194158 23.701533 -3.696120 5.719162 43.456242 1.178012 7.020673 10.566583 5.689844 -5.016964 -1.815512 -16.105870 49.351501 -2.534405 -2.202652 -28.595968 14.507776 -6.620650 30.044851
-0.104202 0.874248 0.781656 -25.294897 33.972715 -28.459641 27.571196 -9.647196 23.045786 1.465893 -1.799315 28.786085 -9.280006 22.191424 -4.581874 3.443828 0.660441 -14.308138 27.812940 12.389303 -18.223314 -0.670781 1.929510 47.570703 0.745020 -7.113134 37.716144 -2.057727 0.389692 -19.287344 3.319644 -5.840069 1.055331 -0.473223 -7.743164 -4.070150 1.378623 -12.508867 6.074155 5.407169 1.934155 20.147181 12.055856 -6.919689 -2.657724 5.080683 -28.705452 -11.730373 -36.613892 -57.250797 18.768902 -162.304887 -69.334861 -122.700073 32.164969 14.522931 -23.333600 -33.069437 -18.152277 -21.722575 -28.530639 -6.644358 -10.884674 -3.826775 -4.206650 -21.059126 -36.115008 -7.085308 -6.107878 -35.336742 -8.344426 -15.319158 -20.791002 -9.228273 -8.527080 -30.449810 1.026286 -7.210100 -40.474625 0.117229 -8.637283 -19.365405 -5.372419 -0.194158 -23.701533 3.696132 5.719162 -43.456242 -1.178000 7.020673 -10.566583 -5.689846 -5.016964 1.815512 16.105875 49.351501 2.534405 2.202657 -28.595968 -14.507776 6.620655 30.044851 -0.982462 -12.358269 -10.158344 36.528733 -34.990900 17.175050 -6.970959 14.020783 -12.043282 -46.440177 -19.600257 -41.044348 33.069437 18.152275 -21.722575 28.530639 6.644356 -10.884674 3.826775 4.206655 -21.059126 36.115008 7.085306 -6.107878 35.336742 8.344431 -15.319158 20.791002 9.228278 -8.527080 30.449810 -1.026281 -7.210100 40.474625 -0.117231 -8.637283 19.365405 5.372431 -0.194158 23.701533 -3.696120 5.719162 43.456242 1.178012 7.020673 10.566583 5.689844 -5.016964 -1.815512 -16.105870 49.351501 -2.534405 -2.202652 -28.595968 14.507776 -6.620650 30.044851
-0.111750 0.880421 0.799306 -22.158396 30.029564 -26.736740 25.017812 -9.091915 25.253627 1.470057 -1.893060 29.157565 -8.700595 24.184630 0.789453 3.659142 0.933054 -12.550112 27.632061 10.110130 -15.688560 -0.755260 1.961592 46.519141 0.304655 -3.936891 38.105140 -1.643090 0.242249 -23.695630 2.987798 -5.903200 1.420198 -0.028758 -7.349793 -3.336764 1.516002 -12.296216 5.647993 5.002445 4.798757 19.058482 12.128476 -5.440393 -1.413563 5.079157 -27.235862 -9.308211 -34.165945 -55.623514 14.033995 -161.840175 -70.114724 -122.451932 28.251107 17.929693 -24.188640 -33.069437 -18.152277 -21.722575 -28.530639 -6.644358 -10.884674 -3.826775 -4.206650 -21.059126 -36.115008 -7.085308 -6.107878 -35.336742 -8.344426 -15.319158 -20.791002 -9.228273 -8.527080 -30.449810 1.026286 -7.210100 -40.474625 0.117229 -8.637283 -19.365405 -5.372419 -0.194158 -23.701533 3.696132 5.719162 -43.456242 -1.178000 7.020673 -10.566583 -5.689846 -5.016964 1.815512 16.105875 49.351501 2.534405 2.202657 -28.595968 -14.507776 6.620655 30.044851 0.937113 -10.681416 -11.230128 36.691752 -34.863971 13.588357 -6.541006 14.700024 -13.311566 -45.788362 -14.758595 -41.766788 33.069437 18.152275 -21.722575 28.530639 6.644356 -10.884674 3.826775 4.206655 -21.059126 36.115008 7.085306 -6.107878 35.336742 8.344431 -15.319158 20.791002 9.228278 -8.527080 30.449810 -1.026281 -7.210100 40.474625 -0.117231 -8.637283 19.365405 5.372431 -0.194158 23.701533 -3.696120 5.719162 43.456242 1.178012 7.020673 10.566583 5.689844 -5.016964 -1.815512 -16.105870 49.351501 -2.534405 -2.202652 -28.595968 14.507776 -6.620650 30.044851
-0.120360 0.894548 0.809346 -18.601771 25.885470 -24.371344 21.612233 -8.077980 24.832435 1.528453 -2.032566 31.007706 -5.734137 24.318447 9.187161 3.951363 1.064371 -9.905087 25.971830 8.205204 -13.349460 -0.771373 1.999534 44.091050 1.179878 -0.743908 39.539928 -1.349453 0.471593 -25.107403 2.405480 -5.528298 1.910438 0.286727 -6.638477 -2.353928 1.841398 -11.654165 5.565666 5.382956 6.865859 16.896204 11.046279 -4.167806 -0.911545 7.399550 -25.422754 -6.245003 -32.538598 -50.962867 10.960899 -161.235457 -71.137164 -123.402093 22.109288 19.840165 -25.932760 -33.069437 -18.152277 -21.722575 -28.530639 -6.644358 -10.884674 -3.826775 -4.206650 -21.059126 -36.115008 -7.085308 -6.107878 -35.336742 -8.344426 -15.319158 -20.791002 -9.228273 -8.527080 -30.449810 1.026286 -7.210100 -40.474625 0.117229 -8.637283 -19.365405 -5.372419 -0.194158 -23.701533 3.696132 5.719162 -43.456242 -1.178000 7.020673 -10.566583 -5.689846 -5.016964 1.815512 16.105875 49.351501 2.534405 2.202657 -28.595968 -14.507776 6.620655 30.044851 1.832966 -8.033878 -10.515052 40.704605 -35.026246 11.276909 -6.112358 14.971456 -10.637453 -41.648161 -10.556881 -41.033164 33.069437 18.152275 -21.722575 28.530639 6.644356 -10.884674 3.826775 4.206655 -21.059126 36.115008 7.085306 -6.107878 35.336742 8.344431 -15.319158 20.791002 9.228278 -8.527080 30.449810 -1.026281 -7.210100 40.474625 -0.117231 -8.637283 19.365405 5.372431 -0.194158 23.701533 -3.696120 5.719162 43.456242 1.178012 7.020673 10.566583 5.689844 -5.016964 -1.815512 -16.105870 49.351501 -2.534405 -2.202652 -28.595968 14.507776 -6.620650 30.044851
-0.128959 0.911698 0.814393 -14.802295 21.724580 -21.583997 17.199316 -7.720406 22.062968 1.557789 -2.276862 34.148439 -2.436492 20.793666 16.920469 4.171757 1.011922 -7.744442 23.210018 6.400074 -11.666981 -0.718766 2.006787 41.500065 2.436062 1.036969 40.704714 -1.228841 0.911723 -24.876775 1.632212 -4.915965 2.535191 0.587740 -5.746065 -1.358533 2.099308 -10.742478 5.883641 6.268845 8.337894 13.953095 8.361285 -2.718044 -1.326303 10.103720 -22.539390 -3.180160 -31.140834 -44.069727 10.143208 -160.407065 -72.810471 -126.249381 14.084181 19.655436 -28.773039 -33.069437 -18.152277 -21.722575 -28.530639 -6.644358 -10.884674 -3.826775 -4.206650 -21.059126 -36.115008 -7.085308 -6.107878 -35.336742 -8.344426 -15.319158 -20.791002 -9.228273 -8.527080 -30.449810 1.026286 -7.210100 -40.474625 0.117229 -8.637283 -19.365405 -5.372419 -0.194158 -23.701533 3.696132 5.719162 -43.456242 -1.178000 7.020673 -10.566583 -5.689846 -5.016964 1.815512 16.105875 49.351501 2.534405 2.202657 -28.595968 -14.507776 6.620655 30.044851 1.768481 -5.765749 -8.311186 45.815406 -34.370951 12.121668 -6.180896 16.094134 -3.514055 -34.002837 -6.547198 -38.421546 33.069437 18.152275 -21.722575 28.530639 6.644356 -10.884674 3.826775 4.206655 -21.059126 36.115008 7.085306 -6.107878 35.336742 8.344431 -15.319158 20.791002 9.228278 -8.527080 30.449810 -1.026281 -7.210100 40.474625 -0.117231 -8.637283 19.365405 5.372431 -0.194158 23.701533 -3.696120 5.719162 43.456242 1.178012 7.020673 10.566583 5.689844 -5.016964 -1.815512 -16.105870 49.351501 -2.534405 -2.202652 -28.595968 14.507776 -6.620650 30.044851
-0.137077 0.924839 0.817181 -10.774359 17.105002 -18.462348 11.863660 -8.477540 17.635241 1.511214 -2.546114 38.085288 -0.707931 14.989187 20.912011 4.170125 0.895119 -7.171407 19.769218 4.374199 -10.967989 -0.616028 1.955445 39.888923 2.922249 1.405382 40.383043 -1.330665 1.324076 -24.611634 0.759763 -4.253846 3.242603 1.063774 -4.723592 -0.401231 2.179670 -9.629874 6.629741 6.722285 10.001134 10.060309 4.281962 -0.533121 -2.790020 11.458575 -17.425955 -0.191509 -29.402284 -35.808610 10.550238 -158.591682 -74.985859 -132.697981 4.848870 17.883296 -32.683821 -33.069437 -18.152277 -21.722575 -28.530639 -6.644358 -10.884674 -3.826775 -4.206650 -21.059126 -36.115008 -7.085308 -6.107878 -35.336742 -8.344426 -15.319158 -20.791002 -9.228273 -8.527080 -30.449810 1.026286 -7.210100 -40.474625 0.117229 -8.637283 -19.365405 -5.372419 -0.194158 -23.701533 3.696132 5.719162 -43.456242 -1.178000 7.020673 -10.566583 -5.689846 -5.016964 1.815512 16.105875 49.351501 2.534405 2.202657 -28.595968 -14.507776 6.620655 30.044851 1.026393 -5.228453 -5.689314 48.802040 -32.242930 15.672877 -7.134071 21.773314 8.078828 -25.174988 -2.450785 -34.338329 33.069437 18.152275 -21.722575 28.530639 6.644356 -10.884674 3.826775 4.206655 -21.059126 36.115008 7.085306 -6.107878 35.336742 8.344431 -15.319158 20.791002 9.228278 -8.527080 30.449810 -1.026281 -7.210100 40.474625 -0.117231 -8.637283 19.365405 5.372431 -0.194158 23.701533 -3.696120 5.719162 43.456242 1.178012 7.020673 10.566583 5.689844 -5.016964 -1.815512 -16.105870 49.351501 -2.534405 -2.202652 -28.595968 14.507776 -6.620650 30.044851
-0.143990 0.930154 0.818150 -6.694618 11.485963 -15.222846 6.409032 -9.870625 11.965771 1.417006 -2.678989 42.434784 -0.045411 10.360409 20.820998 3.889559 0.849446 -8.231599 16.200372 2.135632 -11.321877 -0.476197 1.866762 39.885344 2.049600 1.112429 37.897837 -1.728142 1.575399 -25.470971 -0.086043 -3.626152 3.886764 1.711200 -3.544606 0.569812 2.046101 -8.289149 7.944833 5.551781 12.395519 5.151428 0.035829 2.303033 -5.434468 11.210250 -10.449490 2.566640 -27.361470 -26.527817 11.045490 -155.311921 -76.808026 -143.326998 -2.918926 14.973539 -36.207611 -33.069437 -18.152277 -21.722575 -28.530639 -6.644358 -10.884674 -3.826775 -4.206650 -21.059126 -36.115008 -7.085308 -6.107878 -35.336742 -8.344426 -15.319158 -20.791002 -9.228273 -8.527080 -30.449810 1.026286 -7.210100 -40.474625 0.117229 -8.637283 -19.365405 -5.372419 -0.194158 -23.701533 3.696132 5.719162 -43.456242 -1.178000 7.020673 -10.566583 -5.689846 -5.016964 1.815512 16.105875 49.351501 2.534405 2.202657 -28.595968 -14.507776 6.620655 30.044851 0.119230 -6.541987 -3.767234 48.015550 -28.798807 19.313053 -7.960984 35.407478 21.552580 -18.497259 0.789770 -30.673717 33.069437 18.152275 -21.722575 28.530639 6.644356 -10.884674 3.826775 4.206655 -21.059126 36.115008 7.085306 -6.107878 35.336742 8.344431 -15.319158 20.791002 9.228278 -8.527080 30.449810 -1.026281 -7.210100 40.474625 -0.117231 -8.637283 19.365405 5.372431 -0.194158 23.701533 -3.696120 5.719162 43.456242 1.178012 7.020673 10.566583 5.689844 -5.016964 -1.815512 -16.105870 49.351501 -2.534405 -2.202652 -28.595968 14.507776 -6.620650 30.044851
-0.149628 0.927869 0.816882 -3.036711 5.092469 -12.236679 2.162284 -11.048122 4.991281 1.302650 -2.648970 47.234405 0.808951 9.128817 18.046234 3.381873 0.841161 -10.026224 13.120746 -0.211030 -12.773667 -0.334927 1.800160 41.512722 0.198265 0.614467 33.486184 -2.424268 1.732145 -27.162660 -0.781548 -2.998765 4.382521 2.327486 -2.196026 1.471209 1.690128 -6.695236 9.854293 2.249800 15.159423 -0.292090 -2.648282 4.776183 -8.936935 10.215741 -4.540017 4.473146 -25.571962 -16.087682 11.850382 -151.998374 -78.109466 -155.190876 -7.067596 11.199320 -37.485646 -33.069437 -18.152277 -21.722575 -28.530639 -6.644358 -10.884674 -3.826775 -4.206650 -21.059126 -36.115008 -7.085308 -6.107878 -35.336742 -8.344426 -15.319158 -20.791002 -9.228273 -8.527080 -30.449810 1.026286 -7.210100 -40.474625 0.117229 -8.637283 -19.365405 -5.372419 -0.194158 -23.701533 3.696132 5.719162 -43.456242 -1.178000 7.020673 -10.566583 -5.689846 -5.016964 1.815512 16.105875 49.351501 2.534405 2.202657 -28.595968 -14.507776 6.620655 30.044851 0.112258 -8.007459 -3.098434 44.065044 -24.441604 21.063562 -6.954625 54.630376 34.079379 -14.496574 2.057344 -28.794449 33.069437 18.152275 -21.722575 28.530639 6.644356 -10.884674 3.826775 4.206655 -21.059126 36.115008 7.085306 -6.107878 35.336742 8.344431 -15.319158 20.791002 9.228278 -8.527080 30.449810 -1.026281 -7.210100 40.474625 -0.117231 -8.637283 19.365405 5.372431 -0.194158 23.701533 -3.696120 5.719162 43.456242 1.178012 7.020673 10.566583 5.689844 -5.016964 -1.815512 -16.105870 49.351501 -2.534405 -2.202652 -28.595968 14.507776 -6.620650 30.044851
-0.153931 0.918917 0.812889 -0.152446 -1.415424 -9.632163 -0.227492 -11.507036 -3.290246 1.211916 -2.509641 52.718747 2.083739 10.964362 14.926400 2.783767 0.803417 -11.326006 10.810817 -2.492921 -15.275547 -0.224092 1.763858 44.275393 -1.777770 0.490745 28.245897 -3.357241 1.912059 -28.542000 -1.271153 -2.333818 4.775106 2.788626 -0.746373 2.271032 1.173567 -4.874096 11.942708 -2.364896 17.568881 -5.619699 -3.367962 6.290614 -12.475808 9.294996 -1.631040 5.050373 -25.081259 -5.338815 13.735895 -149.669129 -79.715677 -164.705835 -8.757073 7.594736 -36.599815 -33.069437 -18.152277 -21.722575 -28.530639 -6.644358 -10.884674 -3.826775 -4.206650 -21.059126 -36.115008 -7.085308 -6.107878 -35.336742 -8.344426 -15.319158 -20.791002 -9.228273 -8.527080 -30.449810 1.026286 -7.210100 -40.474625 0.117229 -8.637283 -19.365405 -5.372419 -0.194158 -23.701533 3.696132 5.719162 -43.456242 -1.178000 7.020673 -10.566583 -5.689846 -5.016964 1.815512 16.105875 49.351501 2.534405 2.202657 -28.595968 -14.507776 6.620655 30.044851 0.976221 -8.041418 -3.564925 39.416274 -18.875710 20.573489 -2.114601 73.348878 46.703345 -11.616703 1.698582 -28.281194 33.069437 18.152275 -21.722575 28.530639 6.644356 -10.884674 3.826775 4.206655 -21.059126 36.115008 7.085306 -6.107878 35.336742 8.344431 -15.319158 20.791002 9.228278 -8.527080 30.449810 -1.026281 -7.210100 40.474625 -0.117231 -8.637283 19.365405 5.372431 -0.194158 23.701533 -3.696120 5.719162 43.456242 1.178012 7.020673 10.566583 5.689844 -5.016964 -1.815512 -16.105870 49.351501 -2.534405 -2.202652 -28.595968 14.507776 -6.620650 30.044851
-0.156068 0.906060 0.807233 1.912866 -7.493528 -7.419681 -1.159685 -11.303107 -12.443339 1.205518 -2.346926 58.803954 3.371122 13.766577 13.444235 2.181588 0.740443 -11.524066 9.175959 -4.303064 -18.408798 -0.146682 1.699989 47.504830 -3.500490 1.373799 23.316053 -4.419757 2.164749 -28.930373 -1.575310 -1.658169 5.124796 3.114356 0.707590 3.004343 0.607638 -2.932710 13.758884 -6.980280 19.216200 -10.298506 -3.021199 7.040684 -15.418266 8.535438 -1.225805 4.332217 -26.417563 3.965330 16.267202 -146.674337 -82.295688 -172.088423 -9.763999 5.249420 -34.628403 -33.069437 -18.152277 -21.722575 -28.530639 -6.644358 -10.884674 -3.826775 -4.206650 -21.059126 -36.115008 -7.085308 -6.107878 -35.336742 -8.344426 -15.319158 -20.791002 -9.228273 -8.527080 -30.449810 1.026286 -7.210100 -40.474625 0.117229 -8.637283 -19.365405 -5.372419 -0.194158 -23.701533 3.696132 5.719162 -43.456242 -1.178000 7.020673 -10.566583 -5.689846 -5.016964 1.815512 16.105875 49.351501 2.534405 2.202657 -28.595968 -14.507776 6.620655 30.044851 1.624153 -6.444534 -4.687985 36.002917 -11.361068 18.647897 43.605000 87.033640 97.508238 -9.219531 0.907093 -28.153212 33.069437 18.152275 -21.722575 28.530639 6.644356 -10.884674 3.826775 4.206655 -21.059126 36.115008 7.085306 -6.107878 35.336742 8.344431 -15.319158 20.791002 9.228278 -8.527080 30.449810 -1.026281 -7.210100 40.474625 -0.117231 -8.637283 19.365405 5.372431 -0.194158 23.701533 -3.696120 5.719162 43.456242 1.178012 7.020673 10.566583 5.689844 -5.016964 -1.815512 -16.105870 49.351501 -2.534405 -2.202652 -28.595968 14.507776 -6.620650 30.044851
-0.155825 0.894244 0.801959 3.334711 -12.708473 -5.704132 -1.426465 -10.787359 -21.710245 1.287409 -2.251125 64.797383 4.206008 15.242546 13.912943 1.588586 0.692618 -10.983024 7.933330 -5.159256 -21.473329 -0.106220 1.567654 50.589125 -4.999675 3.068301 19.342823 -5.462156 2.504066 -28.187665 -1.753853 -1.000197 5.426928 3.312388 2.097390 3.661194 0.091402 -1.046328 15.167668 -10.556009 20.035440 -14.005109 -2.581480 7.372748 -17.507788 7.502500 -2.158535 2.841311 -29.413561 10.230171 18.265857 -135.227896 -85.917833 174.635629 -9.902255 4.486644 -32.300200 -33.069437 -18.152277 -21.722575 -28.530639 -6.644358 -10.884674 -3.826775 -4.206650 -21.059126 -36.115008 -7.085308 -6.107878 -35.336742 -8.344426 -15.319158 -20.791002 -9.228273 -8.527080 -30.449810 1.026286 -7.210100 -40.474625 0.117229 -8.637283 -19.365405 -5.372419 -0.194158 -23.701533 3.696132 5.719162 -43.456242 -1.178000 7.020673 -10.566583 -5.689846 -5.016964 1.815512 16.105875 49.351501 2.534405 2.202657 -28.595968 -14.507776 6.620655 30.044851 1.219061 -3.861103 -6.110867 34.275423 -1.351986 16.449326 153.738123 81.992961 -149.046339 -7.506550 0.440850 -27.900105 33.069437 18.152275 -21.722575 28.530639 6.644356 -10.884674 3.826775 4.206655 -21.059126 36.115008 7.085306 -6.107878 35.336742 8.344431 -15.319158 20.791002 9.228278 -8.527080 30.449810 -1.026281 -7.210100 40.474625 -0.117231 -8.637283 19.365405 5.372431 -0.194158 23.701533 -3.696120 5.719162 43.456242 1.178012 7.020673 10.566583 5.689844 -5.016964 -1.815512 -16.105870 49.351501 -2.534405 -2.202652 -28.595968 14.507776 -6.620650 30.044851
-0.153495 0.888038 0.800668 4.434110 -16.597070 -4.614320 -1.806582 -10.398599 -30.003553 1.388793 -2.237950 69.161184 4.080492 14.105771 15.458286 1.028768 0.670939 -10.368777 6.712090 -4.794804 -23.588289 -0.089737 1.388300 52.710339 -6.075976 4.497211 16.801024 -6.327494 2.935386 -26.400361 -1.890961 -0.347832 5.625000 3.290252 3.417085 4.182835 -0.349970 0.668979 16.173642 -12.416593 20.103537 -16.437458 -2.488281 7.495630 -18.628559 5.576189 -3.844786 1.315604 -33.343112 12.432217 19.448945 -34.306647 -87.756326 73.617241 -8.355123 4.760494 -30.159274 -33.069437 -18.152277 -21.722575 -28.530639 -6.644358 -10.884674 -3.826775 -4.206650 -21.059126 -36.115008 -7.085308 -6.107878 -35.336742 -8.344426 -15.319158 -20.791002 -9.228273 -8.527080 -30.449810 1.026286 -7.210100 -40.474625 0.117229 -8.637283 -19.365405 -5.372419 -0.194158 -23.701533 3.696132 5.719162 -43.456242 -1.178000 7.020673 -10.566583 -5.689846 -5.016964 1.815512 16.105875 49.351501 2.534405 2.202657 -28.595968 -14.507776 6.620655 30.044851 -0.483909 -0.898577 -7.379896 33.976284 10.759948 14.891725 159.793181 77.982683 -140.950803 -6.597818 0.327230 -27.196452 33.069437 18.152275 -21.722575 28.530639 6.644356 -10.884674 3.826775 4.206655 -21.059126 36.115008 7.085306 -6.107878 35.336742 8.344431 -15.319158 20.791002 9.228278 -8.527080 30.449810 -1.026281 -7.210100 40.474625 -0.117231 -8.637283 19.365405 5.372431 -0.194158 23.701533 -3.696120 5.719162 43.456242 1.178012 7.020673 10.566583 5.689844 -5.016964 -1.815512 -16.105870 49.351501 -2.534405 -2.202652 -28.595968 14.507776 -6.620650 30.044851
-0.151640 0.890471 0.805851 5.541724 -18.815085 -4.200168 -2.825263 -10.483757 -36.066944 1.465561 -2.228313 69.859236 2.923493 10.849355 17.578928 0.579556 0.661527 -9.885389 5.273534 -3.497669 -23.914545 -0.071097 1.206883 52.825728 -6.292786 4.530091 16.075053 -6.896988 3.395378 -24.019747 -2.081776 0.312525 5.617889 2.949856 4.751731 4.453944 -0.772381 2.253043 16.708063 -12.423248 19.497317 -17.112827 -2.562001 7.457859 -18.761182 2.434828 -6.246868 0.314439 -36.984880 10.758138 20.928579 3.280834 -82.546965 37.170880 -5.533929 5.150915 -28.402536 -33.069437 -18.152277 -21.722575 -28.530639 -6.644358 -10.884674 -3.826775 -4.206650 -21.059126 -36.115008 -7.085308 -6.107878 -35.336742 -8.344426 -15.319158 -20.791002 -9.228273 -8.527080 -30.449810 1.026286 -7.210100 -40.474625 0.117229 -8.637283 -19.365405 -5.372419 -0.194158 -23.701533 3.696132 5.719162 -43.456242 -1.178000 7.020673 -10.566583 -5.689846 -5.016964 1.815512 16.105875 49.351501 2.534405 2.202657 -28.595968 -14.507776 6.620655 30.044851 -3.254214 2.182904 -7.735907 34.648942 23.048715 14.653288 159.423190 77.892293 -140.440027 -6.508030 0.215188 -25.995099 33.069437 18.152275 -21.722575 28.530639 6.644356 -10.884674 3.826775 4.206655 -21.059126 36.115008 7.085306 -6.107878 35.336742 8.344431 -15.319158 20.791002 9.228278 -8.527080 30.449810 -1.026281 -7.210100 40.474625 -0.117231 -8.637283 19.365405 5.372431 -0.194158 23.701533 -3.696120 5.719162 43.456242 1.178012 7.020673 10.566583 5.689844 -5.016964 -1.815512 -16.105870 49.351501 -2.534405 -2.202652 -28.595968 14.507776 -6.620650 30.044851
-0.151892 0.901348 0.816234 6.734114 -19.449036 -4.308364 -4.535531 -10.971392 -39.022428 1.529617 -2.133407 65.590047 1.176229 7.478028 20.277080 0.314437 0.687844 -9.430521 3.780277 -1.931001 -22.133484 -0.044818 1.063641 50.456465 -5.642541 2.584266 16.861376 -7.162445 3.726301 -21.704157 -2.348207 0.981132 5.317809 2.326780 6.159249 4.363184 -1.228854 3.790867 16.702702 -11.164693 18.288954 -15.945138 -2.448636 7.171018 -18.112956 -1.570400 -8.893102 -0.019353 -39.673372 6.771329 23.472293 8.106641 -77.464406 34.554310 -2.647918 5.182204 -26.864090 -33.069437 -18.152277 -21.722575 -28.530639 -6.644358 -10.884674 -3.826775 -4.206650 -21.059126 -36.115008 -7.085308 -6.107878 -35.336742 -8.344426 -15.319158 -20.791002 -9.228273 -8.527080 -30.449810 1.026286 -7.210100 -40.474625 0.117229 -8.637283 -19.365405 -5.372419 -0.194158 -23.701533 3.696132 5.719162 -43.456242 -1.178000 7.020673 -10.566583 -5.689846 -5.016964 1.815512 16.105875 49.351501 2.534405 2.202657 -28.595968 -14.507776 6.620655 30.044851 -6.522432 5.033504 -6.865488 35.940954 33.435821 16.346693 156.030006 79.737113 -143.915337 -7.113368 -0.015830 -24.815877 33.069437 18.152275 -21.722575 28.530639 6.644356 -10.884674 3.826775 4.206655 -21.059126 36.115008 7.085306 -6.107878 35.336742 8.344431 -15.319158 20.791002 9.228278 -8.527080 30.449810 -1.026281 -7.210100 40.474625 -0.117231 -8.637283 19.365405 5.372431 -0.194158 23.701533 -3.696120 5.719162 43.456242 1.178012 7.020673 10.566583 5.689844 -5.016964 -1.815512 -16.105870 49.351501 -2.534405 -2.202652 -28.595968 14.507776 -6.620650 30.044851
-0.154771 0.917891 0.831125 7.789351 -19.009520 -4.629950 -6.643028 -11.298899 -38.696737 1.574056 -1.915961 56.367611 -0.822321 6.106533 23.202351 0.211903 0.821223 -8.959999 2.663629 -0.505910 -18.537350 -0.051795 0.970019 46.043862 -4.747461 -1.332014 18.177249 -7.235347 3.785409 -19.775387 -2.608843 1.682722 4.731604 1.531377 7.586874 3.926031 -1.729091 5.309600 16.173519 -9.467862 16.557016 -13.497807 -2.006192 6.527403 -17.055768 -5.760193 -10.822446 0.063568 -41.720756 2.408819 26.584348 8.899735 -74.808648 36.587329 -0.504518 4.832115 -25.931503 -33.069437 -18.152277 -21.722575 -28.530639 -6.644358 -10.884674 -3.826775 -4.206650 -21.059126 -36.115008 -7.085308 -6.107878 -35.336742 -8.344426 -15.319158 -20.791002 -9.228273 -8.527080 -30.449810 1.026286 -7.210100 -40.474625 0.117229 -8.637283 -19.365405 -5.372419 -0.194158 -23.701533 3.696132 5.719162 -43.456242 -1.178000 7.020673 -10.566583 -5.689846 -5.016964 1.815512 16.105875 49.351501 2.534405 2.202657 -28.595968 -14.507776 6.620655 30.044851 -9.585458 7.156880 -5.169333 37.814232 41.311480 20.314154 150.723537 81.715546 -149.719099 -7.964118 -0.155910 -24.061505 33.069437 18.152275 -21.722575 28.530639 6.644356 -10.884674 3.826775 4.206655 -21.059126 36.115008 7.085306 -6.107878 35.336742 8.344431 -15.319158 20.791002 9.228278 -8.527080 30.449810 -1.026281 -7.210100 40.474625 -0.117231 -8.637283 19.365405 5.372431 -0.194158 23.701533 -3.696120 5.719162 43.456242 1.178012 7.020673 10.566583 5.689844 -5.016964 -1.815512 -16.105870 49.351501 -2.534405 -2.202652 -28.595968 14.507776 -6.620650 30.044851
-0.160018 0.933825 0.850029 8.419954 -18.013590 -4.961649 -8.853452 -10.689845 -35.442033 1.548163 -1.579240 43.176501 -2.796995 7.656665 25.904198 0.192221 1.116424 -8.299820 2.311818 0.692201 -13.496607 -0.146094 0.876664 40.351948 -4.251952 -6.504250 18.922165 -7.183768 3.527768 -18.284136 -2.779970 2.439282 3.921548 0.670816 8.976203 3.255614 -2.224727 6.795884 15.073469 -7.677997 14.342423 -10.375713 -1.346443 5.547626 -15.856544 -9.583179 -11.508286 0.279461 -43.613107 -0.961791 29.267163 8.219696 -75.783943 40.243932 0.881336 4.423745 -26.254270 -33.069437 -18.152277 -21.722575 -28.530639 -6.644358 -10.884674 -3.826775 -4.206650 -21.059126 -36.115008 -7.085308 -6.107878 -35.336742 -8.344426 -15.319158 -20.791002 -9.228273 -8.527080 -30.449810 1.026286 -7.210100 -40.474625 0.117229 -8.637283 -19.365405 -5.372419 -0.194158 -23.701533 3.696132 5.719162 -43.456242 -1.178000 7.020673 -10.566583 -5.689846 -5.016964 1.815512 16.105875 49.351501 2.534405 2.202657 -28.595968 -14.507776 6.620655 30.044851 -11.780377 8.241042 -3.079018 40.323559 46.889531 26.454680 146.382511 82.920610 -154.614764 -8.481640 0.044453 -23.732660 33.069437 18.152275 -21.722575 28.530639 6.644356 -10.884674 3.826775 4.206655 -21.059126 36.115008 7.085306 -6.107878 35.336742 8.344431 -15.319158 20.791002 9.228278 -8.527080 30.449810 -1.026281 -7.210100 40.474625 -0.117231 -8.637283 19.365405 5.372431 -0.194158 23.701533 -3.696120 5.719162 43.456242 1.178012 7.020673 10.566583 5.689844 -5.016964 -1.815512 -16.105870 49.351501 -2.534405 -2.202652 -28.595968 14.507776 -6.620650 30.044851
-0.167020 0.942344 0.872670 8.404871 -16.583130 -5.293769 -10.913435 -8.575409 -30.397846 1.338212 -1.180193 28.681201 -4.499783 11.110207 28.232942 0.193986 1.527909 -7.024928 2.998432 1.692551 -7.407199 -0.307601 0.745743 34.273664 -4.347532 -11.736837 18.315342 -6.945508 3.050570 -17.126474 -2.862465 3.192774 3.023874 -0.133907 10.225322 2.525710 -2.603260 8.099739 13.256760 -5.640469 11.648890 -7.079382 -0.835721 4.388467 -14.609338 -12.652331 -11.225331 0.630175 -45.599876 -2.864791 30.415273 5.382630 -80.622772 45.991352 1.692326 4.505113 -27.646786 -33.069437 -18.152277 -21.722575 -28.530639 -6.644358 -10.884674 -3.826775 -4.206650 -21.059126 -36.115008 -7.085308 -6.107878 -35.336742 -8.344426 -15.319158 -20.791002 -9.228273 -8.527080 -30.449810 1.026286 -7.210100 -40.474625 0.117229 -8.637283 -19.365405 -5.372419 -0.194158 -23.701533 3.696132 5.719162 -43.456242 -1.178000 7.020673 -10.566583 -5.689846 -5.016964 1.815512 16.105875 49.351501 2.534405 2.202657 -28.595968 -14.507776 6.620655 30.044851 -12.379721 8.154019 -0.846214 43.181948 50.137956 33.809167 146.725919 83.148150 -154.709444 -8.496012 0.658173 -23.562360 33.069437 18.152275 -21.722575 28.530639 6.644356 -10.884674 3.826775 4.206655 -21.059126 36.115008 7.085306 -6.107878 35.336742 8.344431 -15.319158 20.791002 9.228278 -8.527080 30.449810 -1.026281 -7.210100 40.474625 -0.117231 -8.637283 19.365405 5.372431 -0.194158 23.701533 -3.696120 5.719162 43.456242 1.178012 7.020673 10.566583 5.689844 -5.016964 -1.815512 -16.105870 49.351501 -2.534405 -2.202652 -28.595968 14.507776 -6.620650 30.044851
-0.174673 0.940488 0.898627 7.673962 -14.374042 -5.656727 -12.483817 -5.442839 -25.770655 0.948440 -0.829019 18.115408 -6.031049 14.162120 29.653335 0.257110 1.880695 -5.256993 4.798519 2.353399 -1.175742 -0.428007 0.630415 29.157675 -4.883722 -16.036196 16.163779 -6.464832 2.572054 -16.019686 -2.889723 3.772200 2.307134 -0.742236 11.045286 1.925375 -2.739671 8.816069 10.879001 -3.376570 8.732550 -4.423234 -0.798553 3.244964 -13.458932 -14.858020 -10.823095 1.168314 -47.628070 -3.763213 29.004303 -24.647275 -88.016333 78.598887 1.765198 5.260819 -28.856265 -33.069437 -18.152277 -21.722575 -28.530639 -6.644358 -10.884674 -3.826775 -4.206650 -21.059126 -36.115008 -7.085308 -6.107878 -35.336742 -8.344426 -15.319158 -20.791002 -9.228273 -8.527080 -30.449810 1.026286 -7.210100 -40.474625 0.117229 -8.637283 -19.365405 -5.372419 -0.194158 -23.701533 3.696132 5.719162 -43.456242 -1.178000 7.020673 -10.566583 -5.689846 -5.016964 1.815512 16.105875 49.351501 2.534405 2.202657 -28.595968 -14.507776 6.620655 30.044851 -10.601300 6.842302 1.096905 45.291288 50.755268 39.943626 151.705431 82.249011 -149.582564 -8.215786 1.311515 -23.359800 33.069437 18.152275 -21.722575 28.530639 6.644356 -10.884674 3.826775 4.206655 -21.059126 36.115008 7.085306 -6.107878 35.336742 8.344431 -15.319158 20.791002 9.228278 -8.527080 30.449810 -1.026281 -7.210100 40.474625 -0.117231 -8.637283 19.365405 5.372431 -0.194158 23.701533 -3.696120 5.719162 43.456242 1.178012 7.020673 10.566583 5.689844 -5.016964 -1.815512 -16.105870 49.351501 -2.534405 -2.202652 -28.595968 14.507776 -6.620650 30.044851
-0.182879 0.929692 0.925324 6.428627 -11.231356 -6.139559 -13.434203 -2.765350 -23.317706 0.644223 -0.603636 15.445674 -6.996287 14.938835 28.430652 0.490548 1.974016 -4.196445 7.304400 2.189782 3.975083 -0.404638 0.626597 26.306941 -5.434135 -19.059982 13.047359 -5.814932 2.266348 -15.059616 -2.858047 4.003566 2.039136 -1.060725 11.141250 1.547368 -2.596783 8.603152 8.744712 -1.575073 6.324963 -3.409261 -0.916380 2.248863 -12.734101 -16.455674 -11.285970 1.555683 -49.193522 -4.712104 24.975359 -158.703356 -83.025851 -145.377394 1.201449 6.405880 -28.947510 -33.069437 -18.152277 -21.722575 -28.530639 -6.644358 -10.884674 -3.826775 -4.206650 -21.059126 -36.115008 -7.085308 -6.107878 -35.336742 -8.344426 -15.319158 -20.791002 -9.228273 -8.527080 -30.449810 1.026286 -7.210100 -40.474625 0.117229 -8.637283 -19.365405 -5.372419 -0.194158 -23.701533 3.696132 5.719162 -43.456242 -1.178000 7.020673 -10.566583 -5.689846 -5.016964 1.815512 16.105875 49.351501 2.534405 2.202657 -28.595968 -14.507776 6.620655 30.044851 -6.340804 4.614007 2.189412 45.448301 48.896418 42.390138 156.617580 80.301956 -143.606544 -7.863686 1.405737 -23.186078 33.069437 18.152275 -21.722575 28.530639 6.644356 -10.884674 3.826775 4.206655 -21.059126 36.115008 7.085306 -6.107878 35.336742 8.344431 -15.319158 20.791002 9.228278 -8.527080 30.449810 -1.026281 -7.210100 40.474625 -0.117231 -8.637283 19.365405 5.372431 -0.194158 23.701533 -3.696120 5.719162 43.456242 1.178012 7.020673 10.566583 5.689844 -5.016964 -1.815512 -16.105870 49.351501 -2.534405 -2.202652 -28.595968 14.507776 -6.620650 30.044851
-0.191342 0.915146 0.949528 5.090029 -7.950631 -6.892008 -13.923325 -1.135127 -22.695395 0.621556 -0.572593 18.904292 -5.828196 12.970074 23.847472 0.939871 1.756338 -4.245462 9.519052 0.820486 7.103576 -0.247564 0.726345 26.393046 -5.130719 -20.426252 10.458801 -5.130532 2.134450 -15.235087 -2.790535 3.875506 2.303789 -1.090735 10.559905 1.378794 -2.285325 7.593909 7.722710 -0.993636 5.134071 -4.387527 -0.470352 1.534657 -12.633576 -17.428836 -13.246501 1.381955 -49.757498 -6.597646 19.639463 -164.483458 -76.365598 -138.448153 0.855321 7.869043 -28.209245 -33.069437 -18.152277 -21.722575 -28.530639 -6.644358 -10.884674 -3.826775 -4.206650 -21.059126 -36.115008 -7.085308 -6.107878 -35.336742 -8.344426 -15.319158 -20.791002 -9.228273 -8.527080 -30.449810 1.026286 -7.210100 -40.474625 0.117229 -8.637283 -19.365405 -5.372419 -0.194158 -23.701533 3.696132 5.719162 -43.456242 -1.178000 7.020673 -10.566583 -5.689846 -5.016964 1.815512 16.105875 49.351501 2.534405 2.202657 -28.595968 -14.507776 6.620655 30.044851 -0.863775 2.401654 2.319399 44.012305 45.370893 41.417202 158.778461 78.364778 -140.143966 -7.696737 0.861084 -22.973012 33.069437 18.152275 -21.722575 28.530639 6.644356 -10.884674 3.826775 4.206655 -21.059126 36.115008 7.085306 -6.107878 35.336742 8.344431 -15.319158 20.791002 9.228278 -8.527080 30.449810 -1.026281 -7.210100 40.474625 -0.117231 -8.637283 19.365405 5.372431 -0.194158 23.701533 -3.696120 5.719162 43.456242 1.178012 7.020673 10.566583 5.689844 -5.016964 -1.815512 -16.105870 49.351501 -2.534405 -2.202652 -28.595968 14.507776 -6.620650 30.044851
-0.199271 0.902493 0.966350 4.017201 -5.606838 -7.814255 -14.055722 -0.151040 -22.728720 0.785566 -0.705221 23.674810 -2.303681 9.891947 18.449401 1.515504 1.388491 -3.970724 10.301538 -1.555416 7.319769 -0.062611 0.781485 30.066848 -3.204771 -18.409468 10.484825 -4.618752 2.155426 -17.499923 -2.782786 3.426046 2.992587 -0.841518 9.499751 1.420362 -1.989096 6.124701 7.967364 -1.820109 5.398591 -6.840062 0.798981 1.330448 -12.928020 -17.107810 -16.616161 0.638875 -49.313440 -9.711010 14.606201 -166.655581 -73.617212 -136.292040 1.498066 9.669897 -27.017315 -33.069437 -18.152277 -21.722575 -28.530639 -6.644358 -10.884674 -3.826775 -4.206650 -21.059126 -36.115008 -7.085308 -6.107878 -35.336742 -8.344426 -15.319158 -20.791002 -9.228273 -8.527080 -30.449810 1.026286 -7.210100 -40.474625 0.117229 -8.637283 -19.365405 -5.372419 -0.194158 -23.701533 3.696132 5.719162 -43.456242 -1.178000 7.020673 -10.566583 -5.689846 -5.016964 1.815512 16.105875 49.351501 2.534405 2.202657 -28.595968 -14.507776 6.620655 30.044851 3.801095 1.220810 1.836569 42.670080 41.225009 39.481666 158.751727 77.905529 -139.722147 -7.289741 -0.122572 -22.616542 33.069437 18.152275 -21.722575 28.530639 6.644356 -10.884674 3.826775 4.206655 -21.059126 36.115008 7.085306 -6.107878 35.336742 8.344431 -15.319158 20.791002 9.228278 -8.527080 30.449810 -1.026281 -7.210100 40.474625 -0.117231 -8.637283 19.365405 5.372431 -0.194158 23.701533 -3.696120 5.719162 43.456242 1.178012 7.020673 10.566583 5.689844 -5.016964 -1.815512 -16.105870 49.351501 -2.534405 -2.202652 -28.595968 14.507776 -6.620650 30.044851
-0.206429 0.894839 0.972895 3.222442 -4.541896 -8.568489 -13.699476 0.254004 -22.975962 0.981408 -0.846879 26.948035 1.570351 7.609673 15.145118 2.035113 1.058948 -2.587963 9.278679 -4.349810 3.878737 0.061291 0.673767 37.667079 0.595942 -11.561957 14.768204 -4.436486 2.375529 -21.193976 -2.863692 2.650649 3.925503 -0.332152 7.992984 1.701278 -1.745182 4.357479 9.001346 -3.698221 6.984322 -9.880004 2.601891 1.751666 -13.182025 -14.614727 -20.773410 -0.446710 -48.309204 -13.900942 10.861037 -167.673689 -76.164829 -136.278844 3.180490 11.909318 -25.474287 -33.069437 -18.152277 -21.722575 -28.530639 -6.644358 -10.884674 -3.826775 -4.206650 -21.059126 -36.115008 -7.085308 -6.107878 -35.336742 -8.344426 -15.319158 -20.791002 -9.228273 -8.527080 -30.449810 1.026286 -7.210100 -40.474625 0.117229 -8.637283 -19.365405 -5.372419 -0.194158 -23.701533 3.696132 5.719162 -43.456242 -1.178000 7.020673 -10.566583 -5.689846 -5.016964 1.815512 16.105875 49.351501 2.534405 2.202657 -28.595968 -14.507776 6.620655 30.044851 6.258906 1.580816 1.024203 42.596232 37.439719 38.472185 156.754143 79.711841 -142.337126 -5.851270 -1.458270 -21.915567 33.069437 18.152275 -21.722575 28.530639 6.644356 -10.884674 3.826775 4.206655 -21.059126 36.115008 7.085306 -6.107878 35.336742 8.344431 -15.319158 20.791002 9.228278 -8.527080 30.449810 -1.026281 -7.210100 40.474625 -0.117231 -8.637283 19.365405 5.372431 -0.194158 23.701533 -3.696120 5.719162 43.456242 1.178012 7.020673 10.566583 5.689844 -5.016964 -1.815512 -16.105870 49.351501 -2.534405 -2.202652 -28.595968 14.507776 -6.620650 30.044851
-0.212344 0.891611 0.970569 2.414293 -4.314608 -8.883122 -12.568180 -0.349519 -23.668378 1.144869 -0.865533 28.868379 4.017748 6.517861 14.241014 2.354353 0.841653 -0.987667 7.382296 -6.908891 -3.123446 0.059950 0.444743 48.048701 5.654697 -2.677425 22.597281 -4.531303 2.744154 -23.724934 -2.912442 1.625130 4.902465 0.325540 5.963133 2.250973 -1.391143 2.327909 10.290670 -5.995213 9.534182 -12.762800 4.504297 2.629946 -13.238849 -9.471403 -24.950207 -1.924203 -47.267013 -18.772492 8.796070 -163.377090 -84.314038 -141.458668 5.047236 14.803973 -23.736601 -33.069437 -18.152277 -21.722575 -28.530639 -6.644358 -10.884674 -3.826775 -4.206650 -21.059126 -36.115008 -7.085308 -6.107878 -35.336742 -8.344426 -15.319158 -20.791002 -9.228273 -8.527080 -30.449810 1.026286 -7.210100 -40.474625 0.117229 -8.637283 -19.365405 -5.372419 -0.194158 -23.701533 3.696132 5.719162 -43.456242 -1.178000 7.020673 -10.566583 -5.689846 -5.016964 1.815512 16.105875 49.351501 2.534405 2.202657 -28.595968 -14.507776 6.620655 30.044851 6.546153 3.414298 -0.208394 43.579636 34.705348 38.428068 150.266856 83.366471 -149.867956 -3.266308 -3.126237 -20.711569 33.069437 18.152275 -21.722575 28.530639 6.644356 -10.884674 3.826775 4.206655 -21.059126 36.115008 7.085306 -6.107878 35.336742 8.344431 -15.319158 20.791002 9.228278 -8.527080 30.449810 -1.026281 -7.210100 40.474625 -0.117231 -8.637283 19.365405 5.372431 -0.194158 23.701533 -3.696120 5.719162 43.456242 1.178012 7.020673 10.566583 5.689844 -5.016964 -1.815512 -16.105870 49.351501 -2.534405 -2.202652 -28.595968 14.507776 -6.620650 30.044851
-0.218087 0.889596 0.961397 1.391345 -4.352413 -8.735616 -10.580223 -2.219556 -24.934593 1.294693 -0.695884 30.177272 4.953348 6.421241 14.718945 2.422664 0.748079 0.121021 6.061383 -8.608809 -12.442424 -0.106080 0.242413 59.015054 9.444405 1.708670 29.515501 -4.753426 3.082979 -23.132754 -2.795809 0.551554 5.722671 0.959967 3.510727 3.136682 -0.799873 0.187081 11.673133 -8.054711 12.500410 -15.158712 6.075887 3.668244 -13.291830 -1.926303 -28.535196 -4.261251 -46.722708 -23.742145 8.681025 0.241731 -82.304152 54.782058 4.802265 17.854308 -22.251342 -33.069437 -18.152277 -21.722575 -28.530639 -6.644358 -10.884674 -3.826775 -4.206650 -21.059126 -36.115008 -7.085308 -6.107878 -35.336742 -8.344426 -15.319158 -20.791002 -9.228273 -8.527080 -30.449810 1.026286 -7.210100 -40.474625 0.117229 -8.637283 -19.365405 -5.372419 -0.194158 -23.701533 3.696132 5.719162 -43.456242 -1.178000 7.020673 -10.566583 -5.689846 -5.016964 1.815512 16.105875 49.351501 2.534405 2.202657 -28.595968 -14.507776 6.620655 30.044851 5.454190 6.229558 -1.986877 44.701751 33.341277 38.308994 119.716496 87.214777 178.302143 0.026951 -5.052746 -19.399332 33.069437 18.152275 -21.722575 28.530639 6.644356 -10.884674 3.826775 4.206655 -21.059126 36.115008 7.085306 -6.107878 35.336742 8.344431 -15.319158 20.791002 9.228278 -8.527080 30.449810 -1.026281 -7.210100 40.474625 -0.117231 -8.637283 19.365405 5.372431 -0.194158 23.701533 -3.696120 5.719162 43.456242 1.178012 7.020673 10.566583 5.689844 -5.016964 -1.815512 -16.105870 49.351501 -2.534405 -2.202652 -28.595968 14.507776 -6.620650 30.044851
-0.223040 0.887672 0.948062 0.240808 -4.402410 -8.256300 -8.012482 -5.014340 -26.514060 1.470142 -0.389851 30.756663 5.268172 7.114211 16.109189 2.265303 0.745545 0.757220 5.887007 -8.935251 -21.975847 -0.343613 0.169815 68.351151 9.478935 -0.676780 31.195298 -5.060777 3.281266 -19.947421 -2.514529 -0.329909 6.271509 1.484281 1.026532 4.270940 -0.050534 -1.765895 13.327804 -9.391015 15.202166 -16.943633 6.913836 4.646054 -13.558068 6.726528 -30.917668 -7.552660 -47.247028 -28.368840 11.047448 5.505827 -65.688186 49.091759 -0.626678 19.555838 -22.029173 -33.069437 -18.152277 -21.722575 -28.530639 -6.644358 -10.884674 -3.826775 -4.206650 -21.059126 -36.115008 -7.085308 -6.107878 -35.336742 -8.344426 -15.319158 -20.791002 -9.228273 -8.527080 -30.449810 1.026286 -7.210100 -40.474625 0.117229 -8.637283 -19.365405 -5.372419 -0.194158 -23.701533 3.696132 5.719162 -43.456242 -1.178000 7.020673 -10.566583 -5.689846 -5.016964 1.815512 16.105875 49.351501 2.534405 2.202657 -28.595968 -14.507776 6.620655 30.044851 3.615049 9.276158 -4.122712 45.347921 33.494902 37.452700 35.437023 86.857640 92.121514 3.516688 -7.014868 -18.585594 33.069437 18.152275 -21.722575 28.530639 6.644356 -10.884674 3.826775 4.206655 -21.059126 36.115008 7.085306 -6.107878 35.336742 8.344431 -15.319158 20.791002 9.228278 -8.527080 30.449810 -1.026281 -7.210100 40.474625 -0.117231 -8.637283 19.365405 5.372431 -0.194158 23.701533 -3.696120 5.719162 43.456242 1.178012 7.020673 10.566583 5.689844 -5.016964 -1.815512 -16.105870 49.351501 -2.534405 -2.202652 -28.595968 14.507776 -6.620650 30.044851
-0.227209 0.887296 0.931921 -0.769857 -4.489843 -7.483259 -5.392735 -7.900710 -27.943096 1.624734 -0.113625 29.836718 5.669127 8.170002 18.551690 1.974864 0.785058 0.954580 6.280328 -7.801235 -29.619235 -0.471553 0.195093 73.920597 6.461218 -6.102922 28.698583 -5.450797 3.381820 -15.563303 -2.168303 -0.880484 6.535019 1.919801 -0.996891 5.270877 0.661779 -3.242773 15.423484 -9.807553 17.009585 -18.032693 6.788762 5.495518 -14.101523 13.962912 -31.509573 -10.476239 -49.128232 -32.595962 16.609659 7.002359 -48.233322 44.894396 -11.561969 18.789614 -23.160219 -33.069437 -18.152277 -21.722575 -28.530639 -6.644358 -10.884674 -3.826775 -4.206650 -21.059126 -36.115008 -7.085308 -6.107878 -35.336742 -8.344426 -15.319158 -20.791002 -9.228273 -8.527080 -30.449810 1.026286 -7.210100 -40.474625 0.117229 -8.637283 -19.365405 -5.372419 -0.194158 -23.701533 3.696132 5.719162 -43.456242 -1.178000 7.020673 -10.566583 -5.689846 -5.016964 1.815512 16.105875 49.351501 2.534405 2.202657 -28.595968 -14.507776 6.620655 30.044851 1.271340 11.759935 -6.239432 45.666734 35.347686 36.266652 15.064682 84.030051 69.293949 6.599077 -8.852852 -18.359677 33.069437 18.152275 -21.722575 28.530639 6.644356 -10.884674 3.826775 4.206655 -21.059126 36.115008 7.085306 -6.107878 35.336742 8.344431 -15.319158 20.791002 9.228278 -8.527080 30.449810 -1.026281 -7.210100 40.474625 -0.117231 -8.637283 19.365405 5.372431 -0.194158 23.701533 -3.696120 5.719162 43.456242 1.178012 7.020673 10.566583 5.689844 -5.016964 -1.815512 -16.105870 49.351501 -2.534405 -2.202652 -28.595968 14.507776 -6.620650 30.044851
-0.230822 0.890189 0.913106 -1.332873 -4.744684 -6.274815 -3.227431 -10.002707 -28.863495 1.649460 0.018683 26.719768 6.035873 9.067768 22.199850 1.634496 0.856577 0.766749 6.445241 -5.753216 -34.347908 -0.438843 0.229094 74.549329 2.701224 -10.247419 26.074660 -5.861808 3.485824 -10.997085 -1.850976 -1.084071 6.534911 2.256646 -2.138612 5.844196 1.171881 -4.014728 17.808557 -9.393844 17.578533 -18.593134 5.760520 6.201302 -14.843055 17.011991 -30.509701 -11.012189 -52.045925 -36.079492 25.250506 7.387714 -32.736261 38.443972 -22.765488 16.657966 -23.706012 -33.069437 -18.152277 -21.722575 -28.530639 -6.644358 -10.884674 -3.826775 -4.206650 -21.059126 -36.115008 -7.085308 -6.107878 -35.336742 -8.344426 -15.319158 -20.791002 -9.228273 -8.527080 -30.449810 1.026286 -7.210100 -40.474625 0.117229 -8.637283 -19.365405 -5.372419 -0.194158 -23.701533 3.696132 5.719162 -43.456242 -1.178000 7.020673 -10.566583 -5.689846 -5.016964 1.815512 16.105875 49.351501 2.534405 2.202657 -28.595968 -14.507776 6.620655 30.044851 -1.550166 13.194938 -7.948528 46.305093 38.880260 35.717815 8.660711 81.085529 60.388844 8.641874 -10.654430 -18.424893 33.069437 18.152275 -21.722575 28.530639 6.644356 -10.884674 3.826775 4.206655 -21.059126 36.115008 7.085306 -6.107878 35.336742 8.344431 -15.319158 20.791002 9.228278 -8.527080 30.449810 -1.026281 -7.210100 40.474625 -0.117231 -8.637283 19.365405 5.372431 -0.194158 23.701533 -3.696120 5.719162 43.456242 1.178012 7.020673 10.566583 5.689844 -5.016964 -1.815512 -16.105870 49.351501 -2.534405 -2.202652 -28.595968 14.507776 -6.620650 30.044851
-0.234004 0.896898 0.891821 -1.267119 -5.159802 -4.454166 -1.685193 -10.990448 -29.615909 1.517721 0.044549 21.907265 5.588421 9.564795 27.044844 1.262327 0.973564 0.646245 6.122602 -3.621193 -36.697206 -0.363318 0.237925 70.913476 -0.587754 -12.175213 25.339807 -6.242948 3.647412 -7.159614 -1.631186 -1.028235 6.344596 2.427973 -2.259725 6.139228 1.402065 -4.007495 20.034680 -8.497472 17.039159 -19.195570 4.268836 6.708478 -15.602247 15.042935 -28.736523 -8.673318 -54.935819 -37.841622 34.601178 7.184474 -21.180844 30.252865 -27.892368 15.556209 -22.526941 -33.069437 -18.152277 -21.722575 -28.530639 -6.644358 -10.884674 -3.826775 -4.206650 -21.059126 -36.115008 -7.085308 -6.107878 -35.336742 -8.344426 -15.319158 -20.791002 -9.228273 -8.527080 -30.449810 1.026286 -7.210100 -40.474625 0.117229 -8.637283 -19.365405 -5.372419 -0.194158 -23.701533 3.696132 5.719162 -43.456242 -1.178000 7.020673 -10.566583 -5.689846 -5.016964 1.815512 16.105875 49.351501 2.534405 2.202657 -28.595968 -14.507776 6.620655 30.044851 -4.680909 13.690126 -9.042662 47.672770 43.489941 36.278335 4.304918 77.317259 53.598728 9.515181 -12.599456 -18.608188 33.069437 18.152275 -21.722575 28.530639 6.644356 -10.884674 3.826775 4.206655 -21.059126 36.115008 7.085306 -6.107878 35.336742 8.344431 -15.319158 20.791002 9.228278 -8.527080 30.449810 -1.026281 -7.210100 40.474625 -0.117231 -8.637283 19.365405 5.372431 -0.194158 23.701533 -3.696120 5.719162 43.456242 1.178012 7.020673 10.566583 5.689844 -5.016964 -1.815512 -16.105870 49.351501 -2.534405 -2.202652 -28.595968 14.507776 -6.620650 30.044851
-0.237461 0.905698 0.867466 -0.578439 -5.458603 -2.051925 -0.630672 -11.204807 -31.348550 1.336274 0.082443 17.603033 3.724181 9.694090 33.006992 0.860631 1.102996 1.138926 5.385946 -1.913229 -37.842390 -0.383361 0.208002 64.790724 -2.944322 -13.667117 25.353053 -6.551043 3.825660 -4.904469 -1.587602 -0.858341 6.070462 2.435693 -1.577075 6.562203 1.377984 -3.386460 21.698292 -7.413971 15.752393 -20.345334 2.866542 6.897503 -16.223571 9.663002 -26.835845 -4.863137 -56.527271 -37.340942 41.389297 6.968185 -13.833542 21.483315 -26.796290 15.574405 -20.557203 -33.069437 -18.152277 -21.722575 -28.530639 -6.644358 -10.884674 -3.826775 -4.206650 -21.059126 -36.115008 -7.085308 -6.107878 -35.336742 -8.344426 -15.319158 -20.791002 -9.228273 -8.527080 -30.449810 1.026286 -7.210100 -40.474625 0.117229 -8.637283 -19.365405 -5.372419 -0.194158 -23.701533 3.696132 5.719162 -43.456242 -1.178000 7.020673 -10.566583 -5.689846 -5.016964 1.815512 16.105875 49.351501 2.534405 2.202657 -28.595968 -14.507776 6.620655 30.044851 -7.692010 13.668632 -9.549295 49.394302 48.352817 37.449709 0.961807 72.092793 47.376767 9.756449 -14.508262 -19.047033 33.069437 18.152275 -21.722575 28.530639 6.644356 -10.884674 3.826775 4.206655 -21.059126 36.115008 7.085306 -6.107878 35.336742 8.344431 -15.319158 20.791002 9.228278 -8.527080 30.449810 -1.026281 -7.210100 40.474625 -0.117231 -8.637283 19.365405 5.372431 -0.194158 23.701533 -3.696120 5.719162 43.456242 1.178012 7.020673 10.566583 5.689844 -5.016964 -1.815512 -16.105870 49.351501 -2.534405 -2.202652 -28.595968 14.507776 -6.620650 30.044851
-0.241734 0.913503 0.840593 0.651171 -5.405040 0.684874 0.063543 -11.152481 -35.109194 1.248833 0.197586 16.676156 0.517018 9.452984 39.228167 0.477038 1.182889 2.069130 4.238508 -0.534876 -38.569392 -0.528471 0.118602 57.738492 -3.960086 -16.519254 24.149795 -6.700687 3.957851 -4.434536 -1.763620 -0.655259 5.830014 2.331517 -0.384011 7.341034 1.214840 -2.397025 22.651957 -6.118542 13.986645 -22.035507 1.780998 6.685091 -16.609299 3.012846 -25.241651 -0.957662 -56.390762 -35.090333 44.563211 6.974022 -9.530966 12.982326 -23.202424 15.746368 -19.083311 -33.069437 -18.152277 -21.722575 -28.530639 -6.644358 -10.884674 -3.826775 -4.206650 -21.059126 -36.115008 -7.085308 -6.107878 -35.336742 -8.344426 -15.319158 -20.791002 -9.228273 -8.527080 -30.449810 1.026286 -7.210100 -40.474625 0.117229 -8.637283 -19.365405 -5.372419 -0.194158 -23.701533 3.696132 5.719162 -43.456242 -1.178000 7.020673 -10.566583 -5.689846 -5.016964 1.815512 16.105875 49.351501 2.534405 2.202657 -28.595968 -14.507776 6.620655 30.044851 -10.201372 13.364497 -9.495354 50.653783 53.008889 38.306515 -1.334098 65.170095 41.291888 9.670985 -15.852607 -19.753064 33.069437 18.152275 -21.722575 28.530639 6.644356 -10.884674 3.826775 4.206655 -21.059126 36.115008 7.085306 -6.107878 35.336742 8.344431 -15.319158 20.791002 9.228278 -8.527080 30.449810 -1.026281 -7.210100 40.474625 -0.117231 -8.637283 19.365405 5.372431 -0.194158 23.701533 -3.696120 5.719162 43.456242 1.178012 7.020673 10.566583 5.689844 -5.016964 -1.815512 -16.105870 49.351501 -2.534405 -2.202652 -28.595968 14.507776 -6.620650 30.044851
-0.245527 0.916033 0.812280 2.329575 -5.056605 3.468570 0.483048 -11.312054 -41.353104 1.376567 0.305920 21.728563 -3.322899 8.577579 43.507649 0.202598 1.136027 2.480711 2.599126 0.920951 -39.400107 -0.722016 0.015500 50.981884 -3.976780 -20.899072 21.131448 -6.639099 4.056739 -5.030675 -2.128477 -0.435941 5.704290 2.141989 1.140159 8.440351 1.050323 -1.197528 22.949620 -4.521006 11.971951 -23.978009 0.937194 6.112967 -16.759551 -3.511316 -24.061135 2.476151 -55.114460 -31.981846 45.034364 7.188854 -6.920277 5.663356 -19.594870 15.888552 -18.467725 -33.069437 -18.152277 -21.722575 -28.530639 -6.644358 -10.884674 -3.826775 -4.206650 -21.059126 -36.115008 -7.085308 -6.107878 -35.336742 -8.344426 -15.319158 -20.791002 -9.228273 -8.527080 -30.449810 1.026286 -7.210100 -40.474625 0.117229 -8.637283 -19.365405 -5.372419 -0.194158 -23.701533 3.696132 5.719162 -43.456242 -1.178000 7.020673 -10.566583 -5.689846 -5.016964 1.815512 16.105875 49.351501 2.534405 2.202657 -28.595968 -14.507776 6.620655 30.044851 -11.971380 12.816764 -8.925165 50.822488 57.229208 38.055321 -2.614545 56.506738 35.394416 9.032011 -16.311001 -20.447503 33.069437 18.152275 -21.722575 28.530639 6.644356 -10.884674 3.826775 4.206655 -21.059126 36.115008 7.085306 -6.107878 35.336742 8.344431 -15.319158 20.791002 9.228278 -8.527080 30.449810 -1.026281 -7.210100 40.474625 -0.117231 -8.637283 19.365405 5.372431 -0.194158 23.701533 -3.696120 5.719162 43.456242 1.178012 7.020673 10.566583 5.689844 -5.016964 -1.815512 -16.105870 49.351501 -2.534405 -2.202652 -28.595968 14.507776 -6.620650 30.044851
-0.248218 0.910379 0.782841 4.339298 -4.635900 6.152565 0.802100 -12.051170 -49.985384 1.740573 0.211001 34.091380 -6.726929 6.830977 43.967560 0.041604 0.925343 1.602857 0.423612 2.653558 -41.197338 -0.880601 0.009968 46.093655 -4.548751 -25.541353 17.355466 -6.459917 4.204524 -5.409445 -2.616466 -0.246028 5.694949 1.911412 2.865233 9.717538 0.992054 0.121826 22.735154 -2.815617 10.007275 -25.915155 0.250978 5.302353 -16.824013 -9.001074 -23.012059 5.077645 -53.811997 -28.640818 43.721041 7.575665 -5.174815 0.157434 -16.653125 15.923462 -18.648687 -33.069437 -18.152277 -21.722575 -28.530639 -6.644358 -10.884674 -3.826775 -4.206650 -21.059126 -36.115008 -7.085308 -6.107878 -35.336742 -8.344426 -15.319158 -20.791002 -9.228273 -8.527080 -30.449810 1.026286 -7.210100 -40.474625 0.117229 -8.637283 -19.365405 -5.372419 -0.194158 -23.701533 3.696132 5.719162 -43.456242 -1.178000 7.020673 -10.566583 -5.689846 -5.016964 1.815512 16.105875 49.351501 2.534405 2.202657 -28.595968 -14.507776 6.620655 30.044851 -12.862476 12.124579 -8.080298 49.716800 60.586246 36.151628 -3.089749 46.332461 29.989547 7.935042 -16.103657 -21.089707 33.069437 18.152275 -21.722575 28.530639 6.644356 -10.884674 3.826775 4.206655 -21.059126 36.115008 7.085306 -6.107878 35.336742 8.344431 -15.319158 20.791002 9.228278 -8.527080 30.449810 -1.026281 -7.210100 40.474625 -0.117231 -8.637283 19.365405 5.372431 -0.194158 23.701533 -3.696120 5.719162 43.456242 1.178012 7.020673 10.566583 5.689844 -5.016964 -1.815512 -16.105870 49.351501 -2.534405 -2.202652 -28.595968 14.507776 -6.620650 30.044851
-0.247970 0.896268 0.753651 6.519439 -4.353382 8.822852 1.071728 -13.145571 -59.834834 2.113377 -0.203107 51.659548 -8.899036 4.613638 41.482010 -0.042394 0.605075 -0.165843 -2.244019 4.176957 -45.033152 -0.979068 0.124619 44.629050 -6.455976 -28.871747 14.140337 -6.320182 4.441121 -4.762973 -3.152211 -0.166873 5.709276 1.751230 4.641929 10.983929 1.061990 1.503737 22.168380 -1.526509 8.340101 -27.650122 -0.215102 4.344966 -16.993791 -12.926153 -21.735073 6.560462 -53.564051 -25.254513 40.945755 8.076618 -4.117215 -4.055831 -14.544270 15.535712 -19.670166 -33.069437 -18.152277 -21.722575 -28.530639 -6.644358 -10.884674 -3.826775 -4.206650 -21.059126 -36.115008 -7.085308 -6.107878 -35.336742 -8.344426 -15.319158 -20.791002 -9.228273 -8.527080 -30.449810 1.026286 -7.210100 -40.474625 0.117229 -8.637283 -19.365405 -5.372419 -0.194158 -23.701533 3.696132 5.719162 -43.456242 -1.178000 7.020673 -10.566583 -5.689846 -5.016964 1.815512 16.105875 49.351501 2.534405 2.202657 -28.595968 -14.507776 6.620655 30.044851 -12.951511 11.422504 -7.291661 47.961015 62.372887 32.860170 -3.255567 35.414841 25.124477 7.489783 -15.908936 -22.155781 33.069437 18.152275 -21.722575 28.530639 6.644356 -10.884674 3.826775 4.206655 -21.059126 36.115008 7.085306 -6.107878 35.336742 8.344431 -15.319158 20.791002 9.228278 -8.527080 30.449810 -1.026281 -7.210100 40.474625 -0.117231 -8.637283 19.365405 5.372431 -0.194158 23.701533 -3.696120 5.719162 43.456242 1.178012 7.020673 10.566583 5.689844 -5.016964 -1.815512 -16.105870 49.351501 -2.534405 -2.202652 -28.595968 14.507776 -6.620650 30.044851
-0.244839 0.874784 0.724752 8.714880 -4.354387 11.573572 0.911253 -13.839935 -68.768599 2.205130 -0.760512 69.699622 -10.011054 2.575721 38.729078 0.038726 0.240056 -1.759630 -5.196194 4.656935 -51.039121 -1.020618 0.252392 46.612216 -8.187300 -30.117081 11.335614 -6.224426 4.711822 -3.394238 -3.658956 -0.210033 5.660643 1.768860 6.359858 12.062580 1.163288 2.951006 21.332259 -1.049256 6.988338 -28.908987 -0.321136 3.237027 -17.291887 -15.427516 -20.041705 7.131660 -54.825170 -21.727956 37.086575 8.636755 -3.942895 -7.991197 -13.201968 14.496382 -21.373590 -33.069437 -18.152277 -21.722575 -28.530639 -6.644358 -10.884674 -3.826775 -4.206650 -21.059126 -36.115008 -7.085308 -6.107878 -35.336742 -8.344426 -15.319158 -20.791002 -9.228273 -8.527080 -30.449810 1.026286 -7.210100 -40.474625 0.117229 -8.637283 -19.365405 -5.372419 -0.194158 -23.701533 3.696132 5.719162 -43.456242 -1.178000 7.020673 -10.566583 -5.689846 -5.016964 1.815512 16.105875 49.351501 2.534405 2.202657 -28.595968 -14.507776 6.620655 30.044851 -12.454939 10.796797 -6.608636 46.836291 61.963253 29.606947 -3.557819 24.722630 20.397660 9.279203 -16.263511 -24.135155 33.069437 18.152275 -21.722575 28.530639 6.644356 -10.884674 3.826775 4.206655 -21.059126 36.115008 7.085306 -6.107878 35.336742 8.344431 -15.319158 20.791002 9.228278 -8.527080 30.449810 -1.026281 -7.210100 40.474625 -0.117231 -8.637283 19.365405 5.372431 -0.194158 23.701533 -3.696120 5.719162 43.456242 1.178012 7.020673 10.566583 5.689844 -5.016964 -1.815512 -16.105870 49.351501 -2.534405 -2.202652 -28.595968 14.507776 -6.620650 30.044851
-0.239523 0.849028 0.696589 10.797641 -4.695438 14.303721 -0.166592 -13.596876 -74.941805 2.012102 -1.184468 84.858298 -10.789157 0.978591 37.281242 0.414853 -0.135570 -2.812697 -8.067249 3.965952 -58.103668 -1.033397 0.321957 50.373646 -8.650327 -29.629064 8.489669 -6.074247 4.935087 -1.816258 -4.099162 -0.256130 5.550974 1.984862 7.974064 12.885360 1.171912 4.474705 20.201562 -1.314727 5.845975 -29.367416 -0.028942 1.961278 -17.603365 -16.994395 -17.903474 7.418129 -57.379531 -17.931423 33.094281 9.205899 -4.744691 -11.858717 -12.290732 12.790304 -23.526319 -33.069437 -18.152277 -21.722575 -28.530639 -6.644358 -10.884674 -3.826775 -4.206650 -21.059126 -36.115008 -7.085308 -6.107878 -35.336742 -8.344426 -15.319158 -20.791002 -9.228273 -8.527080 -30.449810 1.026286 -7.210100 -40.474625 0.117229 -8.637283 -19.365405 -5.372419 -0.194158 -23.701533 3.696132 5.719162 -43.456242 -1.178000 7.020673 -10.566583 -5.689846 -5.016964 1.815512 16.105875 49.351501 2.534405 2.202657 -28.595968 -14.507776 6.620655 30.044851 -11.353509 10.319879 -5.675829 46.870691 59.160936 27.397118 -4.062694 15.081183 15.290355 13.761355 -17.041176 -26.882440 33.069437 18.152275 -21.722575 28.530639 6.644356 -10.884674 3.826775 4.206655 -21.059126 36.115008 7.085306 -6.107878 35.336742 8.344431 -15.319158 20.791002 9.228278 -8.527080 30.449810 -1.026281 -7.210100 40.474625 -0.117231 -8.637283 19.365405 5.372431 -0.194158 23.701533 -3.696120 5.719162 43.456242 1.178012 7.020673 10.566583 5.689844 -5.016964 -1.815512 -16.105870 49.351501 -2.534405 -2.202652 -28.595968 14.507776 -6.620650 30.044851
-0.233404 0.823234 0.669355 12.634489 -5.345850 16.806649 -2.269457 -12.365181 -77.384404 1.719312 -1.363850 95.856323 -11.619469 -0.126206 36.849502 1.043229 -0.472257 -3.632313 -10.583996 2.782656 -64.913981 -1.051059 0.365609 54.032541 -8.415236 -28.323733 6.046028 -5.832810 5.064130 -0.108784 -4.464272 -0.142933 5.427126 2.341106 9.446946 13.474490 1.045355 6.030780 18.756593 -1.990337 4.850072 -28.918854 0.575636 0.578581 -17.880595 -17.997043 -15.338116 7.797052 -60.770488 -13.719314 29.914979 9.744517 -6.566856 -15.225448 -11.198549 10.914624 -25.739435 -33.069437 -18.152277 -21.722575 -28.530639 -6.644358 -10.884674 -3.826775 -4.206650 -21.059126 -36.115008 -7.085308 -6.107878 -35.336742 -8.344426 -15.319158 -20.791002 -9.228273 -8.527080 -30.449810 1.026286 -7.210100 -40.474625 0.117229 -8.637283 -19.365405 -5.372419 -0.194158 -23.701533 3.696132 5.719162 -43.456242 -1.178000 7.020673 -10.566583 -5.689846 -5.016964 1.815512 16.105875 49.351501 2.534405 2.202657 -28.595968 -14.507776 6.620655 30.044851 -9.314055 9.867201 -3.897558 47.561807 54.247243 25.856183 -4.691552 7.358643 9.601810 19.033152 -17.783700 -29.360948 33.069437 18.152275 -21.722575 28.530639 6.644356 -10.884674 3.826775 4.206655 -21.059126 36.115008 7.085306 -6.107878 35.336742 8.344431 -15.319158 20.791002 9.228278 -8.527080 30.449810 -1.026281 -7.210100 40.474625 -0.117231 -8.637283 19.365405 5.372431 -0.194158 23.701533 -3.696120 5.719162 43.456242 1.178012 7.020673 10.566583 5.689844 -5.016964 -1.815512 -16.105870 49.351501 -2.534405 -2.202652 -28.595968 14.507776 -6.620650 30.044851
-0.227270 0.801467 0.642685 14.072462 -6.249600 18.892018 -5.071911 -10.399172 -75.861422 1.491225 -1.317452 102.191036 -12.404570 -0.721061 36.123341 1.700479 -0.716416 -4.564110 -12.701136 1.897292 -70.652051 -1.069582 0.469530 56.452408 -8.156354 -27.006770 4.662892 -5.578108 5.075660 1.623083 -4.727163 0.240917 5.333039 2.726777 10.669339 13.789933 0.817810 7.494735 17.178185 -2.740111 4.006550 -27.754433 1.416176 -0.730848 -18.225376 -18.647414 -12.355653 7.986047 -64.418123 -8.915874 27.966428 10.230992 -9.371604 -17.680865 -9.545932 9.660417 -27.493613 -33.069437 -18.152277 -21.722575 -28.530639 -6.644358 -10.884674 -3.826775 -4.206650 -21.059126 -36.115008 -7.085308 -6.107878 -35.336742 -8.344426 -15.319158 -20.791002 -9.228273 -8.527080 -30.449810 1.026286 -7.210100 -40.474625 0.117229 -8.637283 -19.365405 -5.372419 -0.194158 -23.701533 3.696132 5.719162 -43.456242 -1.178000 7.020673 -10.566583 -5.689846 -5.016964 1.815512 16.105875 49.351501 2.534405 2.202657 -28.595968 -14.507776 6.620655 30.044851 -6.274052 8.986209 -0.844789 48.928767 47.943703 24.718786 -5.409772 2.352388 3.743154 22.292076 -18.347593 -30.346257 33.069437 18.152275 -21.722575 28.530639 6.644356 -10.884674 3.826775 4.206655 -21.059126 36.115008 7.085306 -6.107878 35.336742 8.344431 -15.319158 20.791002 9.228278 -8.527080 30.449810 -1.026281 -7.210100 40.474625 -0.117231 -8.637283 19.365405 5.372431 -0.194158 23.701533 -3.696120 5.719162 43.456242 1.178012 7.020673 10.566583 5.689844 -5.016964 -1.815512 -16.105870 49.351501 -2.534405 -2.202652 -28.595968 14.507776 -6.620650 30.044851
-0.221603 0.786018 0.616310 15.031138 -7.201489 20.393809 -8.036377 -8.250402 -70.763943 1.391135 -1.102943 103.567183 -12.933170 -0.917572 33.728328 2.128183 -0.857712 -5.945393 -14.562827 1.696697 -74.833656 -1.092641 0.682728 57.164893 -8.089907 -26.058535 4.659853 -5.519790 4.975625 2.972777 -4.854262 0.874977 5.291738 3.001981 11.447338 13.663819 0.581696 8.628266 15.908117 -3.233482 3.389457 -26.166984 2.399018 -1.707688 -18.769428 -19.150652 -9.337310 7.432745 -67.486995 -3.492116 27.342786 10.550713 -12.702278 -18.986731 -7.971819 9.247990 -28.512647 -33.069437 -18.152277 -21.722575 -28.530639 -6.644358 -10.884674 -3.826775 -4.206650 -21.059126 -36.115008 -7.085308 -6.107878 -35.336742 -8.344426 -15.319158 -20.791002 -9.228273 -8.527080 -30.449810 1.026286 -7.210100 -40.474625 0.117229 -8.637283 -19.365405 -5.372419 -0.194158 -23.701533 3.696132 5.719162 -43.456242 -1.178000 7.020673 -10.566583 -5.689846 -5.016964 1.815512 16.105875 49.351501 2.534405 2.202657 -28.595968 -14.507776 6.620655 30.044851 -2.878752 7.259708 3.098618 51.805684 40.974792 24.803931 -6.085270 0.304554 -1.231659 23.205014 -18.711799 -29.729508 33.069437 18.152275 -21.722575 28.530639 6.644356 -10.884674 3.826775 4.206655 -21.059126 36.115008 7.085306 -6.107878 35.336742 8.344431 -15.319158 20.791002 9.228278 -8.527080 30.449810 -1.026281 -7.210100 40.474625 -0.117231 -8.637283 19.365405 5.372431 -0.194158 23.701533 -3.696120 5.719162 43.456242 1.178012 7.020673 10.566583 5.689844 -5.016964 -1.815512 -16.105870 49.351501 -2.534405 -2.202652 -28.595968 14.507776 -6.620650 30.044851
-0.216178 0.777665 0.588349 15.609038 -7.749195 21.235157 -10.750706 -6.673441 -63.136179 1.361164 -0.788017 100.058747 -12.955989 -0.714770 28.935714 2.211918 -0.936778 -8.354111 -16.389012 2.020953 -77.166016 -1.153832 0.951236 56.034831 -8.646786 -25.572041 6.172578 -5.814969 4.831111 3.928748 -4.836317 1.569676 5.313899 3.087271 11.581777 12.952689 0.504707 9.129452 15.381258 -3.209594 3.081695 -24.513242 3.276999 -2.191129 -19.449029 -19.654132 -7.203511 6.027410 -69.219623 2.128228 27.909266 10.566798 -15.859984 -19.056682 -7.818887 9.284606 -28.942042 -33.069437 -18.152277 -21.722575 -28.530639 -6.644358 -10.884674 -3.826775 -4.206650 -21.059126 -36.115008 -7.085308 -6.107878 -35.336742 -8.344426 -15.319158 -20.791002 -9.228273 -8.527080 -30.449810 1.026286 -7.210100 -40.474625 0.117229 -8.637283 -19.365405 -5.372419 -0.194158 -23.701533 3.696132 5.719162 -43.456242 -1.178000 7.020673 -10.566583 -5.689846 -5.016964 1.815512 16.105875 49.351501 2.534405 2.202657 -28.595968 -14.507776 6.620655 30.044851 0.180516 4.703155 6.832219 56.297766 33.408568 26.872703 -6.552089 0.798438 -4.322549 23.786887 -18.708705 -28.516352 33.069437 18.152275 -21.722575 28.530639 6.644356 -10.884674 3.826775 4.206655 -21.059126 36.115008 7.085306 -6.107878 35.336742 8.344431 -15.319158 20.791002 9.228278 -8.527080 30.449810 -1.026281 -7.210100 40.474625 -0.117231 -8.637283 19.365405 5.372431 -0.194158 23.701533 -3.696120 5.719162 43.456242 1.178012 7.020673 10.566583 5.689844 -5.016964 -1.815512 -16.105870 49.351501 -2.534405 -2.202652 -28.595968 14.507776 -6.620650 30.044851
-0.209970 0.776515 0.556927 16.000819 -7.387885 21.519097 -13.080330 -6.205033 -54.598715 1.313066 -0.486164 92.587408 -12.023061 0.314055 21.870151 2.028543 -0.986290 -12.341989 -18.314893 2.400616 -77.720429 -1.269845 1.170472 53.200326 -10.119829 -25.477682 9.325075 -6.392610 4.700942 4.910544 -4.714479 2.045774 5.382511 3.052613 10.946856 11.769092 0.734841 8.771632 15.679568 -2.608512 3.138481 -23.247830 3.678555 -2.170092 -20.010754 -20.089560 -6.684082 4.320517 -69.483665 7.136526 29.173592 10.296840 -18.471144 -18.141650 -9.414306 9.545397 -29.137372 -33.069437 -18.152277 -21.722575 -28.530639 -6.644358 -10.884674 -3.826775 -4.206650 -21.059126 -36.115008 -7.085308 -6.107878 -35.336742 -8.344426 -15.319158 -20.791002 -9.228273 -8.527080 -30.449810 1.026286 -7.210100 -40.474625 0.117229 -8.637283 -19.365405 -5.372419 -0.194158 -23.701533 3.696132 5.719162 -43.456242 -1.178000 7.020673 -10.566583 -5.689846 -5.016964 1.815512 16.105875 49.351501 2.534405 2.202657 -28.595968 -14.507776 6.620655 30.044851 2.821168 1.610636 9.450012 61.218589 25.015604 30.540228 -6.836926 2.743908 -5.367209 25.061947 -18.243317 -27.239493 33.069437 18.152275 -21.722575 28.530639 6.644356 -10.884674 3.826775 4.206655 -21.059126 36.115008 7.085306 -6.107878 35.336742 8.344431 -15.319158 20.791002 9.228278 -8.527080 30.449810 -1.026281 -7.210100 40.474625 -0.117231 -8.637283 19.365405 5.372431 -0.194158 23.701533 -3.696120 5.719162 43.456242 1.178012 7.020673 10.566583 5.689844 -5.016964 -1.815512 -16.105870 49.351501 -2.534405 -2.202652 -28.595968 14.507776 -6.620650 30.044851
-0.201993 0.780643 0.520201 16.325687 -5.874910 21.506925 -15.059602 -6.903591 -47.028646 1.267625 -0.297111 83.146980 -9.872124 2.667314 13.640951 1.757536 -1.011016 -17.692905 -20.338446 2.377783 -77.110507 -1.462514 1.254906 49.276553 -11.708344 -25.477450 14.105867 -7.008593 4.606466 6.130325 -4.589037 2.063109 5.470491 3.055404 9.493959 10.486999 1.264584 7.485828 16.456480 -1.500431 3.661633 -22.624199 3.284618 -1.725112 -20.199171 -20.165280 -7.696576 3.103833 -68.695113 10.774216 30.434449 9.842796 -20.521021 -16.755940 -11.842740 9.982652 -29.532584 -33.069437 -18.152277 -21.722575 -28.530639 -6.644358 -10.884674 -3.826775 -4.206650 -21.059126 -36.115008 -7.085308 -6.107878 -35.336742 -8.344426 -15.319158 -20.791002 -9.228273 -8.527080 -30.449810 1.026286 -7.210100 -40.474625 0.117229 -8.637283 -19.365405 -5.372419 -0.194158 -23.701533 3.696132 5.719162 -43.456242 -1.178000 7.020673 -10.566583 -5.689846 -5.016964 1.815512 16.105875 49.351501 2.534405 2.202657 -28.595968 -14.507776 6.620655 30.044851 5.193220 -1.479553 10.707175 65.346961 15.922587 34.950416 -7.116348 4.763499 -5.294492 26.391598 -17.518941 -25.589973 33.069437 18.152275 -21.722575 28.530639 6.644356 -10.884674 3.826775 4.206655 -21.059126 36.115008 7.085306 -6.107878 35.336742 8.344431 -15.319158 20.791002 9.228278 -8.527080 30.449810 -1.026281 -7.210100 40.474625 -0.117231 -8.637283 19.365405 5.372431 -0.194158 23.701533 -3.696120 5.719162 43.456242 1.178012 7.020673 10.566583 5.689844 -5.016964 -1.815512 -16.105870 49.351501 -2.534405 -2.202652 -28.595968 14.507776 -6.620650 30.044851
-0.193293 0.787450 0.477168 16.523116 -3.479043 21.406185 -16.682156 -8.182865 -42.012746 1.318445 -0.233044 74.315197 -7.123262 6.138007 5.921491 1.587962 -1.019260 -23.095749 -22.148367 1.695255 -76.407673 -1.710686 1.168983 45.772393 -11.610712 -24.897697 19.865474 -7.393773 4.545288 7.122353 -4.565561 1.559096 5.602877 3.215402 7.316986 9.577702 1.959069 5.398577 17.223808 0.033419 4.811044 -22.530745 1.935200 -0.924204 -19.871845 -19.470284 -9.577384 2.958127 -67.448705 12.604256 31.058595 9.297972 -21.850531 -15.477663 -14.017415 10.195959 -30.399512 -33.069437 -18.152277 -21.722575 -28.530639 -6.644358 -10.884674 -3.826775 -4.206650 -21.059126 -36.115008 -7.085308 -6.107878 -35.336742 -8.344426 -15.319158 -20.791002 -9.228273 -8.527080 -30.449810 1.026286 -7.210100 -40.474625 0.117229 -8.637283 -19.365405 -5.372419 -0.194158 -23.701533 3.696132 5.719162 -43.456242 -1.178000 7.020673 -10.566583 -5.689846 -5.016964 1.815512 16.105875 49.351501 2.534405 2.202657 -28.595968 -14.507776 6.620655 30.044851 7.209294 -3.696612 10.970042 68.327102 6.614624 39.681261 -7.570223 5.891143 -5.970328 27.356467 -16.964050 -23.871062 33.069437 18.152275 -21.722575 28.530639 6.644356 -10.884674 3.826775 4.206655 -21.059126 36.115008 7.085306 -6.107878 35.336742 8.344431 -15.319158 20.791002 9.228278 -8.527080 30.449810 -1.026281 -7.210100 40.474625 -0.117231 -8.637283 19.365405 5.372431 -0.194158 23.701533 -3.696120 5.719162 43.456242 1.178012 7.020673 10.566583 5.689844 -5.016964 -1.815512 -16.105870 49.351501 -2.534405 -2.202652 -28.595968 14.507776 -6.620650 30.044851
-0.185424 0.794967 0.430049 16.342319 -1.060398 21.027285 -17.721998 -8.825394 -39.938882 1.448017 -0.248343 68.031266 -4.973158 9.396096 -0.321970 1.596035 -1.048336 -26.656196 -22.774530 0.533078 -76.952968 -1.896228 0.998685 45.840278 -8.613543 -22.648352 24.913960 -7.411534 4.470525 6.745123 -4.638400 0.823020 5.912248 3.495352 4.800239 9.437060 2.659274 2.916705 17.865275 1.765708 6.588820 -22.754780 -0.168485 0.121259 -19.145186 -17.670843 -11.617056 3.893457 -66.152185 12.721264 30.902282 8.741054 -22.005030 -14.825971 -15.245775 9.547821 -31.499764 -33.069437 -18.152277 -21.722575 -28.530639 -6.644358 -10.884674 -3.826775 -4.206650 -21.059126 -36.115008 -7.085308 -6.107878 -35.336742 -8.344426 -15.319158 -20.791002 -9.228273 -8.527080 -30.449810 1.026286 -7.210100 -40.474625 0.117229 -8.637283 -19.365405 -5.372419 -0.194158 -23.701533 3.696132 5.719162 -43.456242 -1.178000 7.020673 -10.566583 -5.689846 -5.016964 1.815512 16.105875 49.351501 2.534405 2.202657 -28.595968 -14.507776 6.620655 30.044851 8.557611 -4.474400 10.846597 70.398241 -2.228920 44.587803 -8.186642 5.995085 -8.692142 28.428354 -16.670891 -23.181884 33.069437 18.152275 -21.722575 28.530639 6.644356 -10.884674 3.826775 4.206655 -21.059126 36.115008 7.085306 -6.107878 35.336742 8.344431 -15.319158 20.791002 9.228278 -8.527080 30.449810 -1.026281 -7.210100 40.474625 -0.117231 -8.637283 19.365405 5.372431 -0.194158 23.701533 -3.696120 5.719162 43.456242 1.178012 7.020673 10.566583 5.689844 -5.016964 -1.815512 -16.105870 49.351501 -2.534405 -2.202652 -28.595968 14.507776 -6.620650 30.044851
-0.179565 0.801468 0.381339 15.559133 0.387479 19.934074 -17.955529 -7.904534 -39.762827 1.525683 -0.298593 64.493774 -3.865929 11.029815 -5.416565 1.705383 -1.148610 -26.858066 -21.321190 -0.280541 -79.724809 -1.931395 0.944679 52.827039 -3.387860 -18.022189 28.123867 -7.109236 4.337330 4.378131 -4.664377 0.389590 6.530097 3.684034 2.539255 10.152916 3.194175 0.636795 18.783679 3.113307 8.669958 -23.294893 -2.209898 1.120563 -18.431040 -14.932894 -13.408820 5.156235 -64.630125 11.873822 30.350219 8.134967 -20.925532 -14.872040 -15.339495 7.871509 -32.361573 -33.069437 -18.152277 -21.722575 -28.530639 -6.644358 -10.884674 -3.826775 -4.206650 -21.059126 -36.115008 -7.085308 -6.107878 -35.336742 -8.344426 -15.319158 -20.791002 -9.228273 -8.527080 -30.449810 1.026286 -7.210100 -40.474625 0.117229 -8.637283 -19.365405 -5.372419 -0.194158 -23.701533 3.696132 5.719162 -43.456242 -1.178000 7.020673 -10.566583 -5.689846 -5.016964 1.815512 16.105875 49.351501 2.534405 2.202657 -28.595968 -14.507776 6.620655 30.044851 9.121839 -4.272506 10.666881 71.829807 -9.870106 49.021965 -8.728154 5.727710 -12.292536 29.556506 -16.230043 -23.538229 33.069437 18.152275 -21.722575 28.530639 6.644356 -10.884674 3.826775 4.206655 -21.059126 36.115008 7.085306 -6.107878 35.336742 8.344431 -15.319158 20.791002 9.228278 -8.527080 30.449810 -1.026281 -7.210100 40.474625 -0.117231 -8.637283 19.365405 5.372431 -0.194158 23.701533 -3.696120 5.719162 43.456242 1.178012 7.020673 10.566583 5.689844 -5.016964 -1.815512 -16.105870 49.351501 -2.534405 -2.202652 -28.595968 14.507776 -6.620650 30.044851
-0.176515 0.806389 0.333469 14.245469 0.534916 18.267891 -17.400660 -5.843054 -40.431803 1.475154 -0.361274 62.657164 -3.333913 11.057853 -9.803131 1.810570 -1.299072 -23.734235 -18.376392 0.232673 -84.403100 -1.826287 1.100660 66.615149 2.177722 -12.104151 30.543281 -6.618395 4.166787 1.099165 -4.517856 0.545373 7.348308 3.603791 0.912161 11.410864 3.393285 -1.046908 20.237243 3.438579 10.617456 -24.262761 -3.163026 1.801724 -18.114259 -12.015215 -14.826542 5.869760 -62.423353 10.936877 29.460402 7.441191 -19.415370 -15.057982 -14.771281 5.844240 -32.771705 -33.069437 -18.152277 -21.722575 -28.530639 -6.644358 -10.884674 -3.826775 -4.206650 -21.059126 -36.115008 -7.085308 -6.107878 -35.336742 -8.344426 -15.319158 -20.791002 -9.228273 -8.527080 -30.449810 1.026286 -7.210100 -40.474625 0.117229 -8.637283 -19.365405 -5.372419 -0.194158 -23.701533 3.696132 5.719162 -43.456242 -1.178000 7.020673 -10.566583 -5.689846 -5.016964 1.815512 16.105875 49.351501 2.534405 2.202657 -28.595968 -14.507776 6.620655 30.044851 9.230144 -4.028218 10.374187 72.724125 -15.880051 51.542206 -9.111529 5.920704 -14.237937 29.670810 -15.392232 -23.893501 33.069437 18.152275 -21.722575 28.530639 6.644356 -10.884674 3.826775 4.206655 -21.059126 36.115008 7.085306 -6.107878 35.336742 8.344431 -15.319158 20.791002 9.228278 -8.527080 30.449810 -1.026281 -7.210100 40.474625 -0.117231 -8.637283 19.365405 5.372431 -0.194158 23.701533 -3.696120 5.719162 43.456242 1.178012 7.020673 10.566583 5.689844 -5.016964 -1.815512 -16.105870 49.351501 -2.534405 -2.202652 -28.595968 14.507776 -6.620650 30.044851
-0.175184 0.809228 0.287227 12.661752 -0.226794 16.889748 -16.243356 -3.878117 -41.861253 1.328164 -0.405820 61.522355 -2.904981 10.574693 -13.331442 1.835056 -1.420096 -19.086923 -15.226916 2.047393 -89.647551 -1.603947 1.378908 83.299915 6.196885 -7.207070 32.983192 -6.143842 4.001619 -1.534503 -4.213300 1.130085 8.065516 3.277743 -0.061715 12.723775 3.234795 -2.094386 21.904140 2.684123 12.170710 -25.570787 -2.659490 2.153384 -18.254008 -9.652142 -15.961712 5.782016 -59.575505 10.259780 27.579438 6.729462 -18.359409 -14.733001 -14.432562 4.498789 -32.727268 -33.069437 -18.152277 -21.722575 -28.530639 -6.644358 -10.884674 -3.826775 -4.206650 -21.059126 -36.115008 -7.085308 -6.107878 -35.336742 -8.344426 -15.319158 -20.791002 -9.228273 -8.527080 -30.449810 1.026286 -7.210100 -40.474625 0.117229 -8.637283 -19.365405 -5.372419 -0.194158 -23.701533 3.696132 5.719162 -43.456242 -1.178000 7.020673 -10.566583 -5.689846 -5.016964 1.815512 16.105875 49.351501 2.534405 2.202657 -28.595968 -14.507776 6.620655 30.044851 9.314716 -4.204314 9.747323 73.132024 -20.363865 51.076670 -9.428479 6.914995 -13.350768 28.071087 -14.214352 -23.793230 33.069437 18.152275 -21.722575 28.530639 6.644356 -10.884674 3.826775 4.206655 -21.059126 36.115008 7.085306 -6.107878 35.336742 8.344431 -15.319158 20.791002 9.228278 -8.527080 30.449810 -1.026281 -7.210100 40.474625 -0.117231 -8.637283 19.365405 5.372431 -0.194158 23.701533 -3.696120 5.719162 43.456242 1.178012 7.020673 10.566583 5.689844 -5.016964 -1.815512 -16.105870 49.351501 -2.534405 -2.202652 -28.595968 14.507776 -6.620650 30.044851
-0.173150 0.810702 0.243057 11.055187 -1.116146 16.573770 -14.790423 -2.965181 -44.394491 1.168802 -0.412295 60.651021 -2.302851 10.471447 -15.580968 1.788963 -1.464691 -14.866909 -12.292247 4.054826 -94.025655 -1.309364 1.675509 98.905907 7.630686 -5.007141 34.595318 -5.884623 3.858663 -2.896911 -3.847566 1.767136 8.477240 2.844800 -0.584723 13.736222 2.880567 -2.690430 23.270289 1.365987 13.251526 -27.035595 -1.122290 2.347661 -18.702038 -8.186213 -17.097218 5.098570 -56.593390 9.760008 24.144276 6.084402 -18.144340 -13.761877 -14.848811 4.433526 -32.289190 -33.069437 -18.152277 -21.722575 -28.530639 -6.644358 -10.884674 -3.826775 -4.206650 -21.059126 -36.115008 -7.085308 -6.107878 -35.336742 -8.344426 -15.319158 -20.791002 -9.228273 -8.527080 -30.449810 1.026286 -7.210100 -40.474625 0.117229 -8.637283 -19.365405 -5.372419 -0.194158 -23.701533 3.696132 5.719162 -43.456242 -1.178000 7.020673 -10.566583 -5.689846 -5.016964 1.815512 16.105875 49.351501 2.534405 2.202657 -28.595968 -14.507776 6.620655 30.044851 9.607949 -4.744206 8.674812 73.083236 -23.650716 48.055934 -9.661955 8.574943 -10.502275 25.267038 -12.925243 -23.669867 33.069437 18.152275 -21.722575 28.530639 6.644356 -10.884674 3.826775 4.206655 -21.059126 36.115008 7.085306 -6.107878 35.336742 8.344431 -15.319158 20.791002 9.228278 -8.527080 30.449810 -1.026281 -7.210100 40.474625 -0.117231 -8.637283 19.365405 5.372431 -0.194158 23.701533 -3.696120 5.719162 43.456242 1.178012 7.020673 10.566583 5.689844 -5.016964 -1.815512 -16.105870 49.351501 -2.534405 -2.202652 -28.595968 14.507776 -6.620650 30.044851
-0.168805 0.811761 0.201563 9.565099 -1.409858 17.555838 -13.287920 -3.360109 -48.086888 1.082469 -0.395056 59.817704 -1.349983 10.857606 -16.314960 1.744694 -1.446625 -11.960025 -9.165103 5.043599 -96.215044 -1.027745 1.969651 111.096182 6.781166 -5.764199 34.732246 -5.890695 3.755773 -3.056806 -3.487768 2.111023 8.595969 2.413808 -0.917777 14.300372 2.521910 -3.068761 24.038936 0.006982 13.872001 -28.617086 0.776917 2.516080 -19.310639 -7.672701 -18.363152 4.127019 -53.986515 9.180152 19.486014 5.568069 -18.873818 -12.432457 -15.885094 5.486413 -31.487978 -33.069437 -18.152277 -21.722575 -28.530639 -6.644358 -10.884674 -3.826775 -4.206650 -21.059126 -36.115008 -7.085308 -6.107878 -35.336742 -8.344426 -15.319158 -20.791002 -9.228273 -8.527080 -30.449810 1.026286 -7.210100 -40.474625 0.117229 -8.637283 -19.365405 -5.372419 -0.194158 -23.701533 3.696132 5.719162 -43.456242 -1.178000 7.020673 -10.566583 -5.689846 -5.016964 1.815512 16.105875 49.351501 2.534405 2.202657 -28.595968 -14.507776 6.620655 30.044851 10.076448 -5.428939 7.298033 72.587815 -25.922054 44.221913 -9.718940 10.627811 -7.377857 22.440378 -11.930494 -24.003136 33.069437 18.152275 -21.722575 28.530639 6.644356 -10.884674 3.826775 4.206655 -21.059126 36.115008 7.085306 -6.107878 35.336742 8.344431 -15.319158 20.791002 9.228278 -8.527080 30.449810 -1.026281 -7.210100 40.474625 -0.117231 -8.637283 19.365405 5.372431 -0.194158 23.701533 -3.696120 5.719162 43.456242 1.178012 7.020673 10.566583 5.689844 -5.016964 -1.815512 -16.105870 49.351501 -2.534405 -2.202652 -28.595968 14.507776 -6.620650 30.044851
-0.162764 0.813111 0.161982 8.228127 -0.757158 19.629192 -11.703488 -4.920712 -52.505385 1.096088 -0.373452 58.626300 -0.119791 11.417258 -15.688673 1.699768 -1.408649 -10.267729 -5.522508 4.389239 -95.167730 -0.818086 2.252005 118.458457 4.940897 -8.273727 33.985129 -6.090132 3.719560 -2.381158 -3.131919 1.949229 8.575313 2.030430 -1.207452 14.397499 2.265177 -3.374370 24.191885 -1.179374 14.100491 -30.354535 2.541847 2.669575 -19.979563 -8.014302 -19.529230 3.205346 -52.021125 8.248679 14.734718 5.172052 -20.561182 -10.929734 -17.171167 7.029722 -30.324561 -33.069437 -18.152277 -21.722575 -28.530639 -6.644358 -10.884674 -3.826775 -4.206650 -21.059126 -36.115008 -7.085308 -6.107878 -35.336742 -8.344426 -15.319158 -20.791002 -9.228273 -8.527080 -30.449810 1.026286 -7.210100 -40.474625 0.117229 -8.637283 -19.365405 -5.372419 -0.194158 -23.701533 3.696132 5.719162 -43.456242 -1.178000 7.020673 -10.566583 -5.689846 -5.016964 1.815512 16.105875 49.351501 2.534405 2.202657 -28.595968 -14.507776 6.620655 30.044851 10.594400 -6.147858 5.865116 71.609103 -27.250977 41.397394 -9.613109 12.915077 -5.036247 20.331936 -11.448911 -24.724728 33.069437 18.152275 -21.722575 28.530639 6.644356 -10.884674 3.826775 4.206655 -21.059126 36.115008 7.085306 -6.107878 35.336742 8.344431 -15.319158 20.791002 9.228278 -8.527080 30.449810 -1.026281 -7.210100 40.474625 -0.117231 -8.637283 19.365405 5.372431 -0.194158 23.701533 -3.696120 5.719162 43.456242 1.178012 7.020673 10.566583 5.689844 -5.016964 -1.815512 -16.105870 49.351501 -2.534405 -2.202652 -28.595968 14.507776 -6.620650 30.044851
-0.155583 0.815231 0.125871 7.072651 0.767101 22.305759 -9.799993 -7.514606 -57.019304 1.198285 -0.357517 56.677337 1.116090 12.075702 -14.121601 1.546434 -1.361876 -9.148786 -1.650228 2.236329 -90.575398 -0.680444 2.440340 120.165103 3.101802 -10.568868 33.088052 -6.397257 3.762330 -1.456550 -2.785673 1.234484 8.551027 1.719253 -1.441338 14.057631 2.102545 -3.642722 23.905020 -2.189438 14.049695 -32.163695 3.962286 2.780593 -20.626997 -8.930485 -20.228047 2.551569 -50.853842 6.953941 11.025547 4.866877 -23.151368 -9.292990 -18.527551 8.509202 -29.003271 -33.069437 -18.152277 -21.722575 -28.530639 -6.644358 -10.884674 -3.826775 -4.206650 -21.059126 -36.115008 -7.085308 -6.107878 -35.336742 -8.344426 -15.319158 -20.791002 -9.228273 -8.527080 -30.449810 1.026286 -7.210100 -40.474625 0.117229 -8.637283 -19.365405 -5.372419 -0.194158 -23.701533 3.696132 5.719162 -43.456242 -1.178000 7.020673 -10.566583 -5.689846 -5.016964 1.815512 16.105875 49.351501 2.534405 2.202657 -28.595968 -14.507776 6.620655 30.044851 11.126442 -6.929327 4.517312 70.224897 -27.765693 40.207999 -9.465911 15.389313 -3.529569 18.821237 -11.299979 -25.440342 33.069437 18.152275 -21.722575 28.530639 6.644356 -10.884674 3.826775 4.206655 -21.059126 36.115008 7.085306 -6.107878 35.336742 8.344431 -15.319158 20.791002 9.228278 -8.527080 30.449810 -1.026281 -7.210100 40.474625 -0.117231 -8.637283 19.365405 5.372431 -0.194158 23.701533 -3.696120 5.719162 43.456242 1.178012 7.020673 10.566583 5.689844 -5.016964 -1.815512 -16.105870 49.351501 -2.534405 -2.202652 -28.595968 14.507776 -6.620650 30.044851
-0.147914 0.817946 0.093651 6.138175 2.834558 25.050610 -7.426302 -10.892087 -61.233780 1.366173 -0.361950 54.004216 2.207408 13.036976 -11.893501 1.206234 -1.296579 -8.028425 1.864758 -0.663188 -82.825524 -0.570273 2.427663 115.830146 1.606708 -11.590801 31.929106 -6.732536 3.873710 -0.824147 -2.538078 0.074807 8.553033 1.507583 -1.569916 13.313601 1.945357 -3.876417 23.408981 -3.087987 13.824824 -33.837447 5.055140 2.864529 -21.158570 -9.968029 -20.239733 2.127080 -50.762379 5.653384 8.949293 4.665145 -26.474384 -7.692975 -19.944641 9.750842 -27.957580 -33.069437 -18.152277 -21.722575 -28.530639 -6.644358 -10.884674 -3.826775 -4.206650 -21.059126 -36.115008 -7.085308 -6.107878 -35.336742 -8.344426 -15.319158 -20.791002 -9.228273 -8.527080 -30.449810 1.026286 -7.210100 -40.474625 0.117229 -8.637283 -19.365405 -5.372419 -0.194158 -23.701533 3.696132 5.719162 -43.456242 -1.178000 7.020673 -10.566583 -5.689846 -5.016964 1.815512 16.105875 49.351501 2.534405 2.202657 -28.595968 -14.507776 6.620655 30.044851 11.570025 -7.734975 3.386228 68.834981 -27.567187 40.209873 -9.368807 17.951987 -2.503731 17.487784 -11.206692 -25.963427 33.069437 18.152275 -21.722575 28.530639 6.644356 -10.884674 3.826775 4.206655 -21.059126 36.115008 7.085306 -6.107878 35.336742 8.344431 -15.319158 20.791002 9.228278 -8.527080 30.449810 -1.026281 -7.210100 40.474625 -0.117231 -8.637283 19.365405 5.372431 -0.194158 23.701533 -3.696120 5.719162 43.456242 1.178012 7.020673 10.566583 5.689844 -5.016964 -1.815512 -16.105870 49.351501 -2.534405 -2.202652 -28.595968 14.507776 -6.620650 30.044851
-0.140463 0.820907 0.065479 5.440251 5.076322 27.482408 -4.702865 -14.465327 -65.074620 1.548131 -0.412732 51.025563 3.200602 14.243064 -8.956395 0.710047 -1.187665 -6.694605 4.757363 -3.459673 -72.730067 -0.420562 2.216064 105.569234 1.009562 -12.120838 29.458217 -7.029518 4.009009 -1.039761 -2.509439 -1.311892 8.500575 1.426800 -1.562656 12.200112 1.700775 -4.057751 22.886255 -3.951264 13.462538 -35.157873 5.957662 2.945091 -21.495241 -10.743748 -19.585941 1.797014 -51.876260 4.775917 8.621717 4.549389 -30.144402 -6.342840 -21.226278 10.836746 -27.364815 -33.069437 -18.152277 -21.722575 -28.530639 -6.644358 -10.884674 -3.826775 -4.206650 -21.059126 -36.115008 -7.085308 -6.107878 -35.336742 -8.344426 -15.319158 -20.791002 -9.228273 -8.527080 -30.449810 1.026286 -7.210100 -40.474625 0.117229 -8.637283 -19.365405 -5.372419 -0.194158 -23.701533 3.696132 5.719162 -43.456242 -1.178000 7.020673 -10.566583 -5.689846 -5.016964 1.815512 16.105875 49.351501 2.534405 2.202657 -28.595968 -14.507776 6.620655 30.044851 11.732723 -8.338149 2.613166 67.930521 -26.704473 40.823829 -9.344588 20.409940 -1.639568 16.134910 -11.031299 -26.367035 33.069437 18.152275 -21.722575 28.530639 6.644356 -10.884674 3.826775 4.206655 -21.059126 36.115008 7.085306 -6.107878 35.336742 8.344431 -15.319158 20.791002 9.228278 -8.527080 30.449810 -1.026281 -7.210100 40.474625 -0.117231 -8.637283 19.365405 5.372431 -0.194158 23.701533 -3.696120 5.719162 43.456242 1.178012 7.020673 10.566583 5.689844 -5.016964 -1.815512 -16.105870 49.351501 -2.534405 -2.202652 -28.595968 14.507776 -6.620650 30.044851
-0.133236 0.823566 0.040869 4.993130 7.173183 29.383884 -2.047458 -17.542730 -68.578514 1.662434 -0.526639 48.232477 4.228239 15.190398 -5.095426 0.196354 -1.013843 -5.249333 7.201325 -5.897196 -61.497384 -0.212555 1.925747 90.630484 2.016373 -13.782056 24.365013 -7.263673 4.077195 -2.943420 -2.745234 -2.645070 8.248917 1.471214 -1.343236 10.835606 1.316130 -4.084410 22.449596 -4.810629 12.860935 -35.915348 6.808741 2.989385 -21.614549 -11.208677 -18.648757 1.578573 -53.743897 4.458388 9.756121 4.516763 -33.587726 -5.682566 -21.872173 11.742703 -26.957987 -33.069437 -18.152277 -21.722575 -28.530639 -6.644358 -10.884674 -3.826775 -4.206650 -21.059126 -36.115008 -7.085308 -6.107878 -35.336742 -8.344426 -15.319158 -20.791002 -9.228273 -8.527080 -30.449810 1.026286 -7.210100 -40.474625 0.117229 -8.637283 -19.365405 -5.372419 -0.194158 -23.701533 3.696132 5.719162 -43.456242 -1.178000 7.020673 -10.566583 -5.689846 -5.016964 1.815512 16.105875 49.351501 2.534405 2.202657 -28.595968 -14.507776 6.620655 30.044851 11.577886 -8.413841 2.171365 67.742219 -25.269047 41.800635 -9.374370 22.492191 -0.897474 14.835055 -10.803888 -26.764072 33.069437 18.152275 -21.722575 28.530639 6.644356 -10.884674 3.826775 4.206655 -21.059126 36.115008 7.085306 -6.107878 35.336742 8.344431 -15.319158 20.791002 9.228278 -8.527080 30.449810 -1.026281 -7.210100 40.474625 -0.117231 -8.637283 19.365405 5.372431 -0.194158 23.701533 -3.696120 5.719162 43.456242 1.178012 7.020673 10.566583 5.689844 -5.016964 -1.815512 -16.105870 49.351501 -2.534405 -2.202652 -28.595968 14.507776 -6.620650 30.044851
-0.127360 0.825229 0.017816 4.769916 8.915633 30.613775 0.229382 -19.851772 -71.796339 1.655443 -0.678372 46.180927 5.424143 15.399415 -0.242923 -0.187611 -0.793549 -3.972919 9.492875 -8.351345 -50.537430 -0.008784 1.659793 73.687270 4.001217 -16.851686 16.317412 -7.495383 3.940960 -7.731410 -3.142444 -3.655938 7.750552 1.563095 -0.762049 9.469058 0.792327 -3.769914 22.099156 -5.644004 11.871937 -35.892702 7.686364 2.890443 -21.528043 -11.607641 -18.014198 1.592781 -55.658365 4.432802 11.715835 4.635939 -36.166225 -6.496522 -21.619034 12.119285 -26.671636 -33.069437 -18.152277 -21.722575 -28.530639 -6.644358 -10.884674 -3.826775 -4.206650 -21.059126 -36.115008 -7.085308 -6.107878 -35.336742 -8.344426 -15.319158 -20.791002 -9.228273 -8.527080 -30.449810 1.026286 -7.210100 -40.474625 0.117229 -8.637283 -19.365405 -5.372419 -0.194158 -23.701533 3.696132 5.719162 -43.456242 -1.178000 7.020673 -10.566583 -5.689846 -5.016964 1.815512 16.105875 49.351501 2.534405 2.202657 -28.595968 -14.507776 6.620655 30.044851 11.266727 -7.759427 1.871941 68.198865 -23.371942 43.053630 -9.427057 23.962362 -0.543772 13.918820 -10.694332 -27.241878 33.069437 18.152275 -21.722575 28.530639 6.644356 -10.884674 3.826775 4.206655 -21.059126 36.115008 7.085306 -6.107878 35.336742 8.344431 -15.319158 20.791002 9.228278 -8.527080 30.449810 -1.026281 -7.210100 40.474625 -0.117231 -8.637283 19.365405 5.372431 -0.194158 23.701533 -3.696120 5.719162 43.456242 1.178012 7.020673 10.566583 5.689844 -5.016964 -1.815512 -16.105870 49.351501 -2.534405 -2.202652 -28.595968 14.507776 -6.620650 30.044851
-0.122527 0.826418 -0.003861 4.502121 10.213164 30.989893 2.496943 -21.605593 -74.886891 1.578235 -0.829995 45.616416 6.678623 14.791221 5.370926 -0.371686 -0.579607 -3.188502 11.924394 -11.032010 -40.989150 0.159396 1.460290 57.947824 4.930606 -20.303985 6.470885 -7.734602 3.476248 -15.750319 -3.478708 -4.174807 7.090387 1.583456 0.295258 8.391548 0.202116 -2.959232 21.707414 -6.389975 10.546914 -34.962495 8.664451 2.535369 -21.256771 -12.140482 -17.827126 1.829801 -57.458406 4.313793 13.675386 4.967583 -37.399443 -9.062201 -20.744733 11.626583 -26.926409 -33.069437 -18.152277 -21.722575 -28.530639 -6.644358 -10.884674 -3.826775 -4.206650 -21.059126 -36.115008 -7.085308 -6.107878 -35.336742 -8.344426 -15.319158 -20.791002 -9.228273 -8.527080 -30.449810 1.026286 -7.210100 -40.474625 0.117229 -8.637283 -19.365405 -5.372419 -0.194158 -23.701533 3.696132 5.719162 -43.456242 -1.178000 7.020673 -10.566583 -5.689846 -5.016964 1.815512 16.105875 49.351501 2.534405 2.202657 -28.595968 -14.507776 6.620655 30.044851 10.916714 -6.433537 1.610239 69.039211 -20.944506 44.411358 -9.449358 24.722726 -0.712384 13.784570 -10.843777 -27.978041 33.069437 18.152275 -21.722575 28.530639 6.644356 -10.884674 3.826775 4.206655 -21.059126 36.115008 7.085306 -6.107878 35.336742 8.344431 -15.319158 20.791002 9.228278 -8.527080 30.449810 -1.026281 -7.210100 40.474625 -0.117231 -8.637283 19.365405 5.372431 -0.194158 23.701533 -3.696120 5.719162 43.456242 1.178012 7.020673 10.566583 5.689844 -5.016964 -1.815512 -16.105870 49.351501 -2.534405 -2.202652 -28.595968 14.507776 -6.620650 30.044851
-0.118363 0.827868 -0.024088 3.714557 11.072429 30.299208 5.493473 -23.054878 -78.140909 1.529284 -0.968443 47.467411 7.421100 13.247469 11.359805 -0.356858 -0.461616 -3.231442 14.575501 -13.553770 -33.245253 0.295418 1.330851 45.471028 3.987829 -23.539479 -3.028204 -7.749591 2.924621 -23.151688 -3.561223 -4.167390 6.365663 1.450160 1.788269 7.751781 -0.309802 -1.651735 21.134789 -6.888155 9.175699 -33.063245 9.811244 1.915625 -20.849803 -12.804872 -17.545579 2.270096 -59.545111 3.958418 14.888368 5.488065 -37.232779 -12.458367 -19.252766 10.480013 -27.747886 -33.069437 -18.152277 -21.722575 -28.530639 -6.644358 -10.884674 -3.826775 -4.206650 -21.059126 -36.115008 -7.085308 -6.107878 -35.336742 -8.344426 -15.319158 -20.791002 -9.228273 -8.527080 -30.449810 1.026286 -7.210100 -40.474625 0.117229 -8.637283 -19.365405 -5.372419 -0.194158 -23.701533 3.696132 5.719162 -43.456242 -1.178000 7.020673 -10.566583 -5.689846 -5.016964 1.815512 16.105875 49.351501 2.534405 2.202657 -28.595968 -14.507776 6.620655 30.044851 10.508460 -4.711168 1.607371 70.021672 -17.670598 45.647363 -9.366583 24.784348 -1.186117 14.580941 -11.153068 -29.267354 33.069437 18.152275 -21.722575 28.530639 6.644356 -10.884674 3.826775 4.206655 -21.059126 36.115008 7.085306 -6.107878 35.336742 8.344431 -15.319158 20.791002 9.228278 -8.527080 30.449810 -1.026281 -7.210100 40.474625 -0.117231 -8.637283 19.365405 5.372431 -0.194158 23.701533 -3.696120 5.719162 43.456242 1.178012 7.020673 10.566583 5.689844 -5.016964 -1.815512 -16.105870 49.351501 -2.534405 -2.202652 -28.595968 14.507776 -6.620650 30.044851
-0.114243 0.829548 -0.040989 2.264367 11.654306 28.481947 9.232718 -24.426557 -81.813727 1.510671 -1.136329 52.822695 6.886367 10.169649 17.048688 -0.177771 -0.511196 -4.256639 17.010735 -15.191595 -26.784462 0.416860 1.282733 36.365553 1.971529 -26.249111 -9.748148 -7.399073 2.793345 -24.168351 -3.396467 -3.773909 5.625371 1.188332 3.502687 7.432059 -0.633705 -0.065957 20.274209 -6.885394 8.022647 -29.995974 11.142765 1.128575 -20.380760 -13.431057 -16.532928 2.964110 -62.149332 3.537426 15.221835 6.146971 -35.925126 -15.433121 -16.959172 9.328593 -28.544604 -33.069437 -18.152277 -21.722575 -28.530639 -6.644358 -10.884674 -3.826775 -4.206650 -21.059126 -36.115008 -7.085308 -6.107878 -35.336742 -8.344426 -15.319158 -20.791002 -9.228273 -8.527080 -30.449810 1.026286 -7.210100 -40.474625 0.117229 -8.637283 -19.365405 -5.372419 -0.194158 -23.701533 3.696132 5.719162 -43.456242 -1.178000 7.020673 -10.566583 -5.689846 -5.016964 1.815512 16.105875 49.351501 2.534405 2.202657 -28.595968 -14.507776 6.620655 30.044851 10.014931 -2.978192 2.264402 71.058078 -13.451352 46.682010 -9.216671 24.235228 -1.737608 16.072195 -11.360351 -31.039125 33.069437 18.152275 -21.722575 28.530639 6.644356 -10.884674 3.826775 4.206655 -21.059126 36.115008 7.085306 -6.107878 35.336742 8.344431 -15.319158 20.791002 9.228278 -8.527080 30.449810 -1.026281 -7.210100 40.474625 -0.117231 -8.637283 19.365405 5.372431 -0.194158 23.701533 -3.696120 5.719162 43.456242 1.178012 7.020673 10.566583 5.689844 -5.016964 -1.815512 -16.105870 49.351501 -2.534405 -2.202652 -28.595968 14.507776 -6.620650 30.044851
-0.109332 0.831410 -0.052847 0.688454 12.339593 25.784874 12.683077 -26.336708 -85.882949 1.456610 -1.391553 62.271572 4.903657 5.456682 21.619932 0.108284 -0.686466 -5.832865 18.700677 -15.604241 -20.716379 0.560468 1.324117 29.559293 -0.224498 -28.453097 -13.157043 -6.742417 3.024554 -19.204375 -3.161400 -3.289949 4.903494 0.878206 5.213711 7.149396 -0.838921 1.482174 18.875351 -6.263788 6.990681 -25.400821 12.620583 0.191822 -19.930600 -13.787603 -14.655459 3.715219 -64.859702 3.486616 15.410334 6.884898 -33.740473 -17.478550 -15.005376 8.602291 -28.938303 -33.069437 -18.152277 -21.722575 -28.530639 -6.644358 -10.884674 -3.826775 -4.206650 -21.059126 -36.115008 -7.085308 -6.107878 -35.336742 -8.344426 -15.319158 -20.791002 -9.228273 -8.527080 -30.449810 1.026286 -7.210100 -40.474625 0.117229 -8.637283 -19.365405 -5.372419 -0.194158 -23.701533 3.696132 5.719162 -43.456242 -1.178000 7.020673 -10.566583 -5.689846 -5.016964 1.815512 16.105875 49.351501 2.534405 2.202657 -28.595968 -14.507776 6.620655 30.044851 9.464644 -1.646695 3.724879 72.222980 -8.884332 47.634108 -9.125429 23.227802 -2.257653 17.587874 -11.404904 -32.397889 33.069437 18.152275 -21.722575 28.530639 6.644356 -10.884674 3.826775 4.206655 -21.059126 36.115008 7.085306 -6.107878 35.336742 8.344431 -15.319158 20.791002 9.228278 -8.527080 30.449810 -1.026281 -7.210100 40.474625 -0.117231 -8.637283 19.365405 5.372431 -0.194158 23.701533 -3.696120 5.719162 43.456242 1.178012 7.020673 10.566583 5.689844 -5.016964 -1.815512 -16.105870 49.351501 -2.534405 -2.202652 -28.595968 14.507776 -6.620650 30.044851
-0.103569 0.833685 -0.058926 -0.421012 13.353132 22.728780 14.926839 -29.363124 -89.881950 1.323855 -1.718070 74.467763 2.094036 0.406802 25.086697 0.440356 -0.867930 -7.152139 19.595401 -15.103527 -14.828076 0.731400 1.400430 24.139231 -2.030464 -30.569445 -14.457046 -5.968902 3.182966 -13.164850 -2.998365 -2.912001 4.202744 0.522766 6.853462 6.722592 -1.124247 2.879248 16.640813 -5.297822 5.719801 -19.372005 14.223409 -0.997588 -19.525062 -13.812920 -12.233064 4.169144 -66.998603 4.192735 15.980445 7.572176 -31.020797 -18.472506 -15.102542 8.286852 -28.860182 -33.069437 -18.152277 -21.722575 -28.530639 -6.644358 -10.884674 -3.826775 -4.206650 -21.059126 -36.115008 -7.085308 -6.107878 -35.336742 -8.344426 -15.319158 -20.791002 -9.228273 -8.527080 -30.449810 1.026286 -7.210100 -40.474625 0.117229 -8.637283 -19.365405 -5.372419 -0.194158 -23.701533 3.696132 5.719162 -43.456242 -1.178000 7.020673 -10.566583 -5.689846 -5.016964 1.815512 16.105875 49.351501 2.534405 2.202657 -28.595968 -14.507776 6.620655 30.044851 8.853860 -0.913009 5.631868 73.611988 -4.901280 48.628249 -9.130283 22.007282 -2.482511 18.448751 -11.490582 -32.421907 33.069437 18.152275 -21.722575 28.530639 6.644356 -10.884674 3.826775 4.206655 -21.059126 36.115008 7.085306 -6.107878 35.336742 8.344431 -15.319158 20.791002 9.228278 -8.527080 30.449810 -1.026281 -7.210100 40.474625 -0.117231 -8.637283 19.365405 5.372431 -0.194158 23.701533 -3.696120 5.719162 43.456242 1.178012 7.020673 10.566583 5.689844 -5.016964 -1.815512 -16.105870 49.351501 -2.534405 -2.202652 -28.595968 14.507776 -6.620650 30.044851
-0.098311 0.836944 -0.059728 -1.063585 14.353891 19.767233 15.804364 -33.061573 -92.727372 1.115076 -1.973417 85.984862 -0.971576 -3.671846 28.427541 0.721138 -0.972821 -7.718054 20.027499 -14.409361 -9.575770 0.894724 1.456677 19.995270 -3.308671 -32.616794 -14.477689 -5.306162 3.127997 -8.944977 -2.926907 -2.587895 3.530820 0.058590 8.479723 6.135801 -1.638517 4.245027 13.654671 -4.619085 4.102426 -12.804756 16.044155 -2.494970 -19.078446 -13.622285 -9.778533 4.327741 -68.254203 5.441232 16.316673 8.081300 -28.231041 -18.090224 -17.080283 8.335927 -28.072885 -33.069437 -18.152277 -21.722575 -28.530639 -6.644358 -10.884674 -3.826775 -4.206650 -21.059126 -36.115008 -7.085308 -6.107878 -35.336742 -8.344426 -15.319158 -20.791002 -9.228273 -8.527080 -30.449810 1.026286 -7.210100 -40.474625 0.117229 -8.637283 -19.365405 -5.372419 -0.194158 -23.701533 3.696132 5.719162 -43.456242 -1.178000 7.020673 -10.566583 -5.689846 -5.016964 1.815512 16.105875 49.351501 2.534405 2.202657 -28.595968 -14.507776 6.620655 30.044851 8.214710 -0.535402 7.356722 75.044559 -1.900969 49.534021 -9.140273 20.837175 -1.961172 18.461160 -11.644787 -31.280395 33.069437 18.152275 -21.722575 28.530639 6.644356 -10.884674 3.826775 4.206655 -21.059126 36.115008 7.085306 -6.107878 35.336742 8.344431 -15.319158 20.791002 9.228278 -8.527080 30.449810 -1.026281 -7.210100 40.474625 -0.117231 -8.637283 19.365405 5.372431 -0.194158 23.701533 -3.696120 5.719162 43.456242 1.178012 7.020673 10.566583 5.689844 -5.016964 -1.815512 -16.105870 49.351501 -2.534405 -2.202652 -28.595968 14.507776 -6.620650 30.044851
-0.094670 0.841832 -0.057627 -1.568369 14.674712 17.026055 15.421823 -36.242597 -93.149580 0.935517 -2.057128 93.619525 -3.841272 -6.352012 32.104929 0.883379 -0.999172 -7.638942 20.176152 -14.306696 -5.314927 1.026646 1.495329 17.385975 -4.178432 -33.893384 -13.282026 -4.840435 2.982234 -6.548244 -2.918745 -2.159478 2.945162 -0.554541 10.100971 5.410335 -2.427813 5.662639 10.441153 -4.781798 2.425396 -6.716144 18.263301 -4.229503 -18.494547 -13.292361 -7.880028 4.493692 -68.729885 6.593997 15.482401 8.404738 -25.657241 -16.441502 -19.488831 8.825987 -26.718211 -33.069437 -18.152277 -21.722575 -28.530639 -6.644358 -10.884674 -3.826775 -4.206650 -21.059126 -36.115008 -7.085308 -6.107878 -35.336742 -8.344426 -15.319158 -20.791002 -9.228273 -8.527080 -30.449810 1.026286 -7.210100 -40.474625 0.117229 -8.637283 -19.365405 -5.372419 -0.194158 -23.701533 3.696132 5.719162 -43.456242 -1.178000 7.020673 -10.566583 -5.689846 -5.016964 1.815512 16.105875 49.351501 2.534405 2.202657 -28.595968 -14.507776 6.620655 30.044851 7.606783 0.015650 8.495440 76.136016 0.601005 50.131942 -9.047339 19.836853 -0.445695 17.893484 -11.687278 -29.747646 33.069437 18.152275 -21.722575 28.530639 6.644356 -10.884674 3.826775 4.206655 -21.059126 36.115008 7.085306 -6.107878 35.336742 8.344431 -15.319158 20.791002 9.228278 -8.527080 30.449810 -1.026281 -7.210100 40.474625 -0.117231 -8.637283 19.365405 5.372431 -0.194158 23.701533 -3.696120 5.719162 43.456242 1.178012 7.020673 10.566583 5.689844 -5.016964 -1.815512 -16.105870 49.351501 -2.534405 -2.202652 -28.595968 14.507776 -6.620650 30.044851
-0.093996 0.848730 -0.054875 -2.204077 13.787853 14.361620 14.106345 -37.881490 -90.592597 0.885940 -2.047190 96.278674 -5.892754 -7.765260 35.224925 0.944551 -0.988258 -7.347489 20.038901 -14.955448 -1.873324 1.089445 1.555605 16.260843 -4.928861 -33.839948 -10.866988 -4.573135 2.870690 -5.315687 -2.959195 -1.527938 2.509278 -1.302062 11.577986 4.582690 -3.435802 7.040555 7.683437 -5.835759 1.078401 -1.716794 20.971232 -5.970819 -17.787599 -12.788649 -7.101297 4.874464 -68.631025 7.288484 13.362381 8.566644 -23.378116 -14.351387 -21.274354 9.700374 -25.341598 -33.069437 -18.152277 -21.722575 -28.530639 -6.644358 -10.884674 -3.826775 -4.206650 -21.059126 -36.115008 -7.085308 -6.107878 -35.336742 -8.344426 -15.319158 -20.791002 -9.228273 -8.527080 -30.449810 1.026286 -7.210100 -40.474625 0.117229 -8.637283 -19.365405 -5.372419 -0.194158 -23.701533 3.696132 5.719162 -43.456242 -1.178000 7.020673 -10.566583 -5.689846 -5.016964 1.815512 16.105875 49.351501 2.534405 2.202657 -28.595968 -14.507776 6.620655 30.044851 6.919103 1.220612 8.971208 76.683920 3.563046 50.711132 -8.854474 18.926873 1.775786 17.454137 -11.728990 -28.300464 33.069437 18.152275 -21.722575 28.530639 6.644356 -10.884674 3.826775 4.206655 -21.059126 36.115008 7.085306 -6.107878 35.336742 8.344431 -15.319158 20.791002 9.228278 -8.527080 30.449810 -1.026281 -7.210100 40.474625 -0.117231 -8.637283 19.365405 5.372431 -0.194158 23.701533 -3.696120 5.719162 43.456242 1.178012 7.020673 10.566583 5.689844 -5.016964 -1.815512 -16.105870 49.351501 -2.534405 -2.202652 -28.595968 14.507776 -6.620650 30.044851
-0.096158 0.856775 -0.051157 -3.126974 11.572829 11.614857 12.554151 -37.470347 -85.580918 0.949847 -2.022669 94.810320 -6.505388 -7.834744 36.241557 0.943123 -0.970472 -7.190512 19.812903 -15.541943 1.386575 1.058495 1.638592 15.945536 -5.949051 -32.698510 -7.494602 -4.483442 2.826369 -5.112406 -3.018897 -0.689635 2.240240 -2.146560 12.696607 3.786429 -4.488918 8.158903 5.861696 -7.191476 0.325919 1.800474 23.788886 -7.345634 -17.033781 -12.059201 -7.738281 5.447388 -68.074132 7.772833 10.811995 8.603895 -21.547837 -12.549922 -22.161927 10.721139 -24.098938 -33.069437 -18.152277 -21.722575 -28.530639 -6.644358 -10.884674 -3.826775 -4.206650 -21.059126 -36.115008 -7.085308 -6.107878 -35.336742 -8.344426 -15.319158 -20.791002 -9.228273 -8.527080 -30.449810 1.026286 -7.210100 -40.474625 0.117229 -8.637283 -19.365405 -5.372419 -0.194158 -23.701533 3.696132 5.719162 -43.456242 -1.178000 7.020673 -10.566583 -5.689846 -5.016964 1.815512 16.105875 49.351501 2.534405 2.202657 -28.595968 -14.507776 6.620655 30.044851 5.799673 3.120900 8.813094 76.946712 7.769568 51.898550 -8.680446 18.014681 4.122934 17.893330 -12.151129 -26.914463 33.069437 18.152275 -21.722575 28.530639 6.644356 -10.884674 3.826775 4.206655 -21.059126 36.115008 7.085306 -6.107878 35.336742 8.344431 -15.319158 20.791002 9.228278 -8.527080 30.449810 -1.026281 -7.210100 40.474625 -0.117231 -8.637283 19.365405 5.372431 -0.194158 23.701533 -3.696120 5.719162 43.456242 1.178012 7.020673 10.566583 5.689844 -5.016964 -1.815512 -16.105870 49.351501 -2.534405 -2.202652 -28.595968 14.507776 -6.620650 30.044851
-0.102214 0.863288 -0.047330 -4.375309 8.346617 8.900589 11.477293 -35.102252 -79.266169 1.075437 -1.995055 90.754363 -5.321096 -5.670434 34.352798 0.878628 -0.913474 -7.204091 19.934273 -15.054349 4.982778 0.957609 1.708171 15.517203 -7.142906 -31.029369 -3.763891 -4.494270 2.786563 -6.177544 -3.032042 0.273442 2.087566 -3.056290 13.334417 3.219534 -5.416929 8.801459 4.892977 -8.119211 0.160191 3.484313 25.970290 -8.081764 -16.236830 -11.169724 -9.535556 6.108674 -67.072280 8.468064 8.694069 8.568209 -20.350649 -11.187061 -22.267578 11.662318 -22.767797 -33.069437 -18.152277 -21.722575 -28.530639 -6.644358 -10.884674 -3.826775 -4.206650 -21.059126 -36.115008 -7.085308 -6.107878 -35.336742 -8.344426 -15.319158 -20.791002 -9.228273 -8.527080 -30.449810 1.026286 -7.210100 -40.474625 0.117229 -8.637283 -19.365405 -5.372419 -0.194158 -23.701533 3.696132 5.719162 -43.456242 -1.178000 7.020673 -10.566583 -5.689846 -5.016964 1.815512 16.105875 49.351501 2.534405 2.202657 -28.595968 -14.507776 6.620655 30.044851 3.932488 5.170613 8.125894 77.457617 13.480112 53.596884 -8.584531 17.438479 6.564137 18.959948 -12.963587 -25.382467 33.069437 18.152275 -21.722575 28.530639 6.644356 -10.884674 3.826775 4.206655 -21.059126 36.115008 7.085306 -6.107878 35.336742 8.344431 -15.319158 20.791002 9.228278 -8.527080 30.449810 -1.026281 -7.210100 40.474625 -0.117231 -8.637283 19.365405 5.372431 -0.194158 23.701533 -3.696120 5.719162 43.456242 1.178012 7.020673 10.566583 5.689844 -5.016964 -1.815512 -16.105870 49.351501 -2.534405 -2.202652 -28.595968 14.507776 -6.620650 30.044851
-0.111664 0.865993 -0.043078 -5.794542 4.723775 6.604431 11.165607 -31.551462 -72.780105 1.224967 -1.961669 85.320018 -2.864515 -0.761618 30.304429 0.765083 -0.762650 -7.184293 20.738333 -13.222964 8.827852 0.825427 1.736612 14.456580 -8.136162 -29.359272 -0.391360 -4.459237 2.665416 -8.520958 -2.947991 1.225564 1.995049 -3.996149 13.548755 2.969879 -6.206598 8.903031 4.260710 -8.427053 0.285463 3.325298 27.144591 -8.286929 -15.354130 -10.408023 -11.746502 6.781557 -65.576045 9.302181 7.164940 8.514464 -19.647180 -10.399677 -21.767874 12.356225 -21.338880 -33.069437 -18.152277 -21.722575 -28.530639 -6.644358 -10.884674 -3.826775 -4.206650 -21.059126 -36.115008 -7.085308 -6.107878 -35.336742 -8.344426 -15.319158 -20.791002 -9.228273 -8.527080 -30.449810 1.026286 -7.210100 -40.474625 0.117229 -8.637283 -19.365405 -5.372419 -0.194158 -23.701533 3.696132 5.719162 -43.456242 -1.178000 7.020673 -10.566583 -5.689846 -5.016964 1.815512 16.105875 49.351501 2.534405 2.202657 -28.595968 -14.507776 6.620655 30.044851 1.291531 6.718300 7.236107 78.472050 20.358262 54.799311 -8.474128 18.071064 9.849678 19.340980 -13.683817 -23.631141 33.069437 18.152275 -21.722575 28.530639 6.644356 -10.884674 3.826775 4.206655 -21.059126 36.115008 7.085306 -6.107878 35.336742 8.344431 -15.319158 20.791002 9.228278 -8.527080 30.449810 -1.026281 -7.210100 40.474625 -0.117231 -8.637283 19.365405 5.372431 -0.194158 23.701533 -3.696120 5.719162 43.456242 1.178012 7.020673 10.566583 5.689844 -5.016964 -1.815512 -16.105870 49.351501 -2.534405 -2.202652 -28.595968 14.507776 -6.620650 30.044851
-0.122730 0.864084 -0.038199 -7.123848 1.359053 5.101633 11.502213 -27.943756 -66.868891 1.353402 -1.898032 79.263239 -0.553688 5.351066 25.285681 0.675001 -0.539255 -7.013064 22.258446 -10.597494 12.417335 0.671283 1.721374 12.825255 -9.168230 -28.233588 2.065585 -4.261057 2.466657 -11.456983 -2.759531 2.044353 1.955908 -4.902014 13.510390 2.952621 -6.939296 8.584054 3.598647 -8.371915 0.296180 1.720924 27.443931 -8.304258 -14.481751 -10.222206 -13.674118 7.324360 -63.424426 9.733582 6.073196 8.480187 -18.919820 -10.499217 -20.910054 12.640080 -19.991301 -33.069437 -18.152277 -21.722575 -28.530639 -6.644358 -10.884674 -3.826775 -4.206650 -21.059126 -36.115008 -7.085308 -6.107878 -35.336742 -8.344426 -15.319158 -20.791002 -9.228273 -8.527080 -30.449810 1.026286 -7.210100 -40.474625 0.117229 -8.637283 -19.365405 -5.372419 -0.194158 -23.701533 3.696132 5.719162 -43.456242 -1.178000 7.020673 -10.566583 -5.689846 -5.016964 1.815512 16.105875 49.351501 2.534405 2.202657 -28.595968 -14.507776 6.620655 30.044851 -1.997757 7.649862 6.571783 79.688131 27.588673 54.671252 -8.249202 20.858041 14.467302 18.033076 -13.894037 -21.870426 33.069437 18.152275 -21.722575 28.530639 6.644356 -10.884674 3.826775 4.206655 -21.059126 36.115008 7.085306 -6.107878 35.336742 8.344431 -15.319158 20.791002 9.228278 -8.527080 30.449810 -1.026281 -7.210100 40.474625 -0.117231 -8.637283 19.365405 5.372431 -0.194158 23.701533 -3.696120 5.719162 43.456242 1.178012 7.020673 10.566583 5.689844 -5.016964 -1.815512 -16.105870 49.351501 -2.534405 -2.202652 -28.595968 14.507776 -6.620650 30.044851
-0.133985 0.857792 -0.032689 -8.175006 -1.242880 4.533935 12.224090 -25.242082 -61.910371 1.390251 -1.764345 73.286926 0.372716 10.100363 19.615388 0.658298 -0.354635 -6.749750 24.231489 -8.008312 15.253397 0.513163 1.709715 10.983806 -10.727291 -27.969807 3.296295 -3.876727 2.281142 -13.735809 -2.487929 2.669357 2.003347 -5.647820 13.402002 3.005416 -7.658181 8.080553 2.949104 -8.357474 -0.166429 -0.847289 27.256261 -8.463189 -13.891695 -10.953862 -15.094367 7.475044 -60.380600 9.243940 5.424333 8.457308 -17.651494 -11.476573 -19.968463 12.417437 -18.878173 -33.069437 -18.152277 -21.722575 -28.530639 -6.644358 -10.884674 -3.826775 -4.206650 -21.059126 -36.115008 -7.085308 -6.107878 -35.336742 -8.344426 -15.319158 -20.791002 -9.228273 -8.527080 -30.449810 1.026286 -7.210100 -40.474625 0.117229 -8.637283 -19.365405 -5.372419 -0.194158 -23.701533 3.696132 5.719162 -43.456242 -1.178000 7.020673 -10.566583 -5.689846 -5.016964 1.815512 16.105875 49.351501 2.534405 2.202657 -28.595968 -14.507776 6.620655 30.044851 -5.790022 8.362531 6.333631 80.296715 34.028941 53.180836 -7.893235 26.405015 19.770145 15.237013 -13.613159 -20.613858 33.069437 18.152275 -21.722575 28.530639 6.644356 -10.884674 3.826775 4.206655 -21.059126 36.115008 7.085306 -6.107878 35.336742 8.344431 -15.319158 20.791002 9.228278 -8.527080 30.449810 -1.026281 -7.210100 40.474625 -0.117231 -8.637283 19.365405 5.372431 -0.194158 23.701533 -3.696120 5.719162 43.456242 1.178012 7.020673 10.566583 5.689844 -5.016964 -1.815512 -16.105870 49.351501 -2.534405 -2.202652 -28.595968 14.507776 -6.620650 30.044851
-0.144446 0.848102 -0.027339 -8.894744 -2.788969 4.753049 13.093227 -23.950862 -58.137628 1.294307 -1.575777 68.533695 -0.203007 12.433959 12.779151 0.686211 -0.298545 -6.504539 26.276392 -6.060383 17.093079 0.367756 1.777669 9.270013 -12.723020 -28.443576 3.423202 -3.370374 2.184065 -14.413314 -2.175696 3.093983 2.200910 -6.049761 13.338249 3.046619 -8.331081 7.636571 2.599026 -8.825470 -1.333046 -3.990901 27.178293 -8.998956 -13.910886 -12.487929 -16.316343 7.087615 -56.476666 7.639945 5.454552 8.364257 -15.793861 -12.879011 -19.171176 11.845764 -18.209131 -33.069437 -18.152277 -21.722575 -28.530639 -6.644358 -10.884674 -3.826775 -4.206650 -21.059126 -36.115008 -7.085308 -6.107878 -35.336742 -8.344426 -15.319158 -20.791002 -9.228273 -8.527080 -30.449810 1.026286 -7.210100 -40.474625 0.117229 -8.637283 -19.365405 -5.372419 -0.194158 -23.701533 3.696132 5.719162 -43.456242 -1.178000 7.020673 -10.566583 -5.689846 -5.016964 1.815512 16.105875 49.351501 2.534405 2.202657 -28.595968 -14.507776 6.620655 30.044851 -9.774874 9.276151 6.422139 79.236601 38.606233 50.920607 -7.479517 34.658834 24.383601 12.092105 -13.141261 -20.206811 33.069437 18.152275 -21.722575 28.530639 6.644356 -10.884674 3.826775 4.206655 -21.059126 36.115008 7.085306 -6.107878 35.336742 8.344431 -15.319158 20.791002 9.228278 -8.527080 30.449810 -1.026281 -7.210100 40.474625 -0.117231 -8.637283 19.365405 5.372431 -0.194158 23.701533 -3.696120 5.719162 43.456242 1.178012 7.020673 10.566583 5.689844 -5.016964 -1.815512 -16.105870 49.351501 -2.534405 -2.202652 -28.595968 14.507776 -6.620650 30.044851
-0.152576 0.835964 -0.023068 -9.283383 -3.164738 5.485113 13.952345 -24.029716 -55.900471 1.135738 -1.395460 66.278339 -1.433057 13.294365 4.588105 0.696882 -0.348214 -6.326647 28.096123 -4.966522 17.963582 0.243977 1.941197 7.917410 -14.431076 -29.288525 2.823914 -2.854395 2.173854 -13.677632 -1.873533 3.333941 2.592492 -5.989632 13.336712 3.131369 -8.883458 7.378465 2.761061 -10.038776 -3.205248 -7.447479 27.716513 -10.002543 -14.666948 -14.188504 -17.844639 6.409341 -52.308054 5.037834 6.390549 8.147418 -13.930694 -14.218985 -18.787615 11.251612 -18.190913 -33.069437 -18.152277 -21.722575 -28.530639 -6.644358 -10.884674 -3.826775 -4.206650 -21.059126 -36.115008 -7.085308 -6.107878 -35.336742 -8.344426 -15.319158 -20.791002 -9.228273 -8.527080 -30.449810 1.026286 -7.210100 -40.474625 0.117229 -8.637283 -19.365405 -5.372419 -0.194158 -23.701533 3.696132 5.719162 -43.456242 -1.178000 7.020673 -10.566583 -5.689846 -5.016964 1.815512 16.105875 49.351501 2.534405 2.202657 -28.595968 -14.507776 6.620655 30.044851 -13.325440 10.441183 6.738467 75.763368 41.028177 48.560131 -7.112080 44.628889 27.452470 9.789089 -12.542554 -20.462014 33.069437 18.152275 -21.722575 28.530639 6.644356 -10.884674 3.826775 4.206655 -21.059126 36.115008 7.085306 -6.107878 35.336742 8.344431 -15.319158 20.791002 9.228278 -8.527080 30.449810 -1.026281 -7.210100 40.474625 -0.117231 -8.637283 19.365405 5.372431 -0.194158 23.701533 -3.696120 5.719162 43.456242 1.178012 7.020673 10.566583 5.689844 -5.016964 -1.815512 -16.105870 49.351501 -2.534405 -2.202652 -28.595968 14.507776 -6.620650 30.044851
-0.158921 0.823509 -0.019596 -9.308668 -2.530193 6.455788 14.667114 -24.988238 -55.297464 1.018245 -1.265946 66.530653 -2.639039 13.710446 -3.513582 0.670782 -0.434951 -6.060990 29.481576 -4.626085 17.940052 0.151200 2.158971 7.314700 -14.944715 -30.213947 1.827441 -2.396416 2.214794 -12.642417 -1.632082 3.406621 3.145403 -5.511073 13.356683 3.373834 -9.236183 7.299351 3.439072 -11.799996 -5.562674 -10.994377 28.853827 -11.336370 -15.935224 -15.376955 -19.913639 5.865126 -48.631329 1.738887 8.171292 7.868422 -12.761325 -15.065089 -19.178936 10.804378 -18.590539 -33.069437 -18.152277 -21.722575 -28.530639 -6.644358 -10.884674 -3.826775 -4.206650 -21.059126 -36.115008 -7.085308 -6.107878 -35.336742 -8.344426 -15.319158 -20.791002 -9.228273 -8.527080 -30.449810 1.026286 -7.210100 -40.474625 0.117229 -8.637283 -19.365405 -5.372419 -0.194158 -23.701533 3.696132 5.719162 -43.456242 -1.178000 7.020673 -10.566583 -5.689846 -5.016964 1.815512 16.105875 49.351501 2.534405 2.202657 -28.595968 -14.507776 6.620655 30.044851 -15.721036 11.674920 7.384548 70.002165 41.945676 46.533389 -6.822899 54.602563 28.903072 8.900942 -11.695501 -21.066530 33.069437 18.152275 -21.722575 28.530639 6.644356 -10.884674 3.826775 4.206655 -21.059126 36.115008 7.085306 -6.107878 35.336742 8.344431 -15.319158 20.791002 9.228278 -8.527080 30.449810 -1.026281 -7.210100 40.474625 -0.117231 -8.637283 19.365405 5.372431 -0.194158 23.701533 -3.696120 5.719162 43.456242 1.178012 7.020673 10.566583 5.689844 -5.016964 -1.815512 -16.105870 49.351501 -2.534405 -2.202652 -28.595968 14.507776 -6.620650 30.044851
-0.164381 0.814385 -0.015547 -8.952466 -1.426025 7.339813 15.002104 -26.167668 -55.480141 0.974989 -1.228428 67.890414 -3.655723 13.741278 -9.614444 0.651844 -0.519420 -5.496154 30.249456 -4.792837 16.975708 0.066924 2.383711 8.239821 -13.793760 -30.904636 1.091828 -2.052257 2.282816 -12.318900 -1.492050 3.372422 3.792815 -4.756158 13.347654 3.819185 -9.324112 7.340728 4.501948 -13.465751 -7.952353 -14.261238 29.997467 -12.634393 -17.254193 -15.840991 -22.355063 5.681662 -45.804471 -1.814246 10.549777 7.595082 -12.497154 -14.960667 -20.579973 10.677111 -18.648662 -33.069437 -18.152277 -21.722575 -28.530639 -6.644358 -10.884674 -3.826775 -4.206650 -21.059126 -36.115008 -7.085308 -6.107878 -35.336742 -8.344426 -15.319158 -20.791002 -9.228273 -8.527080 -30.449810 1.026286 -7.210100 -40.474625 0.117229 -8.637283 -19.365405 -5.372419 -0.194158 -23.701533 3.696132 5.719162 -43.456242 -1.178000 7.020673 -10.566583 -5.689846 -5.016964 1.815512 16.105875 49.351501 2.534405 2.202657 -28.595968 -14.507776 6.620655 30.044851 -16.690534 12.820001 8.447682 63.308634 42.186126 45.287795 -6.670578 62.668224 28.865800 9.274031 -10.725867 -21.773598 33.069437 18.152275 -21.722575 28.530639 6.644356 -10.884674 3.826775 4.206655 -21.059126 36.115008 7.085306 -6.107878 35.336742 8.344431 -15.319158 20.791002 9.228278 -8.527080 30.449810 -1.026281 -7.210100 40.474625 -0.117231 -8.637283 19.365405 5.372431 -0.194158 23.701533 -3.696120 5.719162 43.456242 1.178012 7.020673 10.566583 5.689844 -5.016964 -1.815512 -16.105870 49.351501 -2.534405 -2.202652 -28.595968 14.507776 -6.620650 30.044851
-0.169469 0.811896 -0.008873 -8.289490 -0.766939 7.780880 14.488578 -26.974552 -54.668356 1.009413 -1.304106 68.658434 -4.315778 13.437764 -13.246016 0.719625 -0.572156 -4.720451 30.053929 -5.186973 14.918807 -0.018191 2.528573 11.855042 -11.038477 -30.564315 2.070987 -1.930541 2.369450 -13.205056 -1.500478 3.335758 4.454677 -3.896117 13.267741 4.336396 -9.134233 7.446678 5.741980 -14.408014 -9.676955 -16.636333 30.434671 -13.435717 -18.145924 -15.817086 -24.560128 5.793930 -43.881828 -5.101384 13.285729 7.331397 -12.820003 -13.684217 -22.611044 11.091717 -17.894672 -33.069437 -18.152277 -21.722575 -28.530639 -6.644358 -10.884674 -3.826775 -4.206650 -21.059126 -36.115008 -7.085308 -6.107878 -35.336742 -8.344426 -15.319158 -20.791002 -9.228273 -8.527080 -30.449810 1.026286 -7.210100 -40.474625 0.117229 -8.637283 -19.365405 -5.372419 -0.194158 -23.701533 3.696132 5.719162 -43.456242 -1.178000 7.020673 -10.566583 -5.689846 -5.016964 1.815512 16.105875 49.351501 2.534405 2.202657 -28.595968 -14.507776 6.620655 30.044851 -16.651842 13.641468 9.687794 58.507619 42.303496 45.729325 -6.671450 66.919525 27.762511 10.422529 -10.085530 -22.303192 33.069437 18.152275 -21.722575 28.530639 6.644356 -10.884674 3.826775 4.206655 -21.059126 36.115008 7.085306 -6.107878 35.336742 8.344431 -15.319158 20.791002 9.228278 -8.527080 30.449810 -1.026281 -7.210100 40.474625 -0.117231 -8.637283 19.365405 5.372431 -0.194158 23.701533 -3.696120 5.719162 43.456242 1.178012 7.020673 10.566583 5.689844 -5.016964 -1.815512 -16.105870 49.351501 -2.534405 -2.202652 -28.595968 14.507776 -6.620650 30.044851
-0.173748 0.816853 0.001658 -7.425761 -1.437821 7.490436 12.617987 -27.018990 -51.255522 1.122398 -1.470906 67.825793 -4.421117 13.299091 -15.277311 0.956177 -0.566978 -4.116780 28.259006 -5.606251 11.553341 -0.081797 2.501996 19.145334 -7.037355 -27.893636 6.745028 -2.136696 2.460756 -15.225182 -1.699494 3.354588 5.044296 -3.101943 13.023957 4.691559 -8.737029 7.512302 6.877658 -14.443419 -10.067013 -17.505915 29.944700 -13.390467 -18.410237 -15.606844 -25.691809 5.983910 -42.966910 -7.673619 16.135128 7.056466 -13.187679 -11.590665 -24.288450 11.855216 -16.856511 -33.069437 -18.152277 -21.722575 -28.530639 -6.644358 -10.884674 -3.826775 -4.206650 -21.059126 -36.115008 -7.085308 -6.107878 -35.336742 -8.344426 -15.319158 -20.791002 -9.228273 -8.527080 -30.449810 1.026286 -7.210100 -40.474625 0.117229 -8.637283 -19.365405 -5.372419 -0.194158 -23.701533 3.696132 5.719162 -43.456242 -1.178000 7.020673 -10.566583 -5.689846 -5.016964 1.815512 16.105875 49.351501 2.534405 2.202657 -28.595968 -14.507776 6.620655 30.044851 -16.303171 13.762690 10.618321 58.674822 42.525450 48.839230 -6.553782 65.990674 26.486418 12.032531 -10.233130 -22.415819 33.069437 18.152275 -21.722575 28.530639 6.644356 -10.884674 3.826775 4.206655 -21.059126 36.115008 7.085306 -6.107878 35.336742 8.344431 -15.319158 20.791002 9.228278 -8.527080 30.449810 -1.026281 -7.210100 40.474625 -0.117231 -8.637283 19.365405 5.372431 -0.194158 23.701533 -3.696120 5.719162 43.456242 1.178012 7.020673 10.566583 5.689844 -5.016964 -1.815512 -16.105870 49.351501 -2.534405 -2.202652 -28.595968 14.507776 -6.620650 30.044851
-0.176768 0.826538 0.015765 -6.414426 -3.621357 6.409667 9.366787 -26.241680 -45.142735 1.262250 -1.681453 65.573477 -4.132792 13.652895 -16.810545 1.365820 -0.515581 -4.030075 24.396579 -5.985026 6.724556 -0.142334 2.304843 29.964235 -2.174707 -22.068038 16.246059 -2.602683 2.523457 -17.627591 -2.046488 3.374184 5.506373 -2.477890 12.459654 4.778681 -8.228362 7.326671 7.646065 -13.695509 -8.929452 -16.793618 28.687734 -12.418333 -18.096482 -15.374554 -25.371275 6.195191 -43.123458 -9.376386 18.666135 6.744377 -13.187426 -9.388503 -24.957120 12.272705 -16.524350 -33.069437 -18.152277 -21.722575 -28.530639 -6.644358 -10.884674 -3.826775 -4.206650 -21.059126 -36.115008 -7.085308 -6.107878 -35.336742 -8.344426 -15.319158 -20.791002 -9.228273 -8.527080 -30.449810 1.026286 -7.210100 -40.474625 0.117229 -8.637283 -19.365405 -5.372419 -0.194158 -23.701533 3.696132 5.719162 -43.456242 -1.178000 7.020673 -10.566583 -5.689846 -5.016964 1.815512 16.105875 49.351501 2.534405 2.202657 -28.595968 -14.507776 6.620655 30.044851 -15.841440 12.943914 11.074254 64.330943 42.464279 54.469683 -6.374027 59.951407 25.134857 13.938410 -11.258062 -22.012936 33.069437 18.152275 -21.722575 28.530639 6.644356 -10.884674 3.826775 4.206655 -21.059126 36.115008 7.085306 -6.107878 35.336742 8.344431 -15.319158 20.791002 9.228278 -8.527080 30.449810 -1.026281 -7.210100 40.474625 -0.117231 -8.637283 19.365405 5.372431 -0.194158 23.701533 -3.696120 5.719162 43.456242 1.178012 7.020673 10.566583 5.689844 -5.016964 -1.815512 -16.105870 49.351501 -2.534405 -2.202652 -28.595968 14.507776 -6.620650 30.044851
-0.179043 0.836722 0.032415 -5.368220 -6.841853 4.733254 5.372418 -24.935324 -37.615184 1.364983 -1.859421 62.901425 -3.950279 14.468939 -18.533795 1.836586 -0.458119 -4.589696 18.934273 -6.126923 0.551135 -0.261154 2.009253 42.818483 3.401172 -14.313438 28.978290 -3.078633 2.515732 -19.514202 -2.350065 3.303389 5.819904 -1.995088 11.471414 4.727617 -7.618729 6.702494 7.955844 -12.343654 -6.650696 -15.083583 26.733249 -10.721455 -17.345448 -15.272872 -24.040617 6.642085 -44.018220 -10.541425 20.357859 6.412208 -12.740069 -7.477785 -24.746066 11.990195 -17.220399 -33.069437 -18.152277 -21.722575 -28.530639 -6.644358 -10.884674 -3.826775 -4.206650 -21.059126 -36.115008 -7.085308 -6.107878 -35.336742 -8.344426 -15.319158 -20.791002 -9.228273 -8.527080 -30.449810 1.026286 -7.210100 -40.474625 0.117229 -8.637283 -19.365405 -5.372419 -0.194158 -23.701533 3.696132 5.719162 -43.456242 -1.178000 7.020673 -10.566583 -5.689846 -5.016964 1.815512 16.105875 49.351501 2.534405 2.202657 -28.595968 -14.507776 6.620655 30.044851 -14.816250 11.309150 11.359952 72.299745 41.447646 60.768336 -6.521788 50.640453 22.671317 15.688905 -12.854571 -21.211786 33.069437 18.152275 -21.722575 28.530639 6.644356 -10.884674 3.826775 4.206655 -21.059126 36.115008 7.085306 -6.107878 35.336742 8.344431 -15.319158 20.791002 9.228278 -8.527080 30.449810 -1.026281 -7.210100 40.474625 -0.117231 -8.637283 19.365405 5.372431 -0.194158 23.701533 -3.696120 5.719162 43.456242 1.178012 7.020673 10.566583 5.689844 -5.016964 -1.815512 -16.105870 49.351501 -2.534405 -2.202652 -28.595968 14.507776 -6.620650 30.044851
-0.180412 0.843386 0.049796 -4.477884 -10.667353 2.762101 1.395519 -23.325790 -30.071554 1.431437 -1.921487 60.641609 -4.172403 15.659905 -20.541046 2.249685 -0.413251 -5.669243 13.211234 -5.387671 -6.721512 -0.475035 1.712939 56.119245 8.843985 -7.825297 40.522922 -3.354350 2.429111 -20.535189 -2.408743 3.139506 5.991121 -1.560593 10.114755 4.726117 -6.854546 5.687658 7.916310 -10.672316 -3.825272 -13.041777 24.136441 -8.636519 -16.388981 -15.389444 -22.487350 7.488047 -45.146089 -11.727528 21.098167 6.137627 -11.906998 -5.817293 -23.960609 11.324183 -18.522870 -33.069437 -18.152277 -21.722575 -28.530639 -6.644358 -10.884674 -3.826775 -4.206650 -21.059126 -36.115008 -7.085308 -6.107878 -35.336742 -8.344426 -15.319158 -20.791002 -9.228273 -8.527080 -30.449810 1.026286 -7.210100 -40.474625 0.117229 -8.637283 -19.365405 -5.372419 -0.194158 -23.701533 3.696132 5.719162 -43.456242 -1.178000 7.020673 -10.566583 -5.689846 -5.016964 1.815512 16.105875 49.351501 2.534405 2.202657 -28.595968 -14.507776 6.620655 30.044851 -12.922633 9.169620 11.784959 78.606728 39.449147 65.450732 -6.882516 40.606686 18.500360 16.565203 -14.651976 -20.246504 33.069437 18.152275 -21.722575 28.530639 6.644356 -10.884674 3.826775 4.206655 -21.059126 36.115008 7.085306 -6.107878 35.336742 8.344431 -15.319158 20.791002 9.228278 -8.527080 30.449810 -1.026281 -7.210100 40.474625 -0.117231 -8.637283 19.365405 5.372431 -0.194158 23.701533 -3.696120 5.719162 43.456242 1.178012 7.020673 10.566583 5.689844 -5.016964 -1.815512 -16.105870 49.351501 -2.534405 -2.202652 -28.595968 14.507776 -6.620650 30.044851
-0.181736 0.844771 0.067111 -3.825662 -15.058577 0.789405 -2.130922 -21.126982 -23.333743 1.478292 -1.854899 58.993198 -4.627155 17.167738 -22.583303 2.561896 -0.384346 -6.902138 8.393160 -2.957845 -14.998687 -0.722532 1.491135 68.974932 12.307750 -4.209293 46.739066 -3.412387 2.317807 -20.693971 -2.185585 2.969776 6.023449 -1.155252 8.562785 4.796096 -5.925618 4.527940 7.738717 -9.005709 -0.845746 -10.976376 21.021529 -6.421728 -15.421133 -15.532072 -21.217932 8.579471 -46.241617 -13.265420 21.275787 5.984870 -10.754793 -4.343458 -22.787811 10.589644 -20.087530 -33.069437 -18.152277 -21.722575 -28.530639 -6.644358 -10.884674 -3.826775 -4.206650 -21.059126 -36.115008 -7.085308 -6.107878 -35.336742 -8.344426 -15.319158 -20.791002 -9.228273 -8.527080 -30.449810 1.026286 -7.210100 -40.474625 0.117229 -8.637283 -19.365405 -5.372419 -0.194158 -23.701533 3.696132 5.719162 -43.456242 -1.178000 7.020673 -10.566583 -5.689846 -5.016964 1.815512 16.105875 49.351501 2.534405 2.202657 -28.595968 -14.507776 6.620655 30.044851 -10.514735 6.822255 12.383312 81.685811 36.961701 67.415852 -7.108185 31.725391 13.373507 16.167729 -16.302682 -19.251443 33.069437 18.152275 -21.722575 28.530639 6.644356 -10.884674 3.826775 4.206655 -21.059126 36.115008 7.085306 -6.107878 35.336742 8.344431 -15.319158 20.791002 9.228278 -8.527080 30.449810 -1.026281 -7.210100 40.474625 -0.117231 -8.637283 19.365405 5.372431 -0.194158 23.701533 -3.696120 5.719162 43.456242 1.178012 7.020673 10.566583 5.689844 -5.016964 -1.815512 -16.105870 49.351501 -2.534405 -2.202652 -28.595968 14.507776 -6.620650 30.044851
-0.184510 0.842100 0.085431 -3.345788 -19.989031 -0.952704 -4.991822 -17.808466 -17.685358 1.471264 -1.749277 57.781836 -4.911848 18.767580 -24.448560 2.777493 -0.367557 -7.888174 4.797312 1.372133 -24.030521 -0.875668 1.311652 80.292985 12.856096 -2.245784 46.917580 -3.357530 2.251445 -20.043766 -1.802839 2.874542 5.902827 -0.808740 6.957677 4.778755 -4.895314 3.389675 7.622612 -7.442652 2.151457 -8.792897 17.443398 -4.172328 -14.455491 -15.451327 -20.349330 9.539303 -47.179778 -15.130116 21.284570 5.935628 -9.509670 -3.025129 -21.358148 9.906721 -21.818466 -33.069437 -18.152277 -21.722575 -28.530639 -6.644358 -10.884674 -3.826775 -4.206650 -21.059126 -36.115008 -7.085308 -6.107878 -35.336742 -8.344426 -15.319158 -20.791002 -9.228273 -8.527080 -30.449810 1.026286 -7.210100 -40.474625 0.117229 -8.637283 -19.365405 -5.372419 -0.194158 -23.701533 3.696132 5.719162 -43.456242 -1.178000 7.020673 -10.566583 -5.689846 -5.016964 1.815512 16.105875 49.351501 2.534405 2.202657 -28.595968 -14.507776 6.620655 30.044851 -8.194834 4.510017 13.044251 82.125245 34.291001 66.848257 -7.121261 24.711210 8.998718 14.746901 -17.391708 -18.254043 33.069437 18.152275 -21.722575 28.530639 6.644356 -10.884674 3.826775 4.206655 -21.059126 36.115008 7.085306 -6.107878 35.336742 8.344431 -15.319158 20.791002 9.228278 -8.527080 30.449810 -1.026281 -7.210100 40.474625 -0.117231 -8.637283 19.365405 5.372431 -0.194158 23.701533 -3.696120 5.719162 43.456242 1.178012 7.020673 10.566583 5.689844 -5.016964 -1.815512 -16.105870 49.351501 -2.534405 -2.202652 -28.595968 14.507776 -6.620650 30.044851
-0.189262 0.837479 0.104731 -2.948364 -24.902833 -2.386812 -7.022835 -13.498862 -13.019826 1.390977 -1.694581 56.708049 -4.734021 19.977015 -25.904435 2.918905 -0.350694 -8.497755 2.183938 6.711777 -32.922775 -0.897845 1.123903 88.483243 11.116191 -0.749829 43.156543 -3.262188 2.248166 -18.735161 -1.435823 2.809430 5.643647 -0.487769 5.295230 4.480503 -3.864742 2.200621 7.654675 -5.768911 5.069943 -6.077860 13.454957 -1.872972 -13.337187 -15.087333 -19.810729 9.948170 -47.831576 -17.117947 21.319186 5.928617 -8.485947 -1.641747 -19.728329 9.402468 -23.485097 -33.069437 -18.152277 -21.722575 -28.530639 -6.644358 -10.884674 -3.826775 -4.206650 -21.059126 -36.115008 -7.085308 -6.107878 -35.336742 -8.344426 -15.319158 -20.791002 -9.228273 -8.527080 -30.449810 1.026286 -7.210100 -40.474625 0.117229 -8.637283 -19.365405 -5.372419 -0.194158 -23.701533 3.696132 5.719162 -43.456242 -1.178000 7.020673 -10.566583 -5.689846 -5.016964 1.815512 16.105875 49.351501 2.534405 2.202657 -28.595968 -14.507776 6.620655 30.044851 -6.361521 2.350810 13.743388 81.172427 31.299665 64.642946 -7.093222 19.315866 6.637533 12.985484 -17.607488 -17.333920 33.069437 18.152275 -21.722575 28.530639 6.644356 -10.884674 3.826775 4.206655 -21.059126 36.115008 7.085306 -6.107878 35.336742 8.344431 -15.319158 20.791002 9.228278 -8.527080 30.449810 -1.026281 -7.210100 40.474625 -0.117231 -8.637283 19.365405 5.372431 -0.194158 23.701533 -3.696120 5.719162 43.456242 1.178012 7.020673 10.566583 5.689844 -5.016964 -1.815512 -16.105870 49.351501 -2.534405 -2.202652 -28.595968 14.507776 -6.620650 30.044851
-0.196519 0.832989 0.125827 -2.588813 -28.812187 -3.566704 -8.252048 -9.337597 -8.974322 1.257091 -1.688605 55.508189 -4.068060 20.471596 -26.585282 3.008990 -0.339260 -9.055715 0.429542 11.496843 -40.236528 -0.843235 0.991029 92.276218 8.423493 -0.125284 37.806579 -3.171221 2.260351 -16.921806 -1.212325 2.580448 5.285206 -0.107056 3.507154 3.849883 -2.941392 0.796355 7.795005 -3.725371 7.713390 -2.466514 9.270535 0.462010 -11.926121 -14.541920 -19.441639 9.499314 -48.193583 -19.236413 21.519481 5.958796 -7.845774 0.063075 -18.044552 9.076231 -24.809841 -33.069437 -18.152277 -21.722575 -28.530639 -6.644358 -10.884674 -3.826775 -4.206650 -21.059126 -36.115008 -7.085308 -6.107878 -35.336742 -8.344426 -15.319158 -20.791002 -9.228273 -8.527080 -30.449810 1.026286 -7.210100 -40.474625 0.117229 -8.637283 -19.365405 -5.372419 -0.194158 -23.701533 3.696132 5.719162 -43.456242 -1.178000 7.020673 -10.566583 -5.689846 -5.016964 1.815512 16.105875 49.351501 2.534405 2.202657 -28.595968 -14.507776 6.620655 30.044851 -5.240119 0.217544 14.533167 79.954160 27.614013 61.643106 -7.175944 14.996270 6.230504 11.634439 -17.028608 -16.667709 33.069437 18.152275 -21.722575 28.530639 6.644356 -10.884674 3.826775 4.206655 -21.059126 36.115008 7.085306 -6.107878 35.336742 8.344431 -15.319158 20.791002 9.228278 -8.527080 30.449810 -1.026281 -7.210100 40.474625 -0.117231 -8.637283 19.365405 5.372431 -0.194158 23.701533 -3.696120 5.719162 43.456242 1.178012 7.020673 10.566583 5.689844 -5.016964 -1.815512 -16.105870 49.351501 -2.534405 -2.202652 -28.595968 14.507776 -6.620650 30.044851
-0.206755 0.829973 0.149167 -2.268696 -31.110819 -4.567972 -8.923760 -6.396388 -5.161911 1.116125 -1.688557 54.065267 -3.060400 20.291094 -26.149492 3.055363 -0.334834 -10.120561 -0.287703 14.764010 -44.627732 -0.761791 1.008186 91.310654 6.010568 -1.119506 31.799640 -3.128721 2.237019 -14.806472 -1.124570 2.043540 4.896357 0.354646 1.640587 3.009141 -2.189332 -0.838021 7.999644 -1.327154 9.831664 1.897859 5.270661 2.697804 -10.282036 -13.967476 -19.049661 8.189119 -48.510452 -21.867907 21.923306 6.014782 -7.704266 2.095405 -16.574106 8.702490 -25.977965 -33.069437 -18.152277 -21.722575 -28.530639 -6.644358 -10.884674 -3.826775 -4.206650 -21.059126 -36.115008 -7.085308 -6.107878 -35.336742 -8.344426 -15.319158 -20.791002 -9.228273 -8.527080 -30.449810 1.026286 -7.210100 -40.474625 0.117229 -8.637283 -19.365405 -5.372419 -0.194158 -23.701533 3.696132 5.719162 -43.456242 -1.178000 7.020673 -10.566583 -5.689846 -5.016964 1.815512 16.105875 49.351501 2.534405 2.202657 -28.595968 -14.507776 6.620655 30.044851 -5.000467 -2.192591 15.339326 79.171742 22.900295 58.003510 -7.440529 11.541615 6.609809 11.409174 -16.101308 -16.548275 33.069437 18.152275 -21.722575 28.530639 6.644356 -10.884674 3.826775 4.206655 -21.059126 36.115008 7.085306 -6.107878 35.336742 8.344431 -15.319158 20.791002 9.228278 -8.527080 30.449810 -1.026281 -7.210100 40.474625 -0.117231 -8.637283 19.365405 5.372431 -0.194158 23.701533 -3.696120 5.719162 43.456242 1.178012 7.020673 10.566583 5.689844 -5.016964 -1.815512 -16.105870 49.351501 -2.534405 -2.202652 -28.595968 14.507776 -6.620650 30.044851
-0.219625 0.828804 0.174506 -2.068018 -31.971457 -5.369966 -9.145294 -4.662319 -1.427624 1.012818 -1.688215 52.364561 -1.860117 19.466301 -24.495422 3.061946 -0.307274 -12.152571 0.171048 16.820320 -45.465414 -0.671882 1.176509 86.189051 4.329747 -3.413234 25.105829 -3.186707 2.173075 -12.788274 -1.054291 1.245187 4.579330 0.807535 -0.119123 2.146936 -1.586546 -2.526840 8.323328 1.175557 11.343567 6.371206 1.878184 4.620127 -8.637910 -13.326269 -18.514079 6.339361 -49.215410 -25.482204 22.415332 6.031322 -8.329242 4.308620 -15.628099 8.130141 -27.475100 -33.069437 -18.152277 -21.722575 -28.530639 -6.644358 -10.884674 -3.826775 -4.206650 -21.059126 -36.115008 -7.085308 -6.107878 -35.336742 -8.344426 -15.319158 -20.791002 -9.228273 -8.527080 -30.449810 1.026286 -7.210100 -40.474625 0.117229 -8.637283 -19.365405 -5.372419 -0.194158 -23.701533 3.696132 5.719162 -43.456242 -1.178000 7.020673 -10.566583 -5.689846 -5.016964 1.815512 16.105875 49.351501 2.534405 2.202657 -28.595968 -14.507776 6.620655 30.044851 -5.612903 -5.023144 15.915331 78.915002 16.940668 53.289143 -7.901292 9.081408 6.302187 12.859168 -15.306247 -17.204815 33.069437 18.152275 -21.722575 28.530639 6.644356 -10.884674 3.826775 4.206655 -21.059126 36.115008 7.085306 -6.107878 35.336742 8.344431 -15.319158 20.791002 9.228278 -8.527080 30.449810 -1.026281 -7.210100 40.474625 -0.117231 -8.637283 19.365405 5.372431 -0.194158 23.701533 -3.696120 5.719162 43.456242 1.178012 7.020673 10.566583 5.689844 -5.016964 -1.815512 -16.105870 49.351501 -2.534405 -2.202652 -28.595968 14.507776 -6.620650 30.044851
-0.233889 0.828776 0.199875 -2.111238 -32.095815 -5.840141 -8.755937 -3.325043 2.094143 0.962302 -1.713009 50.523838 -0.638379 17.939248 -21.941395 3.021720 -0.209404 -15.220254 1.747098 18.674757 -43.367040 -0.606876 1.433816 78.758023 2.642991 -6.641011 17.871316 -3.373624 2.070083 -11.299628 -0.880235 0.383265 4.387095 1.133765 -1.580940 1.482168 -1.036976 -4.033566 8.869778 3.511313 12.416194 10.169007 -0.641083 6.068257 -7.358176 -12.286263 -17.899253 4.308264 -50.617238 -30.195164 22.971507 5.953309 -10.142528 6.734478 -15.580790 7.428141 -29.372703 -33.069437 -18.152277 -21.722575 -28.530639 -6.644358 -10.884674 -3.826775 -4.206650 -21.059126 -36.115008 -7.085308 -6.107878 -35.336742 -8.344426 -15.319158 -20.791002 -9.228273 -8.527080 -30.449810 1.026286 -7.210100 -40.474625 0.117229 -8.637283 -19.365405 -5.372419 -0.194158 -23.701533 3.696132 5.719162 -43.456242 -1.178000 7.020673 -10.566583 -5.689846 -5.016964 1.815512 16.105875 49.351501 2.534405 2.202657 -28.595968 -14.507776 6.620655 30.044851 -6.633526 -7.979796 15.934787 78.718231 9.718296 47.137485 -8.511429 7.739256 4.362501 15.873146 -14.853057 -18.481698 33.069437 18.152275 -21.722575 28.530639 6.644356 -10.884674 3.826775 4.206655 -21.059126 36.115008 7.085306 -6.107878 35.336742 8.344431 -15.319158 20.791002 9.228278 -8.527080 30.449810 -1.026281 -7.210100 40.474625 -0.117231 -8.637283 19.365405 5.372431 -0.194158 23.701533 -3.696120 5.719162 43.456242 1.178012 7.020673 10.566583 5.689844 -5.016964 -1.815512 -16.105870 49.351501 -2.534405 -2.202652 -28.595968 14.507776 -6.620650 30.044851
-0.248069 0.828580 0.222731 -2.413181 -32.206771 -5.766280 -7.722162 -1.858806 5.034705 0.939945 -1.744394 48.766915 0.391404 15.914500 -19.165975 2.911843 -0.031328 -18.827782 4.051188 20.817210 -40.280706 -0.622579 1.709401 71.888759 0.154708 -10.996841 11.070722 -3.638679 1.918671 -10.323170 -0.577437 -0.343508 4.302609 1.312573 -2.680635 1.206630 -0.430877 -5.212777 9.706763 5.478423 13.289078 12.512819 -2.371288 7.067616 -6.858429 -10.504501 -17.461082 2.225954 -52.479448 -35.656102 23.731632 5.739032 -13.497858 9.562314 -16.736328 6.531350 -31.171146 -33.069437 -18.152277 -21.722575 -28.530639 -6.644358 -10.884674 -3.826775 -4.206650 -21.059126 -36.115008 -7.085308 -6.107878 -35.336742 -8.344426 -15.319158 -20.791002 -9.228273 -8.527080 -30.449810 1.026286 -7.210100 -40.474625 0.117229 -8.637283 -19.365405 -5.372419 -0.194158 -23.701533 3.696132 5.719162 -43.456242 -1.178000 7.020673 -10.566583 -5.689846 -5.016964 1.815512 16.105875 49.351501 2.534405 2.202657 -28.595968 -14.507776 6.620655 30.044851 -7.265117 -10.440468 15.129528 77.888499 1.567490 39.935324 -9.122445 7.480555 0.839248 19.402293 -14.703837 -19.717861 33.069437 18.152275 -21.722575 28.530639 6.644356 -10.884674 3.826775 4.206655 -21.059126 36.115008 7.085306 -6.107878 35.336742 8.344431 -15.319158 20.791002 9.228278 -8.527080 30.449810 -1.026281 -7.210100 40.474625 -0.117231 -8.637283 19.365405 5.372431 -0.194158 23.701533 -3.696120 5.719162 43.456242 1.178012 7.020673 10.566583 5.689844 -5.016964 -1.815512 -16.105870 49.351501 -2.534405 -2.202652 -28.595968 14.507776 -6.620650 30.044851
-0.260537 0.827430 0.241966 -2.829646 -32.672023 -4.849413 -6.588666 -0.571930 6.939406 0.914701 -1.715297 47.130204 1.174152 14.015667 -16.845454 2.733791 0.179233 -22.157567 6.006547 22.699808 -38.765357 -0.715247 1.857561 67.650688 -2.202910 -15.491632 6.332555 -3.879477 1.760142 -9.204125 -0.247045 -0.860198 4.305638 1.440796 -3.498065 1.378801 0.320043 -6.059967 10.833356 7.057215 14.176969 12.676498 -3.803695 7.856516 -7.358486 -7.761404 -17.415320 0.051047 -53.967913 -41.320992 24.365687 5.300187 -18.687798 12.741895 -18.808399 5.190735 -32.255637 -33.069437 -18.152277 -21.722575 -28.530639 -6.644358 -10.884674 -3.826775 -4.206650 -21.059126 -36.115008 -7.085308 -6.107878 -35.336742 -8.344426 -15.319158 -20.791002 -9.228273 -8.527080 -30.449810 1.026286 -7.210100 -40.474625 0.117229 -8.637283 -19.365405 -5.372419 -0.194158 -23.701533 3.696132 5.719162 -43.456242 -1.178000 7.020673 -10.566583 -5.689846 -5.016964 1.815512 16.105875 49.351501 2.534405 2.202657 -28.595968 -14.507776 6.620655 30.044851 -6.766233 -11.761412 13.439499 75.908844 -6.887068 32.872621 -9.535812 8.101980 -3.495482 21.968236 -14.688791 -20.127674 33.069437 18.152275 -21.722575 28.530639 6.644356 -10.884674 3.826775 4.206655 -21.059126 36.115008 7.085306 -6.107878 35.336742 8.344431 -15.319158 20.791002 9.228278 -8.527080 30.449810 -1.026281 -7.210100 40.474625 -0.117231 -8.637283 19.365405 5.372431 -0.194158 23.701533 -3.696120 5.719162 43.456242 1.178012 7.020673 10.566583 5.689844 -5.016964 -1.815512 -16.105870 49.351501 -2.534405 -2.202652 -28.595968 14.507776 -6.620650 30.044851
-0.269195 0.825190 0.256072 -3.151247 -33.658138 -2.797891 -6.236608 0.080216 7.515168 0.896891 -1.615959 45.281627 1.862412 13.051558 -15.397396 2.507456 0.358301 -24.599763 6.289757 23.575234 -40.635930 -0.791431 1.739051 66.115808 -2.632120 -17.802018 4.321908 -3.971104 1.697557 -7.445989 -0.042708 -1.183218 4.394736 1.601869 -4.128259 1.909637 1.285422 -6.624311 12.118538 8.470212 15.232192 10.264486 -5.671860 8.790900 -8.662223 -3.923881 -17.687524 -2.176915 -53.899878 -46.638831 23.535550 4.482793 -25.964477 15.734712 -20.795464 3.462683 -32.537904 -33.069437 -18.152277 -21.722575 -28.530639 -6.644358 -10.884674 -3.826775 -4.206650 -21.059126 -36.115008 -7.085308 -6.107878 -35.336742 -8.344426 -15.319158 -20.791002 -9.228273 -8.527080 -30.449810 1.026286 -7.210100 -40.474625 0.117229 -8.637283 -19.365405 -5.372419 -0.194158 -23.701533 3.696132 5.719162 -43.456242 -1.178000 7.020673 -10.566583 -5.689846 -5.016964 1.815512 16.105875 49.351501 2.534405 2.202657 -28.595968 -14.507776 6.620655 30.044851 -5.085457 -11.658044 11.121520 72.891239 -14.692397 27.406440 -9.673047 9.065057 -7.899993 22.593965 -14.515386 -19.726884 33.069437 18.152275 -21.722575 28.530639 6.644356 -10.884674 3.826775 4.206655 -21.059126 36.115008 7.085306 -6.107878 35.336742 8.344431 -15.319158 20.791002 9.228278 -8.527080 30.449810 -1.026281 -7.210100 40.474625 -0.117231 -8.637283 19.365405 5.372431 -0.194158 23.701533 -3.696120 5.719162 43.456242 1.178012 7.020673 10.566583 5.689844 -5.016964 -1.815512 -16.105870 49.351501 -2.534405 -2.202652 -28.595968 14.507776 -6.620650 30.044851
-0.273630 0.822340 0.266486 -3.210770 -35.353248 0.449002 -7.117632 0.124462 6.865328 0.929536 -1.435341 42.701660 2.532765 13.504536 -14.907947 2.249795 0.471368 -25.761937 4.617368 23.230610 -45.678253 -0.795560 1.377180 65.994579 -0.586473 -16.869390 4.008276 -3.850365 1.773885 -5.672536 -0.067177 -1.328128 4.529487 1.763371 -4.538638 2.619824 2.488538 -6.916404 13.283933 10.010867 16.479576 5.591349 -8.612532 10.189893 -10.270310 0.753970 -18.060998 -4.234402 -51.192322 -50.946419 19.806372 3.180496 -34.916853 17.902646 -21.672405 1.894157 -32.584029 -33.069437 -18.152277 -21.722575 -28.530639 -6.644358 -10.884674 -3.826775 -4.206650 -21.059126 -36.115008 -7.085308 -6.107878 -35.336742 -8.344426 -15.319158 -20.791002 -9.228273 -8.527080 -30.449810 1.026286 -7.210100 -40.474625 0.117229 -8.637283 -19.365405 -5.372419 -0.194158 -23.701533 3.696132 5.719162 -43.456242 -1.178000 7.020673 -10.566583 -5.689846 -5.016964 1.815512 16.105875 49.351501 2.534405 2.202657 -28.595968 -14.507776 6.620655 30.044851 -3.113024 -10.575241 8.758854 69.750097 -20.521806 24.523909 -9.666229 9.507332 -11.949947 21.438226 -14.069251 -19.733345 33.069437 18.152275 -21.722575 28.530639 6.644356 -10.884674 3.826775 4.206655 -21.059126 36.115008 7.085306 -6.107878 35.336742 8.344431 -15.319158 20.791002 9.228278 -8.527080 30.449810 -1.026281 -7.210100 40.474625 -0.117231 -8.637283 19.365405 5.372431 -0.194158 23.701533 -3.696120 5.719162 43.456242 1.178012 7.020673 10.566583 5.689844 -5.016964 -1.815512 -16.105870 49.351501 -2.534405 -2.202652 -28.595968 14.507776 -6.620650 30.044851
-0.275066 0.818717 0.276225 -2.943033 -37.708591 4.612770 -9.043399 -0.347388 5.453546 1.028435 -1.150126 39.084678 3.111084 15.157620 -15.034141 1.952391 0.517239 -25.118827 1.888284 21.823673 -52.091052 -0.751065 0.920644 65.784817 2.825609 -13.340907 4.038046 -3.577459 1.961544 -4.946069 -0.323480 -1.334849 4.635410 1.878794 -4.622683 3.293298 3.855801 -6.952495 14.050978 11.721438 17.897830 -0.495787 -12.704732 12.135391 -11.753179 5.398233 -18.515425 -5.799316 -45.849796 -53.443796 13.401868 1.494766 -44.200648 19.082177 -21.125029 1.076037 -32.872246 -33.069437 -18.152277 -21.722575 -28.530639 -6.644358 -10.884674 -3.826775 -4.206650 -21.059126 -36.115008 -7.085308 -6.107878 -35.336742 -8.344426 -15.319158 -20.791002 -9.228273 -8.527080 -30.449810 1.026286 -7.210100 -40.474625 0.117229 -8.637283 -19.365405 -5.372419 -0.194158 -23.701533 3.696132 5.719162 -43.456242 -1.178000 7.020673 -10.566583 -5.689846 -5.016964 1.815512 16.105875 49.351501 2.534405 2.202657 -28.595968 -14.507776 6.620655 30.044851 -1.839071 -9.411001 6.842535 67.502657 -23.468452 24.116262 -9.689802 8.846470 -15.113243 19.531097 -13.512748 -21.303309 33.069437 18.152275 -21.722575 28.530639 6.644356 -10.884674 3.826775 4.206655 -21.059126 36.115008 7.085306 -6.107878 35.336742 8.344431 -15.319158 20.791002 9.228278 -8.527080 30.449810 -1.026281 -7.210100 40.474625 -0.117231 -8.637283 19.365405 5.372431 -0.194158 23.701533 -3.696120 5.719162 43.456242 1.178012 7.020673 10.566583 5.689844 -5.016964 -1.815512 -16.105870 49.351501 -2.534405 -2.202652 -28.595968 14.507776 -6.620650 30.044851
-0.276266 0.815485 0.287539 -2.391800 -40.167309 9.138824 -11.430229 -1.405213 3.742151 1.147808 -0.808193 34.891386 3.638326 17.158230 -14.892949 1.605186 0.527840 -22.821404 -0.569146 19.611497 -57.725672 -0.686567 0.549184 64.563702 5.176133 -8.886360 3.040506 -3.321862 2.225422 -5.453425 -0.695913 -1.333332 4.701953 2.002204 -4.432804 3.738337 5.202161 -6.859249 14.395573 13.067893 19.560046 -7.222268 -17.109156 14.272181 -13.033592 8.913399 -19.138734 -6.653876 -39.854854 -53.763244 6.808923 -0.308107 -52.357110 19.749489 -19.798130 0.990872 -33.309327 -33.069437 -18.152277 -21.722575 -28.530639 -6.644358 -10.884674 -3.826775 -4.206650 -21.059126 -36.115008 -7.085308 -6.107878 -35.336742 -8.344426 -15.319158 -20.791002 -9.228273 -8.527080 -30.449810 1.026286 -7.210100 -40.474625 0.117229 -8.637283 -19.365405 -5.372419 -0.194158 -23.701533 3.696132 5.719162 -43.456242 -1.178000 7.020673 -10.566583 -5.689846 -5.016964 1.815512 16.105875 49.351501 2.534405 2.202657 -28.595968 -14.507776 6.620655 30.044851 -1.231619 -8.559365 5.285116 66.193460 -23.956244 25.090387 -9.756660 7.418735 -16.725907 17.991073 -12.767588 -23.996606 33.069437 18.152275 -21.722575 28.530639 6.644356 -10.884674 3.826775 4.206655 -21.059126 36.115008 7.085306 -6.107878 35.336742 8.344431 -15.319158 20.791002 9.228278 -8.527080 30.449810 -1.026281 -7.210100 40.474625 -0.117231 -8.637283 19.365405 5.372431 -0.194158 23.701533 -3.696120 5.719162 43.456242 1.178012 7.020673 10.566583 5.689844 -5.016964 -1.815512 -16.105870 49.351501 -2.534405 -2.202652 -28.595968 14.507776 -6.620650 30.044851
-0.278926 0.815329 0.301498 -1.692911 -42.055470 13.442659 -13.519672 -2.822211 1.554292 1.225636 -0.497973 31.794319 4.014369 18.368936 -13.129592 1.232613 0.543194 -20.242966 -1.811120 17.146120 -61.199895 -0.632018 0.395409 62.172917 4.154597 -5.899710 0.012976 -3.307376 2.522385 -6.276259 -0.999538 -1.424994 4.803603 2.228873 -4.181228 3.919256 6.364512 -6.815386 14.581453 13.137670 21.565416 -14.295092 -20.513184 15.950352 -14.314214 10.585364 -19.876155 -6.728716 -35.751669 -52.460683 2.813770 -1.909029 -58.627763 20.443163 -18.714327 1.216582 -33.544015 -33.069437 -18.152277 -21.722575 -28.530639 -6.644358 -10.884674 -3.826775 -4.206650 -21.059126 -36.115008 -7.085308 -6.107878 -35.336742 -8.344426 -15.319158 -20.791002 -9.228273 -8.527080 -30.449810 1.026286 -7.210100 -40.474625 0.117229 -8.637283 -19.365405 -5.372419 -0.194158 -23.701533 3.696132 5.719162 -43.456242 -1.178000 7.020673 -10.566583 -5.689846 -5.016964 1.815512 16.105875 49.351501 2.534405 2.202657 -28.595968 -14.507776 6.620655 30.044851 -0.287258 -7.605406 3.569454 64.827907 -23.151614 26.170652 -9.762034 6.276646 -16.552190 17.256328 -11.545449 -26.263691 33.069437 18.152275 -21.722575 28.530639 6.644356 -10.884674 3.826775 4.206655 -21.059126 36.115008 7.085306 -6.107878 35.336742 8.344431 -15.319158 20.791002 9.228278 -8.527080 30.449810 -1.026281 -7.210100 40.474625 -0.117231 -8.637283 19.365405 5.372431 -0.194158 23.701533 -3.696120 5.719162 43.456242 1.178012 7.020673 10.566583 5.689844 -5.016964 -1.815512 -16.105870 49.351501 -2.534405 -2.202652 -28.595968 14.507776 -6.620650 30.044851
-0.283537 0.819867 0.318115 -1.142814 -43.196624 17.328029 -14.686695 -4.070920 -2.329848 1.292596 -0.242749 32.373693 3.605479 17.909039 -8.308164 0.859444 0.572659 -18.809383 -2.062376 15.287714 -62.787422 -0.658645 0.446868 58.925599 0.898450 -5.858831 -2.850338 -3.670456 2.855274 -6.084292 -1.129179 -1.514503 4.972344 2.571928 -3.974246 4.046501 7.361816 -6.836819 14.831387 11.507341 23.806033 -21.802766 -22.335212 16.746636 -15.791457 10.479061 -20.672856 -5.976070 -34.398977 -50.424152 2.336155 -2.886657 -62.862566 20.878684 -18.253496 1.731865 -33.211327 -33.069437 -18.152277 -21.722575 -28.530639 -6.644358 -10.884674 -3.826775 -4.206650 -21.059126 -36.115008 -7.085308 -6.107878 -35.336742 -8.344426 -15.319158 -20.791002 -9.228273 -8.527080 -30.449810 1.026286 -7.210100 -40.474625 0.117229 -8.637283 -19.365405 -5.372419 -0.194158 -23.701533 3.696132 5.719162 -43.456242 -1.178000 7.020673 -10.566583 -5.689846 -5.016964 1.815512 16.105875 49.351501 2.534405 2.202657 -28.595968 -14.507776 6.620655 30.044851 1.888303 -5.929483 1.336887 62.644685 -21.711762 26.654383 -9.663403 6.281926 -15.298982 16.733856 -10.030199 -27.268767 33.069437 18.152275 -21.722575 28.530639 6.644356 -10.884674 3.826775 4.206655 -21.059126 36.115008 7.085306 -6.107878 35.336742 8.344431 -15.319158 20.791002 9.228278 -8.527080 30.449810 -1.026281 -7.210100 40.474625 -0.117231 -8.637283 19.365405 5.372431 -0.194158 23.701533 -3.696120 5.719162 43.456242 1.178012 7.020673 10.566583 5.689844 -5.016964 -1.815512 -16.105870 49.351501 -2.534405 -2.202652 -28.595968 14.507776 -6.620650 30.044851
-0.289744 0.828094 0.336496 -1.026587 -43.869988 20.877044 -14.793905 -4.830034 -9.166396 1.430791 -0.080928 38.677131 1.820995 15.450478 -0.387505 0.488510 0.583007 -18.527964 -2.316039 14.585660 -63.735377 -0.770606 0.590117 55.576286 -0.979092 -7.558319 -2.214797 -4.322616 3.300828 -4.652689 -1.153666 -1.432794 5.170878 2.950272 -3.686872 4.375742 8.258680 -6.741251 15.049617 8.745412 25.815829 -29.381749 -23.047982 16.646915 -17.420056 9.270365 -21.664709 -4.443573 -35.078158 -48.258945 4.831614 -2.637141 -64.661907 20.064941 -18.138069 2.682853 -32.135767 -33.069437 -18.152277 -21.722575 -28.530639 -6.644358 -10.884674 -3.826775 -4.206650 -21.059126 -36.115008 -7.085308 -6.107878 -35.336742 -8.344426 -15.319158 -20.791002 -9.228273 -8.527080 -30.449810 1.026286 -7.210100 -40.474625 0.117229 -8.637283 -19.365405 -5.372419 -0.194158 -23.701533 3.696132 5.719162 -43.456242 -1.178000 7.020673 -10.566583 -5.689846 -5.016964 1.815512 16.105875 49.351501 2.534405 2.202657 -28.595968 -14.507776 6.620655 30.044851 5.111329 -3.255477 -1.129131 59.947600 -19.587266 26.708830 -9.503218 7.523763 -14.293632 15.371983 -8.859805 -27.490876 33.069437 18.152275 -21.722575 28.530639 6.644356 -10.884674 3.826775 4.206655 -21.059126 36.115008 7.085306 -6.107878 35.336742 8.344431 -15.319158 20.791002 9.228278 -8.527080 30.449810 -1.026281 -7.210100 40.474625 -0.117231 -8.637283 19.365405 5.372431 -0.194158 23.701533 -3.696120 5.719162 43.456242 1.178012 7.020673 10.566583 5.689844 -5.016964 -1.815512 -16.105870 49.351501 -2.534405 -2.202652 -28.595968 14.507776 -6.620650 30.044851
-0.296378 0.836606 0.354563 -1.176203 -44.289645 23.710850 -14.279158 -5.188277 -18.669339 1.594586 -0.190792 50.829066 -0.911280 11.118683 7.784937 0.182063 0.491626 -18.271777 -3.046732 14.683803 -64.483324 -0.817463 0.727015 53.304142 -0.934911 -9.243634 0.223182 -4.982855 3.877050 -3.296979 -1.267679 -1.235292 5.404896 3.271156 -3.111866 4.955486 8.907923 -6.327539 14.891349 6.053762 26.970569 -35.643042 -23.465897 15.907909 -18.826177 7.570086 -22.872955 -2.286939 -36.858648 -46.425900 9.657461 -0.987615 -63.068165 17.644727 -18.182083 3.825025 -30.560930 -33.069437 -18.152277 -21.722575 -28.530639 -6.644358 -10.884674 -3.826775 -4.206650 -21.059126 -36.115008 -7.085308 -6.107878 -35.336742 -8.344426 -15.319158 -20.791002 -9.228273 -8.527080 -30.449810 1.026286 -7.210100 -40.474625 0.117229 -8.637283 -19.365405 -5.372419 -0.194158 -23.701533 3.696132 5.719162 -43.456242 -1.178000 7.020673 -10.566583 -5.689846 -5.016964 1.815512 16.105875 49.351501 2.534405 2.202657 -28.595968 -14.507776 6.620655 30.044851 8.268665 0.138642 -2.984583 57.626934 -16.429819 27.090393 -9.322464 9.396751 -14.146382 12.795485 -8.540309 -27.844782 33.069437 18.152275 -21.722575 28.530639 6.644356 -10.884674 3.826775 4.206655 -21.059126 36.115008 7.085306 -6.107878 35.336742 8.344431 -15.319158 20.791002 9.228278 -8.527080 30.449810 -1.026281 -7.210100 40.474625 -0.117231 -8.637283 19.365405 5.372431 -0.194158 23.701533 -3.696120 5.719162 43.456242 1.178012 7.020673 10.566583 5.689844 -5.016964 -1.815512 -16.105870 49.351501 -2.534405 -2.202652 -28.595968 14.507776 -6.620650 30.044851
-0.303571 0.842483 0.371988 -1.038896 -44.392214 24.963660 -13.671711 -5.411591 -29.346762 1.628942 -0.679588 66.925308 -3.250912 6.114381 12.821344 0.135531 0.269303 -17.588314 -3.889267 14.578406 -64.346625 -0.669913 0.822029 52.817300 -0.522567 -10.174261 1.122480 -5.350203 4.477226 -2.898449 -1.645514 -1.162516 5.663401 3.490878 -2.177332 5.699365 9.036123 -5.481900 14.121070 4.375257 26.862570 -39.081099 -24.058238 14.895416 -19.518942 5.420318 -23.761133 0.432855 -39.554920 -45.359584 16.675828 1.040139 -57.528611 14.846217 -18.403217 4.949103 -28.978549 -33.069437 -18.152277 -21.722575 -28.530639 -6.644358 -10.884674 -3.826775 -4.206650 -21.059126 -36.115008 -7.085308 -6.107878 -35.336742 -8.344426 -15.319158 -20.791002 -9.228273 -8.527080 -30.449810 1.026286 -7.210100 -40.474625 0.117229 -8.637283 -19.365405 -5.372419 -0.194158 -23.701533 3.696132 5.719162 -43.456242 -1.178000 7.020673 -10.566583 -5.689846 -5.016964 1.815512 16.105875 49.351501 2.534405 2.202657 -28.595968 -14.507776 6.620655 30.044851 10.537641 3.586146 -3.541037 56.219393 -11.893522 28.171556 -9.048912 10.987236 -14.297455 9.824599 -9.082824 -28.657343 33.069437 18.152275 -21.722575 28.530639 6.644356 -10.884674 3.826775 4.206655 -21.059126 36.115008 7.085306 -6.107878 35.336742 8.344431 -15.319158 20.791002 9.228278 -8.527080 30.449810 -1.026281 -7.210100 40.474625 -0.117231 -8.637283 19.365405 5.372431 -0.194158 23.701533 -3.696120 5.719162 43.456242 1.178012 7.020673 10.566583 5.689844 -5.016964 -1.815512 -16.105870 49.351501 -2.534405 -2.202652 -28.595968 14.507776 -6.620650 30.044851
-0.312424 0.845048 0.389550 -0.237848 -44.039534 24.167123 -13.121771 -5.775476 -39.909840 1.462999 -1.409188 83.477110 -3.772427 3.492504 14.371714 0.512257 0.037425 -16.908673 -4.293788 13.506654 -62.504605 -0.371892 0.873201 53.646478 -0.434022 -10.327913 -0.379776 -5.340327 4.955728 -3.233070 -2.301481 -1.392803 5.803686 3.589226 -1.004493 6.453745 8.548057 -4.253300 12.975870 3.671392 25.454731 -39.406080 -24.599828 13.816150 -19.413727 2.737845 -23.374168 3.724521 -43.637836 -44.826389 25.747009 2.651890 -49.106370 12.664602 -18.577288 6.624125 -27.610422 -33.069437 -18.152277 -21.722575 -28.530639 -6.644358 -10.884674 -3.826775 -4.206650 -21.059126 -36.115008 -7.085308 -6.107878 -35.336742 -8.344426 -15.319158 -20.791002 -9.228273 -8.527080 -30.449810 1.026286 -7.210100 -40.474625 0.117229 -8.637283 -19.365405 -5.372419 -0.194158 -23.701533 3.696132 5.719162 -43.456242 -1.178000 7.020673 -10.566583 -5.689846 -5.016964 1.815512 16.105875 49.351501 2.534405 2.202657 -28.595968 -14.507776 6.620655 30.044851 11.917618 6.486244 -2.972640 55.469370 -5.940561 29.602125 -8.561593 11.779825 -14.235497 7.757451 -9.906360 -29.535596 33.069437 18.152275 -21.722575 28.530639 6.644356 -10.884674 3.826775 4.206655 -21.059126 36.115008 7.085306 -6.107878 35.336742 8.344431 -15.319158 20.791002 9.228278 -8.527080 30.449810 -1.026281 -7.210100 40.474625 -0.117231 -8.637283 19.365405 5.372431 -0.194158 23.701533 -3.696120 5.719162 43.456242 1.178012 7.020673 10.566583 5.689844 -5.016964 -1.815512 -16.105870 49.351501 -2.534405 -2.202652 -28.595968 14.507776 -6.620650 30.044851
-0.323430 0.846250 0.409074 1.010602 -43.201982 21.867669 -12.271579 -6.676029 -49.548996 1.178515 -2.123326 96.627608 -1.962678 5.120554 14.506079 1.194309 -0.059666 -16.375320 -4.179625 11.494965 -58.803387 -0.048981 0.898493 54.542319 -0.444815 -10.002106 -3.194534 -5.150449 5.259658 -3.901057 -3.049312 -1.877582 5.711204 3.554851 0.255131 6.884904 7.652223 -2.856376 11.998679 3.258994 23.055490 -37.420137 -24.456899 12.640285 -18.934101 0.071220 -21.218137 7.361185 -49.153053 -43.634036 35.721370 3.987876 -39.903298 10.787770 -18.332976 9.708495 -26.133516 -33.069437 -18.152277 -21.722575 -28.530639 -6.644358 -10.884674 -3.826775 -4.206650 -21.059126 -36.115008 -7.085308 -6.107878 -35.336742 -8.344426 -15.319158 -20.791002 -9.228273 -8.527080 -30.449810 1.026286 -7.210100 -40.474625 0.117229 -8.637283 -19.365405 -5.372419 -0.194158 -23.701533 3.696132 5.719162 -43.456242 -1.178000 7.020673 -10.566583 -5.689846 -5.016964 1.815512 16.105875 49.351501 2.534405 2.202657 -28.595968 -14.507776 6.620655 30.044851 12.607431 8.377537 -2.252887 54.805534 0.908827 31.109408 -7.977465 12.056755 -13.946830 7.157090 -10.302942 -29.883218 33.069437 18.152275 -21.722575 28.530639 6.644356 -10.884674 3.826775 4.206655 -21.059126 36.115008 7.085306 -6.107878 35.336742 8.344431 -15.319158 20.791002 9.228278 -8.527080 30.449810 -1.026281 -7.210100 40.474625 -0.117231 -8.637283 19.365405 5.372431 -0.194158 23.701533 -3.696120 5.719162 43.456242 1.178012 7.020673 10.566583 5.689844 -5.016964 -1.815512 -16.105870 49.351501 -2.534405 -2.202652 -28.595968 14.507776 -6.620650 30.044851
-0.335989 0.850176 0.432597 2.194184 -42.011268 18.908422 -10.543806 -8.296977 -57.446167 0.915939 -2.619553 103.901780 1.036313 8.408553 14.834075 1.868207 -0.065362 -15.692966 -3.900040 9.087474 -53.547624 0.222915 0.912379 54.601885 -0.266034 -9.344700 -5.786516 -4.955690 5.429217 -4.846228 -3.627913 -2.348531 5.434342 3.402124 1.577073 6.737098 6.636581 -1.457683 11.447737 2.820959 20.110210 -33.866591 -23.478488 11.330467 -18.371191 -1.814274 -17.771446 10.942171 -55.092398 -40.799934 44.268379 5.292664 -30.953841 8.634055 -17.587720 13.803535 -24.339772 -33.069437 -18.152277 -21.722575 -28.530639 -6.644358 -10.884674 -3.826775 -4.206650 -21.059126 -36.115008 -7.085308 -6.107878 -35.336742 -8.344426 -15.319158 -20.791002 -9.228273 -8.527080 -30.449810 1.026286 -7.210100 -40.474625 0.117229 -8.637283 -19.365405 -5.372419 -0.194158 -23.701533 3.696132 5.719162 -43.456242 -1.178000 7.020673 -10.566583 -5.689846 -5.016964 1.815512 16.105875 49.351501 2.534405 2.202657 -28.595968 -14.507776 6.620655 30.044851 12.532151 9.025428 -2.150281 54.132634 7.837918 32.659796 -7.575829 12.287124 -13.139196 7.587407 -10.124913 -29.579401 33.069437 18.152275 -21.722575 28.530639 6.644356 -10.884674 3.826775 4.206655 -21.059126 36.115008 7.085306 -6.107878 35.336742 8.344431 -15.319158 20.791002 9.228278 -8.527080 30.449810 -1.026281 -7.210100 40.474625 -0.117231 -8.637283 19.365405 5.372431 -0.194158 23.701533 -3.696120 5.719162 43.456242 1.178012 7.020673 10.566583 5.689844 -5.016964 -1.815512 -16.105870 49.351501 -2.534405 -2.202652 -28.595968 14.507776 -6.620650 30.044851
-0.348763 0.858673 0.461152 3.005057 -40.775312 15.670474 -7.824764 -10.239223 -62.636578 0.810139 -2.843911 104.396887 3.291042 9.860535 15.155076 2.245734 -0.107238 -14.729841 -3.883485 6.824680 -46.993440 0.402800 0.917311 53.547034 0.223897 -8.208785 -7.133347 -4.782976 5.500825 -6.198146 -3.901098 -2.456140 5.090471 3.177411 2.980731 6.083747 5.674010 -0.070109 11.187859 2.501362 16.989743 -29.142768 -22.081790 9.953091 -17.587409 -2.580923 -13.867146 14.109516 -60.350117 -36.362183 49.202374 6.547178 -22.439730 6.215991 -16.833944 17.419287 -22.658927 -33.069437 -18.152277 -21.722575 -28.530639 -6.644358 -10.884674 -3.826775 -4.206650 -21.059126 -36.115008 -7.085308 -6.107878 -35.336742 -8.344426 -15.319158 -20.791002 -9.228273 -8.527080 -30.449810 1.026286 -7.210100 -40.474625 0.117229 -8.637283 -19.365405 -5.372419 -0.194158 -23.701533 3.696132 5.719162 -43.456242 -1.178000 7.020673 -10.566583 -5.689846 -5.016964 1.815512 16.105875 49.351501 2.534405 2.202657 -28.595968 -14.507776 6.620655 30.044851 11.494940 8.610631 -2.662268 53.792507 14.201830 33.966872 -7.450715 12.482214 -11.452728 8.345057 -9.713742 -29.108921 33.069437 18.152275 -21.722575 28.530639 6.644356 -10.884674 3.826775 4.206655 -21.059126 36.115008 7.085306 -6.107878 35.336742 8.344431 -15.319158 20.791002 9.228278 -8.527080 30.449810 -1.026281 -7.210100 40.474625 -0.117231 -8.637283 19.365405 5.372431 -0.194158 23.701533 -3.696120 5.719162 43.456242 1.178012 7.020673 10.566583 5.689844 -5.016964 -1.815512 -16.105870 49.351501 -2.534405 -2.202652 -28.595968 14.507776 -6.620650 30.044851
-0.361770 0.870612 0.494820 3.456795 -39.768771 12.209476 -4.696571 -12.139976 -64.139697 0.928479 -2.875336 97.985484 3.981329 9.008961 14.908995 2.224946 -0.194432 -13.641713 -4.409430 4.988739 -39.233368 0.473071 0.937180 51.245120 1.144829 -6.359348 -6.925524 -4.653185 5.473347 -7.929095 -3.916018 -1.985417 4.756113 2.971928 4.454638 5.107559 4.878456 1.370849 11.036853 2.410057 13.905311 -23.528117 -20.610541 8.533661 -16.331404 -1.970835 -10.065852 16.419973 -64.646928 -30.809724 50.056455 7.575481 -15.317578 4.194946 -17.140843 19.548776 -21.535704 -33.069437 -18.152277 -21.722575 -28.530639 -6.644358 -10.884674 -3.826775 -4.206650 -21.059126 -36.115008 -7.085308 -6.107878 -35.336742 -8.344426 -15.319158 -20.791002 -9.228273 -8.527080 -30.449810 1.026286 -7.210100 -40.474625 0.117229 -8.637283 -19.365405 -5.372419 -0.194158 -23.701533 3.696132 5.719162 -43.456242 -1.178000 7.020673 -10.566583 -5.689846 -5.016964 1.815512 16.105875 49.351501 2.534405 2.202657 -28.595968 -14.507776 6.620655 30.044851 9.529137 7.593943 -3.370567 53.849601 19.648667 34.325696 -7.433300 12.339163 -8.847829 9.035336 -9.366728 -28.612970 33.069437 18.152275 -21.722575 28.530639 6.644356 -10.884674 3.826775 4.206655 -21.059126 36.115008 7.085306 -6.107878 35.336742 8.344431 -15.319158 20.791002 9.228278 -8.527080 30.449810 -1.026281 -7.210100 40.474625 -0.117231 -8.637283 19.365405 5.372431 -0.194158 23.701533 -3.696120 5.719162 43.456242 1.178012 7.020673 10.566583 5.689844 -5.016964 -1.815512 -16.105870 49.351501 -2.534405 -2.202652 -28.595968 14.507776 -6.620650 30.044851
-0.374719 0.883323 0.533893 3.723187 -39.173564 8.586401 -1.768565 -14.329605 -61.465446 1.239556 -2.782644 85.331158 3.840563 7.362250 14.514695 1.924310 -0.222061 -12.712654 -5.577661 3.629210 -30.488424 0.466041 1.001547 47.769704 2.700614 -4.054008 -5.311028 -4.608832 5.341402 -9.681445 -3.788006 -0.996857 4.434308 2.875394 6.027843 3.910973 4.333352 2.945774 10.956286 2.416217 10.975024 -17.401316 -19.112737 6.982812 -14.526911 0.400293 -6.647896 17.459138 -68.145603 -24.282966 48.079218 8.309072 -11.139660 3.437906 -19.340300 20.264060 -20.798904 -33.069437 -18.152277 -21.722575 -28.530639 -6.644358 -10.884674 -3.826775 -4.206650 -21.059126 -36.115008 -7.085308 -6.107878 -35.336742 -8.344426 -15.319158 -20.791002 -9.228273 -8.527080 -30.449810 1.026286 -7.210100 -40.474625 0.117229 -8.637283 -19.365405 -5.372419 -0.194158 -23.701533 3.696132 5.719162 -43.456242 -1.178000 7.020673 -10.566583 -5.689846 -5.016964 1.815512 16.105875 49.351501 2.534405 2.202657 -28.595968 -14.507776 6.620655 30.044851 6.998517 6.470425 -4.072918 53.892344 24.053183 33.045302 -7.352444 11.721707 -5.467537 9.527524 -9.100910 -27.538411 33.069437 18.152275 -21.722575 28.530639 6.644356 -10.884674 3.826775 4.206655 -21.059126 36.115008 7.085306 -6.107878 35.336742 8.344431 -15.319158 20.791002 9.228278 -8.527080 30.449810 -1.026281 -7.210100 40.474625 -0.117231 -8.637283 19.365405 5.372431 -0.194158 23.701533 -3.696120 5.719162 43.456242 1.178012 7.020673 10.566583 5.689844 -5.016964 -1.815512 -16.105870 49.351501 -2.534405 -2.202652 -28.595968 14.507776 -6.620650 30.044851
-0.388113 0.894057 0.576553 3.972227 -39.238488 4.880209 0.782215 -17.385568 -55.411016 1.618246 -2.575812 68.977944 3.693756 6.409739 14.682448 1.551949 -0.116486 -12.059919 -7.230869 2.754406 -21.515062 0.401692 1.100640 44.069528 4.733885 -2.652187 -2.422578 -4.660656 5.081055 -10.970642 -3.580415 0.266749 4.091168 2.863649 7.750963 2.686422 4.001923 4.720237 10.970664 2.170437 8.412733 -11.452235 -17.523678 5.336771 -12.368204 4.438519 -3.735790 17.137938 -70.747154 -16.437695 44.650231 8.794202 -10.336341 4.349672 -23.022732 20.055624 -19.987447 -33.069437 -18.152277 -21.722575 -28.530639 -6.644358 -10.884674 -3.826775 -4.206650 -21.059126 -36.115008 -7.085308 -6.107878 -35.336742 -8.344426 -15.319158 -20.791002 -9.228273 -8.527080 -30.449810 1.026286 -7.210100 -40.474625 0.117229 -8.637283 -19.365405 -5.372419 -0.194158 -23.701533 3.696132 5.719162 -43.456242 -1.178000 7.020673 -10.566583 -5.689846 -5.016964 1.815512 16.105875 49.351501 2.534405 2.202657 -28.595968 -14.507776 6.620655 30.044851 4.308602 5.719535 -4.940409 53.623726 27.575887 30.126025 -7.206646 10.829787 -1.580608 9.726285 -8.858241 -25.710034 33.069437 18.152275 -21.722575 28.530639 6.644356 -10.884674 3.826775 4.206655 -21.059126 36.115008 7.085306 -6.107878 35.336742 8.344431 -15.319158 20.791002 9.228278 -8.527080 30.449810 -1.026281 -7.210100 40.474625 -0.117231 -8.637283 19.365405 5.372431 -0.194158 23.701533 -3.696120 5.719162 43.456242 1.178012 7.020673 10.566583 5.689844 -5.016964 -1.815512 -16.105870 49.351501 -2.534405 -2.202652 -28.595968 14.507776 -6.620650 30.044851
-0.402448 0.900258 0.620521 4.301825 -40.242639 1.173445 2.670805 -21.022090 -47.833963 1.936289 -2.304203 53.686223 3.402831 6.833286 15.108978 1.264815 0.089744 -11.445905 -8.932750 2.467053 -13.590101 0.219601 1.154195 41.993987 6.147244 -4.021606 2.049342 -4.808461 4.656368 -11.495278 -3.323931 1.578562 3.747167 2.791385 9.579561 1.828476 3.707429 6.668637 11.011474 1.363254 6.608579 -6.449620 -15.713605 3.875124 -10.281896 9.222026 -1.488098 15.612339 -72.010425 -6.883305 40.293680 9.015432 -11.752882 6.497132 -26.744145 19.348542 -18.817858 -33.069437 -18.152277 -21.722575 -28.530639 -6.644358 -10.884674 -3.826775 -4.206650 -21.059126 -36.115008 -7.085308 -6.107878 -35.336742 -8.344426 -15.319158 -20.791002 -9.228273 -8.527080 -30.449810 1.026286 -7.210100 -40.474625 0.117229 -8.637283 -19.365405 -5.372419 -0.194158 -23.701533 3.696132 5.719162 -43.456242 -1.178000 7.020673 -10.566583 -5.689846 -5.016964 1.815512 16.105875 49.351501 2.534405 2.202657 -28.595968 -14.507776 6.620655 30.044851 1.491038 5.714999 -6.058361 53.464689 30.775353 26.543321 -7.076297 9.920996 2.430665 9.528611 -8.807711 -23.772581 33.069437 18.152275 -21.722575 28.530639 6.644356 -10.884674 3.826775 4.206655 -21.059126 36.115008 7.085306 -6.107878 35.336742 8.344431 -15.319158 20.791002 9.228278 -8.527080 30.449810 -1.026281 -7.210100 40.474625 -0.117231 -8.637283 19.365405 5.372431 -0.194158 23.701533 -3.696120 5.719162 43.456242 1.178012 7.020673 10.566583 5.689844 -5.016964 -1.815512 -16.105870 49.351501 -2.534405 -2.202652 -28.595968 14.507776 -6.620650 30.044851
-0.417644 0.901401 0.661133 4.698980 -42.131715 -2.259629 3.133687 -23.485111 -40.467085 2.132088 -2.062879 43.669190 2.546362 8.289591 14.302052 1.127932 0.283162 -10.643067 -10.232062 2.818255 -7.971753 -0.128324 1.126813 43.123574 5.656014 -8.249923 8.904587 -5.010599 4.082202 -11.148673 -3.085551 2.794431 3.509628 2.504085 11.285189 1.590493 3.221307 8.575407 10.902978 -0.054458 5.892366 -2.840088 -13.458154 2.869775 -8.699904 13.325597 -0.050336 13.066705 -71.597513 4.227200 35.031070 9.026118 -13.413881 8.756568 -29.103320 18.510519 -17.601951 -33.069437 -18.152277 -21.722575 -28.530639 -6.644358 -10.884674 -3.826775 -4.206650 -21.059126 -36.115008 -7.085308 -6.107878 -35.336742 -8.344426 -15.319158 -20.791002 -9.228273 -8.527080 -30.449810 1.026286 -7.210100 -40.474625 0.117229 -8.637283 -19.365405 -5.372419 -0.194158 -23.701533 3.696132 5.719162 -43.456242 -1.178000 7.020673 -10.566583 -5.689846 -5.016964 1.815512 16.105875 49.351501 2.534405 2.202657 -28.595968 -14.507776 6.620655 30.044851 -1.755001 6.397574 -7.175530 54.378684 34.555521 23.934817 -7.023270 9.289080 6.382928 8.869197 -9.212215 -22.217719 33.069437 18.152275 -21.722575 28.530639 6.644356 -10.884674 3.826775 4.206655 -21.059126 36.115008 7.085306 -6.107878 35.336742 8.344431 -15.319158 20.791002 9.228278 -8.527080 30.449810 -1.026281 -7.210100 40.474625 -0.117231 -8.637283 19.365405 5.372431 -0.194158 23.701533 -3.696120 5.719162 43.456242 1.178012 7.020673 10.566583 5.689844 -5.016964 -1.815512 -16.105870 49.351501 -2.534405 -2.202652 -28.595968 14.507776 -6.620650 30.044851
-0.432644 0.899394 0.697162 4.840178 -44.081752 -4.725165 2.058206 -22.739330 -34.570681 2.144292 -1.953855 39.770498 1.304112 9.472710 11.266162 1.118914 0.338404 -9.652738 -10.684372 3.531565 -5.009132 -0.503103 1.118180 47.462950 3.814811 -12.354341 18.019108 -5.084037 3.488460 -10.031089 -2.921279 3.799302 3.437806 1.905912 12.494051 1.815621 2.385923 10.025238 10.487945 -1.894015 6.246771 -0.702272 -10.659909 2.375051 -7.816658 15.377633 0.711093 9.780868 -69.465414 15.806563 28.704529 9.088303 -13.492838 9.573944 -29.113627 17.689824 -17.360169 -33.069437 -18.152277 -21.722575 -28.530639 -6.644358 -10.884674 -3.826775 -4.206650 -21.059126 -36.115008 -7.085308 -6.107878 -35.336742 -8.344426 -15.319158 -20.791002 -9.228273 -8.527080 -30.449810 1.026286 -7.210100 -40.474625 0.117229 -8.637283 -19.365405 -5.372419 -0.194158 -23.701533 3.696132 5.719162 -43.456242 -1.178000 7.020673 -10.566583 -5.689846 -5.016964 1.815512 16.105875 49.351501 2.534405 2.202657 -28.595968 -14.507776 6.620655 30.044851 -5.440098 7.166886 -7.787392 56.973538 39.640761 23.774352 -7.053658 9.735802 10.539696 7.590179 -10.029686 -20.830216 33.069437 18.152275 -21.722575 28.530639 6.644356 -10.884674 3.826775 4.206655 -21.059126 36.115008 7.085306 -6.107878 35.336742 8.344431 -15.319158 20.791002 9.228278 -8.527080 30.449810 -1.026281 -7.210100 40.474625 -0.117231 -8.637283 19.365405 5.372431 -0.194158 23.701533 -3.696120 5.719162 43.456242 1.178012 7.020673 10.566583 5.689844 -5.016964 -1.815512 -16.105870 49.351501 -2.534405 -2.202652 -28.595968 14.507776 -6.620650 30.044851
-0.448517 0.897893 0.728211 4.009885 -44.491911 -5.335817 0.720143 -18.721259 -31.043141 1.921353 -2.002042 39.894496 0.416477 9.007007 7.055655 1.205033 0.222878 -8.538206 -9.561578 3.599410 -3.425322 -0.652607 1.266463 52.795020 3.246863 -13.360906 26.865323 -4.780422 3.040277 -8.535450 -2.817399 4.464235 3.480894 1.061584 12.931887 2.116068 1.206384 10.559905 9.723473 -3.822604 7.113084 0.213391 -7.403433 2.116501 -7.496042 14.838909 1.084527 6.333131 -65.736165 25.882437 21.415546 9.364026 -11.698206 7.618718 -26.098921 16.869047 -18.811874 -33.069437 -18.152277 -21.722575 -28.530639 -6.644358 -10.884674 -3.826775 -4.206650 -21.059126 -36.115008 -7.085308 -6.107878 -35.336742 -8.344426 -15.319158 -20.791002 -9.228273 -8.527080 -30.449810 1.026286 -7.210100 -40.474625 0.117229 -8.637283 -19.365405 -5.372419 -0.194158 -23.701533 3.696132 5.719162 -43.456242 -1.178000 7.020673 -10.566583 -5.689846 -5.016964 1.815512 16.105875 49.351501 2.534405 2.202657 -28.595968 -14.507776 6.620655 30.044851 -8.918428 7.267474 -7.081642 60.935464 45.794925 26.516191 -7.063892 12.714796 15.389615 5.490104 -10.777565 -19.444309 33.069437 18.152275 -21.722575 28.530639 6.644356 -10.884674 3.826775 4.206655 -21.059126 36.115008 7.085306 -6.107878 35.336742 8.344431 -15.319158 20.791002 9.228278 -8.527080 30.449810 -1.026281 -7.210100 40.474625 -0.117231 -8.637283 19.365405 5.372431 -0.194158 23.701533 -3.696120 5.719162 43.456242 1.178012 7.020673 10.566583 5.689844 -5.016964 -1.815512 -16.105870 49.351501 -2.534405 -2.202652 -28.595968 14.507776 -6.620650 30.044851
-0.465067 0.899733 0.755031 1.895272 -41.986670 -3.960864 0.277652 -13.373262 -29.445629 1.503147 -2.074135 40.878549 0.312841 6.929339 3.275637 1.382225 0.014599 -7.416312 -6.261477 1.602133 -1.252972 -0.550448 1.573398 55.858909 4.845038 -12.176920 33.171305 -4.103754 2.728028 -7.190617 -2.675521 4.749525 3.552323 0.196752 12.694578 2.242838 -0.150738 10.091149 8.720157 -5.618855 7.600446 0.405919 -3.685958 1.488410 -7.405270 12.510910 1.042426 3.445685 -60.854581 32.577498 14.082296 9.588049 -9.628549 3.213659 -20.496013 15.962790 -21.722489 -33.069437 -18.152277 -21.722575 -28.530639 -6.644358 -10.884674 -3.826775 -4.206650 -21.059126 -36.115008 -7.085308 -6.107878 -35.336742 -8.344426 -15.319158 -20.791002 -9.228273 -8.527080 -30.449810 1.026286 -7.210100 -40.474625 0.117229 -8.637283 -19.365405 -5.372419 -0.194158 -23.701533 3.696132 5.719162 -43.456242 -1.178000 7.020673 -10.566583 -5.689846 -5.016964 1.815512 16.105875 49.351501 2.534405 2.202657 -28.595968 -14.507776 6.620655 30.044851 -11.439485 6.402581 -4.524899 65.101361 51.712519 31.272441 -6.840146 19.443331 21.119708 2.702544 -10.914278 -18.632297 33.069437 18.152275 -21.722575 28.530639 6.644356 -10.884674 3.826775 4.206655 -21.059126 36.115008 7.085306 -6.107878 35.336742 8.344431 -15.319158 20.791002 9.228278 -8.527080 30.449810 -1.026281 -7.210100 40.474625 -0.117231 -8.637283 19.365405 5.372431 -0.194158 23.701533 -3.696120 5.719162 43.456242 1.178012 7.020673 10.566583 5.689844 -5.016964 -1.815512 -16.105870 49.351501 -2.534405 -2.202652 -28.595968 14.507776 -6.620650 30.044851
-0.482032 0.904419 0.778748 -0.752711 -36.514349 -1.530506 0.696515 -8.277736 -28.455497 1.021113 -2.010628 40.535438 0.465210 4.901333 -0.067599 1.607688 -0.172835 -6.529505 -1.089963 -2.780233 2.126145 -0.397152 1.909641 54.900200 6.600685 -11.762690 36.616740 -3.349650 2.413149 -6.386334 -2.399743 4.800164 3.622804 -0.567325 12.166147 2.227803 -1.497999 9.072734 7.688367 -7.307227 7.066653 0.234660 0.694216 -0.105203 -7.380486 9.746856 0.127823 1.489655 -55.793356 35.334518 8.110144 9.536964 -8.986081 -1.559096 -14.502807 14.641476 -25.470315 -33.069437 -18.152277 -21.722575 -28.530639 -6.644358 -10.884674 -3.826775 -4.206650 -21.059126 -36.115008 -7.085308 -6.107878 -35.336742 -8.344426 -15.319158 -20.791002 -9.228273 -8.527080 -30.449810 1.026286 -7.210100 -40.474625 0.117229 -8.637283 -19.365405 -5.372419 -0.194158 -23.701533 3.696132 5.719162 -43.456242 -1.178000 7.020673 -10.566583 -5.689846 -5.016964 1.815512 16.105875 49.351501 2.534405 2.202657 -28.595968 -14.507776 6.620655 30.044851 -12.856848 4.971588 -0.673836 67.810296 55.900914 36.143985 -6.303874 29.954487 27.208421 0.054758 -10.275648 -19.153384 33.069437 18.152275 -21.722575 28.530639 6.644356 -10.884674 3.826775 4.206655 -21.059126 36.115008 7.085306 -6.107878 35.336742 8.344431 -15.319158 20.791002 9.228278 -8.527080 30.449810 -1.026281 -7.210100 40.474625 -0.117231 -8.637283 19.365405 5.372431 -0.194158 23.701533 -3.696120 5.719162 43.456242 1.178012 7.020673 10.566583 5.689844 -5.016964 -1.815512 -16.105870 49.351501 -2.534405 -2.202652 -28.595968 14.507776 -6.620650 30.044851
-0.497565 0.908831 0.800642 -2.912565 -29.037283 1.015486 1.362716 -4.045519 -27.828506 0.623934 -1.803932 39.123720 -0.120509 4.523295 -3.332594 1.775883 -0.288218 -5.963382 5.139959 -8.145292 5.763212 -0.300310 2.141219 50.539985 6.840716 -13.405282 37.364584 -2.740589 2.052024 -6.091785 -2.020780 4.784755 3.728088 -1.307276 11.704385 2.296044 -2.836294 8.077391 6.843177 -8.943347 5.327331 -0.285784 6.010499 -2.863855 -7.705811 7.159975 -2.058446 0.238845 -51.318524 34.823524 4.608904 9.269403 -10.215618 -4.918543 -10.530831 12.658822 -29.223367 -33.069437 -18.152277 -21.722575 -28.530639 -6.644358 -10.884674 -3.826775 -4.206650 -21.059126 -36.115008 -7.085308 -6.107878 -35.336742 -8.344426 -15.319158 -20.791002 -9.228273 -8.527080 -30.449810 1.026286 -7.210100 -40.474625 0.117229 -8.637283 -19.365405 -5.372419 -0.194158 -23.701533 3.696132 5.719162 -43.456242 -1.178000 7.020673 -10.566583 -5.689846 -5.016964 1.815512 16.105875 49.351501 2.534405 2.202657 -28.595968 -14.507776 6.620655 30.044851 -13.753178 3.733712 3.448875 67.710220 57.573354 39.020570 -5.680926 43.136178 32.644336 -1.425210 -9.197530 -21.028913 33.069437 18.152275 -21.722575 28.530639 6.644356 -10.884674 3.826775 4.206655 -21.059126 36.115008 7.085306 -6.107878 35.336742 8.344431 -15.319158 20.791002 9.228278 -8.527080 30.449810 -1.026281 -7.210100 40.474625 -0.117231 -8.637283 19.365405 5.372431 -0.194158 23.701533 -3.696120 5.719162 43.456242 1.178012 7.020673 10.566583 5.689844 -5.016964 -1.815512 -16.105870 49.351501 -2.534405 -2.202652 -28.595968 14.507776 -6.620650 30.044851
-0.511320 0.909619 0.820164 -3.930451 -20.912541 3.240625 1.646606 -1.517508 -28.415493 0.400599 -1.591035 38.715855 -1.644541 5.344878 -6.024078 1.853934 -0.396545 -5.531248 11.401852 -12.750806 8.156834 -0.225806 2.251957 45.337409 5.793390 -16.183550 36.073982 -2.270262 1.752861 -6.095830 -1.700842 4.744914 3.974838 -2.088458 11.515510 2.683723 -4.331858 7.473821 6.359517 -10.659900 2.578344 -1.303820 12.364458 -6.479559 -8.811658 4.579761 -5.558993 -0.754174 -47.704042 32.090424 3.748176 8.843720 -12.855117 -6.606899 -9.189792 10.306150 -31.958073 -33.069437 -18.152277 -21.722575 -28.530639 -6.644358 -10.884674 -3.826775 -4.206650 -21.059126 -36.115008 -7.085308 -6.107878 -35.336742 -8.344426 -15.319158 -20.791002 -9.228273 -8.527080 -30.449810 1.026286 -7.210100 -40.474625 0.117229 -8.637283 -19.365405 -5.372419 -0.194158 -23.701533 3.696132 5.719162 -43.456242 -1.178000 7.020673 -10.566583 -5.689846 -5.016964 1.815512 16.105875 49.351501 2.534405 2.202657 -28.595968 -14.507776 6.620655 30.044851 -15.130727 3.504771 7.100196 65.182053 56.691782 39.395889 -5.385338 57.059437 36.242582 -1.503166 -8.293268 -23.461503 33.069437 18.152275 -21.722575 28.530639 6.644356 -10.884674 3.826775 4.206655 -21.059126 36.115008 7.085306 -6.107878 35.336742 8.344431 -15.319158 20.791002 9.228278 -8.527080 30.449810 -1.026281 -7.210100 40.474625 -0.117231 -8.637283 19.365405 5.372431 -0.194158 23.701533 -3.696120 5.719162 43.456242 1.178012 7.020673 10.566583 5.689844 -5.016964 -1.815512 -16.105870 49.351501 -2.534405 -2.202652 -28.595968 14.507776 -6.620650 30.044851
-0.521623 0.906188 0.836281 -3.839734 -13.531572 5.135097 1.352833 -1.263009 -30.348866 0.339898 -1.468194 40.308351 -3.026517 5.583819 -7.914570 1.992666 -0.578398 -4.912484 16.642483 -16.262753 8.017299 -0.178596 2.312056 42.785565 4.430564 -18.799212 33.862568 -1.902781 1.622910 -6.396422 -1.533257 4.609123 4.449609 -2.792577 11.560747 3.413900 -6.009551 7.314459 6.283147 -12.685913 -0.525048 -2.782538 19.333928 -10.157459 -10.700138 1.600204 -9.866281 -1.492569 -45.166009 27.879995 4.605771 8.382643 -16.149686 -7.381101 -9.286352 8.303074 -33.075065 -33.069437 -18.152277 -21.722575 -28.530639 -6.644358 -10.884674 -3.826775 -4.206650 -21.059126 -36.115008 -7.085308 -6.107878 -35.336742 -8.344426 -15.319158 -20.791002 -9.228273 -8.527080 -30.449810 1.026286 -7.210100 -40.474625 0.117229 -8.637283 -19.365405 -5.372419 -0.194158 -23.701533 3.696132 5.719162 -43.456242 -1.178000 7.020673 -10.566583 -5.689846 -5.016964 1.815512 16.105875 49.351501 2.534405 2.202657 -28.595968 -14.507776 6.620655 30.044851 -17.184331 4.778294 9.747761 62.752021 53.767422 39.505906 -6.117713 69.466230 37.009120 -0.587318 -8.141945 -25.448412 33.069437 18.152275 -21.722575 28.530639 6.644356 -10.884674 3.826775 4.206655 -21.059126 36.115008 7.085306 -6.107878 35.336742 8.344431 -15.319158 20.791002 9.228278 -8.527080 30.449810 -1.026281 -7.210100 40.474625 -0.117231 -8.637283 19.365405 5.372431 -0.194158 23.701533 -3.696120 5.719162 43.456242 1.178012 7.020673 10.566583 5.689844 -5.016964 -1.815512 -16.105870 49.351501 -2.534405 -2.202652 -28.595968 14.507776 -6.620650 30.044851
-0.528278 0.901116 0.849888 -3.362151 -7.790327 6.767910 0.923426 -2.048071 -32.340830 0.327239 -1.403519 42.526711 -3.537412 4.383679 -9.675888 2.354643 -0.834729 -3.926352 20.700960 -19.397660 4.754770 -0.215130 2.365126 45.527466 2.943785 -20.498905 31.245312 -1.690737 1.645238 -7.040421 -1.394362 4.321921 5.072093 -3.257362 11.563731 4.247820 -7.534432 7.345850 6.409971 -14.752703 -3.147724 -4.273582 25.660971 -12.959073 -12.787373 -2.189180 -14.057667 -1.452940 -43.604491 22.719951 6.380643 8.082443 -19.111686 -7.953508 -9.653251 6.896984 -32.942511 -33.069437 -18.152277 -21.722575 -28.530639 -6.644358 -10.884674 -3.826775 -4.206650 -21.059126 -36.115008 -7.085308 -6.107878 -35.336742 -8.344426 -15.319158 -20.791002 -9.228273 -8.527080 -30.449810 1.026286 -7.210100 -40.474625 0.117229 -8.637283 -19.365405 -5.372419 -0.194158 -23.701533 3.696132 5.719162 -43.456242 -1.178000 7.020673 -10.566583 -5.689846 -5.016964 1.815512 16.105875 49.351501 2.534405 2.202657 -28.595968 -14.507776 6.620655 30.044851 -18.252125 7.081358 11.084764 63.044128 49.827769 42.087940 -8.841597 77.688835 34.774074 1.557917 -8.911673 -26.141309 33.069437 18.152275 -21.722575 28.530639 6.644356 -10.884674 3.826775 4.206655 -21.059126 36.115008 7.085306 -6.107878 35.336742 8.344431 -15.319158 20.791002 9.228278 -8.527080 30.449810 -1.026281 -7.210100 40.474625 -0.117231 -8.637283 19.365405 5.372431 -0.194158 23.701533 -3.696120 5.719162 43.456242 1.178012 7.020673 10.566583 5.689844 -5.016964 -1.815512 -16.105870 49.351501 -2.534405 -2.202652 -28.595968 14.507776 -6.620650 30.044851
-0.532149 0.896909 0.862709 -3.160909 -3.873903 8.009812 0.787208 -2.023141 -33.270453 0.263159 -1.311189 43.962082 -3.547625 1.855942 -11.350541 2.895758 -1.116187 -2.864646 24.216325 -22.303987 -1.321507 -0.344976 2.400828 53.945206 0.963641 -21.161010 28.556007 -1.733347 1.727631 -7.865091 -1.110265 3.984564 5.630079 -3.492361 11.276392 4.911575 -8.444048 7.207737 6.464501 -16.026156 -4.826482 -5.196686 29.689541 -14.410214 -14.455735 -6.955221 -17.516994 -0.126792 -42.677129 17.004421 8.937712 7.931163 -20.531580 -8.846715 -9.865556 5.360868 -32.710281 -33.069437 -18.152277 -21.722575 -28.530639 -6.644358 -10.884674 -3.826775 -4.206650 -21.059126 -36.115008 -7.085308 -6.107878 -35.336742 -8.344426 -15.319158 -20.791002 -9.228273 -8.527080 -30.449810 1.026286 -7.210100 -40.474625 0.117229 -8.637283 -19.365405 -5.372419 -0.194158 -23.701533 3.696132 5.719162 -43.456242 -1.178000 7.020673 -10.566583 -5.689846 -5.016964 1.815512 16.105875 49.351501 2.534405 2.202657 -28.595968 -14.507776 6.620655 30.044851 -16.404595 8.922463 11.460282 66.665255 45.684904 47.478793 -10.731122 79.122328 33.165114 5.428791 -10.170436 -25.274599 33.069437 18.152275 -21.722575 28.530639 6.644356 -10.884674 3.826775 4.206655 -21.059126 36.115008 7.085306 -6.107878 35.336742 8.344431 -15.319158 20.791002 9.228278 -8.527080 30.449810 -1.026281 -7.210100 40.474625 -0.117231 -8.637283 19.365405 5.372431 -0.194158 23.701533 -3.696120 5.719162 43.456242 1.178012 7.020673 10.566583 5.689844 -5.016964 -1.815512 -16.105870 49.351501 -2.534405 -2.202652 -28.595968 14.507776 -6.620650 30.044851
-0.534343 0.895005 0.875332 -3.320922 -1.751074 8.670695 0.847191 -0.700864 -32.902497 0.123958 -1.198443 44.486958 -3.449012 -1.172468 -12.536950 3.447146 -1.367695 -2.274081 27.393239 -23.900366 -9.276994 -0.508900 2.404598 66.461333 -1.381783 -20.799973 26.844626 -2.072564 1.786930 -8.628232 -0.608800 3.745603 5.964394 -3.609632 10.619184 5.296359 -8.564151 6.667217 6.344117 -16.121509 -5.468944 -5.256359 30.607573 -14.510427 -15.517082 -12.195051 -19.935619 2.297132 -42.482254 10.900151 11.964888 7.775092 -19.595189 -10.313820 -9.672553 3.113134 -32.909948 -33.069437 -18.152277 -21.722575 -28.530639 -6.644358 -10.884674 -3.826775 -4.206650 -21.059126 -36.115008 -7.085308 -6.107878 -35.336742 -8.344426 -15.319158 -20.791002 -9.228273 -8.527080 -30.449810 1.026286 -7.210100 -40.474625 0.117229 -8.637283 -19.365405 -5.372419 -0.194158 -23.701533 3.696132 5.719162 -43.456242 -1.178000 7.020673 -10.566583 -5.689846 -5.016964 1.815512 16.105875 49.351501 2.534405 2.202657 -28.595968 -14.507776 6.620655 30.044851 -11.800245 8.915667 11.526552 72.160812 41.206855 53.475860 -8.673722 73.011330 34.776950 10.191566 -11.270021 -23.514499 33.069437 18.152275 -21.722575 28.530639 6.644356 -10.884674 3.826775 4.206655 -21.059126 36.115008 7.085306 -6.107878 35.336742 8.344431 -15.319158 20.791002 9.228278 -8.527080 30.449810 -1.026281 -7.210100 40.474625 -0.117231 -8.637283 19.365405 5.372431 -0.194158 23.701533 -3.696120 5.719162 43.456242 1.178012 7.020673 10.566583 5.689844 -5.016964 -1.815512 -16.105870 49.351501 -2.534405 -2.202652 -28.595968 14.507776 -6.620650 30.044851
-0.534501 0.894733 0.889204 -3.522386 -1.452014 8.670061 0.673072 1.065054 -31.492588 -0.032481 -1.133584 44.667200 -3.217524 -3.551552 -13.226814 3.836927 -1.522768 -2.380422 29.378717 -22.758823 -17.954160 -0.618043 2.367237 80.716409 -3.331528 -19.105082 27.268017 -2.631828 1.785216 -9.213778 0.060035 3.653833 6.056746 -3.623930 9.570996 5.437212 -8.075885 5.689250 6.179813 -15.662947 -5.053484 -4.588456 28.957823 -13.426947 -16.083545 -16.689330 -21.054527 4.640733 -43.616178 4.619458 14.361596 7.565710 -16.599918 -11.762050 -8.621044 0.938573 -33.175581 -33.069437 -18.152277 -21.722575 -28.530639 -6.644358 -10.884674 -3.826775 -4.206650 -21.059126 -36.115008 -7.085308 -6.107878 -35.336742 -8.344426 -15.319158 -20.791002 -9.228273 -8.527080 -30.449810 1.026286 -7.210100 -40.474625 0.117229 -8.637283 -19.365405 -5.372419 -0.194158 -23.701533 3.696132 5.719162 -43.456242 -1.178000 7.020673 -10.566583 -5.689846 -5.016964 1.815512 16.105875 49.351501 2.534405 2.202657 -28.595968 -14.507776 6.620655 30.044851 -6.840913 6.605752 11.510801 77.239611 36.146887 57.374730 -6.992610 61.308935 33.980123 13.681986 -11.825746 -21.582216 33.069437 18.152275 -21.722575 28.530639 6.644356 -10.884674 3.826775 4.206655 -21.059126 36.115008 7.085306 -6.107878 35.336742 8.344431 -15.319158 20.791002 9.228278 -8.527080 30.449810 -1.026281 -7.210100 40.474625 -0.117231 -8.637283 19.365405 5.372431 -0.194158 23.701533 -3.696120 5.719162 43.456242 1.178012 7.020673 10.566583 5.689844 -5.016964 -1.815512 -16.105870 49.351501 -2.534405 -2.202652 -28.595968 14.507776 -6.620650 30.044851
-0.533315 0.894662 0.903930 -3.518785 -2.890595 8.062442 0.061805 2.392850 -29.359268 -0.111141 -1.117355 44.913302 -2.712132 -4.780105 -13.565563 3.973619 -1.528614 -3.068642 29.150691 -18.364191 -26.537662 -0.632919 2.273171 94.522271 -4.226919 -16.071733 29.818304 -3.270252 1.718260 -9.622664 0.759550 3.687704 5.916422 -3.401471 8.136493 5.421866 -7.259221 4.418718 6.224971 -15.653291 -3.508345 -3.659456 25.987188 -11.430449 -16.288818 -19.062672 -20.707615 5.418948 -46.364629 -1.436550 14.819962 7.527394 -12.865963 -12.081990 -6.087902 0.164945 -33.647103 -33.069437 -18.152277 -21.722575 -28.530639 -6.644358 -10.884674 -3.826775 -4.206650 -21.059126 -36.115008 -7.085308 -6.107878 -35.336742 -8.344426 -15.319158 -20.791002 -9.228273 -8.527080 -30.449810 1.026286 -7.210100 -40.474625 0.117229 -8.637283 -19.365405 -5.372419 -0.194158 -23.701533 3.696132 5.719162 -43.456242 -1.178000 7.020673 -10.566583 -5.689846 -5.016964 1.815512 16.105875 49.351501 2.534405 2.202657 -28.595968 -14.507776 6.620655 30.044851 -4.035887 2.438988 11.235014 80.214636 31.018630 57.801453 -6.140904 47.878133 30.058802 14.631170 -11.869261 -19.515425 33.069437 18.152275 -21.722575 28.530639 6.644356 -10.884674 3.826775 4.206655 -21.059126 36.115008 7.085306 -6.107878 35.336742 8.344431 -15.319158 20.791002 9.228278 -8.527080 30.449810 -1.026281 -7.210100 40.474625 -0.117231 -8.637283 19.365405 5.372431 -0.194158 23.701533 -3.696120 5.719162 43.456242 1.178012 7.020673 10.566583 5.689844 -5.016964 -1.815512 -16.105870 49.351501 -2.534405 -2.202652 -28.595968 14.507776 -6.620650 30.044851
-0.530997 0.894148 0.918744 -3.315654 -5.782340 7.016654 -0.802493 3.256794 -26.685911 -0.077649 -1.059879 45.102502 -1.978037 -5.109382 -13.482258 3.916958 -1.388199 -4.210130 26.517342 -11.312915 -34.891912 -0.605370 2.134095 106.120267 -4.347240 -12.460018 33.516162 -3.834819 1.583199 -9.826727 1.323082 3.815442 5.524021 -2.852920 6.466634 5.305539 -6.299972 3.112581 6.617855 -16.351292 -0.862753 -2.848076 22.543360 -8.895697 -16.131367 -18.672163 -18.916370 4.221918 -49.970753 -6.857152 13.001562 7.898267 -9.838100 -10.952439 -1.837592 0.811545 -35.448450 -33.069437 -18.152277 -21.722575 -28.530639 -6.644358 -10.884674 -3.826775 -4.206650 -21.059126 -36.115008 -7.085308 -6.107878 -35.336742 -8.344426 -15.319158 -20.791002 -9.228273 -8.527080 -30.449810 1.026286 -7.210100 -40.474625 0.117229 -8.637283 -19.365405 -5.372419 -0.194158 -23.701533 3.696132 5.719162 -43.456242 -1.178000 7.020673 -10.566583 -5.689846 -5.016964 1.815512 16.105875 49.351501 2.534405 2.202657 -28.595968 -14.507776 6.620655 30.044851 -3.902501 -2.565335 10.369172 80.161880 26.615371 54.366605 -5.621951 36.201993 24.882654 13.837257 -11.620909 -17.464473 33.069437 18.152275 -21.722575 28.530639 6.644356 -10.884674 3.826775 4.206655 -21.059126 36.115008 7.085306 -6.107878 35.336742 8.344431 -15.319158 20.791002 9.228278 -8.527080 30.449810 -1.026281 -7.210100 40.474625 -0.117231 -8.637283 19.365405 5.372431 -0.194158 23.701533 -3.696120 5.719162 43.456242 1.178012 7.020673 10.566583 5.689844 -5.016964 -1.815512 -16.105870 49.351501 -2.534405 -2.202652 -28.595968 14.507776 -6.620650 30.044851
-0.528625 0.893815 0.933526 -2.895776 -9.711222 5.785659 -1.751538 4.080412 -23.633500 -0.013123 -0.929518 44.898153 -1.301154 -4.848680 -12.752650 3.734572 -1.127744 -5.617031 21.843247 -2.607354 -43.253006 -0.609560 1.967152 114.237243 -4.740317 -9.141803 37.480561 -4.184562 1.361860 -9.681143 1.624506 3.990424 4.858503 -2.103558 4.852189 5.124380 -5.315460 1.989691 7.237105 -17.012881 2.580523 -1.996312 18.709078 -6.210784 -15.536411 -16.160159 -15.927322 1.834875 -52.797390 -11.137352 9.468158 8.544686 -8.420446 -8.919640 3.271654 1.954338 -39.289697 -33.069437 -18.152277 -21.722575 -28.530639 -6.644358 -10.884674 -3.826775 -4.206650 -21.059126 -36.115008 -7.085308 -6.107878 -35.336742 -8.344426 -15.319158 -20.791002 -9.228273 -8.527080 -30.449810 1.026286 -7.210100 -40.474625 0.117229 -8.637283 -19.365405 -5.372419 -0.194158 -23.701533 3.696132 5.719162 -43.456242 -1.178000 7.020673 -10.566583 -5.689846 -5.016964 1.815512 16.105875 49.351501 2.534405 2.202657 -28.595968 -14.507776 6.620655 30.044851 -5.220779 -7.009261 8.460668 76.383167 23.021094 46.793220 -5.284055 28.222037 20.286300 12.356932 -11.119149 -16.289463 33.069437 18.152275 -21.722575 28.530639 6.644356 -10.884674 3.826775 4.206655 -21.059126 36.115008 7.085306 -6.107878 35.336742 8.344431 -15.319158 20.791002 9.228278 -8.527080 30.449810 -1.026281 -7.210100 40.474625 -0.117231 -8.637283 19.365405 5.372431 -0.194158 23.701533 -3.696120 5.719162 43.456242 1.178012 7.020673 10.566583 5.689844 -5.016964 -1.815512 -16.105870 49.351501 -2.534405 -2.202652 -28.595968 14.507776 -6.620650 30.044851
-0.527017 0.895920 0.947892 -2.101878 -14.049423 4.512981 -2.837622 4.795185 -20.264352 -0.031678 -0.811608 44.045267 -0.866533 -4.103391 -11.229828 3.415610 -0.800598 -7.016171 15.513357 6.395771 -51.535440 -0.668040 1.762307 117.915129 -5.831626 -6.456753 41.006455 -4.236541 1.071174 -9.080050 1.639235 4.127411 3.994006 -1.379756 3.571276 4.853944 -4.390440 1.160158 7.917750 -16.733644 6.222619 -0.476419 14.426085 -3.695669 -14.530679 -13.037549 -12.268978 -1.072542 -53.231049 -13.705107 5.003383 9.079424 -8.769516 -6.410818 7.752535 3.052195 -44.339686 -33.069437 -18.152277 -21.722575 -28.530639 -6.644358 -10.884674 -3.826775 -4.206650 -21.059126 -36.115008 -7.085308 -6.107878 -35.336742 -8.344426 -15.319158 -20.791002 -9.228273 -8.527080 -30.449810 1.026286 -7.210100 -40.474625 0.117229 -8.637283 -19.365405 -5.372419 -0.194158 -23.701533 3.696132 5.719162 -43.456242 -1.178000 7.020673 -10.566583 -5.689846 -5.016964 1.815512 16.105875 49.351501 2.534405 2.202657 -28.595968 -14.507776 6.620655 30.044851 -6.507499 -9.665501 5.249601 68.799027 19.352080 35.690464 -5.020662 24.250186 17.023516 10.106404 -10.255144 -17.007526 33.069437 18.152275 -21.722575 28.530639 6.644356 -10.884674 3.826775 4.206655 -21.059126 36.115008 7.085306 -6.107878 35.336742 8.344431 -15.319158 20.791002 9.228278 -8.527080 30.449810 -1.026281 -7.210100 40.474625 -0.117231 -8.637283 19.365405 5.372431 -0.194158 23.701533 -3.696120 5.719162 43.456242 1.178012 7.020673 10.566583 5.689844 -5.016964 -1.815512 -16.105870 49.351501 -2.534405 -2.202652 -28.595968 14.507776 -6.620650 30.044851
-0.527495 0.901452 0.962880 -0.920281 -17.836634 3.116352 -4.113718 4.508173 -16.427916 -0.103139 -0.796145 42.486140 -0.537439 -2.888744 -8.722164 2.939415 -0.500343 -8.305651 8.444416 13.638982 -58.337745 -0.745563 1.568159 116.238782 -6.751079 -4.585889 42.897112 -4.039226 0.818655 -8.101310 1.455107 4.059744 3.108177 -0.769261 2.725248 4.363149 -3.517330 0.603054 8.705896 -15.210987 9.346474 2.374380 10.043098 -1.565593 -13.267574 -10.518046 -8.753705 -4.491194 -50.689108 -14.200159 0.558962 9.204320 -10.300175 -3.535009 10.619809 3.846690 -49.085988 -33.069437 -18.152277 -21.722575 -28.530639 -6.644358 -10.884674 -3.826775 -4.206650 -21.059126 -36.115008 -7.085308 -6.107878 -35.336742 -8.344426 -15.319158 -20.791002 -9.228273 -8.527080 -30.449810 1.026286 -7.210100 -40.474625 0.117229 -8.637283 -19.365405 -5.372419 -0.194158 -23.701533 3.696132 5.719162 -43.456242 -1.178000 7.020673 -10.566583 -5.689846 -5.016964 1.815512 16.105875 49.351501 2.534405 2.202657 -28.595968 -14.507776 6.620655 30.044851 -6.943128 -10.298372 1.048879 58.690183 14.745534 23.625305 -4.714012 23.128048 14.905558 6.923756 -9.311034 -19.955723 33.069437 18.152275 -21.722575 28.530639 6.644356 -10.884674 3.826775 4.206655 -21.059126 36.115008 7.085306 -6.107878 35.336742 8.344431 -15.319158 20.791002 9.228278 -8.527080 30.449810 -1.026281 -7.210100 40.474625 -0.117231 -8.637283 19.365405 5.372431 -0.194158 23.701533 -3.696120 5.719162 43.456242 1.178012 7.020673 10.566583 5.689844 -5.016964 -1.815512 -16.105870 49.351501 -2.534405 -2.202652 -28.595968 14.507776 -6.620650 30.044851
-0.530729 0.909629 0.978531 0.366548 -20.217405 1.458535 -5.577680 2.465264 -12.073675 -0.080753 -0.898038 40.666393 -0.048503 -1.046949 -5.077552 2.309178 -0.289420 -9.590862 2.575391 17.671908 -61.043846 -0.783395 1.476116 108.901007 -6.383462 -4.147685 41.843624 -3.714763 0.726366 -6.846541 1.190732 3.590770 2.373391 -0.229485 2.217526 3.583522 -2.584825 0.180907 9.720344 -12.566570 11.479747 6.811247 5.885653 0.107913 -11.904117 -8.690830 -6.158697 -8.253887 -45.816096 -12.855786 -2.781999 8.892687 -12.037332 -0.603803 11.835374 4.131249 -52.524995 -33.069437 -18.152277 -21.722575 -28.530639 -6.644358 -10.884674 -3.826775 -4.206650 -21.059126 -36.115008 -7.085308 -6.107878 -35.336742 -8.344426 -15.319158 -20.791002 -9.228273 -8.527080 -30.449810 1.026286 -7.210100 -40.474625 0.117229 -8.637283 -19.365405 -5.372419 -0.194158 -23.701533 3.696132 5.719162 -43.456242 -1.178000 7.020673 -10.566583 -5.689846 -5.016964 1.815512 16.105875 49.351501 2.534405 2.202657 -28.595968 -14.507776 6.620655 30.044851 -6.550422 -9.598797 -3.495380 48.034999 9.590551 13.731288 -4.349254 23.016046 13.529257 3.370525 -8.698879 -24.458443 33.069437 18.152275 -21.722575 28.530639 6.644356 -10.884674 3.826775 4.206655 -21.059126 36.115008 7.085306 -6.107878 35.336742 8.344431 -15.319158 20.791002 9.228278 -8.527080 30.449810 -1.026281 -7.210100 40.474625 -0.117231 -8.637283 19.365405 5.372431 -0.194158 23.701533 -3.696120 5.719162 43.456242 1.178012 7.020673 10.566583 5.689844 -5.016964 -1.815512 -16.105870 49.351501 -2.534405 -2.202652 -28.595968 14.507776 -6.620650 30.044851
-0.536384 0.918087 0.993818 1.414746 -21.193849 -0.450498 -7.198470 -0.586048 -7.543671 0.111522 -1.082883 39.450626 0.758831 1.317314 -0.689055 1.598300 -0.155985 -10.978884 -0.695358 18.988591 -58.410985 -0.751963 1.529309 97.006725 -4.319586 -5.515204 37.734463 -3.371346 0.806163 -5.346991 0.901622 2.755233 1.852070 0.219182 1.887068 2.667511 -1.494039 -0.228283 10.931545 -8.947931 12.509999 12.306181 1.833826 1.442067 -10.536888 -6.853297 -4.667079 -11.651109 -39.790384 -10.464134 -4.463894 8.358236 -13.201011 1.748336 12.086824 3.997705 -54.590663 -33.069437 -18.152277 -21.722575 -28.530639 -6.644358 -10.884674 -3.826775 -4.206650 -21.059126 -36.115008 -7.085308 -6.107878 -35.336742 -8.344426 -15.319158 -20.791002 -9.228273 -8.527080 -30.449810 1.026286 -7.210100 -40.474625 0.117229 -8.637283 -19.365405 -5.372419 -0.194158 -23.701533 3.696132 5.719162 -43.456242 -1.178000 7.020673 -10.566583 -5.689846 -5.016964 1.815512 16.105875 49.351501 2.534405 2.202657 -28.595968 -14.507776 6.620655 30.044851 -5.886361 -8.293329 -7.806086 38.290758 5.009878 7.064729 -4.040768 22.599603 12.644523 0.024532 -8.248851 -29.140285 33.069437 18.152275 -21.722575 28.530639 6.644356 -10.884674 3.826775 4.206655 -21.059126 36.115008 7.085306 -6.107878 35.336742 8.344431 -15.319158 20.791002 9.228278 -8.527080 30.449810 -1.026281 -7.210100 40.474625 -0.117231 -8.637283 19.365405 5.372431 -0.194158 23.701533 -3.696120 5.719162 43.456242 1.178012 7.020673 10.566583 5.689844 -5.016964 -1.815512 -16.105870 49.351501 -2.534405 -2.202652 -28.595968 14.507776 -6.620650 30.044851
-0.543172 0.923158 1.006273 2.090213 -21.464010 -2.485137 -8.702523 -3.033045 -3.443042 0.412207 -1.314706 39.459014 1.779641 3.438497 3.429568 0.918182 -0.072609 -12.481436 -1.783260 18.992293 -51.973529 -0.645135 1.666801 82.625946 -0.971480 -7.532166 32.000194 -3.040082 0.989164 -3.616485 0.578276 1.838136 1.516096 0.500566 1.640949 1.900455 -0.274049 -0.640731 12.252453 -4.633294 12.449115 17.557498 -2.317356 2.656728 -9.241786 -4.446403 -3.878459 -14.173394 -33.566002 -7.804575 -4.873792 7.824114 -13.561618 3.103154 12.290867 3.675990 -55.801098 -33.069437 -18.152277 -21.722575 -28.530639 -6.644358 -10.884674 -3.826775 -4.206650 -21.059126 -36.115008 -7.085308 -6.107878 -35.336742 -8.344426 -15.319158 -20.791002 -9.228273 -8.527080 -30.449810 1.026286 -7.210100 -40.474625 0.117229 -8.637283 -19.365405 -5.372419 -0.194158 -23.701533 3.696132 5.719162 -43.456242 -1.178000 7.020673 -10.566583 -5.689846 -5.016964 1.815512 16.105875 49.351501 2.534405 2.202657 -28.595968 -14.507776 6.620655 30.044851 -5.555833 -6.798208 -11.368920 30.211402 1.629003 2.575956 -3.899235 21.618589 12.163298 -3.034926 -7.638526 -32.872089 33.069437 18.152275 -21.722575 28.530639 6.644356 -10.884674 3.826775 4.206655 -21.059126 36.115008 7.085306 -6.107878 35.336742 8.344431 -15.319158 20.791002 9.228278 -8.527080 30.449810 -1.026281 -7.210100 40.474625 -0.117231 -8.637283 19.365405 5.372431 -0.194158 23.701533 -3.696120 5.719162 43.456242 1.178012 7.020673 10.566583 5.689844 -5.016964 -1.815512 -16.105870 49.351501 -2.534405 -2.202652 -28.595968 14.507776 -6.620650 30.044851
-0.549555 0.922469 1.014172 2.446251 -21.519847 -4.523103 -9.681783 -4.173455 -0.323887 0.705629 -1.580613 40.825065 2.772630 4.509355 6.293884 0.349632 -0.047734 -13.974910 -1.799434 18.462366 -44.267597 -0.424657 1.798248 68.075553 2.333983 -7.702354 26.535574 -2.670132 1.227415 -1.792664 0.212723 1.080299 1.398739 0.623784 1.454778 1.494005 0.946219 -1.036322 13.669889 -0.057882 11.411254 21.204712 -6.609131 3.881005 -8.068526 -1.442832 -3.341879 -15.891525 -27.620973 -5.370944 -4.827545 7.319150 -13.207138 3.499624 13.099623 3.302925 -56.563068 -33.069437 -18.152277 -21.722575 -28.530639 -6.644358 -10.884674 -3.826775 -4.206650 -21.059126 -36.115008 -7.085308 -6.107878 -35.336742 -8.344426 -15.319158 -20.791002 -9.228273 -8.527080 -30.449810 1.026286 -7.210100 -40.474625 0.117229 -8.637283 -19.365405 -5.372419 -0.194158 -23.701533 3.696132 5.719162 -43.456242 -1.178000 7.020673 -10.566583 -5.689846 -5.016964 1.815512 16.105875 49.351501 2.534405 2.202657 -28.595968 -14.507776 6.620655 30.044851 -5.970074 -5.511885 -13.744639 24.128104 -0.564963 -1.161992 -3.973278 20.286771 12.198865 -5.881385 -6.817872 -35.142566 33.069437 18.152275 -21.722575 28.530639 6.644356 -10.884674 3.826775 4.206655 -21.059126 36.115008 7.085306 -6.107878 35.336742 8.344431 -15.319158 20.791002 9.228278 -8.527080 30.449810 -1.026281 -7.210100 40.474625 -0.117231 -8.637283 19.365405 5.372431 -0.194158 23.701533 -3.696120 5.719162 43.456242 1.178012 7.020673 10.566583 5.689844 -5.016964 -1.815512 -16.105870 49.351501 -2.534405 -2.202652 -28.595968 14.507776 -6.620650 30.044851
-0.553791 0.915659 1.016790 2.560383 -21.354666 -6.303944 -9.986428 -4.441950 1.461616 0.908675 -1.856866 43.196401 3.657654 4.354508 7.644209 -0.022967 -0.098844 -15.177193 -1.504064 17.239140 -37.642702 -0.056136 1.891050 56.402671 3.757068 -4.054254 22.459376 -2.260028 1.517302 -0.351585 -0.156113 0.554259 1.569541 0.692438 1.323604 1.467869 1.990782 -1.417617 15.091757 4.171710 9.809493 22.539030 -10.748587 5.031448 -7.110929 1.650180 -2.875077 -16.995898 -22.469386 -3.574235 -4.931051 6.785369 -12.356233 3.244590 14.577377 2.980800 -57.010448 -33.069437 -18.152277 -21.722575 -28.530639 -6.644358 -10.884674 -3.826775 -4.206650 -21.059126 -36.115008 -7.085308 -6.107878 -35.336742 -8.344426 -15.319158 -20.791002 -9.228273 -8.527080 -30.449810 1.026286 -7.210100 -40.474625 0.117229 -8.637283 -19.365405 -5.372419 -0.194158 -23.701533 3.696132 5.719162 -43.456242 -1.178000 7.020673 -10.566583 -5.689846 -5.016964 1.815512 16.105875 49.351501 2.534405 2.202657 -28.595968 -14.507776 6.620655 30.044851 -7.185404 -4.889238 -14.779016 20.254933 -1.709082 -4.773200 -4.233364 18.851864 12.876211 -8.178556 -6.058198 -36.248254 33.069437 18.152275 -21.722575 28.530639 6.644356 -10.884674 3.826775 4.206655 -21.059126 36.115008 7.085306 -6.107878 35.336742 8.344431 -15.319158 20.791002 9.228278 -8.527080 30.449810 -1.026281 -7.210100 40.474625 -0.117231 -8.637283 19.365405 5.372431 -0.194158 23.701533 -3.696120 5.719162 43.456242 1.178012 7.020673 10.566583 5.689844 -5.016964 -1.815512 -16.105870 49.351501 -2.534405 -2.202652 -28.595968 14.507776 -6.620650 30.044851
-0.554140 0.905529 1.015084 2.525063 -21.020601 -7.440158 -9.882497 -4.485588 2.056662 0.999962 -2.066710 45.428128 4.359910 3.647112 8.004099 -0.175019 -0.185594 -15.850974 -1.282320 15.619436 -33.776768 0.326005 1.942406 50.002049 3.008329 1.505998 19.955081 -1.936325 1.788713 0.336434 -0.428803 0.251108 1.882226 0.769752 1.247864 1.615298 2.660413 -1.723193 16.154668 7.110840 8.456965 22.226411 -13.776972 5.842820 -6.526146 3.879128 -2.531833 -17.546831 -19.062817 -2.642891 -5.239947 6.330941 -11.527738 2.831243 16.013326 2.795537 -57.203080 -33.069437 -18.152277 -21.722575 -28.530639 -6.644358 -10.884674 -3.826775 -4.206650 -21.059126 -36.115008 -7.085308 -6.107878 -35.336742 -8.344426 -15.319158 -20.791002 -9.228273 -8.527080 -30.449810 1.026286 -7.210100 -40.474625 0.117229 -8.637283 -19.365405 -5.372419 -0.194158 -23.701533 3.696132 5.719162 -43.456242 -1.178000 7.020673 -10.566583 -5.689846 -5.016964 1.815512 16.105875 49.351501 2.534405 2.202657 -28.595968 -14.507776 6.620655 30.044851 -8.529565 -4.924359 -14.873970 18.452173 -2.055003 -7.612109 -4.513454 17.752791 13.780427 -9.434226 -5.705357 -36.853221 33.069437 18.152275 -21.722575 28.530639 6.644356 -10.884674 3.826775 4.206655 -21.059126 36.115008 7.085306 -6.107878 35.336742 8.344431 -15.319158 20.791002 9.228278 -8.527080 30.449810 -1.026281 -7.210100 40.474625 -0.117231 -8.637283 19.365405 5.372431 -0.194158 23.701533 -3.696120 5.719162 43.456242 1.178012 7.020673 10.566583 5.689844 -5.016964 -1.815512 -16.105870 49.351501 -2.534405 -2.202652 -28.595968 14.507776 -6.620650 30.044851
