HIERARCHY
ROOT pelvis
{
	OFFSET 0.000000 0.000000 0.000000
	CHANNELS 6 Xposition Yposition Zposition Zrotation Yrotation Xrotation
	JOINT left_hip
	{
		OFFSET 0.084821 -0.083004 -0.000000
		CHANNELS 3 Zrotation Yrotation Xrotation
		JOINT left_knee
		{
			OFFSET 0.000000 -0.386771 0.006791
			CHANNELS 3 Zrotation Yrotation Xrotation
			JOINT left_ankle
			{
				OFFSET 0.000000 -0.388474 -0.025097
				CHANNELS 3 Zrotation Yrotation Xrotation
				JOINT left_foot
				{
					OFFSET 0.000000 -0.064820 0.119049
					CHANNELS 3 Zrotation Yrotation Xrotation
					End Site
					{
						OFFSET 0.000000 0.000000 0.000000
					}
				}
			}
		}
	}
	JOINT right_hip
	{
		OFFSET -0.084821 -0.083004 -0.000000
		CHANNELS 3 Zrotation Yrotation Xrotation
		JOINT right_knee
		{
			OFFSET 0.000000 -0.386771 0.006791
			CHANNELS 3 Zrotation Yrotation Xrotation
			JOINT right_ankle
			{
				OFFSET 0.000000 -0.388474 -0.025097
				CHANNELS 3 Zrotation Yrotation Xrotation
				JOINT right_foot
				{
					OFFSET 0.000000 -0.064820 0.119049
					CHANNELS 3 Zrotation Yrotation Xrotation
					End Site
					{
						OFFSET 0.000000 0.000000 0.000000
					}
				}
			}
		}
	}
	JOINT spine1
	{
		OFFSET 0.000000 0.098682 0.000000
		CHANNELS 3 Zrotation Yrotation Xrotation
		JOINT spine2
		{
			OFFSET 0.000000 0.098682 0.000000
			CHANNELS 3 Zrotation Yrotation Xrotation
			JOINT spine3
			{
				OFFSET 0.000000 0.096615 -0.000000
				CHANNELS 3 Zrotation Yrotation Xrotation
				JOINT neck
				{
					OFFSET 0.000000 0.165863 -0.010039
					CHANNELS 3 Zrotation Yrotation Xrotation
					JOINT head
					{
						OFFSET 0.000000 0.168342 0.012908
						CHANNELS 3 Zrotation Yrotation Xrotation
						End Site
						{
							OFFSET 0.000000 0.000000 0.000000
						}
					}
				}
				JOINT left_collar
				{
					OFFSET 0.046364 0.094944 -0.000000
					CHANNELS 3 Zrotation Yrotation Xrotation
					JOINT left_shoulder
					{
						OFFSET 0.118056 0.055135 -0.008675
						CHANNELS 3 Zrotation Yrotation Xrotation
						JOINT left_elbow
						{
							OFFSET 0.250723 -0.032799 -0.031858
							CHANNELS 3 Zrotation Yrotation Xrotation
							JOINT left_wrist
							{
								OFFSET 0.241129 -0.010016 -0.004689
								CHANNELS 3 Zrotation Yrotation Xrotation
								JOINT left_pinky1
								{
									OFFSET 0.088743 -0.012511 -0.034384
									CHANNELS 3 Zrotation Yrotation Xrotation
									JOINT left_pinky2
									{
										OFFSET 0.025397 0.000000 -0.000847
										CHANNELS 3 Zrotation Yrotation Xrotation
										JOINT left_pinky3
										{
											OFFSET 0.021605 0.000000 -0.000721
											CHANNELS 3 Zrotation Yrotation Xrotation
											End Site
											{
												OFFSET 0.000000 0.000000 0.000000
											}
										}
									}
								}
								JOINT left_ring1
								{
									OFFSET 0.099726 -0.007763 -0.013228
									CHANNELS 3 Zrotation Yrotation Xrotation
									JOINT left_ring2
									{
										OFFSET 0.032130 -0.002011 -0.001834
										CHANNELS 3 Zrotation Yrotation Xrotation
										JOINT left_ring3
										{
											OFFSET 0.024805 -0.001553 -0.001416
											CHANNELS 3 Zrotation Yrotation Xrotation
											End Site
											{
												OFFSET 0.000000 0.000000 0.000000
											}
										}
									}
								}
								JOINT left_middle1
								{
									OFFSET 0.105715 -0.006141 0.006129
									CHANNELS 3 Zrotation Yrotation Xrotation
									JOINT left_middle2
									{
										OFFSET 0.033278 -0.001323 -0.000868
										CHANNELS 3 Zrotation Yrotation Xrotation
										JOINT left_middle3
										{
											OFFSET 0.025347 -0.001008 -0.000661
											CHANNELS 3 Zrotation Yrotation Xrotation
											End Site
											{
												OFFSET 0.000000 0.000000 0.000000
											}
										}
									}
								}
								JOINT left_index1
								{
									OFFSET 0.103060 -0.008307 0.026821
									CHANNELS 3 Zrotation Yrotation Xrotation
									JOINT left_index2
									{
										OFFSET 0.031407 -0.001304 -0.000135
										CHANNELS 3 Zrotation Yrotation Xrotation
										JOINT left_index3
										{
											OFFSET 0.023007 -0.000955 -0.000099
											CHANNELS 3 Zrotation Yrotation Xrotation
											End Site
											{
												OFFSET 0.000000 0.000000 0.000000
											}
										}
									}
								}
								JOINT left_thumb1
								{
									OFFSET 0.039126 -0.015460 0.032006
									CHANNELS 3 Zrotation Yrotation Xrotation
									JOINT left_thumb2
									{
										OFFSET 0.020179 -0.001931 0.016857
										CHANNELS 3 Zrotation Yrotation Xrotation
										JOINT left_thumb3
										{
											OFFSET 0.020952 -0.002004 0.017502
											CHANNELS 3 Zrotation Yrotation Xrotation
											End Site
											{
												OFFSET 0.000000 0.000000 0.000000
											}
										}
									}
								}
							}
						}
					}
				}
				JOINT right_collar
				{
					OFFSET -0.046364 0.094942 -0.000000
					CHANNELS 3 Zrotation Yrotation Xrotation
					JOINT right_shoulder
					{
						OFFSET -0.118056 0.055140 -0.008675
						CHANNELS 3 Zrotation Yrotation Xrotation
						JOINT right_elbow
						{
							OFFSET -0.250723 -0.032800 -0.031858
							CHANNELS 3 Zrotation Yrotation Xrotation
							JOINT right_wrist
							{
								OFFSET -0.241129 -0.010020 -0.004689
								CHANNELS 3 Zrotation Yrotation Xrotation
								JOINT right_pinky1
								{
									OFFSET -0.088743 -0.012509 -0.034384
									CHANNELS 3 Zrotation Yrotation Xrotation
									JOINT right_pinky2
									{
										OFFSET -0.025397 0.000000 -0.000847
										CHANNELS 3 Zrotation Yrotation Xrotation
										JOINT right_pinky3
										{
											OFFSET -0.021605 0.000000 -0.000721
											CHANNELS 3 Zrotation Yrotation Xrotation
											End Site
											{
												OFFSET 0.000000 0.000000 0.000000
											}
										}
									}
								}
								JOINT right_ring1
								{
									OFFSET -0.099726 -0.007761 -0.013228
									CHANNELS 3 Zrotation Yrotation Xrotation
									JOINT right_ring2
									{
										OFFSET -0.032130 -0.002011 -0.001834
										CHANNELS 3 Zrotation Yrotation Xrotation
										JOINT right_ring3
										{
											OFFSET -0.024805 -0.001560 -0.001416
											CHANNELS 3 Zrotation Yrotation Xrotation
											End Site
											{
												OFFSET 0.000000 0.000000 0.000000
											}
										}
									}
								}
								JOINT right_middle1
								{
									OFFSET -0.105715 -0.006139 0.006129
									CHANNELS 3 Zrotation Yrotation Xrotation
									JOINT right_middle2
									{
										OFFSET -0.033278 -0.001323 -0.000868
										CHANNELS 3 Zrotation Yrotation Xrotation
										JOINT right_middle3
										{
											OFFSET -0.025347 -0.001008 -0.000661
											CHANNELS 3 Zrotation Yrotation Xrotation
											End Site
											{
												OFFSET 0.000000 0.000000 0.000000
											}
										}
									}
								}
								JOINT right_index1
								{
									OFFSET -0.103060 -0.008310 0.026821
									CHANNELS 3 Zrotation Yrotation Xrotation
									JOINT right_index2
									{
										OFFSET -0.031407 -0.001300 -0.000135
										CHANNELS 3 Zrotation Yrotation Xrotation
										JOINT right_index3
										{
											OFFSET -0.023007 -0.000950 -0.000099
											CHANNELS 3 Zrotation Yrotation Xrotation
											End Site
											{
												OFFSET 0.000000 0.000000 0.000000
											}
										}
									}
								}
								JOINT right_thumb1
								{
									OFFSET -0.039126 -0.015460 0.032006
									CHANNELS 3 Zrotation Yrotation Xrotation
									JOINT right_thumb2
									{
										OFFSET -0.020179 -0.001930 0.016857
										CHANNELS 3 Zrotation Yrotation Xrotation
										JOINT right_thumb3
										{
											OFFSET -0.020952 -0.002000 0.017502
											CHANNELS 3 Zrotation Yrotation Xrotation
											End Site
											{
												OFFSET 0.000000 0.000000 0.000000
											}
										}
									}
								}
							}
						}
					}
				}
			}
		}
	}
}
MOTION
Frames: 240
Frame Time: 0.033333
0.026069 0.942832 0.042599 -1.177477 1.972431 -2.673983 -2.081599 5.746828 -1.652610 -1.864852 -0.548031 12.949803 2.292631 11.942267 -3.781558 4.139100 -2.644189 -22.582551 5.356686 -0.238747 3.554677 -0.135501 -7.064435 1.608208 7.406045 -6.268636 -6.905195 -21.655420 6.253321 5.584311 -0.396219 -0.644597 0.243817 -0.168746 0.844009 -1.597229 -0.382703 -4.658822 3.747983 6.293265 15.903587 5.339691 -2.729461 -12.829422 -9.437501 -27.235530 26.497976 -8.415368 -63.518012 -3.758917 -6.786648 -4.149526 -7.967502 24.351108 -3.486654 -23.944508 -15.878087 -33.069433 -18.152276 -21.722576 -28.530639 -6.644358 -10.884674 -3.826775 -4.206650 -21.059126 -36.115009 -7.085308 -6.107878 -35.336742 -8.344426 -15.319157 -20.791002 -9.228274 -8.527080 -30.449809 1.026286 -7.210101 -40.474625 0.117229 -8.637283 -19.365403 -5.372419 -0.194158 -23.701531 3.696132 5.719162 -43.456241 -1.178000 7.020673 -10.566582 -5.689846 -5.016964 1.815512 16.105874 49.351500 2.534405 2.202657 -28.595968 -14.507776 6.620655 30.044851 32.414139 -22.209621 -4.527866 57.805119 -2.610865 -11.621550 -1.030609 1.778126 15.838011 10.049165 25.265372 -2.882744 33.069433 18.152274 -21.722576 28.530639 6.644356 -10.884674 3.826775 4.206655 -21.059126 36.115009 7.085306 -6.107878 35.336742 8.344431 -15.319157 20.791002 9.228278 -8.527080 30.449809 -1.026281 -7.210101 40.474625 -0.117231 -8.637283 19.365403 5.372431 -0.194158 23.701531 -3.696120 5.719162 43.456241 1.178012 7.020673 10.566582 5.689844 -5.016964 -1.815512 -16.105869 49.351500 -2.534405 -2.202652 -28.595968 14.507776 -6.620650 30.044851
0.027166 0.944832 0.037976 -1.146254 2.121794 -2.743540 -2.187262 5.764655 -1.825494 -1.886130 -0.798918 13.044417 2.235149 12.204499 -3.926812 4.322192 -2.676974 -21.735850 5.341662 -0.185096 3.416217 -0.086884 -6.986611 1.695105 6.969865 -6.442785 -6.761120 -20.865759 5.939870 5.397085 -0.281481 -0.647219 0.372361 -0.385721 0.643167 -1.539804 -0.487871 -4.813560 3.108294 5.947941 16.054943 5.356057 -2.325443 -12.691002 -8.619502 -27.009332 27.212222 -6.896732 -63.466920 -4.913601 -6.830531 -3.653230 -7.316824 25.413567 -2.122563 -24.819681 -15.813613 -33.069433 -18.152276 -21.722576 -28.530639 -6.644358 -10.884674 -3.826775 -4.206650 -21.059126 -36.115009 -7.085308 -6.107878 -35.336742 -8.344426 -15.319157 -20.791002 -9.228274 -8.527080 -30.449809 1.026286 -7.210101 -40.474625 0.117229 -8.637283 -19.365403 -5.372419 -0.194158 -23.701531 3.696132 5.719162 -43.456241 -1.178000 7.020673 -10.566582 -5.689846 -5.016964 1.815512 16.105874 49.351500 2.534405 2.202657 -28.595968 -14.507776 6.620655 30.044851 32.460252 -23.001918 -2.955314 58.199849 -1.272817 -12.409922 -1.111460 1.475849 15.050411 5.902632 25.563971 -3.248487 33.069433 18.152274 -21.722576 28.530639 6.644356 -10.884674 3.826775 4.206655 -21.059126 36.115009 7.085306 -6.107878 35.336742 8.344431 -15.319157 20.791002 9.228278 -8.527080 30.449809 -1.026281 -7.210101 40.474625 -0.117231 -8.637283 19.365403 5.372431 -0.194158 23.701531 -3.696120 5.719162 43.456241 1.178012 7.020673 10.566582 5.689844 -5.016964 -1.815512 -16.105869 49.351500 -2.534405 -2.202652 -28.595968 14.507776 -6.620650 30.044851
0.027802 0.945546 0.034559 -1.127746 2.257599 -2.913353 -2.245799 5.758583 -1.947293 -1.900419 -1.037073 13.190038 2.135923 12.449744 -4.110197 4.555237 -2.720872 -20.901891 5.353367 -0.154339 3.358799 -0.043914 -6.915933 1.758722 6.522933 -6.617734 -6.591444 -20.094549 5.602814 5.293539 -0.160515 -0.632944 0.436876 -0.639248 0.408468 -1.350377 -0.569626 -4.986246 2.629908 5.492459 16.249321 5.366941 -1.744489 -12.529015 -7.903256 -26.867241 27.841282 -5.550937 -63.371346 -6.009048 -6.833439 -3.203136 -6.695926 26.508203 -0.904643 -25.481752 -15.883287 -33.069433 -18.152276 -21.722576 -28.530639 -6.644358 -10.884674 -3.826775 -4.206650 -21.059126 -36.115009 -7.085308 -6.107878 -35.336742 -8.344426 -15.319157 -20.791002 -9.228274 -8.527080 -30.449809 1.026286 -7.210101 -40.474625 0.117229 -8.637283 -19.365403 -5.372419 -0.194158 -23.701531 3.696132 5.719162 -43.456241 -1.178000 7.020673 -10.566582 -5.689846 -5.016964 1.815512 16.105874 49.351500 2.534405 2.202657 -28.595968 -14.507776 6.620655 30.044851 32.570884 -23.596982 -1.579428 58.527535 0.081152 -12.812817 -0.993466 1.124784 14.221604 2.019389 26.039393 -4.224519 33.069433 18.152274 -21.722576 28.530639 6.644356 -10.884674 3.826775 4.206655 -21.059126 36.115009 7.085306 -6.107878 35.336742 8.344431 -15.319157 20.791002 9.228278 -8.527080 30.449809 -1.026281 -7.210101 40.474625 -0.117231 -8.637283 19.365403 5.372431 -0.194158 23.701531 -3.696120 5.719162 43.456241 1.178012 7.020673 10.566582 5.689844 -5.016964 -1.815512 -16.105869 49.351500 -2.534405 -2.202652 -28.595968 14.507776 -6.620650 30.044851
0.027935 0.945812 0.031384 -1.168500 2.332198 -3.218845 -2.163321 5.746439 -1.953295 -1.917943 -1.163711 13.420313 2.027804 12.587447 -4.249667 4.743223 -2.784939 -20.534186 5.445420 -0.168047 3.434637 -0.040406 -6.859509 1.852784 6.278099 -6.761851 -6.486232 -19.750007 5.424491 5.312036 -0.074885 -0.597748 0.392140 -0.837204 0.225481 -1.020934 -0.582333 -5.105147 2.653615 5.076027 16.421937 5.335324 -1.190591 -12.426925 -7.682384 -26.937427 28.076867 -5.086271 -63.261351 -6.556494 -6.675144 -2.973571 -6.312225 27.220476 -0.391909 -25.544913 -16.144118 -33.069433 -18.152276 -21.722576 -28.530639 -6.644358 -10.884674 -3.826775 -4.206650 -21.059126 -36.115009 -7.085308 -6.107878 -35.336742 -8.344426 -15.319157 -20.791002 -9.228274 -8.527080 -30.449809 1.026286 -7.210101 -40.474625 0.117229 -8.637283 -19.365403 -5.372419 -0.194158 -23.701531 3.696132 5.719162 -43.456241 -1.178000 7.020673 -10.566582 -5.689846 -5.016964 1.815512 16.105874 49.351500 2.534405 2.202657 -28.595968 -14.507776 6.620655 30.044851 32.790134 -23.640531 -1.138564 58.684263 0.888016 -12.458581 -0.605624 0.910426 13.639661 -0.333173 26.536006 -5.720275 33.069433 18.152274 -21.722576 28.530639 6.644356 -10.884674 3.826775 4.206655 -21.059126 36.115009 7.085306 -6.107878 35.336742 8.344431 -15.319157 20.791002 9.228278 -8.527080 30.449809 -1.026281 -7.210101 40.474625 -0.117231 -8.637283 19.365403 5.372431 -0.194158 23.701531 -3.696120 5.719162 43.456241 1.178012 7.020673 10.566582 5.689844 -5.016964 -1.815512 -16.105869 49.351500 -2.534405 -2.202652 -28.595968 14.507776 -6.620650 30.044851
0.027527 0.946062 0.027848 -1.254277 2.368275 -3.598477 -1.968775 5.755967 -1.930955 -1.956398 -1.212117 13.748827 1.945354 12.649616 -4.289062 4.862979 -2.856437 -20.611765 5.609756 -0.203974 3.549077 -0.061854 -6.838861 2.012978 6.206178 -6.864611 -6.430028 -19.815196 5.416254 5.344318 -0.017717 -0.553864 0.283627 -0.979013 0.114442 -0.648860 -0.562148 -5.168190 3.025671 4.744841 16.565173 5.252116 -0.731281 -12.417349 -7.855582 -27.162704 28.145265 -5.258762 -63.162444 -6.720644 -6.280880 -2.849370 -6.076632 27.631765 -0.314581 -25.279803 -16.451105 -33.069433 -18.152276 -21.722576 -28.530639 -6.644358 -10.884674 -3.826775 -4.206650 -21.059126 -36.115009 -7.085308 -6.107878 -35.336742 -8.344426 -15.319157 -20.791002 -9.228274 -8.527080 -30.449809 1.026286 -7.210101 -40.474625 0.117229 -8.637283 -19.365403 -5.372419 -0.194158 -23.701531 3.696132 5.719162 -43.456241 -1.178000 7.020673 -10.566582 -5.689846 -5.016964 1.815512 16.105874 49.351500 2.534405 2.202657 -28.595968 -14.507776 6.620655 30.044851 33.046788 -23.391490 -1.342839 58.748962 1.357427 -11.580203 -0.096536 0.930650 13.422210 -1.615000 26.944312 -7.215524 33.069433 18.152274 -21.722576 28.530639 6.644356 -10.884674 3.826775 4.206655 -21.059126 36.115009 7.085306 -6.107878 35.336742 8.344431 -15.319157 20.791002 9.228278 -8.527080 30.449809 -1.026281 -7.210101 40.474625 -0.117231 -8.637283 19.365403 5.372431 -0.194158 23.701531 -3.696120 5.719162 43.456241 1.178012 7.020673 10.566582 5.689844 -5.016964 -1.815512 -16.105869 49.351500 -2.534405 -2.202652 -28.595968 14.507776 -6.620650 30.044851
0.026568 0.946439 0.023667 -1.329280 2.396327 -3.960194 -1.751106 5.776969 -1.962449 -2.005320 -1.237621 14.094019 1.892077 12.682660 -4.223954 4.952223 -2.900492 -20.890468 5.796912 -0.227088 3.617944 -0.082898 -6.878974 2.175485 6.189977 -6.903181 -6.359896 -20.109046 5.492096 5.314973 0.028909 -0.516162 0.143438 -1.098620 0.065729 -0.326854 -0.556528 -5.196549 3.477969 4.485507 16.686031 5.147254 -0.343021 -12.472503 -8.173385 -27.472453 28.357030 -5.620946 -63.075882 -6.813412 -5.673275 -2.685839 -5.876057 27.949475 -0.291775 -25.046369 -16.620603 -33.069433 -18.152276 -21.722576 -28.530639 -6.644358 -10.884674 -3.826775 -4.206650 -21.059126 -36.115009 -7.085308 -6.107878 -35.336742 -8.344426 -15.319157 -20.791002 -9.228274 -8.527080 -30.449809 1.026286 -7.210101 -40.474625 0.117229 -8.637283 -19.365403 -5.372419 -0.194158 -23.701531 3.696132 5.719162 -43.456241 -1.178000 7.020673 -10.566582 -5.689846 -5.016964 1.815512 16.105874 49.351500 2.534405 2.202657 -28.595968 -14.507776 6.620655 30.044851 33.222769 -23.155034 -1.684150 58.793105 1.851380 -10.518889 0.385531 1.147939 13.548484 -2.236671 27.284509 -8.195756 33.069433 18.152274 -21.722576 28.530639 6.644356 -10.884674 3.826775 4.206655 -21.059126 36.115009 7.085306 -6.107878 35.336742 8.344431 -15.319157 20.791002 9.228278 -8.527080 30.449809 -1.026281 -7.210101 40.474625 -0.117231 -8.637283 19.365403 5.372431 -0.194158 23.701531 -3.696120 5.719162 43.456241 1.178012 7.020673 10.566582 5.689844 -5.016964 -1.815512 -16.105869 49.351500 -2.534405 -2.202652 -28.595968 14.507776 -6.620650 30.044851
0.025005 0.946892 0.018648 -1.363234 2.389729 -4.235717 -1.567775 5.783397 -2.058510 -2.046677 -1.226208 14.336813 1.854245 12.697570 -4.088323 5.021049 -2.914849 -21.132273 5.961128 -0.214158 3.570430 -0.093908 -6.940371 2.316830 6.159502 -6.905285 -6.240667 -20.462164 5.586366 5.236803 0.077689 -0.488090 0.018111 -1.216521 0.081808 -0.097338 -0.571136 -5.173060 3.838937 4.314341 16.745667 5.050563 -0.070807 -12.530409 -8.429223 -27.844010 28.790484 -5.901895 -63.001912 -7.018603 -4.987278 -2.449310 -5.655585 28.271372 -0.204720 -24.939265 -16.633766 -33.069433 -18.152276 -21.722576 -28.530639 -6.644358 -10.884674 -3.826775 -4.206650 -21.059126 -36.115009 -7.085308 -6.107878 -35.336742 -8.344426 -15.319157 -20.791002 -9.228274 -8.527080 -30.449809 1.026286 -7.210101 -40.474625 0.117229 -8.637283 -19.365403 -5.372419 -0.194158 -23.701531 3.696132 5.719162 -43.456241 -1.178000 7.020673 -10.566582 -5.689846 -5.016964 1.815512 16.105874 49.351500 2.534405 2.202657 -28.595968 -14.507776 6.620655 30.044851 33.250682 -23.050430 -1.909075 58.860453 2.493828 -9.536450 0.787374 1.461383 13.895127 -2.464304 27.579793 -8.666216 33.069433 18.152274 -21.722576 28.530639 6.644356 -10.884674 3.826775 4.206655 -21.059126 36.115009 7.085306 -6.107878 35.336742 8.344431 -15.319157 20.791002 9.228278 -8.527080 30.449809 -1.026281 -7.210101 40.474625 -0.117231 -8.637283 19.365403 5.372431 -0.194158 23.701531 -3.696120 5.719162 43.456241 1.178012 7.020673 10.566582 5.689844 -5.016964 -1.815512 -16.105869 49.351500 -2.534405 -2.202652 -28.595968 14.507776 -6.620650 30.044851
0.023106 0.947285 0.013553 -1.335428 2.284066 -4.368207 -1.451893 5.777011 -2.182619 -2.073279 -1.128113 14.366782 1.832947 12.668855 -3.904767 5.040078 -2.909754 -21.184900 6.054109 -0.162693 3.363577 -0.081838 -6.958553 2.428611 6.090722 -6.891344 -6.068038 -20.772906 5.658650 5.152442 0.131068 -0.472367 -0.054873 -1.348425 0.172048 0.011335 -0.594479 -5.069992 4.017802 4.245385 16.691994 4.977904 0.029902 -12.523936 -8.522082 -28.274463 29.430147 -5.975772 -62.943869 -7.378214 -4.367582 -2.137382 -5.385206 28.602221 -0.070849 -24.987951 -16.446347 -33.069433 -18.152276 -21.722576 -28.530639 -6.644358 -10.884674 -3.826775 -4.206650 -21.059126 -36.115009 -7.085308 -6.107878 -35.336742 -8.344426 -15.319157 -20.791002 -9.228274 -8.527080 -30.449809 1.026286 -7.210101 -40.474625 0.117229 -8.637283 -19.365403 -5.372419 -0.194158 -23.701531 3.696132 5.719162 -43.456241 -1.178000 7.020673 -10.566582 -5.689846 -5.016964 1.815512 16.105874 49.351500 2.534405 2.202657 -28.595968 -14.507776 6.620655 30.044851 33.084275 -23.075960 -1.910749 58.984149 3.274634 -8.744181 1.126352 1.771153 14.355629 -2.491955 27.834163 -8.830620 33.069433 18.152274 -21.722576 28.530639 6.644356 -10.884674 3.826775 4.206655 -21.059126 36.115009 7.085306 -6.107878 35.336742 8.344431 -15.319157 20.791002 9.228278 -8.527080 30.449809 -1.026281 -7.210101 40.474625 -0.117231 -8.637283 19.365403 5.372431 -0.194158 23.701531 -3.696120 5.719162 43.456241 1.178012 7.020673 10.566582 5.689844 -5.016964 -1.815512 -16.105869 49.351500 -2.534405 -2.202652 -28.595968 14.507776 -6.620650 30.044851
0.021396 0.947728 0.008592 -1.235917 2.071203 -4.362849 -1.412088 5.769101 -2.293302 -2.078230 -0.921335 14.121761 1.827808 12.574838 -3.683072 4.992161 -2.890745 -20.996790 6.053630 -0.090627 3.030510 -0.044376 -6.916254 2.495202 5.978373 -6.847406 -5.854395 -20.997648 5.688225 5.091060 0.181228 -0.472319 -0.062525 -1.488951 0.318535 0.009198 -0.619172 -4.898753 3.990197 4.277688 16.504876 4.919943 -0.093136 -12.386681 -8.430136 -28.759713 30.247925 -5.815833 -62.908738 -7.896946 -3.905564 -1.750194 -5.053279 28.934163 0.090955 -25.211735 -16.038400 -33.069433 -18.152276 -21.722576 -28.530639 -6.644358 -10.884674 -3.826775 -4.206650 -21.059126 -36.115009 -7.085308 -6.107878 -35.336742 -8.344426 -15.319157 -20.791002 -9.228274 -8.527080 -30.449809 1.026286 -7.210101 -40.474625 0.117229 -8.637283 -19.365403 -5.372419 -0.194158 -23.701531 3.696132 5.719162 -43.456241 -1.178000 7.020673 -10.566582 -5.689846 -5.016964 1.815512 16.105874 49.351500 2.534405 2.202657 -28.595968 -14.507776 6.620655 30.044851 32.709377 -23.202102 -1.638737 59.181489 4.166329 -8.139801 1.433501 2.039845 14.883388 -2.436008 28.068725 -8.858547 33.069433 18.152274 -21.722576 28.530639 6.644356 -10.884674 3.826775 4.206655 -21.059126 36.115009 7.085306 -6.107878 35.336742 8.344431 -15.319157 20.791002 9.228278 -8.527080 30.449809 -1.026281 -7.210101 40.474625 -0.117231 -8.637283 19.365403 5.372431 -0.194158 23.701531 -3.696120 5.719162 43.456241 1.178012 7.020673 10.566582 5.689844 -5.016964 -1.815512 -16.105869 49.351500 -2.534405 -2.202652 -28.595968 14.507776 -6.620650 30.044851
0.019511 0.948379 0.004207 -1.080476 1.820357 -4.259398 -1.429020 5.746084 -2.389784 -2.059097 -0.621647 13.631637 1.822501 12.416270 -3.441857 4.909256 -2.866450 -20.551243 5.976259 -0.016110 2.602786 0.018731 -6.852651 2.543791 5.823442 -6.769014 -5.623352 -21.108668 5.677631 5.063364 0.220141 -0.480624 -0.020231 -1.614357 0.471156 -0.072351 -0.642382 -4.701852 3.764276 4.406174 16.214604 4.865900 -0.446903 -12.091509 -8.137691 -29.255374 31.216243 -5.407805 -62.896865 -8.551333 -3.629245 -1.318063 -4.698963 29.281316 0.301894 -25.560205 -15.584421 -33.069433 -18.152276 -21.722576 -28.530639 -6.644358 -10.884674 -3.826775 -4.206650 -21.059126 -36.115009 -7.085308 -6.107878 -35.336742 -8.344426 -15.319157 -20.791002 -9.228274 -8.527080 -30.449809 1.026286 -7.210101 -40.474625 0.117229 -8.637283 -19.365403 -5.372419 -0.194158 -23.701531 3.696132 5.719162 -43.456241 -1.178000 7.020673 -10.566582 -5.689846 -5.016964 1.815512 16.105874 49.351500 2.534405 2.202657 -28.595968 -14.507776 6.620655 30.044851 32.157274 -23.454804 -1.065528 59.434257 5.183460 -7.675467 1.694349 2.271648 15.484910 -2.359855 28.299353 -8.901002 33.069433 18.152274 -21.722576 28.530639 6.644356 -10.884674 3.826775 4.206655 -21.059126 36.115009 7.085306 -6.107878 35.336742 8.344431 -15.319157 20.791002 9.228278 -8.527080 30.449809 -1.026281 -7.210101 40.474625 -0.117231 -8.637283 19.365403 5.372431 -0.194158 23.701531 -3.696120 5.719162 43.456241 1.178012 7.020673 10.566582 5.689844 -5.016964 -1.815512 -16.105869 49.351500 -2.534405 -2.202652 -28.595968 14.507776 -6.620650 30.044851
0.017451 0.949104 -0.000117 -0.901826 1.607474 -4.078825 -1.476891 5.693150 -2.517452 -2.027793 -0.283983 13.060358 1.816975 12.196734 -3.222359 4.837576 -2.840482 -19.865297 5.857242 0.060067 2.062451 0.099793 -6.819825 2.631841 5.619983 -6.694382 -5.397969 -21.084023 5.629103 5.033976 0.243666 -0.496648 0.045906 -1.714388 0.581368 -0.220175 -0.663664 -4.525831 3.354005 4.579730 15.886906 4.818773 -0.920932 -11.677503 -7.649276 -29.646005 32.294197 -4.697951 -62.910372 -9.294847 -3.537645 -0.908224 -4.386167 29.696971 0.578945 -25.974980 -15.213908 -33.069433 -18.152276 -21.722576 -28.530639 -6.644358 -10.884674 -3.826775 -4.206650 -21.059126 -36.115009 -7.085308 -6.107878 -35.336742 -8.344426 -15.319157 -20.791002 -9.228274 -8.527080 -30.449809 1.026286 -7.210101 -40.474625 0.117229 -8.637283 -19.365403 -5.372419 -0.194158 -23.701531 3.696132 5.719162 -43.456241 -1.178000 7.020673 -10.566582 -5.689846 -5.016964 1.815512 16.105874 49.351500 2.534405 2.202657 -28.595968 -14.507776 6.620655 30.044851 31.504296 -23.915126 -0.194915 59.703593 6.363279 -7.280876 1.882103 2.472060 16.176693 -2.263853 28.524982 -8.994317 33.069433 18.152274 -21.722576 28.530639 6.644356 -10.884674 3.826775 4.206655 -21.059126 36.115009 7.085306 -6.107878 35.336742 8.344431 -15.319157 20.791002 9.228278 -8.527080 30.449809 -1.026281 -7.210101 40.474625 -0.117231 -8.637283 19.365403 5.372431 -0.194158 23.701531 -3.696120 5.719162 43.456241 1.178012 7.020673 10.566582 5.689844 -5.016964 -1.815512 -16.105869 49.351500 -2.534405 -2.202652 -28.595968 14.507776 -6.620650 30.044851
0.014885 0.949685 -0.004595 -0.733694 1.491518 -3.863919 -1.537850 5.618687 -2.727924 -1.999047 0.028279 12.605443 1.811221 11.920609 -3.047852 4.826505 -2.811850 -19.073407 5.736963 0.128301 1.423753 0.176817 -6.838110 2.809785 5.361415 -6.662949 -5.186225 -20.924816 5.528822 4.958542 0.247175 -0.521844 0.131105 -1.779962 0.626317 -0.408378 -0.684350 -4.409315 2.797897 4.706531 15.593406 4.768652 -1.325955 -11.234135 -7.026755 -29.832755 33.424616 -3.666551 -62.963705 -10.118574 -3.570963 -0.601371 -4.127091 30.190251 0.898235 -26.401835 -14.934610 -33.069433 -18.152276 -21.722576 -28.530639 -6.644358 -10.884674 -3.826775 -4.206650 -21.059126 -36.115009 -7.085308 -6.107878 -35.336742 -8.344426 -15.319157 -20.791002 -9.228274 -8.527080 -30.449809 1.026286 -7.210101 -40.474625 0.117229 -8.637283 -19.365403 -5.372419 -0.194158 -23.701531 3.696132 5.719162 -43.456241 -1.178000 7.020673 -10.566582 -5.689846 -5.016964 1.815512 16.105874 49.351500 2.534405 2.202657 -28.595968 -14.507776 6.620655 30.044851 30.836262 -24.645868 0.929454 59.986949 7.710917 -6.871669 2.009166 2.619134 16.945484 -2.171377 28.731147 -9.141104 33.069433 18.152274 -21.722576 28.530639 6.644356 -10.884674 3.826775 4.206655 -21.059126 36.115009 7.085306 -6.107878 35.336742 8.344431 -15.319157 20.791002 9.228278 -8.527080 30.449809 -1.026281 -7.210101 40.474625 -0.117231 -8.637283 19.365403 5.372431 -0.194158 23.701531 -3.696120 5.719162 43.456241 1.178012 7.020673 10.566582 5.689844 -5.016964 -1.815512 -16.105869 49.351500 -2.534405 -2.202652 -28.595968 14.507776 -6.620650 30.044851
0.011848 0.950073 -0.009164 -0.607936 1.500137 -3.722237 -1.574880 5.536540 -2.993744 -1.981850 0.271523 12.380286 1.781388 11.626937 -2.912603 4.923856 -2.786059 -18.435114 5.651731 0.176256 0.782742 0.235235 -6.887553 3.146934 5.106491 -6.705659 -5.034250 -20.746562 5.404362 4.823146 0.224730 -0.539036 0.208750 -1.788322 0.615416 -0.549724 -0.697367 -4.359214 2.296300 4.728879 15.395836 4.703763 -1.523969 -10.865470 -6.478037 -29.879872 34.396826 -2.612868 -63.048260 -10.899224 -3.573261 -0.444510 -3.908737 30.627503 1.197222 -26.757489 -14.706175 -33.069433 -18.152276 -21.722576 -28.530639 -6.644358 -10.884674 -3.826775 -4.206650 -21.059126 -36.115009 -7.085308 -6.107878 -35.336742 -8.344426 -15.319157 -20.791002 -9.228274 -8.527080 -30.449809 1.026286 -7.210101 -40.474625 0.117229 -8.637283 -19.365403 -5.372419 -0.194158 -23.701531 3.696132 5.719162 -43.456241 -1.178000 7.020673 -10.566582 -5.689846 -5.016964 1.815512 16.105874 49.351500 2.534405 2.202657 -28.595968 -14.507776 6.620655 30.044851 30.270195 -25.464008 2.035630 60.281222 9.030802 -6.343914 2.129128 2.697722 17.648979 -2.172100 28.912980 -9.353818 33.069433 18.152274 -21.722576 28.530639 6.644356 -10.884674 3.826775 4.206655 -21.059126 36.115009 7.085306 -6.107878 35.336742 8.344431 -15.319157 20.791002 9.228278 -8.527080 30.449809 -1.026281 -7.210101 40.474625 -0.117231 -8.637283 19.365403 5.372431 -0.194158 23.701531 -3.696120 5.719162 43.456241 1.178012 7.020673 10.566582 5.689844 -5.016964 -1.815512 -16.105869 49.351500 -2.534405 -2.202652 -28.595968 14.507776 -6.620650 30.044851
0.009232 0.950306 -0.014535 -0.556890 1.601620 -3.796343 -1.537802 5.467043 -3.194157 -1.988596 0.397000 12.413187 1.725805 11.397184 -2.824245 5.121618 -2.773785 -18.178043 5.630157 0.210973 0.282915 0.273143 -6.904294 3.683824 4.986715 -6.865936 -5.028402 -20.780171 5.356278 4.655087 0.184676 -0.526557 0.211528 -1.736783 0.591353 -0.505110 -0.681733 -4.336116 2.189816 4.631940 15.338359 4.617721 -1.470023 -10.655441 -6.319392 -29.980700 34.836760 -2.137907 -63.128773 -11.346234 -3.385865 -0.460111 -3.741555 30.815620 1.410110 -26.909632 -14.560959 -33.069433 -18.152276 -21.722576 -28.530639 -6.644358 -10.884674 -3.826775 -4.206650 -21.059126 -36.115009 -7.085308 -6.107878 -35.336742 -8.344426 -15.319157 -20.791002 -9.228274 -8.527080 -30.449809 1.026286 -7.210101 -40.474625 0.117229 -8.637283 -19.365403 -5.372419 -0.194158 -23.701531 3.696132 5.719162 -43.456241 -1.178000 7.020673 -10.566582 -5.689846 -5.016964 1.815512 16.105874 49.351500 2.534405 2.202657 -28.595968 -14.507776 6.620655 30.044851 29.986247 -25.939593 2.591233 60.548571 9.950857 -5.635410 2.288203 2.722618 18.065959 -2.329044 29.084227 -9.598010 33.069433 18.152274 -21.722576 28.530639 6.644356 -10.884674 3.826775 4.206655 -21.059126 36.115009 7.085306 -6.107878 35.336742 8.344431 -15.319157 20.791002 9.228278 -8.527080 30.449809 -1.026281 -7.210101 40.474625 -0.117231 -8.637283 19.365403 5.372431 -0.194158 23.701531 -3.696120 5.719162 43.456241 1.178012 7.020673 10.566582 5.689844 -5.016964 -1.815512 -16.105869 49.351500 -2.534405 -2.202652 -28.595968 14.507776 -6.620650 30.044851
0.007625 0.950256 -0.019881 -0.586713 1.712495 -4.146825 -1.417012 5.441901 -3.213252 -2.013150 0.369857 12.660490 1.679721 11.299395 -2.802200 5.372219 -2.773198 -18.365396 5.684492 0.233281 0.010033 0.295519 -6.844469 4.415970 5.084463 -7.141015 -5.204843 -21.177600 5.461475 4.485732 0.147548 -0.481710 0.097808 -1.644484 0.600123 -0.199957 -0.625859 -4.290934 2.655621 4.411619 15.413615 4.507816 -1.191580 -10.622021 -6.680354 -30.277130 34.625651 -2.568616 -63.183139 -11.343629 -2.890598 -0.621754 -3.619281 30.708836 1.512586 -26.754672 -14.654305 -33.069433 -18.152276 -21.722576 -28.530639 -6.644358 -10.884674 -3.826775 -4.206650 -21.059126 -36.115009 -7.085308 -6.107878 -35.336742 -8.344426 -15.319157 -20.791002 -9.228274 -8.527080 -30.449809 1.026286 -7.210101 -40.474625 0.117229 -8.637283 -19.365403 -5.372419 -0.194158 -23.701531 3.696132 5.719162 -43.456241 -1.178000 7.020673 -10.566582 -5.689846 -5.016964 1.815512 16.105874 49.351500 2.534405 2.202657 -28.595968 -14.507776 6.620655 30.044851 30.057831 -25.845548 2.303794 60.767235 10.323035 -4.712540 2.468176 2.700379 18.128918 -2.629755 29.251728 -9.881345 33.069433 18.152274 -21.722576 28.530639 6.644356 -10.884674 3.826775 4.206655 -21.059126 36.115009 7.085306 -6.107878 35.336742 8.344431 -15.319157 20.791002 9.228278 -8.527080 30.449809 -1.026281 -7.210101 40.474625 -0.117231 -8.637283 19.365403 5.372431 -0.194158 23.701531 -3.696120 5.719162 43.456241 1.178012 7.020673 10.566582 5.689844 -5.016964 -1.815512 -16.105869 49.351500 -2.534405 -2.202652 -28.595968 14.507776 -6.620650 30.044851
0.007418 0.949859 -0.024634 -0.666519 1.778112 -4.757855 -1.246077 5.461784 -3.038319 -2.037820 0.190742 13.132328 1.627135 11.358551 -2.876557 5.695514 -2.769414 -18.903215 5.787539 0.236832 -0.079760 0.309847 -6.711512 5.410124 5.366364 -7.482223 -5.559907 -21.891116 5.706421 4.264412 0.120864 -0.416728 -0.119075 -1.527671 0.640046 0.327233 -0.549193 -4.217953 3.589449 4.130082 15.547199 4.369143 -0.815854 -10.702953 -7.395221 -30.751425 34.016042 -3.704995 -63.201558 -11.050185 -2.055812 -0.866524 -3.541881 30.417129 1.538393 -26.365031 -14.985322 -33.069433 -18.152276 -21.722576 -28.530639 -6.644358 -10.884674 -3.826775 -4.206650 -21.059126 -36.115009 -7.085308 -6.107878 -35.336742 -8.344426 -15.319157 -20.791002 -9.228274 -8.527080 -30.449809 1.026286 -7.210101 -40.474625 0.117229 -8.637283 -19.365403 -5.372419 -0.194158 -23.701531 3.696132 5.719162 -43.456241 -1.178000 7.020673 -10.566582 -5.689846 -5.016964 1.815512 16.105874 49.351500 2.534405 2.202657 -28.595968 -14.507776 6.620655 30.044851 30.373218 -25.338204 1.384865 60.932094 10.292939 -3.608792 2.623447 2.638498 17.957936 -2.946202 29.387475 -10.157942 33.069433 18.152274 -21.722576 28.530639 6.644356 -10.884674 3.826775 4.206655 -21.059126 36.115009 7.085306 -6.107878 35.336742 8.344431 -15.319157 20.791002 9.228278 -8.527080 30.449809 -1.026281 -7.210101 40.474625 -0.117231 -8.637283 19.365403 5.372431 -0.194158 23.701531 -3.696120 5.719162 43.456241 1.178012 7.020673 10.566582 5.689844 -5.016964 -1.815512 -16.105869 49.351500 -2.534405 -2.202652 -28.595968 14.507776 -6.620650 30.044851
0.008708 0.949146 -0.028987 -0.757084 1.824933 -5.585216 -1.077245 5.483135 -2.771859 -2.052483 -0.082691 13.930376 1.469469 11.555357 -3.120938 6.187393 -2.740003 -19.583862 5.880524 0.224791 -0.143853 0.329642 -6.536475 6.864501 5.719591 -7.847017 -6.120732 -22.730186 5.987360 3.872011 0.090097 -0.347490 -0.370369 -1.392059 0.672810 0.968161 -0.491149 -4.145431 4.694769 3.893022 15.650164 4.207580 -0.505903 -10.795596 -8.149027 -31.247264 33.374318 -4.978194 -63.186827 -10.757463 -1.057204 -1.122670 -3.493407 30.107665 1.541967 -26.005286 -15.275162 -33.069433 -18.152276 -21.722576 -28.530639 -6.644358 -10.884674 -3.826775 -4.206650 -21.059126 -36.115009 -7.085308 -6.107878 -35.336742 -8.344426 -15.319157 -20.791002 -9.228274 -8.527080 -30.449809 1.026286 -7.210101 -40.474625 0.117229 -8.637283 -19.365403 -5.372419 -0.194158 -23.701531 3.696132 5.719162 -43.456241 -1.178000 7.020673 -10.566582 -5.689846 -5.016964 1.815512 16.105874 49.351500 2.534405 2.202657 -28.595968 -14.507776 6.620655 30.044851 30.758651 -24.778784 0.345131 61.059797 10.112978 -2.495444 2.723572 2.537165 17.735180 -3.174304 29.483584 -10.339867 33.069433 18.152274 -21.722576 28.530639 6.644356 -10.884674 3.826775 4.206655 -21.059126 36.115009 7.085306 -6.107878 35.336742 8.344431 -15.319157 20.791002 9.228278 -8.527080 30.449809 -1.026281 -7.210101 40.474625 -0.117231 -8.637283 19.365403 5.372431 -0.194158 23.701531 -3.696120 5.719162 43.456241 1.178012 7.020673 10.566582 5.689844 -5.016964 -1.815512 -16.105869 49.351500 -2.534405 -2.202652 -28.595968 14.507776 -6.620650 30.044851
0.010256 0.947933 -0.032688 -0.838740 1.880900 -6.549888 -0.956278 5.459393 -2.558573 -2.052917 -0.376191 15.181307 1.130188 11.859930 -3.641374 6.903223 -2.682711 -20.225634 5.919664 0.211363 -0.354241 0.369747 -6.330176 8.977399 6.071043 -8.223402 -6.931019 -23.516895 6.197723 3.216548 0.036875 -0.281695 -0.584397 -1.234065 0.674122 1.634278 -0.468116 -4.089362 5.700421 3.754804 15.680872 4.054126 -0.354264 -10.836072 -8.709390 -31.622989 32.920984 -5.910047 -63.158893 -10.672291 -0.130040 -1.344915 -3.451326 29.891656 1.547265 -25.908128 -15.271468 -33.069433 -18.152276 -21.722576 -28.530639 -6.644358 -10.884674 -3.826775 -4.206650 -21.059126 -36.115009 -7.085308 -6.107878 -35.336742 -8.344426 -15.319157 -20.791002 -9.228274 -8.527080 -30.449809 1.026286 -7.210101 -40.474625 0.117229 -8.637283 -19.365403 -5.372419 -0.194158 -23.701531 3.696132 5.719162 -43.456241 -1.178000 7.020673 -10.566582 -5.689846 -5.016964 1.815512 16.105874 49.351500 2.534405 2.202657 -28.595968 -14.507776 6.620655 30.044851 31.105624 -24.425962 -0.436379 61.165858 9.991415 -1.539921 2.767135 2.423729 17.595810 -3.355290 29.583156 -10.474620 33.069433 18.152274 -21.722576 28.530639 6.644356 -10.884674 3.826775 4.206655 -21.059126 36.115009 7.085306 -6.107878 35.336742 8.344431 -15.319157 20.791002 9.228278 -8.527080 30.449809 -1.026281 -7.210101 40.474625 -0.117231 -8.637283 19.365403 5.372431 -0.194158 23.701531 -3.696120 5.719162 43.456241 1.178012 7.020673 10.566582 5.689844 -5.016964 -1.815512 -16.105869 49.351500 -2.534405 -2.202652 -28.595968 14.507776 -6.620650 30.044851
0.012260 0.945349 -0.036355 -0.914502 1.931409 -7.642380 -0.893052 5.393386 -2.462939 -2.036016 -0.661836 16.999021 0.586559 12.258607 -4.526660 7.816023 -2.605961 -20.781246 5.921018 0.200988 -0.735145 0.427343 -6.032195 11.760843 6.410763 -8.658579 -7.981866 -24.162798 6.284166 2.319864 -0.041261 -0.222546 -0.743439 -1.047241 0.642348 2.332914 -0.466333 -4.047008 6.521303 3.724047 15.651099 3.939957 -0.373542 -10.824706 -9.028033 -31.840323 32.681920 -6.389989 -63.135467 -10.819180 0.640279 -1.542886 -3.424490 29.821391 1.572127 -25.989421 -15.060855 -33.069433 -18.152276 -21.722576 -28.530639 -6.644358 -10.884674 -3.826775 -4.206650 -21.059126 -36.115009 -7.085308 -6.107878 -35.336742 -8.344426 -15.319157 -20.791002 -9.228274 -8.527080 -30.449809 1.026286 -7.210101 -40.474625 0.117229 -8.637283 -19.365403 -5.372419 -0.194158 -23.701531 3.696132 5.719162 -43.456241 -1.178000 7.020673 -10.566582 -5.689846 -5.016964 1.815512 16.105874 49.351500 2.534405 2.202657 -28.595968 -14.507776 6.620655 30.044851 31.372623 -24.293505 -0.854901 61.234294 9.978581 -0.828277 2.775985 2.337280 17.579135 -3.524942 29.687152 -10.616428 33.069433 18.152274 -21.722576 28.530639 6.644356 -10.884674 3.826775 4.206655 -21.059126 36.115009 7.085306 -6.107878 35.336742 8.344431 -15.319157 20.791002 9.228278 -8.527080 30.449809 -1.026281 -7.210101 40.474625 -0.117231 -8.637283 19.365403 5.372431 -0.194158 23.701531 -3.696120 5.719162 43.456241 1.178012 7.020673 10.566582 5.689844 -5.016964 -1.815512 -16.105869 49.351500 -2.534405 -2.202652 -28.595968 14.507776 -6.620650 30.044851
0.014317 0.941157 -0.039006 -1.009648 1.954359 -8.879551 -0.867017 5.307367 -2.526908 -1.995434 -0.934921 19.498015 -0.182009 12.734241 -5.835999 8.872694 -2.513760 -21.228329 5.956314 0.196528 -1.263528 0.473124 -5.564518 15.189047 6.755710 -9.251700 -9.248540 -24.636906 6.235091 1.249942 -0.140161 -0.167385 -0.871401 -0.817053 0.571273 3.114650 -0.456928 -4.021121 7.178869 3.809899 15.600004 3.891689 -0.562756 -10.765748 -9.133138 -31.895156 32.557351 -6.488250 -63.130656 -11.126567 1.215521 -1.744428 -3.405270 29.933370 1.608974 -25.975966 -14.909706 -33.069433 -18.152276 -21.722576 -28.530639 -6.644358 -10.884674 -3.826775 -4.206650 -21.059126 -36.115009 -7.085308 -6.107878 -35.336742 -8.344426 -15.319157 -20.791002 -9.228274 -8.527080 -30.449809 1.026286 -7.210101 -40.474625 0.117229 -8.637283 -19.365403 -5.372419 -0.194158 -23.701531 3.696132 5.719162 -43.456241 -1.178000 7.020673 -10.566582 -5.689846 -5.016964 1.815512 16.105874 49.351500 2.534405 2.202657 -28.595968 -14.507776 6.620655 30.044851 31.574081 -24.238228 -0.973594 61.245698 10.018299 -0.440458 2.780672 2.280070 17.679785 -3.683667 29.752313 -10.760968 33.069433 18.152274 -21.722576 28.530639 6.644356 -10.884674 3.826775 4.206655 -21.059126 36.115009 7.085306 -6.107878 35.336742 8.344431 -15.319157 20.791002 9.228278 -8.527080 30.449809 -1.026281 -7.210101 40.474625 -0.117231 -8.637283 19.365403 5.372431 -0.194158 23.701531 -3.696120 5.719162 43.456241 1.178012 7.020673 10.566582 5.689844 -5.016964 -1.815512 -16.105869 49.351500 -2.534405 -2.202652 -28.595968 14.507776 -6.620650 30.044851
0.016524 0.934907 -0.041382 -1.157113 1.945295 -10.205190 -0.843807 5.218677 -2.764566 -1.927946 -1.169353 22.586271 -1.133554 13.215031 -7.532449 9.955682 -2.418151 -21.528945 6.107651 0.200653 -1.915382 0.484862 -4.928478 19.098830 7.118589 -10.048509 -10.685001 -24.925356 6.068619 0.124961 -0.255232 -0.109581 -0.977108 -0.527213 0.454319 3.980788 -0.408695 -4.028641 7.687848 4.003578 15.544249 3.906070 -0.935980 -10.625019 -9.066287 -31.815723 32.470809 -6.309274 -63.147603 -11.519063 1.565466 -1.957199 -3.372963 30.144385 1.648993 -25.787116 -14.895937 -33.069433 -18.152276 -21.722576 -28.530639 -6.644358 -10.884674 -3.826775 -4.206650 -21.059126 -36.115009 -7.085308 -6.107878 -35.336742 -8.344426 -15.319157 -20.791002 -9.228274 -8.527080 -30.449809 1.026286 -7.210101 -40.474625 0.117229 -8.637283 -19.365403 -5.372419 -0.194158 -23.701531 3.696132 5.719162 -43.456241 -1.178000 7.020673 -10.566582 -5.689846 -5.016964 1.815512 16.105874 49.351500 2.534405 2.202657 -28.595968 -14.507776 6.620655 30.044851 31.737196 -24.127905 -0.886965 61.184672 10.074879 -0.382176 2.784860 2.205136 17.869557 -3.836649 29.775579 -10.935507 33.069433 18.152274 -21.722576 28.530639 6.644356 -10.884674 3.826775 4.206655 -21.059126 36.115009 7.085306 -6.107878 35.336742 8.344431 -15.319157 20.791002 9.228278 -8.527080 30.449809 -1.026281 -7.210101 40.474625 -0.117231 -8.637283 19.365403 5.372431 -0.194158 23.701531 -3.696120 5.719162 43.456241 1.178012 7.020673 10.566582 5.689844 -5.016964 -1.815512 -16.105869 49.351500 -2.534405 -2.202652 -28.595968 14.507776 -6.620650 30.044851
0.018654 0.927361 -0.042752 -1.369925 1.896835 -11.493264 -0.781512 5.141414 -3.055199 -1.857066 -1.346740 25.806916 -2.092101 13.626626 -9.369023 10.899102 -2.340136 -21.726484 6.395267 0.201104 -2.583026 0.484754 -4.266564 22.992956 7.463715 -10.908610 -12.160196 -25.023681 5.847123 -0.851441 -0.376635 -0.049059 -1.047683 -0.189325 0.303468 4.849936 -0.314867 -4.079328 8.063546 4.260375 15.498575 3.961531 -1.434223 -10.402259 -8.911214 -31.678193 32.422682 -6.027411 -63.173467 -11.903364 1.726242 -2.143918 -3.336374 30.273974 1.728671 -25.550028 -14.981097 -33.069433 -18.152276 -21.722576 -28.530639 -6.644358 -10.884674 -3.826775 -4.206650 -21.059126 -36.115009 -7.085308 -6.107878 -35.336742 -8.344426 -15.319157 -20.791002 -9.228274 -8.527080 -30.449809 1.026286 -7.210101 -40.474625 0.117229 -8.637283 -19.365403 -5.372419 -0.194158 -23.701531 3.696132 5.719162 -43.456241 -1.178000 7.020673 -10.566582 -5.689846 -5.016964 1.815512 16.105874 49.351500 2.534405 2.202657 -28.595968 -14.507776 6.620655 30.044851 31.906472 -23.956816 -0.683897 61.038079 10.119706 -0.536081 2.743019 2.102990 18.106851 -3.973958 29.778786 -11.173748 33.069433 18.152274 -21.722576 28.530639 6.644356 -10.884674 3.826775 4.206655 -21.059126 36.115009 7.085306 -6.107878 35.336742 8.344431 -15.319157 20.791002 9.228278 -8.527080 30.449809 -1.026281 -7.210101 40.474625 -0.117231 -8.637283 19.365403 5.372431 -0.194158 23.701531 -3.696120 5.719162 43.456241 1.178012 7.020673 10.566582 5.689844 -5.016964 -1.815512 -16.105869 49.351500 -2.534405 -2.202652 -28.595968 14.507776 -6.620650 30.044851
0.020636 0.919518 -0.043052 -1.605290 1.808917 -12.581624 -0.689924 5.086233 -3.259955 -1.822312 -1.483993 28.558791 -2.846874 13.969828 -11.000736 11.608070 -2.297468 -21.929642 6.700749 0.186480 -3.122325 0.514652 -3.802302 26.303299 7.699512 -11.534971 -13.455423 -24.947223 5.641466 -1.565343 -0.490651 0.004982 -1.098322 0.127470 0.146893 5.606177 -0.213247 -4.165798 8.330095 4.482140 15.503781 4.041294 -1.867392 -10.165252 -8.742797 -31.484532 32.363190 -5.791084 -63.213508 -12.159723 1.655259 -2.268253 -3.302558 30.199427 1.876364 -25.397474 -15.153718 -33.069433 -18.152276 -21.722576 -28.530639 -6.644358 -10.884674 -3.826775 -4.206650 -21.059126 -36.115009 -7.085308 -6.107878 -35.336742 -8.344426 -15.319157 -20.791002 -9.228274 -8.527080 -30.449809 1.026286 -7.210101 -40.474625 0.117229 -8.637283 -19.365403 -5.372419 -0.194158 -23.701531 3.696132 5.719162 -43.456241 -1.178000 7.020673 -10.566582 -5.689846 -5.016964 1.815512 16.105874 49.351500 2.534405 2.202657 -28.595968 -14.507776 6.620655 30.044851 32.149860 -23.833976 -0.432518 60.813612 10.103717 -0.859258 2.626765 2.048055 18.374519 -4.104439 29.773133 -11.443301 33.069433 18.152274 -21.722576 28.530639 6.644356 -10.884674 3.826775 4.206655 -21.059126 36.115009 7.085306 -6.107878 35.336742 8.344431 -15.319157 20.791002 9.228278 -8.527080 30.449809 -1.026281 -7.210101 40.474625 -0.117231 -8.637283 19.365403 5.372431 -0.194158 23.701531 -3.696120 5.719162 43.456241 1.178012 7.020673 10.566582 5.689844 -5.016964 -1.815512 -16.105869 49.351500 -2.534405 -2.202652 -28.595968 14.507776 -6.620650 30.044851
0.022211 0.913302 -0.042580 -1.753735 1.690181 -13.349152 -0.654739 5.054643 -3.311003 -1.836367 -1.587866 30.427859 -3.308942 14.281785 -12.184974 12.091765 -2.286895 -22.177385 6.805163 0.156783 -3.440550 0.596861 -3.681292 28.631795 7.750896 -11.692721 -14.347075 -24.736997 5.500852 -2.067642 -0.577867 0.044337 -1.151635 0.312516 0.009551 6.147435 -0.173752 -4.265642 8.490630 4.534750 15.613979 4.123929 -2.024228 -9.996034 -8.583394 -31.138094 32.177249 -5.613953 -63.282811 -12.189064 1.253876 -2.334055 -3.251031 29.893964 2.082211 -25.374035 -15.356680 -33.069433 -18.152276 -21.722576 -28.530639 -6.644358 -10.884674 -3.826775 -4.206650 -21.059126 -36.115009 -7.085308 -6.107878 -35.336742 -8.344426 -15.319157 -20.791002 -9.228274 -8.527080 -30.449809 1.026286 -7.210101 -40.474625 0.117229 -8.637283 -19.365403 -5.372419 -0.194158 -23.701531 3.696132 5.719162 -43.456241 -1.178000 7.020673 -10.566582 -5.689846 -5.016964 1.815512 16.105874 49.351500 2.534405 2.202657 -28.595968 -14.507776 6.620655 30.044851 32.482824 -23.855425 -0.200307 60.545290 9.950748 -1.419279 2.472260 2.097772 18.648985 -4.219603 29.766955 -11.613739 33.069433 18.152274 -21.722576 28.530639 6.644356 -10.884674 3.826775 4.206655 -21.059126 36.115009 7.085306 -6.107878 35.336742 8.344431 -15.319157 20.791002 9.228278 -8.527080 30.449809 -1.026281 -7.210101 40.474625 -0.117231 -8.637283 19.365403 5.372431 -0.194158 23.701531 -3.696120 5.719162 43.456241 1.178012 7.020673 10.566582 5.689844 -5.016964 -1.815512 -16.105869 49.351500 -2.534405 -2.202652 -28.595968 14.507776 -6.620650 30.044851
0.023336 0.910486 -0.042368 -1.731386 1.540763 -13.693845 -0.748360 5.038558 -3.252948 -1.886966 -1.616765 31.222431 -3.485298 14.585562 -12.767511 12.361286 -2.299271 -22.372444 6.586202 0.119271 -3.562978 0.723660 -3.898123 29.730141 7.631977 -11.356949 -14.706587 -24.487117 5.453198 -2.382419 -0.623658 0.054794 -1.184948 0.298996 -0.077349 6.391119 -0.229342 -4.343253 8.520612 4.372568 15.805236 4.180752 -1.861828 -9.921503 -8.449432 -30.570538 31.786481 -5.456687 -63.404155 -11.966209 0.480975 -2.332996 -3.155804 29.293678 2.307980 -25.492988 -15.443117 -33.069433 -18.152276 -21.722576 -28.530639 -6.644358 -10.884674 -3.826775 -4.206650 -21.059126 -36.115009 -7.085308 -6.107878 -35.336742 -8.344426 -15.319157 -20.791002 -9.228274 -8.527080 -30.449809 1.026286 -7.210101 -40.474625 0.117229 -8.637283 -19.365403 -5.372419 -0.194158 -23.701531 3.696132 5.719162 -43.456241 -1.178000 7.020673 -10.566582 -5.689846 -5.016964 1.815512 16.105874 49.351500 2.534405 2.202657 -28.595968 -14.507776 6.620655 30.044851 32.782701 -24.033064 -0.102036 60.300123 9.485058 -2.244619 2.369113 2.257687 18.814252 -4.351179 29.784212 -11.591466 33.069433 18.152274 -21.722576 28.530639 6.644356 -10.884674 3.826775 4.206655 -21.059126 36.115009 7.085306 -6.107878 35.336742 8.344431 -15.319157 20.791002 9.228278 -8.527080 30.449809 -1.026281 -7.210101 40.474625 -0.117231 -8.637283 19.365403 5.372431 -0.194158 23.701531 -3.696120 5.719162 43.456241 1.178012 7.020673 10.566582 5.689844 -5.016964 -1.815512 -16.105869 49.351500 -2.534405 -2.202652 -28.595968 14.507776 -6.620650 30.044851
0.023772 0.911552 -0.042951 -1.602979 1.376859 -13.482617 -0.896059 5.039979 -3.230873 -1.958169 -1.556031 30.849238 -3.351497 14.820113 -12.617663 12.319908 -2.339850 -22.471861 6.196978 0.090987 -3.590060 0.844158 -4.322606 29.437745 7.440949 -10.709119 -14.502908 -24.275271 5.510961 -2.381602 -0.633353 0.029529 -1.176713 0.150364 -0.102614 6.259930 -0.337669 -4.382998 8.403593 4.117652 15.997862 4.195801 -1.547462 -9.896306 -8.383952 -29.837737 31.157596 -5.405290 -63.598318 -11.446978 -0.594028 -2.205743 -3.035170 28.274314 2.538155 -25.790157 -15.414936 -33.069433 -18.152276 -21.722576 -28.530639 -6.644358 -10.884674 -3.826775 -4.206650 -21.059126 -36.115009 -7.085308 -6.107878 -35.336742 -8.344426 -15.319157 -20.791002 -9.228274 -8.527080 -30.449809 1.026286 -7.210101 -40.474625 0.117229 -8.637283 -19.365403 -5.372419 -0.194158 -23.701531 3.696132 5.719162 -43.456241 -1.178000 7.020673 -10.566582 -5.689846 -5.016964 1.815512 16.105874 49.351500 2.534405 2.202657 -28.595968 -14.507776 6.620655 30.044851 32.898401 -24.275691 -0.246110 60.164666 8.499662 -3.299179 2.375501 2.545047 18.756434 -4.530128 29.860764 -11.504407 33.069433 18.152274 -21.722576 28.530639 6.644356 -10.884674 3.826775 4.206655 -21.059126 36.115009 7.085306 -6.107878 35.336742 8.344431 -15.319157 20.791002 9.228278 -8.527080 30.449809 -1.026281 -7.210101 40.474625 -0.117231 -8.637283 19.365403 5.372431 -0.194158 23.701531 -3.696120 5.719162 43.456241 1.178012 7.020673 10.566582 5.689844 -5.016964 -1.815512 -16.105869 49.351500 -2.534405 -2.202652 -28.595968 14.507776 -6.620650 30.044851
0.024312 0.916129 -0.044772 -1.516612 1.258745 -12.641543 -0.958107 5.069697 -3.419137 -2.036106 -1.498363 29.379163 -2.863331 14.907457 -11.725070 11.852174 -2.420890 -22.558165 5.907961 0.086698 -3.662520 0.913422 -4.823347 27.760941 7.294682 -9.989566 -13.801708 -24.150440 5.680910 -1.921973 -0.629262 -0.025549 -1.115410 -0.002040 -0.107231 5.720234 -0.424855 -4.421923 8.138855 3.920976 16.169197 4.186402 -1.273888 -9.874888 -8.450461 -29.069338 30.283841 -5.636759 -63.828829 -10.562318 -1.827236 -1.889993 -2.895765 26.760530 2.757831 -26.289190 -15.461517 -33.069433 -18.152276 -21.722576 -28.530639 -6.644358 -10.884674 -3.826775 -4.206650 -21.059126 -36.115009 -7.085308 -6.107878 -35.336742 -8.344426 -15.319157 -20.791002 -9.228274 -8.527080 -30.449809 1.026286 -7.210101 -40.474625 0.117229 -8.637283 -19.365403 -5.372419 -0.194158 -23.701531 3.696132 5.719162 -43.456241 -1.178000 7.020673 -10.566582 -5.689846 -5.016964 1.815512 16.105874 49.351500 2.534405 2.202657 -28.595968 -14.507776 6.620655 30.044851 32.781667 -24.403266 -0.652958 60.180858 6.910576 -4.520832 2.457839 2.973600 18.499147 -4.711797 29.989060 -11.529081 33.069433 18.152274 -21.722576 28.530639 6.644356 -10.884674 3.826775 4.206655 -21.059126 36.115009 7.085306 -6.107878 35.336742 8.344431 -15.319157 20.791002 9.228278 -8.527080 30.449809 -1.026281 -7.210101 40.474625 -0.117231 -8.637283 19.365403 5.372431 -0.194158 23.701531 -3.696120 5.719162 43.456241 1.178012 7.020673 10.566582 5.689844 -5.016964 -1.815512 -16.105869 49.351500 -2.534405 -2.202652 -28.595968 14.507776 -6.620650 30.044851
0.023875 0.923168 -0.047500 -1.500840 1.274871 -11.236289 -0.967284 5.116366 -3.907952 -2.108098 -1.585551 27.077189 -2.019943 14.882430 -10.240007 10.948630 -2.529073 -22.658552 5.748683 0.102551 -3.874193 0.934125 -5.448596 25.026584 7.222003 -9.261462 -12.709529 -24.175841 5.969868 -1.092287 -0.628404 -0.110367 -1.029086 -0.128179 -0.129621 4.835358 -0.481201 -4.512697 7.773727 3.800411 16.351422 4.158520 -1.064593 -9.855222 -8.723174 -28.375499 29.232948 -6.259006 -64.015277 -9.306131 -3.034165 -1.425190 -2.776155 24.800167 2.959506 -26.917521 -15.502730 -33.069433 -18.152276 -21.722576 -28.530639 -6.644358 -10.884674 -3.826775 -4.206650 -21.059126 -36.115009 -7.085308 -6.107878 -35.336742 -8.344426 -15.319157 -20.791002 -9.228274 -8.527080 -30.449809 1.026286 -7.210101 -40.474625 0.117229 -8.637283 -19.365403 -5.372419 -0.194158 -23.701531 3.696132 5.719162 -43.456241 -1.178000 7.020673 -10.566582 -5.689846 -5.016964 1.815512 16.105874 49.351500 2.534405 2.202657 -28.595968 -14.507776 6.620655 30.044851 32.529060 -24.323891 -1.302509 60.269228 4.864532 -5.712683 2.532784 3.492531 18.099179 -4.705774 30.116360 -11.535337 33.069433 18.152274 -21.722576 28.530639 6.644356 -10.884674 3.826775 4.206655 -21.059126 36.115009 7.085306 -6.107878 35.336742 8.344431 -15.319157 20.791002 9.228278 -8.527080 30.449809 -1.026281 -7.210101 40.474625 -0.117231 -8.637283 19.365403 5.372431 -0.194158 23.701531 -3.696120 5.719162 43.456241 1.178012 7.020673 10.566582 5.689844 -5.016964 -1.815512 -16.105869 49.351500 -2.534405 -2.202652 -28.595968 14.507776 -6.620650 30.044851
0.023418 0.930863 -0.050891 -1.462707 1.428243 -9.473878 -1.047949 5.164903 -4.587335 -2.151684 -1.794937 24.245271 -0.895617 14.770766 -8.351774 9.705337 -2.648014 -22.740851 5.591680 0.141674 -4.203711 0.925335 -6.245126 21.722778 7.180544 -8.492798 -11.336640 -24.348743 6.325161 -0.126720 -0.625100 -0.214609 -0.955544 -0.293995 -0.164147 3.752550 -0.540912 -4.652374 7.373375 3.674444 16.555651 4.106278 -0.818093 -9.858898 -9.201910 -27.789255 28.223539 -7.143471 -64.056751 -7.855521 -3.992826 -0.958149 -2.736929 22.667524 3.135840 -27.502813 -15.316702 -33.069433 -18.152276 -21.722576 -28.530639 -6.644358 -10.884674 -3.826775 -4.206650 -21.059126 -36.115009 -7.085308 -6.107878 -35.336742 -8.344426 -15.319157 -20.791002 -9.228274 -8.527080 -30.449809 1.026286 -7.210101 -40.474625 0.117229 -8.637283 -19.365403 -5.372419 -0.194158 -23.701531 3.696132 5.719162 -43.456241 -1.178000 7.020673 -10.566582 -5.689846 -5.016964 1.815512 16.105874 49.351500 2.534405 2.202657 -28.595968 -14.507776 6.620655 30.044851 32.259508 -24.116453 -2.076753 60.309042 2.801937 -6.577913 2.487458 3.875179 17.554566 -4.304615 30.265535 -11.263915 33.069433 18.152274 -21.722576 28.530639 6.644356 -10.884674 3.826775 4.206655 -21.059126 36.115009 7.085306 -6.107878 35.336742 8.344431 -15.319157 20.791002 9.228278 -8.527080 30.449809 -1.026281 -7.210101 40.474625 -0.117231 -8.637283 19.365403 5.372431 -0.194158 23.701531 -3.696120 5.719162 43.456241 1.178012 7.020673 10.566582 5.689844 -5.016964 -1.815512 -16.105869 49.351500 -2.534405 -2.202652 -28.595968 14.507776 -6.620650 30.044851
0.022578 0.937889 -0.053836 -1.327208 1.610766 -7.600801 -1.236756 5.212311 -5.296074 -2.155013 -1.940830 21.154052 0.360576 14.494703 -6.274039 8.284273 -2.777801 -22.723344 5.397660 0.219388 -4.608092 0.893662 -7.042155 18.248992 7.111869 -7.759844 -9.839309 -24.551394 6.648147 0.838636 -0.598741 -0.313455 -0.880192 -0.551993 -0.173484 2.628969 -0.617190 -4.781171 6.942045 3.463143 16.746131 4.035709 -0.457364 -9.900656 -9.768300 -27.330735 27.547882 -7.994109 -63.888312 -6.561719 -4.528491 -0.580800 -2.776449 20.718641 3.291305 -27.930464 -15.027239 -33.069433 -18.152276 -21.722576 -28.530639 -6.644358 -10.884674 -3.826775 -4.206650 -21.059126 -36.115009 -7.085308 -6.107878 -35.336742 -8.344426 -15.319157 -20.791002 -9.228274 -8.527080 -30.449809 1.026286 -7.210101 -40.474625 0.117229 -8.637283 -19.365403 -5.372419 -0.194158 -23.701531 3.696132 5.719162 -43.456241 -1.178000 7.020673 -10.566582 -5.689846 -5.016964 1.815512 16.105874 49.351500 2.534405 2.202657 -28.595968 -14.507776 6.620655 30.044851 32.014949 -23.905235 -2.761413 60.276224 1.134319 -6.980385 2.277641 3.910115 16.880244 -3.614945 30.448036 -10.713136 33.069433 18.152274 -21.722576 28.530639 6.644356 -10.884674 3.826775 4.206655 -21.059126 36.115009 7.085306 -6.107878 35.336742 8.344431 -15.319157 20.791002 9.228278 -8.527080 30.449809 -1.026281 -7.210101 40.474625 -0.117231 -8.637283 19.365403 5.372431 -0.194158 23.701531 -3.696120 5.719162 43.456241 1.178012 7.020673 10.566582 5.689844 -5.016964 -1.815512 -16.105869 49.351500 -2.534405 -2.202652 -28.595968 14.507776 -6.620650 30.044851
0.021151 0.943158 -0.056933 -1.111182 1.723519 -5.840782 -1.479317 5.258162 -5.930268 -2.121740 -1.860725 18.136853 1.557483 13.960895 -4.275412 6.841141 -2.920149 -22.537448 5.211166 0.332271 -5.007164 0.841219 -7.602381 14.898927 6.965920 -7.213149 -8.357874 -24.669152 6.883693 1.748707 -0.542164 -0.394359 -0.798740 -0.866385 -0.140433 1.596589 -0.696699 -4.858666 6.474021 3.227186 16.859586 3.981019 -0.109371 -9.942123 -10.262968 -27.060823 27.423204 -8.588883 -63.518950 -5.705609 -4.626961 -0.305930 -2.870910 19.201714 3.509983 -28.225787 -14.854007 -33.069433 -18.152276 -21.722576 -28.530639 -6.644358 -10.884674 -3.826775 -4.206650 -21.059126 -36.115009 -7.085308 -6.107878 -35.336742 -8.344426 -15.319157 -20.791002 -9.228274 -8.527080 -30.449809 1.026286 -7.210101 -40.474625 0.117229 -8.637283 -19.365403 -5.372419 -0.194158 -23.701531 3.696132 5.719162 -43.456241 -1.178000 7.020673 -10.566582 -5.689846 -5.016964 1.815512 16.105874 49.351500 2.534405 2.202657 -28.595968 -14.507776 6.620655 30.044851 31.749786 -23.726196 -3.174079 60.234470 -0.001022 -7.062784 1.955026 3.632577 16.183618 -2.922806 30.558141 -10.093929 33.069433 18.152274 -21.722576 28.530639 6.644356 -10.884674 3.826775 4.206655 -21.059126 36.115009 7.085306 -6.107878 35.336742 8.344431 -15.319157 20.791002 9.228278 -8.527080 30.449809 -1.026281 -7.210101 40.474625 -0.117231 -8.637283 19.365403 5.372431 -0.194158 23.701531 -3.696120 5.719162 43.456241 1.178012 7.020673 10.566582 5.689844 -5.016964 -1.815512 -16.105869 49.351500 -2.534405 -2.202652 -28.595968 14.507776 -6.620650 30.044851
0.019595 0.947137 -0.059394 -0.886548 1.752390 -4.426448 -1.699420 5.320884 -6.339131 -2.066217 -1.567683 15.449785 2.558060 13.222667 -2.543347 5.496183 -3.047225 -22.303078 5.095081 0.452373 -5.206595 0.763958 -7.833999 11.840387 6.764610 -6.929313 -7.003546 -24.680758 7.029367 2.572644 -0.460537 -0.455694 -0.734059 -1.182444 -0.062760 0.799960 -0.775302 -4.885502 6.087446 3.036249 16.890915 3.943682 0.157362 -9.989361 -10.669050 -26.999398 27.782949 -8.952301 -63.027803 -5.273307 -4.431637 -0.113792 -3.049834 18.066892 3.883549 -28.495655 -14.825138 -33.069433 -18.152276 -21.722576 -28.530639 -6.644358 -10.884674 -3.826775 -4.206650 -21.059126 -36.115009 -7.085308 -6.107878 -35.336742 -8.344426 -15.319157 -20.791002 -9.228274 -8.527080 -30.449809 1.026286 -7.210101 -40.474625 0.117229 -8.637283 -19.365403 -5.372419 -0.194158 -23.701531 3.696132 5.719162 -43.456241 -1.178000 7.020673 -10.566582 -5.689846 -5.016964 1.815512 16.105874 49.351500 2.534405 2.202657 -28.595968 -14.507776 6.620655 30.044851 31.461749 -23.530388 -3.348186 60.253983 -0.711731 -7.023267 1.605885 3.225805 15.561231 -2.388217 30.518212 -9.546945 33.069433 18.152274 -21.722576 28.530639 6.644356 -10.884674 3.826775 4.206655 -21.059126 36.115009 7.085306 -6.107878 35.336742 8.344431 -15.319157 20.791002 9.228278 -8.527080 30.449809 -1.026281 -7.210101 40.474625 -0.117231 -8.637283 19.365403 5.372431 -0.194158 23.701531 -3.696120 5.719162 43.456241 1.178012 7.020673 10.566582 5.689844 -5.016964 -1.815512 -16.105869 49.351500 -2.534405 -2.202652 -28.595968 14.507776 -6.620650 30.044851
0.018158 0.949889 -0.061912 -0.686853 1.728682 -3.548324 -1.876443 5.418494 -6.317152 -2.011264 -1.276546 13.120053 3.327771 12.550625 -1.093721 4.384295 -3.111606 -22.202640 5.052660 0.553507 -4.975911 0.669659 -7.857133 9.137717 6.552718 -6.802033 -5.839248 -24.639511 7.080880 3.291320 -0.350569 -0.494578 -0.713860 -1.518002 0.081985 0.371732 -0.878527 -4.862566 5.952530 2.800862 16.909166 3.865476 0.532584 -10.140752 -11.090254 -27.104104 28.386669 -9.272879 -62.495988 -5.118814 -4.100934 0.036385 -3.331880 17.052319 4.352159 -28.772804 -14.815903 -33.069433 -18.152276 -21.722576 -28.530639 -6.644358 -10.884674 -3.826775 -4.206650 -21.059126 -36.115009 -7.085308 -6.107878 -35.336742 -8.344426 -15.319157 -20.791002 -9.228274 -8.527080 -30.449809 1.026286 -7.210101 -40.474625 0.117229 -8.637283 -19.365403 -5.372419 -0.194158 -23.701531 3.696132 5.719162 -43.456241 -1.178000 7.020673 -10.566582 -5.689846 -5.016964 1.815512 16.105874 49.351500 2.534405 2.202657 -28.595968 -14.507776 6.620655 30.044851 31.246005 -23.279776 -3.496600 60.358244 -1.217397 -6.932575 1.300037 2.848062 15.060368 -2.045507 30.403490 -9.096630 33.069433 18.152274 -21.722576 28.530639 6.644356 -10.884674 3.826775 4.206655 -21.059126 36.115009 7.085306 -6.107878 35.336742 8.344431 -15.319157 20.791002 9.228278 -8.527080 30.449809 -1.026281 -7.210101 40.474625 -0.117231 -8.637283 19.365403 5.372431 -0.194158 23.701531 -3.696120 5.719162 43.456241 1.178012 7.020673 10.566582 5.689844 -5.016964 -1.815512 -16.105869 49.351500 -2.534405 -2.202652 -28.595968 14.507776 -6.620650 30.044851
0.016879 0.951512 -0.063318 -0.517558 1.672183 -3.287105 -2.003794 5.559333 -5.796631 -1.963151 -1.219152 11.261371 3.854515 12.210776 0.030766 3.653747 -3.078132 -22.271238 5.077951 0.618340 -4.311717 0.566733 -7.808850 7.003171 6.359939 -6.732597 -4.940015 -24.603267 7.004580 3.863672 -0.217553 -0.502945 -0.771107 -1.880236 0.306910 0.351443 -1.017177 -4.784593 6.123763 2.423303 16.967919 3.739698 1.210005 -10.470274 -11.562340 -27.323221 29.114263 -9.649866 -61.978093 -5.150807 -3.710316 0.179642 -3.698668 16.011590 4.923787 -29.007979 -14.825017 -33.069433 -18.152276 -21.722576 -28.530639 -6.644358 -10.884674 -3.826775 -4.206650 -21.059126 -36.115009 -7.085308 -6.107878 -35.336742 -8.344426 -15.319157 -20.791002 -9.228274 -8.527080 -30.449809 1.026286 -7.210101 -40.474625 0.117229 -8.637283 -19.365403 -5.372419 -0.194158 -23.701531 3.696132 5.719162 -43.456241 -1.178000 7.020673 -10.566582 -5.689846 -5.016964 1.815512 16.105874 49.351500 2.534405 2.202657 -28.595968 -14.507776 6.620655 30.044851 31.158417 -22.987389 -3.738423 60.536835 -1.677560 -6.802247 1.074847 2.536858 14.691116 -1.875734 30.335587 -8.808478 33.069433 18.152274 -21.722576 28.530639 6.644356 -10.884674 3.826775 4.206655 -21.059126 36.115009 7.085306 -6.107878 35.336742 8.344431 -15.319157 20.791002 9.228278 -8.527080 30.449809 -1.026281 -7.210101 40.474625 -0.117231 -8.637283 19.365403 5.372431 -0.194158 23.701531 -3.696120 5.719162 43.456241 1.178012 7.020673 10.566582 5.689844 -5.016964 -1.815512 -16.105869 49.351500 -2.534405 -2.202652 -28.595968 14.507776 -6.620650 30.044851
0.015695 0.952461 -0.063870 -0.381967 1.599851 -3.606920 -2.076875 5.714733 -4.953659 -1.909558 -1.502086 10.192240 4.063273 12.327408 0.691696 3.483617 -2.936972 -22.435629 5.145288 0.646132 -3.548766 0.474915 -7.740993 6.032406 6.238405 -6.713472 -4.513913 -24.635247 6.780106 4.141755 -0.081828 -0.474088 -0.913963 -2.228527 0.583970 0.671829 -1.186307 -4.659635 6.549212 1.880614 17.093868 3.600349 2.241398 -10.981206 -12.026435 -27.613564 30.049313 -10.025398 -61.511987 -5.360494 -3.282934 0.332310 -4.116204 14.975405 5.752726 -29.191159 -14.992615 -33.069433 -18.152276 -21.722576 -28.530639 -6.644358 -10.884674 -3.826775 -4.206650 -21.059126 -36.115009 -7.085308 -6.107878 -35.336742 -8.344426 -15.319157 -20.791002 -9.228274 -8.527080 -30.449809 1.026286 -7.210101 -40.474625 0.117229 -8.637283 -19.365403 -5.372419 -0.194158 -23.701531 3.696132 5.719162 -43.456241 -1.178000 7.020673 -10.566582 -5.689846 -5.016964 1.815512 16.105874 49.351500 2.534405 2.202657 -28.595968 -14.507776 6.620655 30.044851 31.147648 -22.712246 -3.976933 60.781321 -2.098717 -6.622323 0.946879 2.260269 14.454329 -1.847862 30.354149 -8.772562 33.069433 18.152274 -21.722576 28.530639 6.644356 -10.884674 3.826775 4.206655 -21.059126 36.115009 7.085306 -6.107878 35.336742 8.344431 -15.319157 20.791002 9.228278 -8.527080 30.449809 -1.026281 -7.210101 40.474625 -0.117231 -8.637283 19.365403 5.372431 -0.194158 23.701531 -3.696120 5.719162 43.456241 1.178012 7.020673 10.566582 5.689844 -5.016964 -1.815512 -16.105869 49.351500 -2.534405 -2.202652 -28.595968 14.507776 -6.620650 30.044851
0.014659 0.952666 -0.063238 -0.254604 1.546043 -4.417560 -2.144082 5.825647 -4.033140 -1.843011 -2.066840 10.143452 3.866881 12.874136 0.765607 3.962163 -2.703455 -22.613912 5.168620 0.636385 -3.034471 0.414753 -7.637569 6.757567 6.226991 -6.745923 -4.754876 -24.772693 6.427047 3.975845 0.047328 -0.419726 -1.096180 -2.553861 0.874376 1.237122 -1.396433 -4.489877 7.139681 1.167784 17.284799 3.455107 3.597550 -11.680700 -12.415288 -27.909915 31.292411 -10.293498 -61.135737 -5.770633 -2.834901 0.500246 -4.569305 13.996702 6.964532 -29.360597 -15.438779 -33.069433 -18.152276 -21.722576 -28.530639 -6.644358 -10.884674 -3.826775 -4.206650 -21.059126 -36.115009 -7.085308 -6.107878 -35.336742 -8.344426 -15.319157 -20.791002 -9.228274 -8.527080 -30.449809 1.026286 -7.210101 -40.474625 0.117229 -8.637283 -19.365403 -5.372419 -0.194158 -23.701531 3.696132 5.719162 -43.456241 -1.178000 7.020673 -10.566582 -5.689846 -5.016964 1.815512 16.105874 49.351500 2.534405 2.202657 -28.595968 -14.507776 6.620655 30.044851 31.138378 -22.540993 -4.048912 61.108341 -2.386015 -6.395456 0.906459 2.005927 14.354648 -1.934815 30.471453 -9.100988 33.069433 18.152274 -21.722576 28.530639 6.644356 -10.884674 3.826775 4.206655 -21.059126 36.115009 7.085306 -6.107878 35.336742 8.344431 -15.319157 20.791002 9.228278 -8.527080 30.449809 -1.026281 -7.210101 40.474625 -0.117231 -8.637283 19.365403 5.372431 -0.194158 23.701531 -3.696120 5.719162 43.456241 1.178012 7.020673 10.566582 5.689844 -5.016964 -1.815512 -16.105869 49.351500 -2.534405 -2.202652 -28.595968 14.507776 -6.620650 30.044851
0.013787 0.951632 -0.062018 -0.095689 1.523012 -5.631900 -2.258602 5.861022 -3.209960 -1.777413 -2.714636 11.207070 3.228064 13.689135 0.161563 4.988787 -2.396561 -22.716866 5.136427 0.586415 -2.767100 0.363310 -7.334794 8.955426 6.260350 -6.946792 -5.578329 -24.880009 5.927425 3.450626 0.188395 -0.351103 -1.238227 -2.903720 1.216944 1.984316 -1.645019 -4.220842 7.735732 0.326490 17.502438 3.322560 5.202900 -12.619182 -12.642486 -28.026249 32.703964 -10.202370 -60.892832 -6.409058 -2.536623 0.677135 -5.035937 13.164341 8.525261 -29.520929 -16.150379 -33.069433 -18.152276 -21.722576 -28.530639 -6.644358 -10.884674 -3.826775 -4.206650 -21.059126 -36.115009 -7.085308 -6.107878 -35.336742 -8.344426 -15.319157 -20.791002 -9.228274 -8.527080 -30.449809 1.026286 -7.210101 -40.474625 0.117229 -8.637283 -19.365403 -5.372419 -0.194158 -23.701531 3.696132 5.719162 -43.456241 -1.178000 7.020673 -10.566582 -5.689846 -5.016964 1.815512 16.105874 49.351500 2.534405 2.202657 -28.595968 -14.507776 6.620655 30.044851 31.101559 -22.626309 -3.830274 61.583917 -2.462103 -6.220709 0.901564 1.783959 14.448621 -2.060989 30.700180 -9.916624 33.069433 18.152274 -21.722576 28.530639 6.644356 -10.884674 3.826775 4.206655 -21.059126 36.115009 7.085306 -6.107878 35.336742 8.344431 -15.319157 20.791002 9.228278 -8.527080 30.449809 -1.026281 -7.210101 40.474625 -0.117231 -8.637283 19.365403 5.372431 -0.194158 23.701531 -3.696120 5.719162 43.456241 1.178012 7.020673 10.566582 5.689844 -5.016964 -1.815512 -16.105869 49.351500 -2.534405 -2.202652 -28.595968 14.507776 -6.620650 30.044851
0.011811 0.948743 -0.061645 0.099425 1.470283 -7.131642 -2.420800 5.805213 -2.733265 -1.747589 -3.208595 13.565393 2.125126 14.596909 -1.222227 6.440606 -2.030490 -22.663998 5.153437 0.525032 -2.761341 0.272001 -6.527083 12.265880 6.282204 -7.603036 -6.864509 -24.758017 5.247533 2.752199 0.357555 -0.260050 -1.304436 -3.288502 1.699927 2.889922 -1.886444 -3.761226 8.135094 -0.541303 17.707753 3.252327 6.949957 -13.889344 -12.622628 -27.698169 33.981172 -9.382657 -60.840036 -7.306578 -2.720331 0.800250 -5.528592 12.660568 10.288138 -29.527539 -17.059109 -33.069433 -18.152276 -21.722576 -28.530639 -6.644358 -10.884674 -3.826775 -4.206650 -21.059126 -36.115009 -7.085308 -6.107878 -35.336742 -8.344426 -15.319157 -20.791002 -9.228274 -8.527080 -30.449809 1.026286 -7.210101 -40.474625 0.117229 -8.637283 -19.365403 -5.372419 -0.194158 -23.701531 3.696132 5.719162 -43.456241 -1.178000 7.020673 -10.566582 -5.689846 -5.016964 1.815512 16.105874 49.351500 2.534405 2.202657 -28.595968 -14.507776 6.620655 30.044851 31.018921 -23.168902 -3.229155 62.262937 -2.235484 -6.213525 0.852825 1.590474 14.901485 -2.072109 31.006173 -11.197560 33.069433 18.152274 -21.722576 28.530639 6.644356 -10.884674 3.826775 4.206655 -21.059126 36.115009 7.085306 -6.107878 35.336742 8.344431 -15.319157 20.791002 9.228278 -8.527080 30.449809 -1.026281 -7.210101 40.474625 -0.117231 -8.637283 19.365403 5.372431 -0.194158 23.701531 -3.696120 5.719162 43.456241 1.178012 7.020673 10.566582 5.689844 -5.016964 -1.815512 -16.105869 49.351500 -2.534405 -2.202652 -28.595968 14.507776 -6.620650 30.044851
0.009308 0.943368 -0.062052 0.271810 1.369093 -8.793562 -2.580731 5.650256 -2.790202 -1.773125 -3.458826 17.282273 0.582509 15.495442 -3.373705 8.181510 -1.664583 -22.493324 5.327431 0.484625 -3.117995 0.158391 -5.205913 16.500764 6.327093 -8.793552 -8.575475 -24.354849 4.456680 1.985767 0.530687 -0.143049 -1.331686 -3.617151 2.336781 3.953898 -2.053265 -3.111668 8.288961 -1.358378 17.928246 3.265456 8.763949 -15.548116 -12.413170 -26.887802 34.931028 -7.797021 -60.996730 -8.465730 -3.471167 0.810916 -6.103120 12.555110 11.973463 -29.229592 -18.049339 -33.069433 -18.152276 -21.722576 -28.530639 -6.644358 -10.884674 -3.826775 -4.206650 -21.059126 -36.115009 -7.085308 -6.107878 -35.336742 -8.344426 -15.319157 -20.791002 -9.228274 -8.527080 -30.449809 1.026286 -7.210101 -40.474625 0.117229 -8.637283 -19.365403 -5.372419 -0.194158 -23.701531 3.696132 5.719162 -43.456241 -1.178000 7.020673 -10.566582 -5.689846 -5.016964 1.815512 16.105874 49.351500 2.534405 2.202657 -28.595968 -14.507776 6.620655 30.044851 30.865268 -24.111166 -2.279280 63.100936 -1.665505 -6.321067 0.684123 1.394461 15.888175 -1.881806 31.366016 -12.777607 33.069433 18.152274 -21.722576 28.530639 6.644356 -10.884674 3.826775 4.206655 -21.059126 36.115009 7.085306 -6.107878 35.336742 8.344431 -15.319157 20.791002 9.228278 -8.527080 30.449809 -1.026281 -7.210101 40.474625 -0.117231 -8.637283 19.365403 5.372431 -0.194158 23.701531 -3.696120 5.719162 43.456241 1.178012 7.020673 10.566582 5.689844 -5.016964 -1.815512 -16.105869 49.351500 -2.534405 -2.202652 -28.595968 14.507776 -6.620650 30.044851
0.006991 0.934858 -0.063377 0.327062 1.258069 -10.533618 -2.633377 5.448683 -3.309687 -1.830583 -3.453970 22.011699 -1.235317 16.193766 -6.041278 9.942852 -1.404851 -22.443081 5.710799 0.483040 -3.799526 0.084360 -3.750741 21.388378 6.492566 -10.304854 -10.627622 -23.876766 3.743069 1.212299 0.663864 -0.006595 -1.358453 -3.752974 3.049491 5.142760 -2.086757 -2.381486 8.403857 -2.030522 18.214403 3.358421 10.520791 -17.515716 -12.271864 -25.966873 35.476215 -6.024311 -61.274869 -9.732177 -4.408928 0.760853 -6.765703 12.716440 13.263528 -28.719672 -18.993468 -33.069433 -18.152276 -21.722576 -28.530639 -6.644358 -10.884674 -3.826775 -4.206650 -21.059126 -36.115009 -7.085308 -6.107878 -35.336742 -8.344426 -15.319157 -20.791002 -9.228274 -8.527080 -30.449809 1.026286 -7.210101 -40.474625 0.117229 -8.637283 -19.365403 -5.372419 -0.194158 -23.701531 3.696132 5.719162 -43.456241 -1.178000 7.020673 -10.566582 -5.689846 -5.016964 1.815512 16.105874 49.351500 2.534405 2.202657 -28.595968 -14.507776 6.620655 30.044851 30.666510 -24.994878 -1.236539 63.957336 -0.934429 -6.343586 0.404638 1.189104 17.356284 -1.562573 31.782245 -14.446833 33.069433 18.152274 -21.722576 28.530639 6.644356 -10.884674 3.826775 4.206655 -21.059126 36.115009 7.085306 -6.107878 35.336742 8.344431 -15.319157 20.791002 9.228278 -8.527080 30.449809 -1.026281 -7.210101 40.474625 -0.117231 -8.637283 19.365403 5.372431 -0.194158 23.701531 -3.696120 5.719162 43.456241 1.178012 7.020673 10.566582 5.689844 -5.016964 -1.815512 -16.105869 49.351500 -2.534405 -2.202652 -28.595968 14.507776 -6.620650 30.044851
0.005408 0.923082 -0.065067 0.209038 1.209882 -12.264079 -2.525434 5.259808 -4.137227 -1.869256 -3.226729 27.184104 -3.034888 16.511977 -8.843411 11.431653 -1.304912 -22.736503 6.299621 0.534239 -4.760411 0.068458 -2.499116 26.633711 6.924451 -11.971720 -12.908177 -23.675667 3.326899 0.466256 0.732993 0.136606 -1.418432 -3.637873 3.740747 6.402004 -1.971964 -1.690019 8.782128 -2.426271 18.574695 3.532757 12.080061 -19.607442 -12.558438 -25.441691 35.538191 -4.906570 -61.533885 -10.755121 -4.962576 0.715948 -7.565258 12.909206 14.074519 -28.023751 -19.812210 -33.069433 -18.152276 -21.722576 -28.530639 -6.644358 -10.884674 -3.826775 -4.206650 -21.059126 -36.115009 -7.085308 -6.107878 -35.336742 -8.344426 -15.319157 -20.791002 -9.228274 -8.527080 -30.449809 1.026286 -7.210101 -40.474625 0.117229 -8.637283 -19.365403 -5.372419 -0.194158 -23.701531 3.696132 5.719162 -43.456241 -1.178000 7.020673 -10.566582 -5.689846 -5.016964 1.815512 16.105874 49.351500 2.534405 2.202657 -28.595968 -14.507776 6.620655 30.044851 30.608776 -25.383426 -0.564332 64.602884 -0.334923 -5.995185 0.094584 1.011185 18.951731 -1.186098 32.207888 -15.968756 33.069433 18.152274 -21.722576 28.530639 6.644356 -10.884674 3.826775 4.206655 -21.059126 36.115009 7.085306 -6.107878 35.336742 8.344431 -15.319157 20.791002 9.228278 -8.527080 30.449809 -1.026281 -7.210101 40.474625 -0.117231 -8.637283 19.365403 5.372431 -0.194158 23.701531 -3.696120 5.719162 43.456241 1.178012 7.020673 10.566582 5.689844 -5.016964 -1.815512 -16.105869 49.351500 -2.534405 -2.202652 -28.595968 14.507776 -6.620650 30.044851
0.005331 0.909393 -0.066511 -0.055468 1.290895 -13.886201 -2.296151 5.101027 -5.087167 -1.875642 -2.892842 32.143283 -4.504468 16.475669 -11.409338 12.459289 -1.364205 -23.357378 6.936733 0.619357 -5.876941 0.135403 -1.747939 31.798662 7.646261 -13.487401 -15.214879 -24.036273 3.376978 -0.306343 0.725072 0.255192 -1.535541 -3.282966 4.293179 7.633812 -1.731659 -1.150229 9.590371 -2.281950 18.858789 3.750047 12.973941 -21.438440 -13.401653 -25.624250 35.329089 -4.951612 -61.692414 -11.225031 -4.717663 0.598227 -8.614567 12.948842 14.567747 -26.814206 -20.402687 -33.069433 -18.152276 -21.722576 -28.530639 -6.644358 -10.884674 -3.826775 -4.206650 -21.059126 -36.115009 -7.085308 -6.107878 -35.336742 -8.344426 -15.319157 -20.791002 -9.228274 -8.527080 -30.449809 1.026286 -7.210101 -40.474625 0.117229 -8.637283 -19.365403 -5.372419 -0.194158 -23.701531 3.696132 5.719162 -43.456241 -1.178000 7.020673 -10.566582 -5.689846 -5.016964 1.815512 16.105874 49.351500 2.534405 2.202657 -28.595968 -14.507776 6.620655 30.044851 30.799611 -25.224028 -0.588382 64.862357 0.021941 -5.021514 -0.179765 0.860852 20.210464 -0.760487 32.525995 -17.214110 33.069433 18.152274 -21.722576 28.530639 6.644356 -10.884674 3.826775 4.206655 -21.059126 36.115009 7.085306 -6.107878 35.336742 8.344431 -15.319157 20.791002 9.228278 -8.527080 30.449809 -1.026281 -7.210101 40.474625 -0.117231 -8.637283 19.365403 5.372431 -0.194158 23.701531 -3.696120 5.719162 43.456241 1.178012 7.020673 10.566582 5.689844 -5.016964 -1.815512 -16.105869 49.351500 -2.534405 -2.202652 -28.595968 14.507776 -6.620650 30.044851
0.007128 0.895981 -0.067942 -0.362885 1.411953 -15.333095 -2.010134 4.979743 -5.884030 -1.897418 -2.512230 36.307627 -5.478385 16.293500 -13.464311 12.991576 -1.571112 -24.288897 7.278739 0.689134 -6.819217 0.327706 -1.834115 36.292518 8.400215 -14.224665 -17.175900 -25.045126 3.960727 -1.270292 0.636549 0.330905 -1.687253 -2.741308 4.668922 8.693226 -1.408052 -0.790879 10.829955 -1.420023 18.887763 3.906067 12.720044 -22.714084 -14.623969 -26.439379 35.135400 -6.101858 -61.784914 -11.084309 -3.679334 0.255394 -9.958774 12.752096 14.770157 -24.912525 -20.572607 -33.069433 -18.152276 -21.722576 -28.530639 -6.644358 -10.884674 -3.826775 -4.206650 -21.059126 -36.115009 -7.085308 -6.107878 -35.336742 -8.344426 -15.319157 -20.791002 -9.228274 -8.527080 -30.449809 1.026286 -7.210101 -40.474625 0.117229 -8.637283 -19.365403 -5.372419 -0.194158 -23.701531 3.696132 5.719162 -43.456241 -1.178000 7.020673 -10.566582 -5.689846 -5.016964 1.815512 16.105874 49.351500 2.534405 2.202657 -28.595968 -14.507776 6.620655 30.044851 31.089669 -24.740315 -1.372489 64.807993 0.138662 -3.396790 -0.389871 0.670638 20.886182 -0.293344 32.650304 -18.223799 33.069433 18.152274 -21.722576 28.530639 6.644356 -10.884674 3.826775 4.206655 -21.059126 36.115009 7.085306 -6.107878 35.336742 8.344431 -15.319157 20.791002 9.228278 -8.527080 30.449809 -1.026281 -7.210101 40.474625 -0.117231 -8.637283 19.365403 5.372431 -0.194158 23.701531 -3.696120 5.719162 43.456241 1.178012 7.020673 10.566582 5.689844 -5.016964 -1.815512 -16.105869 49.351500 -2.534405 -2.202652 -28.595968 14.507776 -6.620650 30.044851
0.010187 0.884991 -0.068978 -0.569851 1.372488 -16.551574 -1.765347 4.912787 -6.270903 -1.992510 -2.070282 39.258855 -5.959227 16.275901 -14.849633 13.095435 -1.879495 -25.558116 7.028675 0.664703 -7.331013 0.642231 -2.788798 39.656480 8.906892 -13.733672 -18.450754 -26.598289 4.961049 -2.488620 0.513272 0.383244 -1.843113 -2.178260 4.996532 9.476030 -1.064100 -0.487516 12.448545 -0.251528 18.761363 3.883701 11.904046 -23.599723 -16.133681 -27.504225 34.812089 -8.041483 -61.929596 -10.442242 -2.161840 -0.275681 -11.302179 12.302260 14.406049 -22.855484 -20.436123 -33.069433 -18.152276 -21.722576 -28.530639 -6.644358 -10.884674 -3.826775 -4.206650 -21.059126 -36.115009 -7.085308 -6.107878 -35.336742 -8.344426 -15.319157 -20.791002 -9.228274 -8.527080 -30.449809 1.026286 -7.210101 -40.474625 0.117229 -8.637283 -19.365403 -5.372419 -0.194158 -23.701531 3.696132 5.719162 -43.456241 -1.178000 7.020673 -10.566582 -5.689846 -5.016964 1.815512 16.105874 49.351500 2.534405 2.202657 -28.595968 -14.507776 6.620655 30.044851 31.296700 -24.024982 -2.951748 64.651344 -0.229560 -1.388629 -0.558645 0.424704 21.144813 0.045426 32.736587 -19.247399 33.069433 18.152274 -21.722576 28.530639 6.644356 -10.884674 3.826775 4.206655 -21.059126 36.115009 7.085306 -6.107878 35.336742 8.344431 -15.319157 20.791002 9.228278 -8.527080 30.449809 -1.026281 -7.210101 40.474625 -0.117231 -8.637283 19.365403 5.372431 -0.194158 23.701531 -3.696120 5.719162 43.456241 1.178012 7.020673 10.566582 5.689844 -5.016964 -1.815512 -16.105869 49.351500 -2.534405 -2.202652 -28.595968 14.507776 -6.620650 30.044851
0.014093 0.878036 -0.069502 -0.572263 1.023834 -17.440649 -1.687449 4.907753 -6.210481 -2.151330 -1.588044 40.804376 -6.009795 16.669877 -15.500576 12.824838 -2.183759 -27.026847 6.290290 0.544334 -7.443122 1.008522 -4.066897 41.696868 9.244489 -12.349423 -19.068714 -28.398809 6.102032 -3.601602 0.414599 0.432613 -1.993542 -1.759556 5.372814 9.910025 -0.739545 -0.127053 14.173133 0.726017 18.612213 3.681329 11.277549 -24.268792 -17.803364 -28.294049 34.141803 -10.295941 -62.247913 -9.328786 -0.616226 -0.877270 -12.191481 11.781431 13.285647 -21.199342 -20.313989 -33.069433 -18.152276 -21.722576 -28.530639 -6.644358 -10.884674 -3.826775 -4.206650 -21.059126 -36.115009 -7.085308 -6.107878 -35.336742 -8.344426 -15.319157 -20.791002 -9.228274 -8.527080 -30.449809 1.026286 -7.210101 -40.474625 0.117229 -8.637283 -19.365403 -5.372419 -0.194158 -23.701531 3.696132 5.719162 -43.456241 -1.178000 7.020673 -10.566582 -5.689846 -5.016964 1.815512 16.105874 49.351500 2.534405 2.202657 -28.595968 -14.507776 6.620655 30.044851 31.212410 -23.042071 -5.151158 64.521378 -1.407433 0.541067 -0.746065 0.135049 21.541146 0.192161 32.973128 -20.426822 33.069433 18.152274 -21.722576 28.530639 6.644356 -10.884674 3.826775 4.206655 -21.059126 36.115009 7.085306 -6.107878 35.336742 8.344431 -15.319157 20.791002 9.228278 -8.527080 30.449809 -1.026281 -7.210101 40.474625 -0.117231 -8.637283 19.365403 5.372431 -0.194158 23.701531 -3.696120 5.719162 43.456241 1.178012 7.020673 10.566582 5.689844 -5.016964 -1.815512 -16.105869 49.351500 -2.534405 -2.202652 -28.595968 14.507776 -6.620650 30.044851
0.018265 0.876033 -0.069340 -0.412392 0.416255 -17.828607 -1.811501 4.939459 -5.937261 -2.316831 -1.164394 41.082091 -5.702438 17.446855 -15.463731 12.253855 -2.402790 -28.391005 5.421996 0.412129 -7.383866 1.329746 -5.122168 42.452653 9.579161 -10.766261 -19.210578 -30.061257 7.107572 -4.245662 0.343210 0.470384 -2.120888 -1.516718 5.718128 9.883908 -0.474387 0.221847 15.518853 1.379929 18.451841 3.424670 10.916761 -24.607439 -19.286112 -28.472889 33.225014 -12.404871 -62.708636 -7.700461 0.540435 -1.431237 -12.349492 11.340453 11.494337 -20.221147 -20.195274 -33.069433 -18.152276 -21.722576 -28.530639 -6.644358 -10.884674 -3.826775 -4.206650 -21.059126 -36.115009 -7.085308 -6.107878 -35.336742 -8.344426 -15.319157 -20.791002 -9.228274 -8.527080 -30.449809 1.026286 -7.210101 -40.474625 0.117229 -8.637283 -19.365403 -5.372419 -0.194158 -23.701531 3.696132 5.719162 -43.456241 -1.178000 7.020673 -10.566582 -5.689846 -5.016964 1.815512 16.105874 49.351500 2.534405 2.202657 -28.595968 -14.507776 6.620655 30.044851 30.724478 -21.851445 -7.450720 64.387887 -3.374637 1.964048 -1.019492 -0.127374 22.689017 0.584593 33.280050 -21.541658 33.069433 18.152274 -21.722576 28.530639 6.644356 -10.884674 3.826775 4.206655 -21.059126 36.115009 7.085306 -6.107878 35.336742 8.344431 -15.319157 20.791002 9.228278 -8.527080 30.449809 -1.026281 -7.210101 40.474625 -0.117231 -8.637283 19.365403 5.372431 -0.194158 23.701531 -3.696120 5.719162 43.456241 1.178012 7.020673 10.566582 5.689844 -5.016964 -1.815512 -16.105869 49.351500 -2.534405 -2.202652 -28.595968 14.507776 -6.620650 30.044851
0.022450 0.878408 -0.068228 -0.255335 -0.274742 -17.576062 -2.006376 4.981915 -5.808702 -2.441641 -0.872650 40.422179 -5.136412 18.318651 -14.909179 11.478872 -2.542371 -29.344168 4.741460 0.322435 -7.422036 1.527131 -5.793343 42.128433 9.934798 -9.408372 -18.976106 -31.346699 7.857828 -4.345473 0.263476 0.487958 -2.164640 -1.370466 5.883746 9.301380 -0.301646 0.406064 16.154193 1.776431 18.332530 3.232169 10.631615 -24.508963 -20.303160 -28.076683 32.256148 -14.143099 -63.139177 -5.614304 1.160859 -1.837940 -11.785578 11.101220 9.176288 -19.798414 -20.178348 -33.069433 -18.152276 -21.722576 -28.530639 -6.644358 -10.884674 -3.826775 -4.206650 -21.059126 -36.115009 -7.085308 -6.107878 -35.336742 -8.344426 -15.319157 -20.791002 -9.228274 -8.527080 -30.449809 1.026286 -7.210101 -40.474625 0.117229 -8.637283 -19.365403 -5.372419 -0.194158 -23.701531 3.696132 5.719162 -43.456241 -1.178000 7.020673 -10.566582 -5.689846 -5.016964 1.815512 16.105874 49.351500 2.534405 2.202657 -28.595968 -14.507776 6.620655 30.044851 29.950286 -20.700855 -9.287368 64.182700 -5.665646 2.736625 -1.403793 -0.241465 24.633085 1.649586 33.633253 -22.087424 33.069433 18.152274 -21.722576 28.530639 6.644356 -10.884674 3.826775 4.206655 -21.059126 36.115009 7.085306 -6.107878 35.336742 8.344431 -15.319157 20.791002 9.228278 -8.527080 30.449809 -1.026281 -7.210101 40.474625 -0.117231 -8.637283 19.365403 5.372431 -0.194158 23.701531 -3.696120 5.719162 43.456241 1.178012 7.020673 10.566582 5.689844 -5.016964 -1.815512 -16.105869 49.351500 -2.534405 -2.202652 -28.595968 14.507776 -6.620650 30.044851
0.025159 0.883921 -0.067628 -0.223583 -0.947215 -16.655495 -2.096588 5.031475 -6.061737 -2.517527 -0.627104 39.137592 -4.390552 18.991739 -14.005101 10.591993 -2.643813 -29.792862 4.422568 0.297088 -7.766181 1.602487 -6.024866 40.953802 10.303320 -8.443982 -18.473517 -32.166628 8.392133 -3.914040 0.163062 0.488866 -2.067070 -1.256407 5.791750 8.169899 -0.215035 0.353185 15.998078 1.989709 18.334592 3.131982 10.308839 -24.028726 -20.792063 -27.278704 31.291646 -15.405719 -63.460544 -3.242329 1.195348 -2.093205 -10.720635 11.326735 6.465106 -19.616076 -20.504587 -33.069433 -18.152276 -21.722576 -28.530639 -6.644358 -10.884674 -3.826775 -4.206650 -21.059126 -36.115009 -7.085308 -6.107878 -35.336742 -8.344426 -15.319157 -20.791002 -9.228274 -8.527080 -30.449809 1.026286 -7.210101 -40.474625 0.117229 -8.637283 -19.365403 -5.372419 -0.194158 -23.701531 3.696132 5.719162 -43.456241 -1.178000 7.020673 -10.566582 -5.689846 -5.016964 1.815512 16.105874 49.351500 2.534405 2.202657 -28.595968 -14.507776 6.620655 30.044851 29.114604 -19.851579 -10.329194 63.909546 -7.706828 2.886687 -1.838193 -0.126581 26.785415 3.210163 34.069237 -21.745090 33.069433 18.152274 -21.722576 28.530639 6.644356 -10.884674 3.826775 4.206655 -21.059126 36.115009 7.085306 -6.107878 35.336742 8.344431 -15.319157 20.791002 9.228278 -8.527080 30.449809 -1.026281 -7.210101 40.474625 -0.117231 -8.637283 19.365403 5.372431 -0.194158 23.701531 -3.696120 5.719162 43.456241 1.178012 7.020673 10.566582 5.689844 -5.016964 -1.815512 -16.105869 49.351500 -2.534405 -2.202652 -28.595968 14.507776 -6.620650 30.044851
0.026930 0.891131 -0.066545 -0.339495 -1.545089 -15.219141 -2.014424 5.083958 -6.646167 -2.564999 -0.330743 37.501401 -3.489109 19.388507 -12.853776 9.659593 -2.729116 -29.938014 4.422872 0.314902 -8.367520 1.600549 -5.974794 39.154515 10.649074 -7.772978 -17.778452 -32.578387 8.796404 -3.100513 0.045443 0.467898 -1.857322 -1.144704 5.442673 6.688626 -0.180597 0.060170 15.245532 2.044042 18.454702 3.007770 9.895326 -23.225805 -20.864627 -26.229503 30.242913 -16.215477 -63.819131 -0.771665 0.629002 -2.238954 -9.502683 11.893376 3.659965 -19.648684 -20.976941 -33.069433 -18.152276 -21.722576 -28.530639 -6.644358 -10.884674 -3.826775 -4.206650 -21.059126 -36.115009 -7.085308 -6.107878 -35.336742 -8.344426 -15.319157 -20.791002 -9.228274 -8.527080 -30.449809 1.026286 -7.210101 -40.474625 0.117229 -8.637283 -19.365403 -5.372419 -0.194158 -23.701531 3.696132 5.719162 -43.456241 -1.178000 7.020673 -10.566582 -5.689846 -5.016964 1.815512 16.105874 49.351500 2.534405 2.202657 -28.595968 -14.507776 6.620655 30.044851 28.387607 -19.289407 -10.699339 63.607640 -9.260949 2.532323 -2.230155 0.216663 28.476292 4.818322 34.544862 -20.944526 33.069433 18.152274 -21.722576 28.530639 6.644356 -10.884674 3.826775 4.206655 -21.059126 36.115009 7.085306 -6.107878 35.336742 8.344431 -15.319157 20.791002 9.228278 -8.527080 30.449809 -1.026281 -7.210101 40.474625 -0.117231 -8.637283 19.365403 5.372431 -0.194158 23.701531 -3.696120 5.719162 43.456241 1.178012 7.020673 10.566582 5.689844 -5.016964 -1.815512 -16.105869 49.351500 -2.534405 -2.202652 -28.595968 14.507776 -6.620650 30.044851
0.028073 0.898713 -0.065367 -0.579409 -2.016167 -13.616294 -1.814014 5.139071 -7.268595 -2.619062 -0.117654 35.723597 -2.479133 19.662592 -11.587165 8.740063 -2.810497 -30.107353 4.525443 0.323282 -8.901982 1.571577 -6.114922 36.968310 10.907851 -6.986058 -16.916536 -32.788603 9.191846 -2.182684 -0.101544 0.415654 -1.622982 -0.979859 4.861437 5.174251 -0.154951 -0.461793 14.335304 2.011401 18.624145 2.712243 9.265648 -22.142727 -20.724567 -25.096713 28.887977 -16.862919 -64.336120 1.764637 -0.376863 -2.345779 -8.565499 12.334801 0.982969 -19.902404 -21.205801 -33.069433 -18.152276 -21.722576 -28.530639 -6.644358 -10.884674 -3.826775 -4.206650 -21.059126 -36.115009 -7.085308 -6.107878 -35.336742 -8.344426 -15.319157 -20.791002 -9.228274 -8.527080 -30.449809 1.026286 -7.210101 -40.474625 0.117229 -8.637283 -19.365403 -5.372419 -0.194158 -23.701531 3.696132 5.719162 -43.456241 -1.178000 7.020673 -10.566582 -5.689846 -5.016964 1.815512 16.105874 49.351500 2.534405 2.202657 -28.595968 -14.507776 6.620655 30.044851 27.888704 -18.801917 -10.943623 63.298313 -10.511167 1.884391 -2.515508 0.698628 29.250704 6.166737 34.929843 -20.272054 33.069433 18.152274 -21.722576 28.530639 6.644356 -10.884674 3.826775 4.206655 -21.059126 36.115009 7.085306 -6.107878 35.336742 8.344431 -15.319157 20.791002 9.228278 -8.527080 30.449809 -1.026281 -7.210101 40.474625 -0.117231 -8.637283 19.365403 5.372431 -0.194158 23.701531 -3.696120 5.719162 43.456241 1.178012 7.020673 10.566582 5.689844 -5.016964 -1.815512 -16.105869 49.351500 -2.534405 -2.202652 -28.595968 14.507776 -6.620650 30.044851
0.029531 0.905690 -0.063359 -0.922866 -2.394532 -12.258500 -1.609547 5.206826 -7.548133 -2.683843 -0.295909 33.951880 -1.629912 20.145256 -10.516430 8.045983 -2.870350 -30.195097 4.468679 0.273435 -8.951955 1.573973 -7.019875 34.572870 10.845959 -5.405860 -15.802672 -32.883961 9.599041 -1.497522 -0.313706 0.334518 -1.426164 -0.645188 4.105499 3.836453 -0.104980 -1.177365 13.480571 2.023046 18.809245 2.349768 8.308068 -20.854361 -20.345573 -24.247444 27.663367 -17.347624 -64.891605 3.952981 -1.375043 -2.456235 -8.144997 12.560339 -1.325052 -19.952831 -21.027969 -33.069433 -18.152276 -21.722576 -28.530639 -6.644358 -10.884674 -3.826775 -4.206650 -21.059126 -36.115009 -7.085308 -6.107878 -35.336742 -8.344426 -15.319157 -20.791002 -9.228274 -8.527080 -30.449809 1.026286 -7.210101 -40.474625 0.117229 -8.637283 -19.365403 -5.372419 -0.194158 -23.701531 3.696132 5.719162 -43.456241 -1.178000 7.020673 -10.566582 -5.689846 -5.016964 1.815512 16.105874 49.351500 2.534405 2.202657 -28.595968 -14.507776 6.620655 30.044851 27.614942 -18.633599 -11.090766 63.005477 -11.315360 1.173628 -2.615831 1.006561 28.834230 7.352902 34.982328 -19.175825 33.069433 18.152274 -21.722576 28.530639 6.644356 -10.884674 3.826775 4.206655 -21.059126 36.115009 7.085306 -6.107878 35.336742 8.344431 -15.319157 20.791002 9.228278 -8.527080 30.449809 -1.026281 -7.210101 40.474625 -0.117231 -8.637283 19.365403 5.372431 -0.194158 23.701531 -3.696120 5.719162 43.456241 1.178012 7.020673 10.566582 5.689844 -5.016964 -1.815512 -16.105869 49.351500 -2.534405 -2.202652 -28.595968 14.507776 -6.620650 30.044851
0.031206 0.911378 -0.060104 -1.359261 -2.829670 -11.500262 -1.445970 5.263934 -7.181513 -2.712823 -0.966012 32.369989 -1.334190 21.096030 -10.063571 7.844858 -2.839341 -29.564850 4.171853 0.152206 -8.210447 1.660549 -8.876368 32.206954 10.162413 -2.596699 -14.415845 -32.609432 9.770157 -1.207055 -0.603239 0.246791 -1.245032 -0.030789 3.304940 2.747197 0.013804 -1.989037 12.398550 2.194876 18.932461 2.250892 6.995164 -19.426202 -19.267409 -23.931333 27.817815 -16.696332 -65.480886 4.457425 -1.859403 -2.394127 -7.914841 12.961799 -2.787236 -19.581186 -20.668885 -33.069433 -18.152276 -21.722576 -28.530639 -6.644358 -10.884674 -3.826775 -4.206650 -21.059126 -36.115009 -7.085308 -6.107878 -35.336742 -8.344426 -15.319157 -20.791002 -9.228274 -8.527080 -30.449809 1.026286 -7.210101 -40.474625 0.117229 -8.637283 -19.365403 -5.372419 -0.194158 -23.701531 3.696132 5.719162 -43.456241 -1.178000 7.020673 -10.566582 -5.689846 -5.016964 1.815512 16.105874 49.351500 2.534405 2.202657 -28.595968 -14.507776 6.620655 30.044851 27.320234 -19.534139 -10.139272 62.941600 -10.840969 0.394006 -2.554418 0.741986 27.433792 8.419247 34.630298 -17.311039 33.069433 18.152274 -21.722576 28.530639 6.644356 -10.884674 3.826775 4.206655 -21.059126 36.115009 7.085306 -6.107878 35.336742 8.344431 -15.319157 20.791002 9.228278 -8.527080 30.449809 -1.026281 -7.210101 40.474625 -0.117231 -8.637283 19.365403 5.372431 -0.194158 23.701531 -3.696120 5.719162 43.456241 1.178012 7.020673 10.566582 5.689844 -5.016964 -1.815512 -16.105869 49.351500 -2.534405 -2.202652 -28.595968 14.507776 -6.620650 30.044851
0.033621 0.915345 -0.055371 -1.802720 -3.470922 -11.458621 -1.338637 5.267581 -6.164981 -2.668411 -1.733459 31.198841 -1.784009 22.335648 -10.480818 8.227712 -2.686031 -27.703213 3.819556 -0.001862 -6.838639 1.817967 -10.866493 30.345303 8.908848 0.718374 -13.107995 -31.461662 9.419078 -1.083980 -0.907494 0.158722 -1.049351 0.750213 2.576527 2.037819 0.199215 -2.769496 10.684145 2.514728 18.926914 2.575851 5.455957 -17.898391 -17.010552 -23.645190 29.603199 -13.811808 -66.321881 2.556788 -2.181521 -1.986015 -7.558011 14.119896 -3.384079 -19.017490 -20.573625 -33.069433 -18.152276 -21.722576 -28.530639 -6.644358 -10.884674 -3.826775 -4.206650 -21.059126 -36.115009 -7.085308 -6.107878 -35.336742 -8.344426 -15.319157 -20.791002 -9.228274 -8.527080 -30.449809 1.026286 -7.210101 -40.474625 0.117229 -8.637283 -19.365403 -5.372419 -0.194158 -23.701531 3.696132 5.719162 -43.456241 -1.178000 7.020673 -10.566582 -5.689846 -5.016964 1.815512 16.105874 49.351500 2.534405 2.202657 -28.595968 -14.507776 6.620655 30.044851 26.744181 -21.630853 -7.116509 63.284335 -8.620065 -0.930634 -2.544751 0.086964 26.237382 9.281762 34.179520 -15.889371 33.069433 18.152274 -21.722576 28.530639 6.644356 -10.884674 3.826775 4.206655 -21.059126 36.115009 7.085306 -6.107878 35.336742 8.344431 -15.319157 20.791002 9.228278 -8.527080 30.449809 -1.026281 -7.210101 40.474625 -0.117231 -8.637283 19.365403 5.372431 -0.194158 23.701531 -3.696120 5.719162 43.456241 1.178012 7.020673 10.566582 5.689844 -5.016964 -1.815512 -16.105869 49.351500 -2.534405 -2.202652 -28.595968 14.507776 -6.620650 30.044851
0.035987 0.917415 -0.049611 -2.063279 -4.383155 -12.128232 -1.385646 5.231866 -4.630583 -2.543177 -2.010628 30.659017 -3.026473 23.380437 -11.837557 9.307348 -2.454426 -24.514012 3.573430 -0.144552 -5.259575 1.942428 -11.712549 29.513717 7.299640 3.157927 -12.310432 -29.011648 8.401702 -0.974712 -1.136544 0.078837 -0.872712 1.468289 1.956797 1.993952 0.366716 -3.400598 8.223954 2.959352 18.668118 3.169061 3.767320 -16.223861 -13.364489 -22.730493 32.198738 -8.356681 -67.415180 -1.513697 -3.089653 -1.354578 -7.212117 16.313006 -3.728837 -18.454171 -20.913405 -33.069433 -18.152276 -21.722576 -28.530639 -6.644358 -10.884674 -3.826775 -4.206650 -21.059126 -36.115009 -7.085308 -6.107878 -35.336742 -8.344426 -15.319157 -20.791002 -9.228274 -8.527080 -30.449809 1.026286 -7.210101 -40.474625 0.117229 -8.637283 -19.365403 -5.372419 -0.194158 -23.701531 3.696132 5.719162 -43.456241 -1.178000 7.020673 -10.566582 -5.689846 -5.016964 1.815512 16.105874 49.351500 2.534405 2.202657 -28.595968 -14.507776 6.620655 30.044851 25.651574 -24.484947 -1.673819 64.032445 -4.761240 -3.176393 -2.739859 -0.460496 26.475890 9.447979 34.112077 -15.912047 33.069433 18.152274 -21.722576 28.530639 6.644356 -10.884674 3.826775 4.206655 -21.059126 36.115009 7.085306 -6.107878 35.336742 8.344431 -15.319157 20.791002 9.228278 -8.527080 30.449809 -1.026281 -7.210101 40.474625 -0.117231 -8.637283 19.365403 5.372431 -0.194158 23.701531 -3.696120 5.719162 43.456241 1.178012 7.020673 10.566582 5.689844 -5.016964 -1.815512 -16.105869 49.351500 -2.534405 -2.202652 -28.595968 14.507776 -6.620650 30.044851
0.038535 0.916553 -0.043715 -1.994963 -5.474223 -13.516308 -1.743587 5.181876 -2.698334 -2.329693 -1.668182 30.940685 -5.017275 24.000270 -14.094322 11.174015 -2.224986 -20.275259 3.387469 -0.252400 -3.714848 1.953218 -10.980579 30.005728 5.388823 4.062681 -12.152315 -25.211523 6.718224 -1.135292 -1.283836 0.031415 -0.735450 2.038387 1.405826 2.754421 0.423370 -3.826372 5.247164 3.541143 17.952081 3.706809 1.902466 -14.189025 -8.442354 -21.059345 35.013062 -0.775317 -68.419480 -7.292017 -4.559459 -0.874884 -7.205861 19.351603 -3.976243 -17.879473 -21.189039 -33.069433 -18.152276 -21.722576 -28.530639 -6.644358 -10.884674 -3.826775 -4.206650 -21.059126 -36.115009 -7.085308 -6.107878 -35.336742 -8.344426 -15.319157 -20.791002 -9.228274 -8.527080 -30.449809 1.026286 -7.210101 -40.474625 0.117229 -8.637283 -19.365403 -5.372419 -0.194158 -23.701531 3.696132 5.719162 -43.456241 -1.178000 7.020673 -10.566582 -5.689846 -5.016964 1.815512 16.105874 49.351500 2.534405 2.202657 -28.595968 -14.507776 6.620655 30.044851 23.760940 -27.948591 6.020063 65.103766 0.621939 -5.770537 -3.063543 -0.792498 28.310350 8.301750 34.626238 -17.357722 33.069433 18.152274 -21.722576 28.530639 6.644356 -10.884674 3.826775 4.206655 -21.059126 36.115009 7.085306 -6.107878 35.336742 8.344431 -15.319157 20.791002 9.228278 -8.527080 30.449809 -1.026281 -7.210101 40.474625 -0.117231 -8.637283 19.365403 5.372431 -0.194158 23.701531 -3.696120 5.719162 43.456241 1.178012 7.020673 10.566582 5.689844 -5.016964 -1.815512 -16.105869 49.351500 -2.534405 -2.202652 -28.595968 14.507776 -6.620650 30.044851
0.041694 0.912283 -0.038473 -1.537606 -6.534679 -15.584601 -2.559135 5.152301 -0.509048 -2.019258 -0.931799 32.093042 -7.486077 24.216822 -16.987630 13.724556 -2.043734 -15.747863 3.180293 -0.298818 -2.309808 1.811950 -8.954008 31.913156 3.355692 3.412966 -12.496119 -20.429567 4.536204 -1.902433 -1.382267 0.050840 -0.666832 2.390230 0.861931 4.264190 0.273831 -4.027255 2.275604 4.096940 16.738495 3.935561 0.158355 -11.686396 -2.824970 -18.666246 37.496178 7.931972 -69.059452 -14.079709 -6.043963 -0.922008 -7.811787 22.820653 -3.720751 -17.248451 -20.952000 -33.069433 -18.152276 -21.722576 -28.530639 -6.644358 -10.884674 -3.826775 -4.206650 -21.059126 -36.115009 -7.085308 -6.107878 -35.336742 -8.344426 -15.319157 -20.791002 -9.228274 -8.527080 -30.449809 1.026286 -7.210101 -40.474625 0.117229 -8.637283 -19.365403 -5.372419 -0.194158 -23.701531 3.696132 5.719162 -43.456241 -1.178000 7.020673 -10.566582 -5.689846 -5.016964 1.815512 16.105874 49.351500 2.534405 2.202657 -28.595968 -14.507776 6.620655 30.044851 21.068739 -31.824026 15.023453 66.341490 6.887647 -7.768736 -3.323532 -0.983688 30.870640 6.263911 35.339678 -19.581425 33.069433 18.152274 -21.722576 28.530639 6.644356 -10.884674 3.826775 4.206655 -21.059126 36.115009 7.085306 -6.107878 35.336742 8.344431 -15.319157 20.791002 9.228278 -8.527080 30.449809 -1.026281 -7.210101 40.474625 -0.117231 -8.637283 19.365403 5.372431 -0.194158 23.701531 -3.696120 5.719162 43.456241 1.178012 7.020673 10.566582 5.689844 -5.016964 -1.815512 -16.105869 49.351500 -2.534405 -2.202652 -28.595968 14.507776 -6.620650 30.044851
0.046128 0.903959 -0.034178 -0.628909 -7.374731 -18.243482 -3.965009 5.251619 1.839691 -1.606426 -0.053464 33.919553 -9.887440 24.140985 -20.045341 16.558709 -1.827941 -11.980750 2.985007 -0.215797 -1.110013 1.469083 -5.860109 35.106666 1.814862 1.219526 -13.217826 -15.608513 2.216645 -3.273023 -1.385173 0.174582 -0.770901 2.255323 0.317702 6.450847 -0.127947 -3.993725 0.160029 4.014358 15.416443 3.862626 -0.453143 -9.206934 2.216940 -16.187137 38.948943 15.817200 -69.170510 -20.989918 -6.844000 -1.628394 -9.244004 26.029212 -2.692299 -16.677386 -20.208579 -33.069433 -18.152276 -21.722576 -28.530639 -6.644358 -10.884674 -3.826775 -4.206650 -21.059126 -36.115009 -7.085308 -6.107878 -35.336742 -8.344426 -15.319157 -20.791002 -9.228274 -8.527080 -30.449809 1.026286 -7.210101 -40.474625 0.117229 -8.637283 -19.365403 -5.372419 -0.194158 -23.701531 3.696132 5.719162 -43.456241 -1.178000 7.020673 -10.566582 -5.689846 -5.016964 1.815512 16.105874 49.351500 2.534405 2.202657 -28.595968 -14.507776 6.620655 30.044851 18.255056 -35.630869 23.354115 67.559543 12.756780 -8.494382 -3.410016 -1.187945 33.066690 3.884784 35.762087 -21.883642 33.069433 18.152274 -21.722576 28.530639 6.644356 -10.884674 3.826775 4.206655 -21.059126 36.115009 7.085306 -6.107878 35.336742 8.344431 -15.319157 20.791002 9.228278 -8.527080 30.449809 -1.026281 -7.210101 40.474625 -0.117231 -8.637283 19.365403 5.372431 -0.194158 23.701531 -3.696120 5.719162 43.456241 1.178012 7.020673 10.566582 5.689844 -5.016964 -1.815512 -16.105869 49.351500 -2.534405 -2.202652 -28.595968 14.507776 -6.620650 30.044851
0.051918 0.892561 -0.030887 0.755183 -7.900205 -21.321897 -5.969127 5.604774 4.251489 -1.094125 0.815677 36.103860 -11.787172 23.878472 -22.866028 19.136267 -1.457785 -9.425357 2.874631 0.034953 -0.107237 0.916818 -1.865636 39.222096 1.336832 -2.259827 -14.288822 -11.802141 0.076480 -4.939550 -1.201573 0.381714 -1.116743 1.386942 -0.143459 9.165620 -0.687071 -3.795213 -0.510417 2.645167 14.591505 3.661731 0.950964 -7.603289 5.559754 -14.646378 39.272533 20.875760 -68.815914 -27.222453 -6.523053 -2.808260 -11.833820 28.156945 -0.707786 -16.548275 -19.005886 -33.069433 -18.152276 -21.722576 -28.530639 -6.644358 -10.884674 -3.826775 -4.206650 -21.059126 -36.115009 -7.085308 -6.107878 -35.336742 -8.344426 -15.319157 -20.791002 -9.228274 -8.527080 -30.449809 1.026286 -7.210101 -40.474625 0.117229 -8.637283 -19.365403 -5.372419 -0.194158 -23.701531 3.696132 5.719162 -43.456241 -1.178000 7.020673 -10.566582 -5.689846 -5.016964 1.815512 16.105874 49.351500 2.534405 2.202657 -28.595968 -14.507776 6.620655 30.044851 16.125162 -38.674951 29.297567 68.595847 17.157958 -8.014472 -3.341752 -1.650342 34.419063 1.191844 35.699252 -23.919608 33.069433 18.152274 -21.722576 28.530639 6.644356 -10.884674 3.826775 4.206655 -21.059126 36.115009 7.085306 -6.107878 35.336742 8.344431 -15.319157 20.791002 9.228278 -8.527080 30.449809 -1.026281 -7.210101 40.474625 -0.117231 -8.637283 19.365403 5.372431 -0.194158 23.701531 -3.696120 5.719162 43.456241 1.178012 7.020673 10.566582 5.689844 -5.016964 -1.815512 -16.105869 49.351500 -2.534405 -2.202652 -28.595968 14.507776 -6.620650 30.044851
0.058441 0.879489 -0.028666 2.387801 -8.042880 -24.420153 -8.305895 6.218896 6.422737 -0.539605 1.459354 38.385107 -13.113506 23.613959 -25.162868 21.072782 -0.951183 -8.153562 2.824246 0.391079 0.723599 0.284513 2.289694 43.630784 1.862174 -6.106945 -15.523951 -9.423859 -1.724450 -6.712304 -0.866653 0.592870 -1.571902 -0.003223 -0.436706 11.994330 -1.242570 -3.611774 0.078778 0.298430 14.413635 3.426954 3.804928 -7.039614 7.116929 -14.289353 38.969791 22.668556 -68.442893 -32.494135 -5.129899 -4.098689 -15.928191 28.899658 2.268515 -17.097687 -17.638061 -33.069433 -18.152276 -21.722576 -28.530639 -6.644358 -10.884674 -3.826775 -4.206650 -21.059126 -36.115009 -7.085308 -6.107878 -35.336742 -8.344426 -15.319157 -20.791002 -9.228274 -8.527080 -30.449809 1.026286 -7.210101 -40.474625 0.117229 -8.637283 -19.365403 -5.372419 -0.194158 -23.701531 3.696132 5.719162 -43.456241 -1.178000 7.020673 -10.566582 -5.689846 -5.016964 1.815512 16.105874 49.351500 2.534405 2.202657 -28.595968 -14.507776 6.620655 30.044851 14.977112 -40.084801 32.519090 69.297980 19.570359 -7.172238 -3.177435 -2.407974 35.230226 -1.998297 35.248263 -25.838205 33.069433 18.152274 -21.722576 28.530639 6.644356 -10.884674 3.826775 4.206655 -21.059126 36.115009 7.085306 -6.107878 35.336742 8.344431 -15.319157 20.791002 9.228278 -8.527080 30.449809 -1.026281 -7.210101 40.474625 -0.117231 -8.637283 19.365403 5.372431 -0.194158 23.701531 -3.696120 5.719162 43.456241 1.178012 7.020673 10.566582 5.689844 -5.016964 -1.815512 -16.105869 49.351500 -2.534405 -2.202652 -28.595968 14.507776 -6.620650 30.044851
0.065494 0.865774 -0.027955 3.759741 -7.676112 -26.857798 -10.458376 6.848312 7.697514 -0.074459 1.626865 40.753583 -13.833730 23.435290 -26.760224 22.227491 -0.365167 -8.243198 2.739601 0.707890 1.058630 -0.276664 5.365854 47.732387 2.943384 -9.176302 -16.675117 -8.691393 -2.969484 -8.453072 -0.537931 0.743701 -1.957210 -1.417488 -0.588814 14.365177 -1.695201 -3.620203 1.551970 -2.240609 14.744892 3.196584 7.057010 -7.311735 7.020458 -14.788656 38.006365 21.510658 -68.457691 -36.728540 -2.893207 -5.287401 -21.690513 28.129255 5.276268 -17.935774 -15.978808 -33.069433 -18.152276 -21.722576 -28.530639 -6.644358 -10.884674 -3.826775 -4.206650 -21.059126 -36.115009 -7.085308 -6.107878 -35.336742 -8.344426 -15.319157 -20.791002 -9.228274 -8.527080 -30.449809 1.026286 -7.210101 -40.474625 0.117229 -8.637283 -19.365403 -5.372419 -0.194158 -23.701531 3.696132 5.719162 -43.456241 -1.178000 7.020673 -10.566582 -5.689846 -5.016964 1.815512 16.105874 49.351500 2.534405 2.202657 -28.595968 -14.507776 6.620655 30.044851 15.009508 -39.803495 32.997233 69.562226 19.898807 -6.401878 -2.999563 -3.385606 35.998655 -5.170625 34.679229 -27.390179 33.069433 18.152274 -21.722576 28.530639 6.644356 -10.884674 3.826775 4.206655 -21.059126 36.115009 7.085306 -6.107878 35.336742 8.344431 -15.319157 20.791002 9.228278 -8.527080 30.449809 -1.026281 -7.210101 40.474625 -0.117231 -8.637283 19.365403 5.372431 -0.194158 23.701531 -3.696120 5.719162 43.456241 1.178012 7.020673 10.566582 5.689844 -5.016964 -1.815512 -16.105869 49.351500 -2.534405 -2.202652 -28.595968 14.507776 -6.620650 30.044851
0.072962 0.852745 -0.029457 4.408026 -6.868559 -28.032015 -11.648135 7.002463 7.452504 0.156657 2.000954 43.329079 -13.732109 22.818047 -27.493745 22.683567 0.276256 -9.779770 2.716843 0.881138 0.287541 -0.665774 6.696163 51.211056 4.286565 -11.042630 -17.745662 -9.852444 -3.369917 -9.695486 -0.325255 0.836100 -2.199179 -2.421405 -0.616887 15.858312 -2.002564 -3.777249 3.834945 -4.273280 15.433500 3.045931 10.018468 -8.391083 4.974804 -15.638118 35.659864 17.589196 -69.014212 -39.796812 0.236331 -6.208617 -28.974936 25.362173 6.946515 -18.269933 -13.390845 -33.069433 -18.152276 -21.722576 -28.530639 -6.644358 -10.884674 -3.826775 -4.206650 -21.059126 -36.115009 -7.085308 -6.107878 -35.336742 -8.344426 -15.319157 -20.791002 -9.228274 -8.527080 -30.449809 1.026286 -7.210101 -40.474625 0.117229 -8.637283 -19.365403 -5.372419 -0.194158 -23.701531 3.696132 5.719162 -43.456241 -1.178000 7.020673 -10.566582 -5.689846 -5.016964 1.815512 16.105874 49.351500 2.534405 2.202657 -28.595968 -14.507776 6.620655 30.044851 16.328822 -38.905830 30.548986 69.424423 18.286282 -5.247484 -2.769526 -4.321704 36.561807 -7.034122 34.305533 -27.632012 33.069433 18.152274 -21.722576 28.530639 6.644356 -10.884674 3.826775 4.206655 -21.059126 36.115009 7.085306 -6.107878 35.336742 8.344431 -15.319157 20.791002 9.228278 -8.527080 30.449809 -1.026281 -7.210101 40.474625 -0.117231 -8.637283 19.365403 5.372431 -0.194158 23.701531 -3.696120 5.719162 43.456241 1.178012 7.020673 10.566582 5.689844 -5.016964 -1.815512 -16.105869 49.351500 -2.534405 -2.202652 -28.595968 14.507776 -6.620650 30.044851
0.078502 0.842438 -0.034725 4.261278 -5.862260 -27.797906 -11.362481 6.431971 5.641644 0.153877 3.566891 45.966792 -12.677751 21.189099 -27.156036 22.526222 0.946298 -12.848419 2.945833 0.921989 -1.790755 -0.816909 6.593299 53.829602 5.918025 -12.119943 -18.846770 -12.711785 -2.811775 -9.967037 -0.233594 0.900242 -2.329110 -2.853199 -0.495377 16.421887 -2.151090 -3.919809 6.888098 -5.409890 16.321210 3.021788 12.473561 -10.196097 0.882784 -16.214155 31.500215 11.215628 -70.061225 -41.549366 4.406630 -6.282739 -37.141935 20.424958 7.242721 -17.652661 -10.177143 -33.069433 -18.152276 -21.722576 -28.530639 -6.644358 -10.884674 -3.826775 -4.206650 -21.059126 -36.115009 -7.085308 -6.107878 -35.336742 -8.344426 -15.319157 -20.791002 -9.228274 -8.527080 -30.449809 1.026286 -7.210101 -40.474625 0.117229 -8.637283 -19.365403 -5.372419 -0.194158 -23.701531 3.696132 5.719162 -43.456241 -1.178000 7.020673 -10.566582 -5.689846 -5.016964 1.815512 16.105874 49.351500 2.534405 2.202657 -28.595968 -14.507776 6.620655 30.044851 18.965397 -38.103278 25.212203 68.888362 14.884112 -3.497658 -2.327232 -4.709413 35.998281 -7.015222 34.140506 -26.394604 33.069433 18.152274 -21.722576 28.530639 6.644356 -10.884674 3.826775 4.206655 -21.059126 36.115009 7.085306 -6.107878 35.336742 8.344431 -15.319157 20.791002 9.228278 -8.527080 30.449809 -1.026281 -7.210101 40.474625 -0.117231 -8.637283 19.365403 5.372431 -0.194158 23.701531 -3.696120 5.719162 43.456241 1.178012 7.020673 10.566582 5.689844 -5.016964 -1.815512 -16.105869 49.351500 -2.534405 -2.202652 -28.595968 14.507776 -6.620650 30.044851
0.081316 0.836608 -0.044386 3.457250 -4.648542 -26.110326 -9.958527 5.380129 2.445051 0.029942 5.554722 48.132246 -10.879737 18.972335 -25.690557 21.687001 1.601238 -17.047899 3.324070 0.886069 -4.957106 -0.790504 5.317633 55.095776 7.690546 -12.657294 -19.721463 -16.515453 -1.531292 -9.411768 -0.269961 0.912120 -2.376633 -2.887427 -0.409542 16.130074 -2.174026 -4.118567 10.113931 -6.087942 17.419450 2.983310 15.025349 -12.436345 -4.437730 -15.849701 25.795504 3.252186 -70.957979 -41.741693 8.598170 -4.955472 -45.318257 14.373284 6.774862 -16.331916 -7.153483 -33.069433 -18.152276 -21.722576 -28.530639 -6.644358 -10.884674 -3.826775 -4.206650 -21.059126 -36.115009 -7.085308 -6.107878 -35.336742 -8.344426 -15.319157 -20.791002 -9.228274 -8.527080 -30.449809 1.026286 -7.210101 -40.474625 0.117229 -8.637283 -19.365403 -5.372419 -0.194158 -23.701531 3.696132 5.719162 -43.456241 -1.178000 7.020673 -10.566582 -5.689846 -5.016964 1.815512 16.105874 49.351500 2.534405 2.202657 -28.595968 -14.507776 6.620655 30.044851 22.867979 -36.928341 17.746848 67.898733 10.114598 -1.666457 -1.840628 -4.470875 34.028072 -5.758889 33.948413 -24.711590 33.069433 18.152274 -21.722576 28.530639 6.644356 -10.884674 3.826775 4.206655 -21.059126 36.115009 7.085306 -6.107878 35.336742 8.344431 -15.319157 20.791002 9.228278 -8.527080 30.449809 -1.026281 -7.210101 40.474625 -0.117231 -8.637283 19.365403 5.372431 -0.194158 23.701531 -3.696120 5.719162 43.456241 1.178012 7.020673 10.566582 5.689844 -5.016964 -1.815512 -16.105869 49.351500 -2.534405 -2.202652 -28.595968 14.507776 -6.620650 30.044851
0.080351 0.836953 -0.057967 2.217592 -3.192551 -22.859690 -7.985522 4.186560 -2.113347 -0.140289 7.122018 49.343526 -8.642659 16.585254 -23.234735 20.237018 2.072261 -21.369703 3.670113 0.882135 -9.063354 -0.673183 3.129103 54.607963 9.209795 -12.744980 -19.925441 -20.241770 0.177751 -8.500916 -0.426945 0.847042 -2.303553 -2.763075 -0.524959 15.036786 -2.122346 -4.463738 12.628256 -6.943435 18.757155 2.662544 18.261522 -14.751695 -9.799281 -13.937702 19.052684 -5.033266 -70.768560 -40.434174 11.169405 -2.438467 -52.958024 8.806164 5.991939 -14.845250 -4.717833 -33.069433 -18.152276 -21.722576 -28.530639 -6.644358 -10.884674 -3.826775 -4.206650 -21.059126 -36.115009 -7.085308 -6.107878 -35.336742 -8.344426 -15.319157 -20.791002 -9.228274 -8.527080 -30.449809 1.026286 -7.210101 -40.474625 0.117229 -8.637283 -19.365403 -5.372419 -0.194158 -23.701531 3.696132 5.719162 -43.456241 -1.178000 7.020673 -10.566582 -5.689846 -5.016964 1.815512 16.105874 49.351500 2.534405 2.202657 -28.595968 -14.507776 6.620655 30.044851 27.169759 -34.981916 9.879829 66.751560 5.029856 -0.089967 -1.634015 -4.097222 31.564783 -3.825414 33.612625 -23.130250 33.069433 18.152274 -21.722576 28.530639 6.644356 -10.884674 3.826775 4.206655 -21.059126 36.115009 7.085306 -6.107878 35.336742 8.344431 -15.319157 20.791002 9.228278 -8.527080 30.449809 -1.026281 -7.210101 40.474625 -0.117231 -8.637283 19.365403 5.372431 -0.194158 23.701531 -3.696120 5.719162 43.456241 1.178012 7.020673 10.566582 5.689844 -5.016964 -1.815512 -16.105869 49.351500 -2.534405 -2.202652 -28.595968 14.507776 -6.620650 30.044851
0.076402 0.843535 -0.073509 0.863782 -1.611417 -18.106550 -5.822312 3.139171 -7.965501 -0.294584 8.327234 49.415392 -6.175243 14.019559 -20.026035 18.371027 2.236719 -25.027010 3.892652 1.022769 -14.058736 -0.505962 0.532593 52.446892 10.304371 -12.528264 -19.258142 -23.367462 2.112437 -7.615714 -0.671930 0.698553 -2.113282 -2.613402 -0.810420 13.325937 -2.025285 -4.918430 14.094710 -7.998209 20.082521 1.943307 21.835362 -16.673971 -14.608155 -10.397138 11.844343 -13.121925 -69.206935 -37.744820 11.626613 0.641127 -60.142763 4.150934 5.005404 -13.284640 -2.572376 -33.069433 -18.152276 -21.722576 -28.530639 -6.644358 -10.884674 -3.826775 -4.206650 -21.059126 -36.115009 -7.085308 -6.107878 -35.336742 -8.344426 -15.319157 -20.791002 -9.228274 -8.527080 -30.449809 1.026286 -7.210101 -40.474625 0.117229 -8.637283 -19.365403 -5.372419 -0.194158 -23.701531 3.696132 5.719162 -43.456241 -1.178000 7.020673 -10.566582 -5.689846 -5.016964 1.815512 16.105874 49.351500 2.534405 2.202657 -28.595968 -14.507776 6.620655 30.044851 30.933896 -32.281752 2.762665 65.844867 0.371264 1.211150 -1.699135 -3.989176 29.513043 -1.223895 33.310977 -21.196675 33.069433 18.152274 -21.722576 28.530639 6.644356 -10.884674 3.826775 4.206655 -21.059126 36.115009 7.085306 -6.107878 35.336742 8.344431 -15.319157 20.791002 9.228278 -8.527080 30.449809 -1.026281 -7.210101 40.474625 -0.117231 -8.637283 19.365403 5.372431 -0.194158 23.701531 -3.696120 5.719162 43.456241 1.178012 7.020673 10.566582 5.689844 -5.016964 -1.815512 -16.105869 49.351500 -2.534405 -2.202652 -28.595968 14.507776 -6.620650 30.044851
0.070039 0.855195 -0.089222 -0.322828 -0.029702 -12.324658 -3.835445 2.418115 -14.653183 -0.416216 9.231147 48.417027 -3.632655 11.457249 -16.269797 16.141581 2.165097 -28.071976 3.934260 1.279686 -19.602838 -0.334059 -2.111270 49.039479 11.143112 -12.100566 -17.800879 -26.181980 4.133940 -6.961093 -0.981489 0.465200 -1.866849 -2.450228 -1.205519 11.289818 -1.853073 -5.450263 14.953111 -8.902706 20.984106 0.824228 24.888507 -17.712268 -18.913641 -5.917622 5.245014 -21.308311 -66.882625 -33.986810 11.183006 4.196534 -67.009331 -0.312934 3.815232 -11.552763 -0.398500 -33.069433 -18.152276 -21.722576 -28.530639 -6.644358 -10.884674 -3.826775 -4.206650 -21.059126 -36.115009 -7.085308 -6.107878 -35.336742 -8.344426 -15.319157 -20.791002 -9.228274 -8.527080 -30.449809 1.026286 -7.210101 -40.474625 0.117229 -8.637283 -19.365403 -5.372419 -0.194158 -23.701531 3.696132 5.719162 -43.456241 -1.178000 7.020673 -10.566582 -5.689846 -5.016964 1.815512 16.105874 49.351500 2.534405 2.202657 -28.595968 -14.507776 6.620655 30.044851 33.787200 -28.869027 -3.670912 65.189111 -4.014018 2.562892 -1.818013 -4.106246 27.972684 2.037039 33.146561 -18.834593 33.069433 18.152274 -21.722576 28.530639 6.644356 -10.884674 3.826775 4.206655 -21.059126 36.115009 7.085306 -6.107878 35.336742 8.344431 -15.319157 20.791002 9.228278 -8.527080 30.449809 -1.026281 -7.210101 40.474625 -0.117231 -8.637283 19.365403 5.372431 -0.194158 23.701531 -3.696120 5.719162 43.456241 1.178012 7.020673 10.566582 5.689844 -5.016964 -1.815512 -16.105869 49.351500 -2.534405 -2.202652 -28.595968 14.507776 -6.620650 30.044851
0.062498 0.868564 -0.104411 -1.114581 1.483144 -6.330205 -2.482272 1.961414 -21.400714 -0.519072 9.595284 46.752831 -1.251725 9.387305 -12.224766 13.573192 1.987471 -30.922929 3.653957 1.440606 -25.027176 -0.182530 -4.804728 45.022854 11.895954 -11.374359 -15.745008 -29.147109 6.091384 -6.741118 -1.330544 0.163968 -1.620569 -2.275828 -1.651285 9.273410 -1.611990 -6.002436 15.830824 -9.594448 21.220273 -0.827391 27.125506 -17.796166 -22.870253 -1.759205 0.565037 -29.387576 -64.574807 -30.214567 11.581352 9.109214 -73.225257 -5.657126 2.649272 -10.007898 1.730773 -33.069433 -18.152276 -21.722576 -28.530639 -6.644358 -10.884674 -3.826775 -4.206650 -21.059126 -36.115009 -7.085308 -6.107878 -35.336742 -8.344426 -15.319157 -20.791002 -9.228274 -8.527080 -30.449809 1.026286 -7.210101 -40.474625 0.117229 -8.637283 -19.365403 -5.372419 -0.194158 -23.701531 3.696132 5.719162 -43.456241 -1.178000 7.020673 -10.566582 -5.689846 -5.016964 1.815512 16.105874 49.351500 2.534405 2.202657 -28.595968 -14.507776 6.620655 30.044851 35.803862 -25.099802 -9.698069 64.483888 -8.370517 4.542851 -1.913940 -4.162738 26.468183 5.752384 33.110727 -16.890093 33.069433 18.152274 -21.722576 28.530639 6.644356 -10.884674 3.826775 4.206655 -21.059126 36.115009 7.085306 -6.107878 35.336742 8.344431 -15.319157 20.791002 9.228278 -8.527080 30.449809 -1.026281 -7.210101 40.474625 -0.117231 -8.637283 19.365403 5.372431 -0.194158 23.701531 -3.696120 5.719162 43.456241 1.178012 7.020673 10.566582 5.689844 -5.016964 -1.815512 -16.105869 49.351500 -2.534405 -2.202652 -28.595968 14.507776 -6.620650 30.044851
0.055555 0.880410 -0.118448 -1.320381 2.739100 -0.966788 -2.044679 1.548283 -27.369842 -0.574825 9.406094 45.013949 0.663473 8.139525 -8.311401 10.951723 1.752096 -33.715539 2.924651 1.271791 -29.644468 -0.031059 -7.477818 41.125338 12.512658 -10.161829 -13.359310 -32.169415 7.785086 -7.110882 -1.652984 -0.159421 -1.447628 -2.238593 -1.967775 7.791195 -1.411706 -6.384954 16.968106 -10.230458 20.809910 -3.247181 28.825082 -17.408599 -26.371749 1.297167 -2.123510 -36.427966 -62.626211 -27.422681 13.094600 16.906857 -78.289757 -13.381457 1.855958 -9.121278 3.691973 -33.069433 -18.152276 -21.722576 -28.530639 -6.644358 -10.884674 -3.826775 -4.206650 -21.059126 -36.115009 -7.085308 -6.107878 -35.336742 -8.344426 -15.319157 -20.791002 -9.228274 -8.527080 -30.449809 1.026286 -7.210101 -40.474625 0.117229 -8.637283 -19.365403 -5.372419 -0.194158 -23.701531 3.696132 5.719162 -43.456241 -1.178000 7.020673 -10.566582 -5.689846 -5.016964 1.815512 16.105874 49.351500 2.534405 2.202657 -28.595968 -14.507776 6.620655 30.044851 37.073249 -21.518944 -14.984199 63.704560 -12.348324 7.044037 -1.975149 -4.025581 24.582451 9.354202 33.241913 -15.854283 33.069433 18.152274 -21.722576 28.530639 6.644356 -10.884674 3.826775 4.206655 -21.059126 36.115009 7.085306 -6.107878 35.336742 8.344431 -15.319157 20.791002 9.228278 -8.527080 30.449809 -1.026281 -7.210101 40.474625 -0.117231 -8.637283 19.365403 5.372431 -0.194158 23.701531 -3.696120 5.719162 43.456241 1.178012 7.020673 10.566582 5.689844 -5.016964 -1.815512 -16.105869 49.351500 -2.534405 -2.202652 -28.595968 14.507776 -6.620650 30.044851
0.048913 0.889050 -0.130676 -1.114275 3.379717 3.015153 -2.088076 1.225762 -31.696127 -0.582779 9.200091 43.461667 1.894737 7.499796 -5.165900 8.887970 1.447818 -36.038302 2.107800 0.933334 -32.888587 0.149149 -9.594549 37.838141 12.793086 -8.665506 -11.000778 -34.510205 9.010791 -7.884337 -1.839764 -0.390712 -1.439359 -2.512640 -1.911385 7.420515 -1.294311 -6.341377 18.233421 -10.566328 19.965915 -6.369077 29.862648 -17.196133 -28.970760 3.391262 -3.900411 -41.488454 -60.882802 -25.988668 14.535368 28.615751 -81.837306 -24.715718 1.697165 -9.104203 5.158583 -33.069433 -18.152276 -21.722576 -28.530639 -6.644358 -10.884674 -3.826775 -4.206650 -21.059126 -36.115009 -7.085308 -6.107878 -35.336742 -8.344426 -15.319157 -20.791002 -9.228274 -8.527080 -30.449809 1.026286 -7.210101 -40.474625 0.117229 -8.637283 -19.365403 -5.372419 -0.194158 -23.701531 3.696132 5.719162 -43.456241 -1.178000 7.020673 -10.566582 -5.689846 -5.016964 1.815512 16.105874 49.351500 2.534405 2.202657 -28.595968 -14.507776 6.620655 30.044851 37.471432 -18.718535 -18.607942 63.365955 -14.994149 9.056933 -1.859824 -3.876546 22.581100 11.878420 33.381316 -15.239957 33.069433 18.152274 -21.722576 28.530639 6.644356 -10.884674 3.826775 4.206655 -21.059126 36.115009 7.085306 -6.107878 35.336742 8.344431 -15.319157 20.791002 9.228278 -8.527080 30.449809 -1.026281 -7.210101 40.474625 -0.117231 -8.637283 19.365403 5.372431 -0.194158 23.701531 -3.696120 5.719162 43.456241 1.178012 7.020673 10.566582 5.689844 -5.016964 -1.815512 -16.105869 49.351500 -2.534405 -2.202652 -28.595968 14.507776 -6.620650 30.044851
0.041613 0.893978 -0.140663 -0.978352 3.299243 5.275370 -1.881219 1.292889 -33.994409 -0.615690 9.412556 42.023160 2.488552 7.052535 -3.305200 7.792418 1.115557 -37.430244 1.713104 0.869117 -34.570226 0.343552 -10.957240 35.325534 12.612057 -7.253003 -8.955177 -35.735788 9.774774 -8.643223 -1.857616 -0.422424 -1.580446 -2.986012 -1.530158 8.242595 -1.155960 -5.899328 19.497217 -10.203578 18.975123 -9.673372 29.584117 -17.212968 -30.263665 4.630359 -5.312785 -44.329122 -59.166602 -25.882665 15.257470 41.283432 -83.794009 -36.927218 2.388110 -9.872770 5.945004 -33.069433 -18.152276 -21.722576 -28.530639 -6.644358 -10.884674 -3.826775 -4.206650 -21.059126 -36.115009 -7.085308 -6.107878 -35.336742 -8.344426 -15.319157 -20.791002 -9.228274 -8.527080 -30.449809 1.026286 -7.210101 -40.474625 0.117229 -8.637283 -19.365403 -5.372419 -0.194158 -23.701531 3.696132 5.719162 -43.456241 -1.178000 7.020673 -10.566582 -5.689846 -5.016964 1.815512 16.105874 49.351500 2.534405 2.202657 -28.595968 -14.507776 6.620655 30.044851 37.145297 -16.788322 -20.295192 63.757428 -15.865831 10.055309 -1.560051 -3.956180 20.998138 13.122787 33.325933 -14.709101 33.069433 18.152274 -21.722576 28.530639 6.644356 -10.884674 3.826775 4.206655 -21.059126 36.115009 7.085306 -6.107878 35.336742 8.344431 -15.319157 20.791002 9.228278 -8.527080 30.449809 -1.026281 -7.210101 40.474625 -0.117231 -8.637283 19.365403 5.372431 -0.194158 23.701531 -3.696120 5.719162 43.456241 1.178012 7.020673 10.566582 5.689844 -5.016964 -1.815512 -16.105869 49.351500 -2.534405 -2.202652 -28.595968 14.507776 -6.620650 30.044851
0.034342 0.895328 -0.148259 -1.087193 2.960705 6.268818 -1.302413 1.700713 -34.911365 -0.731756 9.751021 40.900353 2.682706 6.701081 -2.660261 7.447189 0.775427 -37.985695 1.575320 1.041080 -35.149651 0.560808 -12.338413 33.591272 11.980253 -5.699517 -7.267921 -36.261309 10.334535 -9.292221 -1.808626 -0.323421 -1.739267 -3.365547 -1.160904 9.573001 -0.981253 -5.412902 20.596703 -9.374378 18.169762 -12.438292 28.078560 -17.179323 -30.391613 4.828606 -6.015617 -45.297563 -57.871407 -26.604587 15.592470 45.853622 -84.710566 -40.924702 4.015274 -11.273314 6.338795 -33.069433 -18.152276 -21.722576 -28.530639 -6.644358 -10.884674 -3.826775 -4.206650 -21.059126 -36.115009 -7.085308 -6.107878 -35.336742 -8.344426 -15.319157 -20.791002 -9.228274 -8.527080 -30.449809 1.026286 -7.210101 -40.474625 0.117229 -8.637283 -19.365403 -5.372419 -0.194158 -23.701531 3.696132 5.719162 -43.456241 -1.178000 7.020673 -10.566582 -5.689846 -5.016964 1.815512 16.105874 49.351500 2.534405 2.202657 -28.595968 -14.507776 6.620655 30.044851 36.509596 -15.349329 -20.692002 64.596840 -15.447175 10.324569 -1.264000 -4.440570 19.926271 13.470583 33.038673 -14.047299 33.069433 18.152274 -21.722576 28.530639 6.644356 -10.884674 3.826775 4.206655 -21.059126 36.115009 7.085306 -6.107878 35.336742 8.344431 -15.319157 20.791002 9.228278 -8.527080 30.449809 -1.026281 -7.210101 40.474625 -0.117231 -8.637283 19.365403 5.372431 -0.194158 23.701531 -3.696120 5.719162 43.456241 1.178012 7.020673 10.566582 5.689844 -5.016964 -1.815512 -16.105869 49.351500 -2.534405 -2.202652 -28.595968 14.507776 -6.620650 30.044851
0.026475 0.894166 -0.152698 -1.260933 2.848929 6.621472 -0.678938 2.157290 -35.333717 -0.878540 9.792834 40.501476 2.573744 6.487617 -2.839095 7.468298 0.415633 -37.935340 1.340701 1.151388 -35.279594 0.822749 -14.257136 32.724653 11.047945 -3.862469 -6.032007 -36.582856 10.820476 -9.943199 -1.754202 -0.218010 -1.826811 -3.570041 -0.963894 10.662627 -0.840458 -5.078489 21.198763 -8.404415 17.703346 -13.751148 25.929386 -17.090231 -29.770136 3.688669 -5.696683 -44.564457 -57.613284 -27.517231 15.917906 32.399722 -84.954684 -26.543723 6.458716 -13.354581 6.674780 -33.069433 -18.152276 -21.722576 -28.530639 -6.644358 -10.884674 -3.826775 -4.206650 -21.059126 -36.115009 -7.085308 -6.107878 -35.336742 -8.344426 -15.319157 -20.791002 -9.228274 -8.527080 -30.449809 1.026286 -7.210101 -40.474625 0.117229 -8.637283 -19.365403 -5.372419 -0.194158 -23.701531 3.696132 5.719162 -43.456241 -1.178000 7.020673 -10.566582 -5.689846 -5.016964 1.815512 16.105874 49.351500 2.534405 2.202657 -28.595968 -14.507776 6.620655 30.044851 35.724503 -14.694227 -20.308508 65.617634 -14.052544 10.389614 -1.097091 -5.372836 19.268368 13.201146 32.615147 -13.096377 33.069433 18.152274 -21.722576 28.530639 6.644356 -10.884674 3.826775 4.206655 -21.059126 36.115009 7.085306 -6.107878 35.336742 8.344431 -15.319157 20.791002 9.228278 -8.527080 30.449809 -1.026281 -7.210101 40.474625 -0.117231 -8.637283 19.365403 5.372431 -0.194158 23.701531 -3.696120 5.719162 43.456241 1.178012 7.020673 10.566582 5.689844 -5.016964 -1.815512 -16.105869 49.351500 -2.534405 -2.202652 -28.595968 14.507776 -6.620650 30.044851
0.017686 0.891739 -0.152496 -1.324184 2.994965 6.642308 -0.241637 2.515664 -35.670343 -0.963513 9.483987 41.003286 2.072928 6.398360 -3.563721 7.697029 0.025370 -37.289235 1.023692 1.144756 -35.381991 1.087913 -16.245720 32.855150 10.040805 -2.170700 -5.480938 -36.729873 11.122446 -10.527590 -1.656519 -0.150118 -1.846670 -3.697232 -0.844065 11.247353 -0.773661 -4.828805 21.041167 -7.312736 17.486521 -12.982688 23.460112 -17.046628 -28.589254 0.922158 -4.367671 -42.187648 -58.459506 -28.243136 16.306889 4.711643 -83.296885 2.786085 9.426851 -16.424336 7.074741 -33.069433 -18.152276 -21.722576 -28.530639 -6.644358 -10.884674 -3.826775 -4.206650 -21.059126 -36.115009 -7.085308 -6.107878 -35.336742 -8.344426 -15.319157 -20.791002 -9.228274 -8.527080 -30.449809 1.026286 -7.210101 -40.474625 0.117229 -8.637283 -19.365403 -5.372419 -0.194158 -23.701531 3.696132 5.719162 -43.456241 -1.178000 7.020673 -10.566582 -5.689846 -5.016964 1.815512 16.105874 49.351500 2.534405 2.202657 -28.595968 -14.507776 6.620655 30.044851 34.736857 -15.253428 -19.146406 66.644344 -11.460187 10.724800 -1.066867 -6.497877 19.209345 12.564840 32.411742 -12.471387 33.069433 18.152274 -21.722576 28.530639 6.644356 -10.884674 3.826775 4.206655 -21.059126 36.115009 7.085306 -6.107878 35.336742 8.344431 -15.319157 20.791002 9.228278 -8.527080 30.449809 -1.026281 -7.210101 40.474625 -0.117231 -8.637283 19.365403 5.372431 -0.194158 23.701531 -3.696120 5.719162 43.456241 1.178012 7.020673 10.566582 5.689844 -5.016964 -1.815512 -16.105869 49.351500 -2.534405 -2.202652 -28.595968 14.507776 -6.620650 30.044851
0.007778 0.888472 -0.148863 -1.336855 2.997704 6.276192 0.124745 2.874057 -35.812063 -0.956471 8.890061 42.286085 1.074772 6.597924 -4.820934 8.072546 -0.393321 -36.059136 0.945086 1.283095 -35.381045 1.293346 -17.683253 33.872474 8.963929 -1.007307 -5.716705 -36.467995 11.109257 -10.876561 -1.460022 -0.079556 -1.861091 -3.779612 -0.607638 11.520703 -0.748216 -4.514869 20.169626 -6.018322 17.339543 -10.371326 20.490704 -16.961031 -26.755128 -3.347378 -2.000895 -38.486487 -59.782529 -28.695144 16.544679 -13.033274 -78.411597 22.939801 13.071758 -20.806276 7.375667 -33.069433 -18.152276 -21.722576 -28.530639 -6.644358 -10.884674 -3.826775 -4.206650 -21.059126 -36.115009 -7.085308 -6.107878 -35.336742 -8.344426 -15.319157 -20.791002 -9.228274 -8.527080 -30.449809 1.026286 -7.210101 -40.474625 0.117229 -8.637283 -19.365403 -5.372419 -0.194158 -23.701531 3.696132 5.719162 -43.456241 -1.178000 7.020673 -10.566582 -5.689846 -5.016964 1.815512 16.105874 49.351500 2.534405 2.202657 -28.595968 -14.507776 6.620655 30.044851 33.628369 -16.548173 -17.191347 67.395272 -7.623137 11.227404 -1.224196 -7.404872 20.238051 11.601390 32.821498 -12.568526 33.069433 18.152274 -21.722576 28.530639 6.644356 -10.884674 3.826775 4.206655 -21.059126 36.115009 7.085306 -6.107878 35.336742 8.344431 -15.319157 20.791002 9.228278 -8.527080 30.449809 -1.026281 -7.210101 40.474625 -0.117231 -8.637283 19.365403 5.372431 -0.194158 23.701531 -3.696120 5.719162 43.456241 1.178012 7.020673 10.566582 5.689844 -5.016964 -1.815512 -16.105869 49.351500 -2.534405 -2.202652 -28.595968 14.507776 -6.620650 30.044851
-0.002458 0.883847 -0.142642 -1.563193 2.509038 5.313402 0.811155 3.489908 -35.477947 -0.904254 8.047926 44.199306 -0.365105 7.126929 -6.726317 8.428358 -0.875799 -34.582312 1.455510 1.866174 -34.928386 1.439042 -18.544119 35.477381 7.721147 -0.338932 -6.647197 -35.810904 10.853541 -10.953953 -1.203024 0.060634 -1.901353 -3.646737 -0.174529 11.721848 -0.638600 -4.072594 18.997747 -4.468120 17.095940 -7.159988 16.626280 -16.433331 -24.334100 -8.336692 1.449813 -34.302507 -60.824426 -28.737273 16.613003 -18.282866 -70.741177 30.721479 17.706963 -26.618630 7.263208 -33.069433 -18.152276 -21.722576 -28.530639 -6.644358 -10.884674 -3.826775 -4.206650 -21.059126 -36.115009 -7.085308 -6.107878 -35.336742 -8.344426 -15.319157 -20.791002 -9.228274 -8.527080 -30.449809 1.026286 -7.210101 -40.474625 0.117229 -8.637283 -19.365403 -5.372419 -0.194158 -23.701531 3.696132 5.719162 -43.456241 -1.178000 7.020673 -10.566582 -5.689846 -5.016964 1.815512 16.105874 49.351500 2.534405 2.202657 -28.595968 -14.507776 6.620655 30.044851 32.505095 -17.642634 -14.786793 67.622451 -2.983294 11.639571 -1.486504 -7.925728 22.389861 10.153612 33.838006 -13.058012 33.069433 18.152274 -21.722576 28.530639 6.644356 -10.884674 3.826775 4.206655 -21.059126 36.115009 7.085306 -6.107878 35.336742 8.344431 -15.319157 20.791002 9.228278 -8.527080 30.449809 -1.026281 -7.210101 40.474625 -0.117231 -8.637283 19.365403 5.372431 -0.194158 23.701531 -3.696120 5.719162 43.456241 1.178012 7.020673 10.566582 5.689844 -5.016964 -1.815512 -16.105869 49.351500 -2.534405 -2.202652 -28.595968 14.507776 -6.620650 30.044851
-0.015326 0.876525 -0.133792 -2.007608 1.815385 3.743686 1.858652 4.323881 -34.751846 -0.841097 6.836264 46.951424 -1.946936 7.830876 -9.189669 8.447469 -1.532091 -33.352246 2.400036 2.671071 -34.003636 1.612399 -19.316804 37.671764 6.440828 0.008288 -8.233668 -35.203930 10.685568 -10.974890 -0.981844 0.252214 -1.896195 -3.218864 0.277431 11.793641 -0.341311 -3.578040 17.967140 -2.564214 16.612021 -4.624694 11.752029 -15.159724 -21.782275 -13.113424 5.602376 -30.558045 -61.375275 -28.160927 16.735365 -17.233246 -60.638045 31.811931 22.825813 -32.775041 4.844295 -33.069433 -18.152276 -21.722576 -28.530639 -6.644358 -10.884674 -3.826775 -4.206650 -21.059126 -36.115009 -7.085308 -6.107878 -35.336742 -8.344426 -15.319157 -20.791002 -9.228274 -8.527080 -30.449809 1.026286 -7.210101 -40.474625 0.117229 -8.637283 -19.365403 -5.372419 -0.194158 -23.701531 3.696132 5.719162 -43.456241 -1.178000 7.020673 -10.566582 -5.689846 -5.016964 1.815512 16.105874 49.351500 2.534405 2.202657 -28.595968 -14.507776 6.620655 30.044851 31.265995 -18.099746 -12.551326 67.353776 1.835097 12.245087 -1.493029 -8.149396 24.611487 8.362548 35.085651 -13.737219 33.069433 18.152274 -21.722576 28.530639 6.644356 -10.884674 3.826775 4.206655 -21.059126 36.115009 7.085306 -6.107878 35.336742 8.344431 -15.319157 20.791002 9.228278 -8.527080 30.449809 -1.026281 -7.210101 40.474625 -0.117231 -8.637283 19.365403 5.372431 -0.194158 23.701531 -3.696120 5.719162 43.456241 1.178012 7.020673 10.566582 5.689844 -5.016964 -1.815512 -16.105869 49.351500 -2.534405 -2.202652 -28.595968 14.507776 -6.620650 30.044851
-0.030041 0.865585 -0.122485 -2.470513 1.394932 1.529081 2.939271 5.162526 -33.768466 -0.732459 4.910198 50.987504 -3.565422 8.868579 -11.892681 8.108487 -2.376678 -32.686390 3.420296 3.323429 -32.669297 1.867241 -20.321660 40.653146 5.228797 -0.076113 -10.496280 -34.890910 10.796339 -11.240761 -0.832477 0.441649 -1.802418 -2.569739 0.608750 11.856197 0.166419 -3.021796 17.192591 0.028007 15.723697 -2.918534 5.693361 -13.353837 -19.346741 -17.170148 9.740979 -27.220228 -61.897221 -27.242138 16.515074 -13.732568 -47.859114 30.284735 27.267809 -36.546022 -1.788854 -33.069433 -18.152276 -21.722576 -28.530639 -6.644358 -10.884674 -3.826775 -4.206650 -21.059126 -36.115009 -7.085308 -6.107878 -35.336742 -8.344426 -15.319157 -20.791002 -9.228274 -8.527080 -30.449809 1.026286 -7.210101 -40.474625 0.117229 -8.637283 -19.365403 -5.372419 -0.194158 -23.701531 3.696132 5.719162 -43.456241 -1.178000 7.020673 -10.566582 -5.689846 -5.016964 1.815512 16.105874 49.351500 2.534405 2.202657 -28.595968 -14.507776 6.620655 30.044851 29.767460 -17.945139 -10.760816 67.019972 6.390334 12.845111 -1.111802 -8.127348 25.014931 6.429941 36.043726 -14.044035 33.069433 18.152274 -21.722576 28.530639 6.644356 -10.884674 3.826775 4.206655 -21.059126 36.115009 7.085306 -6.107878 35.336742 8.344431 -15.319157 20.791002 9.228278 -8.527080 30.449809 -1.026281 -7.210101 40.474625 -0.117231 -8.637283 19.365403 5.372431 -0.194158 23.701531 -3.696120 5.719162 43.456241 1.178012 7.020673 10.566582 5.689844 -5.016964 -1.815512 -16.105869 49.351500 -2.534405 -2.202652 -28.595968 14.507776 -6.620650 30.044851
-0.045254 0.850480 -0.109812 -2.983458 1.304815 -1.646569 3.896904 6.097012 -32.163746 -0.544101 2.015339 56.698098 -5.711664 10.218273 -14.344014 8.097838 -3.169376 -33.359197 4.673314 3.911058 -30.665930 2.055622 -21.137328 44.432456 3.998607 -1.038678 -13.348333 -34.466380 10.772275 -11.767026 -0.768705 0.630661 -1.720842 -1.680480 0.842097 12.399604 0.777479 -2.367676 16.622278 2.934492 14.498822 -1.709534 -0.769770 -11.294173 -17.027261 -20.414367 13.709477 -23.465749 -62.739672 -26.744348 15.628040 -9.058859 -33.433079 27.558027 28.957891 -36.496261 -10.080712 -33.069433 -18.152276 -21.722576 -28.530639 -6.644358 -10.884674 -3.826775 -4.206650 -21.059126 -36.115009 -7.085308 -6.107878 -35.336742 -8.344426 -15.319157 -20.791002 -9.228274 -8.527080 -30.449809 1.026286 -7.210101 -40.474625 0.117229 -8.637283 -19.365403 -5.372419 -0.194158 -23.701531 3.696132 5.719162 -43.456241 -1.178000 7.020673 -10.566582 -5.689846 -5.016964 1.815512 16.105874 49.351500 2.534405 2.202657 -28.595968 -14.507776 6.620655 30.044851 28.401706 -17.485446 -9.033351 66.941738 10.910430 13.088742 -0.490793 -7.793906 22.369043 4.372778 36.426608 -13.696793 33.069433 18.152274 -21.722576 28.530639 6.644356 -10.884674 3.826775 4.206655 -21.059126 36.115009 7.085306 -6.107878 35.336742 8.344431 -15.319157 20.791002 9.228278 -8.527080 30.449809 -1.026281 -7.210101 40.474625 -0.117231 -8.637283 19.365403 5.372431 -0.194158 23.701531 -3.696120 5.719162 43.456241 1.178012 7.020673 10.566582 5.689844 -5.016964 -1.815512 -16.105869 49.351500 -2.534405 -2.202652 -28.595968 14.507776 -6.620650 30.044851
-0.059534 0.831800 -0.095847 -3.631178 1.420033 -5.779398 4.875683 7.283907 -29.533785 -0.396352 -1.386690 63.880945 -8.533128 11.127098 -15.693208 9.367754 -3.641766 -36.873317 6.473719 4.600989 -27.968087 2.019491 -21.030183 48.764538 2.718364 -3.218635 -16.548815 -33.171596 10.062374 -12.270445 -0.757706 0.860654 -1.739618 -0.615045 0.930124 13.599170 1.289926 -1.698707 16.075355 5.307082 13.274523 -0.786130 -6.222527 -9.150368 -14.769290 -22.999036 18.125355 -18.694232 -63.403198 -27.142526 14.056888 -3.857520 -19.470648 24.549473 26.660127 -32.879319 -17.604199 -33.069433 -18.152276 -21.722576 -28.530639 -6.644358 -10.884674 -3.826775 -4.206650 -21.059126 -36.115009 -7.085308 -6.107878 -35.336742 -8.344426 -15.319157 -20.791002 -9.228274 -8.527080 -30.449809 1.026286 -7.210101 -40.474625 0.117229 -8.637283 -19.365403 -5.372419 -0.194158 -23.701531 3.696132 5.719162 -43.456241 -1.178000 7.020673 -10.566582 -5.689846 -5.016964 1.815512 16.105874 49.351500 2.534405 2.202657 -28.595968 -14.507776 6.620655 30.044851 27.785130 -17.632733 -6.653295 67.478103 16.248893 13.047126 0.430914 -6.954435 16.870342 0.991620 36.378812 -13.581106 33.069433 18.152274 -21.722576 28.530639 6.644356 -10.884674 3.826775 4.206655 -21.059126 36.115009 7.085306 -6.107878 35.336742 8.344431 -15.319157 20.791002 9.228278 -8.527080 30.449809 -1.026281 -7.210101 40.474625 -0.117231 -8.637283 19.365403 5.372431 -0.194158 23.701531 -3.696120 5.719162 43.456241 1.178012 7.020673 10.566582 5.689844 -5.016964 -1.815512 -16.105869 49.351500 -2.534405 -2.202652 -28.595968 14.507776 -6.620650 30.044851
-0.072520 0.811314 -0.080464 -4.194797 1.583917 -10.163607 6.191446 8.350592 -26.434655 -0.360170 -3.503167 70.525664 -10.974145 11.396092 -16.689164 11.979021 -3.676190 -39.775121 8.610443 5.233975 -25.086273 1.808757 -19.830756 53.327756 1.639298 -6.298607 -19.808338 -30.975497 8.835556 -12.634594 -0.675324 1.115489 -1.860306 0.302817 0.962779 15.105602 1.589885 -1.126583 15.474313 7.146587 12.106724 -0.052506 -10.567302 -6.831047 -12.466465 -24.785280 23.600512 -13.088702 -63.486013 -27.790771 11.499618 0.969419 -8.430883 21.349890 21.638616 -27.761983 -22.327752 -33.069433 -18.152276 -21.722576 -28.530639 -6.644358 -10.884674 -3.826775 -4.206650 -21.059126 -36.115009 -7.085308 -6.107878 -35.336742 -8.344426 -15.319157 -20.791002 -9.228274 -8.527080 -30.449809 1.026286 -7.210101 -40.474625 0.117229 -8.637283 -19.365403 -5.372419 -0.194158 -23.701531 3.696132 5.719162 -43.456241 -1.178000 7.020673 -10.566582 -5.689846 -5.016964 1.815512 16.105874 49.351500 2.534405 2.202657 -28.595968 -14.507776 6.620655 30.044851 27.709662 -19.058487 -3.353018 69.259031 22.761997 13.018931 2.081257 -4.908341 9.213352 -5.740910 36.708119 -14.661972 33.069433 18.152274 -21.722576 28.530639 6.644356 -10.884674 3.826775 4.206655 -21.059126 36.115009 7.085306 -6.107878 35.336742 8.344431 -15.319157 20.791002 9.228278 -8.527080 30.449809 -1.026281 -7.210101 40.474625 -0.117231 -8.637283 19.365403 5.372431 -0.194158 23.701531 -3.696120 5.719162 43.456241 1.178012 7.020673 10.566582 5.689844 -5.016964 -1.815512 -16.105869 49.351500 -2.534405 -2.202652 -28.595968 14.507776 -6.620650 30.044851
-0.083107 0.791975 -0.063614 -4.443536 1.654063 -14.070737 7.848632 8.801677 -24.217225 -0.240098 -2.906298 74.149615 -12.362179 11.655987 -19.643316 14.986979 -3.779886 -35.356908 10.423880 5.557038 -22.372080 1.506410 -18.546208 57.758064 0.844632 -8.931441 -22.911890 -28.806661 7.741804 -13.023542 -0.426932 1.281346 -2.066783 0.821212 1.329219 16.529678 1.688339 -0.688740 14.939358 8.673345 11.013075 0.454214 -13.933219 -4.625660 -10.318539 -25.412707 30.227956 -7.616641 -63.603561 -27.212339 7.724348 4.182594 -2.127062 16.513638 16.239157 -22.381544 -21.526579 -33.069433 -18.152276 -21.722576 -28.530639 -6.644358 -10.884674 -3.826775 -4.206650 -21.059126 -36.115009 -7.085308 -6.107878 -35.336742 -8.344426 -15.319157 -20.791002 -9.228274 -8.527080 -30.449809 1.026286 -7.210101 -40.474625 0.117229 -8.637283 -19.365403 -5.372419 -0.194158 -23.701531 3.696132 5.719162 -43.456241 -1.178000 7.020673 -10.566582 -5.689846 -5.016964 1.815512 16.105874 49.351500 2.534405 2.202657 -28.595968 -14.507776 6.620655 30.044851 27.471209 -20.845139 0.186694 72.238629 29.142581 13.046040 4.892224 0.000337 0.038359 -16.108147 38.631136 -16.923468 33.069433 18.152274 -21.722576 28.530639 6.644356 -10.884674 3.826775 4.206655 -21.059126 36.115009 7.085306 -6.107878 35.336742 8.344431 -15.319157 20.791002 9.228278 -8.527080 30.449809 -1.026281 -7.210101 40.474625 -0.117231 -8.637283 19.365403 5.372431 -0.194158 23.701531 -3.696120 5.719162 43.456241 1.178012 7.020673 10.566582 5.689844 -5.016964 -1.815512 -16.105869 49.351500 -2.534405 -2.202652 -28.595968 14.507776 -6.620650 30.044851
-0.091439 0.776613 -0.047001 -4.415342 1.774574 -17.296160 9.251985 8.976750 -23.194252 0.001581 -0.284284 74.749929 -13.511968 11.208909 -23.309099 17.694489 -4.262001 -27.743572 11.615001 5.541478 -19.698896 1.106521 -17.846416 61.387801 0.325849 -10.216069 -25.628488 -27.255706 6.825144 -13.270705 -0.083534 1.339744 -2.334210 1.081659 2.181968 17.739321 1.683012 -0.200170 14.483524 9.678736 10.083725 0.728554 -15.977789 -3.354406 -8.672466 -24.884719 37.161568 -3.270739 -64.250925 -24.693000 3.584118 5.408173 0.025684 10.599429 11.976634 -17.184502 -17.911304 -33.069433 -18.152276 -21.722576 -28.530639 -6.644358 -10.884674 -3.826775 -4.206650 -21.059126 -36.115009 -7.085308 -6.107878 -35.336742 -8.344426 -15.319157 -20.791002 -9.228274 -8.527080 -30.449809 1.026286 -7.210101 -40.474625 0.117229 -8.637283 -19.365403 -5.372419 -0.194158 -23.701531 3.696132 5.719162 -43.456241 -1.178000 7.020673 -10.566582 -5.689846 -5.016964 1.815512 16.105874 49.351500 2.534405 2.202657 -28.595968 -14.507776 6.620655 30.044851 26.995408 -21.846433 2.768231 75.400739 33.653086 12.706252 8.553774 9.814178 -8.755975 -28.061707 42.257703 -20.258460 33.069433 18.152274 -21.722576 28.530639 6.644356 -10.884674 3.826775 4.206655 -21.059126 36.115009 7.085306 -6.107878 35.336742 8.344431 -15.319157 20.791002 9.228278 -8.527080 30.449809 -1.026281 -7.210101 40.474625 -0.117231 -8.637283 19.365403 5.372431 -0.194158 23.701531 -3.696120 5.719162 43.456241 1.178012 7.020673 10.566582 5.689844 -5.016964 -1.815512 -16.105869 49.351500 -2.534405 -2.202652 -28.595968 14.507776 -6.620650 30.044851
-0.098620 0.767409 -0.030945 -4.395603 2.493575 -19.642719 9.815826 9.336351 -22.980406 0.245552 2.691329 73.455042 -15.208480 9.805586 -25.450679 19.433643 -4.607588 -23.046563 12.273549 5.297238 -17.257605 0.673491 -17.826615 63.492668 0.298087 -10.467617 -27.705221 -26.596455 6.020193 -13.141212 0.165007 1.361799 -2.552907 1.320821 3.190684 18.456740 1.726616 0.441335 14.068792 10.235101 9.443887 0.874519 -16.904444 -3.561163 -7.617145 -23.415096 42.944645 -0.382990 -65.103483 -20.412147 0.410399 5.525730 0.206807 6.608691 8.560599 -13.990363 -17.170616 -33.069433 -18.152276 -21.722576 -28.530639 -6.644358 -10.884674 -3.826775 -4.206650 -21.059126 -36.115009 -7.085308 -6.107878 -35.336742 -8.344426 -15.319157 -20.791002 -9.228274 -8.527080 -30.449809 1.026286 -7.210101 -40.474625 0.117229 -8.637283 -19.365403 -5.372419 -0.194158 -23.701531 3.696132 5.719162 -43.456241 -1.178000 7.020673 -10.566582 -5.689846 -5.016964 1.815512 16.105874 49.351500 2.534405 2.202657 -28.595968 -14.507776 6.620655 30.044851 26.640951 -22.006299 3.354554 77.638081 36.044476 12.222166 12.041968 24.412237 -15.286824 -38.001382 46.409176 -22.684985 33.069433 18.152274 -21.722576 28.530639 6.644356 -10.884674 3.826775 4.206655 -21.059126 36.115009 7.085306 -6.107878 35.336742 8.344431 -15.319157 20.791002 9.228278 -8.527080 30.449809 -1.026281 -7.210101 40.474625 -0.117231 -8.637283 19.365403 5.372431 -0.194158 23.701531 -3.696120 5.719162 43.456241 1.178012 7.020673 10.566582 5.689844 -5.016964 -1.815512 -16.105869 49.351500 -2.534405 -2.202652 -28.595968 14.507776 -6.620650 30.044851
-0.104901 0.765319 -0.017038 -4.659243 4.267272 -20.716246 9.545181 9.760637 -23.770509 0.411768 4.738863 71.429450 -16.917157 8.771433 -26.123248 19.852185 -4.615778 -20.981520 12.367894 4.930743 -15.601349 0.296591 -18.874255 63.760959 0.708320 -10.131859 -28.911438 -26.992136 5.647387 -12.962779 0.142097 1.359060 -2.623466 1.662020 3.985104 18.346988 1.826219 1.062937 13.596873 10.938071 9.023166 1.002960 -17.663834 -4.887995 -6.976811 -21.338430 46.417349 0.875180 -65.736365 -14.267095 -1.919662 5.133011 -0.273280 5.455582 5.527826 -13.229015 -18.820794 -33.069433 -18.152276 -21.722576 -28.530639 -6.644358 -10.884674 -3.826775 -4.206650 -21.059126 -36.115009 -7.085308 -6.107878 -35.336742 -8.344426 -15.319157 -20.791002 -9.228274 -8.527080 -30.449809 1.026286 -7.210101 -40.474625 0.117229 -8.637283 -19.365403 -5.372419 -0.194158 -23.701531 3.696132 5.719162 -43.456241 -1.178000 7.020673 -10.566582 -5.689846 -5.016964 1.815512 16.105874 49.351500 2.534405 2.202657 -28.595968 -14.507776 6.620655 30.044851 26.490799 -21.654516 1.936932 78.542043 37.622275 12.234686 14.048095 40.450657 -19.786179 -42.909733 50.304311 -21.421116 33.069433 18.152274 -21.722576 28.530639 6.644356 -10.884674 3.826775 4.206655 -21.059126 36.115009 7.085306 -6.107878 35.336742 8.344431 -15.319157 20.791002 9.228278 -8.527080 30.449809 -1.026281 -7.210101 40.474625 -0.117231 -8.637283 19.365403 5.372431 -0.194158 23.701531 -3.696120 5.719162 43.456241 1.178012 7.020673 10.566582 5.689844 -5.016964 -1.815512 -16.105869 49.351500 -2.534405 -2.202652 -28.595968 14.507776 -6.620650 30.044851
-0.108441 0.771965 -0.008538 -5.286385 6.922187 -20.378834 8.844608 10.056978 -25.788599 0.497091 5.475915 69.420035 -17.794501 8.311345 -25.898836 19.036648 -4.457201 -20.226771 12.041682 4.576803 -14.980460 0.055294 -21.115071 62.228007 1.288437 -9.345095 -29.051483 -28.323975 5.909428 -13.026842 -0.131710 1.316084 -2.537231 2.164025 4.509109 17.379689 1.939290 1.580426 13.079435 11.855894 8.799014 1.164418 -18.470425 -6.843335 -6.877993 -19.430881 47.485916 0.039607 -66.099332 -6.458870 -3.756020 4.357666 -1.223298 6.023565 3.220964 -13.685345 -20.373839 -33.069433 -18.152276 -21.722576 -28.530639 -6.644358 -10.884674 -3.826775 -4.206650 -21.059126 -36.115009 -7.085308 -6.107878 -35.336742 -8.344426 -15.319157 -20.791002 -9.228274 -8.527080 -30.449809 1.026286 -7.210101 -40.474625 0.117229 -8.637283 -19.365403 -5.372419 -0.194158 -23.701531 3.696132 5.719162 -43.456241 -1.178000 7.020673 -10.566582 -5.689846 -5.016964 1.815512 16.105874 49.351500 2.534405 2.202657 -28.595968 -14.507776 6.620655 30.044851 26.495830 -20.660123 -1.192471 77.823919 39.383234 12.676872 12.445769 54.802334 -24.880580 -41.924691 53.850138 -15.698519 33.069433 18.152274 -21.722576 28.530639 6.644356 -10.884674 3.826775 4.206655 -21.059126 36.115009 7.085306 -6.107878 35.336742 8.344431 -15.319157 20.791002 9.228278 -8.527080 30.449809 -1.026281 -7.210101 40.474625 -0.117231 -8.637283 19.365403 5.372431 -0.194158 23.701531 -3.696120 5.719162 43.456241 1.178012 7.020673 10.566582 5.689844 -5.016964 -1.815512 -16.105869 49.351500 -2.534405 -2.202652 -28.595968 14.507776 -6.620650 30.044851
-0.110312 0.787080 -0.005688 -6.089628 9.857045 -18.936230 7.867603 10.170127 -28.446667 0.527478 5.376031 67.082101 -18.063822 7.651433 -25.200537 17.236278 -4.168701 -20.138735 11.547604 4.307803 -15.011311 -0.021201 -24.164796 58.925600 1.825201 -8.042819 -27.968476 -30.341414 6.622028 -13.363741 -0.476314 1.233494 -2.371074 2.724910 4.972469 15.828260 2.056241 2.102294 12.827603 12.203372 8.982547 1.298024 -18.270436 -9.315542 -7.812439 -18.377623 46.860323 -2.784145 -66.165242 1.826525 -4.755625 3.295726 -2.659578 6.740683 1.588372 -14.136631 -20.627413 -33.069433 -18.152276 -21.722576 -28.530639 -6.644358 -10.884674 -3.826775 -4.206650 -21.059126 -36.115009 -7.085308 -6.107878 -35.336742 -8.344426 -15.319157 -20.791002 -9.228274 -8.527080 -30.449809 1.026286 -7.210101 -40.474625 0.117229 -8.637283 -19.365403 -5.372419 -0.194158 -23.701531 3.696132 5.719162 -43.456241 -1.178000 7.020673 -10.566582 -5.689846 -5.016964 1.815512 16.105874 49.351500 2.534405 2.202657 -28.595968 -14.507776 6.620655 30.044851 26.473806 -19.082576 -5.887889 75.327056 41.668503 13.555306 2.601173 65.899523 -36.212604 -35.256076 56.673640 -5.978010 33.069433 18.152274 -21.722576 28.530639 6.644356 -10.884674 3.826775 4.206655 -21.059126 36.115009 7.085306 -6.107878 35.336742 8.344431 -15.319157 20.791002 9.228278 -8.527080 30.449809 -1.026281 -7.210101 40.474625 -0.117231 -8.637283 19.365403 5.372431 -0.194158 23.701531 -3.696120 5.719162 43.456241 1.178012 7.020673 10.566582 5.689844 -5.016964 -1.815512 -16.105869 49.351500 -2.534405 -2.202652 -28.595968 14.507776 -6.620650 30.044851
-0.111209 0.808999 -0.006664 -6.709231 12.618380 -16.620958 6.623602 9.969237 -30.860093 0.548167 5.291876 63.707523 -17.926945 6.943675 -23.960564 14.907208 -3.698934 -20.358897 11.063914 4.175495 -15.356433 0.078293 -27.046651 54.020724 2.372975 -6.709607 -25.728416 -32.553561 7.461239 -13.735792 -0.751194 1.124327 -2.140297 3.108315 5.533590 13.841023 2.117460 2.721956 12.804716 11.837022 9.346467 1.324485 -16.960704 -11.774478 -9.622223 -17.974730 45.374405 -6.485798 -66.149427 9.575730 -5.224641 2.025099 -4.722363 6.822553 -0.133330 -13.984672 -18.983544 -33.069433 -18.152276 -21.722576 -28.530639 -6.644358 -10.884674 -3.826775 -4.206650 -21.059126 -36.115009 -7.085308 -6.107878 -35.336742 -8.344426 -15.319157 -20.791002 -9.228274 -8.527080 -30.449809 1.026286 -7.210101 -40.474625 0.117229 -8.637283 -19.365403 -5.372419 -0.194158 -23.701531 3.696132 5.719162 -43.456241 -1.178000 7.020673 -10.566582 -5.689846 -5.016964 1.815512 16.105874 49.351500 2.534405 2.202657 -28.595968 -14.507776 6.620655 30.044851 25.925490 -17.234089 -11.377127 71.439462 44.246736 14.960530 -23.589242 71.677712 -61.890356 -25.777170 57.572765 4.591972 33.069433 18.152274 -21.722576 28.530639 6.644356 -10.884674 3.826775 4.206655 -21.059126 36.115009 7.085306 -6.107878 35.336742 8.344431 -15.319157 20.791002 9.228278 -8.527080 30.449809 -1.026281 -7.210101 40.474625 -0.117231 -8.637283 19.365403 5.372431 -0.194158 23.701531 -3.696120 5.719162 43.456241 1.178012 7.020673 10.566582 5.689844 -5.016964 -1.815512 -16.105869 49.351500 -2.534405 -2.202652 -28.595968 14.507776 -6.620650 30.044851
-0.111226 0.834836 -0.009709 -6.865425 14.989624 -13.369541 5.484902 9.338024 -32.489478 0.594773 5.977579 58.982500 -16.443157 7.311802 -21.309498 12.561655 -3.051466 -21.226163 10.837323 4.294470 -16.348969 0.274179 -28.333826 48.229703 3.320093 -6.575345 -22.952824 -34.475025 8.282037 -13.547094 -0.885318 1.030760 -1.814702 3.141761 6.132678 11.341813 2.099464 3.463079 12.683605 11.372716 9.391357 1.287640 -15.639779 -13.528614 -11.706353 -17.811993 43.460162 -10.701773 -66.531415 17.223545 -5.969135 0.606859 -7.222205 6.892372 -1.855507 -13.398151 -16.849825 -33.069433 -18.152276 -21.722576 -28.530639 -6.644358 -10.884674 -3.826775 -4.206650 -21.059126 -36.115009 -7.085308 -6.107878 -35.336742 -8.344426 -15.319157 -20.791002 -9.228274 -8.527080 -30.449809 1.026286 -7.210101 -40.474625 0.117229 -8.637283 -19.365403 -5.372419 -0.194158 -23.701531 3.696132 5.719162 -43.456241 -1.178000 7.020673 -10.566582 -5.689846 -5.016964 1.815512 16.105874 49.351500 2.534405 2.202657 -28.595968 -14.507776 6.620655 30.044851 24.415746 -14.916948 -17.020653 66.702225 46.010621 16.096025 -57.002171 69.625197 -92.304986 -18.942241 56.728031 11.126769 33.069433 18.152274 -21.722576 28.530639 6.644356 -10.884674 3.826775 4.206655 -21.059126 36.115009 7.085306 -6.107878 35.336742 8.344431 -15.319157 20.791002 9.228278 -8.527080 30.449809 -1.026281 -7.210101 40.474625 -0.117231 -8.637283 19.365403 5.372431 -0.194158 23.701531 -3.696120 5.719162 43.456241 1.178012 7.020673 10.566582 5.689844 -5.016964 -1.815512 -16.105869 49.351500 -2.534405 -2.202652 -28.595968 14.507776 -6.620650 30.044851
-0.109982 0.860681 -0.013227 -6.635116 16.784488 -9.485630 4.884305 8.418667 -33.151567 0.630534 7.382563 53.235771 -12.945973 8.966258 -16.757707 10.452836 -2.261207 -23.241200 11.076754 4.686940 -18.087736 0.270682 -27.523741 42.546336 4.802768 -8.109263 -20.475828 -35.966931 9.053924 -12.439190 -0.849884 0.993795 -1.521048 2.908576 6.623592 8.607768 2.070865 4.281486 12.559115 10.871862 9.162442 1.209025 -14.444079 -14.475011 -14.059534 -17.991852 41.217061 -15.958521 -67.371040 25.352277 -7.065851 -0.825931 -9.660255 7.482601 -2.371848 -13.069188 -16.116176 -33.069433 -18.152276 -21.722576 -28.530639 -6.644358 -10.884674 -3.826775 -4.206650 -21.059126 -36.115009 -7.085308 -6.107878 -35.336742 -8.344426 -15.319157 -20.791002 -9.228274 -8.527080 -30.449809 1.026286 -7.210101 -40.474625 0.117229 -8.637283 -19.365403 -5.372419 -0.194158 -23.701531 3.696132 5.719162 -43.456241 -1.178000 7.020673 -10.566582 -5.689846 -5.016964 1.815512 16.105874 49.351500 2.534405 2.202657 -28.595968 -14.507776 6.620655 30.044851 21.746244 -11.500786 -23.006944 61.104566 45.913602 15.642589 -77.191480 63.183795 -108.300194 -15.899752 55.850712 13.764216 33.069433 18.152274 -21.722576 28.530639 6.644356 -10.884674 3.826775 4.206655 -21.059126 36.115009 7.085306 -6.107878 35.336742 8.344431 -15.319157 20.791002 9.228278 -8.527080 30.449809 -1.026281 -7.210101 40.474625 -0.117231 -8.637283 19.365403 5.372431 -0.194158 23.701531 -3.696120 5.719162 43.456241 1.178012 7.020673 10.566582 5.689844 -5.016964 -1.815512 -16.105869 49.351500 -2.534405 -2.202652 -28.595968 14.507776 -6.620650 30.044851
-0.107629 0.881869 -0.014841 -6.346900 18.060154 -5.786181 4.645411 7.505103 -33.050401 0.625674 8.731388 47.332967 -8.379131 10.282019 -11.136835 8.515735 -1.513192 -26.125667 11.460811 5.116627 -19.846546 0.027497 -26.012972 37.640762 6.367399 -10.001109 -18.605418 -37.212155 9.805600 -10.931258 -0.761226 1.001233 -1.365638 2.757965 6.926347 6.117588 2.107288 5.047335 12.781594 10.216769 8.838438 0.829913 -13.135650 -14.743884 -16.760750 -18.687390 38.886704 -21.914907 -68.085289 33.459822 -7.872575 -2.285816 -11.922919 8.377911 -1.910773 -13.146303 -16.742334 -33.069433 -18.152276 -21.722576 -28.530639 -6.644358 -10.884674 -3.826775 -4.206650 -21.059126 -36.115009 -7.085308 -6.107878 -35.336742 -8.344426 -15.319157 -20.791002 -9.228274 -8.527080 -30.449809 1.026286 -7.210101 -40.474625 0.117229 -8.637283 -19.365403 -5.372419 -0.194158 -23.701531 3.696132 5.719162 -43.456241 -1.178000 7.020673 -10.566582 -5.689846 -5.016964 1.815512 16.105874 49.351500 2.534405 2.202657 -28.595968 -14.507776 6.620655 30.044851 18.015521 -7.380317 -29.214836 54.982448 44.277408 13.861591 -87.770825 56.511791 -115.259497 -14.304080 55.840724 15.650357 33.069433 18.152274 -21.722576 28.530639 6.644356 -10.884674 3.826775 4.206655 -21.059126 36.115009 7.085306 -6.107878 35.336742 8.344431 -15.319157 20.791002 9.228278 -8.527080 30.449809 -1.026281 -7.210101 40.474625 -0.117231 -8.637283 19.365403 5.372431 -0.194158 23.701531 -3.696120 5.719162 43.456241 1.178012 7.020673 10.566582 5.689844 -5.016964 -1.815512 -16.105869 49.351500 -2.534405 -2.202652 -28.595968 14.507776 -6.620650 30.044851
-0.103582 0.895303 -0.014285 -6.234736 18.931027 -3.080562 4.557425 6.813314 -32.446799 0.575476 9.581911 42.374212 -4.075208 10.473293 -6.070969 6.870813 -0.978443 -29.191805 11.700395 5.419922 -20.988147 -0.204274 -25.041487 34.030987 7.583907 -11.223467 -17.341108 -38.286326 10.505121 -9.772827 -0.751033 1.052316 -1.364512 2.949758 7.052180 4.263850 2.295306 5.629950 13.609416 9.453060 8.464117 -0.243612 -11.826292 -14.422353 -19.546214 -19.956020 36.974527 -27.512880 -67.758809 40.233895 -7.382939 -4.034766 -14.092735 9.259417 -1.546800 -13.107574 -17.474950 -33.069433 -18.152276 -21.722576 -28.530639 -6.644358 -10.884674 -3.826775 -4.206650 -21.059126 -36.115009 -7.085308 -6.107878 -35.336742 -8.344426 -15.319157 -20.791002 -9.228274 -8.527080 -30.449809 1.026286 -7.210101 -40.474625 0.117229 -8.637283 -19.365403 -5.372419 -0.194158 -23.701531 3.696132 5.719162 -43.456241 -1.178000 7.020673 -10.566582 -5.689846 -5.016964 1.815512 16.105874 49.351500 2.534405 2.202657 -28.595968 -14.507776 6.620655 30.044851 14.169910 -4.111874 -34.802250 49.036380 42.664297 12.717151 -93.516805 50.376603 -117.681911 -13.076007 56.498318 17.016637 33.069433 18.152274 -21.722576 28.530639 6.644356 -10.884674 3.826775 4.206655 -21.059126 36.115009 7.085306 -6.107878 35.336742 8.344431 -15.319157 20.791002 9.228278 -8.527080 30.449809 -1.026281 -7.210101 40.474625 -0.117231 -8.637283 19.365403 5.372431 -0.194158 23.701531 -3.696120 5.719162 43.456241 1.178012 7.020673 10.566582 5.689844 -5.016964 -1.815512 -16.105869 49.351500 -2.534405 -2.202652 -28.595968 14.507776 -6.620650 30.044851
-0.097272 0.901067 -0.011907 -6.322897 19.431276 -1.782915 4.619370 6.405272 -31.517142 0.431390 9.946171 39.245039 -0.796031 10.289048 -2.890822 5.883796 -0.673031 -31.865393 11.728871 5.555952 -21.368771 -0.268384 -24.802654 32.207615 8.326712 -11.695432 -16.741069 -39.119854 11.034801 -9.370266 -0.835717 1.133807 -1.479601 3.410947 7.026102 3.330144 2.609812 5.953475 15.087998 8.493347 8.203818 -2.126575 -10.375709 -13.796891 -22.147650 -21.642353 35.656233 -32.124323 -65.806824 44.730563 -5.006010 -6.279085 -16.073693 10.046892 -1.736288 -12.715166 -17.388019 -33.069433 -18.152276 -21.722576 -28.530639 -6.644358 -10.884674 -3.826775 -4.206650 -21.059126 -36.115009 -7.085308 -6.107878 -35.336742 -8.344426 -15.319157 -20.791002 -9.228274 -8.527080 -30.449809 1.026286 -7.210101 -40.474625 0.117229 -8.637283 -19.365403 -5.372419 -0.194158 -23.701531 3.696132 5.719162 -43.456241 -1.178000 7.020673 -10.566582 -5.689846 -5.016964 1.815512 16.105874 49.351500 2.534405 2.202657 -28.595968 -14.507776 6.620655 30.044851 11.259708 -2.234508 -39.172382 43.365163 41.762957 13.042224 -96.416960 45.252868 -116.393460 -12.162548 57.514572 17.172042 33.069433 18.152274 -21.722576 28.530639 6.644356 -10.884674 3.826775 4.206655 -21.059126 36.115009 7.085306 -6.107878 35.336742 8.344431 -15.319157 20.791002 9.228278 -8.527080 30.449809 -1.026281 -7.210101 40.474625 -0.117231 -8.637283 19.365403 5.372431 -0.194158 23.701531 -3.696120 5.719162 43.456241 1.178012 7.020673 10.566582 5.689844 -5.016964 -1.815512 -16.105869 49.351500 -2.534405 -2.202652 -28.595968 14.507776 -6.620650 30.044851
-0.088904 0.901258 -0.008635 -6.423556 19.464594 -1.694814 4.767759 6.251408 -30.426890 0.175345 10.170776 38.226882 1.009291 10.245320 -1.972595 5.801449 -0.508164 -33.677727 11.429521 5.492936 -21.206197 -0.175389 -24.927067 32.257955 8.594483 -11.517971 -16.743657 -39.515728 11.239557 -9.729744 -0.916154 1.216131 -1.606687 3.751294 6.927945 3.272980 2.820886 6.035629 16.833987 7.006367 8.374264 -4.368819 -8.054052 -13.342826 -24.354090 -23.098421 34.694145 -35.440815 -63.082259 46.878592 -1.748597 -8.805297 -17.540068 10.813035 -2.282058 -12.130755 -16.333620 -33.069433 -18.152276 -21.722576 -28.530639 -6.644358 -10.884674 -3.826775 -4.206650 -21.059126 -36.115009 -7.085308 -6.107878 -35.336742 -8.344426 -15.319157 -20.791002 -9.228274 -8.527080 -30.449809 1.026286 -7.210101 -40.474625 0.117229 -8.637283 -19.365403 -5.372419 -0.194158 -23.701531 3.696132 5.719162 -43.456241 -1.178000 7.020673 -10.566582 -5.689846 -5.016964 1.815512 16.105874 49.351500 2.534405 2.202657 -28.595968 -14.507776 6.620655 30.044851 9.610302 -1.163363 -42.068610 37.942243 41.179052 13.937186 -97.233993 42.646454 -112.380541 -11.456360 59.009865 16.592107 33.069433 18.152274 -21.722576 28.530639 6.644356 -10.884674 3.826775 4.206655 -21.059126 36.115009 7.085306 -6.107878 35.336742 8.344431 -15.319157 20.791002 9.228278 -8.527080 30.449809 -1.026281 -7.210101 40.474625 -0.117231 -8.637283 19.365403 5.372431 -0.194158 23.701531 -3.696120 5.719162 43.456241 1.178012 7.020673 10.566582 5.689844 -5.016964 -1.815512 -16.105869 49.351500 -2.534405 -2.202652 -28.595968 14.507776 -6.620650 30.044851
-0.079339 0.897389 -0.003215 -6.242487 18.811646 -2.212577 4.902074 6.334095 -29.264370 -0.140782 10.908388 38.928818 1.373354 10.091853 -2.798004 6.456386 -0.478671 -34.482782 10.706905 5.237877 -20.899331 -0.024519 -24.635126 33.834148 8.535582 -10.907139 -17.191838 -39.244792 11.069996 -10.442518 -0.848384 1.297656 -1.635128 3.617573 6.852028 3.664878 2.726140 5.988665 18.166626 5.059174 9.009138 -6.018257 -4.832481 -13.178424 -25.830263 -23.877863 33.805128 -37.248175 -61.097468 46.868741 0.968903 -10.828065 -18.081003 11.342926 -2.906403 -11.785236 -15.402899 -33.069433 -18.152276 -21.722576 -28.530639 -6.644358 -10.884674 -3.826775 -4.206650 -21.059126 -36.115009 -7.085308 -6.107878 -35.336742 -8.344426 -15.319157 -20.791002 -9.228274 -8.527080 -30.449809 1.026286 -7.210101 -40.474625 0.117229 -8.637283 -19.365403 -5.372419 -0.194158 -23.701531 3.696132 5.719162 -43.456241 -1.178000 7.020673 -10.566582 -5.689846 -5.016964 1.815512 16.105874 49.351500 2.534405 2.202657 -28.595968 -14.507776 6.620655 30.044851 8.702761 -0.240591 -43.157751 32.936525 40.199662 14.095630 -95.579423 44.023062 -105.791290 -11.440532 60.727399 14.452735 33.069433 18.152274 -21.722576 28.530639 6.644356 -10.884674 3.826775 4.206655 -21.059126 36.115009 7.085306 -6.107878 35.336742 8.344431 -15.319157 20.791002 9.228278 -8.527080 30.449809 -1.026281 -7.210101 40.474625 -0.117231 -8.637283 19.365403 5.372431 -0.194158 23.701531 -3.696120 5.719162 43.456241 1.178012 7.020673 10.566582 5.689844 -5.016964 -1.815512 -16.105869 49.351500 -2.534405 -2.202652 -28.595968 14.507776 -6.620650 30.044851
-0.068659 0.892025 0.002235 -5.689991 17.407088 -2.842474 5.019373 6.598266 -28.087298 -0.443184 12.509302 40.617611 0.961794 9.767569 -4.448871 7.355776 -0.635424 -34.689512 9.715265 4.893751 -20.775906 0.107652 -23.192676 36.480662 8.455325 -10.287825 -17.987585 -38.383277 10.676776 -11.018622 -0.587482 1.397814 -1.503066 3.061096 6.856228 3.961567 2.405342 5.955798 18.711074 3.408726 9.680791 -6.476837 -1.976559 -12.975881 -26.356620 -24.287184 32.921864 -37.700644 -60.313204 44.832060 3.071843 -11.871622 -18.131396 11.077917 -3.307958 -11.840177 -15.479271 -33.069433 -18.152276 -21.722576 -28.530639 -6.644358 -10.884674 -3.826775 -4.206650 -21.059126 -36.115009 -7.085308 -6.107878 -35.336742 -8.344426 -15.319157 -20.791002 -9.228274 -8.527080 -30.449809 1.026286 -7.210101 -40.474625 0.117229 -8.637283 -19.365403 -5.372419 -0.194158 -23.701531 3.696132 5.719162 -43.456241 -1.178000 7.020673 -10.566582 -5.689846 -5.016964 1.815512 16.105874 49.351500 2.534405 2.202657 -28.595968 -14.507776 6.620655 30.044851 7.622749 0.740429 -42.545358 28.585704 38.115402 13.543624 -90.307520 49.130021 -94.888614 -12.047439 61.534054 8.766455 33.069433 18.152274 -21.722576 28.530639 6.644356 -10.884674 3.826775 4.206655 -21.059126 36.115009 7.085306 -6.107878 35.336742 8.344431 -15.319157 20.791002 9.228278 -8.527080 30.449809 -1.026281 -7.210101 40.474625 -0.117231 -8.637283 19.365403 5.372431 -0.194158 23.701531 -3.696120 5.719162 43.456241 1.178012 7.020673 10.566582 5.689844 -5.016964 -1.815512 -16.105869 49.351500 -2.534405 -2.202652 -28.595968 14.507776 -6.620650 30.044851
-0.056437 0.886390 0.006691 -4.960662 15.535820 -3.383058 5.139594 6.922768 -27.038874 -0.653740 14.666815 42.641782 0.558989 9.590094 -6.196581 8.045042 -0.814040 -34.905982 8.746578 4.588578 -21.028646 0.222604 -20.666353 39.791624 8.493723 -9.872606 -19.017145 -37.173730 10.172687 -11.269842 -0.230536 1.522349 -1.210225 2.324594 6.986863 3.777639 2.025975 5.990830 18.698315 2.269217 9.957659 -6.158767 0.143984 -12.396464 -26.320029 -24.621373 32.335984 -37.671678 -60.502121 41.686281 4.828057 -12.905101 -19.416196 9.371903 -3.369809 -11.647575 -15.511713 -33.069433 -18.152276 -21.722576 -28.530639 -6.644358 -10.884674 -3.826775 -4.206650 -21.059126 -36.115009 -7.085308 -6.107878 -35.336742 -8.344426 -15.319157 -20.791002 -9.228274 -8.527080 -30.449809 1.026286 -7.210101 -40.474625 0.117229 -8.637283 -19.365403 -5.372419 -0.194158 -23.701531 3.696132 5.719162 -43.456241 -1.178000 7.020673 -10.566582 -5.689846 -5.016964 1.815512 16.105874 49.351500 2.534405 2.202657 -28.595968 -14.507776 6.620655 30.044851 6.157434 1.520116 -41.045746 24.943998 35.076704 13.568989 -79.351198 56.317310 -76.276383 -10.517313 60.762913 -0.005286 33.069433 18.152274 -21.722576 28.530639 6.644356 -10.884674 3.826775 4.206655 -21.059126 36.115009 7.085306 -6.107878 35.336742 8.344431 -15.319157 20.791002 9.228278 -8.527080 30.449809 -1.026281 -7.210101 40.474625 -0.117231 -8.637283 19.365403 5.372431 -0.194158 23.701531 -3.696120 5.719162 43.456241 1.178012 7.020673 10.566582 5.689844 -5.016964 -1.815512 -16.105869 49.351500 -2.534405 -2.202652 -28.595968 14.507776 -6.620650 30.044851
-0.043777 0.880136 0.009673 -4.247964 13.654391 -3.938148 5.218528 7.169358 -26.088625 -0.722639 16.850768 44.665558 0.498881 9.657870 -7.883943 8.511650 -0.809348 -35.280608 7.882327 4.372560 -21.619564 0.328491 -17.871652 43.520388 8.572811 -9.552598 -20.050383 -35.848026 9.549781 -11.364238 0.119121 1.654930 -0.813492 1.553985 7.215216 3.214893 1.646495 6.077218 18.594592 1.171015 9.923073 -5.808763 2.252962 -11.564143 -26.245197 -25.007239 32.126706 -38.097655 -61.306545 38.070036 6.321690 -14.783091 -22.821750 6.783446 -4.051083 -11.209144 -15.178293 -33.069433 -18.152276 -21.722576 -28.530639 -6.644358 -10.884674 -3.826775 -4.206650 -21.059126 -36.115009 -7.085308 -6.107878 -35.336742 -8.344426 -15.319157 -20.791002 -9.228274 -8.527080 -30.449809 1.026286 -7.210101 -40.474625 0.117229 -8.637283 -19.365403 -5.372419 -0.194158 -23.701531 3.696132 5.719162 -43.456241 -1.178000 7.020673 -10.566582 -5.689846 -5.016964 1.815512 16.105874 49.351500 2.534405 2.202657 -28.595968 -14.507776 6.620655 30.044851 4.815444 2.062706 -39.463332 21.843559 31.595971 14.826121 -58.647930 62.962736 -45.159411 -3.042851 58.849027 -6.584859 33.069433 18.152274 -21.722576 28.530639 6.644356 -10.884674 3.826775 4.206655 -21.059126 36.115009 7.085306 -6.107878 35.336742 8.344431 -15.319157 20.791002 9.228278 -8.527080 30.449809 -1.026281 -7.210101 40.474625 -0.117231 -8.637283 19.365403 5.372431 -0.194158 23.701531 -3.696120 5.719162 43.456241 1.178012 7.020673 10.566582 5.689844 -5.016964 -1.815512 -16.105869 49.351500 -2.534405 -2.202652 -28.595968 14.507776 -6.620650 30.044851
-0.031119 0.872663 0.010671 -3.516518 12.153506 -4.833150 5.134024 7.224661 -24.958788 -0.614423 18.795214 46.719326 0.541392 9.653109 -9.710717 9.446882 -0.486300 -35.560717 6.861253 4.184388 -22.288956 0.332296 -15.832163 47.779711 8.594128 -9.157751 -20.737693 -34.819628 8.685387 -11.916642 0.420322 1.769527 -0.415113 0.777262 7.442771 2.838548 1.232691 6.185121 18.728915 -0.091986 9.998190 -5.974430 4.534819 -10.986390 -26.269766 -25.850012 32.165801 -38.764833 -62.273358 32.812855 8.230452 -17.328458 -27.469851 5.059102 -6.114745 -11.001199 -14.859677 -33.069433 -18.152276 -21.722576 -28.530639 -6.644358 -10.884674 -3.826775 -4.206650 -21.059126 -36.115009 -7.085308 -6.107878 -35.336742 -8.344426 -15.319157 -20.791002 -9.228274 -8.527080 -30.449809 1.026286 -7.210101 -40.474625 0.117229 -8.637283 -19.365403 -5.372419 -0.194158 -23.701531 3.696132 5.719162 -43.456241 -1.178000 7.020673 -10.566582 -5.689846 -5.016964 1.815512 16.105874 49.351500 2.534405 2.202657 -28.595968 -14.507776 6.620655 30.044851 4.075019 2.164291 -37.849732 20.143451 28.272620 17.008892 -26.946285 65.004668 -4.398960 10.168297 56.599258 -4.256709 33.069433 18.152274 -21.722576 28.530639 6.644356 -10.884674 3.826775 4.206655 -21.059126 36.115009 7.085306 -6.107878 35.336742 8.344431 -15.319157 20.791002 9.228278 -8.527080 30.449809 -1.026281 -7.210101 40.474625 -0.117231 -8.637283 19.365403 5.372431 -0.194158 23.701531 -3.696120 5.719162 43.456241 1.178012 7.020673 10.566582 5.689844 -5.016964 -1.815512 -16.105869 49.351500 -2.534405 -2.202652 -28.595968 14.507776 -6.620650 30.044851
-0.018834 0.863110 0.009018 -2.687959 11.312441 -6.167900 4.711533 6.970655 -23.701533 -0.332278 20.275946 49.077132 0.502604 9.542658 -11.782388 10.933118 0.091616 -35.647462 5.509584 3.947927 -23.118506 0.116762 -14.893381 53.034186 8.637559 -8.952797 -20.767214 -34.375402 7.516468 -13.411048 0.657529 1.855956 -0.077653 -0.032188 7.521967 2.978796 0.781451 6.146790 19.155326 -1.448650 10.315329 -6.969071 6.630261 -10.866957 -26.395141 -27.314278 32.204406 -39.019659 -63.165433 25.193816 11.112438 -20.114976 -32.312098 4.772071 -9.016843 -10.989888 -14.150906 -33.069433 -18.152276 -21.722576 -28.530639 -6.644358 -10.884674 -3.826775 -4.206650 -21.059126 -36.115009 -7.085308 -6.107878 -35.336742 -8.344426 -15.319157 -20.791002 -9.228274 -8.527080 -30.449809 1.026286 -7.210101 -40.474625 0.117229 -8.637283 -19.365403 -5.372419 -0.194158 -23.701531 3.696132 5.719162 -43.456241 -1.178000 7.020673 -10.566582 -5.689846 -5.016964 1.815512 16.105874 49.351500 2.534405 2.202657 -28.595968 -14.507776 6.620655 30.044851 4.159835 1.346649 -35.877792 20.603996 25.404666 19.644603 2.146028 60.187077 30.425174 21.382491 53.977366 1.863762 33.069433 18.152274 -21.722576 28.530639 6.644356 -10.884674 3.826775 4.206655 -21.059126 36.115009 7.085306 -6.107878 35.336742 8.344431 -15.319157 20.791002 9.228278 -8.527080 30.449809 -1.026281 -7.210101 40.474625 -0.117231 -8.637283 19.365403 5.372431 -0.194158 23.701531 -3.696120 5.719162 43.456241 1.178012 7.020673 10.566582 5.689844 -5.016964 -1.815512 -16.105869 49.351500 -2.534405 -2.202652 -28.595968 14.507776 -6.620650 30.044851
-0.007040 0.850582 0.007076 -1.843780 11.078131 -7.775998 3.902353 6.357338 -22.692675 0.067812 21.054728 51.955746 0.372081 9.792800 -14.037056 12.308574 0.789811 -35.731048 4.239623 3.748253 -24.590305 -0.378369 -14.225779 59.578043 9.074507 -9.614008 -20.109378 -34.568131 6.218330 -15.419118 0.827897 1.928725 0.156993 -0.848326 7.266040 3.617039 0.302104 5.739909 19.776344 -2.993350 10.921358 -8.774684 8.560765 -10.974232 -26.695267 -29.015109 32.003748 -38.746339 -64.039012 16.263952 14.678538 -22.409463 -36.752432 5.210261 -11.638024 -11.229319 -13.116676 -33.069433 -18.152276 -21.722576 -28.530639 -6.644358 -10.884674 -3.826775 -4.206650 -21.059126 -36.115009 -7.085308 -6.107878 -35.336742 -8.344426 -15.319157 -20.791002 -9.228274 -8.527080 -30.449809 1.026286 -7.210101 -40.474625 0.117229 -8.637283 -19.365403 -5.372419 -0.194158 -23.701531 3.696132 5.719162 -43.456241 -1.178000 7.020673 -10.566582 -5.689846 -5.016964 1.815512 16.105874 49.351500 2.534405 2.202657 -28.595968 -14.507776 6.620655 30.044851 5.192072 -0.595044 -33.448094 23.451949 23.178980 22.284694 18.247379 51.372800 50.463737 25.766485 51.251794 5.137218 33.069433 18.152274 -21.722576 28.530639 6.644356 -10.884674 3.826775 4.206655 -21.059126 36.115009 7.085306 -6.107878 35.336742 8.344431 -15.319157 20.791002 9.228278 -8.527080 30.449809 -1.026281 -7.210101 40.474625 -0.117231 -8.637283 19.365403 5.372431 -0.194158 23.701531 -3.696120 5.719162 43.456241 1.178012 7.020673 10.566582 5.689844 -5.016964 -1.815512 -16.105869 49.351500 -2.534405 -2.202652 -28.595968 14.507776 -6.620650 30.044851
0.004473 0.834637 0.006021 -1.098511 10.975877 -9.513384 2.859781 5.532183 -22.052233 0.470231 21.154271 55.324572 0.026838 10.782993 -16.445800 13.198768 1.519781 -36.096558 3.766450 3.791591 -27.008729 -1.023360 -12.618690 66.941502 9.948487 -11.187361 -19.152205 -35.214360 5.201226 -16.433104 0.956555 2.008126 0.216736 -1.617600 6.600650 4.712483 -0.231825 4.931467 20.590976 -4.974035 11.900877 -11.058694 10.861717 -10.946153 -27.275206 -30.447767 31.257960 -38.385757 -64.795121 7.544875 18.405089 -23.416912 -40.571451 5.152632 -13.299508 -11.775879 -11.931115 -33.069433 -18.152276 -21.722576 -28.530639 -6.644358 -10.884674 -3.826775 -4.206650 -21.059126 -36.115009 -7.085308 -6.107878 -35.336742 -8.344426 -15.319157 -20.791002 -9.228274 -8.527080 -30.449809 1.026286 -7.210101 -40.474625 0.117229 -8.637283 -19.365403 -5.372419 -0.194158 -23.701531 3.696132 5.719162 -43.456241 -1.178000 7.020673 -10.566582 -5.689846 -5.016964 1.815512 16.105874 49.351500 2.534405 2.202657 -28.595968 -14.507776 6.620655 30.044851 7.332832 -2.843699 -31.046368 28.274593 21.210296 24.265002 24.102442 41.926306 59.803604 24.731692 49.383220 4.830095 33.069433 18.152274 -21.722576 28.530639 6.644356 -10.884674 3.826775 4.206655 -21.059126 36.115009 7.085306 -6.107878 35.336742 8.344431 -15.319157 20.791002 9.228278 -8.527080 30.449809 -1.026281 -7.210101 40.474625 -0.117231 -8.637283 19.365403 5.372431 -0.194158 23.701531 -3.696120 5.719162 43.456241 1.178012 7.020673 10.566582 5.689844 -5.016964 -1.815512 -16.105869 49.351500 -2.534405 -2.202652 -28.595968 14.507776 -6.620650 30.044851
0.014991 0.815820 0.006910 -0.445701 10.504103 -11.406921 1.829499 4.772140 -21.374161 0.725482 20.944811 58.836500 -0.692614 12.360656 -19.080049 13.821349 2.151813 -36.762477 4.458830 4.302216 -29.979063 -1.515554 -9.742955 73.811958 10.741741 -12.913221 -18.459573 -35.925878 4.886081 -15.190416 1.093106 2.126930 0.026518 -2.330358 5.653767 6.305759 -0.802065 3.898319 21.660766 -7.086131 13.084772 -13.257957 13.340949 -10.524233 -28.005106 -31.259052 29.577760 -38.272221 -65.254239 -0.220647 21.808562 -22.550836 -43.759009 3.529731 -13.776677 -12.410286 -10.505586 -33.069433 -18.152276 -21.722576 -28.530639 -6.644358 -10.884674 -3.826775 -4.206650 -21.059126 -36.115009 -7.085308 -6.107878 -35.336742 -8.344426 -15.319157 -20.791002 -9.228274 -8.527080 -30.449809 1.026286 -7.210101 -40.474625 0.117229 -8.637283 -19.365403 -5.372419 -0.194158 -23.701531 3.696132 5.719162 -43.456241 -1.178000 7.020673 -10.566582 -5.689846 -5.016964 1.815512 16.105874 49.351500 2.534405 2.202657 -28.595968 -14.507776 6.620655 30.044851 10.542571 -4.208746 -29.076069 33.957836 18.649881 24.833714 23.570954 33.081046 62.704654 21.766522 49.401047 3.303683 33.069433 18.152274 -21.722576 28.530639 6.644356 -10.884674 3.826775 4.206655 -21.059126 36.115009 7.085306 -6.107878 35.336742 8.344431 -15.319157 20.791002 9.228278 -8.527080 30.449809 -1.026281 -7.210101 40.474625 -0.117231 -8.637283 19.365403 5.372431 -0.194158 23.701531 -3.696120 5.719162 43.456241 1.178012 7.020673 10.566582 5.689844 -5.016964 -1.815512 -16.105869 49.351500 -2.534405 -2.202652 -28.595968 14.507776 -6.620650 30.044851
0.025397 0.796828 0.010313 0.268527 9.538184 -13.622607 0.889687 4.292660 -19.972068 0.796468 20.916157 61.926346 -1.723363 13.998194 -21.876248 14.413335 2.687122 -37.424038 6.259734 5.377916 -32.523077 -1.698060 -6.192076 78.662084 11.400878 -14.866212 -18.184552 -36.379331 5.122583 -12.494231 1.274635 2.305082 -0.437003 -3.070694 4.683115 8.412389 -1.323890 2.866633 22.972346 -8.489745 14.158262 -14.869646 14.907888 -9.728187 -28.586474 -31.290221 27.145392 -38.079458 -65.639304 -7.352751 24.749724 -19.583095 -46.407408 -0.046420 -12.771146 -13.096878 -9.011464 -33.069433 -18.152276 -21.722576 -28.530639 -6.644358 -10.884674 -3.826775 -4.206650 -21.059126 -36.115009 -7.085308 -6.107878 -35.336742 -8.344426 -15.319157 -20.791002 -9.228274 -8.527080 -30.449809 1.026286 -7.210101 -40.474625 0.117229 -8.637283 -19.365403 -5.372419 -0.194158 -23.701531 3.696132 5.719162 -43.456241 -1.178000 7.020673 -10.566582 -5.689846 -5.016964 1.815512 16.105874 49.351500 2.534405 2.202657 -28.595968 -14.507776 6.620655 30.044851 14.290276 -5.191413 -27.170528 39.930199 15.610788 23.955485 19.561752 24.893535 61.862683 19.254924 49.378205 3.013354 33.069433 18.152274 -21.722576 28.530639 6.644356 -10.884674 3.826775 4.206655 -21.059126 36.115009 7.085306 -6.107878 35.336742 8.344431 -15.319157 20.791002 9.228278 -8.527080 30.449809 -1.026281 -7.210101 40.474625 -0.117231 -8.637283 19.365403 5.372431 -0.194158 23.701531 -3.696120 5.719162 43.456241 1.178012 7.020673 10.566582 5.689844 -5.016964 -1.815512 -16.105869 49.351500 -2.534405 -2.202652 -28.595968 14.507776 -6.620650 30.044851
0.036211 0.780774 0.015933 1.119338 8.378117 -15.977357 -0.092644 4.089005 -17.749673 0.754336 21.190344 64.106528 -2.792279 15.330205 -24.485653 14.884161 3.219959 -37.827782 8.623697 6.794845 -34.068187 -1.727314 -3.160661 80.424852 12.069237 -17.533044 -17.899118 -36.635930 5.411841 -9.991782 1.468731 2.507092 -1.042361 -3.877629 3.839320 10.622636 -1.766629 1.923179 24.288566 -8.908535 15.079660 -15.691011 15.236588 -8.894202 -28.906100 -30.569214 24.527477 -37.398093 -66.351996 -14.036240 27.137798 -15.083045 -48.710396 -4.772333 -10.265900 -13.964039 -8.197158 -33.069433 -18.152276 -21.722576 -28.530639 -6.644358 -10.884674 -3.826775 -4.206650 -21.059126 -36.115009 -7.085308 -6.107878 -35.336742 -8.344426 -15.319157 -20.791002 -9.228274 -8.527080 -30.449809 1.026286 -7.210101 -40.474625 0.117229 -8.637283 -19.365403 -5.372419 -0.194158 -23.701531 3.696132 5.719162 -43.456241 -1.178000 7.020673 -10.566582 -5.689846 -5.016964 1.815512 16.105874 49.351500 2.534405 2.202657 -28.595968 -14.507776 6.620655 30.044851 17.934238 -7.420950 -24.856282 46.390217 12.909422 22.459677 13.998173 16.943175 58.981402 17.693810 47.334423 5.152747 33.069433 18.152274 -21.722576 28.530639 6.644356 -10.884674 3.826775 4.206655 -21.059126 36.115009 7.085306 -6.107878 35.336742 8.344431 -15.319157 20.791002 9.228278 -8.527080 30.449809 -1.026281 -7.210101 40.474625 -0.117231 -8.637283 19.365403 5.372431 -0.194158 23.701531 -3.696120 5.719162 43.456241 1.178012 7.020673 10.566582 5.689844 -5.016964 -1.815512 -16.105869 49.351500 -2.534405 -2.202652 -28.595968 14.507776 -6.620650 30.044851
0.047166 0.771098 0.022528 1.834758 7.353820 -17.686685 -1.133581 3.992077 -15.530362 0.663266 21.517516 65.118603 -3.661787 16.382054 -26.466178 15.077424 3.716001 -38.077532 10.740571 8.146485 -35.074993 -1.834247 -1.868252 78.733505 12.223434 -20.200370 -16.751135 -36.960030 5.703518 -8.062377 1.541309 2.628184 -1.561963 -4.483319 2.992691 12.168769 -2.112420 0.946353 25.063703 -8.772249 16.067222 -15.498336 14.908582 -8.304265 -28.923586 -29.294842 22.072114 -36.200332 -67.522378 -19.647098 28.520774 -9.912208 -51.078056 -9.309120 -6.522195 -15.102165 -8.264929 -33.069433 -18.152276 -21.722576 -28.530639 -6.644358 -10.884674 -3.826775 -4.206650 -21.059126 -36.115009 -7.085308 -6.107878 -35.336742 -8.344426 -15.319157 -20.791002 -9.228274 -8.527080 -30.449809 1.026286 -7.210101 -40.474625 0.117229 -8.637283 -19.365403 -5.372419 -0.194158 -23.701531 3.696132 5.719162 -43.456241 -1.178000 7.020673 -10.566582 -5.689846 -5.016964 1.815512 16.105874 49.351500 2.534405 2.202657 -28.595968 -14.507776 6.620655 30.044851 21.040646 -11.253089 -22.239462 53.192400 10.374034 20.967553 7.941639 8.841074 54.912356 16.064734 43.423909 8.942085 33.069433 18.152274 -21.722576 28.530639 6.644356 -10.884674 3.826775 4.206655 -21.059126 36.115009 7.085306 -6.107878 35.336742 8.344431 -15.319157 20.791002 9.228278 -8.527080 30.449809 -1.026281 -7.210101 40.474625 -0.117231 -8.637283 19.365403 5.372431 -0.194158 23.701531 -3.696120 5.719162 43.456241 1.178012 7.020673 10.566582 5.689844 -5.016964 -1.815512 -16.105869 49.351500 -2.534405 -2.202652 -28.595968 14.507776 -6.620650 30.044851
0.058684 0.770190 0.029804 2.225814 6.467830 -18.203762 -2.260029 3.836404 -13.919821 0.553471 21.691938 64.688099 -4.225746 17.430229 -27.534819 14.731904 4.067435 -38.335638 12.224528 9.089167 -35.815483 -2.017802 -2.504867 73.472998 11.587592 -21.617888 -14.091647 -37.343783 6.080475 -6.601275 1.407872 2.581712 -1.885215 -4.663222 2.029498 12.711754 -2.328607 -0.185164 25.037140 -8.525628 17.131435 -14.329058 14.408607 -7.902902 -28.591147 -27.696789 19.878525 -34.757329 -68.985820 -23.525469 28.646775 -4.253400 -53.980027 -13.299632 -1.935195 -16.433275 -8.268822 -33.069433 -18.152276 -21.722576 -28.530639 -6.644358 -10.884674 -3.826775 -4.206650 -21.059126 -36.115009 -7.085308 -6.107878 -35.336742 -8.344426 -15.319157 -20.791002 -9.228274 -8.527080 -30.449809 1.026286 -7.210101 -40.474625 0.117229 -8.637283 -19.365403 -5.372419 -0.194158 -23.701531 3.696132 5.719162 -43.456241 -1.178000 7.020673 -10.566582 -5.689846 -5.016964 1.815512 16.105874 49.351500 2.534405 2.202657 -28.595968 -14.507776 6.620655 30.044851 23.324956 -15.426573 -19.927278 59.261029 6.884956 19.235289 2.458388 1.320367 50.348795 13.616787 39.015757 12.079958 33.069433 18.152274 -21.722576 28.530639 6.644356 -10.884674 3.826775 4.206655 -21.059126 36.115009 7.085306 -6.107878 35.336742 8.344431 -15.319157 20.791002 9.228278 -8.527080 30.449809 -1.026281 -7.210101 40.474625 -0.117231 -8.637283 19.365403 5.372431 -0.194158 23.701531 -3.696120 5.719162 43.456241 1.178012 7.020673 10.566582 5.689844 -5.016964 -1.815512 -16.105869 49.351500 -2.534405 -2.202652 -28.595968 14.507776 -6.620650 30.044851
0.070613 0.778916 0.038643 2.507843 5.558369 -17.768660 -3.588279 3.576262 -12.657088 0.396889 21.752633 62.666821 -4.390305 18.676191 -27.631306 13.507468 4.151665 -38.664984 13.188515 9.294619 -35.431133 -2.084908 -4.396092 64.479600 10.852599 -20.692335 -10.064751 -37.556181 6.613142 -5.724692 1.139800 2.361616 -2.027741 -4.607430 1.165240 12.511027 -2.412952 -1.377688 24.631717 -8.228597 17.959744 -12.796908 13.775848 -7.576467 -28.078575 -25.959242 17.972039 -33.507317 -70.524463 -25.706861 28.053582 2.160674 -57.263971 -17.586080 2.399502 -17.762957 -7.310128 -33.069433 -18.152276 -21.722576 -28.530639 -6.644358 -10.884674 -3.826775 -4.206650 -21.059126 -36.115009 -7.085308 -6.107878 -35.336742 -8.344426 -15.319157 -20.791002 -9.228274 -8.527080 -30.449809 1.026286 -7.210101 -40.474625 0.117229 -8.637283 -19.365403 -5.372419 -0.194158 -23.701531 3.696132 5.719162 -43.456241 -1.178000 7.020673 -10.566582 -5.689846 -5.016964 1.815512 16.105874 49.351500 2.534405 2.202657 -28.595968 -14.507776 6.620655 30.044851 24.776550 -19.168615 -18.515669 63.611766 2.371314 17.175346 -1.416851 -4.080762 46.224557 10.766662 35.565980 12.589144 33.069433 18.152274 -21.722576 28.530639 6.644356 -10.884674 3.826775 4.206655 -21.059126 36.115009 7.085306 -6.107878 35.336742 8.344431 -15.319157 20.791002 9.228278 -8.527080 30.449809 -1.026281 -7.210101 40.474625 -0.117231 -8.637283 19.365403 5.372431 -0.194158 23.701531 -3.696120 5.719162 43.456241 1.178012 7.020673 10.566582 5.689844 -5.016964 -1.815512 -16.105869 49.351500 -2.534405 -2.202652 -28.595968 14.507776 -6.620650 30.044851
0.080532 0.793938 0.048096 2.770318 4.546668 -16.623302 -4.803909 3.313887 -11.633044 0.063630 21.961159 59.566653 -4.033965 19.904615 -26.842247 11.535021 3.834293 -39.359956 13.640380 8.669056 -33.249694 -1.939220 -7.537370 51.900288 10.196808 -16.069231 -4.856771 -37.530621 7.640320 -5.011189 0.849566 2.005216 -1.984105 -4.519591 0.642607 11.586152 -2.372702 -2.508378 24.080581 -7.773749 18.586744 -11.093067 13.030351 -7.498288 -27.636927 -24.108360 16.672651 -32.486765 -72.210824 -26.674414 27.512569 8.816954 -60.101450 -22.280742 5.581379 -18.962851 -5.876647 -33.069433 -18.152276 -21.722576 -28.530639 -6.644358 -10.884674 -3.826775 -4.206650 -21.059126 -36.115009 -7.085308 -6.107878 -35.336742 -8.344426 -15.319157 -20.791002 -9.228274 -8.527080 -30.449809 1.026286 -7.210101 -40.474625 0.117229 -8.637283 -19.365403 -5.372419 -0.194158 -23.701531 3.696132 5.719162 -43.456241 -1.178000 7.020673 -10.566582 -5.689846 -5.016964 1.815512 16.105874 49.351500 2.534405 2.202657 -28.595968 -14.507776 6.620655 30.044851 25.756805 -23.112585 -18.023744 66.067821 -2.182175 15.431783 -3.255671 -6.729065 43.557760 8.878746 33.037305 11.904852 33.069433 18.152274 -21.722576 28.530639 6.644356 -10.884674 3.826775 4.206655 -21.059126 36.115009 7.085306 -6.107878 35.336742 8.344431 -15.319157 20.791002 9.228278 -8.527080 30.449809 -1.026281 -7.210101 40.474625 -0.117231 -8.637283 19.365403 5.372431 -0.194158 23.701531 -3.696120 5.719162 43.456241 1.178012 7.020673 10.566582 5.689844 -5.016964 -1.815512 -16.105869 49.351500 -2.534405 -2.202652 -28.595968 14.507776 -6.620650 30.044851
0.087122 0.809746 0.057507 2.809211 3.520904 -14.714474 -5.364890 3.170590 -11.294648 -0.619648 22.388972 56.449222 -3.154498 20.787860 -25.456873 9.248319 3.055590 -40.760920 13.263385 7.568378 -29.938828 -1.366403 -12.827605 37.204768 8.861434 -6.812018 1.683924 -37.487944 9.273009 -3.995037 0.568236 1.557873 -1.711483 -4.347020 0.428501 9.686918 -2.228660 -3.619622 23.109240 -7.219365 19.434897 -8.936118 12.565151 -7.855616 -27.307892 -21.778497 16.186560 -31.174192 -74.245467 -26.831454 27.214218 14.352669 -62.091034 -25.918464 7.776381 -20.045456 -4.278895 -33.069433 -18.152276 -21.722576 -28.530639 -6.644358 -10.884674 -3.826775 -4.206650 -21.059126 -36.115009 -7.085308 -6.107878 -35.336742 -8.344426 -15.319157 -20.791002 -9.228274 -8.527080 -30.449809 1.026286 -7.210101 -40.474625 0.117229 -8.637283 -19.365403 -5.372419 -0.194158 -23.701531 3.696132 5.719162 -43.456241 -1.178000 7.020673 -10.566582 -5.689846 -5.016964 1.815512 16.105874 49.351500 2.534405 2.202657 -28.595968 -14.507776 6.620655 30.044851 26.593493 -27.613463 -17.981358 67.025467 -6.508737 14.072051 -3.493637 -7.370024 42.366898 8.056104 30.907490 11.488262 33.069433 18.152274 -21.722576 28.530639 6.644356 -10.884674 3.826775 4.206655 -21.059126 36.115009 7.085306 -6.107878 35.336742 8.344431 -15.319157 20.791002 9.228278 -8.527080 30.449809 -1.026281 -7.210101 40.474625 -0.117231 -8.637283 19.365403 5.372431 -0.194158 23.701531 -3.696120 5.719162 43.456241 1.178012 7.020673 10.566582 5.689844 -5.016964 -1.815512 -16.105869 49.351500 -2.534405 -2.202652 -28.595968 14.507776 -6.620650 30.044851
0.090130 0.821346 0.067173 2.448545 2.798222 -12.227148 -5.111866 3.085240 -11.917770 -1.502324 22.734752 54.464028 -1.960308 21.101932 -24.125117 6.990200 1.933308 -42.461575 12.079977 6.502623 -27.559631 -0.318375 -19.895409 25.042568 7.643282 5.175572 8.428790 -37.572367 10.988582 -3.182235 0.268428 1.111206 -1.225432 -3.892938 0.296412 7.041559 -1.904523 -4.681389 21.604248 -6.458603 20.562422 -6.397553 12.355635 -8.687787 -27.112420 -19.076255 15.890746 -29.483176 -76.280455 -26.637371 27.242363 17.831621 -63.376339 -27.353730 9.672013 -21.033046 -2.714673 -33.069433 -18.152276 -21.722576 -28.530639 -6.644358 -10.884674 -3.826775 -4.206650 -21.059126 -36.115009 -7.085308 -6.107878 -35.336742 -8.344426 -15.319157 -20.791002 -9.228274 -8.527080 -30.449809 1.026286 -7.210101 -40.474625 0.117229 -8.637283 -19.365403 -5.372419 -0.194158 -23.701531 3.696132 5.719162 -43.456241 -1.178000 7.020673 -10.566582 -5.689846 -5.016964 1.815512 16.105874 49.351500 2.534405 2.202657 -28.595968 -14.507776 6.620655 30.044851 27.202641 -31.914549 -18.017365 67.190820 -10.808198 12.340587 -3.019367 -7.085192 41.340471 7.039715 29.231744 10.301763 33.069433 18.152274 -21.722576 28.530639 6.644356 -10.884674 3.826775 4.206655 -21.059126 36.115009 7.085306 -6.107878 35.336742 8.344431 -15.319157 20.791002 9.228278 -8.527080 30.449809 -1.026281 -7.210101 40.474625 -0.117231 -8.637283 19.365403 5.372431 -0.194158 23.701531 -3.696120 5.719162 43.456241 1.178012 7.020673 10.566582 5.689844 -5.016964 -1.815512 -16.105869 49.351500 -2.534405 -2.202652 -28.595968 14.507776 -6.620650 30.044851
0.091711 0.826519 0.076586 1.551298 2.669145 -9.711732 -4.210984 3.011576 -13.200771 -2.182650 22.510013 54.158743 -0.913248 20.732721 -23.654724 5.221684 0.760052 -43.376230 10.678208 5.700205 -27.351953 0.026511 -27.608510 19.411903 7.053222 16.881900 14.064874 -37.685762 12.252112 -2.438263 -0.135308 0.761712 -0.631210 -2.774176 -0.041846 4.246051 -1.260768 -5.582926 19.852678 -5.337796 21.520698 -3.934228 11.916940 -9.521493 -27.021180 -17.139503 14.983312 -28.321992 -77.523224 -26.346994 27.719047 18.671548 -64.077561 -26.343120 11.264435 -21.690616 -1.372743 -33.069433 -18.152276 -21.722576 -28.530639 -6.644358 -10.884674 -3.826775 -4.206650 -21.059126 -36.115009 -7.085308 -6.107878 -35.336742 -8.344426 -15.319157 -20.791002 -9.228274 -8.527080 -30.449809 1.026286 -7.210101 -40.474625 0.117229 -8.637283 -19.365403 -5.372419 -0.194158 -23.701531 3.696132 5.719162 -43.456241 -1.178000 7.020673 -10.566582 -5.689846 -5.016964 1.815512 16.105874 49.351500 2.534405 2.202657 -28.595968 -14.507776 6.620655 30.044851 27.035419 -34.896546 -17.725941 67.297736 -14.386193 10.161339 -2.616948 -6.556911 39.541051 5.281432 28.150566 7.541494 33.069433 18.152274 -21.722576 28.530639 6.644356 -10.884674 3.826775 4.206655 -21.059126 36.115009 7.085306 -6.107878 35.336742 8.344431 -15.319157 20.791002 9.228278 -8.527080 30.449809 -1.026281 -7.210101 40.474625 -0.117231 -8.637283 19.365403 5.372431 -0.194158 23.701531 -3.696120 5.719162 43.456241 1.178012 7.020673 10.566582 5.689844 -5.016964 -1.815512 -16.105869 49.351500 -2.534405 -2.202652 -28.595968 14.507776 -6.620650 30.044851
0.091419 0.824690 0.084445 0.196153 2.821888 -7.891903 -2.910280 3.087644 -14.203466 -2.585577 21.624888 54.976595 -0.558179 19.914339 -24.249150 4.338176 -0.124922 -43.355368 9.502294 5.210221 -27.952172 -0.342855 -35.005020 18.615496 5.842907 27.391022 18.312664 -37.957561 12.831401 -1.723147 -0.684093 0.544464 -0.076808 -0.935209 -0.630588 2.050975 -0.436491 -6.261806 18.526591 -4.407978 22.032901 -2.518265 11.627531 -9.586783 -26.909202 -16.153280 13.294426 -28.441177 -77.875834 -25.771837 28.219591 17.449268 -64.375944 -23.709988 12.133735 -21.820881 0.328860 -33.069433 -18.152276 -21.722576 -28.530639 -6.644358 -10.884674 -3.826775 -4.206650 -21.059126 -36.115009 -7.085308 -6.107878 -35.336742 -8.344426 -15.319157 -20.791002 -9.228274 -8.527080 -30.449809 1.026286 -7.210101 -40.474625 0.117229 -8.637283 -19.365403 -5.372419 -0.194158 -23.701531 3.696132 5.719162 -43.456241 -1.178000 7.020673 -10.566582 -5.689846 -5.016964 1.815512 16.105874 49.351500 2.534405 2.202657 -28.595968 -14.507776 6.620655 30.044851 25.728785 -35.563965 -16.785494 67.872134 -16.271319 8.391451 -2.726851 -6.327177 36.953658 3.732165 26.928698 4.699213 33.069433 18.152274 -21.722576 28.530639 6.644356 -10.884674 3.826775 4.206655 -21.059126 36.115009 7.085306 -6.107878 35.336742 8.344431 -15.319157 20.791002 9.228278 -8.527080 30.449809 -1.026281 -7.210101 40.474625 -0.117231 -8.637283 19.365403 5.372431 -0.194158 23.701531 -3.696120 5.719162 43.456241 1.178012 7.020673 10.566582 5.689844 -5.016964 -1.815512 -16.105869 49.351500 -2.534405 -2.202652 -28.595968 14.507776 -6.620650 30.044851
0.090363 0.817560 0.091196 -1.034337 2.668715 -7.201013 -1.578074 3.310192 -14.226905 -2.840329 20.879201 56.422313 -1.234605 18.896001 -25.564165 4.653579 -0.424323 -43.506238 8.423484 4.917225 -28.935399 -0.175042 -39.517165 21.203505 4.117381 33.898431 19.962391 -38.550519 12.731639 -2.046361 -1.139101 0.459722 0.226542 0.682126 -1.254963 1.202988 0.027562 -6.635977 18.225905 -4.809533 22.492355 -3.149956 13.097052 -9.093220 -26.959911 -14.777984 11.129863 -29.508684 -77.948952 -25.243755 28.528560 16.880212 -64.670502 -21.882559 12.652927 -21.513932 2.331605 -33.069433 -18.152276 -21.722576 -28.530639 -6.644358 -10.884674 -3.826775 -4.206650 -21.059126 -36.115009 -7.085308 -6.107878 -35.336742 -8.344426 -15.319157 -20.791002 -9.228274 -8.527080 -30.449809 1.026286 -7.210101 -40.474625 0.117229 -8.637283 -19.365403 -5.372419 -0.194158 -23.701531 3.696132 5.719162 -43.456241 -1.178000 7.020673 -10.566582 -5.689846 -5.016964 1.815512 16.105874 49.351500 2.534405 2.202657 -28.595968 -14.507776 6.620655 30.044851 24.264128 -33.926037 -15.875680 68.981139 -16.571465 7.407518 -3.205063 -6.610220 34.146708 3.067144 25.296420 2.946598 33.069433 18.152274 -21.722576 28.530639 6.644356 -10.884674 3.826775 4.206655 -21.059126 36.115009 7.085306 -6.107878 35.336742 8.344431 -15.319157 20.791002 9.228278 -8.527080 30.449809 -1.026281 -7.210101 40.474625 -0.117231 -8.637283 19.365403 5.372431 -0.194158 23.701531 -3.696120 5.719162 43.456241 1.178012 7.020673 10.566582 5.689844 -5.016964 -1.815512 -16.105869 49.351500 -2.534405 -2.202652 -28.595968 14.507776 -6.620650 30.044851
0.089286 0.807252 0.096300 -1.432394 2.165070 -7.561930 -0.772676 3.471911 -13.331749 -2.989635 20.935870 58.356382 -2.737419 18.064963 -27.404896 5.998740 -0.137332 -44.454212 7.068601 4.475054 -30.643458 0.192429 -40.256722 27.056006 2.695540 35.659922 19.072877 -39.119260 12.219640 -3.419802 -1.227118 0.469127 0.238593 0.977688 -1.767767 1.854992 -0.324047 -6.711676 19.071735 -7.151690 23.262390 -6.149862 17.165770 -8.813612 -27.319467 -12.135071 8.787859 -30.722273 -77.835469 -25.885197 28.934900 19.251725 -65.118035 -22.945862 13.188897 -20.618311 3.995357 -33.069433 -18.152276 -21.722576 -28.530639 -6.644358 -10.884674 -3.826775 -4.206650 -21.059126 -36.115009 -7.085308 -6.107878 -35.336742 -8.344426 -15.319157 -20.791002 -9.228274 -8.527080 -30.449809 1.026286 -7.210101 -40.474625 0.117229 -8.637283 -19.365403 -5.372419 -0.194158 -23.701531 3.696132 5.719162 -43.456241 -1.178000 7.020673 -10.566582 -5.689846 -5.016964 1.815512 16.105874 49.351500 2.534405 2.202657 -28.595968 -14.507776 6.620655 30.044851 23.904308 -30.967233 -16.010925 70.241819 -15.836454 7.150614 -3.648525 -7.262333 32.363880 2.922868 23.989018 1.957740 33.069433 18.152274 -21.722576 28.530639 6.644356 -10.884674 3.826775 4.206655 -21.059126 36.115009 7.085306 -6.107878 35.336742 8.344431 -15.319157 20.791002 9.228278 -8.527080 30.449809 -1.026281 -7.210101 40.474625 -0.117231 -8.637283 19.365403 5.372431 -0.194158 23.701531 -3.696120 5.719162 43.456241 1.178012 7.020673 10.566582 5.689844 -5.016964 -1.815512 -16.105869 49.351500 -2.534405 -2.202652 -28.595968 14.507776 -6.620650 30.044851
0.087039 0.794954 0.100529 -1.160053 1.793187 -8.576520 -0.461728 3.525152 -12.057299 -2.962325 21.452615 60.536676 -4.394866 17.626185 -29.726907 7.486384 0.410244 -45.466478 5.893748 3.922546 -32.592998 0.289262 -38.479113 33.979729 2.072850 33.983560 16.958234 -39.238759 11.695028 -4.983021 -1.039840 0.539437 0.117088 0.170697 -2.209427 3.434474 -1.196308 -6.642500 20.604620 -10.610595 23.973569 -10.734491 22.695657 -8.992658 -27.850239 -8.592632 6.306070 -31.687091 -77.112293 -28.066733 29.421581 22.963473 -65.063821 -25.375232 13.752455 -19.429609 4.997585 -33.069433 -18.152276 -21.722576 -28.530639 -6.644358 -10.884674 -3.826775 -4.206650 -21.059126 -36.115009 -7.085308 -6.107878 -35.336742 -8.344426 -15.319157 -20.791002 -9.228274 -8.527080 -30.449809 1.026286 -7.210101 -40.474625 0.117229 -8.637283 -19.365403 -5.372419 -0.194158 -23.701531 3.696132 5.719162 -43.456241 -1.178000 7.020673 -10.566582 -5.689846 -5.016964 1.815512 16.105874 49.351500 2.534405 2.202657 -28.595968 -14.507776 6.620655 30.044851 24.580837 -27.673105 -16.845299 71.098267 -14.005840 7.874669 -3.880189 -8.053419 32.191441 2.847597 23.565437 1.119146 33.069433 18.152274 -21.722576 28.530639 6.644356 -10.884674 3.826775 4.206655 -21.059126 36.115009 7.085306 -6.107878 35.336742 8.344431 -15.319157 20.791002 9.228278 -8.527080 30.449809 -1.026281 -7.210101 40.474625 -0.117231 -8.637283 19.365403 5.372431 -0.194158 23.701531 -3.696120 5.719162 43.456241 1.178012 7.020673 10.566582 5.689844 -5.016964 -1.815512 -16.105869 49.351500 -2.534405 -2.202652 -28.595968 14.507776 -6.620650 30.044851
0.082901 0.781147 0.103487 -0.954087 1.892839 -9.773373 -0.302684 3.508247 -11.077605 -2.675795 21.478152 62.751142 -5.883111 17.644443 -32.362101 8.365426 0.869117 -45.500904 5.754863 3.709041 -34.409002 0.442690 -35.408371 39.654745 2.376275 29.486440 14.367029 -38.829086 11.475806 -5.997364 -0.850783 0.661015 -0.031369 -0.805688 -2.662248 5.265406 -1.919761 -6.550832 22.156211 -13.683118 24.160587 -15.385001 27.952951 -9.477239 -28.405698 -4.843237 3.419291 -32.554349 -75.389778 -31.058966 29.567754 24.654408 -63.803795 -25.720903 14.259981 -18.573297 5.491339 -33.069433 -18.152276 -21.722576 -28.530639 -6.644358 -10.884674 -3.826775 -4.206650 -21.059126 -36.115009 -7.085308 -6.107878 -35.336742 -8.344426 -15.319157 -20.791002 -9.228274 -8.527080 -30.449809 1.026286 -7.210101 -40.474625 0.117229 -8.637283 -19.365403 -5.372419 -0.194158 -23.701531 3.696132 5.719162 -43.456241 -1.178000 7.020673 -10.566582 -5.689846 -5.016964 1.815512 16.105874 49.351500 2.534405 2.202657 -28.595968 -14.507776 6.620655 30.044851 25.613009 -24.420470 -17.496229 71.275949 -11.040076 9.565338 -3.899854 -8.813823 32.770656 2.681722 24.030949 0.292877 33.069433 18.152274 -21.722576 28.530639 6.644356 -10.884674 3.826775 4.206655 -21.059126 36.115009 7.085306 -6.107878 35.336742 8.344431 -15.319157 20.791002 9.228278 -8.527080 30.449809 -1.026281 -7.210101 40.474625 -0.117231 -8.637283 19.365403 5.372431 -0.194158 23.701531 -3.696120 5.719162 43.456241 1.178012 7.020673 10.566582 5.689844 -5.016964 -1.815512 -16.105869 49.351500 -2.534405 -2.202652 -28.595968 14.507776 -6.620650 30.044851
0.079314 0.768481 0.107590 -1.111950 2.328708 -10.855278 -0.218372 3.401368 -10.548361 -2.247050 20.695619 64.658878 -7.177616 18.081719 -34.909895 8.671762 1.108105 -44.605282 6.716842 4.076963 -35.966594 0.977728 -31.809929 43.448642 3.384960 23.128722 11.704472 -38.087182 11.543992 -6.355908 -0.779827 0.825308 -0.201055 -1.569047 -3.086082 7.067185 -2.166603 -6.420539 23.477610 -15.299538 23.702813 -19.086543 31.672236 -10.018785 -28.906910 -1.661203 0.113486 -33.697351 -72.489780 -34.365907 29.424468 22.798047 -60.828473 -22.322684 14.267340 -18.274995 6.285144 -33.069433 -18.152276 -21.722576 -28.530639 -6.644358 -10.884674 -3.826775 -4.206650 -21.059126 -36.115009 -7.085308 -6.107878 -35.336742 -8.344426 -15.319157 -20.791002 -9.228274 -8.527080 -30.449809 1.026286 -7.210101 -40.474625 0.117229 -8.637283 -19.365403 -5.372419 -0.194158 -23.701531 3.696132 5.719162 -43.456241 -1.178000 7.020673 -10.566582 -5.689846 -5.016964 1.815512 16.105874 49.351500 2.534405 2.202657 -28.595968 -14.507776 6.620655 30.044851 26.527667 -21.308698 -17.724366 71.030006 -7.210374 11.740701 -3.738337 -9.460868 32.579057 2.160487 24.977874 -0.282766 33.069433 18.152274 -21.722576 28.530639 6.644356 -10.884674 3.826775 4.206655 -21.059126 36.115009 7.085306 -6.107878 35.336742 8.344431 -15.319157 20.791002 9.228278 -8.527080 30.449809 -1.026281 -7.210101 40.474625 -0.117231 -8.637283 19.365403 5.372431 -0.194158 23.701531 -3.696120 5.719162 43.456241 1.178012 7.020673 10.566582 5.689844 -5.016964 -1.815512 -16.105869 49.351500 -2.534405 -2.202652 -28.595968 14.507776 -6.620650 30.044851
0.076472 0.760232 0.111423 -1.476790 2.791002 -11.575274 -0.223222 3.248570 -10.201147 -1.935860 19.660688 65.843281 -8.020351 18.649860 -36.702773 8.621275 1.106022 -43.692473 7.956699 4.759401 -36.957009 1.548892 -28.809426 45.497364 4.335858 17.716979 9.722846 -37.376042 11.667079 -6.665676 -0.834285 0.991644 -0.307324 -2.163474 -3.435186 8.527028 -1.989513 -6.255344 24.610935 -15.327645 22.625078 -21.776995 33.409964 -10.263497 -29.164820 0.197497 -2.710360 -34.705477 -69.009531 -38.083916 29.908231 18.700724 -55.544985 -16.363917 13.719006 -18.597667 7.826432 -33.069433 -18.152276 -21.722576 -28.530639 -6.644358 -10.884674 -3.826775 -4.206650 -21.059126 -36.115009 -7.085308 -6.107878 -35.336742 -8.344426 -15.319157 -20.791002 -9.228274 -8.527080 -30.449809 1.026286 -7.210101 -40.474625 0.117229 -8.637283 -19.365403 -5.372419 -0.194158 -23.701531 3.696132 5.719162 -43.456241 -1.178000 7.020673 -10.566582 -5.689846 -5.016964 1.815512 16.105874 49.351500 2.534405 2.202657 -28.595968 -14.507776 6.620655 30.044851 26.940556 -19.003093 -17.707380 71.053804 -2.097897 14.417408 -3.382195 -10.134524 31.154493 0.531054 25.605609 -0.824686 33.069433 18.152274 -21.722576 28.530639 6.644356 -10.884674 3.826775 4.206655 -21.059126 36.115009 7.085306 -6.107878 35.336742 8.344431 -15.319157 20.791002 9.228278 -8.527080 30.449809 -1.026281 -7.210101 40.474625 -0.117231 -8.637283 19.365403 5.372431 -0.194158 23.701531 -3.696120 5.719162 43.456241 1.178012 7.020673 10.566582 5.689844 -5.016964 -1.815512 -16.105869 49.351500 -2.534405 -2.202652 -28.595968 14.507776 -6.620650 30.044851
0.075767 0.759075 0.114992 -1.810769 3.090376 -11.589627 -0.314616 3.153706 -9.966715 -1.856971 19.135590 65.947390 -8.088279 18.927843 -37.112209 8.077159 0.817761 -43.386181 8.885401 5.298173 -37.423899 1.892639 -26.854800 45.982104 4.992932 14.741380 8.831308 -36.891047 11.923129 -7.180874 -0.948114 1.129579 -0.234893 -2.600761 -3.826283 9.150810 -1.578087 -6.162775 25.470014 -14.550141 21.070412 -23.886654 33.784613 -9.973056 -29.012854 0.285679 -4.247931 -35.057289 -65.891566 -41.761204 31.263516 13.509653 -47.478421 -8.525651 13.203840 -19.667315 9.580843 -33.069433 -18.152276 -21.722576 -28.530639 -6.644358 -10.884674 -3.826775 -4.206650 -21.059126 -36.115009 -7.085308 -6.107878 -35.336742 -8.344426 -15.319157 -20.791002 -9.228274 -8.527080 -30.449809 1.026286 -7.210101 -40.474625 0.117229 -8.637283 -19.365403 -5.372419 -0.194158 -23.701531 3.696132 5.719162 -43.456241 -1.178000 7.020673 -10.566582 -5.689846 -5.016964 1.815512 16.105874 49.351500 2.534405 2.202657 -28.595968 -14.507776 6.620655 30.044851 26.611308 -17.959202 -17.735843 71.957352 5.015226 17.866481 -2.705187 -10.858571 29.469200 -3.076679 25.521339 -2.248398 33.069433 18.152274 -21.722576 28.530639 6.644356 -10.884674 3.826775 4.206655 -21.059126 36.115009 7.085306 -6.107878 35.336742 8.344431 -15.319157 20.791002 9.228278 -8.527080 30.449809 -1.026281 -7.210101 40.474625 -0.117231 -8.637283 19.365403 5.372431 -0.194158 23.701531 -3.696120 5.719162 43.456241 1.178012 7.020673 10.566582 5.689844 -5.016964 -1.815512 -16.105869 49.351500 -2.534405 -2.202652 -28.595968 14.507776 -6.620650 30.044851
0.076765 0.766879 0.118343 -2.052181 3.259813 -10.625440 -0.482699 3.115894 -10.083835 -1.964598 19.229989 64.818221 -7.402337 18.828642 -35.670662 6.892516 0.177826 -44.154419 9.457439 5.491372 -37.594031 2.114666 -25.714779 44.796491 5.890109 13.689846 8.876129 -36.651170 12.482604 -7.651874 -1.073105 1.218501 0.047183 -2.699959 -4.442004 8.620083 -1.155517 -6.298538 25.906592 -13.908537 19.385410 -25.842055 33.875647 -9.164083 -28.624039 -1.209586 -4.985332 -35.614378 -63.311754 -43.511232 32.626779 8.034264 -36.467035 0.955590 12.630009 -21.152104 11.727724 -33.069433 -18.152276 -21.722576 -28.530639 -6.644358 -10.884674 -3.826775 -4.206650 -21.059126 -36.115009 -7.085308 -6.107878 -35.336742 -8.344426 -15.319157 -20.791002 -9.228274 -8.527080 -30.449809 1.026286 -7.210101 -40.474625 0.117229 -8.637283 -19.365403 -5.372419 -0.194158 -23.701531 3.696132 5.719162 -43.456241 -1.178000 7.020673 -10.566582 -5.689846 -5.016964 1.815512 16.105874 49.351500 2.534405 2.202657 -28.595968 -14.507776 6.620655 30.044851 25.691804 -17.202656 -18.122615 73.383122 13.152077 21.348904 -1.933245 -11.436356 27.924842 -8.361996 25.333057 -4.638659 33.069433 18.152274 -21.722576 28.530639 6.644356 -10.884674 3.826775 4.206655 -21.059126 36.115009 7.085306 -6.107878 35.336742 8.344431 -15.319157 20.791002 9.228278 -8.527080 30.449809 -1.026281 -7.210101 40.474625 -0.117231 -8.637283 19.365403 5.372431 -0.194158 23.701531 -3.696120 5.719162 43.456241 1.178012 7.020673 10.566582 5.689844 -5.016964 -1.815512 -16.105869 49.351500 -2.534405 -2.202652 -28.595968 14.507776 -6.620650 30.044851
0.080017 0.783889 0.121557 -2.457414 3.365483 -8.755116 -0.620898 3.102240 -10.764902 -2.149327 19.284685 62.633340 -6.342154 18.663195 -32.410993 5.201945 -0.754132 -45.940257 9.877048 5.548657 -37.272724 2.247219 -25.503999 41.548233 7.184127 14.039060 9.783415 -36.727928 13.289140 -7.945629 -1.297908 1.245938 0.369578 -2.068639 -5.297062 7.225880 -0.748828 -6.690851 25.968820 -13.522049 17.755693 -27.727541 33.914683 -8.127185 -28.290042 -3.608273 -5.639241 -37.057205 -61.350656 -41.879640 33.857436 4.132918 -23.569721 10.305355 10.806428 -22.042706 14.995135 -33.069433 -18.152276 -21.722576 -28.530639 -6.644358 -10.884674 -3.826775 -4.206650 -21.059126 -36.115009 -7.085308 -6.107878 -35.336742 -8.344426 -15.319157 -20.791002 -9.228274 -8.527080 -30.449809 1.026286 -7.210101 -40.474625 0.117229 -8.637283 -19.365403 -5.372419 -0.194158 -23.701531 3.696132 5.719162 -43.456241 -1.178000 7.020673 -10.566582 -5.689846 -5.016964 1.815512 16.105874 49.351500 2.534405 2.202657 -28.595968 -14.507776 6.620655 30.044851 24.433053 -15.574898 -18.960911 74.142009 20.862618 24.108376 -1.156423 -11.270588 25.315895 -13.631538 25.624242 -6.416913 33.069433 18.152274 -21.722576 28.530639 6.644356 -10.884674 3.826775 4.206655 -21.059126 36.115009 7.085306 -6.107878 35.336742 8.344431 -15.319157 20.791002 9.228278 -8.527080 30.449809 -1.026281 -7.210101 40.474625 -0.117231 -8.637283 19.365403 5.372431 -0.194158 23.701531 -3.696120 5.719162 43.456241 1.178012 7.020673 10.566582 5.689844 -5.016964 -1.815512 -16.105869 49.351500 -2.534405 -2.202652 -28.595968 14.507776 -6.620650 30.044851
0.083807 0.806896 0.125170 -3.119356 3.358502 -6.354355 -0.677858 3.164286 -11.967956 -2.330303 18.835136 59.752244 -5.087256 18.820028 -27.958831 3.084191 -1.792984 -47.947198 10.413729 5.807651 -36.051195 2.236954 -26.316423 35.910639 8.581468 15.448647 11.580426 -37.123739 14.268834 -8.005165 -1.631001 1.259742 0.489404 -0.741294 -6.172098 5.647583 -0.300114 -7.144758 25.886543 -13.203637 16.256537 -29.241097 33.693823 -7.320649 -28.151907 -6.106932 -6.042010 -38.564473 -60.545700 -37.362002 35.181133 2.848055 -10.934755 18.657164 6.887690 -21.137280 17.751929 -33.069433 -18.152276 -21.722576 -28.530639 -6.644358 -10.884674 -3.826775 -4.206650 -21.059126 -36.115009 -7.085308 -6.107878 -35.336742 -8.344426 -15.319157 -20.791002 -9.228274 -8.527080 -30.449809 1.026286 -7.210101 -40.474625 0.117229 -8.637283 -19.365403 -5.372419 -0.194158 -23.701531 3.696132 5.719162 -43.456241 -1.178000 7.020673 -10.566582 -5.689846 -5.016964 1.815512 16.105874 49.351500 2.534405 2.202657 -28.595968 -14.507776 6.620655 30.044851 23.014011 -13.031035 -20.171993 73.857144 28.556756 26.768063 0.020910 -9.148154 20.672875 -17.557551 26.208482 -6.989730 33.069433 18.152274 -21.722576 28.530639 6.644356 -10.884674 3.826775 4.206655 -21.059126 36.115009 7.085306 -6.107878 35.336742 8.344431 -15.319157 20.791002 9.228278 -8.527080 30.449809 -1.026281 -7.210101 40.474625 -0.117231 -8.637283 19.365403 5.372431 -0.194158 23.701531 -3.696120 5.719162 43.456241 1.178012 7.020673 10.566582 5.689844 -5.016964 -1.815512 -16.105869 49.351500 -2.534405 -2.202652 -28.595968 14.507776 -6.620650 30.044851
0.087253 0.830980 0.130448 -3.629675 3.363823 -3.843436 -0.636024 3.350559 -13.366144 -2.451232 18.422771 56.746255 -3.592169 18.836393 -23.290292 0.890617 -2.709096 -49.331191 11.076795 6.344401 -34.155408 2.116229 -27.250955 28.571091 9.771031 16.538136 13.476140 -37.580247 15.302412 -7.710561 -1.894629 1.308619 0.391127 0.585554 -6.861804 4.434513 0.063297 -7.493214 25.768922 -12.769765 14.933697 -30.202734 32.918364 -6.968054 -28.241976 -8.531441 -5.674362 -39.167680 -60.641293 -31.234371 36.051985 3.619223 -0.826259 26.329137 1.496173 -18.069775 18.399194 -33.069433 -18.152276 -21.722576 -28.530639 -6.644358 -10.884674 -3.826775 -4.206650 -21.059126 -36.115009 -7.085308 -6.107878 -35.336742 -8.344426 -15.319157 -20.791002 -9.228274 -8.527080 -30.449809 1.026286 -7.210101 -40.474625 0.117229 -8.637283 -19.365403 -5.372419 -0.194158 -23.701531 3.696132 5.719162 -43.456241 -1.178000 7.020673 -10.566582 -5.689846 -5.016964 1.815512 16.105874 49.351500 2.534405 2.202657 -28.595968 -14.507776 6.620655 30.044851 21.608953 -10.194903 -21.684766 72.908485 36.236595 29.607190 1.293811 -4.730566 14.208981 -19.665031 26.632583 -6.920764 33.069433 18.152274 -21.722576 28.530639 6.644356 -10.884674 3.826775 4.206655 -21.059126 36.115009 7.085306 -6.107878 35.336742 8.344431 -15.319157 20.791002 9.228278 -8.527080 30.449809 -1.026281 -7.210101 40.474625 -0.117231 -8.637283 19.365403 5.372431 -0.194158 23.701531 -3.696120 5.719162 43.456241 1.178012 7.020673 10.566582 5.689844 -5.016964 -1.815512 -16.105869 49.351500 -2.534405 -2.202652 -28.595968 14.507776 -6.620650 30.044851
0.089734 0.850037 0.137321 -3.355115 3.466221 -1.684876 -0.479128 3.710305 -14.594282 -2.406991 19.231636 54.903197 -2.377719 17.484357 -19.811726 -0.262836 -3.116599 -49.633223 11.353005 6.851147 -33.201515 1.867729 -26.197161 23.399150 10.489320 14.542996 13.515053 -38.210044 16.148515 -7.367488 -1.917836 1.383095 0.203781 1.261066 -7.210274 4.054841 0.171963 -7.625330 25.472589 -11.829138 13.852596 -30.460300 30.495434 -7.200212 -28.589007 -10.880509 -4.011108 -38.721715 -61.114885 -23.965301 35.981483 4.949943 5.008095 32.895659 -3.876725 -13.386805 18.365289 -33.069433 -18.152276 -21.722576 -28.530639 -6.644358 -10.884674 -3.826775 -4.206650 -21.059126 -36.115009 -7.085308 -6.107878 -35.336742 -8.344426 -15.319157 -20.791002 -9.228274 -8.527080 -30.449809 1.026286 -7.210101 -40.474625 0.117229 -8.637283 -19.365403 -5.372419 -0.194158 -23.701531 3.696132 5.719162 -43.456241 -1.178000 7.020673 -10.566582 -5.689846 -5.016964 1.815512 16.105874 49.351500 2.534405 2.202657 -28.595968 -14.507776 6.620655 30.044851 20.476691 -7.242047 -23.521635 71.114938 42.753004 31.856507 1.858218 2.328824 6.229003 -19.226365 27.140926 -6.094328 33.069433 18.152274 -21.722576 28.530639 6.644356 -10.884674 3.826775 4.206655 -21.059126 36.115009 7.085306 -6.107878 35.336742 8.344431 -15.319157 20.791002 9.228278 -8.527080 30.449809 -1.026281 -7.210101 40.474625 -0.117231 -8.637283 19.365403 5.372431 -0.194158 23.701531 -3.696120 5.719162 43.456241 1.178012 7.020673 10.566582 5.689844 -5.016964 -1.815512 -16.105869 49.351500 -2.534405 -2.202652 -28.595968 14.507776 -6.620650 30.044851
0.091393 0.859947 0.144895 -2.291808 3.538881 -0.221886 0.000960 4.224488 -15.671547 -2.238009 21.730166 55.559747 -1.765357 14.462804 -18.532461 0.566207 -2.929862 -48.530615 10.612005 6.979629 -34.582900 1.608756 -22.550249 23.971580 10.703326 9.295903 10.855191 -39.416871 16.771879 -7.704875 -1.724286 1.403968 0.083989 1.307998 -6.999384 4.679078 0.139289 -7.406859 24.847880 -10.247469 13.338201 -29.743663 25.861802 -8.319449 -29.056440 -12.689762 -0.362537 -37.204163 -62.224511 -15.876041 35.030099 5.378666 6.190121 37.548671 -6.616875 -9.986129 18.666504 -33.069433 -18.152276 -21.722576 -28.530639 -6.644358 -10.884674 -3.826775 -4.206650 -21.059126 -36.115009 -7.085308 -6.107878 -35.336742 -8.344426 -15.319157 -20.791002 -9.228274 -8.527080 -30.449809 1.026286 -7.210101 -40.474625 0.117229 -8.637283 -19.365403 -5.372419 -0.194158 -23.701531 3.696132 5.719162 -43.456241 -1.178000 7.020673 -10.566582 -5.689846 -5.016964 1.815512 16.105874 49.351500 2.534405 2.202657 -28.595968 -14.507776 6.620655 30.044851 19.897402 -3.614902 -25.806181 67.549459 46.883847 32.223848 0.643082 13.029414 -3.744439 -15.882227 27.992377 -4.347644 33.069433 18.152274 -21.722576 28.530639 6.644356 -10.884674 3.826775 4.206655 -21.059126 36.115009 7.085306 -6.107878 35.336742 8.344431 -15.319157 20.791002 9.228278 -8.527080 30.449809 -1.026281 -7.210101 40.474625 -0.117231 -8.637283 19.365403 5.372431 -0.194158 23.701531 -3.696120 5.719162 43.456241 1.178012 7.020673 10.566582 5.689844 -5.016964 -1.815512 -16.105869 49.351500 -2.534405 -2.202652 -28.595968 14.507776 -6.620650 30.044851
0.092928 0.861169 0.152689 -1.280176 3.589301 0.731437 1.318914 4.774885 -16.901152 -2.119078 25.402150 58.515683 -0.754701 10.677009 -18.930749 2.807903 -2.659277 -45.775346 9.244537 6.862533 -37.242188 1.663108 -18.809670 27.900625 10.417069 4.582923 7.247479 -40.719349 17.319523 -8.661884 -1.488833 1.334505 0.144530 1.387768 -6.153567 5.645143 0.400191 -6.780832 23.906713 -8.244399 13.498130 -27.839095 20.052328 -10.125589 -29.292057 -13.824732 5.367049 -34.612640 -63.924911 -8.159314 33.470427 4.151495 3.935032 40.263116 -4.829434 -11.275581 18.409040 -33.069433 -18.152276 -21.722576 -28.530639 -6.644358 -10.884674 -3.826775 -4.206650 -21.059126 -36.115009 -7.085308 -6.107878 -35.336742 -8.344426 -15.319157 -20.791002 -9.228274 -8.527080 -30.449809 1.026286 -7.210101 -40.474625 0.117229 -8.637283 -19.365403 -5.372419 -0.194158 -23.701531 3.696132 5.719162 -43.456241 -1.178000 7.020673 -10.566582 -5.689846 -5.016964 1.815512 16.105874 49.351500 2.534405 2.202657 -28.595968 -14.507776 6.620655 30.044851 19.996182 0.380027 -28.312016 62.097175 48.315892 30.684584 -3.357646 26.162052 -16.836562 -10.627917 29.094416 -2.632087 33.069433 18.152274 -21.722576 28.530639 6.644356 -10.884674 3.826775 4.206655 -21.059126 36.115009 7.085306 -6.107878 35.336742 8.344431 -15.319157 20.791002 9.228278 -8.527080 30.449809 -1.026281 -7.210101 40.474625 -0.117231 -8.637283 19.365403 5.372431 -0.194158 23.701531 -3.696120 5.719162 43.456241 1.178012 7.020673 10.566582 5.689844 -5.016964 -1.815512 -16.105869 49.351500 -2.534405 -2.202652 -28.595968 14.507776 -6.620650 30.044851
0.094561 0.856837 0.161601 -0.616131 3.930250 1.507969 2.965514 5.193535 -18.484339 -1.859813 28.921436 62.724912 0.511960 7.361615 -19.560802 5.199797 -2.557152 -42.465710 7.916718 6.662893 -39.795898 1.758992 -16.208521 32.464922 9.713182 1.285034 3.781722 -41.349895 17.505689 -9.407741 -1.296788 1.255466 0.260484 1.714552 -4.961577 6.403880 0.966894 -5.807537 22.620151 -6.081815 13.698617 -24.468634 14.558982 -11.812631 -29.175159 -14.569431 11.666710 -31.952069 -64.683792 -0.274557 30.933761 1.126650 -0.033725 41.633524 -0.184130 -15.370565 17.448522 -33.069433 -18.152276 -21.722576 -28.530639 -6.644358 -10.884674 -3.826775 -4.206650 -21.059126 -36.115009 -7.085308 -6.107878 -35.336742 -8.344426 -15.319157 -20.791002 -9.228274 -8.527080 -30.449809 1.026286 -7.210101 -40.474625 0.117229 -8.637283 -19.365403 -5.372419 -0.194158 -23.701531 3.696132 5.719162 -43.456241 -1.178000 7.020673 -10.566582 -5.689846 -5.016964 1.815512 16.105874 49.351500 2.534405 2.202657 -28.595968 -14.507776 6.620655 30.044851 20.321728 3.103586 -30.426589 56.192947 47.818666 28.362966 -10.474004 38.200657 -33.998460 -5.287724 29.981096 -2.642196 33.069433 18.152274 -21.722576 28.530639 6.644356 -10.884674 3.826775 4.206655 -21.059126 36.115009 7.085306 -6.107878 35.336742 8.344431 -15.319157 20.791002 9.228278 -8.527080 30.449809 -1.026281 -7.210101 40.474625 -0.117231 -8.637283 19.365403 5.372431 -0.194158 23.701531 -3.696120 5.719162 43.456241 1.178012 7.020673 10.566582 5.689844 -5.016964 -1.815512 -16.105869 49.351500 -2.534405 -2.202652 -28.595968 14.507776 -6.620650 30.044851
0.096074 0.849586 0.170854 -0.089403 4.822246 2.040658 3.858937 5.349974 -20.205899 -1.274483 30.659446 66.980810 0.781408 5.414526 -19.594560 6.815228 -2.542672 -40.339632 6.698732 6.250049 -41.509035 1.624981 -14.648479 36.933656 8.584175 -1.357306 0.441096 -41.316190 16.943304 -9.744958 -1.154226 1.242735 0.200747 2.030920 -3.728379 7.176775 1.466777 -4.611926 21.163304 -3.702238 13.429527 -19.728718 9.818213 -12.987807 -28.726036 -15.059568 16.482985 -30.706046 -63.126158 9.726670 27.278769 -3.011728 -4.437435 42.121636 3.912044 -18.873122 17.243904 -33.069433 -18.152276 -21.722576 -28.530639 -6.644358 -10.884674 -3.826775 -4.206650 -21.059126 -36.115009 -7.085308 -6.107878 -35.336742 -8.344426 -15.319157 -20.791002 -9.228274 -8.527080 -30.449809 1.026286 -7.210101 -40.474625 0.117229 -8.637283 -19.365403 -5.372419 -0.194158 -23.701531 3.696132 5.719162 -43.456241 -1.178000 7.020673 -10.566582 -5.689846 -5.016964 1.815512 16.105874 49.351500 2.534405 2.202657 -28.595968 -14.507776 6.620655 30.044851 20.071996 3.581542 -31.634141 51.684997 46.239285 25.399741 -20.508601 47.251693 -54.558078 -1.627612 30.209746 -4.998256 33.069433 18.152274 -21.722576 28.530639 6.644356 -10.884674 3.826775 4.206655 -21.059126 36.115009 7.085306 -6.107878 35.336742 8.344431 -15.319157 20.791002 9.228278 -8.527080 30.449809 -1.026281 -7.210101 40.474625 -0.117231 -8.637283 19.365403 5.372431 -0.194158 23.701531 -3.696120 5.719162 43.456241 1.178012 7.020673 10.566582 5.689844 -5.016964 -1.815512 -16.105869 49.351500 -2.534405 -2.202652 -28.595968 14.507776 -6.620650 30.044851
0.097240 0.840280 0.180407 0.008617 6.283947 2.110475 4.122658 5.386665 -21.642387 -0.515686 30.040123 70.379233 -0.088253 4.365579 -19.459828 7.424547 -2.535787 -39.478129 5.986031 5.962771 -42.579439 1.266746 -13.510993 41.288505 7.697675 -4.306493 -2.962503 -40.812176 15.800230 -9.738429 -1.105086 1.338522 -0.063120 2.430078 -2.592608 8.240164 1.980815 -3.224912 19.971797 -0.965643 12.655100 -14.579909 5.476745 -13.855331 -27.856749 -14.892504 19.065757 -30.774167 -59.980052 20.791093 22.938090 -7.328285 -8.762652 42.029506 6.005859 -21.308132 18.265223 -33.069433 -18.152276 -21.722576 -28.530639 -6.644358 -10.884674 -3.826775 -4.206650 -21.059126 -36.115009 -7.085308 -6.107878 -35.336742 -8.344426 -15.319157 -20.791002 -9.228274 -8.527080 -30.449809 1.026286 -7.210101 -40.474625 0.117229 -8.637283 -19.365403 -5.372419 -0.194158 -23.701531 3.696132 5.719162 -43.456241 -1.178000 7.020673 -10.566582 -5.689846 -5.016964 1.815512 16.105874 49.351500 2.534405 2.202657 -28.595968 -14.507776 6.620655 30.044851 19.091988 2.738806 -31.970052 49.335821 43.530810 21.601847 -31.575987 53.372976 -76.082552 -0.023952 30.690715 -8.714951 33.069433 18.152274 -21.722576 28.530639 6.644356 -10.884674 3.826775 4.206655 -21.059126 36.115009 7.085306 -6.107878 35.336742 8.344431 -15.319157 20.791002 9.228278 -8.527080 30.449809 -1.026281 -7.210101 40.474625 -0.117231 -8.637283 19.365403 5.372431 -0.194158 23.701531 -3.696120 5.719162 43.456241 1.178012 7.020673 10.566582 5.689844 -5.016964 -1.815512 -16.105869 49.351500 -2.534405 -2.202652 -28.595968 14.507776 -6.620650 30.044851
0.098279 0.827732 0.190434 -0.751473 8.173698 1.599963 4.349905 5.690602 -22.695241 0.193984 27.240101 72.800001 -1.986783 3.566386 -19.732386 7.070463 -2.601610 -39.866291 6.139510 6.238998 -43.790168 0.931067 -12.449931 45.959058 7.982512 -7.954040 -6.597099 -39.766541 14.507869 -9.401561 -1.277058 1.565639 -0.437407 3.382633 -1.528409 9.503435 2.945790 -1.492045 19.187148 2.635188 11.204033 -10.280041 0.213587 -14.549619 -26.216926 -14.066420 19.925893 -30.731534 -55.916765 29.577979 19.718302 -11.176987 -12.804096 42.217808 6.490033 -22.746951 19.061335 -33.069433 -18.152276 -21.722576 -28.530639 -6.644358 -10.884674 -3.826775 -4.206650 -21.059126 -36.115009 -7.085308 -6.107878 -35.336742 -8.344426 -15.319157 -20.791002 -9.228274 -8.527080 -30.449809 1.026286 -7.210101 -40.474625 0.117229 -8.637283 -19.365403 -5.372419 -0.194158 -23.701531 3.696132 5.719162 -43.456241 -1.178000 7.020673 -10.566582 -5.689846 -5.016964 1.815512 16.105874 49.351500 2.534405 2.202657 -28.595968 -14.507776 6.620655 30.044851 17.883418 1.242708 -31.595218 48.271381 40.432121 17.735943 -41.231547 57.129376 -96.075019 0.796109 32.016244 -13.732148 33.069433 18.152274 -21.722576 28.530639 6.644356 -10.884674 3.826775 4.206655 -21.059126 36.115009 7.085306 -6.107878 35.336742 8.344431 -15.319157 20.791002 9.228278 -8.527080 30.449809 -1.026281 -7.210101 40.474625 -0.117231 -8.637283 19.365403 5.372431 -0.194158 23.701531 -3.696120 5.719162 43.456241 1.178012 7.020673 10.566582 5.689844 -5.016964 -1.815512 -16.105869 49.351500 -2.534405 -2.202652 -28.595968 14.507776 -6.620650 30.044851
0.099484 0.810606 0.199306 -2.497815 10.285776 0.324034 4.968860 6.522388 -23.284536 0.733812 22.734253 74.788627 -4.771398 2.656850 -20.617533 6.121955 -2.899304 -42.319894 6.687684 6.853633 -44.952795 0.849553 -12.636154 50.734440 8.777527 -10.881035 -10.100427 -38.444140 13.477747 -9.004573 -1.809779 1.871003 -0.828889 5.434687 -0.473623 10.681926 4.637968 0.599557 18.641757 7.677307 8.894329 -7.330506 -7.519938 -14.668648 -23.487757 -13.491633 20.313028 -29.509377 -51.001017 33.483330 19.665652 -14.275661 -15.569010 43.999449 6.314754 -23.333966 18.222939 -33.069433 -18.152276 -21.722576 -28.530639 -6.644358 -10.884674 -3.826775 -4.206650 -21.059126 -36.115009 -7.085308 -6.107878 -35.336742 -8.344426 -15.319157 -20.791002 -9.228274 -8.527080 -30.449809 1.026286 -7.210101 -40.474625 0.117229 -8.637283 -19.365403 -5.372419 -0.194158 -23.701531 3.696132 5.719162 -43.456241 -1.178000 7.020673 -10.566582 -5.689846 -5.016964 1.815512 16.105874 49.351500 2.534405 2.202657 -28.595968 -14.507776 6.620655 30.044851 17.310159 -1.254778 -30.719256 47.567442 37.847464 14.956737 -50.277190 58.425677 -113.835541 2.036866 33.342385 -19.074311 33.069433 18.152274 -21.722576 28.530639 6.644356 -10.884674 3.826775 4.206655 -21.059126 36.115009 7.085306 -6.107878 35.336742 8.344431 -15.319157 20.791002 9.228278 -8.527080 30.449809 -1.026281 -7.210101 40.474625 -0.117231 -8.637283 19.365403 5.372431 -0.194158 23.701531 -3.696120 5.719162 43.456241 1.178012 7.020673 10.566582 5.689844 -5.016964 -1.815512 -16.105869 49.351500 -2.534405 -2.202652 -28.595968 14.507776 -6.620650 30.044851
0.100534 0.789667 0.205623 -4.690232 12.410395 -2.087832 6.049042 7.614857 -22.815619 1.083978 17.448166 77.074556 -7.417336 1.426597 -21.977862 5.482917 -3.211607 -46.128192 7.062344 7.376272 -45.248499 0.923061 -14.194696 55.233531 9.224009 -12.651878 -13.128225 -37.135066 12.615559 -8.988321 -2.473186 2.174981 -1.171589 7.993578 0.353178 12.005299 6.514798 2.454766 18.740604 12.486140 6.627320 -6.070693 -15.298039 -13.922511 -20.582672 -13.216773 21.073477 -27.715801 -46.384704 32.929277 21.893863 -16.666683 -16.207143 47.063466 5.761099 -23.572509 16.623981 -33.069433 -18.152276 -21.722576 -28.530639 -6.644358 -10.884674 -3.826775 -4.206650 -21.059126 -36.115009 -7.085308 -6.107878 -35.336742 -8.344426 -15.319157 -20.791002 -9.228274 -8.527080 -30.449809 1.026286 -7.210101 -40.474625 0.117229 -8.637283 -19.365403 -5.372419 -0.194158 -23.701531 3.696132 5.719162 -43.456241 -1.178000 7.020673 -10.566582 -5.689846 -5.016964 1.815512 16.105874 49.351500 2.534405 2.202657 -28.595968 -14.507776 6.620655 30.044851 17.934100 -4.236443 -29.647044 47.227001 36.596721 13.667709 -58.004296 57.542028 -128.008427 3.416592 34.167129 -21.970890 33.069433 18.152274 -21.722576 28.530639 6.644356 -10.884674 3.826775 4.206655 -21.059126 36.115009 7.085306 -6.107878 35.336742 8.344431 -15.319157 20.791002 9.228278 -8.527080 30.449809 -1.026281 -7.210101 40.474625 -0.117231 -8.637283 19.365403 5.372431 -0.194158 23.701531 -3.696120 5.719162 43.456241 1.178012 7.020673 10.566582 5.689844 -5.016964 -1.815512 -16.105869 49.351500 -2.534405 -2.202652 -28.595968 14.507776 -6.620650 30.044851
0.101991 0.768910 0.209806 -6.590199 14.660963 -5.394953 7.053746 8.341187 -21.423446 1.243658 12.185620 79.993316 -8.975050 0.248498 -23.646747 5.825612 -3.145054 -48.338466 6.882619 7.404132 -44.456292 0.940971 -16.378858 59.310370 9.219334 -13.568475 -15.619553 -35.971688 11.620811 -9.698951 -2.990154 2.369832 -1.496449 10.056670 0.590076 13.962510 7.768058 3.241146 19.740121 14.922198 5.507498 -6.108662 -19.528031 -12.980519 -18.753899 -12.628252 22.285101 -26.543010 -43.671583 30.834188 23.610726 -18.413329 -15.743719 48.658451 3.271425 -23.139524 18.509638 -33.069433 -18.152276 -21.722576 -28.530639 -6.644358 -10.884674 -3.826775 -4.206650 -21.059126 -36.115009 -7.085308 -6.107878 -35.336742 -8.344426 -15.319157 -20.791002 -9.228274 -8.527080 -30.449809 1.026286 -7.210101 -40.474625 0.117229 -8.637283 -19.365403 -5.372419 -0.194158 -23.701531 3.696132 5.719162 -43.456241 -1.178000 7.020673 -10.566582 -5.689846 -5.016964 1.815512 16.105874 49.351500 2.534405 2.202657 -28.595968 -14.507776 6.620655 30.044851 19.377399 -6.877622 -28.587402 47.538035 37.379471 13.345522 -61.011288 57.366758 -136.524360 3.200233 34.443439 -22.231327 33.069433 18.152274 -21.722576 28.530639 6.644356 -10.884674 3.826775 4.206655 -21.059126 36.115009 7.085306 -6.107878 35.336742 8.344431 -15.319157 20.791002 9.228278 -8.527080 30.449809 -1.026281 -7.210101 40.474625 -0.117231 -8.637283 19.365403 5.372431 -0.194158 23.701531 -3.696120 5.719162 43.456241 1.178012 7.020673 10.566582 5.689844 -5.016964 -1.815512 -16.105869 49.351500 -2.534405 -2.202652 -28.595968 14.507776 -6.620650 30.044851
0.104313 0.753468 0.212721 -7.813680 17.201062 -8.363604 7.082303 8.357346 -20.333299 1.306571 7.664943 82.852685 -9.993606 -0.316290 -25.214965 6.711923 -2.725277 -47.723002 5.912608 6.688165 -43.238542 0.787220 -18.758832 62.512501 9.037667 -13.444445 -17.455663 -35.123670 10.520058 -10.817573 -3.349645 2.384401 -1.832030 11.248528 0.194144 16.311273 8.064582 2.815625 21.056897 14.328089 5.646889 -6.499603 -18.966417 -12.661775 -18.394917 -11.441507 23.691572 -26.359393 -43.437539 29.948669 22.903438 -19.978631 -15.949124 47.004727 -1.416261 -21.197961 25.058175 -33.069433 -18.152276 -21.722576 -28.530639 -6.644358 -10.884674 -3.826775 -4.206650 -21.059126 -36.115009 -7.085308 -6.107878 -35.336742 -8.344426 -15.319157 -20.791002 -9.228274 -8.527080 -30.449809 1.026286 -7.210101 -40.474625 0.117229 -8.637283 -19.365403 -5.372419 -0.194158 -23.701531 3.696132 5.719162 -43.456241 -1.178000 7.020673 -10.566582 -5.689846 -5.016964 1.815512 16.105874 49.351500 2.534405 2.202657 -28.595968 -14.507776 6.620655 30.044851 20.569805 -8.503896 -27.612858 48.362019 39.528691 13.298399 -59.754236 59.805232 -138.218616 1.318329 34.551819 -22.995775 33.069433 18.152274 -21.722576 28.530639 6.644356 -10.884674 3.826775 4.206655 -21.059126 36.115009 7.085306 -6.107878 35.336742 8.344431 -15.319157 20.791002 9.228278 -8.527080 30.449809 -1.026281 -7.210101 40.474625 -0.117231 -8.637283 19.365403 5.372431 -0.194158 23.701531 -3.696120 5.719162 43.456241 1.178012 7.020673 10.566582 5.689844 -5.016964 -1.815512 -16.105869 49.351500 -2.534405 -2.202652 -28.595968 14.507776 -6.620650 30.044851
0.107756 0.747202 0.213408 -8.230692 19.775339 -9.688943 6.095551 7.923801 -20.351897 1.384425 4.871888 84.511339 -10.774768 -0.819955 -25.743171 7.432596 -2.316873 -46.070602 4.436932 5.455637 -42.579193 0.559242 -20.451557 64.207926 9.197246 -12.821553 -18.490737 -34.737015 9.699684 -11.758857 -3.531690 2.270952 -2.011997 11.531347 -0.391770 17.926872 7.623277 1.884527 21.947965 11.867961 6.411843 -6.731720 -15.099913 -13.173431 -19.171692 -10.169491 25.186127 -26.744333 -44.678067 30.398860 20.863075 -21.576929 -17.223734 44.113150 -5.363667 -18.565163 31.395571 -33.069433 -18.152276 -21.722576 -28.530639 -6.644358 -10.884674 -3.826775 -4.206650 -21.059126 -36.115009 -7.085308 -6.107878 -35.336742 -8.344426 -15.319157 -20.791002 -9.228274 -8.527080 -30.449809 1.026286 -7.210101 -40.474625 0.117229 -8.637283 -19.365403 -5.372419 -0.194158 -23.701531 3.696132 5.719162 -43.456241 -1.178000 7.020673 -10.566582 -5.689846 -5.016964 1.815512 16.105874 49.351500 2.534405 2.202657 -28.595968 -14.507776 6.620655 30.044851 20.841356 -8.520188 -26.880062 48.958236 41.095127 13.316943 -58.385262 63.178983 -134.725233 -0.220158 34.384857 -25.386415 33.069433 18.152274 -21.722576 28.530639 6.644356 -10.884674 3.826775 4.206655 -21.059126 36.115009 7.085306 -6.107878 35.336742 8.344431 -15.319157 20.791002 9.228278 -8.527080 30.449809 -1.026281 -7.210101 40.474625 -0.117231 -8.637283 19.365403 5.372431 -0.194158 23.701531 -3.696120 5.719162 43.456241 1.178012 7.020673 10.566582 5.689844 -5.016964 -1.815512 -16.105869 49.351500 -2.534405 -2.202652 -28.595968 14.507776 -6.620650 30.044851
0.112931 0.752110 0.211998 -7.733438 22.038679 -8.976972 4.730623 7.370077 -21.276677 1.509421 4.393952 84.260189 -10.895570 -2.119139 -24.692758 7.821098 -2.103136 -44.985311 2.926231 4.109256 -42.823478 0.399935 -20.546197 64.057232 10.009314 -12.695407 -18.550773 -34.782707 9.359315 -12.395741 -3.468179 2.130912 -1.851871 10.966241 -0.757889 18.038631 6.796528 1.107156 22.188313 9.130644 7.197629 -6.895715 -10.233556 -14.301989 -20.577082 -9.471834 26.438169 -27.297745 -45.595291 31.428195 19.874936 -23.272558 -19.088936 42.234267 -7.231241 -16.964849 34.132375 -33.069433 -18.152276 -21.722576 -28.530639 -6.644358 -10.884674 -3.826775 -4.206650 -21.059126 -36.115009 -7.085308 -6.107878 -35.336742 -8.344426 -15.319157 -20.791002 -9.228274 -8.527080 -30.449809 1.026286 -7.210101 -40.474625 0.117229 -8.637283 -19.365403 -5.372419 -0.194158 -23.701531 3.696132 5.719162 -43.456241 -1.178000 7.020673 -10.566582 -5.689846 -5.016964 1.815512 16.105874 49.351500 2.534405 2.202657 -28.595968 -14.507776 6.620655 30.044851 20.488487 -7.088996 -26.554137 48.925983 41.382500 13.941671 -61.430514 64.990219 -133.044381 -0.266502 33.705206 -26.854793 33.069433 18.152274 -21.722576 28.530639 6.644356 -10.884674 3.826775 4.206655 -21.059126 36.115009 7.085306 -6.107878 35.336742 8.344431 -15.319157 20.791002 9.228278 -8.527080 30.449809 -1.026281 -7.210101 40.474625 -0.117231 -8.637283 19.365403 5.372431 -0.194158 23.701531 -3.696120 5.719162 43.456241 1.178012 7.020673 10.566582 5.689844 -5.016964 -1.815512 -16.105869 49.351500 -2.534405 -2.202652 -28.595968 14.507776 -6.620650 30.044851
0.119097 0.767693 0.207523 -6.498554 23.680836 -6.689664 3.542957 6.816900 -22.427464 1.650389 6.075695 81.845867 -10.230753 -4.329989 -22.324715 7.858831 -2.030073 -44.522382 1.710836 2.996099 -43.649349 0.316518 -19.223054 62.040714 11.325785 -13.441583 -17.397637 -35.024822 9.309645 -12.770880 -3.241943 2.033732 -1.444337 9.982081 -0.824313 17.021435 5.946546 0.717493 22.063553 6.791502 7.729270 -7.419609 -5.751360 -15.791052 -22.160365 -9.456747 26.714901 -28.117698 -45.596512 33.135904 20.108239 -25.351163 -21.122194 41.703960 -8.030677 -16.521035 33.964146 -33.069433 -18.152276 -21.722576 -28.530639 -6.644358 -10.884674 -3.826775 -4.206650 -21.059126 -36.115009 -7.085308 -6.107878 -35.336742 -8.344426 -15.319157 -20.791002 -9.228274 -8.527080 -30.449809 1.026286 -7.210101 -40.474625 0.117229 -8.637283 -19.365403 -5.372419 -0.194158 -23.701531 3.696132 5.719162 -43.456241 -1.178000 7.020673 -10.566582 -5.689846 -5.016964 1.815512 16.105874 49.351500 2.534405 2.202657 -28.595968 -14.507776 6.620655 30.044851 19.729884 -5.091145 -26.798554 48.364495 41.359601 15.058123 -67.781287 64.841357 -135.545267 0.715953 33.177241 -26.757094 33.069433 18.152274 -21.722576 28.530639 6.644356 -10.884674 3.826775 4.206655 -21.059126 36.115009 7.085306 -6.107878 35.336742 8.344431 -15.319157 20.791002 9.228278 -8.527080 30.449809 -1.026281 -7.210101 40.474625 -0.117231 -8.637283 19.365403 5.372431 -0.194158 23.701531 -3.696120 5.719162 43.456241 1.178012 7.020673 10.566582 5.689844 -5.016964 -1.815512 -16.105869 49.351500 -2.534405 -2.202652 -28.595968 14.507776 -6.620650 30.044851
0.125711 0.790658 0.198634 -4.990100 24.542312 -3.581666 2.904093 6.306760 -23.306218 1.715183 9.373310 77.591080 -8.959348 -7.111331 -19.267444 7.568437 -1.967119 -44.126326 1.057622 2.394127 -44.816873 0.193288 -17.196318 58.696371 12.882107 -15.318417 -14.958250 -35.152577 9.219139 -12.967464 -3.013739 2.022387 -1.063445 9.109451 -0.674848 15.711011 5.412933 0.778945 21.774347 5.347905 7.707249 -8.364648 -2.710853 -17.564750 -23.304578 -9.841020 25.916452 -28.851354 -45.313993 35.527044 20.006338 -28.042534 -22.948018 42.413449 -8.589339 -16.497027 32.401076 -33.069433 -18.152276 -21.722576 -28.530639 -6.644358 -10.884674 -3.826775 -4.206650 -21.059126 -36.115009 -7.085308 -6.107878 -35.336742 -8.344426 -15.319157 -20.791002 -9.228274 -8.527080 -30.449809 1.026286 -7.210101 -40.474625 0.117229 -8.637283 -19.365403 -5.372419 -0.194158 -23.701531 3.696132 5.719162 -43.456241 -1.178000 7.020673 -10.566582 -5.689846 -5.016964 1.815512 16.105874 49.351500 2.534405 2.202657 -28.595968 -14.507776 6.620655 30.044851 18.530223 -3.438465 -27.345441 47.276975 42.022899 16.058011 -72.625484 63.603511 -138.617883 1.727450 33.681936 -26.950082 33.069433 18.152274 -21.722576 28.530639 6.644356 -10.884674 3.826775 4.206655 -21.059126 36.115009 7.085306 -6.107878 35.336742 8.344431 -15.319157 20.791002 9.228278 -8.527080 30.449809 -1.026281 -7.210101 40.474625 -0.117231 -8.637283 19.365403 5.372431 -0.194158 23.701531 -3.696120 5.719162 43.456241 1.178012 7.020673 10.566582 5.689844 -5.016964 -1.815512 -16.105869 49.351500 -2.534405 -2.202652 -28.595968 14.507776 -6.620650 30.044851
0.131142 0.816936 0.187638 -3.866754 24.915978 -0.461752 2.846684 5.903540 -23.970564 1.633539 13.008952 72.629113 -7.673487 -9.790275 -15.971054 7.056738 -1.840822 -43.597105 1.095858 2.375549 -46.173602 -0.068049 -15.234541 54.913868 14.326872 -18.386278 -11.551738 -34.956663 8.884672 -13.054756 -2.987519 2.082268 -0.903100 8.903526 -0.447552 14.640565 5.470001 1.303585 21.127231 5.920747 6.676355 -9.338265 -2.737673 -19.857509 -23.117342 -10.377993 24.745156 -28.409961 -45.320698 37.879694 18.619805 -31.236133 -24.246718 44.486842 -8.852781 -16.650490 30.060434 -33.069433 -18.152276 -21.722576 -28.530639 -6.644358 -10.884674 -3.826775 -4.206650 -21.059126 -36.115009 -7.085308 -6.107878 -35.336742 -8.344426 -15.319157 -20.791002 -9.228274 -8.527080 -30.449809 1.026286 -7.210101 -40.474625 0.117229 -8.637283 -19.365403 -5.372419 -0.194158 -23.701531 3.696132 5.719162 -43.456241 -1.178000 7.020673 -10.566582 -5.689846 -5.016964 1.815512 16.105874 49.351500 2.534405 2.202657 -28.595968 -14.507776 6.620655 30.044851 16.879420 -2.828891 -27.268945 45.915194 43.657952 16.479339 -74.390311 62.035229 -140.403961 2.440969 35.304995 -28.153388 33.069433 18.152274 -21.722576 28.530639 6.644356 -10.884674 3.826775 4.206655 -21.059126 36.115009 7.085306 -6.107878 35.336742 8.344431 -15.319157 20.791002 9.228278 -8.527080 30.449809 -1.026281 -7.210101 40.474625 -0.117231 -8.637283 19.365403 5.372431 -0.194158 23.701531 -3.696120 5.719162 43.456241 1.178012 7.020673 10.566582 5.689844 -5.016964 -1.815512 -16.105869 49.351500 -2.534405 -2.202652 -28.595968 14.507776 -6.620650 30.044851
0.134739 0.841711 0.175855 -3.435103 25.210319 2.120385 3.069778 5.660843 -24.755007 1.466462 15.806133 68.354395 -6.824252 -11.560461 -12.857082 6.408299 -1.799705 -42.820166 1.742711 2.785681 -47.404742 -0.432720 -13.315157 51.584167 15.296996 -21.236784 -7.940555 -34.284664 8.584212 -12.866350 -3.266695 2.150371 -0.946884 9.638072 -0.208380 13.922122 6.177625 2.255577 19.912108 9.512923 4.312645 -10.337828 -7.658559 -22.815090 -20.548558 -11.081307 23.966854 -26.000938 -45.476746 39.286631 16.375067 -34.434863 -24.789425 47.646546 -8.509637 -17.205058 27.308510 -33.069433 -18.152276 -21.722576 -28.530639 -6.644358 -10.884674 -3.826775 -4.206650 -21.059126 -36.115009 -7.085308 -6.107878 -35.336742 -8.344426 -15.319157 -20.791002 -9.228274 -8.527080 -30.449809 1.026286 -7.210101 -40.474625 0.117229 -8.637283 -19.365403 -5.372419 -0.194158 -23.701531 3.696132 5.719162 -43.456241 -1.178000 7.020673 -10.566582 -5.689846 -5.016964 1.815512 16.105874 49.351500 2.534405 2.202657 -28.595968 -14.507776 6.620655 30.044851 14.741149 -3.452276 -25.777672 44.631470 46.014774 15.747087 -73.871593 60.491029 -141.303716 3.121673 37.203611 -29.198228 33.069433 18.152274 -21.722576 28.530639 6.644356 -10.884674 3.826775 4.206655 -21.059126 36.115009 7.085306 -6.107878 35.336742 8.344431 -15.319157 20.791002 9.228278 -8.527080 30.449809 -1.026281 -7.210101 40.474625 -0.117231 -8.637283 19.365403 5.372431 -0.194158 23.701531 -3.696120 5.719162 43.456241 1.178012 7.020673 10.566582 5.689844 -5.016964 -1.815512 -16.105869 49.351500 -2.534405 -2.202652 -28.595968 14.507776 -6.620650 30.044851
0.135861 0.859571 0.164920 -3.420685 25.542963 3.948285 3.177526 5.527791 -25.824027 1.318629 17.689023 65.771398 -6.348844 -12.017859 -10.432986 5.541269 -2.051841 -41.615138 3.163638 3.628595 -48.132190 -0.893278 -9.488831 50.042201 16.498920 -21.678197 -5.483713 -32.966628 8.698078 -12.349256 -3.698243 2.192090 -1.048302 10.997456 0.072580 13.519277 7.296354 3.506635 18.347432 15.596446 1.003487 -11.967618 -17.674585 -25.700155 -15.068928 -12.020459 23.956420 -22.010995 -45.365982 39.497584 14.033775 -36.992908 -24.425894 51.119660 -7.817965 -17.964118 25.069710 -33.069433 -18.152276 -21.722576 -28.530639 -6.644358 -10.884674 -3.826775 -4.206650 -21.059126 -36.115009 -7.085308 -6.107878 -35.336742 -8.344426 -15.319157 -20.791002 -9.228274 -8.527080 -30.449809 1.026286 -7.210101 -40.474625 0.117229 -8.637283 -19.365403 -5.372419 -0.194158 -23.701531 3.696132 5.719162 -43.456241 -1.178000 7.020673 -10.566582 -5.689846 -5.016964 1.815512 16.105874 49.351500 2.534405 2.202657 -28.595968 -14.507776 6.620655 30.044851 12.359938 -4.571798 -23.202236 42.817185 48.559963 13.333684 -72.342712 58.799491 -142.277538 4.259332 38.669055 -29.234207 33.069433 18.152274 -21.722576 28.530639 6.644356 -10.884674 3.826775 4.206655 -21.059126 36.115009 7.085306 -6.107878 35.336742 8.344431 -15.319157 20.791002 9.228278 -8.527080 30.449809 -1.026281 -7.210101 40.474625 -0.117231 -8.637283 19.365403 5.372431 -0.194158 23.701531 -3.696120 5.719162 43.456241 1.178012 7.020673 10.566582 5.689844 -5.016964 -1.815512 -16.105869 49.351500 -2.534405 -2.202652 -28.595968 14.507776 -6.620650 30.044851
0.136768 0.865087 0.154240 -3.388531 25.884022 5.046777 3.019562 5.342269 -27.069983 1.254993 19.455258 65.098384 -5.680268 -11.677121 -9.408825 4.404963 -2.503801 -39.035267 5.494563 5.040955 -48.301422 -1.450990 -2.199708 51.562584 18.855613 -19.794710 -5.269309 -31.267570 9.017656 -12.231460 -3.977083 2.204221 -1.096452 12.301006 0.500724 13.380416 8.408088 4.815006 16.967886 21.721355 -1.893353 -14.105779 -28.982555 -27.679829 -8.478316 -12.899758 24.351839 -17.985244 -44.741834 39.343904 12.166423 -38.525172 -23.338888 54.146729 -7.554082 -18.259646 24.186179 -33.069433 -18.152276 -21.722576 -28.530639 -6.644358 -10.884674 -3.826775 -4.206650 -21.059126 -36.115009 -7.085308 -6.107878 -35.336742 -8.344426 -15.319157 -20.791002 -9.228274 -8.527080 -30.449809 1.026286 -7.210101 -40.474625 0.117229 -8.637283 -19.365403 -5.372419 -0.194158 -23.701531 3.696132 5.719162 -43.456241 -1.178000 7.020673 -10.566582 -5.689846 -5.016964 1.815512 16.105874 49.351500 2.534405 2.202657 -28.595968 -14.507776 6.620655 30.044851 10.374766 -5.198228 -20.940617 40.044503 50.705888 9.917947 -70.773342 56.294126 -143.652989 5.935538 40.130265 -29.296709 33.069433 18.152274 -21.722576 28.530639 6.644356 -10.884674 3.826775 4.206655 -21.059126 36.115009 7.085306 -6.107878 35.336742 8.344431 -15.319157 20.791002 9.228278 -8.527080 30.449809 -1.026281 -7.210101 40.474625 -0.117231 -8.637283 19.365403 5.372431 -0.194158 23.701531 -3.696120 5.719162 43.456241 1.178012 7.020673 10.566582 5.689844 -5.016964 -1.815512 -16.105869 49.351500 -2.534405 -2.202652 -28.595968 14.507776 -6.620650 30.044851
0.138352 0.857297 0.144305 -3.385016 26.668074 5.346732 2.662622 4.992447 -28.238377 1.263551 20.917423 65.846886 -4.286866 -11.255302 -10.434460 3.312205 -2.854340 -34.805557 7.793085 6.619576 -47.978329 -1.704487 5.673431 55.176215 20.830149 -17.667286 -7.225915 -30.036842 9.290043 -12.923642 -4.066409 2.179407 -1.067475 13.266065 1.079439 13.224434 9.267738 5.902420 16.038743 25.805697 -3.561381 -15.716681 -37.099349 -29.505136 -3.482314 -13.261316 24.551247 -15.130463 -43.429114 39.505973 11.431016 -39.088339 -22.002066 56.508717 -7.542205 -18.075930 24.128520 -33.069433 -18.152276 -21.722576 -28.530639 -6.644358 -10.884674 -3.826775 -4.206650 -21.059126 -36.115009 -7.085308 -6.107878 -35.336742 -8.344426 -15.319157 -20.791002 -9.228274 -8.527080 -30.449809 1.026286 -7.210101 -40.474625 0.117229 -8.637283 -19.365403 -5.372419 -0.194158 -23.701531 3.696132 5.719162 -43.456241 -1.178000 7.020673 -10.566582 -5.689846 -5.016964 1.815512 16.105874 49.351500 2.534405 2.202657 -28.595968 -14.507776 6.620655 30.044851 9.297136 -5.854078 -19.717756 37.665555 52.345897 7.560400 -68.611655 53.353433 -145.090156 7.266697 41.996821 -29.936813 33.069433 18.152274 -21.722576 28.530639 6.644356 -10.884674 3.826775 4.206655 -21.059126 36.115009 7.085306 -6.107878 35.336742 8.344431 -15.319157 20.791002 9.228278 -8.527080 30.449809 -1.026281 -7.210101 40.474625 -0.117231 -8.637283 19.365403 5.372431 -0.194158 23.701531 -3.696120 5.719162 43.456241 1.178012 7.020673 10.566582 5.689844 -5.016964 -1.815512 -16.105869 49.351500 -2.534405 -2.202652 -28.595968 14.507776 -6.620650 30.044851
0.141136 0.839358 0.136508 -3.627510 28.589814 4.499854 1.965540 4.401964 -29.047801 1.296800 20.546715 67.616613 -2.509724 -10.512149 -13.233321 2.746562 -3.070331 -31.280900 8.741481 7.574886 -47.108202 -1.497563 10.022300 58.386042 20.762843 -16.362049 -11.364333 -29.676024 9.886175 -12.811657 -4.169794 2.153664 -1.012198 14.063516 1.448358 12.931274 9.925984 6.504679 15.598218 27.887859 -4.454230 -16.766209 -41.765305 -31.566568 -0.626441 -13.364344 24.298660 -13.900952 -41.252728 39.961164 12.063288 -38.957260 -20.726534 58.383709 -7.384651 -17.730554 24.531627 -33.069433 -18.152276 -21.722576 -28.530639 -6.644358 -10.884674 -3.826775 -4.206650 -21.059126 -36.115009 -7.085308 -6.107878 -35.336742 -8.344426 -15.319157 -20.791002 -9.228274 -8.527080 -30.449809 1.026286 -7.210101 -40.474625 0.117229 -8.637283 -19.365403 -5.372419 -0.194158 -23.701531 3.696132 5.719162 -43.456241 -1.178000 7.020673 -10.566582 -5.689846 -5.016964 1.815512 16.105874 49.351500 2.534405 2.202657 -28.595968 -14.507776 6.620655 30.044851 9.056247 -7.376370 -19.397314 36.402187 53.722654 7.055674 -64.361595 51.463625 -146.016860 7.256428 43.882358 -30.237253 33.069433 18.152274 -21.722576 28.530639 6.644356 -10.884674 3.826775 4.206655 -21.059126 36.115009 7.085306 -6.107878 35.336742 8.344431 -15.319157 20.791002 9.228278 -8.527080 30.449809 -1.026281 -7.210101 40.474625 -0.117231 -8.637283 19.365403 5.372431 -0.194158 23.701531 -3.696120 5.719162 43.456241 1.178012 7.020673 10.566582 5.689844 -5.016964 -1.815512 -16.105869 49.351500 -2.534405 -2.202652 -28.595968 14.507776 -6.620650 30.044851
0.145411 0.816029 0.130796 -4.149786 31.575561 2.362833 0.790668 3.586296 -29.346994 1.321061 17.703954 70.435189 -1.445242 -9.049117 -16.516257 2.728972 -3.353764 -30.249606 8.064042 7.479783 -45.851153 -1.097010 9.798605 60.470102 19.650573 -15.835223 -16.788033 -30.098158 10.921660 -11.168934 -4.406070 2.168519 -1.038556 14.838777 1.264578 12.908575 10.516774 6.561116 15.874244 28.494764 -5.113248 -17.496804 -43.724094 -33.549006 0.031289 -14.096451 23.316685 -14.826880 -38.280171 40.847519 13.853973 -38.218010 -19.841805 59.365142 -7.155695 -17.416986 25.637038 -33.069433 -18.152276 -21.722576 -28.530639 -6.644358 -10.884674 -3.826775 -4.206650 -21.059126 -36.115009 -7.085308 -6.107878 -35.336742 -8.344426 -15.319157 -20.791002 -9.228274 -8.527080 -30.449809 1.026286 -7.210101 -40.474625 0.117229 -8.637283 -19.365403 -5.372419 -0.194158 -23.701531 3.696132 5.719162 -43.456241 -1.178000 7.020673 -10.566582 -5.689846 -5.016964 1.815512 16.105874 49.351500 2.534405 2.202657 -28.595968 -14.507776 6.620655 30.044851 9.304220 -8.712702 -20.443262 35.940713 54.384681 7.929735 -58.505506 50.805717 -146.314316 5.777139 45.525516 -29.665099 33.069433 18.152274 -21.722576 28.530639 6.644356 -10.884674 3.826775 4.206655 -21.059126 36.115009 7.085306 -6.107878 35.336742 8.344431 -15.319157 20.791002 9.228278 -8.527080 30.449809 -1.026281 -7.210101 40.474625 -0.117231 -8.637283 19.365403 5.372431 -0.194158 23.701531 -3.696120 5.719162 43.456241 1.178012 7.020673 10.566582 5.689844 -5.016964 -1.815512 -16.105869 49.351500 -2.534405 -2.202652 -28.595968 14.507776 -6.620650 30.044851
0.151652 0.793401 0.128259 -4.931815 34.677087 -0.604082 -0.407627 2.841293 -28.943828 1.270658 13.880470 73.822149 -1.369280 -7.561037 -19.065762 2.999599 -3.748358 -31.643562 6.426849 6.478963 -44.439437 -0.629327 6.581600 62.385915 18.770723 -14.977790 -21.122590 -30.940647 11.816701 -10.012964 -4.697446 2.193566 -1.155191 15.473133 0.733312 13.355030 10.933551 6.270854 16.742189 28.199799 -5.624378 -17.485824 -43.152878 -34.473743 -1.314632 -15.277603 22.052424 -17.225507 -35.503028 41.586957 16.113336 -37.157648 -19.758703 58.769229 -7.325949 -17.236244 27.127177 -33.069433 -18.152276 -21.722576 -28.530639 -6.644358 -10.884674 -3.826775 -4.206650 -21.059126 -36.115009 -7.085308 -6.107878 -35.336742 -8.344426 -15.319157 -20.791002 -9.228274 -8.527080 -30.449809 1.026286 -7.210101 -40.474625 0.117229 -8.637283 -19.365403 -5.372419 -0.194158 -23.701531 3.696132 5.719162 -43.456241 -1.178000 7.020673 -10.566582 -5.689846 -5.016964 1.815512 16.105874 49.351500 2.534405 2.202657 -28.595968 -14.507776 6.620655 30.044851 9.863570 -8.638124 -22.399560 36.781431 54.006532 9.424689 -54.565190 50.433128 -146.368645 3.412164 46.108814 -28.758638 33.069433 18.152274 -21.722576 28.530639 6.644356 -10.884674 3.826775 4.206655 -21.059126 36.115009 7.085306 -6.107878 35.336742 8.344431 -15.319157 20.791002 9.228278 -8.527080 30.449809 -1.026281 -7.210101 40.474625 -0.117231 -8.637283 19.365403 5.372431 -0.194158 23.701531 -3.696120 5.719162 43.456241 1.178012 7.020673 10.566582 5.689844 -5.016964 -1.815512 -16.105869 49.351500 -2.534405 -2.202652 -28.595968 14.507776 -6.620650 30.044851
0.158013 0.777065 0.128630 -5.603790 37.178677 -3.300149 -1.100653 2.358959 -27.999982 1.188835 11.287136 76.861724 -1.434488 -7.052754 -20.408971 3.722493 -3.951446 -34.517138 4.640712 5.092967 -43.130112 -0.243868 3.290617 64.452665 17.980538 -13.460497 -23.293425 -31.303034 11.999805 -10.324365 -4.894847 2.162126 -1.224126 15.665623 0.222824 13.875646 10.739875 5.823722 17.133974 27.798337 -5.911116 -16.497113 -41.250097 -32.996151 -2.854479 -15.116543 22.177141 -18.470782 -35.264137 40.640261 16.506254 -37.011169 -20.223859 57.682975 -8.123023 -16.991485 28.149797 -33.069433 -18.152276 -21.722576 -28.530639 -6.644358 -10.884674 -3.826775 -4.206650 -21.059126 -36.115009 -7.085308 -6.107878 -35.336742 -8.344426 -15.319157 -20.791002 -9.228274 -8.527080 -30.449809 1.026286 -7.210101 -40.474625 0.117229 -8.637283 -19.365403 -5.372419 -0.194158 -23.701531 3.696132 5.719162 -43.456241 -1.178000 7.020673 -10.566582 -5.689846 -5.016964 1.815512 16.105874 49.351500 2.534405 2.202657 -28.595968 -14.507776 6.620655 30.044851 10.710366 -8.108271 -22.723732 39.209974 53.649271 10.401949 -55.275798 50.313447 -146.310545 1.490275 44.236764 -27.931970 33.069433 18.152274 -21.722576 28.530639 6.644356 -10.884674 3.826775 4.206655 -21.059126 36.115009 7.085306 -6.107878 35.336742 8.344431 -15.319157 20.791002 9.228278 -8.527080 30.449809 -1.026281 -7.210101 40.474625 -0.117231 -8.637283 19.365403 5.372431 -0.194158 23.701531 -3.696120 5.719162 43.456241 1.178012 7.020673 10.566582 5.689844 -5.016964 -1.815512 -16.105869 49.351500 -2.534405 -2.202652 -28.595968 14.507776 -6.620650 30.044851
0.163709 0.770521 0.127525 -5.464754 38.939447 -4.719213 -1.336513 2.060370 -26.917981 1.194078 10.988848 78.780977 -1.050819 -7.851621 -20.445052 4.783929 -3.706919 -37.105558 3.489822 4.039629 -42.184653 -0.172148 2.634577 66.333245 17.674563 -12.672574 -23.577034 -30.987667 11.459072 -11.243355 -4.875744 2.089412 -1.168821 15.234258 -0.212300 14.214486 9.884208 5.272348 16.775501 27.225305 -5.805126 -15.049806 -39.079986 -29.961973 -3.675955 -13.537985 24.080476 -17.961721 -37.394827 38.196134 14.866526 -38.474013 -20.561934 57.822881 -8.809233 -16.681319 27.894891 -33.069433 -18.152276 -21.722576 -28.530639 -6.644358 -10.884674 -3.826775 -4.206650 -21.059126 -36.115009 -7.085308 -6.107878 -35.336742 -8.344426 -15.319157 -20.791002 -9.228274 -8.527080 -30.449809 1.026286 -7.210101 -40.474625 0.117229 -8.637283 -19.365403 -5.372419 -0.194158 -23.701531 3.696132 5.719162 -43.456241 -1.178000 7.020673 -10.566582 -5.689846 -5.016964 1.815512 16.105874 49.351500 2.534405 2.202657 -28.595968 -14.507776 6.620655 30.044851 11.471969 -8.319421 -20.939530 42.226071 53.815502 10.900934 -58.417079 51.617523 -145.420080 0.656004 41.077942 -27.632336 33.069433 18.152274 -21.722576 28.530639 6.644356 -10.884674 3.826775 4.206655 -21.059126 36.115009 7.085306 -6.107878 35.336742 8.344431 -15.319157 20.791002 9.228278 -8.527080 30.449809 -1.026281 -7.210101 40.474625 -0.117231 -8.637283 19.365403 5.372431 -0.194158 23.701531 -3.696120 5.719162 43.456241 1.178012 7.020673 10.566582 5.689844 -5.016964 -1.815512 -16.105869 49.351500 -2.534405 -2.202652 -28.595968 14.507776 -6.620650 30.044851
0.168020 0.773501 0.124228 -4.708702 39.421452 -4.742611 -0.894971 2.148787 -25.931208 1.276808 12.851201 78.949293 -0.302463 -9.532700 -19.365039 5.613647 -3.136495 -38.760815 3.767531 4.105445 -42.080434 -0.521068 5.097823 67.805670 18.528228 -13.901521 -22.046674 -30.958994 10.582691 -11.979291 -4.597749 2.097895 -1.056716 14.454475 -0.354778 14.328342 9.087083 4.927280 16.642075 26.171409 -5.045274 -13.969205 -36.657554 -26.789742 -4.974434 -12.550194 26.253917 -17.699273 -39.413846 35.616198 14.250374 -40.029573 -20.477381 58.326530 -8.943358 -16.144569 26.386922 -33.069433 -18.152276 -21.722576 -28.530639 -6.644358 -10.884674 -3.826775 -4.206650 -21.059126 -36.115009 -7.085308 -6.107878 -35.336742 -8.344426 -15.319157 -20.791002 -9.228274 -8.527080 -30.449809 1.026286 -7.210101 -40.474625 0.117229 -8.637283 -19.365403 -5.372419 -0.194158 -23.701531 3.696132 5.719162 -43.456241 -1.178000 7.020673 -10.566582 -5.689846 -5.016964 1.815512 16.105874 49.351500 2.534405 2.202657 -28.595968 -14.507776 6.620655 30.044851 11.423597 -8.863273 -19.205952 44.840923 53.588757 11.931719 -58.694150 54.493500 -142.162940 0.792592 39.477028 -28.198783 33.069433 18.152274 -21.722576 28.530639 6.644356 -10.884674 3.826775 4.206655 -21.059126 36.115009 7.085306 -6.107878 35.336742 8.344431 -15.319157 20.791002 9.228278 -8.527080 30.449809 -1.026281 -7.210101 40.474625 -0.117231 -8.637283 19.365403 5.372431 -0.194158 23.701531 -3.696120 5.719162 43.456241 1.178012 7.020673 10.566582 5.689844 -5.016964 -1.815512 -16.105869 49.351500 -2.534405 -2.202652 -28.595968 14.507776 -6.620650 30.044851
0.171379 0.782886 0.118417 -3.993484 38.299081 -3.942665 0.411199 2.690715 -24.952668 1.302848 16.417892 77.306977 0.611425 -11.301796 -18.072189 6.113987 -2.560048 -39.578047 4.711193 4.796209 -43.426592 -0.946702 7.333488 69.181730 19.703656 -16.537052 -18.604745 -31.960844 9.805600 -13.188859 -4.183496 2.184775 -0.958357 13.794621 0.132255 14.322175 8.858964 5.174205 17.363618 24.582277 -3.464153 -13.914271 -34.078414 -24.022079 -7.270506 -13.068271 27.663121 -18.502619 -40.728994 32.911052 15.984575 -39.902890 -20.298581 57.899842 -8.454915 -15.383292 24.132737 -33.069433 -18.152276 -21.722576 -28.530639 -6.644358 -10.884674 -3.826775 -4.206650 -21.059126 -36.115009 -7.085308 -6.107878 -35.336742 -8.344426 -15.319157 -20.791002 -9.228274 -8.527080 -30.449809 1.026286 -7.210101 -40.474625 0.117229 -8.637283 -19.365403 -5.372419 -0.194158 -23.701531 3.696132 5.719162 -43.456241 -1.178000 7.020673 -10.566582 -5.689846 -5.016964 1.815512 16.105874 49.351500 2.534405 2.202657 -28.595968 -14.507776 6.620655 30.044851 10.454295 -8.520816 -19.086308 46.867909 52.182492 13.654220 -52.490420 56.480260 -133.822009 2.018486 39.749540 -28.936133 33.069433 18.152274 -21.722576 28.530639 6.644356 -10.884674 3.826775 4.206655 -21.059126 36.115009 7.085306 -6.107878 35.336742 8.344431 -15.319157 20.791002 9.228278 -8.527080 30.449809 -1.026281 -7.210101 40.474625 -0.117231 -8.637283 19.365403 5.372431 -0.194158 23.701531 -3.696120 5.719162 43.456241 1.178012 7.020673 10.566582 5.689844 -5.016964 -1.815512 -16.105869 49.351500 -2.534405 -2.202652 -28.595968 14.507776 -6.620650 30.044851
0.171804 0.793904 0.111301 -3.559566 36.335617 -3.064403 1.976702 3.239650 -23.853648 1.087011 20.812922 74.665197 1.603125 -12.410492 -17.566242 6.466262 -2.420692 -39.687148 4.163190 4.174641 -46.184362 -0.821518 3.949600 71.303389 19.709574 -17.469463 -13.431339 -33.985602 9.609983 -16.390308 -3.846586 2.178403 -0.797397 13.588546 1.134401 14.260696 9.127938 5.859915 18.948491 22.475733 -1.206612 -15.216984 -31.694011 -21.999796 -10.028335 -14.564607 28.564967 -19.985174 -41.851101 29.614220 19.486601 -37.782497 -20.010320 56.667357 -7.588023 -14.581359 21.563585 -33.069433 -18.152276 -21.722576 -28.530639 -6.644358 -10.884674 -3.826775 -4.206650 -21.059126 -36.115009 -7.085308 -6.107878 -35.336742 -8.344426 -15.319157 -20.791002 -9.228274 -8.527080 -30.449809 1.026286 -7.210101 -40.474625 0.117229 -8.637283 -19.365403 -5.372419 -0.194158 -23.701531 3.696132 5.719162 -43.456241 -1.178000 7.020673 -10.566582 -5.689846 -5.016964 1.815512 16.105874 49.351500 2.534405 2.202657 -28.595968 -14.507776 6.620655 30.044851 9.074286 -6.552545 -20.810501 47.777837 49.699140 15.546808 -40.092426 54.282925 -119.463602 4.481710 40.045081 -29.036229 33.069433 18.152274 -21.722576 28.530639 6.644356 -10.884674 3.826775 4.206655 -21.059126 36.115009 7.085306 -6.107878 35.336742 8.344431 -15.319157 20.791002 9.228278 -8.527080 30.449809 -1.026281 -7.210101 40.474625 -0.117231 -8.637283 19.365403 5.372431 -0.194158 23.701531 -3.696120 5.719162 43.456241 1.178012 7.020673 10.566582 5.689844 -5.016964 -1.815512 -16.105869 49.351500 -2.534405 -2.202652 -28.595968 14.507776 -6.620650 30.044851
0.170692 0.799509 0.103245 -3.236483 34.491914 -2.501039 3.010587 3.475278 -23.130552 0.636727 24.885037 72.654553 2.413806 -12.359744 -17.884764 6.581941 -2.955584 -39.732766 1.908150 1.570133 -48.671079 -0.256088 -5.603198 74.141950 18.665661 -14.456092 -8.227497 -36.465414 10.117096 -21.338689 -3.620022 2.018836 -0.479512 13.778333 2.249553 14.061982 9.562722 6.557325 20.935895 19.938171 1.096774 -17.587531 -29.658419 -20.751014 -12.824180 -16.577079 29.514879 -22.069321 -42.712124 26.209032 23.938446 -34.413654 -19.148207 55.056556 -6.952718 -13.607735 19.211676 -33.069433 -18.152276 -21.722576 -28.530639 -6.644358 -10.884674 -3.826775 -4.206650 -21.059126 -36.115009 -7.085308 -6.107878 -35.336742 -8.344426 -15.319157 -20.791002 -9.228274 -8.527080 -30.449809 1.026286 -7.210101 -40.474625 0.117229 -8.637283 -19.365403 -5.372419 -0.194158 -23.701531 3.696132 5.719162 -43.456241 -1.178000 7.020673 -10.566582 -5.689846 -5.016964 1.815512 16.105874 49.351500 2.534405 2.202657 -28.595968 -14.507776 6.620655 30.044851 7.783165 -3.184860 -23.626598 46.890865 47.093345 17.331333 -25.582506 46.263132 -102.772570 7.740224 38.782455 -28.100072 33.069433 18.152274 -21.722576 28.530639 6.644356 -10.884674 3.826775 4.206655 -21.059126 36.115009 7.085306 -6.107878 35.336742 8.344431 -15.319157 20.791002 9.228278 -8.527080 30.449809 -1.026281 -7.210101 40.474625 -0.117231 -8.637283 19.365403 5.372431 -0.194158 23.701531 -3.696120 5.719162 43.456241 1.178012 7.020673 10.566582 5.689844 -5.016964 -1.815512 -16.105869 49.351500 -2.534405 -2.202652 -28.595968 14.507776 -6.620650 30.044851
0.169918 0.792514 0.093822 -2.775657 33.028945 -2.137239 3.265734 3.636532 -23.793705 0.307225 27.638108 73.201594 2.749086 -11.113309 -18.307071 6.430584 -3.968816 -40.133702 -0.420921 -1.279347 -49.321102 0.213402 -16.551759 76.411817 17.464028 -9.263134 -5.972393 -38.701542 11.271522 -25.371265 -3.376472 1.851264 -0.039342 14.000132 3.269245 13.698717 9.840713 7.176449 22.666763 17.082772 2.696302 -20.303242 -27.613047 -19.887044 -15.650705 -18.738252 30.453898 -24.715319 -42.862336 23.431095 28.730653 -31.063198 -17.573514 53.641903 -6.972261 -12.488295 17.200520 -33.069433 -18.152276 -21.722576 -28.530639 -6.644358 -10.884674 -3.826775 -4.206650 -21.059126 -36.115009 -7.085308 -6.107878 -35.336742 -8.344426 -15.319157 -20.791002 -9.228274 -8.527080 -30.449809 1.026286 -7.210101 -40.474625 0.117229 -8.637283 -19.365403 -5.372419 -0.194158 -23.701531 3.696132 5.719162 -43.456241 -1.178000 7.020673 -10.566582 -5.689846 -5.016964 1.815512 16.105874 49.351500 2.534405 2.202657 -28.595968 -14.507776 6.620655 30.044851 6.675273 0.805282 -26.567175 44.825507 45.501852 19.071762 -11.839490 32.692383 -87.450750 10.336397 35.380185 -25.174312 33.069433 18.152274 -21.722576 28.530639 6.644356 -10.884674 3.826775 4.206655 -21.059126 36.115009 7.085306 -6.107878 35.336742 8.344431 -15.319157 20.791002 9.228278 -8.527080 30.449809 -1.026281 -7.210101 40.474625 -0.117231 -8.637283 19.365403 5.372431 -0.194158 23.701531 -3.696120 5.719162 43.456241 1.178012 7.020673 10.566582 5.689844 -5.016964 -1.815512 -16.105869 49.351500 -2.534405 -2.202652 -28.595968 14.507776 -6.620650 30.044851
0.170030 0.771882 0.084441 -2.264826 32.187781 -1.760423 2.649546 4.011543 -26.688733 0.570611 27.816065 77.749967 2.193632 -9.187271 -17.971996 6.208418 -5.095250 -41.400973 -1.944143 -2.773976 -48.631251 0.790516 -24.761845 76.972995 15.694782 -4.698177 -8.735069 -40.363111 13.408873 -25.397171 -3.140270 1.768653 0.423448 14.108915 4.014603 13.291480 9.880718 7.690099 23.795270 13.868034 3.341734 -22.734352 -24.675650 -19.076832 -18.705552 -19.999934 30.368448 -27.642596 -42.059324 22.245000 32.884457 -29.432586 -16.005042 53.247418 -7.744514 -11.629371 15.426540 -33.069433 -18.152276 -21.722576 -28.530639 -6.644358 -10.884674 -3.826775 -4.206650 -21.059126 -36.115009 -7.085308 -6.107878 -35.336742 -8.344426 -15.319157 -20.791002 -9.228274 -8.527080 -30.449809 1.026286 -7.210101 -40.474625 0.117229 -8.637283 -19.365403 -5.372419 -0.194158 -23.701531 3.696132 5.719162 -43.456241 -1.178000 7.020673 -10.566582 -5.689846 -5.016964 1.815512 16.105874 49.351500 2.534405 2.202657 -28.595968 -14.507776 6.620655 30.044851 5.841711 4.269540 -29.024523 43.023093 45.871121 21.341603 -1.626732 16.670082 -75.499874 10.373891 30.536789 -20.732225 33.069433 18.152274 -21.722576 28.530639 6.644356 -10.884674 3.826775 4.206655 -21.059126 36.115009 7.085306 -6.107878 35.336742 8.344431 -15.319157 20.791002 9.228278 -8.527080 30.449809 -1.026281 -7.210101 40.474625 -0.117231 -8.637283 19.365403 5.372431 -0.194158 23.701531 -3.696120 5.719162 43.456241 1.178012 7.020673 10.566582 5.689844 -5.016964 -1.815512 -16.105869 49.351500 -2.534405 -2.202652 -28.595968 14.507776 -6.620650 30.044851
0.169836 0.740186 0.074662 -2.508815 32.323170 -1.848254 1.407219 4.653096 -31.483709 1.487810 24.219333 86.219307 0.455831 -7.891892 -16.458262 6.016263 -5.982738 -44.713644 -2.705996 -2.702430 -47.890514 1.815946 -29.274098 76.212331 12.817414 -2.308779 -15.858492 -41.286728 15.836771 -22.056186 -3.180159 1.729215 0.706829 14.656174 4.300727 13.305873 10.094938 7.887764 24.488743 10.803474 3.340873 -24.943178 -21.181257 -18.080320 -21.673283 -19.481037 28.266417 -30.362917 -40.183428 23.027622 35.430613 -30.792133 -15.635784 53.796102 -9.052546 -11.258902 14.494007 -33.069433 -18.152276 -21.722576 -28.530639 -6.644358 -10.884674 -3.826775 -4.206650 -21.059126 -36.115009 -7.085308 -6.107878 -35.336742 -8.344426 -15.319157 -20.791002 -9.228274 -8.527080 -30.449809 1.026286 -7.210101 -40.474625 0.117229 -8.637283 -19.365403 -5.372419 -0.194158 -23.701531 3.696132 5.719162 -43.456241 -1.178000 7.020673 -10.566582 -5.689846 -5.016964 1.815512 16.105874 49.351500 2.534405 2.202657 -28.595968 -14.507776 6.620655 30.044851 5.375642 6.430380 -30.892924 41.917592 48.467961 24.427177 2.804848 4.499875 -66.779857 8.830845 26.308368 -15.295052 33.069433 18.152274 -21.722576 28.530639 6.644356 -10.884674 3.826775 4.206655 -21.059126 36.115009 7.085306 -6.107878 35.336742 8.344431 -15.319157 20.791002 9.228278 -8.527080 30.449809 -1.026281 -7.210101 40.474625 -0.117231 -8.637283 19.365403 5.372431 -0.194158 23.701531 -3.696120 5.719162 43.456241 1.178012 7.020673 10.566582 5.689844 -5.016964 -1.815512 -16.105869 49.351500 -2.534405 -2.202652 -28.595968 14.507776 -6.620650 30.044851
0.168823 0.704933 0.064965 -4.164286 32.866498 -2.959812 0.294415 5.581667 -36.843215 2.232772 17.447972 95.964368 -1.692451 -8.242929 -14.449709 5.353180 -6.624243 -48.587903 -2.905277 -1.734360 -47.987917 2.887855 -31.285499 76.195664 10.363182 -1.318784 -22.973147 -41.674514 16.921917 -20.050998 -3.621386 1.644774 0.682605 16.230588 4.255736 14.002356 11.032823 7.800816 25.122912 9.004588 3.278862 -27.542330 -19.139604 -16.675276 -23.809709 -18.385994 25.026066 -32.767711 -37.090696 25.172015 37.050224 -34.489014 -16.537154 54.307687 -10.908750 -11.610383 15.015150 -33.069433 -18.152276 -21.722576 -28.530639 -6.644358 -10.884674 -3.826775 -4.206650 -21.059126 -36.115009 -7.085308 -6.107878 -35.336742 -8.344426 -15.319157 -20.791002 -9.228274 -8.527080 -30.449809 1.026286 -7.210101 -40.474625 0.117229 -8.637283 -19.365403 -5.372419 -0.194158 -23.701531 3.696132 5.719162 -43.456241 -1.178000 7.020673 -10.566582 -5.689846 -5.016964 1.815512 16.105874 49.351500 2.534405 2.202657 -28.595968 -14.507776 6.620655 30.044851 4.605776 7.822311 -32.829215 40.404057 52.036803 27.462318 3.033866 -1.925995 -59.117138 8.758272 23.964568 -8.359141 33.069433 18.152274 -21.722576 28.530639 6.644356 -10.884674 3.826775 4.206655 -21.059126 36.115009 7.085306 -6.107878 35.336742 8.344431 -15.319157 20.791002 9.228278 -8.527080 30.449809 -1.026281 -7.210101 40.474625 -0.117231 -8.637283 19.365403 5.372431 -0.194158 23.701531 -3.696120 5.719162 43.456241 1.178012 7.020673 10.566582 5.689844 -5.016964 -1.815512 -16.105869 49.351500 -2.534405 -2.202652 -28.595968 14.507776 -6.620650 30.044851
0.166558 0.677278 0.053562 -5.857592 32.274699 -3.923463 -0.414239 6.548754 -41.647373 2.180862 11.276515 103.087103 -2.811941 -9.209427 -13.151671 3.824218 -7.299018 -49.365451 -2.943706 -0.939333 -49.252367 3.677186 -31.926081 77.225505 9.266716 0.916348 -26.743654 -42.062460 17.091240 -20.318651 -4.050037 1.460912 0.511277 17.983497 4.283296 14.819122 12.327041 7.866700 25.852731 8.299483 3.557834 -30.605889 -19.152079 -14.527435 -25.025839 -18.223709 22.802248 -34.893648 -33.259217 28.730314 38.544885 -38.978738 -17.544398 54.555607 -13.243614 -12.483554 15.901681 -33.069433 -18.152276 -21.722576 -28.530639 -6.644358 -10.884674 -3.826775 -4.206650 -21.059126 -36.115009 -7.085308 -6.107878 -35.336742 -8.344426 -15.319157 -20.791002 -9.228274 -8.527080 -30.449809 1.026286 -7.210101 -40.474625 0.117229 -8.637283 -19.365403 -5.372419 -0.194158 -23.701531 3.696132 5.719162 -43.456241 -1.178000 7.020673 -10.566582 -5.689846 -5.016964 1.815512 16.105874 49.351500 2.534405 2.202657 -28.595968 -14.507776 6.620655 30.044851 2.625308 9.291034 -35.542058 38.225517 54.834908 29.604819 1.585562 -5.659622 -49.253210 10.109668 22.673055 -0.570681 33.069433 18.152274 -21.722576 28.530639 6.644356 -10.884674 3.826775 4.206655 -21.059126 36.115009 7.085306 -6.107878 35.336742 8.344431 -15.319157 20.791002 9.228278 -8.527080 30.449809 -1.026281 -7.210101 40.474625 -0.117231 -8.637283 19.365403 5.372431 -0.194158 23.701531 -3.696120 5.719162 43.456241 1.178012 7.020673 10.566582 5.689844 -5.016964 -1.815512 -16.105869 49.351500 -2.534405 -2.202652 -28.595968 14.507776 -6.620650 30.044851
0.163294 0.666776 0.039680 -5.287618 29.355968 -2.676167 -0.863322 7.117053 -45.107372 1.908963 9.963957 105.232933 -2.599406 -8.364780 -12.801608 1.880392 -7.963950 -47.717794 -3.311064 -0.820952 -51.287910 4.269452 -31.464663 76.873834 8.488041 4.808271 -27.963215 -42.749179 17.493819 -20.616403 -3.854809 1.221889 0.431352 18.097732 4.991723 15.016135 12.817552 8.636687 26.481783 7.541698 4.037198 -33.708011 -20.025087 -11.605164 -25.822224 -19.242550 22.615960 -36.520743 -29.090570 33.840565 40.115235 -43.442100 -17.981131 55.211143 -15.262787 -12.956928 14.722058 -33.069433 -18.152276 -21.722576 -28.530639 -6.644358 -10.884674 -3.826775 -4.206650 -21.059126 -36.115009 -7.085308 -6.107878 -35.336742 -8.344426 -15.319157 -20.791002 -9.228274 -8.527080 -30.449809 1.026286 -7.210101 -40.474625 0.117229 -8.637283 -19.365403 -5.372419 -0.194158 -23.701531 3.696132 5.719162 -43.456241 -1.178000 7.020673 -10.566582 -5.689846 -5.016964 1.815512 16.105874 49.351500 2.534405 2.202657 -28.595968 -14.507776 6.620655 30.044851 -0.627061 11.149835 -39.062536 36.762020 55.781535 30.837433 -0.176354 -9.529095 -36.047510 10.972518 21.910851 7.552200 33.069433 18.152274 -21.722576 28.530639 6.644356 -10.884674 3.826775 4.206655 -21.059126 36.115009 7.085306 -6.107878 35.336742 8.344431 -15.319157 20.791002 9.228278 -8.527080 30.449809 -1.026281 -7.210101 40.474625 -0.117231 -8.637283 19.365403 5.372431 -0.194158 23.701531 -3.696120 5.719162 43.456241 1.178012 7.020673 10.566582 5.689844 -5.016964 -1.815512 -16.105869 49.351500 -2.534405 -2.202652 -28.595968 14.507776 -6.620650 30.044851
0.159167 0.678643 0.023228 -2.986595 24.154796 0.514793 -0.883990 7.513574 -46.991788 1.837751 13.415882 102.591018 -2.069876 -4.524868 -12.503857 0.054230 -8.443662 -46.207359 -3.497456 -0.429773 -53.208298 4.920612 -29.738073 73.010727 8.043834 8.609196 -28.049003 -43.636387 18.344040 -19.767412 -2.934582 1.079295 0.518079 16.004813 6.616079 14.232383 12.069993 10.178214 26.727104 6.499063 4.464590 -36.398257 -20.539052 -8.493795 -26.688430 -21.382099 24.220884 -37.507960 -24.791806 38.776387 42.634668 -47.029082 -18.880539 56.082761 -16.620750 -12.646187 10.636564 -33.069433 -18.152276 -21.722576 -28.530639 -6.644358 -10.884674 -3.826775 -4.206650 -21.059126 -36.115009 -7.085308 -6.107878 -35.336742 -8.344426 -15.319157 -20.791002 -9.228274 -8.527080 -30.449809 1.026286 -7.210101 -40.474625 0.117229 -8.637283 -19.365403 -5.372419 -0.194158 -23.701531 3.696132 5.719162 -43.456241 -1.178000 7.020673 -10.566582 -5.689846 -5.016964 1.815512 16.105874 49.351500 2.534405 2.202657 -28.595968 -14.507776 6.620655 30.044851 -3.941004 12.865279 -42.132526 37.192569 54.707624 31.644455 -1.356821 -13.622379 -23.714903 10.208423 22.718967 13.488140 33.069433 18.152274 -21.722576 28.530639 6.644356 -10.884674 3.826775 4.206655 -21.059126 36.115009 7.085306 -6.107878 35.336742 8.344431 -15.319157 20.791002 9.228278 -8.527080 30.449809 -1.026281 -7.210101 40.474625 -0.117231 -8.637283 19.365403 5.372431 -0.194158 23.701531 -3.696120 5.719162 43.456241 1.178012 7.020673 10.566582 5.689844 -5.016964 -1.815512 -16.105869 49.351500 -2.534405 -2.202652 -28.595968 14.507776 -6.620650 30.044851
0.154977 0.712525 0.005451 -1.121933 17.986228 3.787579 -0.115574 8.226139 -47.277269 1.730941 18.394629 96.939932 -1.439378 0.352761 -11.349720 -1.383052 -8.589446 -45.069855 -2.003440 1.776787 -54.396167 5.625545 -25.116964 66.013245 9.948800 10.072017 -26.078376 -44.184097 19.380385 -17.736198 -1.735775 1.176544 0.624402 12.664970 8.512590 12.654594 10.625315 11.866773 26.492310 5.780449 4.824848 -37.942683 -20.305020 -5.893221 -27.614548 -24.200896 26.869892 -37.978216 -21.977781 41.594688 45.442783 -49.093451 -21.447644 56.040949 -17.895208 -12.454335 4.867726 -33.069433 -18.152276 -21.722576 -28.530639 -6.644358 -10.884674 -3.826775 -4.206650 -21.059126 -36.115009 -7.085308 -6.107878 -35.336742 -8.344426 -15.319157 -20.791002 -9.228274 -8.527080 -30.449809 1.026286 -7.210101 -40.474625 0.117229 -8.637283 -19.365403 -5.372419 -0.194158 -23.701531 3.696132 5.719162 -43.456241 -1.178000 7.020673 -10.566582 -5.689846 -5.016964 1.815512 16.105874 49.351500 2.534405 2.202657 -28.595968 -14.507776 6.620655 30.044851 -5.488912 13.396258 -42.888799 40.365537 52.238689 32.919810 -1.731284 -16.644737 -15.603466 7.216288 25.983031 13.631092 33.069433 18.152274 -21.722576 28.530639 6.644356 -10.884674 3.826775 4.206655 -21.059126 36.115009 7.085306 -6.107878 35.336742 8.344431 -15.319157 20.791002 9.228278 -8.527080 30.449809 -1.026281 -7.210101 40.474625 -0.117231 -8.637283 19.365403 5.372431 -0.194158 23.701531 -3.696120 5.719162 43.456241 1.178012 7.020673 10.566582 5.689844 -5.016964 -1.815512 -16.105869 49.351500 -2.534405 -2.202652 -28.595968 14.507776 -6.620650 30.044851
0.152542 0.759514 -0.009611 -0.375696 12.342926 5.917475 1.550535 9.111754 -45.114718 1.389271 22.739954 89.761892 -0.243057 2.823097 -9.289533 -2.002236 -8.036548 -43.570425 1.913110 5.679638 -53.763781 5.377783 -16.314813 58.671358 15.503597 7.430934 -20.671235 -43.746884 19.992634 -14.723577 -0.805678 1.543673 0.504019 9.437933 9.614217 11.146362 9.126078 12.887080 25.999407 5.695551 5.150546 -37.553225 -19.567299 -3.934747 -28.038926 -26.569504 29.686199 -37.984185 -24.002647 41.967316 45.223527 -49.949931 -25.579383 53.760522 -19.717922 -13.441440 -2.111298 -33.069433 -18.152276 -21.722576 -28.530639 -6.644358 -10.884674 -3.826775 -4.206650 -21.059126 -36.115009 -7.085308 -6.107878 -35.336742 -8.344426 -15.319157 -20.791002 -9.228274 -8.527080 -30.449809 1.026286 -7.210101 -40.474625 0.117229 -8.637283 -19.365403 -5.372419 -0.194158 -23.701531 3.696132 5.719162 -43.456241 -1.178000 7.020673 -10.566582 -5.689846 -5.016964 1.815512 16.105874 49.351500 2.534405 2.202657 -28.595968 -14.507776 6.620655 30.044851 -4.834010 12.358642 -40.682435 46.401156 49.201005 34.585878 -2.060147 -18.542780 -8.055040 5.035141 30.004702 11.493186 33.069433 18.152274 -21.722576 28.530639 6.644356 -10.884674 3.826775 4.206655 -21.059126 36.115009 7.085306 -6.107878 35.336742 8.344431 -15.319157 20.791002 9.228278 -8.527080 30.449809 -1.026281 -7.210101 40.474625 -0.117231 -8.637283 19.365403 5.372431 -0.194158 23.701531 -3.696120 5.719162 43.456241 1.178012 7.020673 10.566582 5.689844 -5.016964 -1.815512 -16.105869 49.351500 -2.534405 -2.202652 -28.595968 14.507776 -6.620650 30.044851
0.152304 0.809617 -0.018428 -0.317766 8.069782 6.490328 3.686736 9.501232 -40.121543 0.796892 25.923157 82.112170 0.544782 2.279353 -6.969442 -1.318457 -6.689013 -43.061372 6.942529 8.818378 -50.200023 3.790912 -6.421755 53.500397 23.044760 1.257891 -14.091940 -42.347225 19.343999 -11.730973 -0.376497 1.985491 0.115677 7.067995 9.407113 10.507912 7.683698 12.682127 25.628863 5.756325 5.591469 -35.184522 -18.192430 -2.530528 -27.618401 -27.686627 32.346825 -37.558001 -32.466785 39.863262 40.613780 -50.232033 -31.600706 49.215673 -21.375626 -15.481678 -10.979107 -33.069433 -18.152276 -21.722576 -28.530639 -6.644358 -10.884674 -3.826775 -4.206650 -21.059126 -36.115009 -7.085308 -6.107878 -35.336742 -8.344426 -15.319157 -20.791002 -9.228274 -8.527080 -30.449809 1.026286 -7.210101 -40.474625 0.117229 -8.637283 -19.365403 -5.372419 -0.194158 -23.701531 3.696132 5.719162 -43.456241 -1.178000 7.020673 -10.566582 -5.689846 -5.016964 1.815512 16.105874 49.351500 2.534405 2.202657 -28.595968 -14.507776 6.620655 30.044851 -2.428030 10.007713 -36.395244 54.454176 45.673159 36.482245 -3.527173 -19.222800 3.857677 7.384942 32.119574 12.741977 33.069433 18.152274 -21.722576 28.530639 6.644356 -10.884674 3.826775 4.206655 -21.059126 36.115009 7.085306 -6.107878 35.336742 8.344431 -15.319157 20.791002 9.228278 -8.527080 30.449809 -1.026281 -7.210101 40.474625 -0.117231 -8.637283 19.365403 5.372431 -0.194158 23.701531 -3.696120 5.719162 43.456241 1.178012 7.020673 10.566582 5.689844 -5.016964 -1.815512 -16.105869 49.351500 -2.534405 -2.202652 -28.595968 14.507776 -6.620650 30.044851
0.154423 0.852590 -0.022740 -0.551905 5.519164 5.816569 5.739542 9.338455 -34.022832 0.219352 27.576434 75.659618 -0.369611 0.284623 -4.862394 0.573621 -4.962308 -45.696748 10.777933 9.582690 -45.067513 1.964149 0.812529 50.590775 28.810448 -5.076269 -10.723055 -41.054144 17.270793 -10.007107 -0.240046 2.274107 -0.370977 5.241975 8.155112 10.598853 6.006522 11.230726 25.498440 5.201421 6.447687 -31.779906 -15.705066 -2.026030 -26.733525 -27.630499 35.140376 -36.625954 -44.515556 34.770232 35.014673 -50.493597 -40.600705 44.096148 -20.730249 -18.253494 -21.651366 -33.069433 -18.152276 -21.722576 -28.530639 -6.644358 -10.884674 -3.826775 -4.206650 -21.059126 -36.115009 -7.085308 -6.107878 -35.336742 -8.344426 -15.319157 -20.791002 -9.228274 -8.527080 -30.449809 1.026286 -7.210101 -40.474625 0.117229 -8.637283 -19.365403 -5.372419 -0.194158 -23.701531 3.696132 5.719162 -43.456241 -1.178000 7.020673 -10.566582 -5.689846 -5.016964 1.815512 16.105874 49.351500 2.534405 2.202657 -28.595968 -14.507776 6.620655 30.044851 1.674534 6.206609 -31.085604 62.619765 40.602641 38.483761 -6.419793 -17.199445 20.195853 12.542136 32.363331 17.647027 33.069433 18.152274 -21.722576 28.530639 6.644356 -10.884674 3.826775 4.206655 -21.059126 36.115009 7.085306 -6.107878 35.336742 8.344431 -15.319157 20.791002 9.228278 -8.527080 30.449809 -1.026281 -7.210101 40.474625 -0.117231 -8.637283 19.365403 5.372431 -0.194158 23.701531 -3.696120 5.719162 43.456241 1.178012 7.020673 10.566582 5.689844 -5.016964 -1.815512 -16.105869 49.351500 -2.534405 -2.202652 -28.595968 14.507776 -6.620650 30.044851
0.158288 0.882009 -0.024323 -0.804831 4.768472 4.644051 7.339484 9.183171 -29.359651 0.099956 27.338046 71.917712 -3.136172 -1.644366 -2.851124 2.605721 -3.204483 -50.783076 12.070735 8.944380 -40.363951 0.532147 5.646902 48.690805 29.866390 -9.305353 -10.768896 -41.049186 14.658155 -9.774296 -0.169923 2.369750 -0.781186 3.395888 6.335584 10.858846 4.029694 8.898523 25.629948 3.588225 7.605398 -28.644361 -12.042277 -2.437521 -26.176920 -26.755161 37.586619 -35.294702 -55.827152 27.341269 31.925198 -51.680183 -52.203392 40.435422 -17.101507 -21.186064 -32.302763 -33.069433 -18.152276 -21.722576 -28.530639 -6.644358 -10.884674 -3.826775 -4.206650 -21.059126 -36.115009 -7.085308 -6.107878 -35.336742 -8.344426 -15.319157 -20.791002 -9.228274 -8.527080 -30.449809 1.026286 -7.210101 -40.474625 0.117229 -8.637283 -19.365403 -5.372419 -0.194158 -23.701531 3.696132 5.719162 -43.456241 -1.178000 7.020673 -10.566582 -5.689846 -5.016964 1.815512 16.105874 49.351500 2.534405 2.202657 -28.595968 -14.507776 6.620655 30.044851 6.994409 0.129701 -25.595797 69.268385 34.060237 39.952437 -9.305379 -13.237294 36.603824 15.773236 32.272572 22.495448 33.069433 18.152274 -21.722576 28.530639 6.644356 -10.884674 3.826775 4.206655 -21.059126 36.115009 7.085306 -6.107878 35.336742 8.344431 -15.319157 20.791002 9.228278 -8.527080 30.449809 -1.026281 -7.210101 40.474625 -0.117231 -8.637283 19.365403 5.372431 -0.194158 23.701531 -3.696120 5.719162 43.456241 1.178012 7.020673 10.566582 5.689844 -5.016964 -1.815512 -16.105869 49.351500 -2.534405 -2.202652 -28.595968 14.507776 -6.620650 30.044851
0.161349 0.894874 -0.025662 -1.035083 5.417545 3.536628 8.783960 9.416811 -27.199663 0.504826 25.770927 70.856115 -6.594692 -2.400590 -1.026375 4.096949 -1.628513 -54.955125 11.416970 8.404059 -36.973972 -0.656583 9.276602 47.376838 26.812648 -11.208837 -12.010161 -42.111220 12.505922 -10.178072 -0.094400 2.334609 -1.016311 1.419393 4.222132 11.012292 2.022040 6.057260 26.045237 0.808972 8.815509 -26.449147 -7.455766 -3.042772 -26.405177 -25.494462 38.456487 -34.074632 -64.615508 18.165538 31.611638 -52.964655 -65.087660 37.225719 -12.045003 -24.198627 -41.534626 -33.069433 -18.152276 -21.722576 -28.530639 -6.644358 -10.884674 -3.826775 -4.206650 -21.059126 -36.115009 -7.085308 -6.107878 -35.336742 -8.344426 -15.319157 -20.791002 -9.228274 -8.527080 -30.449809 1.026286 -7.210101 -40.474625 0.117229 -8.637283 -19.365403 -5.372419 -0.194158 -23.701531 3.696132 5.719162 -43.456241 -1.178000 7.020673 -10.566582 -5.689846 -5.016964 1.815512 16.105874 49.351500 2.534405 2.202657 -28.595968 -14.507776 6.620655 30.044851 12.062947 -7.544380 -20.991488 73.763901 26.917048 40.254235 -11.360471 -10.105672 48.996877 15.046511 32.477121 23.833631 33.069433 18.152274 -21.722576 28.530639 6.644356 -10.884674 3.826775 4.206655 -21.059126 36.115009 7.085306 -6.107878 35.336742 8.344431 -15.319157 20.791002 9.228278 -8.527080 30.449809 -1.026281 -7.210101 40.474625 -0.117231 -8.637283 19.365403 5.372431 -0.194158 23.701531 -3.696120 5.719162 43.456241 1.178012 7.020673 10.566582 5.689844 -5.016964 -1.815512 -16.105869 49.351500 -2.534405 -2.202652 -28.595968 14.507776 -6.620650 30.044851
0.160839 0.889527 -0.027118 -1.116467 6.823580 2.327204 10.412348 9.701535 -26.594457 1.176965 23.933421 71.434310 -9.256945 -1.585045 0.106570 5.298036 -0.132968 -57.332047 10.711633 8.478049 -35.066305 -1.644260 12.750974 47.802731 23.970238 -11.840888 -14.019175 -43.079028 10.859962 -10.391226 0.061918 2.245236 -1.097774 -0.665513 1.809709 11.333706 0.147410 2.818596 26.685678 -3.084925 10.052328 -25.434187 -2.249745 -3.051863 -27.268823 -23.709911 36.371476 -33.349027 -71.321876 6.593867 32.463224 -42.022009 -78.005490 21.206008 -7.514393 -27.713893 -49.227161 -33.069433 -18.152276 -21.722576 -28.530639 -6.644358 -10.884674 -3.826775 -4.206650 -21.059126 -36.115009 -7.085308 -6.107878 -35.336742 -8.344426 -15.319157 -20.791002 -9.228274 -8.527080 -30.449809 1.026286 -7.210101 -40.474625 0.117229 -8.637283 -19.365403 -5.372419 -0.194158 -23.701531 3.696132 5.719162 -43.456241 -1.178000 7.020673 -10.566582 -5.689846 -5.016964 1.815512 16.105874 49.351500 2.534405 2.202657 -28.595968 -14.507776 6.620655 30.044851 15.965563 -14.596862 -18.142170 75.673905 19.425887 39.108968 -12.572896 -8.089175 58.386779 12.207666 32.171427 22.674141 33.069433 18.152274 -21.722576 28.530639 6.644356 -10.884674 3.826775 4.206655 -21.059126 36.115009 7.085306 -6.107878 35.336742 8.344431 -15.319157 20.791002 9.228278 -8.527080 30.449809 -1.026281 -7.210101 40.474625 -0.117231 -8.637283 19.365403 5.372431 -0.194158 23.701531 -3.696120 5.719162 43.456241 1.178012 7.020673 10.566582 5.689844 -5.016964 -1.815512 -16.105869 49.351500 -2.534405 -2.202652 -28.595968 14.507776 -6.620650 30.044851
0.156783 0.868560 -0.031107 -0.768009 8.100477 0.548219 11.656386 9.208621 -25.898472 1.817892 22.334620 72.185482 -10.762463 0.632246 -0.502288 6.463644 1.457558 -58.995512 10.709348 8.771919 -34.121158 -2.260229 16.414649 50.673207 23.133825 -11.319479 -16.583188 -43.345788 9.351502 -10.286617 0.400195 2.107143 -1.211847 -3.092500 -0.792518 12.068899 -1.833036 -0.674376 27.443450 -7.951637 11.329714 -25.363510 3.659264 -2.015477 -28.285499 -20.605369 31.067072 -33.204651 -75.963047 -6.897621 32.930552 40.206696 -80.827022 -67.754153 -4.488110 -32.685332 -55.427176 -33.069433 -18.152276 -21.722576 -28.530639 -6.644358 -10.884674 -3.826775 -4.206650 -21.059126 -36.115009 -7.085308 -6.107878 -35.336742 -8.344426 -15.319157 -20.791002 -9.228274 -8.527080 -30.449809 1.026286 -7.210101 -40.474625 0.117229 -8.637283 -19.365403 -5.372419 -0.194158 -23.701531 3.696132 5.719162 -43.456241 -1.178000 7.020673 -10.566582 -5.689846 -5.016964 1.815512 16.105874 49.351500 2.534405 2.202657 -28.595968 -14.507776 6.620655 30.044851 18.785373 -19.725003 -17.155276 75.017855 11.419874 36.155141 -12.009701 -5.635505 67.081131 9.825198 30.560418 22.470261 33.069433 18.152274 -21.722576 28.530639 6.644356 -10.884674 3.826775 4.206655 -21.059126 36.115009 7.085306 -6.107878 35.336742 8.344431 -15.319157 20.791002 9.228278 -8.527080 30.449809 -1.026281 -7.210101 40.474625 -0.117231 -8.637283 19.365403 5.372431 -0.194158 23.701531 -3.696120 5.719162 43.456241 1.178012 7.020673 10.566582 5.689844 -5.016964 -1.815512 -16.105869 49.351500 -2.534405 -2.202652 -28.595968 14.507776 -6.620650 30.044851
0.150281 0.837264 -0.036939 -0.046084 8.236944 -1.754234 11.779172 7.493622 -24.387771 2.196408 21.338764 71.935106 -11.754561 3.773300 -4.659420 7.847981 3.015599 -57.882409 10.997732 8.825808 -33.811667 -2.401858 19.740164 55.437237 22.773177 -8.502688 -18.794174 -42.518491 8.016220 -9.774807 0.980755 1.914327 -1.539969 -6.144116 -3.235998 12.780419 -4.142501 -4.028245 27.886807 -13.272266 12.731728 -24.858137 10.760411 0.189506 -28.820687 -15.667762 23.269219 -33.847180 -76.700549 -20.166406 31.905179 62.577057 -67.478851 -99.410780 -0.578739 -39.525849 -62.591349 -33.069433 -18.152276 -21.722576 -28.530639 -6.644358 -10.884674 -3.826775 -4.206650 -21.059126 -36.115009 -7.085308 -6.107878 -35.336742 -8.344426 -15.319157 -20.791002 -9.228274 -8.527080 -30.449809 1.026286 -7.210101 -40.474625 0.117229 -8.637283 -19.365403 -5.372419 -0.194158 -23.701531 3.696132 5.719162 -43.456241 -1.178000 7.020673 -10.566582 -5.689846 -5.016964 1.815512 16.105874 49.351500 2.534405 2.202657 -28.595968 -14.507776 6.620655 30.044851 20.257478 -23.162235 -16.943822 72.474367 3.145380 31.766932 -7.573548 -1.773436 73.892128 7.791499 29.049900 23.232358 33.069433 18.152274 -21.722576 28.530639 6.644356 -10.884674 3.826775 4.206655 -21.059126 36.115009 7.085306 -6.107878 35.336742 8.344431 -15.319157 20.791002 9.228278 -8.527080 30.449809 -1.026281 -7.210101 40.474625 -0.117231 -8.637283 19.365403 5.372431 -0.194158 23.701531 -3.696120 5.719162 43.456241 1.178012 7.020673 10.566582 5.689844 -5.016964 -1.815512 -16.105869 49.351500 -2.534405 -2.202652 -28.595968 14.507776 -6.620650 30.044851
0.143419 0.805003 -0.042678 0.759970 6.794422 -3.851359 10.932583 5.290312 -22.863064 2.254082 21.383276 71.197725 -12.969384 7.294967 -12.233077 9.689993 4.208786 -52.258449 11.152376 8.570776 -34.405289 -2.195605 22.245149 60.694508 21.426126 -3.216498 -19.940570 -40.270364 6.969828 -8.859565 1.650822 1.691075 -1.961013 -9.647075 -5.299118 12.805969 -6.712583 -7.000211 27.723591 -18.971122 14.458754 -23.822114 19.709622 3.311736 -28.355711 -8.483923 14.397864 -36.125483 -70.779518 -30.853671 28.301518 58.625107 -54.506205 -105.967047 6.542560 -44.399653 -73.094119 -33.069433 -18.152276 -21.722576 -28.530639 -6.644358 -10.884674 -3.826775 -4.206650 -21.059126 -36.115009 -7.085308 -6.107878 -35.336742 -8.344426 -15.319157 -20.791002 -9.228274 -8.527080 -30.449809 1.026286 -7.210101 -40.474625 0.117229 -8.637283 -19.365403 -5.372419 -0.194158 -23.701531 3.696132 5.719162 -43.456241 -1.178000 7.020673 -10.566582 -5.689846 -5.016964 1.815512 16.105874 49.351500 2.534405 2.202657 -28.595968 -14.507776 6.620655 30.044851 20.433015 -24.674253 -17.489061 67.912634 -6.182069 27.444603 1.874060 3.890909 77.829047 5.366163 29.019941 23.422328 33.069433 18.152274 -21.722576 28.530639 6.644356 -10.884674 3.826775 4.206655 -21.059126 36.115009 7.085306 -6.107878 35.336742 8.344431 -15.319157 20.791002 9.228278 -8.527080 30.449809 -1.026281 -7.210101 40.474625 -0.117231 -8.637283 19.365403 5.372431 -0.194158 23.701531 -3.696120 5.719162 43.456241 1.178012 7.020673 10.566582 5.689844 -5.016964 -1.815512 -16.105869 49.351500 -2.534405 -2.202652 -28.595968 14.507776 -6.620650 30.044851
0.136319 0.781958 -0.049450 1.346835 4.088397 -4.889873 10.124762 3.998778 -22.357731 2.057728 22.469618 70.992399 -14.464013 10.721549 -19.170026 11.346123 4.953181 -47.064292 11.015768 8.333639 -35.899668 -1.985997 23.423834 64.423793 18.914132 2.748252 -19.733303 -36.986731 5.841078 -8.143373 2.043481 1.473534 -2.159465 -12.728545 -7.002915 11.914539 -9.306291 -9.571106 27.436025 -25.559408 16.015068 -24.858584 30.531886 6.469121 -26.836961 1.324399 7.591143 -40.408185 -57.736619 -36.896570 22.648519 51.791099 -46.051659 -105.165010 10.327485 -42.296934 -80.380719 -33.069433 -18.152276 -21.722576 -28.530639 -6.644358 -10.884674 -3.826775 -4.206650 -21.059126 -36.115009 -7.085308 -6.107878 -35.336742 -8.344426 -15.319157 -20.791002 -9.228274 -8.527080 -30.449809 1.026286 -7.210101 -40.474625 0.117229 -8.637283 -19.365403 -5.372419 -0.194158 -23.701531 3.696132 5.719162 -43.456241 -1.178000 7.020673 -10.566582 -5.689846 -5.016964 1.815512 16.105874 49.351500 2.534405 2.202657 -28.595968 -14.507776 6.620655 30.044851 20.284157 -23.126158 -20.731853 60.380281 -18.301716 25.593369 14.947810 10.892515 81.079618 4.049011 30.404132 24.325466 33.069433 18.152274 -21.722576 28.530639 6.644356 -10.884674 3.826775 4.206655 -21.059126 36.115009 7.085306 -6.107878 35.336742 8.344431 -15.319157 20.791002 9.228278 -8.527080 30.449809 -1.026281 -7.210101 40.474625 -0.117231 -8.637283 19.365403 5.372431 -0.194158 23.701531 -3.696120 5.719162 43.456241 1.178012 7.020673 10.566582 5.689844 -5.016964 -1.815512 -16.105869 49.351500 -2.534405 -2.202652 -28.595968 14.507776 -6.620650 30.044851
0.129983 0.774607 -0.055727 1.298154 0.840655 -4.571168 10.298660 4.194217 -22.931698 1.781641 24.257014 70.807689 -15.583523 13.561091 -22.561808 12.411321 5.507334 -44.983783 10.869276 8.526182 -37.787402 -1.994053 22.865626 65.423299 16.202885 7.027687 -18.096104 -33.722976 4.640385 -8.170473 2.018877 1.332852 -2.027654 -14.594561 -8.203369 10.414859 -11.033447 -11.574710 27.226596 -31.062389 16.794461 -27.991323 39.709059 8.167604 -25.234456 11.769234 4.022328 -44.960328 -42.270486 -38.833069 17.955593 46.272248 -40.914868 -98.719829 6.610879 -34.879702 -80.501480 -33.069433 -18.152276 -21.722576 -28.530639 -6.644358 -10.884674 -3.826775 -4.206650 -21.059126 -36.115009 -7.085308 -6.107878 -35.336742 -8.344426 -15.319157 -20.791002 -9.228274 -8.527080 -30.449809 1.026286 -7.210101 -40.474625 0.117229 -8.637283 -19.365403 -5.372419 -0.194158 -23.701531 3.696132 5.719162 -43.456241 -1.178000 7.020673 -10.566582 -5.689846 -5.016964 1.815512 16.105874 49.351500 2.534405 2.202657 -28.595968 -14.507776 6.620655 30.044851 19.319557 -20.134690 -25.815078 50.561459 -31.088297 27.679277 28.813975 16.777965 86.767239 5.237466 32.173614 27.379578 33.069433 18.152274 -21.722576 28.530639 6.644356 -10.884674 3.826775 4.206655 -21.059126 36.115009 7.085306 -6.107878 35.336742 8.344431 -15.319157 20.791002 9.228278 -8.527080 30.449809 -1.026281 -7.210101 40.474625 -0.117231 -8.637283 19.365403 5.372431 -0.194158 23.701531 -3.696120 5.719162 43.456241 1.178012 7.020673 10.566582 5.689844 -5.016964 -1.815512 -16.105869 49.351500 -2.534405 -2.202652 -28.595968 14.507776 -6.620650 30.044851
0.124006 0.783249 -0.060546 0.065409 -1.925660 -2.900532 11.605265 5.527455 -24.690314 1.704617 25.774725 70.233009 -16.210718 15.793093 -22.392378 12.659102 5.868201 -45.347867 11.203241 9.332847 -39.614679 -2.141302 20.696150 63.733604 14.495367 8.576171 -15.351689 -31.805118 4.050612 -8.729817 1.643659 1.348022 -1.708419 -14.873758 -9.078957 8.789496 -10.930879 -13.114460 26.482879 -32.686763 17.422791 -30.140211 43.270348 8.356684 -24.858813 19.669276 1.554922 -48.340723 -30.570775 -39.387904 16.174686 43.107293 -35.978531 -92.608267 -0.109051 -28.087846 -76.865759 -33.069433 -18.152276 -21.722576 -28.530639 -6.644358 -10.884674 -3.826775 -4.206650 -21.059126 -36.115009 -7.085308 -6.107878 -35.336742 -8.344426 -15.319157 -20.791002 -9.228274 -8.527080 -30.449809 1.026286 -7.210101 -40.474625 0.117229 -8.637283 -19.365403 -5.372419 -0.194158 -23.701531 3.696132 5.719162 -43.456241 -1.178000 7.020673 -10.566582 -5.689846 -5.016964 1.815512 16.105874 49.351500 2.534405 2.202657 -28.595968 -14.507776 6.620655 30.044851 16.858809 -19.075514 -29.370108 41.592465 -39.414401 32.274286 40.624151 19.343260 94.649483 7.751722 32.968986 30.400776 33.069433 18.152274 -21.722576 28.530639 6.644356 -10.884674 3.826775 4.206655 -21.059126 36.115009 7.085306 -6.107878 35.336742 8.344431 -15.319157 20.791002 9.228278 -8.527080 30.449809 -1.026281 -7.210101 40.474625 -0.117231 -8.637283 19.365403 5.372431 -0.194158 23.701531 -3.696120 5.719162 43.456241 1.178012 7.020673 10.566582 5.689844 -5.016964 -1.815512 -16.105869 49.351500 -2.534405 -2.202652 -28.595968 14.507776 -6.620650 30.044851
0.118182 0.802262 -0.063883 -2.395331 -3.543179 -0.196030 13.431949 7.451090 -27.663266 1.848683 25.939154 69.479760 -16.629711 17.844684 -20.057970 12.079736 5.998049 -47.131791 11.952791 10.482791 -41.238672 -2.229606 17.388230 60.131906 13.880298 8.472128 -12.183334 -31.505804 4.386179 -9.223264 0.932635 1.482946 -1.357426 -13.519376 -10.306569 7.237755 -9.458688 -14.565286 25.128115 -31.791435 18.128712 -30.905463 43.095295 8.322028 -25.270825 25.015884 -0.765341 -51.105912 -24.457869 -39.625476 16.577913 41.867771 -29.990546 -89.795641 -6.739273 -24.470584 -72.429516 -33.069433 -18.152276 -21.722576 -28.530639 -6.644358 -10.884674 -3.826775 -4.206650 -21.059126 -36.115009 -7.085308 -6.107878 -35.336742 -8.344426 -15.319157 -20.791002 -9.228274 -8.527080 -30.449809 1.026286 -7.210101 -40.474625 0.117229 -8.637283 -19.365403 -5.372419 -0.194158 -23.701531 3.696132 5.719162 -43.456241 -1.178000 7.020673 -10.566582 -5.689846 -5.016964 1.815512 16.105874 49.351500 2.534405 2.202657 -28.595968 -14.507776 6.620655 30.044851 13.883300 -19.426427 -30.903636 34.546923 -42.915217 37.385182 50.142386 19.831482 102.749613 9.806040 32.134845 30.674162 33.069433 18.152274 -21.722576 28.530639 6.644356 -10.884674 3.826775 4.206655 -21.059126 36.115009 7.085306 -6.107878 35.336742 8.344431 -15.319157 20.791002 9.228278 -8.527080 30.449809 -1.026281 -7.210101 40.474625 -0.117231 -8.637283 19.365403 5.372431 -0.194158 23.701531 -3.696120 5.719162 43.456241 1.178012 7.020673 10.566582 5.689844 -5.016964 -1.815512 -16.105869 49.351500 -2.534405 -2.202652 -28.595968 14.507776 -6.620650 30.044851
0.113670 0.820562 -0.067410 -5.002215 -4.076855 2.301373 14.986588 9.423642 -30.556026 2.024417 24.941141 68.684889 -17.029114 19.294685 -17.420066 11.504026 5.857757 -48.646492 12.212766 11.144234 -42.312543 -2.054434 13.211467 56.043226 13.580906 8.951848 -9.172618 -31.978336 5.263941 -9.605606 0.120143 1.612194 -1.023303 -11.537512 -11.648920 6.030728 -7.838338 -15.838611 23.905414 -30.621231 18.578671 -31.390190 42.272471 8.206057 -25.706682 28.485860 -2.478509 -53.047406 -22.411815 -40.314615 17.499639 41.104612 -23.191018 -89.355510 -12.260418 -23.143382 -68.641582 -33.069433 -18.152276 -21.722576 -28.530639 -6.644358 -10.884674 -3.826775 -4.206650 -21.059126 -36.115009 -7.085308 -6.107878 -35.336742 -8.344426 -15.319157 -20.791002 -9.228274 -8.527080 -30.449809 1.026286 -7.210101 -40.474625 0.117229 -8.637283 -19.365403 -5.372419 -0.194158 -23.701531 3.696132 5.719162 -43.456241 -1.178000 7.020673 -10.566582 -5.689846 -5.016964 1.815512 16.105874 49.351500 2.534405 2.202657 -28.595968 -14.507776 6.620655 30.044851 11.518155 -19.660357 -31.761094 28.399773 -43.785675 42.029942 58.737375 19.656255 110.686666 10.887273 30.159858 28.879611 33.069433 18.152274 -21.722576 28.530639 6.644356 -10.884674 3.826775 4.206655 -21.059126 36.115009 7.085306 -6.107878 35.336742 8.344431 -15.319157 20.791002 9.228278 -8.527080 30.449809 -1.026281 -7.210101 40.474625 -0.117231 -8.637283 19.365403 5.372431 -0.194158 23.701531 -3.696120 5.719162 43.456241 1.178012 7.020673 10.566582 5.689844 -5.016964 -1.815512 -16.105869 49.351500 -2.534405 -2.202652 -28.595968 14.507776 -6.620650 30.044851
0.110919 0.829841 -0.069885 -6.744431 -4.302627 3.400011 16.121326 10.992605 -32.046234 2.118066 23.869388 68.422023 -17.805929 19.553707 -16.060808 11.674228 5.481946 -48.947101 11.470434 10.847469 -42.752593 -1.582888 8.422869 53.417780 12.849146 11.056002 -6.946940 -32.523084 6.102182 -10.177101 -0.396154 1.637185 -0.771793 -10.376577 -12.195546 5.351743 -6.834333 -16.490656 23.384628 -29.770713 18.961194 -31.176535 41.998770 7.399398 -26.091487 29.632328 -3.707151 -53.563498 -23.253702 -42.316157 18.119547 39.312022 -17.177323 -90.358144 -15.562126 -22.303469 -64.743610 -33.069433 -18.152276 -21.722576 -28.530639 -6.644358 -10.884674 -3.826775 -4.206650 -21.059126 -36.115009 -7.085308 -6.107878 -35.336742 -8.344426 -15.319157 -20.791002 -9.228274 -8.527080 -30.449809 1.026286 -7.210101 -40.474625 0.117229 -8.637283 -19.365403 -5.372419 -0.194158 -23.701531 3.696132 5.719162 -43.456241 -1.178000 7.020673 -10.566582 -5.689846 -5.016964 1.815512 16.105874 49.351500 2.534405 2.202657 -28.595968 -14.507776 6.620655 30.044851 10.021179 -19.617229 -32.874715 23.115540 -43.810886 45.765728 66.076361 18.910951 117.140544 10.422718 28.130582 26.831030 33.069433 18.152274 -21.722576 28.530639 6.644356 -10.884674 3.826775 4.206655 -21.059126 36.115009 7.085306 -6.107878 35.336742 8.344431 -15.319157 20.791002 9.228278 -8.527080 30.449809 -1.026281 -7.210101 40.474625 -0.117231 -8.637283 19.365403 5.372431 -0.194158 23.701531 -3.696120 5.719162 43.456241 1.178012 7.020673 10.566582 5.689844 -5.016964 -1.815512 -16.105869 49.351500 -2.534405 -2.202652 -28.595968 14.507776 -6.620650 30.044851
0.109808 0.826503 -0.072607 -7.383384 -4.817596 2.835362 16.861462 11.604118 -31.990806 2.103729 23.450309 69.337050 -19.198804 19.290874 -16.807530 12.709718 5.028538 -48.011470 9.840319 9.618760 -42.994830 -1.076603 3.568455 53.723222 11.227682 14.532727 -6.077104 -32.961490 6.520395 -10.905553 -0.433839 1.501886 -0.753304 -10.612552 -11.634330 5.243476 -6.640766 -16.331436 23.638058 -29.274946 19.614898 -29.390150 42.681246 5.723612 -26.493024 28.467850 -5.078025 -53.156264 -25.793963 -45.014935 18.669059 35.883522 -13.240449 -91.191757 -15.500249 -20.735133 -61.504869 -33.069433 -18.152276 -21.722576 -28.530639 -6.644358 -10.884674 -3.826775 -4.206650 -21.059126 -36.115009 -7.085308 -6.107878 -35.336742 -8.344426 -15.319157 -20.791002 -9.228274 -8.527080 -30.449809 1.026286 -7.210101 -40.474625 0.117229 -8.637283 -19.365403 -5.372419 -0.194158 -23.701531 3.696132 5.719162 -43.456241 -1.178000 7.020673 -10.566582 -5.689846 -5.016964 1.815512 16.105874 49.351500 2.534405 2.202657 -28.595968 -14.507776 6.620655 30.044851 8.894497 -19.409755 -34.181409 20.337563 -43.790484 48.021594 70.621668 17.734601 120.210387 9.028602 26.655709 25.878495 33.069433 18.152274 -21.722576 28.530639 6.644356 -10.884674 3.826775 4.206655 -21.059126 36.115009 7.085306 -6.107878 35.336742 8.344431 -15.319157 20.791002 9.228278 -8.527080 30.449809 -1.026281 -7.210101 40.474625 -0.117231 -8.637283 19.365403 5.372431 -0.194158 23.701531 -3.696120 5.719162 43.456241 1.178012 7.020673 10.566582 5.689844 -5.016964 -1.815512 -16.105869 49.351500 -2.534405 -2.202652 -28.595968 14.507776 -6.620650 30.044851
0.110445 0.812231 -0.076175 -7.037149 -5.595473 1.031085 17.346639 11.026953 -30.732194 2.003745 24.301473 71.169972 -20.618529 18.867930 -19.385979 14.438514 4.562029 -46.114650 7.836271 7.777348 -43.367349 -0.796100 0.022071 56.756557 9.137541 18.345051 -6.587835 -33.100206 6.444908 -11.552112 -0.059690 1.261135 -1.002757 -11.914386 -10.406120 5.796772 -7.145205 -15.603537 24.572651 -29.018838 20.512810 -26.438774 43.773631 3.485291 -26.991514 26.057288 -6.507932 -52.356359 -27.816850 -47.455960 19.057330 31.793179 -10.783828 -90.631724 -13.000220 -20.093730 -62.096304 -33.069433 -18.152276 -21.722576 -28.530639 -6.644358 -10.884674 -3.826775 -4.206650 -21.059126 -36.115009 -7.085308 -6.107878 -35.336742 -8.344426 -15.319157 -20.791002 -9.228274 -8.527080 -30.449809 1.026286 -7.210101 -40.474625 0.117229 -8.637283 -19.365403 -5.372419 -0.194158 -23.701531 3.696132 5.719162 -43.456241 -1.178000 7.020673 -10.566582 -5.689846 -5.016964 1.815512 16.105874 49.351500 2.534405 2.202657 -28.595968 -14.507776 6.620655 30.044851 7.904616 -18.968014 -35.148225 20.574986 -43.790839 48.187524 72.826885 16.303164 120.142947 7.895564 25.818781 26.704059 33.069433 18.152274 -21.722576 28.530639 6.644356 -10.884674 3.826775 4.206655 -21.059126 36.115009 7.085306 -6.107878 35.336742 8.344431 -15.319157 20.791002 9.228278 -8.527080 30.449809 -1.026281 -7.210101 40.474625 -0.117231 -8.637283 19.365403 5.372431 -0.194158 23.701531 -3.696120 5.719162 43.456241 1.178012 7.020673 10.566582 5.689844 -5.016964 -1.815512 -16.105869 49.351500 -2.534405 -2.202652 -28.595968 14.507776 -6.620650 30.044851
0.112495 0.791833 -0.079905 -6.156001 -6.294563 -1.343006 17.794125 9.707586 -28.729909 1.856350 26.285977 73.076301 -21.301210 18.090243 -22.650799 16.298392 4.156753 -43.838329 6.149267 5.873528 -43.685553 -0.743558 -1.272236 60.850481 7.558490 21.396401 -7.882942 -32.808123 6.038983 -12.005470 0.440020 1.023322 -1.388251 -13.310012 -9.245505 7.026082 -8.005456 -14.763042 25.978321 -28.985338 21.199715 -23.801157 44.222851 1.615738 -27.380168 23.830449 -7.178233 -51.395239 -27.877141 -48.943751 18.871321 29.036663 -9.085221 -89.572355 -10.885954 -21.232262 -66.257593 -33.069433 -18.152276 -21.722576 -28.530639 -6.644358 -10.884674 -3.826775 -4.206650 -21.059126 -36.115009 -7.085308 -6.107878 -35.336742 -8.344426 -15.319157 -20.791002 -9.228274 -8.527080 -30.449809 1.026286 -7.210101 -40.474625 0.117229 -8.637283 -19.365403 -5.372419 -0.194158 -23.701531 3.696132 5.719162 -43.456241 -1.178000 7.020673 -10.566582 -5.689846 -5.016964 1.815512 16.105874 49.351500 2.534405 2.202657 -28.595968 -14.507776 6.620655 30.044851 7.168777 -18.020856 -35.463023 22.850627 -43.562293 46.387170 74.135132 14.963828 118.874431 7.402202 25.605733 28.430217 33.069433 18.152274 -21.722576 28.530639 6.644356 -10.884674 3.826775 4.206655 -21.059126 36.115009 7.085306 -6.107878 35.336742 8.344431 -15.319157 20.791002 9.228278 -8.527080 30.449809 -1.026281 -7.210101 40.474625 -0.117231 -8.637283 19.365403 5.372431 -0.194158 23.701531 -3.696120 5.719162 43.456241 1.178012 7.020673 10.566582 5.689844 -5.016964 -1.815512 -16.105869 49.351500 -2.534405 -2.202652 -28.595968 14.507776 -6.620650 30.044851
0.115924 0.773035 -0.082442 -5.224347 -6.696431 -3.557993 18.168746 8.264948 -26.644912 1.695499 28.590511 74.424083 -21.054946 17.130118 -25.528140 17.675288 3.874140 -41.630116 5.060433 4.336360 -43.845559 -0.766340 -0.792170 64.466907 7.018825 23.362617 -9.171464 -32.336589 5.583450 -12.282597 0.800496 0.833668 -1.798332 -14.005970 -8.498336 8.616941 -8.749689 -14.057374 27.545061 -29.079851 21.455967 -22.347163 43.383183 0.512909 -27.705522 22.626409 -6.900094 -50.918923 -26.109135 -49.274641 18.016770 28.471128 -8.251208 -89.055450 -10.370966 -23.217996 -71.136843 -33.069433 -18.152276 -21.722576 -28.530639 -6.644358 -10.884674 -3.826775 -4.206650 -21.059126 -36.115009 -7.085308 -6.107878 -35.336742 -8.344426 -15.319157 -20.791002 -9.228274 -8.527080 -30.449809 1.026286 -7.210101 -40.474625 0.117229 -8.637283 -19.365403 -5.372419 -0.194158 -23.701531 3.696132 5.719162 -43.456241 -1.178000 7.020673 -10.566582 -5.689846 -5.016964 1.815512 16.105874 49.351500 2.534405 2.202657 -28.595968 -14.507776 6.620655 30.044851 6.793009 -16.625005 -35.609736 25.498196 -43.336131 43.915479 75.217626 14.037947 117.647552 7.377897 25.894881 30.071342 33.069433 18.152274 -21.722576 28.530639 6.644356 -10.884674 3.826775 4.206655 -21.059126 36.115009 7.085306 -6.107878 35.336742 8.344431 -15.319157 20.791002 9.228278 -8.527080 30.449809 -1.026281 -7.210101 40.474625 -0.117231 -8.637283 19.365403 5.372431 -0.194158 23.701531 -3.696120 5.719162 43.456241 1.178012 7.020673 10.566582 5.689844 -5.016964 -1.815512 -16.105869 49.351500 -2.534405 -2.202652 -28.595968 14.507776 -6.620650 30.044851
0.119105 0.760640 -0.085229 -4.415439 -6.835221 -4.996286 18.203401 7.043813 -25.112479 1.607741 30.607427 74.935755 -20.231364 16.360389 -27.433076 18.257068 3.771578 -39.907823 4.421497 3.276171 -43.984498 -0.774895 0.504528 66.752708 7.453640 24.516968 -9.910710 -32.009872 5.309587 -12.354258 0.950008 0.688909 -2.146036 -13.918606 -8.073172 9.982904 -9.053756 -13.505494 28.857535 -29.115050 21.334398 -21.996361 41.335164 -0.061756 -28.176085 22.469041 -6.039053 -51.329821 -23.522237 -48.869139 16.653462 29.663273 -8.391274 -89.344658 -10.548912 -24.627767 -74.595317 -33.069433 -18.152276 -21.722576 -28.530639 -6.644358 -10.884674 -3.826775 -4.206650 -21.059126 -36.115009 -7.085308 -6.107878 -35.336742 -8.344426 -15.319157 -20.791002 -9.228274 -8.527080 -30.449809 1.026286 -7.210101 -40.474625 0.117229 -8.637283 -19.365403 -5.372419 -0.194158 -23.701531 3.696132 5.719162 -43.456241 -1.178000 7.020673 -10.566582 -5.689846 -5.016964 1.815512 16.105874 49.351500 2.534405 2.202657 -28.595968 -14.507776 6.620655 30.044851 6.728751 -15.305685 -36.113156 27.078746 -43.646692 42.262097 76.101761 13.587906 116.790637 7.579403 26.337206 31.478919 33.069433 18.152274 -21.722576 28.530639 6.644356 -10.884674 3.826775 4.206655 -21.059126 36.115009 7.085306 -6.107878 35.336742 8.344431 -15.319157 20.791002 9.228278 -8.527080 30.449809 -1.026281 -7.210101 40.474625 -0.117231 -8.637283 19.365403 5.372431 -0.194158 23.701531 -3.696120 5.719162 43.456241 1.178012 7.020673 10.566582 5.689844 -5.016964 -1.815512 -16.105869 49.351500 -2.534405 -2.202652 -28.595968 14.507776 -6.620650 30.044851
0.122145 0.757732 -0.086865 -3.776544 -6.811813 -5.336631 17.812808 6.222093 -24.431097 1.641851 32.133764 74.481095 -19.182159 15.891823 -27.992837 18.066784 3.884891 -39.034707 4.185202 2.692832 -44.161365 -0.754367 2.214835 67.309464 8.737511 24.949405 -9.821949 -31.918651 5.297989 -12.196307 0.933292 0.600786 -2.311685 -13.326960 -7.821713 10.598809 -8.850796 -13.074290 29.561607 -28.916845 20.874801 -22.309230 38.634704 -0.273519 -28.755350 22.913749 -4.984458 -52.329485 -20.644499 -48.324938 15.336939 31.611858 -8.906066 -90.621098 -11.232410 -25.107882 -75.930278 -33.069433 -18.152276 -21.722576 -28.530639 -6.644358 -10.884674 -3.826775 -4.206650 -21.059126 -36.115009 -7.085308 -6.107878 -35.336742 -8.344426 -15.319157 -20.791002 -9.228274 -8.527080 -30.449809 1.026286 -7.210101 -40.474625 0.117229 -8.637283 -19.365403 -5.372419 -0.194158 -23.701531 3.696132 5.719162 -43.456241 -1.178000 7.020673 -10.566582 -5.689846 -5.016964 1.815512 16.105874 49.351500 2.534405 2.202657 -28.595968 -14.507776 6.620655 30.044851 6.735434 -14.543560 -36.899258 27.265351 -44.658461 42.056135 76.623832 13.549062 116.437216 7.696745 26.697321 32.559190 33.069433 18.152274 -21.722576 28.530639 6.644356 -10.884674 3.826775 4.206655 -21.059126 36.115009 7.085306 -6.107878 35.336742 8.344431 -15.319157 20.791002 9.228278 -8.527080 30.449809 -1.026281 -7.210101 40.474625 -0.117231 -8.637283 19.365403 5.372431 -0.194158 23.701531 -3.696120 5.719162 43.456241 1.178012 7.020673 10.566582 5.689844 -5.016964 -1.815512 -16.105869 49.351500 -2.534405 -2.202652 -28.595968 14.507776 -6.620650 30.044851
0.124559 0.765598 -0.088227 -3.484923 -6.583426 -4.528381 17.248430 5.947390 -24.648313 1.754983 33.077004 73.000609 -18.019283 15.598256 -26.980677 17.285731 4.132246 -39.004534 4.581131 2.714477 -44.298115 -0.704117 4.401363 66.063022 10.961644 24.264228 -8.824178 -32.054993 5.555774 -11.826440 0.789432 0.593143 -2.246763 -12.357476 -7.720591 10.258747 -8.138403 -12.765061 29.556568 -28.294664 20.163241 -22.822798 35.602921 -0.229430 -29.426764 23.474600 -4.127815 -53.482311 -17.753270 -48.059079 14.696920 33.356307 -8.970065 -92.784401 -12.841999 -25.349376 -75.126939 -33.069433 -18.152276 -21.722576 -28.530639 -6.644358 -10.884674 -3.826775 -4.206650 -21.059126 -36.115009 -7.085308 -6.107878 -35.336742 -8.344426 -15.319157 -20.791002 -9.228274 -8.527080 -30.449809 1.026286 -7.210101 -40.474625 0.117229 -8.637283 -19.365403 -5.372419 -0.194158 -23.701531 3.696132 5.719162 -43.456241 -1.178000 7.020673 -10.566582 -5.689846 -5.016964 1.815512 16.105874 49.351500 2.534405 2.202657 -28.595968 -14.507776 6.620655 30.044851 6.637709 -14.605353 -37.713797 26.241055 -46.124170 43.334098 76.670718 13.839154 116.590713 7.419538 27.045345 33.248180 33.069433 18.152274 -21.722576 28.530639 6.644356 -10.884674 3.826775 4.206655 -21.059126 36.115009 7.085306 -6.107878 35.336742 8.344431 -15.319157 20.791002 9.228278 -8.527080 30.449809 -1.026281 -7.210101 40.474625 -0.117231 -8.637283 19.365403 5.372431 -0.194158 23.701531 -3.696120 5.719162 43.456241 1.178012 7.020673 10.566582 5.689844 -5.016964 -1.815512 -16.105869 49.351500 -2.534405 -2.202652 -28.595968 14.507776 -6.620650 30.044851
0.126203 0.784187 -0.088599 -3.774797 -6.043137 -2.689134 16.790632 6.287786 -25.645707 1.873398 33.305992 70.501167 -16.826585 15.364648 -24.451095 16.036641 4.420030 -39.774694 5.833636 3.505542 -44.237579 -0.651388 7.144094 63.122264 14.212937 21.881395 -7.020400 -32.320425 6.045225 -11.293606 0.503581 0.690248 -1.981439 -10.948829 -7.864393 9.073286 -6.958927 -12.648579 28.885454 -27.322957 19.407848 -23.332767 32.465310 0.085947 -30.120069 24.105321 -3.837970 -54.748247 -15.604504 -48.038683 14.705298 34.489483 -8.295850 -94.775383 -14.771458 -25.521580 -72.343040 -33.069433 -18.152276 -21.722576 -28.530639 -6.644358 -10.884674 -3.826775 -4.206650 -21.059126 -36.115009 -7.085308 -6.107878 -35.336742 -8.344426 -15.319157 -20.791002 -9.228274 -8.527080 -30.449809 1.026286 -7.210101 -40.474625 0.117229 -8.637283 -19.365403 -5.372419 -0.194158 -23.701531 3.696132 5.719162 -43.456241 -1.178000 7.020673 -10.566582 -5.689846 -5.016964 1.815512 16.105874 49.351500 2.534405 2.202657 -28.595968 -14.507776 6.620655 30.044851 6.534236 -15.406622 -38.443422 23.882780 -47.669915 46.132769 76.367521 14.759447 117.269596 6.605685 27.169464 33.455286 33.069433 18.152274 -21.722576 28.530639 6.644356 -10.884674 3.826775 4.206655 -21.059126 36.115009 7.085306 -6.107878 35.336742 8.344431 -15.319157 20.791002 9.228278 -8.527080 30.449809 -1.026281 -7.210101 40.474625 -0.117231 -8.637283 19.365403 5.372431 -0.194158 23.701531 -3.696120 5.719162 43.456241 1.178012 7.020673 10.566582 5.689844 -5.016964 -1.815512 -16.105869 49.351500 -2.534405 -2.202652 -28.595968 14.507776 -6.620650 30.044851
0.127182 0.810011 -0.090277 -4.694982 -5.127127 -0.190294 16.468374 7.116684 -27.098523 1.925724 32.693885 67.083556 -15.890092 15.253890 -20.893265 14.507239 4.619328 -41.447480 7.710599 4.893314 -43.790095 -0.666807 10.051486 58.774554 17.897103 17.916333 -4.727465 -32.276804 6.526863 -10.775226 0.045192 0.909900 -1.553020 -9.170478 -8.487622 7.444173 -5.619734 -12.917258 27.603259 -26.533704 18.899100 -23.955528 30.285504 0.913294 -30.427965 25.404236 -4.176214 -56.077066 -14.138363 -47.791759 14.877355 35.202408 -6.662813 -95.481939 -16.893102 -25.645111 -69.068470 -33.069433 -18.152276 -21.722576 -28.530639 -6.644358 -10.884674 -3.826775 -4.206650 -21.059126 -36.115009 -7.085308 -6.107878 -35.336742 -8.344426 -15.319157 -20.791002 -9.228274 -8.527080 -30.449809 1.026286 -7.210101 -40.474625 0.117229 -8.637283 -19.365403 -5.372419 -0.194158 -23.701531 3.696132 5.719162 -43.456241 -1.178000 7.020673 -10.566582 -5.689846 -5.016964 1.815512 16.105874 49.351500 2.534405 2.202657 -28.595968 -14.507776 6.620655 30.044851 6.603154 -16.060497 -38.817024 20.337996 -48.672653 49.589773 76.224736 16.807788 118.991240 5.489327 26.351616 31.791730 33.069433 18.152274 -21.722576 28.530639 6.644356 -10.884674 3.826775 4.206655 -21.059126 36.115009 7.085306 -6.107878 35.336742 8.344431 -15.319157 20.791002 9.228278 -8.527080 30.449809 -1.026281 -7.210101 40.474625 -0.117231 -8.637283 19.365403 5.372431 -0.194158 23.701531 -3.696120 5.719162 43.456241 1.178012 7.020673 10.566582 5.689844 -5.016964 -1.815512 -16.105869 49.351500 -2.534405 -2.202652 -28.595968 14.507776 -6.620650 30.044851
0.127811 0.837306 -0.091306 -5.966291 -3.872435 2.535604 16.174173 8.169694 -28.708897 1.842553 31.486009 63.046362 -15.329803 15.295105 -17.163634 13.187490 4.622845 -43.249901 9.316275 6.304533 -43.196975 -0.826222 11.933824 53.659174 20.495269 13.899212 -2.245029 -31.700760 6.723907 -10.521593 -0.534305 1.163300 -1.063854 -7.344254 -9.583429 5.746976 -4.475811 -13.627003 25.892501 -26.273757 18.898288 -24.542088 30.053712 1.764896 -30.197366 27.916206 -4.896840 -57.320518 -12.293871 -47.108196 14.676815 35.383457 -4.103234 -94.561159 -19.637344 -26.012317 -66.300562 -33.069433 -18.152276 -21.722576 -28.530639 -6.644358 -10.884674 -3.826775 -4.206650 -21.059126 -36.115009 -7.085308 -6.107878 -35.336742 -8.344426 -15.319157 -20.791002 -9.228274 -8.527080 -30.449809 1.026286 -7.210101 -40.474625 0.117229 -8.637283 -19.365403 -5.372419 -0.194158 -23.701531 3.696132 5.719162 -43.456241 -1.178000 7.020673 -10.566582 -5.689846 -5.016964 1.815512 16.105874 49.351500 2.534405 2.202657 -28.595968 -14.507776 6.620655 30.044851 6.716654 -15.757503 -38.641626 17.035421 -48.886654 51.633536 76.680278 19.191056 121.168992 5.241436 24.413966 28.651980 33.069433 18.152274 -21.722576 28.530639 6.644356 -10.884674 3.826775 4.206655 -21.059126 36.115009 7.085306 -6.107878 35.336742 8.344431 -15.319157 20.791002 9.228278 -8.527080 30.449809 -1.026281 -7.210101 40.474625 -0.117231 -8.637283 19.365403 5.372431 -0.194158 23.701531 -3.696120 5.719162 43.456241 1.178012 7.020673 10.566582 5.689844 -5.016964 -1.815512 -16.105869 49.351500 -2.534405 -2.202652 -28.595968 14.507776 -6.620650 30.044851
0.127658 0.859771 -0.092616 -7.321889 -2.369424 5.202872 15.995900 9.319024 -30.490811 1.564933 30.137332 59.124638 -14.873750 15.266547 -14.039316 12.564572 4.457766 -43.724480 9.798229 7.294693 -43.097677 -1.092159 11.342828 48.681784 20.853394 11.766486 0.380859 -31.205925 6.757430 -10.653113 -1.124204 1.297206 -0.656639 -5.704817 -10.700247 4.060282 -3.518946 -14.495586 24.217627 -26.068938 19.441747 -24.286302 31.125069 1.257877 -30.052463 31.146978 -5.796431 -58.889890 -10.288804 -46.413075 14.229199 33.907371 -1.701773 -92.491718 -21.879241 -26.141801 -62.194534 -33.069433 -18.152276 -21.722576 -28.530639 -6.644358 -10.884674 -3.826775 -4.206650 -21.059126 -36.115009 -7.085308 -6.107878 -35.336742 -8.344426 -15.319157 -20.791002 -9.228274 -8.527080 -30.449809 1.026286 -7.210101 -40.474625 0.117229 -8.637283 -19.365403 -5.372419 -0.194158 -23.701531 3.696132 5.719162 -43.456241 -1.178000 7.020673 -10.566582 -5.689846 -5.016964 1.815512 16.105874 49.351500 2.534405 2.202657 -28.595968 -14.507776 6.620655 30.044851 6.442818 -14.794660 -38.388653 15.813451 -49.191353 51.138631 77.352737 20.139047 121.137681 6.525132 22.392674 27.393752 33.069433 18.152274 -21.722576 28.530639 6.644356 -10.884674 3.826775 4.206655 -21.059126 36.115009 7.085306 -6.107878 35.336742 8.344431 -15.319157 20.791002 9.228278 -8.527080 30.449809 -1.026281 -7.210101 40.474625 -0.117231 -8.637283 19.365403 5.372431 -0.194158 23.701531 -3.696120 5.719162 43.456241 1.178012 7.020673 10.566582 5.689844 -5.016964 -1.815512 -16.105869 49.351500 -2.534405 -2.202652 -28.595968 14.507776 -6.620650 30.044851
0.126517 0.873792 -0.095462 -8.709216 -0.450585 7.286429 15.909428 10.515482 -32.430052 1.194887 28.244042 56.106549 -14.472877 15.188547 -11.767837 12.461610 4.105240 -43.097913 9.161273 7.675729 -43.375041 -1.285757 7.787518 44.546547 19.532842 12.188503 3.009300 -31.290923 6.791389 -11.282198 -1.692450 1.287698 -0.355650 -4.152524 -11.653373 2.689102 -2.657324 -15.363325 22.998784 -25.565000 20.219370 -23.128589 32.575168 -0.963259 -30.367861 33.960029 -6.613608 -60.847282 -9.675964 -46.118769 13.960086 30.956127 -0.032892 -90.177258 -23.180432 -25.189700 -57.628198 -33.069433 -18.152276 -21.722576 -28.530639 -6.644358 -10.884674 -3.826775 -4.206650 -21.059126 -36.115009 -7.085308 -6.107878 -35.336742 -8.344426 -15.319157 -20.791002 -9.228274 -8.527080 -30.449809 1.026286 -7.210101 -40.474625 0.117229 -8.637283 -19.365403 -5.372419 -0.194158 -23.701531 3.696132 5.719162 -43.456241 -1.178000 7.020673 -10.566582 -5.689846 -5.016964 1.815512 16.105874 49.351500 2.534405 2.202657 -28.595968 -14.507776 6.620655 30.044851 5.908096 -13.611841 -38.331585 17.669890 -49.502235 48.282170 77.047313 19.891637 118.672173 8.306365 21.101331 28.010975 33.069433 18.152274 -21.722576 28.530639 6.644356 -10.884674 3.826775 4.206655 -21.059126 36.115009 7.085306 -6.107878 35.336742 8.344431 -15.319157 20.791002 9.228278 -8.527080 30.449809 -1.026281 -7.210101 40.474625 -0.117231 -8.637283 19.365403 5.372431 -0.194158 23.701531 -3.696120 5.719162 43.456241 1.178012 7.020673 10.566582 5.689844 -5.016964 -1.815512 -16.105869 49.351500 -2.534405 -2.202652 -28.595968 14.507776 -6.620650 30.044851
0.124176 0.880570 -0.101173 -9.800670 2.070349 8.297682 15.495551 11.369065 -34.212020 0.977115 25.489167 54.214995 -14.122143 15.226893 -10.096695 12.274635 3.590974 -42.792508 7.922475 7.438830 -43.329260 -1.315653 2.826533 41.387293 18.057589 13.890647 5.178354 -31.980561 6.743093 -12.457244 -2.181421 1.208495 -0.076115 -2.825461 -12.536106 1.979899 -2.032524 -16.146538 22.373143 -24.987651 20.726812 -22.068059 34.004187 -3.855612 -30.991612 35.042288 -7.008290 -62.277612 -11.115566 -47.001558 13.682457 27.822140 1.372823 -87.441379 -23.597206 -23.962274 -56.513759 -33.069433 -18.152276 -21.722576 -28.530639 -6.644358 -10.884674 -3.826775 -4.206650 -21.059126 -36.115009 -7.085308 -6.107878 -35.336742 -8.344426 -15.319157 -20.791002 -9.228274 -8.527080 -30.449809 1.026286 -7.210101 -40.474625 0.117229 -8.637283 -19.365403 -5.372419 -0.194158 -23.701531 3.696132 5.719162 -43.456241 -1.178000 7.020673 -10.566582 -5.689846 -5.016964 1.815512 16.105874 49.351500 2.534405 2.202657 -28.595968 -14.507776 6.620655 30.044851 6.095754 -12.618635 -38.285709 22.075172 -48.495820 44.196809 74.879997 19.786218 115.514294 9.604555 20.432138 28.715966 33.069433 18.152274 -21.722576 28.530639 6.644356 -10.884674 3.826775 4.206655 -21.059126 36.115009 7.085306 -6.107878 35.336742 8.344431 -15.319157 20.791002 9.228278 -8.527080 30.449809 -1.026281 -7.210101 40.474625 -0.117231 -8.637283 19.365403 5.372431 -0.194158 23.701531 -3.696120 5.719162 43.456241 1.178012 7.020673 10.566582 5.689844 -5.016964 -1.815512 -16.105869 49.351500 -2.534405 -2.202652 -28.595968 14.507776 -6.620650 30.044851
0.121341 0.884523 -0.109334 -9.985134 4.985938 8.382040 14.326827 11.293933 -35.472661 0.958914 22.711692 52.844559 -13.505843 15.278206 -8.641695 11.743145 3.164415 -43.134978 6.607388 6.760285 -42.674045 -1.272801 -0.605063 38.812755 17.538063 14.339665 6.482160 -33.088422 6.613729 -13.557171 -2.442013 1.120092 0.174566 -2.263013 -13.235477 1.867715 -1.951795 -16.529403 22.313560 -24.850797 20.542205 -22.119759 35.304113 -5.941572 -31.541080 33.515259 -7.038897 -61.881793 -13.772745 -49.567781 13.510434 25.079911 2.564097 -83.649177 -22.191226 -23.859738 -59.999159 -33.069433 -18.152276 -21.722576 -28.530639 -6.644358 -10.884674 -3.826775 -4.206650 -21.059126 -36.115009 -7.085308 -6.107878 -35.336742 -8.344426 -15.319157 -20.791002 -9.228274 -8.527080 -30.449809 1.026286 -7.210101 -40.474625 0.117229 -8.637283 -19.365403 -5.372419 -0.194158 -23.701531 3.696132 5.719162 -43.456241 -1.178000 7.020673 -10.566582 -5.689846 -5.016964 1.815512 16.105874 49.351500 2.534405 2.202657 -28.595968 -14.507776 6.620655 30.044851 7.826278 -12.158875 -37.909825 27.425847 -45.624201 40.378738 70.700105 20.156355 111.474870 10.317048 20.328579 29.408475 33.069433 18.152274 -21.722576 28.530639 6.644356 -10.884674 3.826775 4.206655 -21.059126 36.115009 7.085306 -6.107878 35.336742 8.344431 -15.319157 20.791002 9.228278 -8.527080 30.449809 -1.026281 -7.210101 40.474625 -0.117231 -8.637283 19.365403 5.372431 -0.194158 23.701531 -3.696120 5.719162 43.456241 1.178012 7.020673 10.566582 5.689844 -5.016964 -1.815512 -16.105869 49.351500 -2.534405 -2.202652 -28.595968 14.507776 -6.620650 30.044851
0.118664 0.890152 -0.120151 -9.188267 7.820337 7.984243 12.686422 10.260394 -35.710715 1.001179 21.085424 50.937978 -12.222489 14.955656 -7.011638 11.176285 3.104556 -43.479441 5.637473 5.949104 -41.530107 -1.263944 -1.055542 36.456449 18.163738 11.927562 7.136997 -34.430975 6.624234 -13.763995 -2.411504 1.060758 0.268239 -2.548663 -13.437403 2.214970 -2.435914 -16.190803 22.703148 -25.169278 19.630670 -23.380222 36.016001 -6.513963 -31.555029 29.372367 -7.357334 -59.392607 -18.437707 -52.528526 14.724602 23.325823 2.842475 -78.805736 -20.166331 -24.091633 -63.744068 -33.069433 -18.152276 -21.722576 -28.530639 -6.644358 -10.884674 -3.826775 -4.206650 -21.059126 -36.115009 -7.085308 -6.107878 -35.336742 -8.344426 -15.319157 -20.791002 -9.228274 -8.527080 -30.449809 1.026286 -7.210101 -40.474625 0.117229 -8.637283 -19.365403 -5.372419 -0.194158 -23.701531 3.696132 5.719162 -43.456241 -1.178000 7.020673 -10.566582 -5.689846 -5.016964 1.815512 16.105874 49.351500 2.534405 2.202657 -28.595968 -14.507776 6.620655 30.044851 10.782700 -12.008911 -36.662846 33.628087 -41.306989 36.545065 64.032936 20.724128 105.842465 11.170890 20.862090 30.491636 33.069433 18.152274 -21.722576 28.530639 6.644356 -10.884674 3.826775 4.206655 -21.059126 36.115009 7.085306 -6.107878 35.336742 8.344431 -15.319157 20.791002 9.228278 -8.527080 30.449809 -1.026281 -7.210101 40.474625 -0.117231 -8.637283 19.365403 5.372431 -0.194158 23.701531 -3.696120 5.719162 43.456241 1.178012 7.020673 10.566582 5.689844 -5.016964 -1.815512 -16.105869 49.351500 -2.534405 -2.202652 -28.595968 14.507776 -6.620650 30.044851
0.117279 0.899105 -0.132765 -7.923684 10.165126 7.558011 11.113982 8.864516 -34.863039 0.879868 20.931615 47.867514 -10.135125 14.156533 -5.015160 10.733617 3.272708 -43.690542 4.907566 5.170264 -40.475062 -1.297241 0.014838 34.495780 19.354440 7.619208 7.923325 -36.036906 7.014641 -13.316760 -2.175812 1.067978 0.233462 -3.194686 -12.967432 2.637917 -3.076905 -15.065741 23.241877 -25.458743 18.433351 -25.134225 35.651958 -6.183805 -30.990722 23.004153 -7.910080 -55.509269 -27.002743 -54.949663 17.904899 22.244499 2.065780 -72.154116 -18.883733 -23.608922 -64.067763 -33.069433 -18.152276 -21.722576 -28.530639 -6.644358 -10.884674 -3.826775 -4.206650 -21.059126 -36.115009 -7.085308 -6.107878 -35.336742 -8.344426 -15.319157 -20.791002 -9.228274 -8.527080 -30.449809 1.026286 -7.210101 -40.474625 0.117229 -8.637283 -19.365403 -5.372419 -0.194158 -23.701531 3.696132 5.719162 -43.456241 -1.178000 7.020673 -10.566582 -5.689846 -5.016964 1.815512 16.105874 49.351500 2.534405 2.202657 -28.595968 -14.507776 6.620655 30.044851 14.295342 -12.072398 -34.340278 40.968981 -35.620235 32.362126 54.218865 20.817960 98.355012 12.524438 21.988123 31.598062 33.069433 18.152274 -21.722576 28.530639 6.644356 -10.884674 3.826775 4.206655 -21.059126 36.115009 7.085306 -6.107878 35.336742 8.344431 -15.319157 20.791002 9.228278 -8.527080 30.449809 -1.026281 -7.210101 40.474625 -0.117231 -8.637283 19.365403 5.372431 -0.194158 23.701531 -3.696120 5.719162 43.456241 1.178012 7.020673 10.566582 5.689844 -5.016964 -1.815512 -16.105869 49.351500 -2.534405 -2.202652 -28.595968 14.507776 -6.620650 30.044851
0.118085 0.910078 -0.147318 -6.524368 12.051263 7.490379 9.517776 7.512658 -33.731755 0.437588 21.472975 43.965803 -7.589090 13.402849 -2.724364 10.181882 3.230737 -44.122719 3.874304 4.151890 -40.096174 -1.215142 0.431486 33.125442 20.554098 3.350012 9.411352 -38.089733 8.007983 -13.030286 -1.898135 1.126758 0.255369 -3.679870 -11.915638 2.662628 -3.509627 -13.341071 23.637032 -25.266011 17.266114 -26.744038 34.068902 -5.979575 -30.198993 14.729391 -7.963957 -50.398798 -39.475151 -56.708054 22.892810 20.843989 1.119730 -62.384965 -17.933408 -21.580096 -59.486056 -33.069433 -18.152276 -21.722576 -28.530639 -6.644358 -10.884674 -3.826775 -4.206650 -21.059126 -36.115009 -7.085308 -6.107878 -35.336742 -8.344426 -15.319157 -20.791002 -9.228274 -8.527080 -30.449809 1.026286 -7.210101 -40.474625 0.117229 -8.637283 -19.365403 -5.372419 -0.194158 -23.701531 3.696132 5.719162 -43.456241 -1.178000 7.020673 -10.566582 -5.689846 -5.016964 1.815512 16.105874 49.351500 2.534405 2.202657 -28.595968 -14.507776 6.620655 30.044851 18.018317 -12.677627 -31.046390 48.828045 -27.793799 28.954374 41.410295 19.431467 88.665903 14.095640 23.590091 32.211877 33.069433 18.152274 -21.722576 28.530639 6.644356 -10.884674 3.826775 4.206655 -21.059126 36.115009 7.085306 -6.107878 35.336742 8.344431 -15.319157 20.791002 9.228278 -8.527080 30.449809 -1.026281 -7.210101 40.474625 -0.117231 -8.637283 19.365403 5.372431 -0.194158 23.701531 -3.696120 5.719162 43.456241 1.178012 7.020673 10.566582 5.689844 -5.016964 -1.815512 -16.105869 49.351500 -2.534405 -2.202652 -28.595968 14.507776 -6.620650 30.044851
0.121689 0.920285 -0.163154 -5.003686 13.708684 7.652092 7.622104 6.151769 -32.792330 -0.222702 21.946302 40.008712 -5.070271 13.100243 -0.418237 9.566994 2.882199 -44.542580 2.308196 2.619715 -40.196477 -0.934551 -0.362298 32.219643 21.522837 -0.016055 11.309869 -40.436449 9.452465 -13.165212 -1.669890 1.165841 0.354018 -3.899586 -10.513332 2.567634 -3.721893 -11.351855 23.956405 -24.299852 15.900130 -27.965269 31.326744 -6.153370 -29.291917 5.005009 -6.633354 -43.764191 -53.406961 -57.349855 28.428716 19.016315 0.527102 -49.944302 -17.182270 -18.048457 -49.299318 -33.069433 -18.152276 -21.722576 -28.530639 -6.644358 -10.884674 -3.826775 -4.206650 -21.059126 -36.115009 -7.085308 -6.107878 -35.336742 -8.344426 -15.319157 -20.791002 -9.228274 -8.527080 -30.449809 1.026286 -7.210101 -40.474625 0.117229 -8.637283 -19.365403 -5.372419 -0.194158 -23.701531 3.696132 5.719162 -43.456241 -1.178000 7.020673 -10.566582 -5.689846 -5.016964 1.815512 16.105874 49.351500 2.534405 2.202657 -28.595968 -14.507776 6.620655 30.044851 21.528977 -14.037771 -26.749585 56.602460 -16.609892 27.687906 27.541016 15.701598 76.670096 15.523949 25.396783 31.966410 33.069433 18.152274 -21.722576 28.530639 6.644356 -10.884674 3.826775 4.206655 -21.059126 36.115009 7.085306 -6.107878 35.336742 8.344431 -15.319157 20.791002 9.228278 -8.527080 30.449809 -1.026281 -7.210101 40.474625 -0.117231 -8.637283 19.365403 5.372431 -0.194158 23.701531 -3.696120 5.719162 43.456241 1.178012 7.020673 10.566582 5.689844 -5.016964 -1.815512 -16.105869 49.351500 -2.534405 -2.202652 -28.595968 14.507776 -6.620650 30.044851
0.127551 0.927160 -0.181133 -3.399138 15.337739 7.527634 5.482208 4.619014 -31.843665 -0.822609 22.207714 36.706733 -3.001135 13.054919 1.350300 9.352289 2.462456 -44.177047 0.314921 0.566382 -40.211611 -0.569568 -1.880724 31.788971 22.203354 -2.188766 13.021411 -42.502705 10.843147 -13.405160 -1.540915 1.107258 0.429599 -3.948940 -9.229393 3.021967 -3.884496 -9.637442 24.421595 -22.464271 14.010947 -28.547602 27.791894 -6.037871 -28.077372 -5.061519 -2.951766 -36.444940 -65.064647 -55.867193 31.949000 17.199413 -0.357319 -37.678801 -16.796693 -14.400195 -34.841395 -33.069433 -18.152276 -21.722576 -28.530639 -6.644358 -10.884674 -3.826775 -4.206650 -21.059126 -36.115009 -7.085308 -6.107878 -35.336742 -8.344426 -15.319157 -20.791002 -9.228274 -8.527080 -30.449809 1.026286 -7.210101 -40.474625 0.117229 -8.637283 -19.365403 -5.372419 -0.194158 -23.701531 3.696132 5.719162 -43.456241 -1.178000 7.020673 -10.566582 -5.689846 -5.016964 1.815512 16.105874 49.351500 2.534405 2.202657 -28.595968 -14.507776 6.620655 30.044851 23.803934 -15.345050 -21.967370 64.011519 -2.147518 29.211932 16.328284 10.217330 62.558673 16.251211 26.936388 30.076501 33.069433 18.152274 -21.722576 28.530639 6.644356 -10.884674 3.826775 4.206655 -21.059126 36.115009 7.085306 -6.107878 35.336742 8.344431 -15.319157 20.791002 9.228278 -8.527080 30.449809 -1.026281 -7.210101 40.474625 -0.117231 -8.637283 19.365403 5.372431 -0.194158 23.701531 -3.696120 5.719162 43.456241 1.178012 7.020673 10.566582 5.689844 -5.016964 -1.815512 -16.105869 49.351500 -2.534405 -2.202652 -28.595968 14.507776 -6.620650 30.044851
0.133876 0.929766 -0.200622 -1.858989 16.671955 7.134405 3.433331 3.074243 -30.908486 -1.203365 22.776353 34.340683 -1.574222 12.815445 2.193641 9.747643 2.008993 -42.818108 -1.884775 -1.867371 -40.498240 -0.254044 -3.647353 32.485246 22.778779 -2.523950 14.907814 -43.888172 11.930355 -13.696967 -1.509425 0.939686 0.488938 -3.931652 -8.269021 4.089863 -4.039222 -8.405829 24.900558 -19.891925 11.774258 -28.402291 24.010083 -5.285451 -26.663043 -13.824666 2.838520 -30.315987 -71.881511 -51.395731 31.548309 15.400505 -1.999194 -27.641704 -16.334853 -11.652840 -19.097571 -33.069433 -18.152276 -21.722576 -28.530639 -6.644358 -10.884674 -3.826775 -4.206650 -21.059126 -36.115009 -7.085308 -6.107878 -35.336742 -8.344426 -15.319157 -20.791002 -9.228274 -8.527080 -30.449809 1.026286 -7.210101 -40.474625 0.117229 -8.637283 -19.365403 -5.372419 -0.194158 -23.701531 3.696132 5.719162 -43.456241 -1.178000 7.020673 -10.566582 -5.689846 -5.016964 1.815512 16.105874 49.351500 2.534405 2.202657 -28.595968 -14.507776 6.620655 30.044851 23.939510 -14.613898 -18.072607 71.089150 13.011942 32.688457 10.334025 5.859984 44.779371 15.441659 28.364117 26.180868 33.069433 18.152274 -21.722576 28.530639 6.644356 -10.884674 3.826775 4.206655 -21.059126 36.115009 7.085306 -6.107878 35.336742 8.344431 -15.319157 20.791002 9.228278 -8.527080 30.449809 -1.026281 -7.210101 40.474625 -0.117231 -8.637283 19.365403 5.372431 -0.194158 23.701531 -3.696120 5.719162 43.456241 1.178012 7.020673 10.566582 5.689844 -5.016964 -1.815512 -16.105869 49.351500 -2.534405 -2.202652 -28.595968 14.507776 -6.620650 30.044851
0.139182 0.927406 -0.219339 -0.575437 17.090085 6.932800 1.983813 1.983066 -30.434926 -1.436491 24.400516 32.922804 -0.650282 11.908744 2.146388 10.520903 1.292028 -41.059046 -3.961139 -4.492910 -41.894837 -0.065725 -5.499714 34.843049 23.404155 -0.040091 17.812755 -44.665377 12.957082 -14.069510 -1.465039 0.736010 0.593162 -3.995572 -7.227874 5.327460 -3.928682 -7.176361 24.973521 -16.597706 9.861205 -27.598486 19.894687 -4.731727 -25.526057 -19.899699 8.827223 -26.093407 -74.406534 -44.539349 28.303120 13.480772 -3.583791 -19.006428 -15.113257 -10.601032 -6.281793 -33.069433 -18.152276 -21.722576 -28.530639 -6.644358 -10.884674 -3.826775 -4.206650 -21.059126 -36.115009 -7.085308 -6.107878 -35.336742 -8.344426 -15.319157 -20.791002 -9.228274 -8.527080 -30.449809 1.026286 -7.210101 -40.474625 0.117229 -8.637283 -19.365403 -5.372419 -0.194158 -23.701531 3.696132 5.719162 -43.456241 -1.178000 7.020673 -10.566582 -5.689846 -5.016964 1.815512 16.105874 49.351500 2.534405 2.202657 -28.595968 -14.507776 6.620655 30.044851 22.323978 -10.999224 -16.060299 77.505961 26.007429 36.372282 8.649273 6.880592 21.008681 12.403283 30.529285 21.141738 33.069433 18.152274 -21.722576 28.530639 6.644356 -10.884674 3.826775 4.206655 -21.059126 36.115009 7.085306 -6.107878 35.336742 8.344431 -15.319157 20.791002 9.228278 -8.527080 30.449809 -1.026281 -7.210101 40.474625 -0.117231 -8.637283 19.365403 5.372431 -0.194158 23.701531 -3.696120 5.719162 43.456241 1.178012 7.020673 10.566582 5.689844 -5.016964 -1.815512 -16.105869 49.351500 -2.534405 -2.202652 -28.595968 14.507776 -6.620650 30.044851
0.143736 0.921362 -0.234171 0.190559 16.880124 7.023661 1.448473 1.605657 -30.805300 -1.601317 26.747277 32.725842 0.067856 10.339659 1.515756 11.150986 0.368238 -39.777019 -5.563657 -6.854338 -44.274135 -0.049015 -7.380413 38.242920 24.105174 4.079756 21.220750 -45.310704 14.083626 -14.452707 -1.389211 0.593846 0.750178 -3.861596 -5.736257 6.475526 -3.152743 -5.481245 24.509465 -11.924924 8.598022 -26.361626 14.098469 -5.345228 -24.909335 -23.232703 13.164735 -23.435847 -74.307361 -36.626941 24.911850 11.341371 -4.522860 -9.931228 -13.311623 -11.292090 1.168008 -33.069433 -18.152276 -21.722576 -28.530639 -6.644358 -10.884674 -3.826775 -4.206650 -21.059126 -36.115009 -7.085308 -6.107878 -35.336742 -8.344426 -15.319157 -20.791002 -9.228274 -8.527080 -30.449809 1.026286 -7.210101 -40.474625 0.117229 -8.637283 -19.365403 -5.372419 -0.194158 -23.701531 3.696132 5.719162 -43.456241 -1.178000 7.020673 -10.566582 -5.689846 -5.016964 1.815512 16.105874 49.351500 2.534405 2.202657 -28.595968 -14.507776 6.620655 30.044851 19.821255 -6.074734 -16.053634 82.951840 35.898210 39.519875 5.958885 16.069896 -7.734291 7.621957 33.316017 16.424271 33.069433 18.152274 -21.722576 28.530639 6.644356 -10.884674 3.826775 4.206655 -21.059126 36.115009 7.085306 -6.107878 35.336742 8.344431 -15.319157 20.791002 9.228278 -8.527080 30.449809 -1.026281 -7.210101 40.474625 -0.117231 -8.637283 19.365403 5.372431 -0.194158 23.701531 -3.696120 5.719162 43.456241 1.178012 7.020673 10.566582 5.689844 -5.016964 -1.815512 -16.105869 49.351500 -2.534405 -2.202652 -28.595968 14.507776 -6.620650 30.044851
0.148186 0.914697 -0.243908 0.387696 17.518685 7.039013 1.379898 1.505704 -31.851631 -1.551435 28.182981 33.966170 0.856240 8.708609 0.720360 11.072606 -0.328441 -39.152155 -6.669533 -8.346967 -46.096211 -0.185819 -8.948985 40.732936 24.636185 5.871684 22.762247 -46.279231 15.130339 -14.644897 -1.470014 0.544833 0.827008 -2.850417 -4.139352 7.758165 -1.732896 -3.637804 23.987140 -5.464258 7.408763 -25.328336 5.721724 -6.911896 -24.417877 -25.000169 15.498434 -22.613101 -72.024275 -27.116802 22.677206 8.379535 -6.170896 -0.192385 -11.712775 -12.098045 5.712916 -33.069433 -18.152276 -21.722576 -28.530639 -6.644358 -10.884674 -3.826775 -4.206650 -21.059126 -36.115009 -7.085308 -6.107878 -35.336742 -8.344426 -15.319157 -20.791002 -9.228274 -8.527080 -30.449809 1.026286 -7.210101 -40.474625 0.117229 -8.637283 -19.365403 -5.372419 -0.194158 -23.701531 3.696132 5.719162 -43.456241 -1.178000 7.020673 -10.566582 -5.689846 -5.016964 1.815512 16.105874 49.351500 2.534405 2.202657 -28.595968 -14.507776 6.620655 30.044851 16.519867 -1.622420 -17.873885 87.944018 43.349387 42.893841 -3.673827 28.776937 -37.869758 3.585432 35.366642 13.483208 33.069433 18.152274 -21.722576 28.530639 6.644356 -10.884674 3.826775 4.206655 -21.059126 36.115009 7.085306 -6.107878 35.336742 8.344431 -15.319157 20.791002 9.228278 -8.527080 30.449809 -1.026281 -7.210101 40.474625 -0.117231 -8.637283 19.365403 5.372431 -0.194158 23.701531 -3.696120 5.719162 43.456241 1.178012 7.020673 10.566582 5.689844 -5.016964 -1.815512 -16.105869 49.351500 -2.534405 -2.202652 -28.595968 14.507776 -6.620650 30.044851
0.152496 0.908267 -0.248291 0.322103 19.765428 7.126579 1.003561 1.067459 -33.300115 -1.131889 27.915418 36.083475 1.852585 7.156798 0.040168 9.917288 -0.623198 -38.542541 -7.515694 -8.886027 -46.433144 -0.366160 -9.749628 40.834736 24.812219 3.512830 20.995289 -47.520426 15.876175 -14.717740 -1.822648 0.521508 0.697969 -0.842014 -2.876545 9.031159 -0.035299 -2.094052 23.602778 1.423837 5.934624 -25.114371 -3.540486 -8.968773 -23.511311 -25.777990 16.743011 -23.440131 -68.072085 -15.307092 21.707892 3.829431 -9.671040 9.885018 -10.763332 -12.080102 10.365030 -33.069433 -18.152276 -21.722576 -28.530639 -6.644358 -10.884674 -3.826775 -4.206650 -21.059126 -36.115009 -7.085308 -6.107878 -35.336742 -8.344426 -15.319157 -20.791002 -9.228274 -8.527080 -30.449809 1.026286 -7.210101 -40.474625 0.117229 -8.637283 -19.365403 -5.372419 -0.194158 -23.701531 3.696132 5.719162 -43.456241 -1.178000 7.020673 -10.566582 -5.689846 -5.016964 1.815512 16.105874 49.351500 2.534405 2.202657 -28.595968 -14.507776 6.620655 30.044851 12.335814 1.573282 -21.061219 91.939544 49.145951 46.232972 -18.426110 36.890214 -65.414021 3.004873 36.499227 13.971038 33.069433 18.152274 -21.722576 28.530639 6.644356 -10.884674 3.826775 4.206655 -21.059126 36.115009 7.085306 -6.107878 35.336742 8.344431 -15.319157 20.791002 9.228278 -8.527080 30.449809 -1.026281 -7.210101 40.474625 -0.117231 -8.637283 19.365403 5.372431 -0.194158 23.701531 -3.696120 5.719162 43.456241 1.178012 7.020673 10.566582 5.689844 -5.016964 -1.815512 -16.105869 49.351500 -2.534405 -2.202652 -28.595968 14.507776 -6.620650 30.044851
0.157631 0.902981 -0.248515 0.369383 23.042280 7.882610 -0.016775 0.118554 -35.191953 -0.463413 26.337302 38.329102 2.846758 5.736289 -0.452377 7.638357 -0.686070 -37.685823 -8.211586 -9.009133 -46.062780 -0.539392 -9.645536 39.376438 24.933735 -1.123810 17.092713 -48.697200 15.987639 -15.397689 -2.364243 0.451130 0.370775 1.642349 -1.890266 9.769743 1.771953 -0.746073 22.941675 7.502429 4.328601 -25.587133 -12.102527 -11.517602 -21.906576 -26.058733 18.180568 -24.813324 -63.301689 -3.055155 21.548899 -2.204374 -13.674835 21.650415 -10.207103 -12.013527 15.740153 -33.069433 -18.152276 -21.722576 -28.530639 -6.644358 -10.884674 -3.826775 -4.206650 -21.059126 -36.115009 -7.085308 -6.107878 -35.336742 -8.344426 -15.319157 -20.791002 -9.228274 -8.527080 -30.449809 1.026286 -7.210101 -40.474625 0.117229 -8.637283 -19.365403 -5.372419 -0.194158 -23.701531 3.696132 5.719162 -43.456241 -1.178000 7.020673 -10.566582 -5.689846 -5.016964 1.815512 16.105874 49.351500 2.534405 2.202657 -28.595968 -14.507776 6.620655 30.044851 7.656273 2.926916 -24.468393 93.309360 53.988293 48.073627 -31.515864 39.185119 -86.592047 5.417339 37.115078 17.206044 33.069433 18.152274 -21.722576 28.530639 6.644356 -10.884674 3.826775 4.206655 -21.059126 36.115009 7.085306 -6.107878 35.336742 8.344431 -15.319157 20.791002 9.228278 -8.527080 30.449809 -1.026281 -7.210101 40.474625 -0.117231 -8.637283 19.365403 5.372431 -0.194158 23.701531 -3.696120 5.719162 43.456241 1.178012 7.020673 10.566582 5.689844 -5.016964 -1.815512 -16.105869 49.351500 -2.534405 -2.202652 -28.595968 14.507776 -6.620650 30.044851
0.162508 0.899663 -0.246275 0.840579 26.531743 9.168587 -1.537868 -1.184680 -37.107801 0.239154 24.155663 40.370052 3.531544 4.496801 -0.881644 4.877462 -0.628703 -36.630466 -8.741785 -9.179669 -45.810371 -0.756464 -8.286909 38.373126 25.244151 -5.801649 12.505040 -49.376829 15.664775 -16.314275 -2.910462 0.349278 -0.043135 3.948269 -0.885033 9.907632 3.562556 0.734869 21.777647 12.663700 2.738430 -26.216727 -19.879196 -14.521425 -19.462893 -25.753990 19.960683 -25.696964 -58.090474 8.250004 20.945402 -8.989898 -16.807993 35.404367 -9.657788 -12.603916 21.177988 -33.069433 -18.152276 -21.722576 -28.530639 -6.644358 -10.884674 -3.826775 -4.206650 -21.059126 -36.115009 -7.085308 -6.107878 -35.336742 -8.344426 -15.319157 -20.791002 -9.228274 -8.527080 -30.449809 1.026286 -7.210101 -40.474625 0.117229 -8.637283 -19.365403 -5.372419 -0.194158 -23.701531 3.696132 5.719162 -43.456241 -1.178000 7.020673 -10.566582 -5.689846 -5.016964 1.815512 16.105874 49.351500 2.534405 2.202657 -28.595968 -14.507776 6.620655 30.044851 3.314733 2.818719 -27.216734 90.613028 57.826192 46.727644 -40.039984 38.422501 -100.373928 8.742328 37.191743 20.868696 33.069433 18.152274 -21.722576 28.530639 6.644356 -10.884674 3.826775 4.206655 -21.059126 36.115009 7.085306 -6.107878 35.336742 8.344431 -15.319157 20.791002 9.228278 -8.527080 30.449809 -1.026281 -7.210101 40.474625 -0.117231 -8.637283 19.365403 5.372431 -0.194158 23.701531 -3.696120 5.719162 43.456241 1.178012 7.020673 10.566582 5.689844 -5.016964 -1.815512 -16.105869 49.351500 -2.534405 -2.202652 -28.595968 14.507776 -6.620650 30.044851
0.166170 0.898261 -0.242561 1.762101 29.625560 10.002652 -3.178772 -2.463510 -37.865443 0.834907 22.173446 41.967353 3.879656 3.119726 -1.431299 2.621217 -0.340414 -35.160917 -8.940911 -9.146099 -45.457300 -1.131156 -4.920363 39.031432 25.790167 -9.894653 8.009223 -49.228497 15.036028 -16.959950 -3.316109 0.291583 -0.428750 5.739130 0.413748 9.934385 5.141177 2.549685 20.531019 17.056972 1.260992 -26.859238 -27.214938 -17.531964 -16.148080 -24.461628 21.760697 -25.512773 -52.707222 17.989006 19.620733 -15.435877 -19.091795 48.549223 -9.172586 -13.943698 26.490439 -33.069433 -18.152276 -21.722576 -28.530639 -6.644358 -10.884674 -3.826775 -4.206650 -21.059126 -36.115009 -7.085308 -6.107878 -35.336742 -8.344426 -15.319157 -20.791002 -9.228274 -8.527080 -30.449809 1.026286 -7.210101 -40.474625 0.117229 -8.637283 -19.365403 -5.372419 -0.194158 -23.701531 3.696132 5.719162 -43.456241 -1.178000 7.020673 -10.566582 -5.689846 -5.016964 1.815512 16.105874 49.351500 2.534405 2.202657 -28.595968 -14.507776 6.620655 30.044851 -0.066647 2.135461 -28.880423 83.923268 60.164941 41.724441 -45.108523 36.773518 -108.748168 12.090885 37.031545 24.096294 33.069433 18.152274 -21.722576 28.530639 6.644356 -10.884674 3.826775 4.206655 -21.059126 36.115009 7.085306 -6.107878 35.336742 8.344431 -15.319157 20.791002 9.228278 -8.527080 30.449809 -1.026281 -7.210101 40.474625 -0.117231 -8.637283 19.365403 5.372431 -0.194158 23.701531 -3.696120 5.719162 43.456241 1.178012 7.020673 10.566582 5.689844 -5.016964 -1.815512 -16.105869 49.351500 -2.534405 -2.202652 -28.595968 14.507776 -6.620650 30.044851
0.168841 0.897725 -0.237841 2.671037 32.038624 9.740048 -4.536507 -3.190959 -37.003588 1.262241 20.710802 43.079574 3.837105 1.514775 -2.188843 1.384387 0.221622 -33.264796 -8.641412 -8.393796 -44.531761 -1.623280 0.068701 41.095213 26.494980 -13.488097 4.076529 -48.252184 14.046997 -17.284553 -3.598664 0.316445 -0.732137 7.362401 2.038732 10.150006 6.476594 4.692534 19.613833 20.716185 -0.082916 -27.507704 -34.290216 -19.835706 -12.172703 -22.683670 24.356559 -24.234114 -47.620494 24.671213 18.463122 -20.463470 -20.840236 58.041109 -9.401306 -15.869203 31.808127 -33.069433 -18.152276 -21.722576 -28.530639 -6.644358 -10.884674 -3.826775 -4.206650 -21.059126 -36.115009 -7.085308 -6.107878 -35.336742 -8.344426 -15.319157 -20.791002 -9.228274 -8.527080 -30.449809 1.026286 -7.210101 -40.474625 0.117229 -8.637283 -19.365403 -5.372419 -0.194158 -23.701531 3.696132 5.719162 -43.456241 -1.178000 7.020673 -10.566582 -5.689846 -5.016964 1.815512 16.105874 49.351500 2.534405 2.202657 -28.595968 -14.507776 6.620655 30.044851 -2.732601 1.263294 -29.133732 75.767403 60.856335 34.824981 -48.259427 34.968553 -114.090075 15.390939 36.934570 27.245728 33.069433 18.152274 -21.722576 28.530639 6.644356 -10.884674 3.826775 4.206655 -21.059126 36.115009 7.085306 -6.107878 35.336742 8.344431 -15.319157 20.791002 9.228278 -8.527080 30.449809 -1.026281 -7.210101 40.474625 -0.117231 -8.637283 19.365403 5.372431 -0.194158 23.701531 -3.696120 5.719162 43.456241 1.178012 7.020673 10.566582 5.689844 -5.016964 -1.815512 -16.105869 49.351500 -2.534405 -2.202652 -28.595968 14.507776 -6.620650 30.044851
0.171599 0.896358 -0.232002 3.319532 34.274047 8.838972 -5.513779 -3.328711 -35.579812 1.480025 19.401545 44.287392 3.363988 -0.113010 -3.199435 1.157958 0.730963 -31.294959 -8.454207 -7.422084 -42.926253 -1.932177 4.126222 43.548055 27.082788 -15.828450 0.528135 -46.789891 13.105559 -17.348307 -3.885292 0.329375 -0.943409 9.225612 3.664781 10.197070 7.470575 6.806675 18.727828 23.507563 -1.381403 -27.399976 -40.599116 -21.246283 -8.080295 -20.501484 28.029986 -22.251124 -43.355141 28.315581 17.284323 -24.040633 -22.207244 63.145199 -10.882810 -17.750218 36.196219 -33.069433 -18.152276 -21.722576 -28.530639 -6.644358 -10.884674 -3.826775 -4.206650 -21.059126 -36.115009 -7.085308 -6.107878 -35.336742 -8.344426 -15.319157 -20.791002 -9.228274 -8.527080 -30.449809 1.026286 -7.210101 -40.474625 0.117229 -8.637283 -19.365403 -5.372419 -0.194158 -23.701531 3.696132 5.719162 -43.456241 -1.178000 7.020673 -10.566582 -5.689846 -5.016964 1.815512 16.105874 49.351500 2.534405 2.202657 -28.595968 -14.507776 6.620655 30.044851 -4.774354 0.456280 -28.284935 68.906633 59.718236 28.047529 -50.205602 33.356028 -116.924301 17.964622 36.674683 29.841373 33.069433 18.152274 -21.722576 28.530639 6.644356 -10.884674 3.826775 4.206655 -21.059126 36.115009 7.085306 -6.107878 35.336742 8.344431 -15.319157 20.791002 9.228278 -8.527080 30.449809 -1.026281 -7.210101 40.474625 -0.117231 -8.637283 19.365403 5.372431 -0.194158 23.701531 -3.696120 5.719162 43.456241 1.178012 7.020673 10.566582 5.689844 -5.016964 -1.815512 -16.105869 49.351500 -2.534405 -2.202652 -28.595968 14.507776 -6.620650 30.044851
0.172878 0.892688 -0.225332 3.897084 37.369807 7.863903 -6.432057 -3.388830 -34.697766 1.602408 17.478888 46.634837 2.602514 -1.633895 -4.483598 1.672452 0.910214 -29.594513 -9.331691 -7.097056 -40.434589 -1.918457 4.990931 45.627047 27.493760 -16.272355 -3.331820 -45.360401 12.563924 -17.434371 -4.318374 0.208672 -1.091681 11.379857 4.804562 9.927351 7.963041 8.354272 17.622083 25.193945 -2.738323 -26.106015 -45.120468 -22.046673 -4.626937 -17.677567 31.455516 -20.174365 -40.073742 30.191360 15.894729 -26.473575 -23.329104 64.583099 -13.311392 -19.069605 39.523046 -33.069433 -18.152276 -21.722576 -28.530639 -6.644358 -10.884674 -3.826775 -4.206650 -21.059126 -36.115009 -7.085308 -6.107878 -35.336742 -8.344426 -15.319157 -20.791002 -9.228274 -8.527080 -30.449809 1.026286 -7.210101 -40.474625 0.117229 -8.637283 -19.365403 -5.372419 -0.194158 -23.701531 3.696132 5.719162 -43.456241 -1.178000 7.020673 -10.566582 -5.689846 -5.016964 1.815512 16.105874 49.351500 2.534405 2.202657 -28.595968 -14.507776 6.620655 30.044851 -6.091119 -0.465092 -26.563858 64.657740 57.580297 22.579912 -51.103517 32.270261 -118.120442 19.791081 36.331754 32.095096 33.069433 18.152274 -21.722576 28.530639 6.644356 -10.884674 3.826775 4.206655 -21.059126 36.115009 7.085306 -6.107878 35.336742 8.344431 -15.319157 20.791002 9.228278 -8.527080 30.449809 -1.026281 -7.210101 40.474625 -0.117231 -8.637283 19.365403 5.372431 -0.194158 23.701531 -3.696120 5.719162 43.456241 1.178012 7.020673 10.566582 5.689844 -5.016964 -1.815512 -16.105869 49.351500 -2.534405 -2.202652 -28.595968 14.507776 -6.620650 30.044851
0.172716 0.883482 -0.217344 4.387636 41.720226 6.711145 -7.432360 -3.669114 -34.538854 1.700695 14.555654 50.702488 1.658562 -2.924725 -6.033837 2.604308 0.714181 -28.440385 -11.519308 -7.564295 -37.012649 -1.593277 2.179113 47.399626 27.709462 -14.867817 -7.643328 -44.294211 12.529636 -17.651735 -4.959417 -0.054134 -1.178591 13.775568 5.164138 9.624403 8.061207 9.050100 16.516887 25.764642 -3.973310 -24.252778 -47.388490 -22.475042 -2.297447 -14.809205 33.748138 -18.649854 -37.481443 31.244492 14.737441 -28.015055 -24.323106 64.109358 -15.754382 -19.797949 42.341313 -33.069433 -18.152276 -21.722576 -28.530639 -6.644358 -10.884674 -3.826775 -4.206650 -21.059126 -36.115009 -7.085308 -6.107878 -35.336742 -8.344426 -15.319157 -20.791002 -9.228274 -8.527080 -30.449809 1.026286 -7.210101 -40.474625 0.117229 -8.637283 -19.365403 -5.372419 -0.194158 -23.701531 3.696132 5.719162 -43.456241 -1.178000 7.020673 -10.566582 -5.689846 -5.016964 1.815512 16.105874 49.351500 2.534405 2.202657 -28.595968 -14.507776 6.620655 30.044851 -7.046349 -1.757972 -24.069725 62.681509 55.790906 18.476516 -51.091181 31.816479 -119.066319 21.411489 36.217527 34.377845 33.069433 18.152274 -21.722576 28.530639 6.644356 -10.884674 3.826775 4.206655 -21.059126 36.115009 7.085306 -6.107878 35.336742 8.344431 -15.319157 20.791002 9.228278 -8.527080 30.449809 -1.026281 -7.210101 40.474625 -0.117231 -8.637283 19.365403 5.372431 -0.194158 23.701531 -3.696120 5.719162 43.456241 1.178012 7.020673 10.566582 5.689844 -5.016964 -1.815512 -16.105869 49.351500 -2.534405 -2.202652 -28.595968 14.507776 -6.620650 30.044851
0.171624 0.867624 -0.209044 4.444618 46.522968 5.037003 -8.135398 -3.916735 -34.775303 1.655269 11.319354 56.029552 0.642494 -4.043456 -7.913629 3.757985 0.169432 -27.795893 -14.474547 -8.433725 -33.396253 -0.991600 -3.336504 49.612243 27.310660 -12.134402 -11.627385 -43.553983 13.017338 -17.935723 -5.722414 -0.367564 -1.178103 16.192141 4.924282 9.441311 8.083623 9.074414 15.685070 25.711621 -4.858277 -22.624171 -48.195834 -22.850292 -0.778129 -12.574820 35.132781 -17.861764 -35.482995 31.978868 13.904376 -29.102922 -24.965767 63.695738 -16.578346 -20.422727 45.014075 -33.069433 -18.152276 -21.722576 -28.530639 -6.644358 -10.884674 -3.826775 -4.206650 -21.059126 -36.115009 -7.085308 -6.107878 -35.336742 -8.344426 -15.319157 -20.791002 -9.228274 -8.527080 -30.449809 1.026286 -7.210101 -40.474625 0.117229 -8.637283 -19.365403 -5.372419 -0.194158 -23.701531 3.696132 5.719162 -43.456241 -1.178000 7.020673 -10.566582 -5.689846 -5.016964 1.815512 16.105874 49.351500 2.534405 2.202657 -28.595968 -14.507776 6.620655 30.044851 -8.005459 -3.272205 -21.295938 62.331731 54.908501 15.856542 -50.789662 31.903768 -120.165813 22.504252 36.361426 36.121848 33.069433 18.152274 -21.722576 28.530639 6.644356 -10.884674 3.826775 4.206655 -21.059126 36.115009 7.085306 -6.107878 35.336742 8.344431 -15.319157 20.791002 9.228278 -8.527080 30.449809 -1.026281 -7.210101 40.474625 -0.117231 -8.637283 19.365403 5.372431 -0.194158 23.701531 -3.696120 5.719162 43.456241 1.178012 7.020673 10.566582 5.689844 -5.016964 -1.815512 -16.105869 49.351500 -2.534405 -2.202652 -28.595968 14.507776 -6.620650 30.044851
0.169744 0.847511 -0.200655 3.755684 50.401355 2.664118 -8.059919 -3.635209 -35.022530 1.473074 8.802511 61.538106 -0.235492 -5.215851 -10.072129 4.830763 -0.545839 -27.451448 -17.099165 -9.146058 -30.585610 -0.399781 -9.244857 52.774765 26.287503 -9.147273 -14.736234 -43.049882 13.713766 -18.294494 -6.362840 -0.564752 -1.103898 18.096276 4.557508 9.414796 8.288668 8.855971 15.414356 25.578982 -5.253410 -21.680125 -48.535653 -23.680024 0.266453 -11.292989 35.682720 -17.882188 -34.052679 32.683553 13.509022 -30.067797 -25.079674 63.973348 -15.492344 -21.594385 46.545792 -33.069433 -18.152276 -21.722576 -28.530639 -6.644358 -10.884674 -3.826775 -4.206650 -21.059126 -36.115009 -7.085308 -6.107878 -35.336742 -8.344426 -15.319157 -20.791002 -9.228274 -8.527080 -30.449809 1.026286 -7.210101 -40.474625 0.117229 -8.637283 -19.365403 -5.372419 -0.194158 -23.701531 3.696132 5.719162 -43.456241 -1.178000 7.020673 -10.566582 -5.689846 -5.016964 1.815512 16.105874 49.351500 2.534405 2.202657 -28.595968 -14.507776 6.620655 30.044851 -8.747949 -4.467897 -19.320338 62.877947 55.003225 15.071067 -50.571362 32.261617 -121.135057 22.865968 36.900732 37.133132 33.069433 18.152274 -21.722576 28.530639 6.644356 -10.884674 3.826775 4.206655 -21.059126 36.115009 7.085306 -6.107878 35.336742 8.344431 -15.319157 20.791002 9.228278 -8.527080 30.449809 -1.026281 -7.210101 40.474625 -0.117231 -8.637283 19.365403 5.372431 -0.194158 23.701531 -3.696120 5.719162 43.456241 1.178012 7.020673 10.566582 5.689844 -5.016964 -1.815512 -16.105869 49.351500 -2.534405 -2.202652 -28.595968 14.507776 -6.620650 30.044851
0.167173 0.827064 -0.192277 2.322244 52.523110 -0.271867 -7.192427 -2.633561 -35.064947 1.334657 7.179494 66.340124 -1.002755 -6.353105 -12.119659 5.495428 -1.125674 -27.360388 -18.260957 -9.140368 -28.895498 -0.097093 -13.160754 56.232267 25.449865 -7.043753 -17.265625 -42.676250 14.201004 -18.575598 -6.690508 -0.545887 -1.001998 19.175391 4.365074 9.674142 8.718065 8.683277 15.790083 25.599957 -5.233977 -21.460422 -48.653902 -25.019847 0.728824 -11.096202 35.421769 -18.482705 -33.175548 33.257747 13.762678 -30.921930 -24.673025 64.890472 -13.494716 -22.951051 46.495525 -33.069433 -18.152276 -21.722576 -28.530639 -6.644358 -10.884674 -3.826775 -4.206650 -21.059126 -36.115009 -7.085308 -6.107878 -35.336742 -8.344426 -15.319157 -20.791002 -9.228274 -8.527080 -30.449809 1.026286 -7.210101 -40.474625 0.117229 -8.637283 -19.365403 -5.372419 -0.194158 -23.701531 3.696132 5.719162 -43.456241 -1.178000 7.020673 -10.566582 -5.689846 -5.016964 1.815512 16.105874 49.351500 2.534405 2.202657 -28.595968 -14.507776 6.620655 30.044851 -8.593588 -4.620026 -19.231980 62.876515 56.122105 15.627855 -50.115075 32.490723 -121.331782 22.513873 37.792157 37.313139 33.069433 18.152274 -21.722576 28.530639 6.644356 -10.884674 3.826775 4.206655 -21.059126 36.115009 7.085306 -6.107878 35.336742 8.344431 -15.319157 20.791002 9.228278 -8.527080 30.449809 -1.026281 -7.210101 40.474625 -0.117231 -8.637283 19.365403 5.372431 -0.194158 23.701531 -3.696120 5.719162 43.456241 1.178012 7.020673 10.566582 5.689844 -5.016964 -1.815512 -16.105869 49.351500 -2.534405 -2.202652 -28.595968 14.507776 -6.620650 30.044851
0.164462 0.812014 -0.184784 0.406579 52.891807 -3.185805 -5.833492 -1.181770 -34.973333 1.310300 6.014196 69.822547 -1.881891 -7.071238 -13.463246 5.728430 -1.381294 -27.684870 -17.533869 -8.240997 -28.127673 -0.007954 -14.458109 58.635890 25.325544 -6.293443 -19.479284 -42.300656 14.360413 -18.518072 -6.738870 -0.386040 -0.937517 19.614161 4.275373 10.213587 9.205454 8.555880 16.394664 25.670508 -4.988570 -21.560512 -48.152425 -26.141270 0.431636 -11.671251 34.515550 -19.073862 -33.006164 33.890248 14.258915 -31.783867 -23.732663 66.715055 -11.313659 -23.680106 46.210284 -33.069433 -18.152276 -21.722576 -28.530639 -6.644358 -10.884674 -3.826775 -4.206650 -21.059126 -36.115009 -7.085308 -6.107878 -35.336742 -8.344426 -15.319157 -20.791002 -9.228274 -8.527080 -30.449809 1.026286 -7.210101 -40.474625 0.117229 -8.637283 -19.365403 -5.372419 -0.194158 -23.701531 3.696132 5.719162 -43.456241 -1.178000 7.020673 -10.566582 -5.689846 -5.016964 1.815512 16.105874 49.351500 2.534405 2.202657 -28.595968 -14.507776 6.620655 30.044851 -7.697245 -3.509321 -20.627615 62.119977 58.025456 16.869333 -49.345497 32.505536 -120.293484 21.674332 38.763761 36.672963 33.069433 18.152274 -21.722576 28.530639 6.644356 -10.884674 3.826775 4.206655 -21.059126 36.115009 7.085306 -6.107878 35.336742 8.344431 -15.319157 20.791002 9.228278 -8.527080 30.449809 -1.026281 -7.210101 40.474625 -0.117231 -8.637283 19.365403 5.372431 -0.194158 23.701531 -3.696120 5.719162 43.456241 1.178012 7.020673 10.566582 5.689844 -5.016964 -1.815512 -16.105869 49.351500 -2.534405 -2.202652 -28.595968 14.507776 -6.620650 30.044851
0.161511 0.807546 -0.178704 -1.275634 51.742739 -4.984157 -4.345628 0.269843 -34.933140 1.375655 5.265348 71.476874 -2.936331 -7.086639 -13.538762 5.605035 -1.351118 -29.105032 -15.521547 -6.947931 -28.094829 -0.038720 -13.884276 59.080679 25.548277 -6.402699 -20.835510 -42.157520 14.292951 -18.182400 -6.588237 -0.205142 -0.962909 19.568977 4.112835 10.756966 9.517664 8.383617 16.861636 25.499966 -4.547885 -21.637334 -46.652257 -26.206608 -0.791424 -12.749255 33.090801 -19.714525 -33.353017 35.014970 14.761635 -32.836240 -22.469590 69.121264 -9.560212 -23.976139 46.191366 -33.069433 -18.152276 -21.722576 -28.530639 -6.644358 -10.884674 -3.826775 -4.206650 -21.059126 -36.115009 -7.085308 -6.107878 -35.336742 -8.344426 -15.319157 -20.791002 -9.228274 -8.527080 -30.449809 1.026286 -7.210101 -40.474625 0.117229 -8.637283 -19.365403 -5.372419 -0.194158 -23.701531 3.696132 5.719162 -43.456241 -1.178000 7.020673 -10.566582 -5.689846 -5.016964 1.815512 16.105874 49.351500 2.534405 2.202657 -28.595968 -14.507776 6.620655 30.044851 -7.094687 -1.602059 -22.336906 62.503377 59.830221 19.085139 -48.988561 32.634024 -118.234497 21.013986 39.542927 35.984743 33.069433 18.152274 -21.722576 28.530639 6.644356 -10.884674 3.826775 4.206655 -21.059126 36.115009 7.085306 -6.107878 35.336742 8.344431 -15.319157 20.791002 9.228278 -8.527080 30.449809 -1.026281 -7.210101 40.474625 -0.117231 -8.637283 19.365403 5.372431 -0.194158 23.701531 -3.696120 5.719162 43.456241 1.178012 7.020673 10.566582 5.689844 -5.016964 -1.815512 -16.105869 49.351500 -2.534405 -2.202652 -28.595968 14.507776 -6.620650 30.044851
0.156903 0.816299 -0.174762 -1.790180 49.429295 -4.611411 -3.246855 1.245597 -35.099754 1.546614 5.227406 70.898163 -3.982725 -6.305328 -12.224515 5.107299 -1.124172 -31.324147 -13.173652 -5.805283 -28.722561 -0.196814 -11.969863 57.199772 25.867404 -6.910667 -20.701212 -42.610179 14.134702 -17.695582 -6.250377 -0.074795 -1.036401 18.942309 3.858185 10.898149 9.508736 8.138344 17.129975 25.021172 -3.993978 -21.741509 -44.550845 -24.859474 -2.777408 -14.488335 31.521716 -20.818030 -33.747754 36.443767 15.482631 -33.939222 -21.464722 70.917007 -8.522968 -24.149956 46.064023 -33.069433 -18.152276 -21.722576 -28.530639 -6.644358 -10.884674 -3.826775 -4.206650 -21.059126 -36.115009 -7.085308 -6.107878 -35.336742 -8.344426 -15.319157 -20.791002 -9.228274 -8.527080 -30.449809 1.026286 -7.210101 -40.474625 0.117229 -8.637283 -19.365403 -5.372419 -0.194158 -23.701531 3.696132 5.719162 -43.456241 -1.178000 7.020673 -10.566582 -5.689846 -5.016964 1.815512 16.105874 49.351500 2.534405 2.202657 -28.595968 -14.507776 6.620655 30.044851 -7.250581 0.267684 -23.728725 65.699413 60.753181 22.920848 -49.326002 33.283439 -115.750258 21.317148 40.138218 36.425043 33.069433 18.152274 -21.722576 28.530639 6.644356 -10.884674 3.826775 4.206655 -21.059126 36.115009 7.085306 -6.107878 35.336742 8.344431 -15.319157 20.791002 9.228278 -8.527080 30.449809 -1.026281 -7.210101 40.474625 -0.117231 -8.637283 19.365403 5.372431 -0.194158 23.701531 -3.696120 5.719162 43.456241 1.178012 7.020673 10.566582 5.689844 -5.016964 -1.815512 -16.105869 49.351500 -2.534405 -2.202652 -28.595968 14.507776 -6.620650 30.044851
0.151307 0.837429 -0.172495 -0.945741 46.242945 -2.094724 -2.898761 1.473588 -35.353193 1.810635 5.959254 67.755295 -4.779288 -4.630340 -10.025568 4.144709 -0.643900 -32.900325 -10.970375 -4.874546 -29.857427 -0.527760 -8.796467 53.112508 26.333046 -7.917464 -18.986354 -43.728134 13.878284 -17.055933 -5.728898 0.035458 -1.078746 17.642718 3.668422 10.466700 9.201539 7.901617 17.342318 24.282727 -3.458546 -22.144074 -42.370392 -22.337850 -5.223227 -16.938420 30.360582 -22.352998 -34.165857 37.593220 16.564079 -34.800966 -21.063862 70.955642 -8.158907 -23.760305 45.512218 -33.069433 -18.152276 -21.722576 -28.530639 -6.644358 -10.884674 -3.826775 -4.206650 -21.059126 -36.115009 -7.085308 -6.107878 -35.336742 -8.344426 -15.319157 -20.791002 -9.228274 -8.527080 -30.449809 1.026286 -7.210101 -40.474625 0.117229 -8.637283 -19.365403 -5.372419 -0.194158 -23.701531 3.696132 5.719162 -43.456241 -1.178000 7.020673 -10.566582 -5.689846 -5.016964 1.815512 16.105874 49.351500 2.534405 2.202657 -28.595968 -14.507776 6.620655 30.044851 -7.685253 1.252202 -24.580525 71.932554 60.857009 28.516977 -49.667110 34.584179 -112.834311 22.775022 40.728247 38.423881 33.069433 18.152274 -21.722576 28.530639 6.644356 -10.884674 3.826775 4.206655 -21.059126 36.115009 7.085306 -6.107878 35.336742 8.344431 -15.319157 20.791002 9.228278 -8.527080 30.449809 -1.026281 -7.210101 40.474625 -0.117231 -8.637283 19.365403 5.372431 -0.194158 23.701531 -3.696120 5.719162 43.456241 1.178012 7.020673 10.566582 5.689844 -5.016964 -1.815512 -16.105869 49.351500 -2.534405 -2.202652 -28.595968 14.507776 -6.620650 30.044851
0.145004 0.866408 -0.173024 0.504914 42.032719 1.453920 -3.029648 1.196836 -35.167755 2.077843 7.399022 61.933316 -5.148508 -2.039943 -7.557941 2.888347 0.162896 -33.494179 -8.802771 -3.842382 -31.167437 -1.047399 -4.557264 47.359053 26.662997 -9.474452 -15.977459 -45.215012 13.416325 -16.172521 -5.030694 0.244981 -1.054841 15.684922 3.760869 9.643730 8.720529 7.828656 17.737847 23.234687 -2.913258 -23.187822 -40.104096 -19.006099 -7.993493 -19.944968 29.965459 -23.996111 -35.148501 37.783031 17.915733 -35.171002 -21.182270 68.459072 -8.341444 -22.256556 43.810990 -33.069433 -18.152276 -21.722576 -28.530639 -6.644358 -10.884674 -3.826775 -4.206650 -21.059126 -36.115009 -7.085308 -6.107878 -35.336742 -8.344426 -15.319157 -20.791002 -9.228274 -8.527080 -30.449809 1.026286 -7.210101 -40.474625 0.117229 -8.637283 -19.365403 -5.372419 -0.194158 -23.701531 3.696132 5.719162 -43.456241 -1.178000 7.020673 -10.566582 -5.689846 -5.016964 1.815512 16.105874 49.351500 2.534405 2.202657 -28.595968 -14.507776 6.620655 30.044851 -7.694330 0.979465 -24.862818 80.397042 60.267844 35.369513 -49.064231 36.563295 -108.606970 24.926433 41.280809 41.227211 33.069433 18.152274 -21.722576 28.530639 6.644356 -10.884674 3.826775 4.206655 -21.059126 36.115009 7.085306 -6.107878 35.336742 8.344431 -15.319157 20.791002 9.228278 -8.527080 30.449809 -1.026281 -7.210101 40.474625 -0.117231 -8.637283 19.365403 5.372431 -0.194158 23.701531 -3.696120 5.719162 43.456241 1.178012 7.020673 10.566582 5.689844 -5.016964 -1.815512 -16.105869 49.351500 -2.534405 -2.202652 -28.595968 14.507776 -6.620650 30.044851
0.137933 0.897333 -0.176734 1.560800 36.618753 4.751110 -2.792516 1.106056 -34.028097 2.098799 9.890055 53.838769 -4.800325 0.898712 -5.103674 1.841807 1.085463 -33.802045 -6.370592 -2.379690 -32.302014 -1.625259 0.419308 40.759132 26.443787 -11.353090 -12.133439 -46.461994 12.796294 -14.898854 -4.150927 0.613565 -0.975348 13.176426 4.163980 8.674433 8.093930 7.967111 18.364948 21.809932 -2.247697 -24.592388 -37.555390 -15.317939 -10.894147 -23.123493 30.421737 -25.485905 -37.477269 36.727000 18.893974 -34.865480 -21.698142 62.883625 -8.808731 -19.939027 39.060976 -33.069433 -18.152276 -21.722576 -28.530639 -6.644358 -10.884674 -3.826775 -4.206650 -21.059126 -36.115009 -7.085308 -6.107878 -35.336742 -8.344426 -15.319157 -20.791002 -9.228274 -8.527080 -30.449809 1.026286 -7.210101 -40.474625 0.117229 -8.637283 -19.365403 -5.372419 -0.194158 -23.701531 3.696132 5.719162 -43.456241 -1.178000 7.020673 -10.566582 -5.689846 -5.016964 1.815512 16.105874 49.351500 2.534405 2.202657 -28.595968 -14.507776 6.620655 30.044851 -6.898880 -0.133432 -24.747029 88.861332 58.331981 41.519081 -46.115543 39.090887 -100.884286 26.646426 41.738258 42.904066 33.069433 18.152274 -21.722576 28.530639 6.644356 -10.884674 3.826775 4.206655 -21.059126 36.115009 7.085306 -6.107878 35.336742 8.344431 -15.319157 20.791002 9.228278 -8.527080 30.449809 -1.026281 -7.210101 40.474625 -0.117231 -8.637283 19.365403 5.372431 -0.194158 23.701531 -3.696120 5.719162 43.456241 1.178012 7.020673 10.566582 5.689844 -5.016964 -1.815512 -16.105869 49.351500 -2.534405 -2.202652 -28.595968 14.507776 -6.620650 30.044851
0.130137 0.923959 -0.181570 1.701532 30.506172 7.005381 -1.561803 1.745423 -32.042186 1.513795 13.434759 45.102381 -3.839612 3.310431 -2.705477 1.379031 1.683357 -34.374745 -3.675941 -0.471608 -32.929940 -2.117041 5.467494 34.353637 25.549230 -13.139294 -8.120274 -46.908356 12.238826 -13.269463 -3.148433 1.071454 -0.868921 10.426947 4.655302 7.711847 7.274857 8.158383 18.997024 20.151753 -1.429105 -25.508675 -34.846403 -12.015133 -13.445563 -25.929777 31.537861 -26.579938 -41.691898 34.241878 18.775699 -33.699408 -22.344476 54.132738 -9.238922 -17.799354 28.836594 -33.069433 -18.152276 -21.722576 -28.530639 -6.644358 -10.884674 -3.826775 -4.206650 -21.059126 -36.115009 -7.085308 -6.107878 -35.336742 -8.344426 -15.319157 -20.791002 -9.228274 -8.527080 -30.449809 1.026286 -7.210101 -40.474625 0.117229 -8.637283 -19.365403 -5.372419 -0.194158 -23.701531 3.696132 5.719162 -43.456241 -1.178000 7.020673 -10.566582 -5.689846 -5.016964 1.815512 16.105874 49.351500 2.534405 2.202657 -28.595968 -14.507776 6.620655 30.044851 -5.543627 -1.616498 -24.039598 94.628224 54.929375 44.552403 -38.980637 41.085906 -87.277455 26.986722 42.255303 42.056844 33.069433 18.152274 -21.722576 28.530639 6.644356 -10.884674 3.826775 4.206655 -21.059126 36.115009 7.085306 -6.107878 35.336742 8.344431 -15.319157 20.791002 9.228278 -8.527080 30.449809 -1.026281 -7.210101 40.474625 -0.117231 -8.637283 19.365403 5.372431 -0.194158 23.701531 -3.696120 5.719162 43.456241 1.178012 7.020673 10.566582 5.689844 -5.016964 -1.815512 -16.105869 49.351500 -2.534405 -2.202652 -28.595968 14.507776 -6.620650 30.044851
0.123397 0.942393 -0.186400 1.185219 25.030495 8.010518 0.252338 2.904547 -29.998850 0.422685 16.695007 38.297187 -3.031792 5.106435 -0.624624 1.303299 1.640833 -35.189015 -1.274711 1.417116 -32.858743 -2.377860 8.998748 29.242580 24.257695 -14.138769 -4.932401 -46.614755 12.074295 -11.552576 -2.206550 1.444820 -0.752457 7.807718 4.848863 6.901461 6.279937 8.004439 19.585264 18.467753 -0.520772 -25.579431 -32.214055 -9.828632 -15.316125 -28.328956 32.924086 -27.268665 -47.463205 29.322845 18.173531 -31.501216 -22.795951 43.184610 -8.597277 -16.419771 12.462107 -33.069433 -18.152276 -21.722576 -28.530639 -6.644358 -10.884674 -3.826775 -4.206650 -21.059126 -36.115009 -7.085308 -6.107878 -35.336742 -8.344426 -15.319157 -20.791002 -9.228274 -8.527080 -30.449809 1.026286 -7.210101 -40.474625 0.117229 -8.637283 -19.365403 -5.372419 -0.194158 -23.701531 3.696132 5.719162 -43.456241 -1.178000 7.020673 -10.566582 -5.689846 -5.016964 1.815512 16.105874 49.351500 2.534405 2.202657 -28.595968 -14.507776 6.620655 30.044851 -4.054947 -3.309579 -22.593397 96.851006 51.221642 44.513422 -27.537353 40.065923 -67.986378 25.912371 43.303817 38.745274 33.069433 18.152274 -21.722576 28.530639 6.644356 -10.884674 3.826775 4.206655 -21.059126 36.115009 7.085306 -6.107878 35.336742 8.344431 -15.319157 20.791002 9.228278 -8.527080 30.449809 -1.026281 -7.210101 40.474625 -0.117231 -8.637283 19.365403 5.372431 -0.194158 23.701531 -3.696120 5.719162 43.456241 1.178012 7.020673 10.566582 5.689844 -5.016964 -1.815512 -16.105869 49.351500 -2.534405 -2.202652 -28.595968 14.507776 -6.620650 30.044851
0.117890 0.950076 -0.188885 0.545401 21.419536 7.711379 1.894867 4.042409 -28.422011 -0.578362 18.361196 35.133322 -2.881195 6.681533 0.610653 1.453278 1.059836 -36.123012 0.366957 2.751633 -32.314409 -2.247502 9.870391 26.762576 23.044590 -13.904178 -3.563360 -46.045122 12.395060 -10.111993 -1.536633 1.584053 -0.629215 5.510503 4.257205 6.469148 5.094081 6.944645 20.369508 16.436527 0.462857 -25.019914 -29.020125 -8.703060 -16.857723 -30.324858 34.477096 -27.654839 -53.998123 20.495337 18.786656 -27.926139 -23.180805 31.553521 -6.068247 -15.218095 -6.660427 -33.069433 -18.152276 -21.722576 -28.530639 -6.644358 -10.884674 -3.826775 -4.206650 -21.059126 -36.115009 -7.085308 -6.107878 -35.336742 -8.344426 -15.319157 -20.791002 -9.228274 -8.527080 -30.449809 1.026286 -7.210101 -40.474625 0.117229 -8.637283 -19.365403 -5.372419 -0.194158 -23.701531 3.696132 5.719162 -43.456241 -1.178000 7.020673 -10.566582 -5.689846 -5.016964 1.815512 16.105874 49.351500 2.534405 2.202657 -28.595968 -14.507776 6.620655 30.044851 -2.414819 -4.628776 -20.882632 95.923043 47.878155 42.665533 -14.536956 33.906052 -45.172090 23.460666 45.242372 34.120876 33.069433 18.152274 -21.722576 28.530639 6.644356 -10.884674 3.826775 4.206655 -21.059126 36.115009 7.085306 -6.107878 35.336742 8.344431 -15.319157 20.791002 9.228278 -8.527080 30.449809 -1.026281 -7.210101 40.474625 -0.117231 -8.637283 19.365403 5.372431 -0.194158 23.701531 -3.696120 5.719162 43.456241 1.178012 7.020673 10.566582 5.689844 -5.016964 -1.815512 -16.105869 49.351500 -2.534405 -2.202652 -28.595968 14.507776 -6.620650 30.044851
0.113857 0.946670 -0.189150 0.164947 19.880661 6.185412 3.096109 4.836398 -27.298010 -1.071107 18.565303 35.809820 -3.408532 7.863545 0.680487 2.054299 0.528864 -37.299111 1.504602 3.502387 -31.830120 -2.018775 9.591801 28.198437 22.402871 -13.145857 -4.258699 -45.394816 12.659163 -9.548157 -1.175117 1.511025 -0.536774 3.480996 2.727516 6.743281 3.684960 4.863473 21.575724 13.394424 1.611456 -24.455759 -24.273935 -7.905258 -18.546115 -31.111508 35.662475 -27.670254 -60.356851 7.720220 21.426172 -22.883099 -24.124121 20.799854 -2.607624 -14.030340 -22.741563 -33.069433 -18.152276 -21.722576 -28.530639 -6.644358 -10.884674 -3.826775 -4.206650 -21.059126 -36.115009 -7.085308 -6.107878 -35.336742 -8.344426 -15.319157 -20.791002 -9.228274 -8.527080 -30.449809 1.026286 -7.210101 -40.474625 0.117229 -8.637283 -19.365403 -5.372419 -0.194158 -23.701531 3.696132 5.719162 -43.456241 -1.178000 7.020673 -10.566582 -5.689846 -5.016964 1.815512 16.105874 49.351500 2.534405 2.202657 -28.595968 -14.507776 6.620655 30.044851 -0.410628 -5.054460 -19.140420 93.465891 44.996846 41.174479 -4.823740 22.663115 -21.618553 20.539135 47.358193 31.164683 33.069433 18.152274 -21.722576 28.530639 6.644356 -10.884674 3.826775 4.206655 -21.059126 36.115009 7.085306 -6.107878 35.336742 8.344431 -15.319157 20.791002 9.228278 -8.527080 30.449809 -1.026281 -7.210101 40.474625 -0.117231 -8.637283 19.365403 5.372431 -0.194158 23.701531 -3.696120 5.719162 43.456241 1.178012 7.020673 10.566582 5.689844 -5.016964 -1.815512 -16.105869 49.351500 -2.534405 -2.202652 -28.595968 14.507776 -6.620650 30.044851
0.109975 0.933868 -0.186536 0.125991 19.580967 3.906749 3.972496 5.282574 -26.678931 -1.002009 18.116053 39.638979 -4.598309 8.423026 -0.234291 3.115903 0.586340 -38.989567 2.573540 4.023250 -31.794979 -1.995971 10.281889 33.307511 22.616897 -12.516975 -6.328624 -44.490386 12.255396 -10.239904 -0.970534 1.377536 -0.493127 1.482623 0.772552 7.841849 2.170433 2.381136 23.281026 9.214799 2.886714 -24.820120 -17.964741 -6.924860 -20.377016 -29.716113 34.671684 -27.794896 -64.801416 -6.432717 25.149775 -17.481242 -26.124078 11.189341 0.551627 -13.092365 -32.785226 -33.069433 -18.152276 -21.722576 -28.530639 -6.644358 -10.884674 -3.826775 -4.206650 -21.059126 -36.115009 -7.085308 -6.107878 -35.336742 -8.344426 -15.319157 -20.791002 -9.228274 -8.527080 -30.449809 1.026286 -7.210101 -40.474625 0.117229 -8.637283 -19.365403 -5.372419 -0.194158 -23.701531 3.696132 5.719162 -43.456241 -1.178000 7.020673 -10.566582 -5.689846 -5.016964 1.815512 16.105874 49.351500 2.534405 2.202657 -28.595968 -14.507776 6.620655 30.044851 2.246673 -5.003541 -17.371229 91.470057 42.472966 41.983735 -2.208225 10.506349 1.537202 19.315913 47.691218 31.971164 33.069433 18.152274 -21.722576 28.530639 6.644356 -10.884674 3.826775 4.206655 -21.059126 36.115009 7.085306 -6.107878 35.336742 8.344431 -15.319157 20.791002 9.228278 -8.527080 30.449809 -1.026281 -7.210101 40.474625 -0.117231 -8.637283 19.365403 5.372431 -0.194158 23.701531 -3.696120 5.719162 43.456241 1.178012 7.020673 10.566582 5.689844 -5.016964 -1.815512 -16.105869 49.351500 -2.534405 -2.202652 -28.595968 14.507776 -6.620650 30.044851
0.105324 0.914805 -0.181484 0.129492 19.232319 1.502723 4.821143 5.624636 -26.693291 -0.464487 17.292122 45.435987 -6.478119 8.819218 -1.899449 4.401309 1.190744 -40.917477 3.629080 4.508890 -32.154441 -1.905455 11.352207 39.944642 22.909219 -10.923860 -8.562281 -43.079546 11.092728 -11.686325 -0.732911 1.293388 -0.498066 -0.513148 -0.790674 9.279666 0.864943 0.339552 25.005824 4.714198 4.165714 -25.995298 -11.397393 -6.027838 -21.895046 -25.648246 29.919816 -29.012823 -65.204208 -19.214024 28.189089 -12.650009 -28.642609 1.959651 2.952648 -13.121316 -39.405568 -33.069433 -18.152276 -21.722576 -28.530639 -6.644358 -10.884674 -3.826775 -4.206650 -21.059126 -36.115009 -7.085308 -6.107878 -35.336742 -8.344426 -15.319157 -20.791002 -9.228274 -8.527080 -30.449809 1.026286 -7.210101 -40.474625 0.117229 -8.637283 -19.365403 -5.372419 -0.194158 -23.701531 3.696132 5.719162 -43.456241 -1.178000 7.020673 -10.566582 -5.689846 -5.016964 1.815512 16.105874 49.351500 2.534405 2.202657 -28.595968 -14.507776 6.620655 30.044851 5.530371 -5.343446 -15.850770 89.081149 38.684970 42.834743 -4.693151 4.312031 22.715148 19.691816 45.736224 35.618575 33.069433 18.152274 -21.722576 28.530639 6.644356 -10.884674 3.826775 4.206655 -21.059126 36.115009 7.085306 -6.107878 35.336742 8.344431 -15.319157 20.791002 9.228278 -8.527080 30.449809 -1.026281 -7.210101 40.474625 -0.117231 -8.637283 19.365403 5.372431 -0.194158 23.701531 -3.696120 5.719162 43.456241 1.178012 7.020673 10.566582 5.689844 -5.016964 -1.815512 -16.105869 49.351500 -2.534405 -2.202652 -28.595968 14.507776 -6.620650 30.044851
0.097650 0.893216 -0.173838 -0.218235 17.796962 -0.740395 5.900915 6.125166 -26.926596 0.328814 15.865583 51.469634 -8.949905 9.888423 -4.227199 5.781663 1.920843 -42.548330 4.506256 4.852831 -32.444165 -1.619385 10.690935 45.708082 21.842152 -6.852965 -10.148026 -41.085590 9.507017 -12.915474 -0.350948 1.246136 -0.588012 -2.342649 -1.557752 10.460459 0.046987 -0.934818 26.200348 0.832745 5.602602 -27.091502 -5.959624 -5.603505 -22.877974 -19.366172 21.838028 -32.226156 -60.056052 -29.263238 29.187778 -8.052742 -30.336014 -6.993636 4.568891 -14.665479 -47.036628 -33.069433 -18.152276 -21.722576 -28.530639 -6.644358 -10.884674 -3.826775 -4.206650 -21.059126 -36.115009 -7.085308 -6.107878 -35.336742 -8.344426 -15.319157 -20.791002 -9.228274 -8.527080 -30.449809 1.026286 -7.210101 -40.474625 0.117229 -8.637283 -19.365403 -5.372419 -0.194158 -23.701531 3.696132 5.719162 -43.456241 -1.178000 7.020673 -10.566582 -5.689846 -5.016964 1.815512 16.105874 49.351500 2.534405 2.202657 -28.595968 -14.507776 6.620655 30.044851 8.644240 -6.566644 -15.057674 84.448611 31.593210 39.634454 -5.045309 6.633113 35.927713 18.915336 43.289077 38.368491 33.069433 18.152274 -21.722576 28.530639 6.644356 -10.884674 3.826775 4.206655 -21.059126 36.115009 7.085306 -6.107878 35.336742 8.344431 -15.319157 20.791002 9.228278 -8.527080 30.449809 -1.026281 -7.210101 40.474625 -0.117231 -8.637283 19.365403 5.372431 -0.194158 23.701531 -3.696120 5.719162 43.456241 1.178012 7.020673 10.566582 5.689844 -5.016964 -1.815512 -16.105869 49.351500 -2.534405 -2.202652 -28.595968 14.507776 -6.620650 30.044851
0.086669 0.873156 -0.163108 -1.007920 14.857926 -2.492889 7.431138 6.864069 -26.865157 1.087363 14.145523 56.250900 -11.626556 11.903636 -6.987303 7.035143 2.571241 -43.977184 5.365448 5.101245 -32.499069 -1.373353 8.162850 49.642412 19.221376 -0.637097 -11.101751 -38.768715 7.833745 -13.482655 0.099858 1.201740 -0.788198 -3.871510 -1.899651 10.931885 -0.367262 -1.882391 26.678124 -2.313542 7.399925 -27.827042 -1.890676 -5.096398 -23.586352 -12.152066 13.495098 -37.314533 -49.842561 -35.533641 27.676627 -3.567456 -31.446855 -15.414774 4.643362 -17.065663 -55.785920 -33.069433 -18.152276 -21.722576 -28.530639 -6.644358 -10.884674 -3.826775 -4.206650 -21.059126 -36.115009 -7.085308 -6.107878 -35.336742 -8.344426 -15.319157 -20.791002 -9.228274 -8.527080 -30.449809 1.026286 -7.210101 -40.474625 0.117229 -8.637283 -19.365403 -5.372419 -0.194158 -23.701531 3.696132 5.719162 -43.456241 -1.178000 7.020673 -10.566582 -5.689846 -5.016964 1.815512 16.105874 49.351500 2.534405 2.202657 -28.595968 -14.507776 6.620655 30.044851 10.579513 -8.461502 -15.177716 79.039449 21.517858 33.210188 -0.549733 13.797926 40.972421 16.702482 41.534979 38.232683 33.069433 18.152274 -21.722576 28.530639 6.644356 -10.884674 3.826775 4.206655 -21.059126 36.115009 7.085306 -6.107878 35.336742 8.344431 -15.319157 20.791002 9.228278 -8.527080 30.449809 -1.026281 -7.210101 40.474625 -0.117231 -8.637283 19.365403 5.372431 -0.194158 23.701531 -3.696120 5.719162 43.456241 1.178012 7.020673 10.566582 5.689844 -5.016964 -1.815512 -16.105869 49.351500 -2.534405 -2.202652 -28.595968 14.507776 -6.620650 30.044851
0.071906 0.857831 -0.148485 -2.149280 10.414093 -3.614163 9.804847 7.736893 -25.978755 1.622467 13.283334 59.136228 -13.936248 14.463906 -9.840644 8.209246 3.277380 -45.257381 6.682208 5.549852 -32.250815 -1.257542 5.247418 51.942687 15.876627 6.243383 -11.681863 -36.559832 6.319054 -13.460705 0.477293 1.172951 -1.033804 -4.998291 -2.332753 10.511202 -0.663905 -3.017357 26.431518 -5.277402 9.637726 -28.160680 1.635451 -3.757326 -24.164777 -5.355871 8.369913 -42.352993 -38.150261 -37.840983 24.493803 0.818588 -33.903800 -23.381176 3.008596 -19.115492 -62.941729 -33.069433 -18.152276 -21.722576 -28.530639 -6.644358 -10.884674 -3.826775 -4.206650 -21.059126 -36.115009 -7.085308 -6.107878 -35.336742 -8.344426 -15.319157 -20.791002 -9.228274 -8.527080 -30.449809 1.026286 -7.210101 -40.474625 0.117229 -8.637283 -19.365403 -5.372419 -0.194158 -23.701531 3.696132 5.719162 -43.456241 -1.178000 7.020673 -10.566582 -5.689846 -5.016964 1.815512 16.105874 49.351500 2.534405 2.202657 -28.595968 -14.507776 6.620655 30.044851 10.771436 -10.556034 -15.913680 75.295374 11.172845 27.254554 5.729373 21.644402 43.413554 14.996978 39.720768 36.346813 33.069433 18.152274 -21.722576 28.530639 6.644356 -10.884674 3.826775 4.206655 -21.059126 36.115009 7.085306 -6.107878 35.336742 8.344431 -15.319157 20.791002 9.228278 -8.527080 30.449809 -1.026281 -7.210101 40.474625 -0.117231 -8.637283 19.365403 5.372431 -0.194158 23.701531 -3.696120 5.719162 43.456241 1.178012 7.020673 10.566582 5.689844 -5.016964 -1.815512 -16.105869 49.351500 -2.534405 -2.202652 -28.595968 14.507776 -6.620650 30.044851
0.055891 0.848525 -0.131935 -3.463099 4.932977 -4.508428 12.943691 8.268356 -23.757073 1.871933 13.831503 60.305185 -15.648098 17.398933 -12.624800 9.739618 4.196307 -45.736219 8.520390 6.148641 -31.179797 -1.213153 2.721922 52.901001 12.351389 13.031381 -12.035036 -34.634941 5.070400 -12.955743 0.746262 1.146928 -1.255800 -5.687458 -2.952743 9.441112 -1.037000 -4.445986 25.627802 -8.694181 12.269521 -27.787045 5.911799 -1.828897 -24.451249 0.102195 7.319616 -44.916190 -29.186650 -38.287151 20.865499 6.195767 -37.632364 -31.891107 1.060609 -19.629011 -66.639520 -33.069433 -18.152276 -21.722576 -28.530639 -6.644358 -10.884674 -3.826775 -4.206650 -21.059126 -36.115009 -7.085308 -6.107878 -35.336742 -8.344426 -15.319157 -20.791002 -9.228274 -8.527080 -30.449809 1.026286 -7.210101 -40.474625 0.117229 -8.637283 -19.365403 -5.372419 -0.194158 -23.701531 3.696132 5.719162 -43.456241 -1.178000 7.020673 -10.566582 -5.689846 -5.016964 1.815512 16.105874 49.351500 2.534405 2.202657 -28.595968 -14.507776 6.620655 30.044851 9.595252 -12.735198 -16.758618 73.122569 2.727509 23.616167 11.374521 27.298784 47.456251 15.070182 37.410387 34.682116 33.069433 18.152274 -21.722576 28.530639 6.644356 -10.884674 3.826775 4.206655 -21.059126 36.115009 7.085306 -6.107878 35.336742 8.344431 -15.319157 20.791002 9.228278 -8.527080 30.449809 -1.026281 -7.210101 40.474625 -0.117231 -8.637283 19.365403 5.372431 -0.194158 23.701531 -3.696120 5.719162 43.456241 1.178012 7.020673 10.566582 5.689844 -5.016964 -1.815512 -16.105869 49.351500 -2.534405 -2.202652 -28.595968 14.507776 -6.620650 30.044851
0.039422 0.844562 -0.115878 -4.688240 -0.536925 -5.671422 15.887655 7.874084 -20.371504 1.853662 14.923425 60.411393 -17.049330 20.917081 -15.287148 11.846217 5.219968 -44.737452 10.475663 6.427497 -28.802399 -1.208803 0.569087 52.702986 8.885869 19.550292 -12.313356 -32.736065 3.891421 -12.147914 0.940370 1.041750 -1.412853 -6.041146 -3.744416 8.217863 -1.537996 -6.150269 24.496668 -12.608960 15.189106 -26.200295 11.637443 -0.227129 -24.206900 4.282421 8.333223 -44.528241 -24.049968 -38.395283 16.964654 13.232661 -41.024358 -41.666661 -0.125013 -18.762138 -67.777463 -33.069433 -18.152276 -21.722576 -28.530639 -6.644358 -10.884674 -3.826775 -4.206650 -21.059126 -36.115009 -7.085308 -6.107878 -35.336742 -8.344426 -15.319157 -20.791002 -9.228274 -8.527080 -30.449809 1.026286 -7.210101 -40.474625 0.117229 -8.637283 -19.365403 -5.372419 -0.194158 -23.701531 3.696132 5.719162 -43.456241 -1.178000 7.020673 -10.566582 -5.689846 -5.016964 1.815512 16.105874 49.351500 2.534405 2.202657 -28.595968 -14.507776 6.620655 30.044851 8.101140 -14.766935 -17.527863 71.076474 -3.495524 21.526562 16.440562 30.086570 52.452464 16.018789 35.227940 33.018623 33.069433 18.152274 -21.722576 28.530639 6.644356 -10.884674 3.826775 4.206655 -21.059126 36.115009 7.085306 -6.107878 35.336742 8.344431 -15.319157 20.791002 9.228278 -8.527080 30.449809 -1.026281 -7.210101 40.474625 -0.117231 -8.637283 19.365403 5.372431 -0.194158 23.701531 -3.696120 5.719162 43.456241 1.178012 7.020673 10.566582 5.689844 -5.016964 -1.815512 -16.105869 49.351500 -2.534405 -2.202652 -28.595968 14.507776 -6.620650 30.044851
0.025098 0.844246 -0.100815 -5.763419 -5.247605 -7.254205 17.946777 6.652538 -16.496292 1.653176 15.533827 60.175701 -18.591228 24.909749 -17.753887 14.352276 6.073140 -42.639169 12.144735 6.122987 -25.254998 -1.196079 -1.573584 51.682648 5.466244 25.918089 -12.725333 -30.659113 2.609975 -11.279998 1.090167 0.836509 -1.491480 -6.206788 -4.611461 7.108018 -2.094600 -8.007971 23.120187 -16.537062 18.357726 -23.274779 18.643110 0.372091 -23.335234 7.658895 9.125053 -42.203260 -22.088321 -38.529108 12.731568 21.199732 -42.952744 -51.705037 -0.360289 -17.775006 -67.635537 -33.069433 -18.152276 -21.722576 -28.530639 -6.644358 -10.884674 -3.826775 -4.206650 -21.059126 -36.115009 -7.085308 -6.107878 -35.336742 -8.344426 -15.319157 -20.791002 -9.228274 -8.527080 -30.449809 1.026286 -7.210101 -40.474625 0.117229 -8.637283 -19.365403 -5.372419 -0.194158 -23.701531 3.696132 5.719162 -43.456241 -1.178000 7.020673 -10.566582 -5.689846 -5.016964 1.815512 16.105874 49.351500 2.534405 2.202657 -28.595968 -14.507776 6.620655 30.044851 7.239404 -16.764675 -18.049823 68.628724 -7.686310 19.843372 20.746653 30.745889 55.874352 16.619618 33.816094 30.506159 33.069433 18.152274 -21.722576 28.530639 6.644356 -10.884674 3.826775 4.206655 -21.059126 36.115009 7.085306 -6.107878 35.336742 8.344431 -15.319157 20.791002 9.228278 -8.527080 30.449809 -1.026281 -7.210101 40.474625 -0.117231 -8.637283 19.365403 5.372431 -0.194158 23.701531 -3.696120 5.719162 43.456241 1.178012 7.020673 10.566582 5.689844 -5.016964 -1.815512 -16.105869 49.351500 -2.534405 -2.202652 -28.595968 14.507776 -6.620650 30.044851
0.013501 0.844733 -0.085875 -6.914451 -8.948283 -9.156496 19.230755 5.131790 -12.659051 1.412958 15.170398 60.160553 -20.585068 28.866849 -20.030049 16.902375 6.605902 -40.420491 13.336516 5.337119 -21.028075 -1.071110 -4.188481 50.341221 1.762099 32.038296 -13.554552 -28.391541 1.246307 -10.597769 1.125267 0.577017 -1.485275 -6.205257 -5.491640 6.233819 -2.603907 -9.934084 21.621016 -19.930187 21.469625 -19.917986 26.061527 -0.006438 -21.821793 10.602982 8.407310 -39.108205 -21.676425 -38.777182 8.155341 28.566119 -42.797311 -60.420529 0.454573 -17.069289 -66.137803 -33.069433 -18.152276 -21.722576 -28.530639 -6.644358 -10.884674 -3.826775 -4.206650 -21.059126 -36.115009 -7.085308 -6.107878 -35.336742 -8.344426 -15.319157 -20.791002 -9.228274 -8.527080 -30.449809 1.026286 -7.210101 -40.474625 0.117229 -8.637283 -19.365403 -5.372419 -0.194158 -23.701531 3.696132 5.719162 -43.456241 -1.178000 7.020673 -10.566582 -5.689846 -5.016964 1.815512 16.105874 49.351500 2.534405 2.202657 -28.595968 -14.507776 6.620655 30.044851 7.544338 -19.056163 -17.944195 65.835517 -9.669005 18.470651 23.573796 30.525245 57.230285 16.902987 32.975098 27.383054 33.069433 18.152274 -21.722576 28.530639 6.644356 -10.884674 3.826775 4.206655 -21.059126 36.115009 7.085306 -6.107878 35.336742 8.344431 -15.319157 20.791002 9.228278 -8.527080 30.449809 -1.026281 -7.210101 40.474625 -0.117231 -8.637283 19.365403 5.372431 -0.194158 23.701531 -3.696120 5.719162 43.456241 1.178012 7.020673 10.566582 5.689844 -5.016964 -1.815512 -16.105869 49.351500 -2.534405 -2.202652 -28.595968 14.507776 -6.620650 30.044851
0.004201 0.843914 -0.072455 -8.245404 -11.773468 -11.097192 20.134004 3.653122 -9.122496 1.198913 14.057481 60.598530 -22.960287 32.299123 -22.227655 19.394719 6.818717 -38.326437 14.119252 4.334447 -16.754165 -0.802030 -7.157298 49.113229 -2.631616 37.287805 -15.157209 -25.683160 -0.186892 -10.189304 0.995780 0.308194 -1.352977 -6.022508 -6.438865 5.660036 -2.934998 -11.922284 20.006854 -22.483966 24.001588 -17.062790 32.736307 -0.851415 -19.590110 13.329215 5.824255 -36.201490 -20.582790 -38.605138 3.192045 33.346246 -40.791499 -66.706051 2.213541 -16.283666 -63.857097 -33.069433 -18.152276 -21.722576 -28.530639 -6.644358 -10.884674 -3.826775 -4.206650 -21.059126 -36.115009 -7.085308 -6.107878 -35.336742 -8.344426 -15.319157 -20.791002 -9.228274 -8.527080 -30.449809 1.026286 -7.210101 -40.474625 0.117229 -8.637283 -19.365403 -5.372419 -0.194158 -23.701531 3.696132 5.719162 -43.456241 -1.178000 7.020673 -10.566582 -5.689846 -5.016964 1.815512 16.105874 49.351500 2.534405 2.202657 -28.595968 -14.507776 6.620655 30.044851 8.789923 -21.532973 -16.816302 62.913165 -9.318083 17.302125 24.734826 30.160045 57.405740 17.384275 32.257930 24.301895 33.069433 18.152274 -21.722576 28.530639 6.644356 -10.884674 3.826775 4.206655 -21.059126 36.115009 7.085306 -6.107878 35.336742 8.344431 -15.319157 20.791002 9.228278 -8.527080 30.449809 -1.026281 -7.210101 40.474625 -0.117231 -8.637283 19.365403 5.372431 -0.194158 23.701531 -3.696120 5.719162 43.456241 1.178012 7.020673 10.566582 5.689844 -5.016964 -1.815512 -16.105869 49.351500 -2.534405 -2.202652 -28.595968 14.507776 -6.620650 30.044851
-0.004086 0.840803 -0.060146 -9.485531 -14.307024 -12.715526 20.816549 2.310054 -6.046153 0.951684 13.043022 61.470506 -25.398243 35.032786 -24.422808 21.875674 6.745539 -36.179894 14.738285 3.368508 -13.151799 -0.506529 -9.510291 48.317879 -7.602336 41.014203 -17.614360 -22.167020 -1.760861 -9.996082 0.818020 0.069220 -1.097696 -5.790529 -7.379020 5.269684 -2.990906 -13.809416 18.006315 -24.452182 25.688936 -15.114146 38.098595 -1.760349 -16.607676 15.701461 2.219466 -33.497053 -17.768667 -37.609811 -2.033906 34.607709 -38.243726 -69.944021 4.183453 -15.632246 -61.973697 -33.069433 -18.152276 -21.722576 -28.530639 -6.644358 -10.884674 -3.826775 -4.206650 -21.059126 -36.115009 -7.085308 -6.107878 -35.336742 -8.344426 -15.319157 -20.791002 -9.228274 -8.527080 -30.449809 1.026286 -7.210101 -40.474625 0.117229 -8.637283 -19.365403 -5.372419 -0.194158 -23.701531 3.696132 5.719162 -43.456241 -1.178000 7.020673 -10.566582 -5.689846 -5.016964 1.815512 16.105874 49.351500 2.534405 2.202657 -28.595968 -14.507776 6.620655 30.044851 10.145718 -23.656103 -14.461894 60.333110 -7.150365 15.823502 24.469149 29.399817 56.586383 18.111459 31.848221 21.778037 33.069433 18.152274 -21.722576 28.530639 6.644356 -10.884674 3.826775 4.206655 -21.059126 36.115009 7.085306 -6.107878 35.336742 8.344431 -15.319157 20.791002 9.228278 -8.527080 30.449809 -1.026281 -7.210101 40.474625 -0.117231 -8.637283 19.365403 5.372431 -0.194158 23.701531 -3.696120 5.719162 43.456241 1.178012 7.020673 10.566582 5.689844 -5.016964 -1.815512 -16.105869 49.351500 -2.534405 -2.202652 -28.595968 14.507776 -6.620650 30.044851
-0.012329 0.835587 -0.050264 -10.331501 -17.174842 -13.804771 21.251059 1.120297 -3.502077 0.604035 12.899231 62.675495 -27.522399 37.239551 -26.542616 24.308747 6.406406 -33.990235 15.407721 2.583446 -10.680475 -0.338813 -10.483730 48.205021 -12.549177 43.178744 -20.605274 -17.850125 -3.471523 -9.937667 0.763780 -0.118180 -0.799798 -5.656398 -8.055706 4.924998 -2.737815 -15.295427 15.460905 -26.129918 26.593896 -14.029423 42.034208 -2.586863 -13.091593 17.303737 -1.163964 -30.485360 -13.800188 -36.211842 -7.037088 33.084446 -36.036022 -70.294743 5.664814 -15.571908 -61.267017 -33.069433 -18.152276 -21.722576 -28.530639 -6.644358 -10.884674 -3.826775 -4.206650 -21.059126 -36.115009 -7.085308 -6.107878 -35.336742 -8.344426 -15.319157 -20.791002 -9.228274 -8.527080 -30.449809 1.026286 -7.210101 -40.474625 0.117229 -8.637283 -19.365403 -5.372419 -0.194158 -23.701531 3.696132 5.719162 -43.456241 -1.178000 7.020673 -10.566582 -5.689846 -5.016964 1.815512 16.105874 49.351500 2.534405 2.202657 -28.595968 -14.507776 6.620655 30.044851 10.968446 -24.990586 -11.026083 58.446229 -3.975946 13.629847 23.139060 27.828016 54.703842 18.807636 32.143712 19.950688 33.069433 18.152274 -21.722576 28.530639 6.644356 -10.884674 3.826775 4.206655 -21.059126 36.115009 7.085306 -6.107878 35.336742 8.344431 -15.319157 20.791002 9.228278 -8.527080 30.449809 -1.026281 -7.210101 40.474625 -0.117231 -8.637283 19.365403 5.372431 -0.194158 23.701531 -3.696120 5.719162 43.456241 1.178012 7.020673 10.566582 5.689844 -5.016964 -1.815512 -16.105869 49.351500 -2.534405 -2.202652 -28.595968 14.507776 -6.620650 30.044851
-0.020354 0.829655 -0.043318 -10.821606 -20.507454 -14.451308 21.477963 0.073878 -1.389561 0.188004 13.673775 64.009859 -29.071759 39.331573 -28.393226 26.547856 5.898042 -31.981509 16.295414 1.995989 -9.185571 -0.344899 -10.098740 48.684917 -16.829089 44.233627 -23.666254 -13.285703 -5.157972 -9.937795 0.861861 -0.247407 -0.557448 -5.571546 -8.372558 4.659817 -2.255086 -16.270074 12.747432 -27.477063 27.042845 -13.454901 44.481695 -3.107064 -9.578908 18.010910 -3.836563 -27.372403 -9.618245 -34.833106 -11.138816 30.320801 -33.853913 -68.772134 6.520957 -15.985515 -61.165772 -33.069433 -18.152276 -21.722576 -28.530639 -6.644358 -10.884674 -3.826775 -4.206650 -21.059126 -36.115009 -7.085308 -6.107878 -35.336742 -8.344426 -15.319157 -20.791002 -9.228274 -8.527080 -30.449809 1.026286 -7.210101 -40.474625 0.117229 -8.637283 -19.365403 -5.372419 -0.194158 -23.701531 3.696132 5.719162 -43.456241 -1.178000 7.020673 -10.566582 -5.689846 -5.016964 1.815512 16.105874 49.351500 2.534405 2.202657 -28.595968 -14.507776 6.620655 30.044851 11.347225 -25.447690 -7.279087 57.259674 -0.490849 10.914368 21.110564 25.558112 51.864676 19.354338 33.195056 18.773191 33.069433 18.152274 -21.722576 28.530639 6.644356 -10.884674 3.826775 4.206655 -21.059126 36.115009 7.085306 -6.107878 35.336742 8.344431 -15.319157 20.791002 9.228278 -8.527080 30.449809 -1.026281 -7.210101 40.474625 -0.117231 -8.637283 19.365403 5.372431 -0.194158 23.701531 -3.696120 5.719162 43.456241 1.178012 7.020673 10.566582 5.689844 -5.016964 -1.815512 -16.105869 49.351500 -2.534405 -2.202652 -28.595968 14.507776 -6.620650 30.044851
-0.028390 0.824434 -0.039980 -11.257081 -23.867985 -14.705320 21.688054 -0.802060 0.258167 -0.193653 14.767170 65.255944 -29.891648 41.618192 -29.660182 28.395018 5.399581 -30.488874 17.479826 1.554588 -8.258857 -0.454465 -8.920831 49.256884 -20.033385 44.671983 -26.381501 -9.111057 -6.612522 -9.977688 0.972835 -0.318209 -0.435083 -5.342236 -8.624102 4.522947 -1.623515 -16.973112 10.274475 -28.187938 27.340191 -12.931047 45.238876 -2.901735 -6.575020 18.220831 -5.816095 -24.662655 -5.769523 -33.490100 -14.101373 27.585399 -31.192043 -66.692209 6.946019 -16.655653 -60.645318 -33.069433 -18.152276 -21.722576 -28.530639 -6.644358 -10.884674 -3.826775 -4.206650 -21.059126 -36.115009 -7.085308 -6.107878 -35.336742 -8.344426 -15.319157 -20.791002 -9.228274 -8.527080 -30.449809 1.026286 -7.210101 -40.474625 0.117229 -8.637283 -19.365403 -5.372419 -0.194158 -23.701531 3.696132 5.719162 -43.456241 -1.178000 7.020673 -10.566582 -5.689846 -5.016964 1.815512 16.105874 49.351500 2.534405 2.202657 -28.595968 -14.507776 6.620655 30.044851 11.603901 -25.203197 -3.909981 56.577288 2.903933 8.279292 18.784176 22.950031 48.241722 19.742755 34.714744 18.195202 33.069433 18.152274 -21.722576 28.530639 6.644356 -10.884674 3.826775 4.206655 -21.059126 36.115009 7.085306 -6.107878 35.336742 8.344431 -15.319157 20.791002 9.228278 -8.527080 30.449809 -1.026281 -7.210101 40.474625 -0.117231 -8.637283 19.365403 5.372431 -0.194158 23.701531 -3.696120 5.719162 43.456241 1.178012 7.020673 10.566582 5.689844 -5.016964 -1.815512 -16.105869 49.351500 -2.534405 -2.202652 -28.595968 14.507776 -6.620650 30.044851
-0.036117 0.822193 -0.038141 -11.802505 -26.783880 -14.380509 21.996077 -1.414209 1.208640 -0.469401 15.652467 66.189902 -29.819999 44.188576 -30.080413 29.849276 4.982516 -29.442286 18.837668 1.188490 -7.755039 -0.594180 -7.493562 49.387465 -22.063669 44.855333 -28.508888 -5.563532 -7.707941 -10.044009 0.997737 -0.327689 -0.376851 -4.920388 -9.111094 4.291998 -0.851998 -17.666321 7.937638 -28.228851 27.569330 -12.325210 44.711461 -1.878860 -4.127144 18.512300 -7.169961 -22.367315 -2.624773 -32.132687 -16.304386 25.303646 -28.022071 -64.750628 6.931787 -17.808876 -59.659394 -33.069433 -18.152276 -21.722576 -28.530639 -6.644358 -10.884674 -3.826775 -4.206650 -21.059126 -36.115009 -7.085308 -6.107878 -35.336742 -8.344426 -15.319157 -20.791002 -9.228274 -8.527080 -30.449809 1.026286 -7.210101 -40.474625 0.117229 -8.637283 -19.365403 -5.372419 -0.194158 -23.701531 3.696132 5.719162 -43.456241 -1.178000 7.020673 -10.566582 -5.689846 -5.016964 1.815512 16.105874 49.351500 2.534405 2.202657 -28.595968 -14.507776 6.620655 30.044851 11.718373 -24.624133 -0.942615 56.230009 6.054876 6.252739 16.587797 20.261771 44.349534 19.890880 36.315794 17.971236 33.069433 18.152274 -21.722576 28.530639 6.644356 -10.884674 3.826775 4.206655 -21.059126 36.115009 7.085306 -6.107878 35.336742 8.344431 -15.319157 20.791002 9.228278 -8.527080 30.449809 -1.026281 -7.210101 40.474625 -0.117231 -8.637283 19.365403 5.372431 -0.194158 23.701531 -3.696120 5.719162 43.456241 1.178012 7.020673 10.566582 5.689844 -5.016964 -1.815512 -16.105869 49.351500 -2.534405 -2.202652 -28.595968 14.507776 -6.620650 30.044851
-0.043315 0.824001 -0.037741 -12.355238 -29.059766 -13.417838 22.274309 -1.736846 1.466709 -0.660920 16.285701 66.523492 -28.724428 46.837550 -29.652008 31.111875 4.508043 -27.982270 20.083913 0.827794 -7.610917 -0.722747 -6.126657 48.827198 -23.114926 45.140178 -30.006582 -2.591148 -8.419510 -10.090730 0.963138 -0.294693 -0.257141 -4.441958 -9.848379 3.635268 0.008147 -18.415232 5.538979 -28.015721 27.728870 -11.839785 43.903721 -0.499312 -2.041585 19.158445 -8.078376 -20.452872 -0.350207 -30.771210 -18.029117 23.342814 -24.629850 -63.284985 6.469717 -19.508519 -58.483728 -33.069433 -18.152276 -21.722576 -28.530639 -6.644358 -10.884674 -3.826775 -4.206650 -21.059126 -36.115009 -7.085308 -6.107878 -35.336742 -8.344426 -15.319157 -20.791002 -9.228274 -8.527080 -30.449809 1.026286 -7.210101 -40.474625 0.117229 -8.637283 -19.365403 -5.372419 -0.194158 -23.701531 3.696132 5.719162 -43.456241 -1.178000 7.020673 -10.566582 -5.689846 -5.016964 1.815512 16.105874 49.351500 2.534405 2.202657 -28.595968 -14.507776 6.620655 30.044851 11.453798 -24.061447 1.747122 56.163444 8.737332 4.994605 14.890849 17.858890 41.127586 19.759273 37.571334 17.673643 33.069433 18.152274 -21.722576 28.530639 6.644356 -10.884674 3.826775 4.206655 -21.059126 36.115009 7.085306 -6.107878 35.336742 8.344431 -15.319157 20.791002 9.228278 -8.527080 30.449809 -1.026281 -7.210101 40.474625 -0.117231 -8.637283 19.365403 5.372431 -0.194158 23.701531 -3.696120 5.719162 43.456241 1.178012 7.020673 10.566582 5.689844 -5.016964 -1.815512 -16.105869 49.351500 -2.534405 -2.202652 -28.595968 14.507776 -6.620650 30.044851
-0.050163 0.829642 -0.039162 -12.692103 -30.721202 -12.067223 22.193651 -1.860500 1.372396 -0.807154 16.945748 66.031335 -26.886964 48.783826 -28.716127 32.230247 3.755336 -25.060455 20.894010 0.459401 -7.758994 -0.797491 -5.025494 47.720342 -23.437820 45.693154 -30.859937 -0.253195 -8.787411 -10.041187 0.965589 -0.267707 -0.040569 -4.097584 -10.623024 2.433804 0.804627 -19.107308 3.236629 -28.057652 27.817006 -11.722914 43.618517 0.591517 -0.307096 20.005436 -8.727470 -19.117100 1.182429 -29.489866 -19.096024 21.590793 -21.615368 -62.693411 5.738463 -21.240649 -57.268654 -33.069433 -18.152276 -21.722576 -28.530639 -6.644358 -10.884674 -3.826775 -4.206650 -21.059126 -36.115009 -7.085308 -6.107878 -35.336742 -8.344426 -15.319157 -20.791002 -9.228274 -8.527080 -30.449809 1.026286 -7.210101 -40.474625 0.117229 -8.637283 -19.365403 -5.372419 -0.194158 -23.701531 3.696132 5.719162 -43.456241 -1.178000 7.020673 -10.566582 -5.689846 -5.016964 1.815512 16.105874 49.351500 2.534405 2.202657 -28.595968 -14.507776 6.620655 30.044851 10.680336 -23.746112 4.007605 56.380402 10.688894 4.339004 13.855978 16.204954 39.421276 19.563508 38.162690 17.127331 33.069433 18.152274 -21.722576 28.530639 6.644356 -10.884674 3.826775 4.206655 -21.059126 36.115009 7.085306 -6.107878 35.336742 8.344431 -15.319157 20.791002 9.228278 -8.527080 30.449809 -1.026281 -7.210101 40.474625 -0.117231 -8.637283 19.365403 5.372431 -0.194158 23.701531 -3.696120 5.719162 43.456241 1.178012 7.020673 10.566582 5.689844 -5.016964 -1.815512 -16.105869 49.351500 -2.534405 -2.202652 -28.595968 14.507776 -6.620650 30.044851
-0.055805 0.837754 -0.042534 -12.731143 -31.915039 -10.614990 21.538934 -1.769126 1.355084 -0.936340 17.624322 64.696549 -25.376927 48.853140 -27.660733 32.789764 2.837898 -21.528231 21.127728 0.163934 -8.189601 -0.771079 -4.344619 46.401107 -23.095586 46.313497 -31.034849 1.247909 -8.889215 -9.804545 1.070347 -0.268540 0.187475 -4.035536 -11.226083 0.890771 1.379562 -19.580135 1.416747 -28.640376 27.826460 -12.114843 44.147176 0.993460 0.857848 20.879118 -9.106347 -18.495969 2.382038 -28.608687 -19.425222 20.125749 -19.271478 -62.627817 4.609073 -22.861652 -56.784792 -33.069433 -18.152276 -21.722576 -28.530639 -6.644358 -10.884674 -3.826775 -4.206650 -21.059126 -36.115009 -7.085308 -6.107878 -35.336742 -8.344426 -15.319157 -20.791002 -9.228274 -8.527080 -30.449809 1.026286 -7.210101 -40.474625 0.117229 -8.637283 -19.365403 -5.372419 -0.194158 -23.701531 3.696132 5.719162 -43.456241 -1.178000 7.020673 -10.566582 -5.689846 -5.016964 1.815512 16.105874 49.351500 2.534405 2.202657 -28.595968 -14.507776 6.620655 30.044851 9.586799 -23.704025 5.529750 56.767822 11.779462 4.095154 13.458386 15.648914 39.260738 19.583575 37.965940 16.485274 33.069433 18.152274 -21.722576 28.530639 6.644356 -10.884674 3.826775 4.206655 -21.059126 36.115009 7.085306 -6.107878 35.336742 8.344431 -15.319157 20.791002 9.228278 -8.527080 30.449809 -1.026281 -7.210101 40.474625 -0.117231 -8.637283 19.365403 5.372431 -0.194158 23.701531 -3.696120 5.719162 43.456241 1.178012 7.020673 10.566582 5.689844 -5.016964 -1.815512 -16.105869 49.351500 -2.534405 -2.202652 -28.595968 14.507776 -6.620650 30.044851
-0.059469 0.846507 -0.047109 -12.665619 -32.748497 -9.208322 20.564545 -1.325874 1.638098 -1.098510 17.943517 62.788084 -25.490437 46.649611 -26.573666 32.388317 2.383151 -20.597840 20.895953 0.011361 -8.758206 -0.614726 -4.266339 45.122523 -22.304176 46.840285 -30.731141 2.011668 -8.836111 -9.394606 1.235254 -0.261703 0.279925 -4.220425 -11.653658 -0.488596 1.724946 -19.803196 0.298109 -29.407810 27.801748 -12.739727 44.972749 0.911484 1.354450 21.737926 -9.281439 -18.540827 3.795422 -28.257069 -19.287036 19.083051 -17.218059 -62.246794 2.421778 -24.822523 -57.316037 -33.069433 -18.152276 -21.722576 -28.530639 -6.644358 -10.884674 -3.826775 -4.206650 -21.059126 -36.115009 -7.085308 -6.107878 -35.336742 -8.344426 -15.319157 -20.791002 -9.228274 -8.527080 -30.449809 1.026286 -7.210101 -40.474625 0.117229 -8.637283 -19.365403 -5.372419 -0.194158 -23.701531 3.696132 5.719162 -43.456241 -1.178000 7.020673 -10.566582 -5.689846 -5.016964 1.815512 16.105874 49.351500 2.534405 2.202657 -28.595968 -14.507776 6.620655 30.044851 8.665043 -23.669929 6.187142 56.946586 12.035035 4.028587 13.644466 16.291568 39.914567 19.848222 36.918578 15.912954 33.069433 18.152274 -21.722576 28.530639 6.644356 -10.884674 3.826775 4.206655 -21.059126 36.115009 7.085306 -6.107878 35.336742 8.344431 -15.319157 20.791002 9.228278 -8.527080 30.449809 -1.026281 -7.210101 40.474625 -0.117231 -8.637283 19.365403 5.372431 -0.194158 23.701531 -3.696120 5.719162 43.456241 1.178012 7.020673 10.566582 5.689844 -5.016964 -1.815512 -16.105869 49.351500 -2.534405 -2.202652 -28.595968 14.507776 -6.620650 30.044851
-0.060366 0.853667 -0.050885 -12.708504 -33.237531 -8.049369 19.810700 -0.643934 2.212637 -1.309614 17.908907 60.686859 -27.433252 43.270801 -25.559751 31.314802 2.612352 -23.479117 20.449136 -0.058655 -9.207445 -0.359516 -4.709201 44.070744 -21.398987 47.230724 -30.274893 2.377191 -8.727121 -8.931562 1.377576 -0.223160 0.193524 -4.479111 -11.968736 -1.273198 1.908532 -19.879161 -0.126363 -29.883487 27.827048 -13.269024 45.506845 0.706640 1.319683 22.548630 -9.401473 -18.996132 5.572143 -28.160220 -19.064751 18.508280 -15.229727 -61.294182 -1.267910 -27.181854 -57.871401 -33.069433 -18.152276 -21.722576 -28.530639 -6.644358 -10.884674 -3.826775 -4.206650 -21.059126 -36.115009 -7.085308 -6.107878 -35.336742 -8.344426 -15.319157 -20.791002 -9.228274 -8.527080 -30.449809 1.026286 -7.210101 -40.474625 0.117229 -8.637283 -19.365403 -5.372419 -0.194158 -23.701531 3.696132 5.719162 -43.456241 -1.178000 7.020673 -10.566582 -5.689846 -5.016964 1.815512 16.105874 49.351500 2.534405 2.202657 -28.595968 -14.507776 6.620655 30.044851 8.303429 -23.337386 6.050302 56.616866 11.610395 3.897169 14.309170 17.787524 40.598689 20.246984 35.183641 15.587401 33.069433 18.152274 -21.722576 28.530639 6.644356 -10.884674 3.826775 4.206655 -21.059126 36.115009 7.085306 -6.107878 35.336742 8.344431 -15.319157 20.791002 9.228278 -8.527080 30.449809 -1.026281 -7.210101 40.474625 -0.117231 -8.637283 19.365403 5.372431 -0.194158 23.701531 -3.696120 5.719162 43.456241 1.178012 7.020673 10.566582 5.689844 -5.016964 -1.815512 -16.105869 49.351500 -2.534405 -2.202652 -28.595968 14.507776 -6.620650 30.044851
-0.057812 0.856817 -0.050126 -12.859379 -33.436875 -7.359013 19.537518 -0.070833 2.782727 -1.492226 17.803525 59.090185 -29.800983 40.520705 -24.890510 30.279559 3.016849 -27.411352 20.100758 -0.108317 -9.435839 -0.117442 -5.183066 43.463181 -20.619048 47.336252 -29.868652 2.551461 -8.629368 -8.595697 1.449854 -0.165397 0.057871 -4.646532 -12.169987 -1.487137 1.990547 -19.908764 -0.112503 -29.997069 27.917162 -13.579517 45.643494 0.574701 1.054028 23.150030 -9.504363 -19.456911 7.166767 -28.094504 -18.973676 18.303439 -13.657022 -60.273561 -5.185119 -29.233198 -57.812820 -33.069433 -18.152276 -21.722576 -28.530639 -6.644358 -10.884674 -3.826775 -4.206650 -21.059126 -36.115009 -7.085308 -6.107878 -35.336742 -8.344426 -15.319157 -20.791002 -9.228274 -8.527080 -30.449809 1.026286 -7.210101 -40.474625 0.117229 -8.637283 -19.365403 -5.372419 -0.194158 -23.701531 3.696132 5.719162 -43.456241 -1.178000 7.020673 -10.566582 -5.689846 -5.016964 1.815512 16.105874 49.351500 2.534405 2.202657 -28.595968 -14.507776 6.620655 30.044851 8.385583 -22.803487 5.538360 56.023352 10.966028 3.682281 15.057182 19.248656 40.990637 20.597283 33.522140 15.529664 33.069433 18.152274 -21.722576 28.530639 6.644356 -10.884674 3.826775 4.206655 -21.059126 36.115009 7.085306 -6.107878 35.336742 8.344431 -15.319157 20.791002 9.228278 -8.527080 30.449809 -1.026281 -7.210101 40.474625 -0.117231 -8.637283 19.365403 5.372431 -0.194158 23.701531 -3.696120 5.719162 43.456241 1.178012 7.020673 10.566582 5.689844 -5.016964 -1.815512 -16.105869 49.351500 -2.534405 -2.202652 -28.595968 14.507776 -6.620650 30.044851
