HIERARCHY
ROOT pelvis
{
	OFFSET 0.000000 0.000000 0.000000
	CHANNELS 6 Xposition Yposition Zposition Zrotation Yrotation Xrotation
	JOINT left_hip
	{
		OFFSET 0.077425 -0.075087 0.000000
		CHANNELS 3 Zrotation Yrotation Xrotation
		JOINT left_knee
		{
			OFFSET 0.000000 -0.396724 0.000002
			CHANNELS 3 Zrotation Yrotation Xrotation
			JOINT left_ankle
			{
				OFFSET 0.000000 -0.353591 -0.000002
				CHANNELS 3 Zrotation Yrotation Xrotation
				JOINT left_foot
				{
					OFFSET 0.000000 -0.043706 0.130020
					CHANNELS 3 Zrotation Yrotation Xrotation
				}
			}
		}
	}
	JOINT right_hip
	{
		OFFSET -0.077425 -0.075087 0.000000
		CHANNELS 3 Zrotation Yrotation Xrotation
		JOINT right_knee
		{
			OFFSET 0.000000 -0.396725 0.000002
			CHANNELS 3 Zrotation Yrotation Xrotation
			JOINT right_ankle
			{
				OFFSET 0.000000 -0.353591 -0.000002
				CHANNELS 3 Zrotation Yrotation Xrotation
				JOINT right_foot
				{
					OFFSET 0.000000 -0.043706 0.130020
					CHANNELS 3 Zrotation Yrotation Xrotation
				}
			}
		}
	}
	JOINT spine1
	{
		OFFSET 0.000000 0.096241 0.000000
		CHANNELS 3 Zrotation Yrotation Xrotation
		JOINT spine2
		{
			OFFSET 0.000367 0.090004 0.000000
			CHANNELS 3 Zrotation Yrotation Xrotation
			JOINT spine3
			{
				OFFSET -0.000078 0.086928 0.000000
				CHANNELS 3 Zrotation Yrotation Xrotation
				JOINT neck
				{
					OFFSET 0.000002 0.180729 -0.000328
					CHANNELS 3 Zrotation Yrotation Xrotation
					JOINT head
					{
						OFFSET 0.000000 0.160452 0.000000
						CHANNELS 3 Zrotation Yrotation Xrotation
					}
				}
				JOINT left_collar
				{
					OFFSET 0.047741 0.119000 0.000000
					CHANNELS 3 Zrotation Yrotation Xrotation
					JOINT left_shoulder
					{
						OFFSET 0.092499 0.002371 0.000569
						CHANNELS 3 Zrotation Yrotation Xrotation
						JOINT left_elbow
						{
							OFFSET 0.263013 0.000000 0.000000
							CHANNELS 3 Zrotation Yrotation Xrotation
							JOINT left_wrist
							{
								OFFSET 0.252820 0.000000 0.000000
								CHANNELS 3 Zrotation Yrotation Xrotation
								JOINT left_pinky1
								{
									OFFSET 0.072201 -0.001902 -0.025742
									CHANNELS 3 Zrotation Yrotation Xrotation
									JOINT left_pinky2
									{
										OFFSET 0.028997 0.000007 0.000000
										CHANNELS 3 Zrotation Yrotation Xrotation
										JOINT left_pinky3
										{
											OFFSET 0.018589 0.000000 0.000000
											CHANNELS 3 Zrotation Yrotation Xrotation
										}
									}
								}
								JOINT left_ring1
								{
									OFFSET 0.078858 0.001509 -0.009718
									CHANNELS 3 Zrotation Yrotation Xrotation
									JOINT left_ring2
									{
										OFFSET 0.034532 0.000000 0.000000
										CHANNELS 3 Zrotation Yrotation Xrotation
										JOINT left_ring3
										{
											OFFSET 0.025050 0.000000 0.000000
											CHANNELS 3 Zrotation Yrotation Xrotation
										}
									}
								}
								JOINT left_middle1
								{
									OFFSET 0.082704 0.001848 0.007442
									CHANNELS 3 Zrotation Yrotation Xrotation
									JOINT left_middle2
									{
										OFFSET 0.034830 0.000001 0.000000
										CHANNELS 3 Zrotation Yrotation Xrotation
										JOINT left_middle3
										{
											OFFSET 0.030383 0.000000 0.000000
											CHANNELS 3 Zrotation Yrotation Xrotation
										}
									}
								}
								JOINT left_index1
								{
									OFFSET 0.082455 -0.002111 0.024954
									CHANNELS 3 Zrotation Yrotation Xrotation
									JOINT left_index2
									{
										OFFSET 0.033926 -0.000039 0.000000
										CHANNELS 3 Zrotation Yrotation Xrotation
										JOINT left_index3
										{
											OFFSET 0.025192 0.000000 0.000000
											CHANNELS 3 Zrotation Yrotation Xrotation
										}
									}
								}
								JOINT left_thumb1
								{
									OFFSET 0.017964 -0.010632 0.010977
									CHANNELS 3 Zrotation Yrotation Xrotation
									JOINT left_thumb2
									{
										OFFSET 0.032578 -0.011399 0.030005
										CHANNELS 3 Zrotation Yrotation Xrotation
										JOINT left_thumb3
										{
											OFFSET 0.020721 -0.007250 0.019085
											CHANNELS 3 Zrotation Yrotation Xrotation
										}
									}
								}
							}
						}
					}
				}
				JOINT right_collar
				{
					OFFSET -0.047741 0.119002 0.000000
					CHANNELS 3 Zrotation Yrotation Xrotation
					JOINT right_shoulder
					{
						OFFSET -0.092499 0.002370 0.000569
						CHANNELS 3 Zrotation Yrotation Xrotation
						JOINT right_elbow
						{
							OFFSET -0.263013 0.000000 0.000000
							CHANNELS 3 Zrotation Yrotation Xrotation
							JOINT right_wrist
							{
								OFFSET -0.252820 0.000000 0.000000
								CHANNELS 3 Zrotation Yrotation Xrotation
								JOINT right_pinky1
								{
									OFFSET -0.072201 -0.001900 -0.025742
									CHANNELS 3 Zrotation Yrotation Xrotation
									JOINT right_pinky2
									{
										OFFSET -0.028997 0.000010 0.000000
										CHANNELS 3 Zrotation Yrotation Xrotation
										JOINT right_pinky3
										{
											OFFSET -0.018588 0.000000 0.000000
											CHANNELS 3 Zrotation Yrotation Xrotation
										}
									}
								}
								JOINT right_ring1
								{
									OFFSET -0.078858 0.001510 -0.009717
									CHANNELS 3 Zrotation Yrotation Xrotation
									JOINT right_ring2
									{
										OFFSET -0.034532 0.000000 0.000000
										CHANNELS 3 Zrotation Yrotation Xrotation
										JOINT right_ring3
										{
											OFFSET -0.025050 0.000000 0.000000
											CHANNELS 3 Zrotation Yrotation Xrotation
										}
									}
								}
								JOINT right_middle1
								{
									OFFSET -0.082704 0.001850 0.007442
									CHANNELS 3 Zrotation Yrotation Xrotation
									JOINT right_middle2
									{
										OFFSET -0.034830 0.000000 0.000000
										CHANNELS 3 Zrotation Yrotation Xrotation
										JOINT right_middle3
										{
											OFFSET -0.030383 0.000000 0.000000
											CHANNELS 3 Zrotation Yrotation Xrotation
										}
									}
								}
								JOINT right_index1
								{
									OFFSET -0.082456 -0.002110 0.024954
									CHANNELS 3 Zrotation Yrotation Xrotation
									JOINT right_index2
									{
										OFFSET -0.033926 -0.000040 0.000000
										CHANNELS 3 Zrotation Yrotation Xrotation
										JOINT right_index3
										{
											OFFSET -0.025192 0.000000 0.000000
											CHANNELS 3 Zrotation Yrotation Xrotation
										}
									}
								}
								JOINT right_thumb1
								{
									OFFSET -0.017964 -0.010630 0.010977
									CHANNELS 3 Zrotation Yrotation Xrotation
									JOINT right_thumb2
									{
										OFFSET -0.032579 -0.011400 0.030005
										CHANNELS 3 Zrotation Yrotation Xrotation
										JOINT right_thumb3
										{
											OFFSET -0.020721 -0.007250 0.019085
											CHANNELS 3 Zrotation Yrotation Xrotation
										}
									}
								}
							}
						}
					}
				}
			}
		}
	}
}
MOTION
Frames: 240
Frame Time: 0.033333
0.018676 0.932171 -0.011299 -0.101880 0.704414 2.000859 1.113156 3.796905 -16.584034 -2.072098 3.532126 64.712600 -18.757026 -0.173853 2.557219 49.294548 -11.098959 -16.828051 6.203101 -0.640212 -3.917168 1.669747 0.322893 14.551897 -7.591430 6.622431 6.016824 -3.357791 -0.164284 -31.940833 -0.296747 -0.534849 -3.241701 1.701258 0.067239 -3.074273 -0.840610 -1.160214 7.809293 0.442667 -5.600589 8.654086 3.098821 8.374682 -15.986100 7.635807 11.585895 4.803757 -95.888698 -20.106360 6.372498 1.421463 0.201131 -17.517415 -4.103555 13.162617 2.789351 -33.069437 -18.152277 -21.722575 -28.530639 -6.644358 -10.884674 -3.826775 -4.206650 -21.059126 -36.115008 -7.085308 -6.107878 -35.336742 -8.344426 -15.319158 -20.791002 -9.228273 -8.527080 -30.449810 1.026286 -7.210100 -40.474625 0.117229 -8.637283 -19.365405 -5.372419 -0.194158 -23.701533 3.696132 5.719162 -43.456242 -1.178000 7.020673 -10.566583 -5.689846 -5.016964 1.815512 16.105875 49.351501 2.534405 2.202657 -28.595968 -14.507776 6.620655 30.044851 1.831711 -9.690062 -4.683600 88.787992 21.694534 4.989344 -2.725385 -2.526956 4.335559 8.065758 -11.927475 -8.620472 33.069437 18.152275 -21.722575 28.530639 6.644356 -10.884674 3.826775 4.206655 -21.059126 36.115008 7.085306 -6.107878 35.336742 8.344431 -15.319158 20.791002 9.228278 -8.527080 30.449810 -1.026281 -7.210100 40.474625 -0.117231 -8.637283 19.365405 5.372431 -0.194158 23.701533 -3.696120 5.719162 43.456242 1.178012 7.020673 10.566583 5.689844 -5.016964 -1.815512 -16.105870 49.351501 -2.534405 -2.202652 -28.595968 14.507776 -6.620650 30.044851
0.019549 0.936495 0.025204 0.594492 0.492145 2.535521 0.412426 2.652390 -19.255331 -1.705997 3.586610 58.111734 -18.686967 0.832083 1.035715 48.423757 -10.246408 -17.488716 5.350893 -0.113440 -2.061320 1.615823 -0.258664 12.867781 -7.583311 7.171448 6.290972 -2.526687 -0.067821 -32.572769 -1.010397 -0.329773 -3.640023 1.510095 0.080988 -3.031006 -0.749895 -1.298239 7.881734 0.472475 -5.506428 8.761190 3.233410 8.228714 -15.962707 7.635101 11.274295 4.543485 -95.853823 -18.327615 4.984812 1.792090 0.580951 -18.312552 -3.956785 13.455345 2.968653 -33.069437 -18.152277 -21.722575 -28.530639 -6.644358 -10.884674 -3.826775 -4.206650 -21.059126 -36.115008 -7.085308 -6.107878 -35.336742 -8.344426 -15.319158 -20.791002 -9.228273 -8.527080 -30.449810 1.026286 -7.210100 -40.474625 0.117229 -8.637283 -19.365405 -5.372419 -0.194158 -23.701533 3.696132 5.719162 -43.456242 -1.178000 7.020673 -10.566583 -5.689846 -5.016964 1.815512 16.105875 49.351501 2.534405 2.202657 -28.595968 -14.507776 6.620655 30.044851 2.383111 -9.912876 -5.669699 88.019056 22.230445 5.694889 -1.704596 -1.482852 3.545352 7.858621 -12.869187 -8.213857 33.069437 18.152275 -21.722575 28.530639 6.644356 -10.884674 3.826775 4.206655 -21.059126 36.115008 7.085306 -6.107878 35.336742 8.344431 -15.319158 20.791002 9.228278 -8.527080 30.449810 -1.026281 -7.210100 40.474625 -0.117231 -8.637283 19.365405 5.372431 -0.194158 23.701533 -3.696120 5.719162 43.456242 1.178012 7.020673 10.566583 5.689844 -5.016964 -1.815512 -16.105870 49.351501 -2.534405 -2.202652 -28.595968 14.507776 -6.620650 30.044851
0.022674 0.937507 0.056858 1.035408 0.096274 3.250438 -0.114193 1.815651 -21.742254 -1.343418 3.014090 47.512804 -18.488776 1.621961 0.107276 46.687946 -10.597111 -15.388652 4.704238 0.741351 0.230860 1.579646 -1.213797 10.916866 -7.714748 7.944988 6.259108 -1.250420 0.081555 -33.396312 -1.468802 -0.100914 -4.160716 1.338037 0.097592 -2.987883 -0.655223 -1.533088 7.989785 0.687802 -5.245405 8.814173 3.197507 7.888932 -15.941535 7.728237 11.082230 4.431298 -96.163190 -16.316466 3.593120 2.401721 1.117954 -19.199450 -3.754485 13.801663 3.352120 -33.069437 -18.152277 -21.722575 -28.530639 -6.644358 -10.884674 -3.826775 -4.206650 -21.059126 -36.115008 -7.085308 -6.107878 -35.336742 -8.344426 -15.319158 -20.791002 -9.228273 -8.527080 -30.449810 1.026286 -7.210100 -40.474625 0.117229 -8.637283 -19.365405 -5.372419 -0.194158 -23.701533 3.696132 5.719162 -43.456242 -1.178000 7.020673 -10.566583 -5.689846 -5.016964 1.815512 16.105875 49.351501 2.534405 2.202657 -28.595968 -14.507776 6.620655 30.044851 2.901626 -10.141210 -6.729285 87.379115 22.987701 6.647246 -0.557434 -0.163102 2.646532 7.702736 -13.741969 -7.706010 33.069437 18.152275 -21.722575 28.530639 6.644356 -10.884674 3.826775 4.206655 -21.059126 36.115008 7.085306 -6.107878 35.336742 8.344431 -15.319158 20.791002 9.228278 -8.527080 30.449810 -1.026281 -7.210100 40.474625 -0.117231 -8.637283 19.365405 5.372431 -0.194158 23.701533 -3.696120 5.719162 43.456242 1.178012 7.020673 10.566583 5.689844 -5.016964 -1.815512 -16.105870 49.351501 -2.534405 -2.202652 -28.595968 14.507776 -6.620650 30.044851
0.026032 0.933256 0.090298 0.784915 -0.467319 3.975174 -0.232078 1.953997 -22.883876 -0.946881 1.514057 34.234179 -18.250341 1.658721 0.379110 44.100435 -12.442628 -9.834989 4.720056 1.611893 2.481942 1.556469 -2.192748 9.334636 -8.167573 8.854004 5.576937 0.564206 0.288107 -34.240852 -1.229588 0.151762 -4.720018 1.272486 0.118663 -2.866501 -0.647238 -1.820188 8.063277 1.106509 -4.893425 8.721095 2.908807 7.415785 -15.982538 8.090444 11.274657 4.728182 -96.901321 -14.700054 2.865326 3.192660 1.635765 -19.936779 -3.562153 14.036335 4.002691 -33.069437 -18.152277 -21.722575 -28.530639 -6.644358 -10.884674 -3.826775 -4.206650 -21.059126 -36.115008 -7.085308 -6.107878 -35.336742 -8.344426 -15.319158 -20.791002 -9.228273 -8.527080 -30.449810 1.026286 -7.210100 -40.474625 0.117229 -8.637283 -19.365405 -5.372419 -0.194158 -23.701533 3.696132 5.719162 -43.456242 -1.178000 7.020673 -10.566583 -5.689846 -5.016964 1.815512 16.105875 49.351501 2.534405 2.202657 -28.595968 -14.507776 6.620655 30.044851 2.973181 -10.477071 -7.338798 87.321482 23.921142 7.774958 0.315704 1.037659 1.966597 7.690309 -14.125908 -7.212303 33.069437 18.152275 -21.722575 28.530639 6.644356 -10.884674 3.826775 4.206655 -21.059126 36.115008 7.085306 -6.107878 35.336742 8.344431 -15.319158 20.791002 9.228278 -8.527080 30.449810 -1.026281 -7.210100 40.474625 -0.117231 -8.637283 19.365405 5.372431 -0.194158 23.701533 -3.696120 5.719162 43.456242 1.178012 7.020673 10.566583 5.689844 -5.016964 -1.815512 -16.105870 49.351501 -2.534405 -2.202652 -28.595968 14.507776 -6.620650 30.044851
0.028640 0.924473 0.127921 0.018570 -1.176784 4.599041 -0.079075 2.810311 -23.044353 -0.394496 -0.419521 20.165123 -18.069312 1.017270 1.237540 41.155127 -14.479541 -3.130370 5.190924 2.138992 4.862211 1.527279 -2.752919 8.127999 -8.975270 9.802191 4.356477 2.933529 0.583082 -35.282763 -0.498687 0.496578 -5.257930 1.342370 0.130029 -2.619877 -0.795487 -2.082228 8.085460 1.539459 -4.719269 8.439740 2.528669 7.069125 -16.150356 8.705360 11.856719 5.412458 -97.831245 -13.451447 2.859769 4.072260 2.010913 -20.498750 -3.450165 14.027688 4.930801 -33.069437 -18.152277 -21.722575 -28.530639 -6.644358 -10.884674 -3.826775 -4.206650 -21.059126 -36.115008 -7.085308 -6.107878 -35.336742 -8.344426 -15.319158 -20.791002 -9.228273 -8.527080 -30.449810 1.026286 -7.210100 -40.474625 0.117229 -8.637283 -19.365405 -5.372419 -0.194158 -23.701533 3.696132 5.719162 -43.456242 -1.178000 7.020673 -10.566583 -5.689846 -5.016964 1.815512 16.105875 49.351501 2.534405 2.202657 -28.595968 -14.507776 6.620655 30.044851 2.573302 -11.127284 -7.302545 87.891960 25.102867 9.124033 0.840617 1.947269 1.628830 7.760020 -14.012356 -6.720639 33.069437 18.152275 -21.722575 28.530639 6.644356 -10.884674 3.826775 4.206655 -21.059126 36.115008 7.085306 -6.107878 35.336742 8.344431 -15.319158 20.791002 9.228278 -8.527080 30.449810 -1.026281 -7.210100 40.474625 -0.117231 -8.637283 19.365405 5.372431 -0.194158 23.701533 -3.696120 5.719162 43.456242 1.178012 7.020673 10.566583 5.689844 -5.016964 -1.815512 -16.105870 49.351501 -2.534405 -2.202652 -28.595968 14.507776 -6.620650 30.044851
0.030299 0.913511 0.169231 -0.636839 -1.968492 5.030158 -0.157806 3.835051 -23.544921 0.184398 -2.159799 8.531665 -17.892948 -0.000059 1.736313 38.772023 -15.629683 2.117762 5.455675 2.152489 7.626144 1.519156 -2.698346 7.036297 -9.819083 10.594364 3.128472 5.156509 0.954720 -36.857306 0.041340 0.894791 -5.595003 1.540158 0.135534 -2.427961 -1.091854 -2.252860 8.186854 1.765313 -4.922235 7.954169 2.270355 7.062206 -16.420931 9.124974 12.583964 6.131910 -98.503042 -12.387953 3.222811 4.912897 2.192261 -20.790964 -3.465303 13.725664 5.949555 -33.069437 -18.152277 -21.722575 -28.530639 -6.644358 -10.884674 -3.826775 -4.206650 -21.059126 -36.115008 -7.085308 -6.107878 -35.336742 -8.344426 -15.319158 -20.791002 -9.228273 -8.527080 -30.449810 1.026286 -7.210100 -40.474625 0.117229 -8.637283 -19.365405 -5.372419 -0.194158 -23.701533 3.696132 5.719162 -43.456242 -1.178000 7.020673 -10.566583 -5.689846 -5.016964 1.815512 16.105875 49.351501 2.534405 2.202657 -28.595968 -14.507776 6.620655 30.044851 2.118190 -11.988789 -6.771193 88.815818 26.423006 10.482295 1.061256 2.475871 1.631130 7.755302 -13.523881 -6.196989 33.069437 18.152275 -21.722575 28.530639 6.644356 -10.884674 3.826775 4.206655 -21.059126 36.115008 7.085306 -6.107878 35.336742 8.344431 -15.319158 20.791002 9.228278 -8.527080 30.449810 -1.026281 -7.210100 40.474625 -0.117231 -8.637283 19.365405 5.372431 -0.194158 23.701533 -3.696120 5.719162 43.456242 1.178012 7.020673 10.566583 5.689844 -5.016964 -1.815512 -16.105870 49.351501 -2.534405 -2.202652 -28.595968 14.507776 -6.620650 30.044851
0.031317 0.903917 0.211613 -0.603320 -2.729580 5.264941 -1.080860 4.584514 -25.406330 0.610558 -3.558109 2.062389 -17.663088 -0.955302 1.543821 37.196158 -15.982811 5.489085 4.902508 1.723464 10.604258 1.554099 -2.148638 6.027861 -10.194218 11.106915 2.421376 6.171650 1.309855 -39.088817 -0.181025 1.204247 -5.563114 1.789744 0.189021 -2.576356 -1.464281 -2.313430 8.533619 1.791766 -5.416037 7.274202 2.199489 7.307840 -16.670641 8.849716 13.140241 6.423860 -98.532650 -11.439123 3.472758 5.635890 2.166484 -20.673743 -3.610855 13.245652 6.741258 -33.069437 -18.152277 -21.722575 -28.530639 -6.644358 -10.884674 -3.826775 -4.206650 -21.059126 -36.115008 -7.085308 -6.107878 -35.336742 -8.344426 -15.319158 -20.791002 -9.228273 -8.527080 -30.449810 1.026286 -7.210100 -40.474625 0.117229 -8.637283 -19.365405 -5.372419 -0.194158 -23.701533 3.696132 5.719162 -43.456242 -1.178000 7.020673 -10.566583 -5.689846 -5.016964 1.815512 16.105875 49.351501 2.534405 2.202657 -28.595968 -14.507776 6.620655 30.044851 2.081797 -12.608711 -6.170459 89.681818 27.526109 11.360322 1.029377 2.603609 1.873309 7.567190 -12.838629 -5.669450 33.069437 18.152275 -21.722575 28.530639 6.644356 -10.884674 3.826775 4.206655 -21.059126 36.115008 7.085306 -6.107878 35.336742 8.344431 -15.319158 20.791002 9.228278 -8.527080 30.449810 -1.026281 -7.210100 40.474625 -0.117231 -8.637283 19.365405 5.372431 -0.194158 23.701533 -3.696120 5.719162 43.456242 1.178012 7.020673 10.566583 5.689844 -5.016964 -1.815512 -16.105870 49.351501 -2.534405 -2.202652 -28.595968 14.507776 -6.620650 30.044851
0.032615 0.897054 0.253105 0.307130 -3.336121 5.366727 -2.892332 4.488721 -28.026646 0.857688 -4.323514 0.577599 -17.314232 -1.214555 1.621221 36.148448 -15.968440 7.813834 3.370861 1.045677 13.317789 1.592900 -1.380153 5.417674 -9.793382 11.337181 2.515747 5.530821 1.516755 -41.945168 -1.272847 1.311453 -5.153221 2.007668 0.328958 -3.149909 -1.866185 -2.251276 9.119705 1.727290 -6.038452 6.507229 2.294141 7.601655 -16.768475 7.776484 13.258868 6.044879 -97.918849 -10.688998 3.343955 6.267522 1.978148 -20.142166 -3.859605 12.778726 7.128931 -33.069437 -18.152277 -21.722575 -28.530639 -6.644358 -10.884674 -3.826775 -4.206650 -21.059126 -36.115008 -7.085308 -6.107878 -35.336742 -8.344426 -15.319158 -20.791002 -9.228273 -8.527080 -30.449810 1.026286 -7.210100 -40.474625 0.117229 -8.637283 -19.365405 -5.372419 -0.194158 -23.701533 3.696132 5.719162 -43.456242 -1.178000 7.020673 -10.566583 -5.689846 -5.016964 1.815512 16.105875 49.351501 2.534405 2.202657 -28.595968 -14.507776 6.620655 30.044851 2.665364 -12.600030 -5.788785 90.263764 28.165879 11.418297 0.758355 2.365837 2.223765 7.196631 -12.126937 -5.235394 33.069437 18.152275 -21.722575 28.530639 6.644356 -10.884674 3.826775 4.206655 -21.059126 36.115008 7.085306 -6.107878 35.336742 8.344431 -15.319158 20.791002 9.228278 -8.527080 30.449810 -1.026281 -7.210100 40.474625 -0.117231 -8.637283 19.365405 5.372431 -0.194158 23.701533 -3.696120 5.719162 43.456242 1.178012 7.020673 10.566583 5.689844 -5.016964 -1.815512 -16.105870 49.351501 -2.534405 -2.202652 -28.595968 14.507776 -6.620650 30.044851
0.034315 0.893253 0.294341 1.788027 -3.732744 5.378421 -4.878243 3.371370 -30.187380 0.845857 -4.158148 2.571036 -16.761564 -0.395315 2.897205 35.718379 -15.811202 9.239844 1.218892 0.252590 15.359683 1.584164 -0.642998 5.847985 -8.537732 11.369085 3.443803 3.382031 1.453282 -45.450667 -2.804511 1.260336 -4.575586 2.116853 0.541698 -3.905228 -2.304192 -2.083765 9.711742 1.598908 -6.715972 5.849625 2.493692 7.852323 -16.647413 6.436521 12.956004 5.312936 -97.143650 -10.361026 2.923420 6.914673 1.752943 -19.245907 -4.212144 12.404493 7.104606 -33.069437 -18.152277 -21.722575 -28.530639 -6.644358 -10.884674 -3.826775 -4.206650 -21.059126 -36.115008 -7.085308 -6.107878 -35.336742 -8.344426 -15.319158 -20.791002 -9.228273 -8.527080 -30.449810 1.026286 -7.210100 -40.474625 0.117229 -8.637283 -19.365405 -5.372419 -0.194158 -23.701533 3.696132 5.719162 -43.456242 -1.178000 7.020673 -10.566583 -5.689846 -5.016964 1.815512 16.105875 49.351501 2.534405 2.202657 -28.595968 -14.507776 6.620655 30.044851 3.448776 -12.070916 -5.434733 90.851433 28.352275 10.784404 0.155908 1.775456 2.598218 6.764322 -11.437361 -5.017124 33.069437 18.152275 -21.722575 28.530639 6.644356 -10.884674 3.826775 4.206655 -21.059126 36.115008 7.085306 -6.107878 35.336742 8.344431 -15.319158 20.791002 9.228278 -8.527080 30.449810 -1.026281 -7.210100 40.474625 -0.117231 -8.637283 19.365405 5.372431 -0.194158 23.701533 -3.696120 5.719162 43.456242 1.178012 7.020673 10.566583 5.689844 -5.016964 -1.815512 -16.105870 49.351501 -2.534405 -2.202652 -28.595968 14.507776 -6.620650 30.044851
0.037096 0.890961 0.337079 3.177895 -3.970052 5.268065 -6.337541 2.111344 -31.615504 0.386675 -3.620305 7.248311 -16.015347 1.061544 4.566439 36.270142 -15.530318 9.050327 -0.952948 -0.737979 16.625203 1.563574 -0.002347 8.209935 -6.441425 11.359447 5.100708 0.014077 0.976993 -49.614986 -4.053602 1.218057 -4.157926 2.096197 0.771636 -4.432237 -2.775798 -1.890778 10.020349 1.386028 -7.423553 5.439270 2.667058 8.085915 -16.295819 5.825037 12.616188 5.019456 -96.984424 -10.664662 2.501659 7.702649 1.613478 -18.081461 -4.694315 12.069650 6.694313 -33.069437 -18.152277 -21.722575 -28.530639 -6.644358 -10.884674 -3.826775 -4.206650 -21.059126 -36.115008 -7.085308 -6.107878 -35.336742 -8.344426 -15.319158 -20.791002 -9.228273 -8.527080 -30.449810 1.026286 -7.210100 -40.474625 0.117229 -8.637283 -19.365405 -5.372419 -0.194158 -23.701533 3.696132 5.719162 -43.456242 -1.178000 7.020673 -10.566583 -5.689846 -5.016964 1.815512 16.105875 49.351501 2.534405 2.202657 -28.595968 -14.507776 6.620655 30.044851 3.455151 -11.551924 -4.617969 92.118789 28.216941 9.906763 -0.914727 0.874089 3.034620 6.557485 -10.743366 -5.113925 33.069437 18.152275 -21.722575 28.530639 6.644356 -10.884674 3.826775 4.206655 -21.059126 36.115008 7.085306 -6.107878 35.336742 8.344431 -15.319158 20.791002 9.228278 -8.527080 30.449810 -1.026281 -7.210100 40.474625 -0.117231 -8.637283 19.365405 5.372431 -0.194158 23.701533 -3.696120 5.719162 43.456242 1.178012 7.020673 10.566583 5.689844 -5.016964 -1.815512 -16.105870 49.351501 -2.534405 -2.202652 -28.595968 14.507776 -6.620650 30.044851
0.040347 0.888642 0.381594 4.012079 -4.121518 4.948072 -7.235563 1.799129 -32.195323 -0.439010 -3.407032 13.111660 -15.221191 2.251267 5.408533 37.619405 -15.097714 7.068163 -2.839472 -2.047804 17.163026 1.642662 0.494658 13.265204 -3.626927 11.462303 7.519256 -4.044143 -0.009949 -53.910669 -4.685981 1.280110 -4.013629 2.091220 0.939509 -4.508505 -3.229803 -1.706022 9.920670 1.033768 -8.177120 5.303945 2.685471 8.419536 -15.756840 6.573360 12.470562 5.615313 -97.953041 -11.603697 2.274016 8.608545 1.538325 -16.829586 -5.245511 11.747013 6.012587 -33.069437 -18.152277 -21.722575 -28.530639 -6.644358 -10.884674 -3.826775 -4.206650 -21.059126 -36.115008 -7.085308 -6.107878 -35.336742 -8.344426 -15.319158 -20.791002 -9.228273 -8.527080 -30.449810 1.026286 -7.210100 -40.474625 0.117229 -8.637283 -19.365405 -5.372419 -0.194158 -23.701533 3.696132 5.719162 -43.456242 -1.178000 7.020673 -10.566583 -5.689846 -5.016964 1.815512 16.105875 49.351501 2.534405 2.202657 -28.595968 -14.507776 6.620655 30.044851 2.057178 -11.264776 -3.095805 94.394239 27.920361 9.164212 -2.435758 -0.212676 3.648133 6.871388 -10.167820 -5.526379 33.069437 18.152275 -21.722575 28.530639 6.644356 -10.884674 3.826775 4.206655 -21.059126 36.115008 7.085306 -6.107878 35.336742 8.344431 -15.319158 20.791002 9.228278 -8.527080 30.449810 -1.026281 -7.210100 40.474625 -0.117231 -8.637283 19.365405 5.372431 -0.194158 23.701533 -3.696120 5.719162 43.456242 1.178012 7.020673 10.566583 5.689844 -5.016964 -1.815512 -16.105870 49.351501 -2.534405 -2.202652 -28.595968 14.507776 -6.620650 30.044851
0.044163 0.885438 0.425866 4.463469 -4.315366 4.473884 -8.003514 2.478070 -31.527545 -1.207227 -3.513822 17.632444 -14.561728 2.757821 5.174875 39.000674 -14.781346 4.376749 -4.627348 -3.436375 16.719711 1.841888 0.616249 21.192598 -0.486560 11.629247 10.518010 -7.820980 -1.341720 -56.689112 -5.047584 1.381463 -4.023405 2.284307 1.005939 -4.240883 -3.612619 -1.480038 9.471107 0.489999 -8.967742 5.381115 2.515284 8.981537 -15.178133 8.496029 12.325393 6.811706 -99.864114 -12.957836 2.283459 9.364845 1.467598 -15.687199 -5.670160 11.508660 5.318458 -33.069437 -18.152277 -21.722575 -28.530639 -6.644358 -10.884674 -3.826775 -4.206650 -21.059126 -36.115008 -7.085308 -6.107878 -35.336742 -8.344426 -15.319158 -20.791002 -9.228273 -8.527080 -30.449810 1.026286 -7.210100 -40.474625 0.117229 -8.637283 -19.365405 -5.372419 -0.194158 -23.701533 3.696132 5.719162 -43.456242 -1.178000 7.020673 -10.566583 -5.689846 -5.016964 1.815512 16.105875 49.351501 2.534405 2.202657 -28.595968 -14.507776 6.620655 30.044851 -0.373488 -10.907939 -1.175187 97.248513 27.608836 8.692440 -4.157778 -1.313422 4.503628 7.771171 -10.007516 -6.086218 33.069437 18.152275 -21.722575 28.530639 6.644356 -10.884674 3.826775 4.206655 -21.059126 36.115008 7.085306 -6.107878 35.336742 8.344431 -15.319158 20.791002 9.228278 -8.527080 30.449810 -1.026281 -7.210100 40.474625 -0.117231 -8.637283 19.365405 5.372431 -0.194158 23.701533 -3.696120 5.719162 43.456242 1.178012 7.020673 10.566583 5.689844 -5.016964 -1.815512 -16.105870 49.351501 -2.534405 -2.202652 -28.595968 14.507776 -6.620650 30.044851
0.049196 0.882146 0.466849 5.021866 -4.658692 3.992366 -8.913921 3.199864 -29.830762 -1.669149 -3.551744 19.820984 -14.182282 2.985458 4.116032 40.005634 -14.978445 2.192062 -6.539772 -4.577563 15.023437 1.944041 0.398216 31.151079 2.351040 11.524007 13.305965 -10.269027 -2.446510 -56.150719 -5.605329 1.378061 -4.025537 2.639776 1.005263 -3.865949 -3.925550 -1.201530 8.839156 -0.179366 -9.670978 5.487753 2.212584 9.754824 -14.792475 10.823224 11.968044 7.947252 -101.976924 -14.467779 2.550191 9.681853 1.423769 -14.789726 -5.748160 11.408481 4.777086 -33.069437 -18.152277 -21.722575 -28.530639 -6.644358 -10.884674 -3.826775 -4.206650 -21.059126 -36.115008 -7.085308 -6.107878 -35.336742 -8.344426 -15.319158 -20.791002 -9.228273 -8.527080 -30.449810 1.026286 -7.210100 -40.474625 0.117229 -8.637283 -19.365405 -5.372419 -0.194158 -23.701533 3.696132 5.719162 -43.456242 -1.178000 7.020673 -10.566583 -5.689846 -5.016964 1.815512 16.105875 49.351501 2.534405 2.202657 -28.595968 -14.507776 6.620655 30.044851 -2.787221 -10.235794 0.529984 99.853090 27.348975 8.379478 -5.763333 -2.274136 5.561112 8.984284 -10.402171 -6.616783 33.069437 18.152275 -21.722575 28.530639 6.644356 -10.884674 3.826775 4.206655 -21.059126 36.115008 7.085306 -6.107878 35.336742 8.344431 -15.319158 20.791002 9.228278 -8.527080 30.449810 -1.026281 -7.210100 40.474625 -0.117231 -8.637283 19.365405 5.372431 -0.194158 23.701533 -3.696120 5.719162 43.456242 1.178012 7.020673 10.566583 5.689844 -5.016964 -1.815512 -16.105870 49.351501 -2.534405 -2.202652 -28.595968 14.507776 -6.620650 30.044851
0.054351 0.880735 0.502702 5.711274 -5.103460 3.543964 -9.810364 3.384286 -27.617409 -1.879058 -3.377813 20.369569 -14.109354 3.353782 2.634916 40.892004 -15.585335 0.655644 -8.323169 -5.603888 12.454627 1.799683 0.396024 41.336660 4.227269 10.976533 14.992386 -10.903094 -2.730461 -52.232342 -6.244278 1.223761 -3.947887 2.966376 0.957062 -3.501526 -4.196402 -0.928418 8.211546 -0.839219 -10.151407 5.456199 1.853129 10.580737 -14.793012 12.635304 11.482821 8.489662 -103.479456 -15.995064 3.162480 9.472643 1.514611 -14.167139 -5.462980 11.431028 4.342836 -33.069437 -18.152277 -21.722575 -28.530639 -6.644358 -10.884674 -3.826775 -4.206650 -21.059126 -36.115008 -7.085308 -6.107878 -35.336742 -8.344426 -15.319158 -20.791002 -9.228273 -8.527080 -30.449810 1.026286 -7.210100 -40.474625 0.117229 -8.637283 -19.365405 -5.372419 -0.194158 -23.701533 3.696132 5.719162 -43.456242 -1.178000 7.020673 -10.566583 -5.689846 -5.016964 1.815512 16.105875 49.351501 2.534405 2.202657 -28.595968 -14.507776 6.620655 30.044851 -4.271256 -9.428356 1.604540 101.586647 27.035838 8.044030 -7.051032 -3.049404 6.717515 9.946961 -11.088475 -7.053687 33.069437 18.152275 -21.722575 28.530639 6.644356 -10.884674 3.826775 4.206655 -21.059126 36.115008 7.085306 -6.107878 35.336742 8.344431 -15.319158 20.791002 9.228278 -8.527080 30.449810 -1.026281 -7.210100 40.474625 -0.117231 -8.637283 19.365405 5.372431 -0.194158 23.701533 -3.696120 5.719162 43.456242 1.178012 7.020673 10.566583 5.689844 -5.016964 -1.815512 -16.105870 49.351501 -2.534405 -2.202652 -28.595968 14.507776 -6.620650 30.044851
0.059277 0.882325 0.533841 6.100218 -5.500356 3.101825 -10.316585 3.132314 -25.057116 -1.898179 -3.081635 19.994631 -14.272367 3.834409 1.177206 41.860419 -16.292177 -0.551227 -9.432837 -6.580120 9.652086 1.577524 0.809537 49.849483 4.750901 10.338307 15.072564 -10.127002 -2.102234 -46.685624 -6.478650 0.975811 -3.802016 3.145795 0.821688 -3.195489 -4.417023 -0.709518 7.751269 -1.429316 -10.386058 5.277802 1.511470 11.300148 -15.187212 13.276383 11.074936 8.224338 -103.895421 -17.561363 4.228372 8.885796 1.863777 -13.728223 -4.996306 11.601796 3.950070 -33.069437 -18.152277 -21.722575 -28.530639 -6.644358 -10.884674 -3.826775 -4.206650 -21.059126 -36.115008 -7.085308 -6.107878 -35.336742 -8.344426 -15.319158 -20.791002 -9.228273 -8.527080 -30.449810 1.026286 -7.210100 -40.474625 0.117229 -8.637283 -19.365405 -5.372419 -0.194158 -23.701533 3.696132 5.719162 -43.456242 -1.178000 7.020673 -10.566583 -5.689846 -5.016964 1.815512 16.105875 49.351501 2.534405 2.202657 -28.595968 -14.507776 6.620655 30.044851 -4.536005 -8.848446 1.971902 102.190435 26.437062 7.515151 -7.924090 -3.651533 7.749352 10.129214 -11.642294 -7.393797 33.069437 18.152275 -21.722575 28.530639 6.644356 -10.884674 3.826775 4.206655 -21.059126 36.115008 7.085306 -6.107878 35.336742 8.344431 -15.319158 20.791002 9.228278 -8.527080 30.449810 -1.026281 -7.210100 40.474625 -0.117231 -8.637283 19.365405 5.372431 -0.194158 23.701533 -3.696120 5.719162 43.456242 1.178012 7.020673 10.566583 5.689844 -5.016964 -1.815512 -16.105870 49.351501 -2.534405 -2.202652 -28.595968 14.507776 -6.620650 30.044851
0.063734 0.887500 0.563931 5.848100 -5.696888 2.675723 -10.150959 2.649009 -22.055709 -1.746098 -2.679733 18.912958 -14.548983 4.223648 0.100004 42.763657 -16.948285 -1.593973 -9.510035 -7.103292 6.864939 1.554329 1.133356 55.605892 3.997858 10.104817 13.527847 -8.902130 -0.944264 -41.903361 -6.006286 0.679613 -3.620030 3.149530 0.540134 -2.982375 -4.531778 -0.558659 7.518916 -1.973635 -10.388025 5.118770 1.226214 11.801217 -15.811634 12.576306 10.818428 7.225264 -103.171558 -19.244329 5.684165 8.183882 2.449424 -13.323475 -4.556362 12.015063 3.618474 -33.069437 -18.152277 -21.722575 -28.530639 -6.644358 -10.884674 -3.826775 -4.206650 -21.059126 -36.115008 -7.085308 -6.107878 -35.336742 -8.344426 -15.319158 -20.791002 -9.228273 -8.527080 -30.449810 1.026286 -7.210100 -40.474625 0.117229 -8.637283 -19.365405 -5.372419 -0.194158 -23.701533 3.696132 5.719162 -43.456242 -1.178000 7.020673 -10.566583 -5.689846 -5.016964 1.815512 16.105875 49.351501 2.534405 2.202657 -28.595968 -14.507776 6.620655 30.044851 -3.825669 -8.667658 1.754662 101.674114 25.339178 6.688271 -8.338403 -4.089676 8.291789 9.534307 -11.874862 -7.660098 33.069437 18.152275 -21.722575 28.530639 6.644356 -10.884674 3.826775 4.206655 -21.059126 36.115008 7.085306 -6.107878 35.336742 8.344431 -15.319158 20.791002 9.228278 -8.527080 30.449810 -1.026281 -7.210100 40.474625 -0.117231 -8.637283 19.365405 5.372431 -0.194158 23.701533 -3.696120 5.719162 43.456242 1.178012 7.020673 10.566583 5.689844 -5.016964 -1.815512 -16.105870 49.351501 -2.534405 -2.202652 -28.595968 14.507776 -6.620650 30.044851
0.066943 0.895873 0.595469 4.902488 -5.617978 2.338245 -9.289262 2.156744 -18.611571 -1.481631 -2.192195 17.218613 -14.829457 4.330937 -0.414776 43.471845 -17.424432 -2.559246 -8.439566 -6.848799 3.781096 1.918624 0.964391 58.742414 2.456683 10.198896 10.926223 -7.983730 0.025595 -39.488691 -4.815420 0.317408 -3.453737 2.950019 0.093064 -2.795831 -4.464243 -0.501900 7.375800 -2.481044 -10.070763 5.220425 0.977270 11.995392 -16.466707 10.775974 10.660671 5.775897 -101.564981 -21.035348 7.238990 7.554926 3.066409 -12.884063 -4.219325 12.678227 3.437179 -33.069437 -18.152277 -21.722575 -28.530639 -6.644358 -10.884674 -3.826775 -4.206650 -21.059126 -36.115008 -7.085308 -6.107878 -35.336742 -8.344426 -15.319158 -20.791002 -9.228273 -8.527080 -30.449810 1.026286 -7.210100 -40.474625 0.117229 -8.637283 -19.365405 -5.372419 -0.194158 -23.701533 3.696132 5.719162 -43.456242 -1.178000 7.020673 -10.566583 -5.689846 -5.016964 1.815512 16.105875 49.351501 2.534405 2.202657 -28.595968 -14.507776 6.620655 30.044851 -2.557073 -8.800710 1.144414 100.233381 23.701428 5.615614 -8.283585 -4.358416 7.964559 8.743288 -11.893235 -7.879346 33.069437 18.152275 -21.722575 28.530639 6.644356 -10.884674 3.826775 4.206655 -21.059126 36.115008 7.085306 -6.107878 35.336742 8.344431 -15.319158 20.791002 9.228278 -8.527080 30.449810 -1.026281 -7.210100 40.474625 -0.117231 -8.637283 19.365405 5.372431 -0.194158 23.701533 -3.696120 5.719162 43.456242 1.178012 7.020673 10.566583 5.689844 -5.016964 -1.815512 -16.105870 49.351501 -2.534405 -2.202652 -28.595968 14.507776 -6.620650 30.044851
0.069406 0.906057 0.628258 3.432290 -5.289856 2.153040 -7.929179 1.862800 -14.928751 -1.176393 -1.744476 15.121834 -15.028346 4.089353 -0.410825 44.027652 -17.579477 -3.530530 -6.355774 -5.917803 0.003201 2.527397 0.338773 59.815914 0.721117 10.224201 8.203009 -7.425264 0.349633 -39.485501 -3.098331 -0.144060 -3.361056 2.565427 -0.469675 -2.554332 -4.199999 -0.567525 7.159165 -2.882585 -9.342303 5.682599 0.701658 11.858474 -17.018639 8.432527 10.549120 4.184637 -99.503425 -22.765182 8.556086 6.960197 3.531839 -12.551323 -3.897074 13.436125 3.425851 -33.069437 -18.152277 -21.722575 -28.530639 -6.644358 -10.884674 -3.826775 -4.206650 -21.059126 -36.115008 -7.085308 -6.107878 -35.336742 -8.344426 -15.319158 -20.791002 -9.228273 -8.527080 -30.449810 1.026286 -7.210100 -40.474625 0.117229 -8.637283 -19.365405 -5.372419 -0.194158 -23.701533 3.696132 5.719162 -43.456242 -1.178000 7.020673 -10.566583 -5.689846 -5.016964 1.815512 16.105875 49.351501 2.534405 2.202657 -28.595968 -14.507776 6.620655 30.044851 -1.077907 -9.062265 0.315274 98.204009 21.689391 4.493318 -7.846317 -4.457017 6.730211 8.333700 -11.886104 -8.066209 33.069437 18.152275 -21.722575 28.530639 6.644356 -10.884674 3.826775 4.206655 -21.059126 36.115008 7.085306 -6.107878 35.336742 8.344431 -15.319158 20.791002 9.228278 -8.527080 30.449810 -1.026281 -7.210100 40.474625 -0.117231 -8.637283 19.365405 5.372431 -0.194158 23.701533 -3.696120 5.719162 43.456242 1.178012 7.020673 10.566583 5.689844 -5.016964 -1.815512 -16.105870 49.351501 -2.534405 -2.202652 -28.595968 14.507776 -6.620650 30.044851
0.071204 0.916051 0.661560 1.785607 -4.819058 2.129586 -6.401285 1.717119 -11.302005 -0.893884 -1.410855 12.862399 -15.111483 3.678777 -0.121285 44.473541 -17.467858 -4.554659 -3.791502 -4.602363 -4.387698 2.914570 -0.534337 58.852974 -0.892739 10.204817 6.012063 -6.552779 0.552811 -40.201168 -1.247679 -0.677457 -3.351211 2.129470 -1.093565 -2.345123 -3.841259 -0.727932 6.930929 -3.098769 -8.298090 6.344993 0.383246 11.517716 -17.425766 6.229824 10.475033 2.614710 -97.411885 -24.239226 9.499652 6.197599 3.770533 -12.564512 -3.525057 14.134485 3.463170 -33.069437 -18.152277 -21.722575 -28.530639 -6.644358 -10.884674 -3.826775 -4.206650 -21.059126 -36.115008 -7.085308 -6.107878 -35.336742 -8.344426 -15.319158 -20.791002 -9.228273 -8.527080 -30.449810 1.026286 -7.210100 -40.474625 0.117229 -8.637283 -19.365405 -5.372419 -0.194158 -23.701533 3.696132 5.719162 -43.456242 -1.178000 7.020673 -10.566583 -5.689846 -5.016964 1.815512 16.105875 49.351501 2.534405 2.202657 -28.595968 -14.507776 6.620655 30.044851 0.319921 -9.292887 -0.604386 96.012099 19.597659 3.542587 -7.246776 -4.422886 5.053262 8.401071 -11.992464 -8.212380 33.069437 18.152275 -21.722575 28.530639 6.644356 -10.884674 3.826775 4.206655 -21.059126 36.115008 7.085306 -6.107878 35.336742 8.344431 -15.319158 20.791002 9.228278 -8.527080 30.449810 -1.026281 -7.210100 40.474625 -0.117231 -8.637283 19.365405 5.372431 -0.194158 23.701533 -3.696120 5.719162 43.456242 1.178012 7.020673 10.566583 5.689844 -5.016964 -1.815512 -16.105870 49.351501 -2.534405 -2.202652 -28.595968 14.507776 -6.620650 30.044851
0.072630 0.924144 0.694415 0.306547 -4.338745 2.238727 -5.015882 1.470897 -7.899015 -0.659540 -1.065650 10.603795 -15.127467 3.279525 0.152805 44.790205 -17.236478 -5.534277 -1.338120 -3.238757 -9.004702 2.891477 -1.315827 55.735033 -2.330546 10.186977 4.686084 -4.855049 1.119027 -40.135807 0.354847 -1.219070 -3.377492 1.798266 -1.734510 -2.279380 -3.526508 -0.916001 6.842383 -3.070184 -7.121890 6.950056 0.025557 11.116477 -17.716754 4.560951 10.498358 1.141478 -95.574974 -25.436476 10.220538 5.122145 3.726800 -13.010308 -3.169209 14.706616 3.453996 -33.069437 -18.152277 -21.722575 -28.530639 -6.644358 -10.884674 -3.826775 -4.206650 -21.059126 -36.115008 -7.085308 -6.107878 -35.336742 -8.344426 -15.319158 -20.791002 -9.228273 -8.527080 -30.449810 1.026286 -7.210100 -40.474625 0.117229 -8.637283 -19.365405 -5.372419 -0.194158 -23.701533 3.696132 5.719162 -43.456242 -1.178000 7.020673 -10.566583 -5.689846 -5.016964 1.815512 16.105875 49.351501 2.534405 2.202657 -28.595968 -14.507776 6.620655 30.044851 1.485780 -9.441955 -1.465693 94.030736 17.771629 2.909503 -6.752556 -4.321226 3.550458 8.689419 -12.221726 -8.215890 33.069437 18.152275 -21.722575 28.530639 6.644356 -10.884674 3.826775 4.206655 -21.059126 36.115008 7.085306 -6.107878 35.336742 8.344431 -15.319158 20.791002 9.228278 -8.527080 30.449810 -1.026281 -7.210100 40.474625 -0.117231 -8.637283 19.365405 5.372431 -0.194158 23.701533 -3.696120 5.719162 43.456242 1.178012 7.020673 10.566583 5.689844 -5.016964 -1.815512 -16.105870 49.351501 -2.534405 -2.202652 -28.595968 14.507776 -6.620650 30.044851
0.073339 0.929451 0.727102 -0.720590 -3.959219 2.431828 -4.078483 0.963933 -4.744655 -0.444519 -0.508416 8.508722 -15.143831 2.865158 0.123692 44.963125 -16.973796 -6.258373 0.620030 -2.297564 -13.405807 2.748031 -1.405234 50.414282 -3.629879 10.092597 4.364642 -2.246379 1.938533 -38.658051 1.411179 -1.711547 -3.412436 1.675638 -2.333450 -2.357801 -3.354485 -1.048302 6.947855 -2.772975 -5.979869 7.311185 -0.370049 10.731801 -17.923475 3.576662 10.708243 -0.117670 -94.221135 -26.481085 10.984932 3.767836 3.335682 -13.744151 -2.930093 15.134650 3.468228 -33.069437 -18.152277 -21.722575 -28.530639 -6.644358 -10.884674 -3.826775 -4.206650 -21.059126 -36.115008 -7.085308 -6.107878 -35.336742 -8.344426 -15.319158 -20.791002 -9.228273 -8.527080 -30.449810 1.026286 -7.210100 -40.474625 0.117229 -8.637283 -19.365405 -5.372419 -0.194158 -23.701533 3.696132 5.719162 -43.456242 -1.178000 7.020673 -10.566583 -5.689846 -5.016964 1.815512 16.105875 49.351501 2.534405 2.202657 -28.595968 -14.507776 6.620655 30.044851 2.341216 -9.618167 -2.023447 92.548537 16.503782 2.662988 -6.564571 -4.233595 2.620643 8.915993 -12.451788 -8.001687 33.069437 18.152275 -21.722575 28.530639 6.644356 -10.884674 3.826775 4.206655 -21.059126 36.115008 7.085306 -6.107878 35.336742 8.344431 -15.319158 20.791002 9.228278 -8.527080 30.449810 -1.026281 -7.210100 40.474625 -0.117231 -8.637283 19.365405 5.372431 -0.194158 23.701533 -3.696120 5.719162 43.456242 1.178012 7.020673 10.566583 5.689844 -5.016964 -1.815512 -16.105870 49.351501 -2.534405 -2.202652 -28.595968 14.507776 -6.620650 30.044851
0.072739 0.929990 0.759976 -1.044267 -3.729042 2.669977 -3.899861 0.304622 -1.838658 -0.206744 0.304410 6.799229 -15.203403 2.262755 -0.451558 44.994984 -16.711742 -6.540659 1.920204 -2.346844 -17.205930 2.798055 -0.177985 42.843171 -4.865052 10.048078 4.928927 1.259472 2.744250 -35.605455 1.687669 -2.127608 -3.494789 1.791747 -2.829526 -2.502255 -3.362993 -1.043876 7.192879 -2.208179 -4.970422 7.370954 -0.804787 10.374930 -18.044031 3.411993 11.184485 -0.944261 -93.625214 -27.582938 11.989038 2.304030 2.547356 -14.494805 -2.847174 15.410733 3.669488 -33.069437 -18.152277 -21.722575 -28.530639 -6.644358 -10.884674 -3.826775 -4.206650 -21.059126 -36.115008 -7.085308 -6.107878 -35.336742 -8.344426 -15.319158 -20.791002 -9.228273 -8.527080 -30.449810 1.026286 -7.210100 -40.474625 0.117229 -8.637283 -19.365405 -5.372419 -0.194158 -23.701533 3.696132 5.719162 -43.456242 -1.178000 7.020673 -10.566583 -5.689846 -5.016964 1.815512 16.105875 49.351501 2.534405 2.202657 -28.595968 -14.507776 6.620655 30.044851 2.744027 -10.015036 -1.974596 91.785312 15.955215 2.796303 -6.784818 -4.211581 2.319762 8.958932 -12.506818 -7.645277 33.069437 18.152275 -21.722575 28.530639 6.644356 -10.884674 3.826775 4.206655 -21.059126 36.115008 7.085306 -6.107878 35.336742 8.344431 -15.319158 20.791002 9.228278 -8.527080 30.449810 -1.026281 -7.210100 40.474625 -0.117231 -8.637283 19.365405 5.372431 -0.194158 23.701533 -3.696120 5.719162 43.456242 1.178012 7.020673 10.566583 5.689844 -5.016964 -1.815512 -16.105870 49.351501 -2.534405 -2.202652 -28.595968 14.507776 -6.620650 30.044851
0.071304 0.924352 0.794298 -0.580850 -3.584733 2.905748 -4.598601 -0.274339 0.866386 0.064523 1.194603 5.685697 -15.329470 1.350522 -1.739771 44.901886 -16.437982 -6.331398 2.594387 -3.580239 -20.148361 2.974607 2.192063 33.126725 -6.053116 10.408869 5.999335 5.553372 3.350764 -31.923580 1.160971 -2.493488 -3.676621 2.070383 -3.180625 -2.592939 -3.511812 -0.876263 7.472829 -1.356941 -4.052410 7.201923 -1.322958 9.957209 -18.078966 4.159554 11.973160 -1.094226 -94.009836 -28.905392 13.296380 0.926657 1.410928 -15.036784 -2.915793 15.508712 4.137972 -33.069437 -18.152277 -21.722575 -28.530639 -6.644358 -10.884674 -3.826775 -4.206650 -21.059126 -36.115008 -7.085308 -6.107878 -35.336742 -8.344426 -15.319158 -20.791002 -9.228273 -8.527080 -30.449810 1.026286 -7.210100 -40.474625 0.117229 -8.637283 -19.365405 -5.372419 -0.194158 -23.701533 3.696132 5.719162 -43.456242 -1.178000 7.020673 -10.566583 -5.689846 -5.016964 1.815512 16.105875 49.351501 2.534405 2.202657 -28.595968 -14.507776 6.620655 30.044851 2.543308 -10.756166 -1.154675 91.807660 16.056158 3.223286 -7.433544 -4.258361 2.440582 8.876436 -12.265071 -7.246386 33.069437 18.152275 -21.722575 28.530639 6.644356 -10.884674 3.826775 4.206655 -21.059126 36.115008 7.085306 -6.107878 35.336742 8.344431 -15.319158 20.791002 9.228278 -8.527080 30.449810 -1.026281 -7.210100 40.474625 -0.117231 -8.637283 19.365405 5.372431 -0.194158 23.701533 -3.696120 5.719162 43.456242 1.178012 7.020673 10.566583 5.689844 -5.016964 -1.815512 -16.105870 49.351501 -2.534405 -2.202652 -28.595968 14.507776 -6.620650 30.044851
0.069195 0.913778 0.830837 0.469429 -3.402060 3.032608 -5.947437 -0.634563 3.534786 0.327850 1.896302 5.288830 -15.525058 0.213323 -3.730470 44.789990 -16.134086 -5.888745 2.762160 -5.572981 -22.225156 3.197312 4.655917 22.075745 -7.157976 11.340623 6.970861 10.283963 3.764058 -28.893199 0.094952 -2.858814 -3.919124 2.367322 -3.385804 -2.540628 -3.692572 -0.585249 7.722156 -0.279666 -3.153168 6.945701 -1.934775 9.398589 -18.055684 5.730187 13.030077 -0.466815 -95.321840 -30.420567 14.824953 -0.244789 0.118991 -15.288228 -3.090141 15.412898 4.794733 -33.069437 -18.152277 -21.722575 -28.530639 -6.644358 -10.884674 -3.826775 -4.206650 -21.059126 -36.115008 -7.085308 -6.107878 -35.336742 -8.344426 -15.319158 -20.791002 -9.228273 -8.527080 -30.449810 1.026286 -7.210100 -40.474625 0.117229 -8.637283 -19.365405 -5.372419 -0.194158 -23.701533 3.696132 5.719162 -43.456242 -1.178000 7.020673 -10.566583 -5.689846 -5.016964 1.815512 16.105875 49.351501 2.534405 2.202657 -28.595968 -14.507776 6.620655 30.044851 1.716059 -11.794723 0.296446 92.418279 16.499711 3.779929 -8.412220 -4.316773 2.702010 8.775247 -11.740901 -6.819216 33.069437 18.152275 -21.722575 28.530639 6.644356 -10.884674 3.826775 4.206655 -21.059126 36.115008 7.085306 -6.107878 35.336742 8.344431 -15.319158 20.791002 9.228278 -8.527080 30.449810 -1.026281 -7.210100 40.474625 -0.117231 -8.637283 19.365405 5.372431 -0.194158 23.701533 -3.696120 5.719162 43.456242 1.178012 7.020673 10.566583 5.689844 -5.016964 -1.815512 -16.105870 49.351501 -2.534405 -2.202652 -28.595968 14.507776 -6.620650 30.044851
0.066845 0.901675 0.868586 1.535151 -3.153059 2.959130 -7.272066 -0.702387 6.377072 0.488623 2.250584 5.429898 -15.776743 -0.856981 -5.932463 44.845403 -15.789749 -5.861008 2.873974 -7.592251 -23.930353 3.541818 6.491783 11.953153 -8.206656 12.533024 7.286889 14.841620 4.016161 -26.542431 -0.894478 -3.190556 -4.030183 2.523298 -3.484296 -2.422096 -3.766184 -0.255563 7.989098 0.732135 -2.333033 6.739280 -2.451420 8.801002 -18.012254 7.437193 14.071312 0.621507 -96.902762 -31.890082 16.231361 -1.154816 -1.066142 -15.330392 -3.251754 15.104884 5.420224 -33.069437 -18.152277 -21.722575 -28.530639 -6.644358 -10.884674 -3.826775 -4.206650 -21.059126 -36.115008 -7.085308 -6.107878 -35.336742 -8.344426 -15.319158 -20.791002 -9.228273 -8.527080 -30.449810 1.026286 -7.210100 -40.474625 0.117229 -8.637283 -19.365405 -5.372419 -0.194158 -23.701533 3.696132 5.719162 -43.456242 -1.178000 7.020673 -10.566583 -5.689846 -5.016964 1.815512 16.105875 49.351501 2.534405 2.202657 -28.595968 -14.507776 6.620655 30.044851 0.765346 -12.841457 1.808936 93.008052 16.874183 4.241165 -9.466519 -4.328807 2.880303 8.685943 -11.081604 -6.362652 33.069437 18.152275 -21.722575 28.530639 6.644356 -10.884674 3.826775 4.206655 -21.059126 36.115008 7.085306 -6.107878 35.336742 8.344431 -15.319158 20.791002 9.228278 -8.527080 30.449810 -1.026281 -7.210100 40.474625 -0.117231 -8.637283 19.365405 5.372431 -0.194158 23.701533 -3.696120 5.719162 43.456242 1.178012 7.020673 10.566583 5.689844 -5.016964 -1.815512 -16.105870 49.351501 -2.534405 -2.202652 -28.595968 14.507776 -6.620650 30.044851
0.064368 0.891001 0.907366 1.835500 -2.960283 2.773691 -7.632576 -0.429582 9.395005 0.454011 2.293730 5.540891 -16.061460 -1.536421 -7.470793 45.141649 -15.371359 -6.858314 3.790993 -8.941446 -26.116881 3.789698 7.784021 5.708502 -9.258353 13.486573 6.932916 18.283698 3.990172 -24.387459 -0.989522 -3.350786 -3.788411 2.417948 -3.526581 -2.473762 -3.623371 -0.001685 8.332611 1.283554 -1.729292 6.662496 -2.574471 8.383909 -17.980389 7.973201 14.615576 1.435685 -97.605862 -32.983015 16.923614 -1.756872 -1.926712 -15.358985 -3.219917 14.557110 5.799114 -33.069437 -18.152277 -21.722575 -28.530639 -6.644358 -10.884674 -3.826775 -4.206650 -21.059126 -36.115008 -7.085308 -6.107878 -35.336742 -8.344426 -15.319158 -20.791002 -9.228273 -8.527080 -30.449810 1.026286 -7.210100 -40.474625 0.117229 -8.637283 -19.365405 -5.372419 -0.194158 -23.701533 3.696132 5.719162 -43.456242 -1.178000 7.020673 -10.566583 -5.689846 -5.016964 1.815512 16.105875 49.351501 2.534405 2.202657 -28.595968 -14.507776 6.620655 30.044851 0.754713 -13.460040 2.559696 92.793844 16.874921 4.459864 -10.295513 -4.294978 2.790981 8.541798 -10.495942 -5.898593 33.069437 18.152275 -21.722575 28.530639 6.644356 -10.884674 3.826775 4.206655 -21.059126 36.115008 7.085306 -6.107878 35.336742 8.344431 -15.319158 20.791002 9.228278 -8.527080 30.449810 -1.026281 -7.210100 40.474625 -0.117231 -8.637283 19.365405 5.372431 -0.194158 23.701533 -3.696120 5.719162 43.456242 1.178012 7.020673 10.566583 5.689844 -5.016964 -1.815512 -16.105870 49.351501 -2.534405 -2.202652 -28.595968 14.507776 -6.620650 30.044851
0.061493 0.884019 0.945657 1.055927 -2.889789 2.697181 -6.616563 0.081166 12.231554 0.245695 2.113782 5.298193 -16.350722 -1.696398 -7.947043 45.572771 -14.891866 -8.891272 5.796958 -9.126052 -29.099140 3.705305 8.516367 4.709045 -10.166149 13.864644 6.518844 19.900246 3.722654 -22.352448 0.054347 -3.293692 -3.219828 2.097191 -3.589610 -2.831191 -3.253475 0.089662 8.687735 1.203101 -1.420991 6.720079 -2.178167 8.296702 -17.953460 6.777976 14.413314 1.563803 -96.829918 -33.500091 16.529174 -2.048510 -2.403794 -15.526777 -2.917494 13.836723 5.878255 -33.069437 -18.152277 -21.722575 -28.530639 -6.644358 -10.884674 -3.826775 -4.206650 -21.059126 -36.115008 -7.085308 -6.107878 -35.336742 -8.344426 -15.319158 -20.791002 -9.228273 -8.527080 -30.449810 1.026286 -7.210100 -40.474625 0.117229 -8.637283 -19.365405 -5.372419 -0.194158 -23.701533 3.696132 5.719162 -43.456242 -1.178000 7.020673 -10.566583 -5.689846 -5.016964 1.815512 16.105875 49.351501 2.534405 2.202657 -28.595968 -14.507776 6.620655 30.044851 2.109683 -13.459452 2.232283 91.550654 16.471953 4.450582 -10.760944 -4.245609 2.430554 8.320031 -10.108206 -5.463844 33.069437 18.152275 -21.722575 28.530639 6.644356 -10.884674 3.826775 4.206655 -21.059126 36.115008 7.085306 -6.107878 35.336742 8.344431 -15.319158 20.791002 9.228278 -8.527080 30.449810 -1.026281 -7.210100 40.474625 -0.117231 -8.637283 19.365405 5.372431 -0.194158 23.701533 -3.696120 5.719162 43.456242 1.178012 7.020673 10.566583 5.689844 -5.016964 -1.815512 -16.105870 49.351501 -2.534405 -2.202652 -28.595968 14.507776 -6.620650 30.044851
0.057541 0.881420 0.982902 -0.387235 -2.777050 2.842285 -4.646241 0.668323 14.497133 -0.006733 1.655982 5.115095 -16.702399 -1.438688 -7.711413 46.071504 -14.401567 -11.544613 8.135185 -8.152081 -32.279617 3.412722 8.407945 8.206573 -10.518222 13.700242 6.785987 19.618822 3.492736 -20.743177 1.640747 -3.178740 -2.599082 1.760451 -3.767660 -3.383951 -2.734181 -0.002996 8.919991 0.640486 -1.407392 6.875927 -1.407373 8.542739 -17.870155 4.735473 13.661767 1.361280 -95.122624 -33.442567 15.235929 -2.038469 -2.531853 -15.859528 -2.490305 13.043929 5.692919 -33.069437 -18.152277 -21.722575 -28.530639 -6.644358 -10.884674 -3.826775 -4.206650 -21.059126 -36.115008 -7.085308 -6.107878 -35.336742 -8.344426 -15.319158 -20.791002 -9.228273 -8.527080 -30.449810 1.026286 -7.210100 -40.474625 0.117229 -8.637283 -19.365405 -5.372419 -0.194158 -23.701533 3.696132 5.719162 -43.456242 -1.178000 7.020673 -10.566583 -5.689846 -5.016964 1.815512 16.105875 49.351501 2.534405 2.202657 -28.595968 -14.507776 6.620655 30.044851 4.041674 -13.112123 1.330925 89.847587 15.838132 4.283840 -10.919242 -4.213282 2.049989 8.089580 -9.883056 -5.105112 33.069437 18.152275 -21.722575 28.530639 6.644356 -10.884674 3.826775 4.206655 -21.059126 36.115008 7.085306 -6.107878 35.336742 8.344431 -15.319158 20.791002 9.228278 -8.527080 30.449810 -1.026281 -7.210100 40.474625 -0.117231 -8.637283 19.365405 5.372431 -0.194158 23.701533 -3.696120 5.719162 43.456242 1.178012 7.020673 10.566583 5.689844 -5.016964 -1.815512 -16.105870 49.351501 -2.534405 -2.202652 -28.595968 14.507776 -6.620650 30.044851
0.052112 0.880437 1.021497 -1.928014 -2.412338 3.095998 -2.340725 1.309889 16.114141 -0.210284 0.863960 5.699502 -17.315810 -0.938834 -7.083742 46.820998 -13.787479 -14.646900 9.994297 -6.602202 -34.844927 3.179246 7.502098 14.506499 -10.056944 13.244101 8.234209 17.707354 3.506854 -20.002557 3.089123 -3.197551 -2.170028 1.573721 -4.092483 -3.901057 -2.143019 -0.254422 8.942181 -0.142093 -1.638690 7.100084 -0.534829 9.005969 -17.666445 2.988997 12.768037 1.431278 -93.613043 -32.969536 13.605597 -1.632125 -2.244152 -16.348312 -2.107537 12.157705 5.217019 -33.069437 -18.152277 -21.722575 -28.530639 -6.644358 -10.884674 -3.826775 -4.206650 -21.059126 -36.115008 -7.085308 -6.107878 -35.336742 -8.344426 -15.319158 -20.791002 -9.228273 -8.527080 -30.449810 1.026286 -7.210100 -40.474625 0.117229 -8.637283 -19.365405 -5.372419 -0.194158 -23.701533 3.696132 5.719162 -43.456242 -1.178000 7.020673 -10.566583 -5.689846 -5.016964 1.815512 16.105875 49.351501 2.534405 2.202657 -28.595968 -14.507776 6.620655 30.044851 5.577850 -12.851374 0.566193 88.508993 15.204857 3.967568 -10.902541 -4.173960 1.937208 7.939704 -9.692862 -4.914111 33.069437 18.152275 -21.722575 28.530639 6.644356 -10.884674 3.826775 4.206655 -21.059126 36.115008 7.085306 -6.107878 35.336742 8.344431 -15.319158 20.791002 9.228278 -8.527080 30.449810 -1.026281 -7.210100 40.474625 -0.117231 -8.637283 19.365405 5.372431 -0.194158 23.701533 -3.696120 5.719162 43.456242 1.178012 7.020673 10.566583 5.689844 -5.016964 -1.815512 -16.105870 49.351501 -2.534405 -2.202652 -28.595968 14.507776 -6.620650 30.044851
0.045419 0.878682 1.063675 -3.140137 -1.811418 3.198343 -0.231950 2.025720 17.170974 -0.389134 -0.053266 7.882236 -18.433998 -0.358644 -5.935869 48.136878 -12.580728 -18.598217 11.056066 -5.276250 -36.013996 3.164235 6.317962 21.350642 -9.168843 12.629227 10.764020 14.633508 3.697983 -20.641448 4.013830 -3.406179 -2.016307 1.573799 -4.469516 -4.164454 -1.524882 -0.581520 8.734437 -0.885030 -2.005321 7.387493 0.164940 9.478358 -17.306740 2.302052 12.117004 2.257101 -93.405986 -32.377963 12.301137 -0.659946 -1.351221 -16.975161 -1.866740 11.048680 4.389555 -33.069437 -18.152277 -21.722575 -28.530639 -6.644358 -10.884674 -3.826775 -4.206650 -21.059126 -36.115008 -7.085308 -6.107878 -35.336742 -8.344426 -15.319158 -20.791002 -9.228273 -8.527080 -30.449810 1.026286 -7.210100 -40.474625 0.117229 -8.637283 -19.365405 -5.372419 -0.194158 -23.701533 3.696132 5.719162 -43.456242 -1.178000 7.020673 -10.566583 -5.689846 -5.016964 1.815512 16.105875 49.351501 2.534405 2.202657 -28.595968 -14.507776 6.620655 30.044851 6.121864 -12.992199 0.484118 88.169409 14.858376 3.548714 -10.884582 -4.037773 2.195371 7.955415 -9.380327 -4.993958 33.069437 18.152275 -21.722575 28.530639 6.644356 -10.884674 3.826775 4.206655 -21.059126 36.115008 7.085306 -6.107878 35.336742 8.344431 -15.319158 20.791002 9.228278 -8.527080 30.449810 -1.026281 -7.210100 40.474625 -0.117231 -8.637283 19.365405 5.372431 -0.194158 23.701533 -3.696120 5.719162 43.456242 1.178012 7.020673 10.566583 5.689844 -5.016964 -1.815512 -16.105870 49.351501 -2.534405 -2.202652 -28.595968 14.507776 -6.620650 30.044851
0.038271 0.875879 1.109897 -3.689834 -1.160693 2.972197 1.254813 2.726744 17.482921 -0.673010 -0.706587 12.777299 -20.050254 0.240432 -3.945003 50.072438 -10.286768 -23.892242 11.271633 -4.719057 -35.499533 3.307318 5.360683 26.994608 -8.674854 12.002728 12.857848 11.047281 3.917328 -23.101202 4.206725 -3.744485 -2.129524 1.710801 -4.742628 -4.074224 -0.952709 -0.854570 8.325932 -1.385767 -2.428738 7.730309 0.533258 9.809650 -16.785945 3.256178 11.933388 4.129182 -95.132261 -31.929984 11.726697 0.885718 0.194274 -17.624818 -1.836566 9.672930 3.251928 -33.069437 -18.152277 -21.722575 -28.530639 -6.644358 -10.884674 -3.826775 -4.206650 -21.059126 -36.115008 -7.085308 -6.107878 -35.336742 -8.344426 -15.319158 -20.791002 -9.228273 -8.527080 -30.449810 1.026286 -7.210100 -40.474625 0.117229 -8.637283 -19.365405 -5.372419 -0.194158 -23.701533 3.696132 5.719162 -43.456242 -1.178000 7.020673 -10.566583 -5.689846 -5.016964 1.815512 16.105875 49.351501 2.534405 2.202657 -28.595968 -14.507776 6.620655 30.044851 5.286028 -13.697716 1.415354 89.141373 15.022075 3.158379 -11.033301 -3.806961 2.722741 8.175132 -8.830100 -5.349093 33.069437 18.152275 -21.722575 28.530639 6.644356 -10.884674 3.826775 4.206655 -21.059126 36.115008 7.085306 -6.107878 35.336742 8.344431 -15.319158 20.791002 9.228278 -8.527080 30.449810 -1.026281 -7.210100 40.474625 -0.117231 -8.637283 19.365405 5.372431 -0.194158 23.701533 -3.696120 5.719162 43.456242 1.178012 7.020673 10.566583 5.689844 -5.016964 -1.815512 -16.105870 49.351501 -2.534405 -2.202652 -28.595968 14.507776 -6.620650 30.044851
0.031453 0.872846 1.156602 -3.792176 -0.552034 2.544662 2.405277 3.296921 16.654554 -1.253458 -0.887697 20.798589 -21.715159 0.963489 -0.876477 52.190623 -7.324392 -29.343012 11.031251 -4.839890 -33.694819 3.398700 4.648438 30.650433 -8.790392 11.612369 12.875359 7.693548 3.982174 -26.486149 4.047193 -4.094368 -2.394595 1.870605 -4.799189 -3.768185 -0.560094 -1.043883 7.777835 -1.509096 -2.881654 8.081405 0.590026 9.905191 -16.152848 5.649293 11.991697 6.668484 -98.313545 -31.600387 11.693953 2.625649 1.936054 -18.018616 -2.005329 8.495863 2.041815 -33.069437 -18.152277 -21.722575 -28.530639 -6.644358 -10.884674 -3.826775 -4.206650 -21.059126 -36.115008 -7.085308 -6.107878 -35.336742 -8.344426 -15.319158 -20.791002 -9.228273 -8.527080 -30.449810 1.026286 -7.210100 -40.474625 0.117229 -8.637283 -19.365405 -5.372419 -0.194158 -23.701533 3.696132 5.719162 -43.456242 -1.178000 7.020673 -10.566583 -5.689846 -5.016964 1.815512 16.105875 49.351501 2.534405 2.202657 -28.595968 -14.507776 6.620655 30.044851 3.213688 -14.526417 3.086322 91.245419 15.673429 2.738182 -11.361616 -3.630810 3.355330 8.486483 -8.215506 -5.891782 33.069437 18.152275 -21.722575 28.530639 6.644356 -10.884674 3.826775 4.206655 -21.059126 36.115008 7.085306 -6.107878 35.336742 8.344431 -15.319158 20.791002 9.228278 -8.527080 30.449810 -1.026281 -7.210100 40.474625 -0.117231 -8.637283 19.365405 5.372431 -0.194158 23.701533 -3.696120 5.719162 43.456242 1.178012 7.020673 10.566583 5.689844 -5.016964 -1.815512 -16.105870 49.351501 -2.534405 -2.202652 -28.595968 14.507776 -6.620650 30.044851
0.025166 0.870193 1.199213 -4.114220 0.082136 2.196324 3.901193 3.620631 14.672366 -2.075087 -0.597666 30.791104 -22.936195 1.895489 2.859320 53.984757 -5.285813 -31.736105 11.107190 -5.113098 -31.362504 3.338987 4.108484 32.287534 -9.052253 11.273838 11.061601 4.975202 3.691474 -28.758658 4.296042 -4.327230 -2.653014 1.960676 -4.582016 -3.453019 -0.444095 -1.235620 7.172329 -1.188524 -3.330002 8.346055 0.456299 9.661428 -15.556217 8.437411 11.916886 8.878891 -101.583976 -31.116406 11.714464 4.011151 3.194277 -17.765954 -2.416286 8.457839 1.230598 -33.069437 -18.152277 -21.722575 -28.530639 -6.644358 -10.884674 -3.826775 -4.206650 -21.059126 -36.115008 -7.085308 -6.107878 -35.336742 -8.344426 -15.319158 -20.791002 -9.228273 -8.527080 -30.449810 1.026286 -7.210100 -40.474625 0.117229 -8.637283 -19.365405 -5.372419 -0.194158 -23.701533 3.696132 5.719162 -43.456242 -1.178000 7.020673 -10.566583 -5.689846 -5.016964 1.815512 16.105875 49.351501 2.534405 2.202657 -28.595968 -14.507776 6.620655 30.044851 0.645580 -14.623849 4.660892 93.847441 16.623146 2.090219 -11.684826 -3.636636 3.981891 8.693191 -7.959907 -6.541106 33.069437 18.152275 -21.722575 28.530639 6.644356 -10.884674 3.826775 4.206655 -21.059126 36.115008 7.085306 -6.107878 35.336742 8.344431 -15.319158 20.791002 9.228278 -8.527080 30.449810 -1.026281 -7.210100 40.474625 -0.117231 -8.637283 19.365405 5.372431 -0.194158 23.701533 -3.696120 5.719162 43.456242 1.178012 7.020673 10.566583 5.689844 -5.016964 -1.815512 -16.105870 49.351501 -2.534405 -2.202652 -28.595968 14.507776 -6.620650 30.044851
0.019222 0.869388 1.235640 -4.805673 0.756316 2.004578 5.680924 3.903476 12.026464 -2.648940 -0.195068 40.871360 -23.528887 2.915646 5.969047 55.010764 -5.617596 -29.120481 11.692838 -5.144216 -29.023229 3.245716 3.772992 32.483471 -9.113254 10.673710 8.767594 2.742716 3.034485 -29.457291 5.021228 -4.369713 -2.841763 2.007323 -4.066849 -3.179142 -0.544111 -1.467259 6.651819 -0.506092 -3.738051 8.414667 0.250219 9.031145 -15.217067 10.617000 11.719166 10.105232 -103.865450 -30.315922 11.645643 4.825371 3.849668 -16.648386 -3.122891 9.745180 1.154728 -33.069437 -18.152277 -21.722575 -28.530639 -6.644358 -10.884674 -3.826775 -4.206650 -21.059126 -36.115008 -7.085308 -6.107878 -35.336742 -8.344426 -15.319158 -20.791002 -9.228273 -8.527080 -30.449810 1.026286 -7.210100 -40.474625 0.117229 -8.637283 -19.365405 -5.372419 -0.194158 -23.701533 3.696132 5.719162 -43.456242 -1.178000 7.020673 -10.566583 -5.689846 -5.016964 1.815512 16.105875 49.351501 2.534405 2.202657 -28.595968 -14.507776 6.620655 30.044851 -1.574186 -13.743731 5.397685 96.164269 17.656055 1.370860 -11.767178 -3.822103 4.554318 8.767548 -8.252956 -7.247143 33.069437 18.152275 -21.722575 28.530639 6.644356 -10.884674 3.826775 4.206655 -21.059126 36.115008 7.085306 -6.107878 35.336742 8.344431 -15.319158 20.791002 9.228278 -8.527080 30.449810 -1.026281 -7.210100 40.474625 -0.117231 -8.637283 19.365405 5.372431 -0.194158 23.701533 -3.696120 5.719162 43.456242 1.178012 7.020673 10.566583 5.689844 -5.016964 -1.815512 -16.105870 49.351501 -2.534405 -2.202652 -28.595968 14.507776 -6.620650 30.044851
0.013617 0.872578 1.266433 -5.330559 1.366006 1.837662 7.091166 4.600668 9.266034 -2.718711 -0.344239 49.306780 -23.339760 3.732195 7.249546 54.745018 -8.214967 -23.201410 12.176408 -4.923655 -26.460474 3.166984 3.505741 31.602524 -8.979622 10.021078 6.924533 0.807692 2.209801 -29.423861 5.578759 -4.183488 -2.936576 2.039048 -3.318595 -2.968387 -0.706827 -1.692723 6.401090 0.312771 -4.077033 8.265756 0.080729 8.141035 -15.236653 11.542490 11.572426 10.270409 -104.716185 -29.143738 11.488402 5.146715 4.147929 -14.969413 -3.819437 11.354072 1.605762 -33.069437 -18.152277 -21.722575 -28.530639 -6.644358 -10.884674 -3.826775 -4.206650 -21.059126 -36.115008 -7.085308 -6.107878 -35.336742 -8.344426 -15.319158 -20.791002 -9.228273 -8.527080 -30.449810 1.026286 -7.210100 -40.474625 0.117229 -8.637283 -19.365405 -5.372419 -0.194158 -23.701533 3.696132 5.719162 -43.456242 -1.178000 7.020673 -10.566583 -5.689846 -5.016964 1.815512 16.105875 49.351501 2.534405 2.202657 -28.595968 -14.507776 6.620655 30.044851 -2.703193 -12.320798 4.964132 97.462428 18.561827 1.035163 -11.474189 -4.135206 5.090338 8.843191 -8.947211 -7.967076 33.069437 18.152275 -21.722575 28.530639 6.644356 -10.884674 3.826775 4.206655 -21.059126 36.115008 7.085306 -6.107878 35.336742 8.344431 -15.319158 20.791002 9.228278 -8.527080 30.449810 -1.026281 -7.210100 40.474625 -0.117231 -8.637283 19.365405 5.372431 -0.194158 23.701533 -3.696120 5.719162 43.456242 1.178012 7.020673 10.566583 5.689844 -5.016964 -1.815512 -16.105870 49.351501 -2.534405 -2.202652 -28.595968 14.507776 -6.620650 30.044851
0.008193 0.879843 1.295359 -5.126741 1.725780 1.596758 7.558158 5.493449 6.391874 -2.545707 -0.880286 55.350118 -22.413486 3.959873 6.682758 53.581099 -10.979800 -18.013109 11.888330 -4.526227 -23.235078 3.102130 3.211312 29.707703 -8.757150 9.557315 5.831519 -0.773821 1.531693 -29.403138 5.385592 -3.735735 -2.915608 2.023472 -2.490319 -2.865123 -0.817751 -1.812948 6.501320 0.971458 -4.426104 8.034910 0.076941 7.329369 -15.500660 11.261043 11.514554 9.675966 -104.250093 -27.513488 11.033378 5.047539 4.199080 -13.496500 -4.126260 12.319355 2.149278 -33.069437 -18.152277 -21.722575 -28.530639 -6.644358 -10.884674 -3.826775 -4.206650 -21.059126 -36.115008 -7.085308 -6.107878 -35.336742 -8.344426 -15.319158 -20.791002 -9.228273 -8.527080 -30.449810 1.026286 -7.210100 -40.474625 0.117229 -8.637283 -19.365405 -5.372419 -0.194158 -23.701533 3.696132 5.719162 -43.456242 -1.178000 7.020673 -10.566583 -5.689846 -5.016964 1.815512 16.105875 49.351501 2.534405 2.202657 -28.595968 -14.507776 6.620655 30.044851 -2.534462 -10.922911 3.587446 97.435381 19.316413 1.401169 -10.868320 -4.488484 5.671210 9.017229 -9.801148 -8.587891 33.069437 18.152275 -21.722575 28.530639 6.644356 -10.884674 3.826775 4.206655 -21.059126 36.115008 7.085306 -6.107878 35.336742 8.344431 -15.319158 20.791002 9.228278 -8.527080 30.449810 -1.026281 -7.210100 40.474625 -0.117231 -8.637283 19.365405 5.372431 -0.194158 23.701533 -3.696120 5.719162 43.456242 1.178012 7.020673 10.566583 5.689844 -5.016964 -1.815512 -16.105870 49.351501 -2.534405 -2.202652 -28.595968 14.507776 -6.620650 30.044851
0.003390 0.889784 1.326718 -4.099854 1.684641 1.307177 6.881978 5.824863 2.954612 -2.527341 -1.045679 59.256208 -21.270640 3.698249 5.150219 52.746580 -11.721968 -16.613703 10.717941 -3.982756 -19.292889 3.010996 2.869406 26.973930 -8.483425 9.389607 5.494462 -1.851347 1.214984 -29.820705 4.365368 -3.053782 -2.785859 1.950919 -1.707565 -2.883506 -0.843451 -1.763785 6.868413 1.254077 -4.932050 7.912877 0.295215 6.906328 -15.798306 10.354372 11.463116 8.787134 -102.971208 -25.410603 10.113393 4.594968 3.974353 -12.934519 -4.015926 12.479065 2.472200 -33.069437 -18.152277 -21.722575 -28.530639 -6.644358 -10.884674 -3.826775 -4.206650 -21.059126 -36.115008 -7.085308 -6.107878 -35.336742 -8.344426 -15.319158 -20.791002 -9.228273 -8.527080 -30.449810 1.026286 -7.210100 -40.474625 0.117229 -8.637283 -19.365405 -5.372419 -0.194158 -23.701533 3.696132 5.719162 -43.456242 -1.178000 7.020673 -10.566583 -5.689846 -5.016964 1.815512 16.105875 49.351501 2.534405 2.202657 -28.595968 -14.507776 6.620655 30.044851 -1.451752 -9.828107 1.796541 96.349934 20.120080 2.423658 -10.141575 -4.793028 6.319408 9.234853 -10.675754 -8.975686 33.069437 18.152275 -21.722575 28.530639 6.644356 -10.884674 3.826775 4.206655 -21.059126 36.115008 7.085306 -6.107878 35.336742 8.344431 -15.319158 20.791002 9.228278 -8.527080 30.449810 -1.026281 -7.210100 40.474625 -0.117231 -8.637283 19.365405 5.372431 -0.194158 23.701533 -3.696120 5.719162 43.456242 1.178012 7.020673 10.566583 5.689844 -5.016964 -1.815512 -16.105870 49.351501 -2.534405 -2.202652 -28.595968 14.507776 -6.620650 30.044851
-0.000935 0.901336 1.359993 -2.585303 1.277801 1.093251 5.364605 5.286651 -1.252262 -2.838429 -0.628846 61.086207 -20.420913 3.391635 3.395551 52.494013 -10.228588 -19.296283 9.055308 -3.377226 -15.025644 2.837345 2.472101 23.752027 -8.201547 9.620440 5.733844 -2.323005 1.207833 -30.646468 2.858747 -2.239787 -2.646833 1.852283 -1.015018 -2.977014 -0.814739 -1.582880 7.328060 1.194795 -5.571526 7.971107 0.627224 6.890591 -15.984036 9.455077 11.361612 7.927457 -101.475970 -22.963647 8.834440 3.948956 3.488412 -13.452114 -3.777329 12.265137 2.522038 -33.069437 -18.152277 -21.722575 -28.530639 -6.644358 -10.884674 -3.826775 -4.206650 -21.059126 -36.115008 -7.085308 -6.107878 -35.336742 -8.344426 -15.319158 -20.791002 -9.228273 -8.527080 -30.449810 1.026286 -7.210100 -40.474625 0.117229 -8.637283 -19.365405 -5.372419 -0.194158 -23.701533 3.696132 5.719162 -43.456242 -1.178000 7.020673 -10.566583 -5.689846 -5.016964 1.815512 16.105875 49.351501 2.534405 2.202657 -28.595968 -14.507776 6.620655 30.044851 -0.084181 -8.994605 -0.025331 94.749887 21.112411 3.780144 -9.440001 -4.996397 6.847900 9.337753 -11.579654 -9.124827 33.069437 18.152275 -21.722575 28.530639 6.644356 -10.884674 3.826775 4.206655 -21.059126 36.115008 7.085306 -6.107878 35.336742 8.344431 -15.319158 20.791002 9.228278 -8.527080 30.449810 -1.026281 -7.210100 40.474625 -0.117231 -8.637283 19.365405 5.372431 -0.194158 23.701533 -3.696120 5.719162 43.456242 1.178012 7.020673 10.566583 5.689844 -5.016964 -1.815512 -16.105870 49.351501 -2.534405 -2.202652 -28.595968 14.507776 -6.620650 30.044851
-0.004610 0.912220 1.394413 -0.997632 0.650742 1.068013 3.563363 4.196676 -5.991741 -3.240500 0.047063 60.403673 -19.875909 3.210232 1.782019 52.132870 -8.018039 -23.608129 7.370153 -2.775158 -10.937493 2.578911 2.050808 20.444792 -7.975829 10.157778 6.200288 -2.322911 1.342866 -31.569606 1.280124 -1.413997 -2.617325 1.739908 -0.407220 -3.087249 -0.772145 -1.367060 7.755415 1.004047 -6.147113 8.131782 0.896652 7.071099 -16.045124 8.899428 11.258483 7.219355 -100.191075 -20.424442 7.440446 3.338666 2.825870 -14.662490 -3.698293 12.203809 2.527588 -33.069437 -18.152277 -21.722575 -28.530639 -6.644358 -10.884674 -3.826775 -4.206650 -21.059126 -36.115008 -7.085308 -6.107878 -35.336742 -8.344426 -15.319158 -20.791002 -9.228273 -8.527080 -30.449810 1.026286 -7.210100 -40.474625 0.117229 -8.637283 -19.365405 -5.372419 -0.194158 -23.701533 3.696132 5.719162 -43.456242 -1.178000 7.020673 -10.566583 -5.689846 -5.016964 1.815512 16.105875 49.351501 2.534405 2.202657 -28.595968 -14.507776 6.620655 30.044851 1.100158 -8.347260 -1.738972 93.082720 22.247643 5.131279 -8.762690 -5.057377 6.952908 9.216694 -12.498513 -9.139453 33.069437 18.152275 -21.722575 28.530639 6.644356 -10.884674 3.826775 4.206655 -21.059126 36.115008 7.085306 -6.107878 35.336742 8.344431 -15.319158 20.791002 9.228278 -8.527080 30.449810 -1.026281 -7.210100 40.474625 -0.117231 -8.637283 19.365405 5.372431 -0.194158 23.701533 -3.696120 5.719162 43.456242 1.178012 7.020673 10.566583 5.689844 -5.016964 -1.815512 -16.105870 49.351501 -2.534405 -2.202652 -28.595968 14.507776 -6.620650 30.044851
-0.007572 0.920532 1.427450 0.397390 -0.080963 1.237856 1.888494 3.124677 -10.767988 -3.338340 0.576327 56.797753 -19.369319 3.111796 0.591035 51.235148 -6.972774 -25.800582 5.953896 -2.058159 -7.287568 2.266849 1.552996 17.358096 -7.846164 10.733925 6.560838 -2.127317 1.492126 -32.359572 -0.090629 -0.658858 -2.707472 1.591545 0.131443 -3.215788 -0.726286 -1.212151 8.146853 0.856199 -6.474990 8.252083 1.010327 7.212436 -16.066388 8.640346 11.243607 6.717144 -99.306948 -18.076612 6.143192 2.971273 2.099644 -15.975003 -3.805265 12.470248 2.751218 -33.069437 -18.152277 -21.722575 -28.530639 -6.644358 -10.884674 -3.826775 -4.206650 -21.059126 -36.115008 -7.085308 -6.107878 -35.336742 -8.344426 -15.319158 -20.791002 -9.228273 -8.527080 -30.449810 1.026286 -7.210100 -40.474625 0.117229 -8.637283 -19.365405 -5.372419 -0.194158 -23.701533 3.696132 5.719162 -43.456242 -1.178000 7.020673 -10.566583 -5.689846 -5.016964 1.815512 16.105875 49.351501 2.534405 2.202657 -28.595968 -14.507776 6.620655 30.044851 2.010811 -7.918379 -3.344209 91.527007 23.414069 6.262232 -7.981318 -4.901908 6.445959 8.903286 -13.309168 -9.089805 33.069437 18.152275 -21.722575 28.530639 6.644356 -10.884674 3.826775 4.206655 -21.059126 36.115008 7.085306 -6.107878 35.336742 8.344431 -15.319158 20.791002 9.228278 -8.527080 30.449810 -1.026281 -7.210100 40.474625 -0.117231 -8.637283 19.365405 5.372431 -0.194158 23.701533 -3.696120 5.719162 43.456242 1.178012 7.020673 10.566583 5.689844 -5.016964 -1.815512 -16.105870 49.351501 -2.534405 -2.202652 -28.595968 14.507776 -6.620650 30.044851
-0.009513 0.924847 1.459639 1.379833 -0.828308 1.567800 0.546920 2.515882 -14.983727 -2.983283 0.647040 49.976378 -18.806219 3.185432 0.058686 49.696187 -8.025975 -23.484851 5.018099 -1.063704 -4.087773 1.938333 0.824823 14.635530 -7.924898 11.211710 6.543173 -1.748831 1.575215 -32.916519 -1.023216 -0.018944 -2.888603 1.390684 0.596100 -3.351145 -0.665955 -1.189454 8.520061 0.824912 -6.476410 8.228616 0.938147 7.162351 -16.134179 8.569155 11.408372 6.525271 -98.903653 -16.128301 5.114415 2.967823 1.448201 -17.023251 -3.932434 12.859787 3.265150 -33.069437 -18.152277 -21.722575 -28.530639 -6.644358 -10.884674 -3.826775 -4.206650 -21.059126 -36.115008 -7.085308 -6.107878 -35.336742 -8.344426 -15.319158 -20.791002 -9.228273 -8.527080 -30.449810 1.026286 -7.210100 -40.474625 0.117229 -8.637283 -19.365405 -5.372419 -0.194158 -23.701533 3.696132 5.719162 -43.456242 -1.178000 7.020673 -10.566583 -5.689846 -5.016964 1.815512 16.105875 49.351501 2.534405 2.202657 -28.595968 -14.507776 6.620655 30.044851 2.663964 -7.829976 -4.831914 90.140144 24.534356 7.105555 -6.949112 -4.396488 5.409015 8.555493 -13.910053 -8.967120 33.069437 18.152275 -21.722575 28.530639 6.644356 -10.884674 3.826775 4.206655 -21.059126 36.115008 7.085306 -6.107878 35.336742 8.344431 -15.319158 20.791002 9.228278 -8.527080 30.449810 -1.026281 -7.210100 40.474625 -0.117231 -8.637283 19.365405 5.372431 -0.194158 23.701533 -3.696120 5.719162 43.456242 1.178012 7.020673 10.566583 5.689844 -5.016964 -1.815512 -16.105870 49.351501 -2.534405 -2.202652 -28.595968 14.507776 -6.620650 30.044851
-0.010407 0.923972 1.492765 1.645429 -1.521661 2.025779 -0.252964 2.506224 -18.009365 -2.233562 0.169125 39.771147 -18.216171 3.457103 0.267489 47.307745 -10.827862 -16.717779 4.837786 0.155717 -1.232060 1.652442 -0.135870 12.441079 -8.409015 11.598777 5.856610 -0.894927 1.578828 -33.238897 -1.232635 0.505751 -3.187715 1.188335 0.948183 -3.396256 -0.607198 -1.330587 8.821753 0.953177 -6.183033 8.031956 0.627750 6.882292 -16.295711 8.813871 11.853666 6.813852 -99.049286 -14.661572 4.514444 3.355985 0.987655 -17.823225 -3.986446 13.167214 4.009657 -33.069437 -18.152277 -21.722575 -28.530639 -6.644358 -10.884674 -3.826775 -4.206650 -21.059126 -36.115008 -7.085308 -6.107878 -35.336742 -8.344426 -15.319158 -20.791002 -9.228273 -8.527080 -30.449810 1.026286 -7.210100 -40.474625 0.117229 -8.637283 -19.365405 -5.372419 -0.194158 -23.701533 3.696132 5.719162 -43.456242 -1.178000 7.020673 -10.566583 -5.689846 -5.016964 1.815512 16.105875 49.351501 2.534405 2.202657 -28.595968 -14.507776 6.620655 30.044851 2.893794 -8.272511 -6.050716 89.074847 25.610200 7.781225 -5.636668 -3.456080 4.156524 8.338093 -14.288145 -8.701834 33.069437 18.152275 -21.722575 28.530639 6.644356 -10.884674 3.826775 4.206655 -21.059126 36.115008 7.085306 -6.107878 35.336742 8.344431 -15.319158 20.791002 9.228278 -8.527080 30.449810 -1.026281 -7.210100 40.474625 -0.117231 -8.637283 19.365405 5.372431 -0.194158 23.701533 -3.696120 5.719162 43.456242 1.178012 7.020673 10.566583 5.689844 -5.016964 -1.815512 -16.105870 49.351501 -2.534405 -2.202652 -28.595968 14.507776 -6.620650 30.044851
-0.010648 0.918334 1.529217 1.051723 -2.123927 2.503002 -0.328066 2.971251 -19.586713 -1.252208 -0.502665 26.968565 -17.555393 3.524872 1.122875 44.252078 -13.862795 -8.151071 5.513991 1.266818 1.537612 1.474962 -0.961244 10.915843 -9.377218 11.871944 4.452036 0.730583 1.559970 -33.552867 -0.638819 0.967540 -3.585532 1.095342 1.118876 -3.258476 -0.596239 -1.591930 9.001659 1.161937 -5.822536 7.710658 0.139815 6.532512 -16.565415 9.463121 12.571929 7.650669 -99.662596 -13.640746 4.418265 4.078083 0.813731 -18.624416 -4.019137 13.297138 4.907744 -33.069437 -18.152277 -21.722575 -28.530639 -6.644358 -10.884674 -3.826775 -4.206650 -21.059126 -36.115008 -7.085308 -6.107878 -35.336742 -8.344426 -15.319158 -20.791002 -9.228273 -8.527080 -30.449810 1.026286 -7.210100 -40.474625 0.117229 -8.637283 -19.365405 -5.372419 -0.194158 -23.701533 3.696132 5.719162 -43.456242 -1.178000 7.020673 -10.566583 -5.689846 -5.016964 1.815512 16.105875 49.351501 2.534405 2.202657 -28.595968 -14.507776 6.620655 30.044851 2.607231 -9.388735 -6.780302 88.457193 26.729996 8.548494 -4.171412 -2.112725 2.971733 8.255143 -14.425350 -8.243160 33.069437 18.152275 -21.722575 28.530639 6.644356 -10.884674 3.826775 4.206655 -21.059126 36.115008 7.085306 -6.107878 35.336742 8.344431 -15.319158 20.791002 9.228278 -8.527080 30.449810 -1.026281 -7.210100 40.474625 -0.117231 -8.637283 19.365405 5.372431 -0.194158 23.701533 -3.696120 5.719162 43.456242 1.178012 7.020673 10.566583 5.689844 -5.016964 -1.815512 -16.105870 49.351501 -2.534405 -2.202652 -28.595968 14.507776 -6.620650 30.044851
-0.010695 0.909939 1.569443 0.075411 -2.589520 2.853249 -0.102848 3.760773 -20.495817 -0.431339 -1.028685 14.336898 -16.881489 2.836915 2.299942 41.436200 -15.659504 -1.404966 6.514745 1.859542 4.550608 1.416842 -1.248317 9.789749 -10.584488 11.999661 2.785478 2.876633 1.578589 -34.239130 0.214398 1.393327 -3.926808 1.184764 1.077048 -3.033083 -0.654350 -1.865172 9.123717 1.208896 -5.722426 7.354843 -0.251582 6.375007 -16.903608 10.068099 13.302363 8.741945 -100.311983 -12.974072 4.710676 5.015227 0.956864 -19.529908 -4.098897 13.180738 5.809163 -33.069437 -18.152277 -21.722575 -28.530639 -6.644358 -10.884674 -3.826775 -4.206650 -21.059126 -36.115008 -7.085308 -6.107878 -35.336742 -8.344426 -15.319158 -20.791002 -9.228273 -8.527080 -30.449810 1.026286 -7.210100 -40.474625 0.117229 -8.637283 -19.365405 -5.372419 -0.194158 -23.701533 3.696132 5.719162 -43.456242 -1.178000 7.020673 -10.566583 -5.689846 -5.016964 1.815512 16.105875 49.351501 2.534405 2.202657 -28.595968 -14.507776 6.620655 30.044851 2.199962 -10.976487 -7.013948 88.087044 27.899993 9.490746 -2.712531 -0.469006 1.993129 8.133898 -14.271849 -7.629530 33.069437 18.152275 -21.722575 28.530639 6.644356 -10.884674 3.826775 4.206655 -21.059126 36.115008 7.085306 -6.107878 35.336742 8.344431 -15.319158 20.791002 9.228278 -8.527080 30.449810 -1.026281 -7.210100 40.474625 -0.117231 -8.637283 19.365405 5.372431 -0.194158 23.701533 -3.696120 5.719162 43.456242 1.178012 7.020673 10.566583 5.689844 -5.016964 -1.815512 -16.105870 49.351501 -2.534405 -2.202652 -28.595968 14.507776 -6.620650 30.044851
-0.011207 0.901418 1.612728 -0.421106 -2.858124 3.072963 -0.669576 4.730612 -22.208193 0.003246 -1.805940 5.570206 -16.415438 1.468227 3.307604 39.182780 -16.275847 2.938388 6.912208 1.848962 7.792430 1.437697 -1.071996 8.617417 -11.527315 12.030575 1.458677 4.505312 1.618122 -35.419671 0.485248 1.702325 -4.045444 1.395984 0.934666 -3.005720 -0.751331 -2.066997 9.327209 1.015956 -5.941463 7.018966 -0.343354 6.414718 -17.184855 9.848410 13.749911 9.495027 -100.409354 -12.631258 5.100905 6.059690 1.324246 -20.216011 -4.228892 12.917202 6.462187 -33.069437 -18.152277 -21.722575 -28.530639 -6.644358 -10.884674 -3.826775 -4.206650 -21.059126 -36.115008 -7.085308 -6.107878 -35.336742 -8.344426 -15.319158 -20.791002 -9.228273 -8.527080 -30.449810 1.026286 -7.210100 -40.474625 0.117229 -8.637283 -19.365405 -5.372419 -0.194158 -23.701533 3.696132 5.719162 -43.456242 -1.178000 7.020673 -10.566583 -5.689846 -5.016964 1.815512 16.105875 49.351501 2.534405 2.202657 -28.595968 -14.507776 6.620655 30.044851 2.287749 -12.368480 -7.096582 87.520173 28.856411 10.176258 -1.377358 1.310709 1.284510 7.821822 -13.861907 -6.977668 33.069437 18.152275 -21.722575 28.530639 6.644356 -10.884674 3.826775 4.206655 -21.059126 36.115008 7.085306 -6.107878 35.336742 8.344431 -15.319158 20.791002 9.228278 -8.527080 30.449810 -1.026281 -7.210100 40.474625 -0.117231 -8.637283 19.365405 5.372431 -0.194158 23.701533 -3.696120 5.719162 43.456242 1.178012 7.020673 10.566583 5.689844 -5.016964 -1.815512 -16.105870 49.351501 -2.534405 -2.202652 -28.595968 14.507776 -6.620650 30.044851
-0.012123 0.895052 1.656737 -0.001653 -2.939151 3.306284 -2.533736 5.344455 -25.333670 0.259324 -3.034432 2.537097 -16.127579 0.054979 4.045118 37.418153 -16.291228 5.777343 6.254172 1.519870 10.793085 1.489714 -0.775033 7.472178 -11.799258 12.000399 0.792630 4.722555 1.604776 -37.027569 -0.145557 1.817625 -3.924146 1.577913 0.858721 -3.352538 -0.845373 -2.140278 9.635963 0.702374 -6.323407 6.776923 -0.128466 6.474639 -17.256721 8.517548 13.795106 9.545124 -99.728487 -12.661467 5.313143 7.129893 1.762505 -20.255710 -4.390027 12.759807 6.720894 -33.069437 -18.152277 -21.722575 -28.530639 -6.644358 -10.884674 -3.826775 -4.206650 -21.059126 -36.115008 -7.085308 -6.107878 -35.336742 -8.344426 -15.319158 -20.791002 -9.228273 -8.527080 -30.449810 1.026286 -7.210100 -40.474625 0.117229 -8.637283 -19.365405 -5.372419 -0.194158 -23.701533 3.696132 5.719162 -43.456242 -1.178000 7.020673 -10.566583 -5.689846 -5.016964 1.815512 16.105875 49.351501 2.534405 2.202657 -28.595968 -14.507776 6.620655 30.044851 3.035149 -13.005784 -7.267845 86.603629 29.284732 10.101949 -0.297782 2.977904 0.795064 7.298780 -13.294804 -6.423175 33.069437 18.152275 -21.722575 28.530639 6.644356 -10.884674 3.826775 4.206655 -21.059126 36.115008 7.085306 -6.107878 35.336742 8.344431 -15.319158 20.791002 9.228278 -8.527080 30.449810 -1.026281 -7.210100 40.474625 -0.117231 -8.637283 19.365405 5.372431 -0.194158 23.701533 -3.696120 5.719162 43.456242 1.178012 7.020673 10.566583 5.689844 -5.016964 -1.815512 -16.105870 49.351501 -2.534405 -2.202652 -28.595968 14.507776 -6.620650 30.044851
-0.012531 0.891335 1.699501 1.074285 -3.009304 3.631566 -4.923997 5.055572 -28.922378 0.411129 -4.206212 4.403869 -15.662684 -0.732761 4.802625 36.374995 -16.059787 7.302743 4.806429 1.062596 13.097257 1.539738 -0.485303 6.995549 -11.245261 11.984731 0.781740 3.399081 1.453993 -39.092379 -1.269879 1.827700 -3.716593 1.605198 0.938218 -3.923743 -0.957429 -2.045987 9.885789 0.398421 -6.748764 6.727243 0.289419 6.468171 -17.038194 6.749227 13.530232 9.127160 -98.650867 -13.040755 5.257463 8.164497 2.099637 -19.514730 -4.598211 12.842452 6.651943 -33.069437 -18.152277 -21.722575 -28.530639 -6.644358 -10.884674 -3.826775 -4.206650 -21.059126 -36.115008 -7.085308 -6.107878 -35.336742 -8.344426 -15.319158 -20.791002 -9.228273 -8.527080 -30.449810 1.026286 -7.210100 -40.474625 0.117229 -8.637283 -19.365405 -5.372419 -0.194158 -23.701533 3.696132 5.719162 -43.456242 -1.178000 7.020673 -10.566583 -5.689846 -5.016964 1.815512 16.105875 49.351501 2.534405 2.202657 -28.595968 -14.507776 6.620655 30.044851 3.896552 -12.956060 -7.299509 85.792654 29.149208 9.301003 0.336682 4.230560 0.394443 6.701068 -12.680674 -6.073696 33.069437 18.152275 -21.722575 28.530639 6.644356 -10.884674 3.826775 4.206655 -21.059126 36.115008 7.085306 -6.107878 35.336742 8.344431 -15.319158 20.791002 9.228278 -8.527080 30.449810 -1.026281 -7.210100 40.474625 -0.117231 -8.637283 19.365405 5.372431 -0.194158 23.701533 -3.696120 5.719162 43.456242 1.178012 7.020673 10.566583 5.689844 -5.016964 -1.815512 -16.105870 49.351501 -2.534405 -2.202652 -28.595968 14.507776 -6.620650 30.044851
-0.011408 0.889590 1.741431 2.337380 -3.280175 3.904436 -6.848906 4.119781 -31.623830 0.273218 -4.870660 9.064809 -14.806844 -0.575147 5.694755 36.226319 -15.671382 7.475698 2.909609 0.247194 14.654492 1.577141 0.009210 7.935515 -9.798888 12.164084 1.387932 0.714815 1.044393 -41.812963 -2.352201 1.888126 -3.596101 1.474617 1.152406 -4.410477 -1.155260 -1.796358 9.902748 0.138190 -7.192959 6.921161 0.786945 6.471108 -16.526428 5.551673 13.154708 8.748370 -97.853456 -13.603296 4.944094 9.063396 2.205546 -18.246374 -4.909942 13.041422 6.367226 -33.069437 -18.152277 -21.722575 -28.530639 -6.644358 -10.884674 -3.826775 -4.206650 -21.059126 -36.115008 -7.085308 -6.107878 -35.336742 -8.344426 -15.319158 -20.791002 -9.228273 -8.527080 -30.449810 1.026286 -7.210100 -40.474625 0.117229 -8.637283 -19.365405 -5.372419 -0.194158 -23.701533 3.696132 5.719162 -43.456242 -1.178000 7.020673 -10.566583 -5.689846 -5.016964 1.815512 16.105875 49.351501 2.534405 2.202657 -28.595968 -14.507776 6.620655 30.044851 4.183243 -12.642363 -6.836253 85.756488 28.688853 8.225863 0.357110 4.797664 0.070741 6.284305 -12.150091 -6.004877 33.069437 18.152275 -21.722575 28.530639 6.644356 -10.884674 3.826775 4.206655 -21.059126 36.115008 7.085306 -6.107878 35.336742 8.344431 -15.319158 20.791002 9.228278 -8.527080 30.449810 -1.026281 -7.210100 40.474625 -0.117231 -8.637283 19.365405 5.372431 -0.194158 23.701533 -3.696120 5.719162 43.456242 1.178012 7.020673 10.566583 5.689844 -5.016964 -1.815512 -16.105870 49.351501 -2.534405 -2.202652 -28.595968 14.507776 -6.620650 30.044851
-0.008469 0.888475 1.784194 3.461044 -3.759935 3.898131 -8.026900 3.229111 -32.652078 -0.255918 -5.081317 14.256270 -13.708384 0.363177 6.438024 36.812298 -15.052778 6.465778 0.703972 -1.245182 15.547247 1.669778 0.867874 11.162252 -7.410735 12.626297 2.828937 -3.166474 0.178591 -45.381040 -3.151120 2.033664 -3.637508 1.332013 1.383792 -4.576019 -1.480102 -1.465339 9.645694 -0.152572 -7.703426 7.281748 1.261969 6.642566 -15.818708 5.504817 12.803219 8.729157 -97.858552 -14.216271 4.441163 9.686593 2.063389 -16.945716 -5.362512 13.151716 5.930411 -33.069437 -18.152277 -21.722575 -28.530639 -6.644358 -10.884674 -3.826775 -4.206650 -21.059126 -36.115008 -7.085308 -6.107878 -35.336742 -8.344426 -15.319158 -20.791002 -9.228273 -8.527080 -30.449810 1.026286 -7.210100 -40.474625 0.117229 -8.637283 -19.365405 -5.372419 -0.194158 -23.701533 3.696132 5.719162 -43.456242 -1.178000 7.020673 -10.566583 -5.689846 -5.016964 1.815512 16.105875 49.351501 2.534405 2.202657 -28.595968 -14.507776 6.620655 30.044851 3.595687 -12.369935 -5.766223 86.840979 28.206764 7.307233 -0.270377 4.528227 0.008979 6.303304 -11.848935 -6.194902 33.069437 18.152275 -21.722575 28.530639 6.644356 -10.884674 3.826775 4.206655 -21.059126 36.115008 7.085306 -6.107878 35.336742 8.344431 -15.319158 20.791002 9.228278 -8.527080 30.449810 -1.026281 -7.210100 40.474625 -0.117231 -8.637283 19.365405 5.372431 -0.194158 23.701533 -3.696120 5.719162 43.456242 1.178012 7.020673 10.566583 5.689844 -5.016964 -1.815512 -16.105870 49.351501 -2.534405 -2.202652 -28.595968 14.507776 -6.620650 30.044851
-0.004137 0.886685 1.827511 4.293593 -4.270635 3.573402 -8.670177 2.668134 -31.895006 -1.005023 -5.133199 18.236513 -12.736696 1.733737 6.463623 37.817781 -14.326770 4.496887 -1.582807 -3.131783 15.443527 1.935906 1.595808 17.891339 -4.176294 13.178094 5.399868 -7.686345 -1.346603 -49.251319 -3.677509 2.148568 -3.825994 1.376540 1.489701 -4.319778 -1.914409 -1.150563 9.129043 -0.589285 -8.356065 7.630879 1.625051 7.155678 -15.116984 6.659003 12.501871 9.148621 -98.871073 -14.931658 3.956479 10.022720 1.790072 -15.996416 -5.898730 13.072056 5.422973 -33.069437 -18.152277 -21.722575 -28.530639 -6.644358 -10.884674 -3.826775 -4.206650 -21.059126 -36.115008 -7.085308 -6.107878 -35.336742 -8.344426 -15.319158 -20.791002 -9.228273 -8.527080 -30.449810 1.026286 -7.210100 -40.474625 0.117229 -8.637283 -19.365405 -5.372419 -0.194158 -23.701533 3.696132 5.719162 -43.456242 -1.178000 7.020673 -10.566583 -5.689846 -5.016964 1.815512 16.105875 49.351501 2.534405 2.202657 -28.595968 -14.507776 6.620655 30.044851 2.157263 -12.212144 -4.171433 88.994073 27.912916 6.759842 -1.479740 3.438620 0.445623 6.881869 -11.856632 -6.490336 33.069437 18.152275 -21.722575 28.530639 6.644356 -10.884674 3.826775 4.206655 -21.059126 36.115008 7.085306 -6.107878 35.336742 8.344431 -15.319158 20.791002 9.228278 -8.527080 30.449810 -1.026281 -7.210100 40.474625 -0.117231 -8.637283 19.365405 5.372431 -0.194158 23.701533 -3.696120 5.719162 43.456242 1.178012 7.020673 10.566583 5.689844 -5.016964 -1.815512 -16.105870 49.351501 -2.534405 -2.202652 -28.595968 14.507776 -6.620650 30.044851
0.000779 0.884545 1.870106 4.979477 -4.675856 3.120868 -9.237007 2.289878 -29.872734 -1.617478 -5.221083 20.299930 -12.199938 3.210280 5.448050 38.926696 -14.031713 2.179138 -3.679253 -4.630538 13.803548 2.219932 1.404330 28.508277 -0.556111 13.372085 8.881980 -11.431382 -3.270907 -51.251356 -4.185239 2.056231 -4.052896 1.689050 1.411495 -3.727615 -2.362824 -0.918310 8.363738 -1.198491 -9.085857 7.828039 1.795750 8.040658 -14.641578 8.739498 12.120856 9.895562 -100.718038 -15.926503 3.722791 10.146197 1.598998 -15.475067 -6.332907 12.882675 4.988836 -33.069437 -18.152277 -21.722575 -28.530639 -6.644358 -10.884674 -3.826775 -4.206650 -21.059126 -36.115008 -7.085308 -6.107878 -35.336742 -8.344426 -15.319158 -20.791002 -9.228273 -8.527080 -30.449810 1.026286 -7.210100 -40.474625 0.117229 -8.637283 -19.365405 -5.372419 -0.194158 -23.701533 3.696132 5.719162 -43.456242 -1.178000 7.020673 -10.566583 -5.689846 -5.016964 1.815512 16.105875 49.351501 2.534405 2.202657 -28.595968 -14.507776 6.620655 30.044851 0.143719 -12.016616 -2.327842 91.767813 27.797349 6.497730 -3.100469 1.808363 1.382871 7.877442 -12.201208 -6.755230 33.069437 18.152275 -21.722575 28.530639 6.644356 -10.884674 3.826775 4.206655 -21.059126 36.115008 7.085306 -6.107878 35.336742 8.344431 -15.319158 20.791002 9.228278 -8.527080 30.449810 -1.026281 -7.210100 40.474625 -0.117231 -8.637283 19.365405 5.372431 -0.194158 23.701533 -3.696120 5.719162 43.456242 1.178012 7.020673 10.566583 5.689844 -5.016964 -1.815512 -16.105870 49.351501 -2.534405 -2.202652 -28.595968 14.507776 -6.620650 30.044851
0.005286 0.883083 1.909983 5.659163 -5.014299 2.740019 -10.022347 2.062180 -27.354132 -1.869782 -5.330127 20.727497 -12.111945 4.413193 3.730278 40.053629 -14.507039 0.283829 -5.363422 -5.509549 10.793605 2.047817 0.582788 40.930127 2.403058 12.818335 12.063377 -12.794165 -4.295394 -49.112304 -4.774233 1.713260 -4.215667 2.133683 1.180512 -3.017263 -2.704018 -0.787587 7.452216 -1.848048 -9.639382 7.853384 1.759278 9.066860 -14.538676 11.034254 11.531780 10.622157 -102.755183 -17.291181 3.910628 10.037429 1.629276 -15.256471 -6.419382 12.757184 4.669913 -33.069437 -18.152277 -21.722575 -28.530639 -6.644358 -10.884674 -3.826775 -4.206650 -21.059126 -36.115008 -7.085308 -6.107878 -35.336742 -8.344426 -15.319158 -20.791002 -9.228273 -8.527080 -30.449810 1.026286 -7.210100 -40.474625 0.117229 -8.637283 -19.365405 -5.372419 -0.194158 -23.701533 3.696132 5.719162 -43.456242 -1.178000 7.020673 -10.566583 -5.689846 -5.016964 1.815512 16.105875 49.351501 2.534405 2.202657 -28.595968 -14.507776 6.620655 30.044851 -1.757416 -11.612589 -0.734894 94.316511 27.638848 6.230195 -4.761335 0.113903 2.510911 8.879081 -12.818507 -7.051905 33.069437 18.152275 -21.722575 28.530639 6.644356 -10.884674 3.826775 4.206655 -21.059126 36.115008 7.085306 -6.107878 35.336742 8.344431 -15.319158 20.791002 9.228278 -8.527080 30.449810 -1.026281 -7.210100 40.474625 -0.117231 -8.637283 19.365405 5.372431 -0.194158 23.701533 -3.696120 5.719162 43.456242 1.178012 7.020673 10.566583 5.689844 -5.016964 -1.815512 -16.105870 49.351501 -2.534405 -2.202652 -28.595968 14.507776 -6.620650 30.044851
0.008982 0.884066 1.946626 6.047438 -5.319192 2.498936 -10.639580 1.922947 -24.694313 -1.815031 -5.256661 20.060563 -12.287358 5.122726 2.071917 41.281701 -15.352808 -1.133555 -6.313025 -6.200320 7.293694 1.398027 0.208016 51.691275 3.623904 11.695834 13.366079 -11.380992 -3.194334 -43.385321 -5.058586 1.233589 -4.312958 2.518714 0.808212 -2.398044 -2.902583 -0.739967 6.627090 -2.426206 -9.847928 7.789429 1.628502 9.989462 -14.810002 12.424406 10.823093 10.832292 -104.084187 -18.945870 4.585738 9.606972 1.876235 -15.178810 -6.072229 12.820903 4.310163 -33.069437 -18.152277 -21.722575 -28.530639 -6.644358 -10.884674 -3.826775 -4.206650 -21.059126 -36.115008 -7.085308 -6.107878 -35.336742 -8.344426 -15.319158 -20.791002 -9.228273 -8.527080 -30.449810 1.026286 -7.210100 -40.474625 0.117229 -8.637283 -19.365405 -5.372419 -0.194158 -23.701533 3.696132 5.719162 -43.456242 -1.178000 7.020673 -10.566583 -5.689846 -5.016964 1.815512 16.105875 49.351501 2.534405 2.202657 -28.595968 -14.507776 6.620655 30.044851 -2.644513 -11.018718 0.139813 95.806339 27.175515 5.744923 -6.053787 -1.298369 3.472817 9.491346 -13.433716 -7.507441 33.069437 18.152275 -21.722575 28.530639 6.644356 -10.884674 3.826775 4.206655 -21.059126 36.115008 7.085306 -6.107878 35.336742 8.344431 -15.319158 20.791002 9.228278 -8.527080 30.449810 -1.026281 -7.210100 40.474625 -0.117231 -8.637283 19.365405 5.372431 -0.194158 23.701533 -3.696120 5.719162 43.456242 1.178012 7.020673 10.566583 5.689844 -5.016964 -1.815512 -16.105870 49.351501 -2.534405 -2.202652 -28.595968 14.507776 -6.620650 30.044851
0.012220 0.888934 1.979104 5.689657 -5.402704 2.398655 -10.464324 1.757765 -21.724868 -1.630154 -5.015132 18.550848 -12.533894 5.397443 1.012710 42.454011 -16.067601 -2.320497 -6.197787 -6.848464 3.886790 0.710592 0.346389 58.737366 3.075930 10.755262 12.252096 -8.580709 -0.869091 -37.364290 -4.572845 0.681485 -4.360977 2.752562 0.278128 -1.966826 -2.968129 -0.779834 6.053978 -2.856155 -9.673649 7.765874 1.467900 10.620120 -15.294715 12.294696 10.176554 10.221969 -104.159476 -20.701310 5.688680 8.849059 2.338687 -15.081908 -5.523436 13.163546 3.856001 -33.069437 -18.152277 -21.722575 -28.530639 -6.644358 -10.884674 -3.826775 -4.206650 -21.059126 -36.115008 -7.085308 -6.107878 -35.336742 -8.344426 -15.319158 -20.791002 -9.228273 -8.527080 -30.449810 1.026286 -7.210100 -40.474625 0.117229 -8.637283 -19.365405 -5.372419 -0.194158 -23.701533 3.696132 5.719162 -43.456242 -1.178000 7.020673 -10.566583 -5.689846 -5.016964 1.815512 16.105875 49.351501 2.534405 2.202657 -28.595968 -14.507776 6.620655 30.044851 -2.262130 -10.386625 0.220047 95.975072 26.211598 5.007512 -6.811918 -2.369896 4.009957 9.635003 -13.795026 -8.029676 33.069437 18.152275 -21.722575 28.530639 6.644356 -10.884674 3.826775 4.206655 -21.059126 36.115008 7.085306 -6.107878 35.336742 8.344431 -15.319158 20.791002 9.228278 -8.527080 30.449810 -1.026281 -7.210100 40.474625 -0.117231 -8.637283 19.365405 5.372431 -0.194158 23.701533 -3.696120 5.719162 43.456242 1.178012 7.020673 10.566583 5.689844 -5.016964 -1.815512 -16.105870 49.351501 -2.534405 -2.202652 -28.595968 14.507776 -6.620650 30.044851
0.015150 0.897983 2.010769 4.401884 -5.025842 2.375748 -9.244355 1.522916 -18.239790 -1.421042 -4.815493 16.426557 -12.760900 5.391754 0.630277 43.357167 -16.481387 -3.463990 -4.889796 -6.868361 0.353596 0.463681 0.094744 62.315374 1.645501 10.235355 9.716858 -6.421845 0.711920 -34.302395 -3.159546 0.025008 -4.310856 2.797788 -0.390322 -1.689004 -2.878948 -0.943670 5.722105 -3.056386 -9.105569 7.897121 1.251012 10.805478 -15.820188 10.806049 9.671803 8.829787 -102.988488 -22.323685 7.049206 7.868013 2.932346 -14.864240 -5.100066 13.757417 3.458386 -33.069437 -18.152277 -21.722575 -28.530639 -6.644358 -10.884674 -3.826775 -4.206650 -21.059126 -36.115008 -7.085308 -6.107878 -35.336742 -8.344426 -15.319158 -20.791002 -9.228273 -8.527080 -30.449810 1.026286 -7.210100 -40.474625 0.117229 -8.637283 -19.365405 -5.372419 -0.194158 -23.701533 3.696132 5.719162 -43.456242 -1.178000 7.020673 -10.566583 -5.689846 -5.016964 1.815512 16.105875 49.351501 2.534405 2.202657 -28.595968 -14.507776 6.620655 30.044851 -1.060479 -9.825177 -0.226568 95.128976 24.688657 4.122111 -7.129022 -3.175872 3.993901 9.541485 -13.863895 -8.365425 33.069437 18.152275 -21.722575 28.530639 6.644356 -10.884674 3.826775 4.206655 -21.059126 36.115008 7.085306 -6.107878 35.336742 8.344431 -15.319158 20.791002 9.228278 -8.527080 30.449810 -1.026281 -7.210100 40.474625 -0.117231 -8.637283 19.365405 5.372431 -0.194158 23.701533 -3.696120 5.719162 43.456242 1.178012 7.020673 10.566583 5.689844 -5.016964 -1.815512 -16.105870 49.351501 -2.534405 -2.202652 -28.595968 14.507776 -6.620650 30.044851
0.017412 0.909570 2.044544 2.452717 -4.241299 2.377077 -7.249809 1.117435 -14.393613 -1.192498 -4.586012 14.020517 -12.956621 5.195434 0.728329 44.007810 -16.618428 -4.692468 -2.683173 -5.776254 -3.713964 0.920494 -0.958983 63.159237 0.079444 9.581870 7.121589 -5.408451 1.077397 -34.545314 -1.079401 -0.712694 -4.137668 2.664821 -1.121631 -1.538022 -2.657115 -1.210321 5.592166 -3.000693 -8.220670 8.176723 1.001803 10.579016 -16.290032 8.572804 9.290836 6.897963 -100.974088 -23.666289 8.429533 6.707525 3.407290 -14.544277 -4.893600 14.460742 3.216244 -33.069437 -18.152277 -21.722575 -28.530639 -6.644358 -10.884674 -3.826775 -4.206650 -21.059126 -36.115008 -7.085308 -6.107878 -35.336742 -8.344426 -15.319158 -20.791002 -9.228273 -8.527080 -30.449810 1.026286 -7.210100 -40.474625 0.117229 -8.637283 -19.365405 -5.372419 -0.194158 -23.701533 3.696132 5.719162 -43.456242 -1.178000 7.020673 -10.566583 -5.689846 -5.016964 1.815512 16.105875 49.351501 2.534405 2.202657 -28.595968 -14.507776 6.620655 30.044851 0.417257 -9.355164 -0.924402 93.764700 22.709507 3.265363 -7.217136 -3.795636 3.527930 9.453006 -13.772657 -8.408344 33.069437 18.152275 -21.722575 28.530639 6.644356 -10.884674 3.826775 4.206655 -21.059126 36.115008 7.085306 -6.107878 35.336742 8.344431 -15.319158 20.791002 9.228278 -8.527080 30.449810 -1.026281 -7.210100 40.474625 -0.117231 -8.637283 19.365405 5.372431 -0.194158 23.701533 -3.696120 5.719162 43.456242 1.178012 7.020673 10.566583 5.689844 -5.016964 -1.815512 -16.105870 49.351501 -2.534405 -2.202652 -28.595968 14.507776 -6.620650 30.044851
0.018774 0.920720 2.080336 0.399978 -3.354904 2.449810 -5.087697 0.459046 -10.586602 -0.951012 -4.096096 11.590262 -13.113074 4.872933 0.960944 44.431699 -16.626741 -5.885268 -0.256732 -4.068495 -8.351121 1.669476 -2.195808 61.317934 -1.365955 8.737228 5.171645 -4.641266 1.020317 -36.195611 1.114142 -1.420725 -3.902236 2.454674 -1.814232 -1.566466 -2.420942 -1.475817 5.672188 -2.688667 -7.187501 8.463141 0.772981 10.115383 -16.663754 6.298584 9.023051 4.723863 -98.661727 -24.780901 9.654582 5.330827 3.523724 -14.223008 -4.800679 15.151083 3.108147 -33.069437 -18.152277 -21.722575 -28.530639 -6.644358 -10.884674 -3.826775 -4.206650 -21.059126 -36.115008 -7.085308 -6.107878 -35.336742 -8.344426 -15.319158 -20.791002 -9.228273 -8.527080 -30.449810 1.026286 -7.210100 -40.474625 0.117229 -8.637283 -19.365405 -5.372419 -0.194158 -23.701533 3.696132 5.719162 -43.456242 -1.178000 7.020673 -10.566583 -5.689846 -5.016964 1.815512 16.105875 49.351501 2.534405 2.202657 -28.595968 -14.507776 6.620655 30.044851 1.847462 -8.967510 -1.670579 92.350892 20.551147 2.593522 -7.330150 -4.237153 2.861316 9.443887 -13.684186 -8.197041 33.069437 18.152275 -21.722575 28.530639 6.644356 -10.884674 3.826775 4.206655 -21.059126 36.115008 7.085306 -6.107878 35.336742 8.344431 -15.319158 20.791002 9.228278 -8.527080 30.449810 -1.026281 -7.210100 40.474625 -0.117231 -8.637283 19.365405 5.372431 -0.194158 23.701533 -3.696120 5.719162 43.456242 1.178012 7.020673 10.566583 5.689844 -5.016964 -1.815512 -16.105870 49.351501 -2.534405 -2.202652 -28.595968 14.507776 -6.620650 30.044851
0.019100 0.928401 2.117668 -1.190617 -2.632653 2.658483 -3.416099 -0.452709 -7.113899 -0.719274 -3.291896 9.321835 -13.226385 4.486481 0.912030 44.609010 -16.627267 -6.790863 1.751202 -2.775786 -13.220287 2.258047 -2.625871 56.634549 -2.741121 8.101249 4.082985 -3.078834 1.368718 -36.945040 2.828793 -2.006741 -3.687274 2.324093 -2.415132 -1.799319 -2.307511 -1.622946 5.946195 -2.181895 -6.211098 8.615961 0.622798 9.620809 -16.927818 4.465395 8.888080 2.659817 -96.530374 -25.847469 10.692231 3.775331 3.114514 -13.995599 -4.717534 15.711384 3.127270 -33.069437 -18.152277 -21.722575 -28.530639 -6.644358 -10.884674 -3.826775 -4.206650 -21.059126 -36.115008 -7.085308 -6.107878 -35.336742 -8.344426 -15.319158 -20.791002 -9.228273 -8.527080 -30.449810 1.026286 -7.210100 -40.474625 0.117229 -8.637283 -19.365405 -5.372419 -0.194158 -23.701533 3.696132 5.719162 -43.456242 -1.178000 7.020673 -10.566583 -5.689846 -5.016964 1.815512 16.105875 49.351501 2.534405 2.202657 -28.595968 -14.507776 6.620655 30.044851 3.083745 -8.765036 -2.189447 91.257966 18.592884 2.172103 -7.663689 -4.473840 2.231614 9.451133 -13.613671 -7.830752 33.069437 18.152275 -21.722575 28.530639 6.644356 -10.884674 3.826775 4.206655 -21.059126 36.115008 7.085306 -6.107878 35.336742 8.344431 -15.319158 20.791002 9.228278 -8.527080 30.449810 -1.026281 -7.210100 40.474625 -0.117231 -8.637283 19.365405 5.372431 -0.194158 23.701533 -3.696120 5.719162 43.456242 1.178012 7.020673 10.566583 5.689844 -5.016964 -1.815512 -16.105870 49.351501 -2.534405 -2.202652 -28.595968 14.507776 -6.620650 30.044851
0.018363 0.930594 2.156772 -1.906667 -2.177305 3.012677 -2.732003 -1.491294 -4.028180 -0.488869 -2.260216 7.417270 -13.308957 3.950167 0.243886 44.545032 -16.609426 -7.222940 3.030901 -2.718263 -17.751491 2.654676 -1.564377 49.081104 -4.134130 7.980204 3.905827 -0.175024 2.325511 -35.569586 3.616884 -2.467902 -3.575964 2.393818 -2.924398 -2.152671 -2.387222 -1.577915 6.335648 -1.552628 -5.431350 8.575133 0.568317 9.220662 -17.064463 3.402898 8.946102 1.080289 -95.002214 -27.029897 11.605133 2.218298 2.164729 -13.889892 -4.624327 16.038093 3.319164 -33.069437 -18.152277 -21.722575 -28.530639 -6.644358 -10.884674 -3.826775 -4.206650 -21.059126 -36.115008 -7.085308 -6.107878 -35.336742 -8.344426 -15.319158 -20.791002 -9.228273 -8.527080 -30.449810 1.026286 -7.210100 -40.474625 0.117229 -8.637283 -19.365405 -5.372419 -0.194158 -23.701533 3.696132 5.719162 -43.456242 -1.178000 7.020673 -10.566583 -5.689846 -5.016964 1.815512 16.105875 49.351501 2.534405 2.202657 -28.595968 -14.507776 6.620655 30.044851 3.945358 -8.963057 -2.143576 90.742506 17.156727 1.965561 -8.307930 -4.505935 1.780699 9.384422 -13.439037 -7.430916 33.069437 18.152275 -21.722575 28.530639 6.644356 -10.884674 3.826775 4.206655 -21.059126 36.115008 7.085306 -6.107878 35.336742 8.344431 -15.319158 20.791002 9.228278 -8.527080 30.449810 -1.026281 -7.210100 40.474625 -0.117231 -8.637283 19.365405 5.372431 -0.194158 23.701533 -3.696120 5.719162 43.456242 1.178012 7.020673 10.566583 5.689844 -5.016964 -1.815512 -16.105870 49.351501 -2.534405 -2.202652 -28.595968 14.507776 -6.620650 30.044851
0.016703 0.925610 2.198698 -1.592844 -1.918495 3.429893 -3.211034 -2.383119 -1.191970 -0.240662 -1.164668 6.139660 -13.385450 3.063943 -1.228136 44.268689 -16.515695 -7.116543 3.498678 -3.952273 -21.346650 2.975003 0.893514 38.867635 -5.600977 8.498117 4.476824 3.666183 3.288691 -32.876900 3.306797 -2.881422 -3.653679 2.668015 -3.350943 -2.440798 -2.625806 -1.339418 6.723438 -0.764850 -4.809776 8.368271 0.492009 8.850323 -17.075584 3.411269 9.306053 0.268846 -94.438956 -28.410128 12.491535 0.877842 0.867840 -13.946707 -4.576800 16.083718 3.736755 -33.069437 -18.152277 -21.722575 -28.530639 -6.644358 -10.884674 -3.826775 -4.206650 -21.059126 -36.115008 -7.085308 -6.107878 -35.336742 -8.344426 -15.319158 -20.791002 -9.228273 -8.527080 -30.449810 1.026286 -7.210100 -40.474625 0.117229 -8.637283 -19.365405 -5.372419 -0.194158 -23.701533 3.696132 5.719162 -43.456242 -1.178000 7.020673 -10.566583 -5.689846 -5.016964 1.815512 16.105875 49.351501 2.534405 2.202657 -28.595968 -14.507776 6.620655 30.044851 4.150055 -9.692309 -1.342736 90.912434 16.347487 1.901129 -9.234437 -4.380696 1.482755 9.249183 -13.053070 -7.043963 33.069437 18.152275 -21.722575 28.530639 6.644356 -10.884674 3.826775 4.206655 -21.059126 36.115008 7.085306 -6.107878 35.336742 8.344431 -15.319158 20.791002 9.228278 -8.527080 30.449810 -1.026281 -7.210100 40.474625 -0.117231 -8.637283 19.365405 5.372431 -0.194158 23.701533 -3.696120 5.719162 43.456242 1.178012 7.020673 10.566583 5.689844 -5.016964 -1.815512 -16.105870 49.351501 -2.534405 -2.202652 -28.595968 14.507776 -6.620650 30.044851
0.014535 0.915517 2.242698 -0.526587 -1.667233 3.746927 -4.510430 -2.884953 1.629173 -0.007077 -0.293054 5.690322 -13.516919 1.834031 -3.384292 43.965856 -16.279972 -6.800184 3.244709 -5.775510 -23.722953 3.254993 3.848343 26.914987 -7.153248 9.533560 5.313323 7.777771 3.825550 -30.196116 2.193786 -3.332426 -3.885904 3.019700 -3.716686 -2.533091 -2.888193 -0.988019 7.054320 0.182098 -4.212421 8.094992 0.270265 8.368514 -17.019284 4.463206 9.996606 0.283378 -94.854102 -29.950848 13.391224 -0.124408 -0.478200 -14.220304 -4.598873 15.870562 4.334855 -33.069437 -18.152277 -21.722575 -28.530639 -6.644358 -10.884674 -3.826775 -4.206650 -21.059126 -36.115008 -7.085308 -6.107878 -35.336742 -8.344426 -15.319158 -20.791002 -9.228273 -8.527080 -30.449810 1.026286 -7.210100 -40.474625 0.117229 -8.637283 -19.365405 -5.372419 -0.194158 -23.701533 3.696132 5.719162 -43.456242 -1.178000 7.020673 -10.566583 -5.689846 -5.016964 1.815512 16.105875 49.351501 2.534405 2.202657 -28.595968 -14.507776 6.620655 30.044851 3.627519 -10.824495 0.025517 91.548645 15.962018 1.908618 -10.264591 -4.203644 1.232733 9.110372 -12.469307 -6.661454 33.069437 18.152275 -21.722575 28.530639 6.644356 -10.884674 3.826775 4.206655 -21.059126 36.115008 7.085306 -6.107878 35.336742 8.344431 -15.319158 20.791002 9.228278 -8.527080 30.449810 -1.026281 -7.210100 40.474625 -0.117231 -8.637283 19.365405 5.372431 -0.194158 23.701533 -3.696120 5.719162 43.456242 1.178012 7.020673 10.566583 5.689844 -5.016964 -1.815512 -16.105870 49.351501 -2.534405 -2.202652 -28.595968 14.507776 -6.620650 30.044851
0.012138 0.904378 2.288864 0.482175 -1.287796 3.837277 -5.687294 -2.912295 4.673920 0.138459 0.074110 5.875735 -13.798163 0.656602 -5.595632 43.965245 -15.842498 -7.067658 2.947909 -7.414291 -25.356722 3.421752 6.189827 15.687826 -8.560780 10.862073 5.817126 11.785224 4.033284 -27.739656 1.150431 -3.801729 -4.022725 3.246590 -4.045819 -2.539030 -2.994798 -0.665408 7.380513 1.054720 -3.620203 7.889844 -0.028298 7.793685 -16.979427 5.735002 10.778451 0.815782 -95.578669 -31.455717 14.099751 -0.810086 -1.625856 -14.690791 -4.605449 15.444105 4.941945 -33.069437 -18.152277 -21.722575 -28.530639 -6.644358 -10.884674 -3.826775 -4.206650 -21.059126 -36.115008 -7.085308 -6.107878 -35.336742 -8.344426 -15.319158 -20.791002 -9.228273 -8.527080 -30.449810 1.026286 -7.210100 -40.474625 0.117229 -8.637283 -19.365405 -5.372419 -0.194158 -23.701533 3.696132 5.719162 -43.456242 -1.178000 7.020673 -10.566583 -5.689846 -5.016964 1.815512 16.105875 49.351501 2.534405 2.202657 -28.595968 -14.507776 6.620655 30.044851 2.986143 -11.933847 1.312021 91.995900 15.597771 1.898106 -11.136103 -4.083706 1.032801 8.974971 -11.838430 -6.269492 33.069437 18.152275 -21.722575 28.530639 6.644356 -10.884674 3.826775 4.206655 -21.059126 36.115008 7.085306 -6.107878 35.336742 8.344431 -15.319158 20.791002 9.228278 -8.527080 30.449810 -1.026281 -7.210100 40.474625 -0.117231 -8.637283 19.365405 5.372431 -0.194158 23.701533 -3.696120 5.719162 43.456242 1.178012 7.020673 10.566583 5.689844 -5.016964 -1.815512 -16.105870 49.351501 -2.534405 -2.202652 -28.595968 14.507776 -6.620650 30.044851
0.008813 0.895931 2.336451 0.543392 -0.887936 3.746045 -5.721080 -2.519074 7.863202 0.141008 -0.042618 6.259088 -14.303167 0.038764 -6.985305 44.438235 -15.210665 -8.658979 3.709139 -8.459808 -27.291901 3.383261 7.353733 8.727798 -9.573506 12.349060 5.814677 14.962499 4.061288 -25.161297 1.124503 -4.134038 -3.786827 3.207065 -4.336485 -2.747611 -2.825372 -0.505035 7.752394 1.471770 -3.173133 7.865777 -0.156410 7.370221 -16.977820 5.954650 11.194655 1.310539 -95.574004 -32.630905 14.164784 -1.257961 -2.470573 -15.344080 -4.446432 14.812176 5.340860 -33.069437 -18.152277 -21.722575 -28.530639 -6.644358 -10.884674 -3.826775 -4.206650 -21.059126 -36.115008 -7.085308 -6.107878 -35.336742 -8.344426 -15.319158 -20.791002 -9.228273 -8.527080 -30.449810 1.026286 -7.210100 -40.474625 0.117229 -8.637283 -19.365405 -5.372419 -0.194158 -23.701533 3.696132 5.719162 -43.456242 -1.178000 7.020673 -10.566583 -5.689846 -5.016964 1.815512 16.105875 49.351501 2.534405 2.202657 -28.595968 -14.507776 6.620655 30.044851 3.262827 -12.556105 1.777173 91.581813 14.996571 1.807026 -11.690594 -4.041127 0.954555 8.784769 -11.337032 -5.862704 33.069437 18.152275 -21.722575 28.530639 6.644356 -10.884674 3.826775 4.206655 -21.059126 36.115008 7.085306 -6.107878 35.336742 8.344431 -15.319158 20.791002 9.228278 -8.527080 30.449810 -1.026281 -7.210100 40.474625 -0.117231 -8.637283 19.365405 5.372431 -0.194158 23.701533 -3.696120 5.719162 43.456242 1.178012 7.020673 10.566583 5.689844 -5.016964 -1.815512 -16.105870 49.351501 -2.534405 -2.202652 -28.595968 14.507776 -6.620650 30.044851
0.004524 0.891289 2.382653 -0.560320 -0.689519 3.662224 -4.369976 -1.913926 10.674117 0.005636 -0.328625 6.816530 -15.047778 0.135315 -7.192935 45.291394 -14.444488 -11.629715 5.902789 -8.779823 -29.938683 3.060229 7.666302 7.928440 -10.387653 13.825992 5.860247 16.213819 4.049369 -22.631437 2.278911 -4.224579 -3.208183 2.952136 -4.575029 -3.287069 -2.390059 -0.538906 8.092382 1.249940 -2.998799 8.041609 0.062389 7.329711 -16.958269 4.724268 11.040785 1.493860 -94.458613 -33.227331 13.361619 -1.531305 -3.093233 -16.233570 -4.067853 13.977397 5.356493 -33.069437 -18.152277 -21.722575 -28.530639 -6.644358 -10.884674 -3.826775 -4.206650 -21.059126 -36.115008 -7.085308 -6.107878 -35.336742 -8.344426 -15.319158 -20.791002 -9.228273 -8.527080 -30.449810 1.026286 -7.210100 -40.474625 0.117229 -8.637283 -19.365405 -5.372419 -0.194158 -23.701533 3.696132 5.719162 -43.456242 -1.178000 7.020673 -10.566583 -5.689846 -5.016964 1.815512 16.105875 49.351501 2.534405 2.202657 -28.595968 -14.507776 6.620655 30.044851 4.753370 -12.612645 1.331492 90.311766 14.270768 1.670463 -11.996592 -4.002495 1.070182 8.532144 -11.022284 -5.470107 33.069437 18.152275 -21.722575 28.530639 6.644356 -10.884674 3.826775 4.206655 -21.059126 36.115008 7.085306 -6.107878 35.336742 8.344431 -15.319158 20.791002 9.228278 -8.527080 30.449810 -1.026281 -7.210100 40.474625 -0.117231 -8.637283 19.365405 5.372431 -0.194158 23.701533 -3.696120 5.719162 43.456242 1.178012 7.020673 10.566583 5.689844 -5.016964 -1.815512 -16.105870 49.351501 -2.534405 -2.202652 -28.595968 14.507776 -6.620650 30.044851
-0.000737 0.888873 2.427714 -2.199054 -0.705092 3.637505 -2.356627 -1.312972 12.720708 -0.236383 -0.509243 8.194723 -16.042103 0.622991 -6.647730 46.486834 -13.531531 -15.436016 8.571927 -8.239453 -32.386394 2.617245 7.631346 11.912203 -10.947917 14.785402 6.575814 15.391568 4.151385 -20.908486 3.797417 -4.183850 -2.654185 2.714633 -4.770919 -3.902256 -1.795848 -0.669978 8.253198 0.618895 -3.084183 8.328253 0.491774 7.668959 -16.857195 3.209176 10.705539 1.721108 -93.116392 -33.163165 12.109543 -1.613972 -3.649887 -17.370132 -3.603516 12.991890 4.941962 -33.069437 -18.152277 -21.722575 -28.530639 -6.644358 -10.884674 -3.826775 -4.206650 -21.059126 -36.115008 -7.085308 -6.107878 -35.336742 -8.344426 -15.319158 -20.791002 -9.228273 -8.527080 -30.449810 1.026286 -7.210100 -40.474625 0.117229 -8.637283 -19.365405 -5.372419 -0.194158 -23.701533 3.696132 5.719162 -43.456242 -1.178000 7.020673 -10.566583 -5.689846 -5.016964 1.815512 16.105875 49.351501 2.534405 2.202657 -28.595968 -14.507776 6.620655 30.044851 6.345259 -12.544685 0.772307 89.038674 13.763831 1.533033 -12.275934 -3.909386 1.437849 8.340968 -10.782353 -5.171316 33.069437 18.152275 -21.722575 28.530639 6.644356 -10.884674 3.826775 4.206655 -21.059126 36.115008 7.085306 -6.107878 35.336742 8.344431 -15.319158 20.791002 9.228278 -8.527080 30.449810 -1.026281 -7.210100 40.474625 -0.117231 -8.637283 19.365405 5.372431 -0.194158 23.701533 -3.696120 5.719162 43.456242 1.178012 7.020673 10.566583 5.689844 -5.016964 -1.815512 -16.105870 49.351501 -2.534405 -2.202652 -28.595968 14.507776 -6.620650 30.044851
-0.006748 0.886472 2.473829 -3.649823 -0.805407 3.495778 -0.470681 -0.773639 13.928857 -0.608594 -0.416127 11.433552 -17.359112 1.035172 -5.616871 48.269295 -12.173935 -19.787463 10.498323 -6.745492 -33.433380 2.452426 7.417369 17.640577 -10.717996 14.419734 7.983629 13.503315 4.226735 -20.632618 4.847006 -4.160559 -2.429473 2.668826 -4.919482 -4.230146 -1.152346 -0.783946 8.169111 -0.014474 -3.287613 8.621188 0.831243 8.188320 -16.637634 2.780528 10.710046 2.465079 -92.813310 -32.586004 11.050741 -1.419131 -4.130329 -18.666330 -3.216357 11.945867 4.129413 -33.069437 -18.152277 -21.722575 -28.530639 -6.644358 -10.884674 -3.826775 -4.206650 -21.059126 -36.115008 -7.085308 -6.107878 -35.336742 -8.344426 -15.319158 -20.791002 -9.228273 -8.527080 -30.449810 1.026286 -7.210100 -40.474625 0.117229 -8.637283 -19.365405 -5.372419 -0.194158 -23.701533 3.696132 5.719162 -43.456242 -1.178000 7.020673 -10.566583 -5.689846 -5.016964 1.815512 16.105875 49.351501 2.534405 2.202657 -28.595968 -14.507776 6.620655 30.044851 6.791208 -12.814341 0.899777 88.703236 13.765026 1.355396 -12.684735 -3.766833 2.003227 8.342875 -10.449989 -5.091366 33.069437 18.152275 -21.722575 28.530639 6.644356 -10.884674 3.826775 4.206655 -21.059126 36.115008 7.085306 -6.107878 35.336742 8.344431 -15.319158 20.791002 9.228278 -8.527080 30.449810 -1.026281 -7.210100 40.474625 -0.117231 -8.637283 19.365405 5.372431 -0.194158 23.701533 -3.696120 5.719162 43.456242 1.178012 7.020673 10.566583 5.689844 -5.016964 -1.815512 -16.105870 49.351501 -2.534405 -2.202652 -28.595968 14.507776 -6.620650 30.044851
-0.013235 0.882407 2.521991 -4.566506 -0.898789 3.141709 1.014000 -0.195751 13.926890 -1.183546 0.025950 17.804148 -19.044910 1.232257 -3.614006 50.731920 -9.955777 -24.708286 11.302673 -4.889074 -32.781244 2.644948 6.978550 22.733752 -9.942929 12.874001 9.275775 11.155300 4.138872 -21.934712 5.228272 -4.172027 -2.553147 2.778547 -4.958626 -4.152554 -0.583257 -0.823274 7.847165 -0.405295 -3.515291 8.883267 0.975079 8.681426 -16.285807 3.861488 11.126299 3.889272 -94.063193 -31.832497 10.453594 -0.921928 -4.256892 -19.869164 -3.044473 10.974566 3.058244 -33.069437 -18.152277 -21.722575 -28.530639 -6.644358 -10.884674 -3.826775 -4.206650 -21.059126 -36.115008 -7.085308 -6.107878 -35.336742 -8.344426 -15.319158 -20.791002 -9.228273 -8.527080 -30.449810 1.026286 -7.210100 -40.474625 0.117229 -8.637283 -19.365405 -5.372419 -0.194158 -23.701533 3.696132 5.719162 -43.456242 -1.178000 7.020673 -10.566583 -5.689846 -5.016964 1.815512 16.105875 49.351501 2.534405 2.202657 -28.595968 -14.507776 6.620655 30.044851 5.840122 -13.426988 1.901047 89.617116 14.324180 1.076124 -13.155817 -3.641055 2.563227 8.527420 -9.960756 -5.349923 33.069437 18.152275 -21.722575 28.530639 6.644356 -10.884674 3.826775 4.206655 -21.059126 36.115008 7.085306 -6.107878 35.336742 8.344431 -15.319158 20.791002 9.228278 -8.527080 30.449810 -1.026281 -7.210100 40.474625 -0.117231 -8.637283 19.365405 5.372431 -0.194158 23.701533 -3.696120 5.719162 43.456242 1.178012 7.020673 10.566583 5.689844 -5.016964 -1.815512 -16.105870 49.351501 -2.534405 -2.202652 -28.595968 14.507776 -6.620650 30.044851
-0.019677 0.877291 2.569775 -5.057283 -0.874808 2.690380 2.327042 0.477214 12.162294 -1.950434 0.848114 27.957400 -20.901793 1.553229 -0.116357 53.370565 -7.201790 -28.761653 11.428334 -3.598933 -30.908495 2.903925 6.315605 26.141424 -9.337747 11.310967 9.496329 8.254284 3.883600 -24.216733 5.306940 -4.196814 -2.852013 2.918653 -4.809728 -3.794436 -0.249767 -0.826935 7.315443 -0.497855 -3.770289 9.127950 1.006159 9.011870 -15.828414 6.051277 11.601133 5.778115 -96.523031 -31.259369 10.250755 -0.128163 -3.709767 -20.632321 -3.204779 10.377806 2.010956 -33.069437 -18.152277 -21.722575 -28.530639 -6.644358 -10.884674 -3.826775 -4.206650 -21.059126 -36.115008 -7.085308 -6.107878 -35.336742 -8.344426 -15.319158 -20.791002 -9.228273 -8.527080 -30.449810 1.026286 -7.210100 -40.474625 0.117229 -8.637283 -19.365405 -5.372419 -0.194158 -23.701533 3.696132 5.719162 -43.456242 -1.178000 7.020673 -10.566583 -5.689846 -5.016964 1.815512 16.105875 49.351501 2.534405 2.202657 -28.595968 -14.507776 6.620655 30.044851 3.908634 -13.912109 3.423685 91.491490 15.276212 0.620424 -13.480162 -3.604042 2.896147 8.798122 -9.476448 -5.970172 33.069437 18.152275 -21.722575 28.530639 6.644356 -10.884674 3.826775 4.206655 -21.059126 36.115008 7.085306 -6.107878 35.336742 8.344431 -15.319158 20.791002 9.228278 -8.527080 30.449810 -1.026281 -7.210100 40.474625 -0.117231 -8.637283 19.365405 5.372431 -0.194158 23.701533 -3.696120 5.719162 43.456242 1.178012 7.020673 10.566583 5.689844 -5.016964 -1.815512 -16.105870 49.351501 -2.534405 -2.202652 -28.595968 14.507776 -6.620650 30.044851
-0.025965 0.874347 2.614389 -5.524342 -0.606853 2.232910 3.854035 1.322703 8.895152 -2.614863 1.743203 40.478399 -22.346625 2.431427 4.130678 55.258491 -5.734508 -28.787369 11.619604 -3.124836 -28.488688 2.901318 5.454400 27.942785 -8.906594 10.486235 8.444687 5.037302 3.396990 -26.328153 5.575594 -4.241825 -3.099570 3.035538 -4.435017 -3.334184 -0.212421 -0.924798 6.697898 -0.292921 -4.001102 9.322553 0.986547 9.055515 -15.378765 8.484727 11.810165 7.589814 -99.383200 -31.009842 10.320139 0.997813 -2.428389 -20.678770 -3.724256 10.482389 1.193860 -33.069437 -18.152277 -21.722575 -28.530639 -6.644358 -10.884674 -3.826775 -4.206650 -21.059126 -36.115008 -7.085308 -6.107878 -35.336742 -8.344426 -15.319158 -20.791002 -9.228273 -8.527080 -30.449810 1.026286 -7.210100 -40.474625 0.117229 -8.637283 -19.365405 -5.372419 -0.194158 -23.701533 3.696132 5.719162 -43.456242 -1.178000 7.020673 -10.566583 -5.689846 -5.016964 1.815512 16.105875 49.351501 2.534405 2.202657 -28.595968 -14.507776 6.620655 30.044851 1.544013 -13.693086 4.787624 93.720106 16.363783 -0.052094 -13.451330 -3.629703 2.938900 9.083805 -9.305919 -6.855787 33.069437 18.152275 -21.722575 28.530639 6.644356 -10.884674 3.826775 4.206655 -21.059126 36.115008 7.085306 -6.107878 35.336742 8.344431 -15.319158 20.791002 9.228278 -8.527080 30.449810 -1.026281 -7.210100 40.474625 -0.117231 -8.637283 19.365405 5.372431 -0.194158 23.701533 -3.696120 5.719162 43.456242 1.178012 7.020673 10.566583 5.689844 -5.016964 -1.815512 -16.105870 49.351501 -2.534405 -2.202652 -28.595968 14.507776 -6.620650 30.044851
-0.031938 0.874896 2.655072 -5.987797 -0.167173 1.723388 5.339944 2.724278 5.326135 -2.840976 1.767362 52.137033 -22.891292 3.744469 7.296553 55.410473 -7.051621 -24.214452 11.966623 -2.965317 -25.812270 2.617609 4.494731 28.531818 -8.448950 10.237554 6.797706 2.090451 2.594607 -27.673895 5.936204 -4.233212 -3.183962 3.146983 -3.878630 -2.882593 -0.347374 -1.169469 6.229524 0.144504 -4.102148 9.381861 0.958666 8.766981 -15.103912 10.126888 11.639273 8.734853 -101.671409 -30.897881 10.438469 2.405367 -0.667819 -19.984162 -4.446671 11.207728 0.658772 -33.069437 -18.152277 -21.722575 -28.530639 -6.644358 -10.884674 -3.826775 -4.206650 -21.059126 -36.115008 -7.085308 -6.107878 -35.336742 -8.344426 -15.319158 -20.791002 -9.228273 -8.527080 -30.449810 1.026286 -7.210100 -40.474625 0.117229 -8.637283 -19.365405 -5.372419 -0.194158 -23.701533 3.696132 5.719162 -43.456242 -1.178000 7.020673 -10.566583 -5.689846 -5.016964 1.815512 16.105875 49.351501 2.534405 2.202657 -28.595968 -14.507776 6.620655 30.044851 -0.464396 -12.725822 5.293066 95.494651 17.396358 -0.685891 -12.929676 -3.657120 2.779452 9.294544 -9.602772 -7.832075 33.069437 18.152275 -21.722575 28.530639 6.644356 -10.884674 3.826775 4.206655 -21.059126 36.115008 7.085306 -6.107878 35.336742 8.344431 -15.319158 20.791002 9.228278 -8.527080 30.449810 -1.026281 -7.210100 40.474625 -0.117231 -8.637283 19.365405 5.372431 -0.194158 23.701533 -3.696120 5.719162 43.456242 1.178012 7.020673 10.566583 5.689844 -5.016964 -1.815512 -16.105870 49.351501 -2.534405 -2.202652 -28.595968 14.507776 -6.620650 30.044851
-0.037848 0.879662 2.692272 -6.004730 0.126013 1.172985 6.056059 4.636943 2.267988 -2.754496 0.581866 60.359830 -22.592314 4.633323 8.259524 53.834506 -9.867667 -18.831112 11.888163 -2.549536 -22.662745 2.312151 3.676290 27.889688 -8.049591 10.092153 5.438736 -0.079055 1.635184 -28.432332 5.865860 -4.001819 -3.143779 3.216230 -3.250532 -2.557254 -0.480830 -1.443135 6.095506 0.606614 -4.087688 9.300600 0.998724 8.310724 -15.058195 10.423522 11.092653 8.945387 -102.707235 -30.508608 10.176569 3.851516 1.153806 -18.839663 -5.069615 12.116294 0.397538 -33.069437 -18.152277 -21.722575 -28.530639 -6.644358 -10.884674 -3.826775 -4.206650 -21.059126 -36.115008 -7.085308 -6.107878 -35.336742 -8.344426 -15.319158 -20.791002 -9.228273 -8.527080 -30.449810 1.026286 -7.210100 -40.474625 0.117229 -8.637283 -19.365405 -5.372419 -0.194158 -23.701533 3.696132 5.719162 -43.456242 -1.178000 7.020673 -10.566583 -5.689846 -5.016964 1.815512 16.105875 49.351501 2.534405 2.202657 -28.595968 -14.507776 6.620655 30.044851 -1.371657 -11.513067 4.670301 96.184322 18.322470 -0.833775 -11.941005 -3.707103 2.589755 9.303390 -10.238232 -8.661496 33.069437 18.152275 -21.722575 28.530639 6.644356 -10.884674 3.826775 4.206655 -21.059126 36.115008 7.085306 -6.107878 35.336742 8.344431 -15.319158 20.791002 9.228278 -8.527080 30.449810 -1.026281 -7.210100 40.474625 -0.117231 -8.637283 19.365405 5.372431 -0.194158 23.701533 -3.696120 5.719162 43.456242 1.178012 7.020673 10.566583 5.689844 -5.016964 -1.815512 -16.105870 49.351501 -2.534405 -2.202652 -28.595968 14.507776 -6.620650 30.044851
-0.043375 0.887985 2.729303 -5.262864 -0.035555 0.682445 5.684203 6.098439 -0.572365 -2.660290 -0.732071 64.637966 -21.744088 4.339188 7.344396 52.295077 -11.421440 -16.540403 11.005629 -1.740029 -18.835730 2.129816 3.169026 25.975507 -7.793992 9.851710 4.763946 -1.318661 0.983980 -29.024629 5.118691 -3.460991 -3.036605 3.151381 -2.640214 -2.476873 -0.514505 -1.589581 6.302228 0.811943 -4.160211 9.220424 1.176885 8.006077 -15.124728 9.701931 10.298043 8.482064 -102.506632 -29.513907 9.255716 5.093977 2.543080 -17.715301 -5.416679 12.883481 0.369923 -33.069437 -18.152277 -21.722575 -28.530639 -6.644358 -10.884674 -3.826775 -4.206650 -21.059126 -36.115008 -7.085308 -6.107878 -35.336742 -8.344426 -15.319158 -20.791002 -9.228273 -8.527080 -30.449810 1.026286 -7.210100 -40.474625 0.117229 -8.637283 -19.365405 -5.372419 -0.194158 -23.701533 3.696132 5.719162 -43.456242 -1.178000 7.020673 -10.566583 -5.689846 -5.016964 1.815512 16.105875 49.351501 2.534405 2.202657 -28.595968 -14.507776 6.620655 30.044851 -1.163901 -10.491913 3.248815 95.763712 19.165425 -0.292633 -10.721526 -3.797576 2.534756 9.065153 -10.980770 -9.191165 33.069437 18.152275 -21.722575 28.530639 6.644356 -10.884674 3.826775 4.206655 -21.059126 36.115008 7.085306 -6.107878 35.336742 8.344431 -15.319158 20.791002 9.228278 -8.527080 30.449810 -1.026281 -7.210100 40.474625 -0.117231 -8.637283 19.365405 5.372431 -0.194158 23.701533 -3.696120 5.719162 43.456242 1.178012 7.020673 10.566583 5.689844 -5.016964 -1.815512 -16.105870 49.351501 -2.534405 -2.202652 -28.595968 14.507776 -6.620650 30.044851
-0.048181 0.898474 2.767141 -3.846857 -0.747896 0.359939 4.342603 6.247256 -3.905319 -2.723094 -1.050542 65.711863 -20.769451 3.367976 5.519784 51.940566 -10.557421 -18.174126 9.444548 -0.692988 -14.507629 1.996266 2.952024 23.072900 -7.645773 9.642058 4.690644 -1.811846 0.876780 -29.746908 3.835867 -2.672958 -2.950587 2.946821 -2.066512 -2.603634 -0.445918 -1.567984 6.657273 0.624439 -4.454483 9.314089 1.475624 8.038377 -15.144326 8.603708 9.439700 7.815651 -101.547674 -27.833777 7.807811 6.026670 3.186750 -16.986190 -5.624254 13.479073 0.536771 -33.069437 -18.152277 -21.722575 -28.530639 -6.644358 -10.884674 -3.826775 -4.206650 -21.059126 -36.115008 -7.085308 -6.107878 -35.336742 -8.344426 -15.319158 -20.791002 -9.228273 -8.527080 -30.449810 1.026286 -7.210100 -40.474625 0.117229 -8.637283 -19.365405 -5.372419 -0.194158 -23.701533 3.696132 5.719162 -43.456242 -1.178000 7.020673 -10.566583 -5.689846 -5.016964 1.815512 16.105875 49.351501 2.534405 2.202657 -28.595968 -14.507776 6.620655 30.044851 -0.347540 -9.756629 1.567095 94.639654 19.987820 0.795553 -9.483274 -3.864334 2.602468 8.659436 -11.697338 -9.438754 33.069437 18.152275 -21.722575 28.530639 6.644356 -10.884674 3.826775 4.206655 -21.059126 36.115008 7.085306 -6.107878 35.336742 8.344431 -15.319158 20.791002 9.228278 -8.527080 30.449810 -1.026281 -7.210100 40.474625 -0.117231 -8.637283 19.365405 5.372431 -0.194158 23.701533 -3.696120 5.719162 43.456242 1.178012 7.020673 10.566583 5.689844 -5.016964 -1.815512 -16.105870 49.351501 -2.534405 -2.202652 -28.595968 14.507776 -6.620650 30.044851
-0.051805 0.909037 2.804400 -2.136852 -1.847530 0.315212 2.501572 5.170811 -7.938768 -2.894784 -0.395110 63.981087 -20.001871 2.662718 3.519024 51.986376 -8.507374 -21.586796 7.605660 0.444655 -10.144569 1.828736 2.787218 19.649133 -7.583008 9.662173 4.926866 -1.833178 1.103078 -30.542758 2.354487 -1.793059 -3.017341 2.681909 -1.515958 -2.804646 -0.339457 -1.458106 6.949226 0.210801 -4.846037 9.589008 1.736466 8.273909 -15.065796 7.625431 8.686760 7.216301 -100.360983 -25.575286 6.148868 6.627452 3.213374 -16.711443 -5.926985 14.034914 0.866742 -33.069437 -18.152277 -21.722575 -28.530639 -6.644358 -10.884674 -3.826775 -4.206650 -21.059126 -36.115008 -7.085308 -6.107878 -35.336742 -8.344426 -15.319158 -20.791002 -9.228273 -8.527080 -30.449810 1.026286 -7.210100 -40.474625 0.117229 -8.637283 -19.365405 -5.372419 -0.194158 -23.701533 3.696132 5.719162 -43.456242 -1.178000 7.020673 -10.566583 -5.689846 -5.016964 1.815512 16.105875 49.351501 2.534405 2.202657 -28.595968 -14.507776 6.620655 30.044851 0.567868 -9.173051 -0.059449 93.246398 20.826103 2.114162 -8.229657 -3.801087 2.620041 8.248165 -12.401306 -9.508581 33.069437 18.152275 -21.722575 28.530639 6.644356 -10.884674 3.826775 4.206655 -21.059126 36.115008 7.085306 -6.107878 35.336742 8.344431 -15.319158 20.791002 9.228278 -8.527080 30.449810 -1.026281 -7.210100 40.474625 -0.117231 -8.637283 19.365405 5.372431 -0.194158 23.701533 -3.696120 5.719162 43.456242 1.178012 7.020673 10.566583 5.689844 -5.016964 -1.815512 -16.105870 49.351501 -2.534405 -2.202652 -28.595968 14.507776 -6.620650 30.044851
-0.054384 0.917017 2.840457 -0.572615 -3.074109 0.607537 0.811455 3.650110 -12.264986 -3.024382 0.403346 59.243989 -19.365103 2.570715 1.751330 51.412309 -7.353891 -23.425099 5.916915 1.640204 -6.171559 1.636492 2.394346 16.189556 -7.653170 9.954798 5.117153 -1.564856 1.366402 -31.185483 1.035744 -0.975765 -3.298318 2.411587 -0.991830 -2.995362 -0.241095 -1.371868 7.100000 -0.149963 -5.116458 9.893971 1.799611 8.451235 -14.960378 6.974339 8.174093 6.752310 -99.315937 -22.983577 4.519041 6.986947 2.938971 -16.732463 -6.322683 14.592189 1.320926 -33.069437 -18.152277 -21.722575 -28.530639 -6.644358 -10.884674 -3.826775 -4.206650 -21.059126 -36.115008 -7.085308 -6.107878 -35.336742 -8.344426 -15.319158 -20.791002 -9.228273 -8.527080 -30.449810 1.026286 -7.210100 -40.474625 0.117229 -8.637283 -19.365405 -5.372419 -0.194158 -23.701533 3.696132 5.719162 -43.456242 -1.178000 7.020673 -10.566583 -5.689846 -5.016964 1.815512 16.105875 49.351501 2.534405 2.202657 -28.595968 -14.507776 6.620655 30.044851 1.365845 -8.660561 -1.566673 91.831798 21.654653 3.396978 -6.880376 -3.457630 2.463775 7.979137 -13.125190 -9.457074 33.069437 18.152275 -21.722575 28.530639 6.644356 -10.884674 3.826775 4.206655 -21.059126 36.115008 7.085306 -6.107878 35.336742 8.344431 -15.319158 20.791002 9.228278 -8.527080 30.449810 -1.026281 -7.210100 40.474625 -0.117231 -8.637283 19.365405 5.372431 -0.194158 23.701533 -3.696120 5.719162 43.456242 1.178012 7.020673 10.566583 5.689844 -5.016964 -1.815512 -16.105870 49.351501 -2.534405 -2.202652 -28.595968 14.507776 -6.620650 30.044851
-0.055630 0.920733 2.876192 0.458302 -4.215679 1.188409 -0.269087 2.494797 -16.167874 -2.964002 0.522485 51.255396 -18.606405 2.949743 0.544336 49.893507 -8.217193 -21.187959 4.774745 2.907443 -2.751945 1.471275 1.646317 13.109800 -7.970112 10.392279 4.911102 -1.002675 1.530518 -31.576586 0.213418 -0.305587 -3.753115 2.135746 -0.526694 -3.137827 -0.143517 -1.400514 7.131894 -0.291295 -5.137686 10.086926 1.633669 8.380064 -14.924377 6.667404 7.994035 6.477231 -98.642398 -20.355867 3.090732 7.307240 2.603882 -16.891553 -6.622958 15.033952 1.877112 -33.069437 -18.152277 -21.722575 -28.530639 -6.644358 -10.884674 -3.826775 -4.206650 -21.059126 -36.115008 -7.085308 -6.107878 -35.336742 -8.344426 -15.319158 -20.791002 -9.228273 -8.527080 -30.449810 1.026286 -7.210100 -40.474625 0.117229 -8.637283 -19.365405 -5.372419 -0.194158 -23.701533 3.696132 5.719162 -43.456242 -1.178000 7.020673 -10.566583 -5.689846 -5.016964 1.815512 16.105875 49.351501 2.534405 2.202657 -28.595968 -14.507776 6.620655 30.044851 2.012461 -8.314093 -2.965815 90.529841 22.425911 4.561156 -5.417307 -2.694220 2.160452 7.890511 -13.813509 -9.246239 33.069437 18.152275 -21.722575 28.530639 6.644356 -10.884674 3.826775 4.206655 -21.059126 36.115008 7.085306 -6.107878 35.336742 8.344431 -15.319158 20.791002 9.228278 -8.527080 30.449810 -1.026281 -7.210100 40.474625 -0.117231 -8.637283 19.365405 5.372431 -0.194158 23.701533 -3.696120 5.719162 43.456242 1.178012 7.020673 10.566583 5.689844 -5.016964 -1.815512 -16.105870 49.351501 -2.534405 -2.202652 -28.595968 14.507776 -6.620650 30.044851
-0.056387 0.918759 2.915130 0.664966 -5.121219 1.946907 -0.562019 1.975341 -18.940900 -2.493840 -0.141423 40.014103 -17.704745 3.468871 0.129110 47.276015 -10.767538 -14.777734 4.506128 4.124139 0.235880 1.375095 0.682550 10.717846 -8.720254 10.811475 4.046880 0.090005 1.603294 -31.890242 0.137677 0.211650 -4.331470 1.883248 -0.188415 -3.149429 -0.061151 -1.577771 7.059956 -0.215058 -4.956372 10.100911 1.300310 8.046805 -15.006242 6.758826 8.187022 6.516695 -98.482264 -17.951934 2.004736 7.823442 2.332464 -17.173922 -6.730031 15.249110 2.565243 -33.069437 -18.152277 -21.722575 -28.530639 -6.644358 -10.884674 -3.826775 -4.206650 -21.059126 -36.115008 -7.085308 -6.107878 -35.336742 -8.344426 -15.319158 -20.791002 -9.228273 -8.527080 -30.449810 1.026286 -7.210100 -40.474625 0.117229 -8.637283 -19.365405 -5.372419 -0.194158 -23.701533 3.696132 5.719162 -43.456242 -1.178000 7.020673 -10.566583 -5.689846 -5.016964 1.815512 16.105875 49.351501 2.534405 2.202657 -28.595968 -14.507776 6.620655 30.044851 2.357011 -8.370989 -4.121145 89.502649 23.159268 5.653809 -3.901404 -1.510555 1.783274 7.904834 -14.345546 -8.837643 33.069437 18.152275 -21.722575 28.530639 6.644356 -10.884674 3.826775 4.206655 -21.059126 36.115008 7.085306 -6.107878 35.336742 8.344431 -15.319158 20.791002 9.228278 -8.527080 30.449810 -1.026281 -7.210100 40.474625 -0.117231 -8.637283 19.365405 5.372431 -0.194158 23.701533 -3.696120 5.719162 43.456242 1.178012 7.020673 10.566583 5.689844 -5.016964 -1.815512 -16.105870 49.351501 -2.534405 -2.202652 -28.595968 14.507776 -6.620650 30.044851
-0.056705 0.911780 2.959481 0.124960 -5.747813 2.716228 -0.194112 1.966216 -20.423162 -1.587559 -0.925215 26.484905 -16.821697 3.442117 0.539178 43.870551 -13.511382 -6.910615 5.026090 4.949540 3.103781 1.329224 -0.046060 9.170119 -9.961669 11.059739 2.546210 1.902107 1.684204 -32.521010 0.684468 0.651712 -4.949144 1.741180 -0.052802 -2.969922 -0.067702 -1.831964 6.911791 -0.105879 -4.840662 9.936491 0.960534 7.692155 -15.213782 7.226829 8.671536 6.931661 -98.745670 -15.912897 1.303272 8.634243 2.187480 -17.702894 -6.729950 15.237171 3.396683 -33.069437 -18.152277 -21.722575 -28.530639 -6.644358 -10.884674 -3.826775 -4.206650 -21.059126 -36.115008 -7.085308 -6.107878 -35.336742 -8.344426 -15.319158 -20.791002 -9.228273 -8.527080 -30.449810 1.026286 -7.210100 -40.474625 0.117229 -8.637283 -19.365405 -5.372419 -0.194158 -23.701533 3.696132 5.719162 -43.456242 -1.178000 7.020673 -10.566583 -5.689846 -5.016964 1.815512 16.105875 49.351501 2.534405 2.202657 -28.595968 -14.507776 6.620655 30.044851 2.258344 -9.086574 -4.776399 88.887891 23.950730 6.774998 -2.426695 -0.068491 1.344769 7.869787 -14.587560 -8.282482 33.069437 18.152275 -21.722575 28.530639 6.644356 -10.884674 3.826775 4.206655 -21.059126 36.115008 7.085306 -6.107878 35.336742 8.344431 -15.319158 20.791002 9.228278 -8.527080 30.449810 -1.026281 -7.210100 40.474625 -0.117231 -8.637283 19.365405 5.372431 -0.194158 23.701533 -3.696120 5.719162 43.456242 1.178012 7.020673 10.566583 5.689844 -5.016964 -1.815512 -16.105870 49.351501 -2.534405 -2.202652 -28.595968 14.507776 -6.620650 30.044851
-0.057421 0.902630 3.008045 -0.525669 -6.172959 3.277381 0.137746 2.495180 -21.477118 -0.785515 -1.593945 13.704101 -16.086916 2.285302 1.388819 40.666700 -15.163782 -0.629866 5.621513 5.078918 6.128542 1.257504 -0.150473 8.366953 -11.259633 11.075031 0.877196 3.860401 1.828635 -33.828015 1.208956 1.083407 -5.397882 1.745266 -0.109485 -2.747950 -0.214397 -2.043672 6.839798 -0.176051 -5.046790 9.610182 0.818801 7.571397 -15.510055 7.638020 9.184005 7.484772 -98.963492 -14.270708 0.814254 9.622463 2.128085 -18.437112 -6.769688 15.109385 4.272195 -33.069437 -18.152277 -21.722575 -28.530639 -6.644358 -10.884674 -3.826775 -4.206650 -21.059126 -36.115008 -7.085308 -6.107878 -35.336742 -8.344426 -15.319158 -20.791002 -9.228273 -8.527080 -30.449810 1.026286 -7.210100 -40.474625 0.117229 -8.637283 -19.365405 -5.372419 -0.194158 -23.701533 3.696132 5.719162 -43.456242 -1.178000 7.020673 -10.566583 -5.689846 -5.016964 1.815512 16.105875 49.351501 2.534405 2.202657 -28.595968 -14.507776 6.620655 30.044851 1.953907 -10.331321 -4.912255 88.573477 24.771220 7.820287 -1.092675 1.446336 0.792437 7.672165 -14.461721 -7.672437 33.069437 18.152275 -21.722575 28.530639 6.644356 -10.884674 3.826775 4.206655 -21.059126 36.115008 7.085306 -6.107878 35.336742 8.344431 -15.319158 20.791002 9.228278 -8.527080 30.449810 -1.026281 -7.210100 40.474625 -0.117231 -8.637283 19.365405 5.372431 -0.194158 23.701533 -3.696120 5.719162 43.456242 1.178012 7.020673 10.566583 5.689844 -5.016964 -1.815512 -16.105870 49.351501 -2.534405 -2.202652 -28.595968 14.507776 -6.620650 30.044851
-0.058171 0.894591 3.056421 -0.476638 -6.447334 3.499982 -0.627519 3.454200 -23.391670 -0.379587 -2.640139 5.627291 -15.589135 0.392977 2.150730 38.109720 -15.706987 3.506213 5.376245 4.624990 9.220923 1.168607 0.234927 8.173817 -11.838118 10.939070 -0.224564 4.538888 1.958887 -36.050503 0.939675 1.428523 -5.417220 1.837584 -0.220141 -2.842063 -0.464102 -2.135442 7.099797 -0.449939 -5.573883 9.123552 0.962263 7.670052 -15.775007 7.211905 9.420507 7.659510 -98.512529 -13.064804 0.215230 10.584235 2.019553 -19.004885 -6.887269 15.023243 4.947585 -33.069437 -18.152277 -21.722575 -28.530639 -6.644358 -10.884674 -3.826775 -4.206650 -21.059126 -36.115008 -7.085308 -6.107878 -35.336742 -8.344426 -15.319158 -20.791002 -9.228273 -8.527080 -30.449810 1.026286 -7.210100 -40.474625 0.117229 -8.637283 -19.365405 -5.372419 -0.194158 -23.701533 3.696132 5.719162 -43.456242 -1.178000 7.020673 -10.566583 -5.689846 -5.016964 1.815512 16.105875 49.351501 2.534405 2.202657 -28.595968 -14.507776 6.620655 30.044851 2.033057 -11.422464 -4.920483 88.197946 25.369094 8.332452 -0.029172 2.884555 0.103796 7.311410 -14.008613 -7.088411 33.069437 18.152275 -21.722575 28.530639 6.644356 -10.884674 3.826775 4.206655 -21.059126 36.115008 7.085306 -6.107878 35.336742 8.344431 -15.319158 20.791002 9.228278 -8.527080 30.449810 -1.026281 -7.210100 40.474625 -0.117231 -8.637283 19.365405 5.372431 -0.194158 23.701533 -3.696120 5.719162 43.456242 1.178012 7.020673 10.566583 5.689844 -5.016964 -1.815512 -16.105870 49.351501 -2.534405 -2.202652 -28.595968 14.507776 -6.620650 30.044851
-0.057875 0.890365 3.104425 0.554283 -6.575229 3.411502 -2.812357 4.217105 -26.406809 -0.153904 -3.923647 4.016028 -15.232792 -1.288588 2.834407 36.183515 -15.648507 6.040891 3.909655 3.897445 11.824087 1.202750 0.739787 8.990828 -11.201268 10.806134 -0.220246 2.821234 1.915932 -39.393632 -0.325817 1.583466 -4.929934 1.937762 -0.235304 -3.443651 -0.745843 -2.064163 7.773691 -0.827363 -6.295403 8.539345 1.331287 7.856311 -15.853976 5.705321 9.275065 7.204894 -97.272604 -12.376089 -0.647246 11.389170 1.775749 -19.031161 -7.017295 15.082816 5.228652 -33.069437 -18.152277 -21.722575 -28.530639 -6.644358 -10.884674 -3.826775 -4.206650 -21.059126 -36.115008 -7.085308 -6.107878 -35.336742 -8.344426 -15.319158 -20.791002 -9.228273 -8.527080 -30.449810 1.026286 -7.210100 -40.474625 0.117229 -8.637283 -19.365405 -5.372419 -0.194158 -23.701533 3.696132 5.719162 -43.456242 -1.178000 7.020673 -10.566583 -5.689846 -5.016964 1.815512 16.105875 49.351501 2.534405 2.202657 -28.595968 -14.507776 6.620655 30.044851 2.737133 -11.781138 -5.097648 87.668347 25.573412 8.024130 0.589788 4.067851 -0.674991 6.887366 -13.376103 -6.604747 33.069437 18.152275 -21.722575 28.530639 6.644356 -10.884674 3.826775 4.206655 -21.059126 36.115008 7.085306 -6.107878 35.336742 8.344431 -15.319158 20.791002 9.228278 -8.527080 30.449810 -1.026281 -7.210100 40.474625 -0.117231 -8.637283 19.365405 5.372431 -0.194158 23.701533 -3.696120 5.719162 43.456242 1.178012 7.020673 10.566583 5.689844 -5.016964 -1.815512 -16.105870 49.351501 -2.534405 -2.202652 -28.595968 14.507776 -6.620650 30.044851
-0.056520 0.889866 3.154762 2.094027 -6.656843 3.069651 -5.483815 4.383734 -29.368283 -0.148029 -4.841809 7.613501 -14.888610 -2.095971 3.723397 35.139271 -15.350636 6.924166 1.581025 2.810188 13.426308 1.442802 1.273969 11.791399 -9.306986 10.880344 0.998970 -1.231461 1.450769 -43.909162 -1.978043 1.618252 -4.182549 1.974334 -0.111985 -4.261209 -1.042985 -1.853492 8.586414 -1.233484 -7.112062 8.016713 1.796779 8.111576 -15.677931 3.993607 8.923979 6.528235 -95.961904 -12.221146 -1.590263 12.055748 1.437033 -18.437378 -7.153297 15.238844 5.143122 -33.069437 -18.152277 -21.722575 -28.530639 -6.644358 -10.884674 -3.826775 -4.206650 -21.059126 -36.115008 -7.085308 -6.107878 -35.336742 -8.344426 -15.319158 -20.791002 -9.228273 -8.527080 -30.449810 1.026286 -7.210100 -40.474625 0.117229 -8.637283 -19.365405 -5.372419 -0.194158 -23.701533 3.696132 5.719162 -43.456242 -1.178000 7.020673 -10.566583 -5.689846 -5.016964 1.815512 16.105875 49.351501 2.534405 2.202657 -28.595968 -14.507776 6.620655 30.044851 3.467354 -11.545100 -5.161069 87.500078 25.522049 7.173628 0.554071 4.691960 -1.385548 6.652188 -12.773933 -6.338704 33.069437 18.152275 -21.722575 28.530639 6.644356 -10.884674 3.826775 4.206655 -21.059126 36.115008 7.085306 -6.107878 35.336742 8.344431 -15.319158 20.791002 9.228278 -8.527080 30.449810 -1.026281 -7.210100 40.474625 -0.117231 -8.637283 19.365405 5.372431 -0.194158 23.701533 -3.696120 5.719162 43.456242 1.178012 7.020673 10.566583 5.689844 -5.016964 -1.815512 -16.105870 49.351501 -2.534405 -2.202652 -28.595968 14.507776 -6.620650 30.044851
-0.054365 0.889426 3.206942 3.437076 -6.788987 2.489972 -7.469904 4.164574 -30.868405 -0.550263 -5.375889 13.386219 -14.485762 -1.674091 4.579945 35.295037 -14.892679 5.950082 -0.976974 1.090374 13.890287 1.848485 1.739460 17.757556 -6.380455 11.319627 3.409800 -6.523251 0.260410 -49.110091 -3.234269 1.630792 -3.591608 1.948769 0.076856 -4.713779 -1.408330 -1.622707 9.086784 -1.667977 -7.960023 7.722575 2.231849 8.534276 -15.305662 3.364046 8.694881 6.299168 -95.625339 -12.619940 -2.233158 12.655410 1.108180 -17.470338 -7.372377 15.305971 4.859253 -33.069437 -18.152277 -21.722575 -28.530639 -6.644358 -10.884674 -3.826775 -4.206650 -21.059126 -36.115008 -7.085308 -6.107878 -35.336742 -8.344426 -15.319158 -20.791002 -9.228273 -8.527080 -30.449810 1.026286 -7.210100 -40.474625 0.117229 -8.637283 -19.365405 -5.372419 -0.194158 -23.701533 3.696132 5.719162 -43.456242 -1.178000 7.020673 -10.566583 -5.689846 -5.016964 1.815512 16.105875 49.351501 2.534405 2.202657 -28.595968 -14.507776 6.620655 30.044851 3.314090 -11.291461 -4.544092 88.454256 25.565435 6.307502 -0.306555 4.409620 -1.757671 6.875484 -12.389155 -6.360142 33.069437 18.152275 -21.722575 28.530639 6.644356 -10.884674 3.826775 4.206655 -21.059126 36.115008 7.085306 -6.107878 35.336742 8.344431 -15.319158 20.791002 9.228278 -8.527080 30.449810 -1.026281 -7.210100 40.474625 -0.117231 -8.637283 19.365405 5.372431 -0.194158 23.701533 -3.696120 5.719162 43.456242 1.178012 7.020673 10.566583 5.689844 -5.016964 -1.815512 -16.105870 49.351501 -2.534405 -2.202652 -28.595968 14.507776 -6.620650 30.044851
-0.051483 0.886059 3.259006 4.347891 -6.911008 1.769365 -8.529877 3.902916 -30.454772 -1.225893 -5.645634 18.470949 -14.019834 -0.419631 4.792544 36.538773 -14.572725 3.563057 -3.304656 -0.942140 13.094227 2.236982 1.709831 27.542922 -2.863873 11.901716 6.908926 -11.279631 -1.578768 -52.944727 -3.950886 1.550025 -3.383047 1.978346 0.215413 -4.470994 -1.872296 -1.497353 8.975870 -2.139475 -8.775875 7.705465 2.523364 9.225170 -14.879540 4.657839 8.777233 6.896509 -96.830130 -13.647801 -2.248228 13.088946 0.865135 -16.530760 -7.705632 15.158836 4.593926 -33.069437 -18.152277 -21.722575 -28.530639 -6.644358 -10.884674 -3.826775 -4.206650 -21.059126 -36.115008 -7.085308 -6.107878 -35.336742 -8.344426 -15.319158 -20.791002 -9.228273 -8.527080 -30.449810 1.026286 -7.210100 -40.474625 0.117229 -8.637283 -19.365405 -5.372419 -0.194158 -23.701533 3.696132 5.719162 -43.456242 -1.178000 7.020673 -10.566583 -5.689846 -5.016964 1.815512 16.105875 49.351501 2.534405 2.202657 -28.595968 -14.507776 6.620655 30.044851 1.718190 -11.295696 -2.956813 90.893180 26.013236 5.778654 -1.959101 3.083853 -1.531865 7.592584 -12.324678 -6.593985 33.069437 18.152275 -21.722575 28.530639 6.644356 -10.884674 3.826775 4.206655 -21.059126 36.115008 7.085306 -6.107878 35.336742 8.344431 -15.319158 20.791002 9.228278 -8.527080 30.449810 -1.026281 -7.210100 40.474625 -0.117231 -8.637283 19.365405 5.372431 -0.194158 23.701533 -3.696120 5.719162 43.456242 1.178012 7.020673 10.566583 5.689844 -5.016964 -1.815512 -16.105870 49.351501 -2.534405 -2.202652 -28.595968 14.507776 -6.620650 30.044851
-0.048778 0.880930 3.307901 5.068697 -7.034368 1.121428 -9.179940 3.729504 -28.750486 -1.773033 -5.500328 21.501190 -13.711729 0.781308 4.106545 38.302868 -14.910690 0.794356 -5.208031 -2.649428 10.906197 2.256773 1.205627 39.950231 0.450859 12.128438 10.589880 -13.655881 -2.920040 -52.085858 -4.485988 1.298681 -3.452361 2.113645 0.240623 -3.716230 -2.353875 -1.469861 8.263673 -2.646665 -9.427523 7.923096 2.612769 10.153249 -14.551445 7.518134 8.960050 8.107631 -99.102479 -15.232166 -1.577777 13.120253 0.761015 -15.901698 -8.011856 14.917586 4.417115 -33.069437 -18.152277 -21.722575 -28.530639 -6.644358 -10.884674 -3.826775 -4.206650 -21.059126 -36.115008 -7.085308 -6.107878 -35.336742 -8.344426 -15.319158 -20.791002 -9.228273 -8.527080 -30.449810 1.026286 -7.210100 -40.474625 0.117229 -8.637283 -19.365405 -5.372419 -0.194158 -23.701533 3.696132 5.719162 -43.456242 -1.178000 7.020673 -10.566583 -5.689846 -5.016964 1.815512 16.105875 49.351501 2.534405 2.202657 -28.595968 -14.507776 6.620655 30.044851 -0.828308 -11.242345 -0.811746 94.181123 26.796672 5.568373 -4.061404 1.096986 -0.709778 8.495366 -12.621285 -6.925842 33.069437 18.152275 -21.722575 28.530639 6.644356 -10.884674 3.826775 4.206655 -21.059126 36.115008 7.085306 -6.107878 35.336742 8.344431 -15.319158 20.791002 9.228278 -8.527080 30.449810 -1.026281 -7.210100 40.474625 -0.117231 -8.637283 19.365405 5.372431 -0.194158 23.701533 -3.696120 5.719162 43.456242 1.178012 7.020673 10.566583 5.689844 -5.016964 -1.815512 -16.105870 49.351501 -2.534405 -2.202652 -28.595968 14.507776 -6.620650 30.044851
-0.046367 0.877970 3.350456 5.599987 -7.273480 0.682268 -9.615388 3.556072 -26.401183 -2.040962 -5.105741 22.406258 -13.683954 1.645620 2.848859 40.054709 -15.759860 -1.556604 -6.463627 -4.026742 7.813696 1.853194 1.137769 51.732556 2.501356 11.857416 12.765056 -13.084511 -2.424510 -45.989296 -4.816464 0.966208 -3.579452 2.227315 0.145820 -2.888345 -2.728015 -1.429119 7.274188 -3.185813 -9.758623 8.310593 2.530752 11.073324 -14.441865 10.120881 8.899527 9.116037 -101.074102 -17.152720 -0.420555 12.637775 0.877989 -15.635071 -8.006959 14.828835 4.141738 -33.069437 -18.152277 -21.722575 -28.530639 -6.644358 -10.884674 -3.826775 -4.206650 -21.059126 -36.115008 -7.085308 -6.107878 -35.336742 -8.344426 -15.319158 -20.791002 -9.228273 -8.527080 -30.449810 1.026286 -7.210100 -40.474625 0.117229 -8.637283 -19.365405 -5.372419 -0.194158 -23.701533 3.696132 5.719162 -43.456242 -1.178000 7.020673 -10.566583 -5.689846 -5.016964 1.815512 16.105875 49.351501 2.534405 2.202657 -28.595968 -14.507776 6.620655 30.044851 -2.680396 -10.741829 0.843174 96.779764 27.364507 5.345490 -6.008751 -0.777963 0.439462 9.211879 -13.216468 -7.326067 33.069437 18.152275 -21.722575 28.530639 6.644356 -10.884674 3.826775 4.206655 -21.059126 36.115008 7.085306 -6.107878 35.336742 8.344431 -15.319158 20.791002 9.228278 -8.527080 30.449810 -1.026281 -7.210100 40.474625 -0.117231 -8.637283 19.365405 5.372431 -0.194158 23.701533 -3.696120 5.719162 43.456242 1.178012 7.020673 10.566583 5.689844 -5.016964 -1.815512 -16.105870 49.351501 -2.534405 -2.202652 -28.595968 14.507776 -6.620650 30.044851
-0.043887 0.880516 3.388091 5.452464 -7.437780 0.459356 -9.371078 3.118441 -23.380964 -2.093457 -4.742799 21.541437 -13.823299 2.311168 1.667552 41.439577 -16.463465 -3.207616 -6.607452 -5.316610 4.613053 1.423586 1.796574 59.769660 2.623941 11.438145 12.426991 -10.911048 -0.748880 -39.166955 -4.457577 0.590773 -3.662350 2.230766 -0.088681 -2.287413 -2.927011 -1.364198 6.420694 -3.640411 -9.687337 8.767345 2.255232 11.628277 -14.613188 10.825374 8.593337 9.180651 -101.631972 -19.218709 1.007887 11.739017 1.288702 -15.587393 -7.601626 14.985636 3.646285 -33.069437 -18.152277 -21.722575 -28.530639 -6.644358 -10.884674 -3.826775 -4.206650 -21.059126 -36.115008 -7.085308 -6.107878 -35.336742 -8.344426 -15.319158 -20.791002 -9.228273 -8.527080 -30.449810 1.026286 -7.210100 -40.474625 0.117229 -8.637283 -19.365405 -5.372419 -0.194158 -23.701533 3.696132 5.719162 -43.456242 -1.178000 7.020673 -10.566583 -5.689846 -5.016964 1.815512 16.105875 49.351501 2.534405 2.202657 -28.595968 -14.507776 6.620655 30.044851 -2.753944 -9.951549 1.337713 97.573132 27.097924 4.787334 -7.258539 -1.985943 1.499946 9.611781 -13.879557 -7.713603 33.069437 18.152275 -21.722575 28.530639 6.644356 -10.884674 3.826775 4.206655 -21.059126 36.115008 7.085306 -6.107878 35.336742 8.344431 -15.319158 20.791002 9.228278 -8.527080 30.449810 -1.026281 -7.210100 40.474625 -0.117231 -8.637283 19.365405 5.372431 -0.194158 23.701533 -3.696120 5.719162 43.456242 1.178012 7.020673 10.566583 5.689844 -5.016964 -1.815512 -16.105870 49.351501 -2.534405 -2.202652 -28.595968 14.507776 -6.620650 30.044851
-0.041512 0.889298 3.425772 4.316150 -7.120156 0.450485 -8.164318 2.331392 -19.615473 -1.943031 -4.491865 19.435956 -14.002180 2.692900 0.966926 42.261229 -16.758454 -4.273265 -5.382499 -6.144046 1.298929 1.269719 2.142612 63.523901 1.412536 11.041215 10.269635 -9.295094 0.153040 -36.270811 -3.197319 0.071918 -3.725336 2.148396 -0.491382 -1.909537 -2.947782 -1.372565 5.862641 -3.812573 -9.212645 9.219081 1.735169 11.575561 -15.001944 9.682156 8.229540 8.235831 -100.710108 -21.239611 2.568131 10.587951 1.974904 -15.526540 -7.041647 15.322460 3.112842 -33.069437 -18.152277 -21.722575 -28.530639 -6.644358 -10.884674 -3.826775 -4.206650 -21.059126 -36.115008 -7.085308 -6.107878 -35.336742 -8.344426 -15.319158 -20.791002 -9.228273 -8.527080 -30.449810 1.026286 -7.210100 -40.474625 0.117229 -8.637283 -19.365405 -5.372419 -0.194158 -23.701533 3.696132 5.719162 -43.456242 -1.178000 7.020673 -10.566583 -5.689846 -5.016964 1.815512 16.105875 49.351501 2.534405 2.202657 -28.595968 -14.507776 6.620655 30.044851 -1.633450 -9.280606 0.954868 96.731448 25.779124 3.903904 -7.578065 -2.512899 1.948799 9.749558 -14.326914 -7.917358 33.069437 18.152275 -21.722575 28.530639 6.644356 -10.884674 3.826775 4.206655 -21.059126 36.115008 7.085306 -6.107878 35.336742 8.344431 -15.319158 20.791002 9.228278 -8.527080 30.449810 -1.026281 -7.210100 40.474625 -0.117231 -8.637283 19.365405 5.372431 -0.194158 23.701533 -3.696120 5.719162 43.456242 1.178012 7.020673 10.566583 5.689844 -5.016964 -1.815512 -16.105870 49.351501 -2.534405 -2.202652 -28.595968 14.507776 -6.620650 30.044851
-0.039641 0.902215 3.467416 2.434558 -6.203640 0.637664 -6.268681 1.390923 -15.464971 -1.597521 -4.301876 16.685450 -14.160596 2.642849 0.765323 42.607509 -16.815425 -5.065726 -3.051879 -5.976570 -2.629323 1.421311 1.328973 64.001769 0.051694 10.434537 7.758860 -8.519340 0.007085 -37.051526 -1.290128 -0.586526 -3.808502 1.986020 -1.037694 -1.655750 -2.816905 -1.489450 5.521620 -3.640545 -8.421272 9.696402 1.090976 10.976772 -15.432396 7.678803 7.871276 6.636855 -98.883128 -23.025836 4.107744 9.255553 2.754529 -15.327269 -6.568619 15.785833 2.710917 -33.069437 -18.152277 -21.722575 -28.530639 -6.644358 -10.884674 -3.826775 -4.206650 -21.059126 -36.115008 -7.085308 -6.107878 -35.336742 -8.344426 -15.319158 -20.791002 -9.228273 -8.527080 -30.449810 1.026286 -7.210100 -40.474625 0.117229 -8.637283 -19.365405 -5.372419 -0.194158 -23.701533 3.696132 5.719162 -43.456242 -1.178000 7.020673 -10.566583 -5.689846 -5.016964 1.815512 16.105875 49.351501 2.534405 2.202657 -28.595968 -14.507776 6.620655 30.044851 -0.347697 -8.871676 0.223365 95.039876 23.574558 2.887421 -7.090353 -2.612927 1.533065 9.743456 -14.450267 -7.921595 33.069437 18.152275 -21.722575 28.530639 6.644356 -10.884674 3.826775 4.206655 -21.059126 36.115008 7.085306 -6.107878 35.336742 8.344431 -15.319158 20.791002 9.228278 -8.527080 30.449810 -1.026281 -7.210100 40.474625 -0.117231 -8.637283 19.365405 5.372431 -0.194158 23.701533 -3.696120 5.719162 43.456242 1.178012 7.020673 10.566583 5.689844 -5.016964 -1.815512 -16.105870 49.351501 -2.534405 -2.202652 -28.595968 14.507776 -6.620650 30.044851
-0.039094 0.914902 3.510857 0.325368 -5.000454 0.991318 -4.178438 0.475227 -11.408584 -1.128154 -4.063243 13.771757 -14.269317 2.240059 0.815367 42.599337 -16.811149 -5.705365 -0.280903 -5.032392 -7.239008 1.703220 -0.120639 61.681594 -1.073132 9.657774 5.758991 -7.591296 -0.141232 -38.794177 0.821490 -1.233434 -3.923624 1.759793 -1.630186 -1.545100 -2.603615 -1.632536 5.323647 -3.200902 -7.460818 10.210044 0.527907 10.087099 -15.742975 5.556107 7.511565 4.715451 -96.724508 -24.502727 5.448630 7.704812 3.350033 -15.050901 -6.243292 16.365033 2.446862 -33.069437 -18.152277 -21.722575 -28.530639 -6.644358 -10.884674 -3.826775 -4.206650 -21.059126 -36.115008 -7.085308 -6.107878 -35.336742 -8.344426 -15.319158 -20.791002 -9.228273 -8.527080 -30.449810 1.026286 -7.210100 -40.474625 0.117229 -8.637283 -19.365405 -5.372419 -0.194158 -23.701533 3.696132 5.719162 -43.456242 -1.178000 7.020673 -10.566583 -5.689846 -5.016964 1.815512 16.105875 49.351501 2.534405 2.202657 -28.595968 -14.507776 6.620655 30.044851 0.770714 -8.624887 -0.580331 93.113032 20.871169 1.860192 -6.242778 -2.478578 0.463743 9.694361 -14.371918 -7.810972 33.069437 18.152275 -21.722575 28.530639 6.644356 -10.884674 3.826775 4.206655 -21.059126 36.115008 7.085306 -6.107878 35.336742 8.344431 -15.319158 20.791002 9.228278 -8.527080 30.449810 -1.026281 -7.210100 40.474625 -0.117231 -8.637283 19.365405 5.372431 -0.194158 23.701533 -3.696120 5.719162 43.456242 1.178012 7.020673 10.566583 5.689844 -5.016964 -1.815512 -16.105870 49.351501 -2.534405 -2.202652 -28.595968 14.507776 -6.620650 30.044851
-0.039604 0.923658 3.553297 -1.460468 -3.917009 1.493741 -2.433314 -0.418613 -7.768790 -0.632525 -3.674578 11.128735 -14.323904 1.696164 0.686441 42.359378 -16.783548 -6.159929 2.243942 -4.223356 -12.163913 1.941452 -0.920796 56.537424 -2.191293 9.070412 4.613552 -5.753579 0.413038 -39.169789 2.618696 -1.739298 -4.067279 1.574724 -2.169532 -1.637114 -2.439706 -1.679596 5.263623 -2.575450 -6.514120 10.661398 0.137448 9.162797 -15.903751 3.714477 7.231534 2.756019 -94.668608 -25.734422 6.515341 5.923786 3.523977 -14.837083 -6.012583 16.983527 2.328858 -33.069437 -18.152277 -21.722575 -28.530639 -6.644358 -10.884674 -3.826775 -4.206650 -21.059126 -36.115008 -7.085308 -6.107878 -35.336742 -8.344426 -15.319158 -20.791002 -9.228273 -8.527080 -30.449810 1.026286 -7.210100 -40.474625 0.117229 -8.637283 -19.365405 -5.372419 -0.194158 -23.701533 3.696132 5.719162 -43.456242 -1.178000 7.020673 -10.566583 -5.689846 -5.016964 1.815512 16.105875 49.351501 2.534405 2.202657 -28.595968 -14.507776 6.620655 30.044851 1.820344 -8.516287 -1.222408 91.406605 18.225550 0.922745 -5.635799 -2.282599 -0.764038 9.630703 -14.232821 -7.613668 33.069437 18.152275 -21.722575 28.530639 6.644356 -10.884674 3.826775 4.206655 -21.059126 36.115008 7.085306 -6.107878 35.336742 8.344431 -15.319158 20.791002 9.228278 -8.527080 30.449810 -1.026281 -7.210100 40.474625 -0.117231 -8.637283 19.365405 5.372431 -0.194158 23.701533 -3.696120 5.719162 43.456242 1.178012 7.020673 10.566583 5.689844 -5.016964 -1.815512 -16.105870 49.351501 -2.534405 -2.202652 -28.595968 14.507776 -6.620650 30.044851
-0.041131 0.926583 3.594381 -2.437164 -3.123744 2.099297 -1.533760 -1.413129 -4.627974 -0.186203 -2.994346 9.152648 -14.333756 1.057220 -0.097635 42.036601 -16.765400 -6.361467 4.060490 -4.243574 -16.857645 2.119249 -0.365399 48.695827 -3.415156 8.903994 4.509524 -2.610860 1.490384 -37.078010 3.580235 -2.109194 -4.244705 1.570213 -2.614143 -1.894945 -2.447197 -1.555505 5.346536 -1.815665 -5.741905 10.898554 -0.133236 8.378773 -15.975474 2.562464 7.203653 1.131959 -93.153071 -26.902262 7.406039 4.042187 3.084311 -14.792182 -5.804412 17.475834 2.440304 -33.069437 -18.152277 -21.722575 -28.530639 -6.644358 -10.884674 -3.826775 -4.206650 -21.059126 -36.115008 -7.085308 -6.107878 -35.336742 -8.344426 -15.319158 -20.791002 -9.228273 -8.527080 -30.449810 1.026286 -7.210100 -40.474625 0.117229 -8.637283 -19.365405 -5.372419 -0.194158 -23.701533 3.696132 5.719162 -43.456242 -1.178000 7.020673 -10.566583 -5.689846 -5.016964 1.815512 16.105875 49.351501 2.534405 2.202657 -28.595968 -14.507776 6.620655 30.044851 2.707492 -8.629272 -1.370975 90.341976 16.192790 0.130381 -5.751139 -2.214570 -1.668659 9.536199 -14.044069 -7.346003 33.069437 18.152275 -21.722575 28.530639 6.644356 -10.884674 3.826775 4.206655 -21.059126 36.115008 7.085306 -6.107878 35.336742 8.344431 -15.319158 20.791002 9.228278 -8.527080 30.449810 -1.026281 -7.210100 40.474625 -0.117231 -8.637283 19.365405 5.372431 -0.194158 23.701533 -3.696120 5.719162 43.456242 1.178012 7.020673 10.566583 5.689844 -5.016964 -1.815512 -16.105870 49.351501 -2.534405 -2.202652 -28.595968 14.507776 -6.620650 30.044851
-0.044288 0.922194 3.636508 -2.333523 -2.566216 2.690155 -1.762931 -2.508207 -1.834375 0.164101 -1.974257 8.137834 -14.319395 0.183052 -1.837959 41.774468 -16.793978 -6.308650 4.912595 -5.119696 -20.760157 2.265435 1.313728 38.641508 -4.670012 9.218210 5.318200 1.912181 2.603029 -33.039954 3.403715 -2.440609 -4.479409 1.788226 -2.959027 -2.164800 -2.648156 -1.255038 5.551412 -0.934940 -5.193414 10.809755 -0.415581 7.766208 -16.026817 2.523676 7.631339 0.189322 -92.580264 -28.172602 8.307563 2.278914 2.013194 -14.974049 -5.590746 17.688963 2.853881 -33.069437 -18.152277 -21.722575 -28.530639 -6.644358 -10.884674 -3.826775 -4.206650 -21.059126 -36.115008 -7.085308 -6.107878 -35.336742 -8.344426 -15.319158 -20.791002 -9.228273 -8.527080 -30.449810 1.026286 -7.210100 -40.474625 0.117229 -8.637283 -19.365405 -5.372419 -0.194158 -23.701533 3.696132 5.719162 -43.456242 -1.178000 7.020673 -10.566583 -5.689846 -5.016964 1.815512 16.105875 49.351501 2.534405 2.202657 -28.595968 -14.507776 6.620655 30.044851 3.057174 -8.998485 -0.776732 90.187921 15.030510 -0.535798 -6.731785 -2.412304 -2.038732 9.392811 -13.728268 -7.042585 33.069437 18.152275 -21.722575 28.530639 6.644356 -10.884674 3.826775 4.206655 -21.059126 36.115008 7.085306 -6.107878 35.336742 8.344431 -15.319158 20.791002 9.228278 -8.527080 30.449810 -1.026281 -7.210100 40.474625 -0.117231 -8.637283 19.365405 5.372431 -0.194158 23.701533 -3.696120 5.719162 43.456242 1.178012 7.020673 10.566583 5.689844 -5.016964 -1.815512 -16.105870 49.351501 -2.534405 -2.202652 -28.595968 14.507776 -6.620650 30.044851
-0.047838 0.912313 3.682195 -1.340284 -2.133359 3.094509 -2.921009 -3.460192 0.929007 0.405208 -0.898509 8.101822 -14.348387 -0.908754 -4.384048 41.762550 -16.779894 -6.261253 4.876239 -6.364730 -23.623422 2.445133 3.376950 27.509113 -5.811050 10.020020 6.471731 7.148053 3.384928 -28.872145 2.310409 -2.812902 -4.728930 2.109716 -3.204606 -2.293322 -2.930612 -0.826047 5.829539 0.035752 -4.796648 10.435677 -0.800346 7.221664 -16.108007 3.613240 8.589218 0.056903 -93.011371 -29.547553 9.335171 0.807110 0.531425 -15.414607 -5.411205 17.530878 3.502665 -33.069437 -18.152277 -21.722575 -28.530639 -6.644358 -10.884674 -3.826775 -4.206650 -21.059126 -36.115008 -7.085308 -6.107878 -35.336742 -8.344426 -15.319158 -20.791002 -9.228273 -8.527080 -30.449810 1.026286 -7.210100 -40.474625 0.117229 -8.637283 -19.365405 -5.372419 -0.194158 -23.701533 3.696132 5.719162 -43.456242 -1.178000 7.020673 -10.566583 -5.689846 -5.016964 1.815512 16.105875 49.351501 2.534405 2.202657 -28.595968 -14.507776 6.620655 30.044851 2.709407 -9.534784 0.468791 90.812693 14.531954 -1.082691 -8.357227 -2.791011 -2.006747 9.190059 -13.223640 -6.691220 33.069437 18.152275 -21.722575 28.530639 6.644356 -10.884674 3.826775 4.206655 -21.059126 36.115008 7.085306 -6.107878 35.336742 8.344431 -15.319158 20.791002 9.228278 -8.527080 30.449810 -1.026281 -7.210100 40.474625 -0.117231 -8.637283 19.365405 5.372431 -0.194158 23.701533 -3.696120 5.719162 43.456242 1.178012 7.020673 10.566583 5.689844 -5.016964 -1.815512 -16.105870 49.351501 -2.534405 -2.202652 -28.595968 14.507776 -6.620650 30.044851
-0.051509 0.901345 3.731718 -0.257769 -1.799834 3.213548 -4.180401 -3.993192 3.954747 0.499466 -0.228454 8.630016 -14.572497 -1.791898 -6.963828 42.273496 -16.525265 -6.869717 4.742089 -7.371773 -25.860983 2.723173 5.143394 17.752901 -6.707952 11.133928 7.258287 11.861762 3.759516 -25.789520 1.174088 -3.167928 -4.811803 2.315972 -3.353941 -2.320799 -3.087561 -0.369142 6.138556 0.886017 -4.508120 10.001791 -1.180421 6.712009 -16.237013 5.011472 9.796085 0.544771 -93.829177 -30.827366 10.317182 -0.291154 -1.049108 -16.106267 -5.266464 16.907501 4.157662 -33.069437 -18.152277 -21.722575 -28.530639 -6.644358 -10.884674 -3.826775 -4.206650 -21.059126 -36.115008 -7.085308 -6.107878 -35.336742 -8.344426 -15.319158 -20.791002 -9.228273 -8.527080 -30.449810 1.026286 -7.210100 -40.474625 0.117229 -8.637283 -19.365405 -5.372419 -0.194158 -23.701533 3.696132 5.719162 -43.456242 -1.178000 7.020673 -10.566583 -5.689846 -5.016964 1.815512 16.105875 49.351501 2.534405 2.202657 -28.595968 -14.507776 6.620655 30.044851 2.225099 -9.995515 1.815059 91.519426 14.211365 -1.478989 -10.165775 -3.081458 -1.844982 8.929172 -12.542711 -6.246919 33.069437 18.152275 -21.722575 28.530639 6.644356 -10.884674 3.826775 4.206655 -21.059126 36.115008 7.085306 -6.107878 35.336742 8.344431 -15.319158 20.791002 9.228278 -8.527080 30.449810 -1.026281 -7.210100 40.474625 -0.117231 -8.637283 19.365405 5.372431 -0.194158 23.701533 -3.696120 5.719162 43.456242 1.178012 7.020673 10.566583 5.689844 -5.016964 -1.815512 -16.105870 49.351501 -2.534405 -2.202652 -28.595968 14.507776 -6.620650 30.044851
-0.055444 0.893224 3.781571 -0.084719 -1.689376 3.161724 -4.458775 -4.057150 7.114468 0.342009 -0.076366 9.231260 -15.133358 -1.955330 -8.415876 43.442435 -15.864649 -8.949387 5.804991 -7.966068 -28.342737 2.937829 6.293844 12.545389 -7.360312 12.343486 7.596928 14.927266 3.878136 -23.566444 1.074237 -3.313302 -4.531034 2.218762 -3.421028 -2.513941 -2.946832 -0.027714 6.447738 1.237818 -4.383442 9.759000 -1.262441 6.398435 -16.367717 5.338083 10.651416 1.153372 -93.958336 -31.729416 10.741647 -1.028124 -2.483161 -16.968372 -5.031741 15.793941 4.550236 -33.069437 -18.152277 -21.722575 -28.530639 -6.644358 -10.884674 -3.826775 -4.206650 -21.059126 -36.115008 -7.085308 -6.107878 -35.336742 -8.344426 -15.319158 -20.791002 -9.228273 -8.527080 -30.449810 1.026286 -7.210100 -40.474625 0.117229 -8.637283 -19.365405 -5.372419 -0.194158 -23.701533 3.696132 5.719162 -43.456242 -1.178000 7.020673 -10.566583 -5.689846 -5.016964 1.815512 16.105875 49.351501 2.534405 2.202657 -28.595968 -14.507776 6.620655 30.044851 2.640344 -10.083119 2.504243 91.443843 13.675196 -1.777338 -11.676626 -3.147595 -1.700532 8.623094 -11.843757 -5.734421 33.069437 18.152275 -21.722575 28.530639 6.644356 -10.884674 3.826775 4.206655 -21.059126 36.115008 7.085306 -6.107878 35.336742 8.344431 -15.319158 20.791002 9.228278 -8.527080 30.449810 -1.026281 -7.210100 40.474625 -0.117231 -8.637283 19.365405 5.372431 -0.194158 23.701533 -3.696120 5.719162 43.456242 1.178012 7.020673 10.566583 5.689844 -5.016964 -1.815512 -16.105870 49.351501 -2.534405 -2.202652 -28.595968 14.507776 -6.620650 30.044851
-0.059406 0.888969 3.830790 -1.077656 -1.886332 3.169517 -3.365798 -3.766109 9.826055 -0.154647 -0.166306 10.081527 -15.996402 -1.366254 -8.199835 45.108926 -14.809384 -12.784565 8.424661 -8.269642 -31.365472 2.845726 6.669990 13.401400 -7.783698 13.706498 8.106624 15.647651 4.057736 -21.900057 2.253859 -3.181069 -3.959111 1.838213 -3.432038 -3.029003 -2.510971 0.128157 6.648262 0.911302 -4.478136 9.828481 -0.899151 6.461833 -16.387195 4.179251 10.852627 1.579970 -93.036629 -32.087284 10.285121 -1.467196 -3.654613 -17.826865 -4.651372 14.423306 4.515176 -33.069437 -18.152277 -21.722575 -28.530639 -6.644358 -10.884674 -3.826775 -4.206650 -21.059126 -36.115008 -7.085308 -6.107878 -35.336742 -8.344426 -15.319158 -20.791002 -9.228273 -8.527080 -30.449810 1.026286 -7.210100 -40.474625 0.117229 -8.637283 -19.365405 -5.372419 -0.194158 -23.701533 3.696132 5.719162 -43.456242 -1.178000 7.020673 -10.566583 -5.689846 -5.016964 1.815512 16.105875 49.351501 2.534405 2.202657 -28.595968 -14.507776 6.620655 30.044851 4.133721 -9.756322 2.370270 90.491441 12.902025 -2.087200 -12.696137 -3.047710 -1.494535 8.361564 -11.329881 -5.265823 33.069437 18.152275 -21.722575 28.530639 6.644356 -10.884674 3.826775 4.206655 -21.059126 36.115008 7.085306 -6.107878 35.336742 8.344431 -15.319158 20.791002 9.228278 -8.527080 30.449810 -1.026281 -7.210100 40.474625 -0.117231 -8.637283 19.365405 5.372431 -0.194158 23.701533 -3.696120 5.719162 43.456242 1.178012 7.020673 10.566583 5.689844 -5.016964 -1.815512 -16.105870 49.351501 -2.534405 -2.202652 -28.595968 14.507776 -6.620650 30.044851
-0.063974 0.887394 3.879598 -2.533096 -2.216954 3.226401 -1.562172 -3.289041 11.635199 -0.996293 -0.151027 12.309842 -17.002673 -0.479408 -6.775865 47.207095 -13.324891 -17.996514 11.222505 -7.948746 -33.892949 2.508094 6.273224 18.510800 -7.942317 14.867678 9.018243 14.272527 4.472588 -21.126561 3.804376 -2.955011 -3.445947 1.431134 -3.420092 -3.610043 -1.909024 0.178632 6.613708 0.182252 -4.723907 10.150381 -0.323246 6.863537 -16.196141 2.871960 10.815600 2.109696 -92.076913 -31.921911 9.367441 -1.588960 -4.504726 -18.513125 -4.314849 13.212423 4.058063 -33.069437 -18.152277 -21.722575 -28.530639 -6.644358 -10.884674 -3.826775 -4.206650 -21.059126 -36.115008 -7.085308 -6.107878 -35.336742 -8.344426 -15.319158 -20.791002 -9.228273 -8.527080 -30.449810 1.026286 -7.210100 -40.474625 0.117229 -8.637283 -19.365405 -5.372419 -0.194158 -23.701533 3.696132 5.719162 -43.456242 -1.178000 7.020673 -10.566583 -5.689846 -5.016964 1.815512 16.105875 49.351501 2.534405 2.202657 -28.595968 -14.507776 6.620655 30.044851 5.455115 -9.376283 2.140551 89.562160 12.224586 -2.452256 -13.357305 -2.869408 -1.022957 8.330426 -11.002449 -4.993920 33.069437 18.152275 -21.722575 28.530639 6.644356 -10.884674 3.826775 4.206655 -21.059126 36.115008 7.085306 -6.107878 35.336742 8.344431 -15.319158 20.791002 9.228278 -8.527080 30.449810 -1.026281 -7.210100 40.474625 -0.117231 -8.637283 19.365405 5.372431 -0.194158 23.701533 -3.696120 5.719162 43.456242 1.178012 7.020673 10.566583 5.689844 -5.016964 -1.815512 -16.105870 49.351501 -2.534405 -2.202652 -28.595968 14.507776 -6.620650 30.044851
-0.069814 0.885546 3.929230 -3.724620 -2.466980 3.055394 0.124125 -2.829970 12.396312 -2.056720 0.413967 17.439496 -18.121673 0.242276 -4.401633 49.790925 -11.099478 -23.953991 12.738352 -6.788652 -34.435867 2.404124 5.704720 24.060059 -8.186298 14.730125 9.745059 11.715003 4.716057 -21.550456 4.821181 -2.822826 -3.238144 1.234481 -3.373353 -3.877657 -1.275018 0.227509 6.365274 -0.469733 -4.936366 10.545503 0.089871 7.363534 -15.804815 2.869679 11.075762 3.069925 -92.354785 -31.431620 8.687290 -1.301380 -4.880256 -18.968878 -4.238034 12.460610 3.333591 -33.069437 -18.152277 -21.722575 -28.530639 -6.644358 -10.884674 -3.826775 -4.206650 -21.059126 -36.115008 -7.085308 -6.107878 -35.336742 -8.344426 -15.319158 -20.791002 -9.228273 -8.527080 -30.449810 1.026286 -7.210100 -40.474625 0.117229 -8.637283 -19.365405 -5.372419 -0.194158 -23.701533 3.696132 5.719162 -43.456242 -1.178000 7.020673 -10.566583 -5.689846 -5.016964 1.815512 16.105875 49.351501 2.534405 2.202657 -28.595968 -14.507776 6.620655 30.044851 5.405835 -9.262451 2.484181 89.561306 12.064316 -2.902817 -13.816430 -2.759626 -0.216537 8.633820 -10.721079 -5.068381 33.069437 18.152275 -21.722575 28.530639 6.644356 -10.884674 3.826775 4.206655 -21.059126 36.115008 7.085306 -6.107878 35.336742 8.344431 -15.319158 20.791002 9.228278 -8.527080 30.449810 -1.026281 -7.210100 40.474625 -0.117231 -8.637283 19.365405 5.372431 -0.194158 23.701533 -3.696120 5.719162 43.456242 1.178012 7.020673 10.566583 5.689844 -5.016964 -1.815512 -16.105870 49.351501 -2.534405 -2.202652 -28.595968 14.507776 -6.620650 30.044851
-0.076486 0.881667 3.978655 -4.577924 -2.506923 2.548482 1.597397 -2.322248 11.892304 -3.000702 1.649862 26.279780 -19.455924 0.801354 -0.789715 52.461119 -8.359753 -28.966921 13.031727 -5.237871 -32.779092 2.764425 5.200030 27.634746 -8.835978 13.213652 9.621931 8.558140 4.489390 -23.049523 5.314892 -2.825326 -3.253165 1.268737 -3.247349 -3.755694 -0.764199 0.258532 6.004300 -0.771324 -5.007687 10.836366 0.239375 7.757745 -15.318366 4.446911 11.596305 4.430850 -94.157429 -30.908099 8.460214 -0.559309 -4.551840 -19.169870 -4.476698 12.225420 2.520520 -33.069437 -18.152277 -21.722575 -28.530639 -6.644358 -10.884674 -3.826775 -4.206650 -21.059126 -36.115008 -7.085308 -6.107878 -35.336742 -8.344426 -15.319158 -20.791002 -9.228273 -8.527080 -30.449810 1.026286 -7.210100 -40.474625 0.117229 -8.637283 -19.365405 -5.372419 -0.194158 -23.701533 3.696132 5.719162 -43.456242 -1.178000 7.020673 -10.566583 -5.689846 -5.016964 1.815512 16.105875 49.351501 2.534405 2.202657 -28.595968 -14.507776 6.620655 30.044851 3.874802 -9.293276 3.403489 90.709584 12.580070 -3.435281 -14.065624 -2.813291 0.768639 9.177321 -10.466989 -5.518869 33.069437 18.152275 -21.722575 28.530639 6.644356 -10.884674 3.826775 4.206655 -21.059126 36.115008 7.085306 -6.107878 35.336742 8.344431 -15.319158 20.791002 9.228278 -8.527080 30.449810 -1.026281 -7.210100 40.474625 -0.117231 -8.637283 19.365405 5.372431 -0.194158 23.701533 -3.696120 5.719162 43.456242 1.178012 7.020673 10.566583 5.689844 -5.016964 -1.815512 -16.105870 49.351501 -2.534405 -2.202652 -28.595968 14.507776 -6.620650 30.044851
-0.082941 0.877157 4.026281 -5.374205 -2.228053 1.950387 3.202992 -1.328483 10.014468 -3.407493 2.725405 37.810278 -20.839737 1.665872 3.500556 54.250915 -6.898495 -29.646457 13.090532 -3.932697 -30.096914 3.120301 4.485258 29.310449 -9.463303 11.562816 8.547358 5.204490 3.859783 -24.895140 5.769124 -2.931317 -3.335811 1.431114 -2.989701 -3.395133 -0.537507 0.139495 5.567273 -0.670010 -4.928218 10.907328 0.284755 7.906083 -14.900276 6.817271 11.940560 5.845182 -96.748742 -30.571419 8.456734 0.597614 -3.370744 -19.049666 -4.920664 12.433057 1.727796 -33.069437 -18.152277 -21.722575 -28.530639 -6.644358 -10.884674 -3.826775 -4.206650 -21.059126 -36.115008 -7.085308 -6.107878 -35.336742 -8.344426 -15.319158 -20.791002 -9.228273 -8.527080 -30.449810 1.026286 -7.210100 -40.474625 0.117229 -8.637283 -19.365405 -5.372419 -0.194158 -23.701533 3.696132 5.719162 -43.456242 -1.178000 7.020673 -10.566583 -5.689846 -5.016964 1.815512 16.105875 49.351501 2.534405 2.202657 -28.595968 -14.507776 6.620655 30.044851 1.512750 -9.095740 4.411925 92.603117 13.632684 -3.974371 -13.977955 -3.023907 1.651082 9.748384 -10.401358 -6.249390 33.069437 18.152275 -21.722575 28.530639 6.644356 -10.884674 3.826775 4.206655 -21.059126 36.115008 7.085306 -6.107878 35.336742 8.344431 -15.319158 20.791002 9.228278 -8.527080 30.449810 -1.026281 -7.210100 40.474625 -0.117231 -8.637283 19.365405 5.372431 -0.194158 23.701533 -3.696120 5.719162 43.456242 1.178012 7.020673 10.566583 5.689844 -5.016964 -1.815512 -16.105870 49.351501 -2.534405 -2.202652 -28.595968 14.507776 -6.620650 30.044851
-0.088485 0.875801 4.069636 -6.091139 -1.715481 1.477990 4.810713 0.649390 7.327554 -3.234030 2.327389 49.293345 -21.715466 2.926479 6.723461 54.146612 -8.590572 -24.564617 13.352234 -3.045511 -27.336299 3.079998 3.551598 29.827542 -9.607100 10.595019 6.928689 2.152505 2.897499 -26.287754 6.208737 -3.031229 -3.461346 1.648756 -2.568333 -2.938640 -0.582742 -0.203646 5.145246 -0.195587 -4.663849 10.722449 0.383419 7.724489 -14.709371 8.699235 11.810069 6.813738 -99.002540 -30.384237 8.406030 2.065342 -1.443025 -18.554714 -5.393209 12.956018 1.031000 -33.069437 -18.152277 -21.722575 -28.530639 -6.644358 -10.884674 -3.826775 -4.206650 -21.059126 -36.115008 -7.085308 -6.107878 -35.336742 -8.344426 -15.319158 -20.791002 -9.228273 -8.527080 -30.449810 1.026286 -7.210100 -40.474625 0.117229 -8.637283 -19.365405 -5.372419 -0.194158 -23.701533 3.696132 5.719162 -43.456242 -1.178000 7.020673 -10.566583 -5.689846 -5.016964 1.815512 16.105875 49.351501 2.534405 2.202657 -28.595968 -14.507776 6.620655 30.044851 -0.641349 -8.504539 4.824090 94.408951 14.999760 -4.315850 -13.437864 -3.382253 2.180762 10.157313 -10.655762 -7.128214 33.069437 18.152275 -21.722575 28.530639 6.644356 -10.884674 3.826775 4.206655 -21.059126 36.115008 7.085306 -6.107878 35.336742 8.344431 -15.319158 20.791002 9.228278 -8.527080 30.449810 -1.026281 -7.210100 40.474625 -0.117231 -8.637283 19.365405 5.372431 -0.194158 23.701533 -3.696120 5.719162 43.456242 1.178012 7.020673 10.566583 5.689844 -5.016964 -1.815512 -16.105870 49.351501 -2.534405 -2.202652 -28.595968 14.507776 -6.620650 30.044851
-0.093455 0.879618 4.109560 -6.333215 -1.340586 1.125963 5.805791 3.461331 4.568650 -2.840739 0.299021 58.084065 -21.739966 3.679808 7.685981 52.267852 -11.946005 -17.840181 13.376770 -2.322480 -24.380734 2.814227 2.704286 29.294091 -9.408119 10.220356 5.461737 -0.128560 1.846148 -27.143539 6.220285 -2.906789 -3.601826 1.813644 -2.049205 -2.559316 -0.688587 -0.631448 4.951908 0.413294 -4.299615 10.368394 0.658077 7.379291 -14.786835 9.175473 11.242070 7.045303 -100.078268 -30.021677 8.064541 3.676982 0.722616 -17.822421 -5.756203 13.599298 0.550374 -33.069437 -18.152277 -21.722575 -28.530639 -6.644358 -10.884674 -3.826775 -4.206650 -21.059126 -36.115008 -7.085308 -6.107878 -35.336742 -8.344426 -15.319158 -20.791002 -9.228273 -8.527080 -30.449810 1.026286 -7.210100 -40.474625 0.117229 -8.637283 -19.365405 -5.372419 -0.194158 -23.701533 3.696132 5.719162 -43.456242 -1.178000 7.020673 -10.566583 -5.689846 -5.016964 1.815512 16.105875 49.351501 2.534405 2.202657 -28.595968 -14.507776 6.620655 30.044851 -1.623582 -7.811548 4.210825 95.290537 16.450178 -4.106887 -12.514015 -3.877414 2.320447 10.239937 -11.141785 -7.976119 33.069437 18.152275 -21.722575 28.530639 6.644356 -10.884674 3.826775 4.206655 -21.059126 36.115008 7.085306 -6.107878 35.336742 8.344431 -15.319158 20.791002 9.228278 -8.527080 30.449810 -1.026281 -7.210100 40.474625 -0.117231 -8.637283 19.365405 5.372431 -0.194158 23.701533 -3.696120 5.719162 43.456242 1.178012 7.020673 10.566583 5.689844 -5.016964 -1.815512 -16.105870 49.351501 -2.534405 -2.202652 -28.595968 14.507776 -6.620650 30.044851
-0.097934 0.888361 4.147593 -5.736324 -1.492387 0.839617 5.660886 5.845545 1.669164 -2.497220 -1.841772 63.311516 -20.999502 3.170699 6.636120 51.005933 -13.184646 -15.268801 12.622990 -1.518212 -20.771838 2.595188 2.265337 27.604998 -9.189867 10.032567 4.671514 -1.353273 1.211296 -27.973238 5.538667 -2.397756 -3.663334 1.760057 -1.532747 -2.420183 -0.662993 -0.905421 5.093911 0.712085 -4.147917 10.042751 1.236914 7.250631 -15.032160 8.325536 10.439332 6.692597 -99.857379 -29.139012 7.254409 5.262889 2.397781 -17.193721 -5.938380 14.161710 0.374319 -33.069437 -18.152277 -21.722575 -28.530639 -6.644358 -10.884674 -3.826775 -4.206650 -21.059126 -36.115008 -7.085308 -6.107878 -35.336742 -8.344426 -15.319158 -20.791002 -9.228273 -8.527080 -30.449810 1.026286 -7.210100 -40.474625 0.117229 -8.637283 -19.365405 -5.372419 -0.194158 -23.701533 3.696132 5.719162 -43.456242 -1.178000 7.020673 -10.566583 -5.689846 -5.016964 1.815512 16.105875 49.351501 2.534405 2.202657 -28.595968 -14.507776 6.620655 30.044851 -1.234112 -7.461494 2.794349 94.996368 17.881677 -3.107470 -11.459756 -4.384426 2.256546 9.914436 -11.662361 -8.612507 33.069437 18.152275 -21.722575 28.530639 6.644356 -10.884674 3.826775 4.206655 -21.059126 36.115008 7.085306 -6.107878 35.336742 8.344431 -15.319158 20.791002 9.228278 -8.527080 30.449810 -1.026281 -7.210100 40.474625 -0.117231 -8.637283 19.365405 5.372431 -0.194158 23.701533 -3.696120 5.719162 43.456242 1.178012 7.020673 10.566583 5.689844 -5.016964 -1.815512 -16.105870 49.351501 -2.534405 -2.202652 -28.595968 14.507776 -6.620650 30.044851
-0.102123 0.900328 4.187672 -4.301639 -2.246016 0.630734 4.320495 6.367972 -1.900759 -2.435809 -2.492497 65.382040 -19.937015 2.175438 4.573677 51.435546 -11.314131 -17.968117 11.034410 -0.534753 -16.422739 2.418125 2.236316 24.848372 -9.013283 9.854251 4.627031 -1.729597 1.145808 -29.131331 4.233191 -1.584048 -3.624369 1.491635 -1.041765 -2.523330 -0.510715 -0.958054 5.452426 0.501108 -4.377937 9.890035 2.055807 7.514454 -15.281882 6.842779 9.570272 6.099684 -98.768524 -27.589584 5.977618 6.666876 3.224385 -16.916821 -6.004199 14.552868 0.449178 -33.069437 -18.152277 -21.722575 -28.530639 -6.644358 -10.884674 -3.826775 -4.206650 -21.059126 -36.115008 -7.085308 -6.107878 -35.336742 -8.344426 -15.319158 -20.791002 -9.228273 -8.527080 -30.449810 1.026286 -7.210100 -40.474625 0.117229 -8.637283 -19.365405 -5.372419 -0.194158 -23.701533 3.696132 5.719162 -43.456242 -1.178000 7.020673 -10.566583 -5.689846 -5.016964 1.815512 16.105875 49.351501 2.534405 2.202657 -28.595968 -14.507776 6.620655 30.044851 0.089030 -7.486295 1.047775 93.860255 19.302158 -1.478022 -10.424950 -4.658234 2.132123 9.245646 -12.154845 -8.981943 33.069437 18.152275 -21.722575 28.530639 6.644356 -10.884674 3.826775 4.206655 -21.059126 36.115008 7.085306 -6.107878 35.336742 8.344431 -15.319158 20.791002 9.228278 -8.527080 30.449810 -1.026281 -7.210100 40.474625 -0.117231 -8.637283 19.365405 5.372431 -0.194158 23.701533 -3.696120 5.719162 43.456242 1.178012 7.020673 10.566583 5.689844 -5.016964 -1.815512 -16.105870 49.351501 -2.534405 -2.202652 -28.595968 14.507776 -6.620650 30.044851
-0.105756 0.913218 4.228961 -2.455069 -3.347910 0.586065 2.431565 4.784413 -6.226807 -2.737065 -1.447041 64.551298 -19.092834 1.939025 2.431669 51.831611 -8.660356 -22.252965 9.015896 0.578779 -11.727003 2.169990 2.239041 21.347152 -8.779506 9.864134 5.076670 -1.752850 1.307833 -30.509615 2.642888 -0.718083 -3.601599 1.189206 -0.552635 -2.757082 -0.363210 -0.924354 5.847721 0.042943 -4.786860 9.864130 2.774682 7.947918 -15.442279 5.481467 8.810646 5.526938 -97.422116 -25.435451 4.392013 7.748204 3.386376 -16.988149 -6.098301 14.793905 0.656286 -33.069437 -18.152277 -21.722575 -28.530639 -6.644358 -10.884674 -3.826775 -4.206650 -21.059126 -36.115008 -7.085308 -6.107878 -35.336742 -8.344426 -15.319158 -20.791002 -9.228273 -8.527080 -30.449810 1.026286 -7.210100 -40.474625 0.117229 -8.637283 -19.365405 -5.372419 -0.194158 -23.701533 3.696132 5.719162 -43.456242 -1.178000 7.020673 -10.566583 -5.689846 -5.016964 1.815512 16.105875 49.351501 2.534405 2.202657 -28.595968 -14.507776 6.620655 30.044851 1.665965 -7.547637 -0.739480 92.426004 20.667376 0.342001 -9.321366 -4.484768 1.911028 8.460270 -12.680141 -9.133619 33.069437 18.152275 -21.722575 28.530639 6.644356 -10.884674 3.826775 4.206655 -21.059126 36.115008 7.085306 -6.107878 35.336742 8.344431 -15.319158 20.791002 9.228278 -8.527080 30.449810 -1.026281 -7.210100 40.474625 -0.117231 -8.637283 19.365405 5.372431 -0.194158 23.701533 -3.696120 5.719162 43.456242 1.178012 7.020673 10.566583 5.689844 -5.016964 -1.815512 -16.105870 49.351501 -2.534405 -2.202652 -28.595968 14.507776 -6.620650 30.044851
-0.108684 0.924407 4.270819 -0.682679 -4.525503 0.818259 0.811984 2.274647 -10.857281 -3.038000 0.132501 60.378128 -18.474026 2.544275 0.665455 51.087510 -7.651872 -23.738729 7.035191 1.750129 -7.195057 1.846700 1.889827 17.533990 -8.515899 10.182585 5.643982 -1.671930 1.459149 -31.884218 1.144381 0.012686 -3.750225 0.944924 -0.064939 -3.033629 -0.267950 -0.957856 6.176840 -0.315508 -5.092020 9.839367 3.137928 8.204050 -15.546216 4.571345 8.330962 5.117103 -96.299302 -22.901164 2.735877 8.536508 3.220163 -17.242239 -6.217914 14.895368 0.961382 -33.069437 -18.152277 -21.722575 -28.530639 -6.644358 -10.884674 -3.826775 -4.206650 -21.059126 -36.115008 -7.085308 -6.107878 -35.336742 -8.344426 -15.319158 -20.791002 -9.228273 -8.527080 -30.449810 1.026286 -7.210100 -40.474625 0.117229 -8.637283 -19.365405 -5.372419 -0.194158 -23.701533 3.696132 5.719162 -43.456242 -1.178000 7.020673 -10.566583 -5.689846 -5.016964 1.815512 16.105875 49.351501 2.534405 2.202657 -28.595968 -14.507776 6.620655 30.044851 3.029834 -7.467505 -2.447854 91.058333 21.911031 2.070616 -7.980862 -3.817110 1.598912 7.827972 -13.263842 -9.127530 33.069437 18.152275 -21.722575 28.530639 6.644356 -10.884674 3.826775 4.206655 -21.059126 36.115008 7.085306 -6.107878 35.336742 8.344431 -15.319158 20.791002 9.228278 -8.527080 30.449810 -1.026281 -7.210100 40.474625 -0.117231 -8.637283 19.365405 5.372431 -0.194158 23.701533 -3.696120 5.719162 43.456242 1.178012 7.020673 10.566583 5.689844 -5.016964 -1.815512 -16.105870 49.351501 -2.534405 -2.202652 -28.595968 14.507776 -6.620650 30.044851
-0.109729 0.931128 4.312391 0.669304 -5.613990 1.379945 -0.184494 0.195114 -15.087061 -2.963609 1.047651 52.331379 -17.867437 3.504094 -0.485231 49.032241 -9.109154 -20.190550 5.449674 2.997192 -3.088404 1.540808 1.051025 13.769853 -8.448474 10.727805 5.918434 -1.347120 1.556719 -33.035275 0.017439 0.557524 -4.136216 0.729119 0.377657 -3.296377 -0.180289 -1.127020 6.380438 -0.413027 -5.160267 9.757889 3.139431 8.073170 -15.636567 4.063331 8.191380 4.979129 -95.633474 -20.322092 1.232016 9.236996 2.955507 -17.548913 -6.234086 14.827585 1.409739 -33.069437 -18.152277 -21.722575 -28.530639 -6.644358 -10.884674 -3.826775 -4.206650 -21.059126 -36.115008 -7.085308 -6.107878 -35.336742 -8.344426 -15.319158 -20.791002 -9.228273 -8.527080 -30.449810 1.026286 -7.210100 -40.474625 0.117229 -8.637283 -19.365405 -5.372419 -0.194158 -23.701533 3.696132 5.719162 -43.456242 -1.178000 7.020673 -10.566583 -5.689846 -5.016964 1.815512 16.105875 49.351501 2.534405 2.202657 -28.595968 -14.507776 6.620655 30.044851 4.037462 -7.304031 -4.025941 89.871588 22.976363 3.665906 -6.342854 -2.680225 1.309106 7.480702 -13.858485 -8.965550 33.069437 18.152275 -21.722575 28.530639 6.644356 -10.884674 3.826775 4.206655 -21.059126 36.115008 7.085306 -6.107878 35.336742 8.344431 -15.319158 20.791002 9.228278 -8.527080 30.449810 -1.026281 -7.210100 40.474625 -0.117231 -8.637283 19.365405 5.372431 -0.194158 23.701533 -3.696120 5.719162 43.456242 1.178012 7.020673 10.566583 5.689844 -5.016964 -1.815512 -16.105870 49.351501 -2.534405 -2.202652 -28.595968 14.507776 -6.620650 30.044851
-0.110202 0.930583 4.357890 1.248140 -6.530574 2.207695 -0.470152 -0.796452 -18.175772 -2.413447 1.062780 40.435481 -17.267022 4.326893 -0.708170 45.807343 -11.955212 -12.798992 4.624190 4.163221 0.607157 1.347821 0.046038 10.470542 -8.886460 11.349625 5.521641 -0.343075 1.655524 -33.927940 -0.442887 0.975401 -4.713098 0.546200 0.684613 -3.442324 -0.093882 -1.395330 6.416909 -0.284923 -5.084431 9.607783 2.900707 7.613696 -15.735834 3.939751 8.395869 5.232087 -95.519198 -17.996180 0.070464 10.037935 2.741060 -17.989612 -6.164632 14.620473 2.057332 -33.069437 -18.152277 -21.722575 -28.530639 -6.644358 -10.884674 -3.826775 -4.206650 -21.059126 -36.115008 -7.085308 -6.107878 -35.336742 -8.344426 -15.319158 -20.791002 -9.228273 -8.527080 -30.449810 1.026286 -7.210100 -40.474625 0.117229 -8.637283 -19.365405 -5.372419 -0.194158 -23.701533 3.696132 5.719162 -43.456242 -1.178000 7.020673 -10.566583 -5.689846 -5.016964 1.815512 16.105875 49.351501 2.534405 2.202657 -28.595968 -14.507776 6.620655 30.044851 4.589846 -7.345641 -5.294567 88.976601 23.898793 5.236347 -4.499280 -1.083115 1.100698 7.341864 -14.349221 -8.634515 33.069437 18.152275 -21.722575 28.530639 6.644356 -10.884674 3.826775 4.206655 -21.059126 36.115008 7.085306 -6.107878 35.336742 8.344431 -15.319158 20.791002 9.228278 -8.527080 30.449810 -1.026281 -7.210100 40.474625 -0.117231 -8.637283 19.365405 5.372431 -0.194158 23.701533 -3.696120 5.719162 43.456242 1.178012 7.020673 10.566583 5.689844 -5.016964 -1.815512 -16.105870 49.351501 -2.534405 -2.202652 -28.595968 14.507776 -6.620650 30.044851
-0.110393 0.923490 4.408545 0.845573 -7.298512 3.103050 -0.114621 -0.473849 -19.882003 -1.597872 0.638980 25.970329 -16.791501 4.403309 -0.056504 42.330043 -14.207611 -5.248032 4.751214 4.801550 4.101943 1.257405 -0.506360 8.140077 -9.971234 11.933381 4.270901 1.649352 1.866939 -34.879884 -0.072134 1.413858 -5.366420 0.472368 0.770018 -3.360701 -0.080639 -1.662022 6.327441 -0.104841 -5.139810 9.363629 2.600161 7.131751 -15.912918 4.285973 8.942394 5.934553 -95.890337 -16.063346 -0.593434 10.980573 2.640649 -18.764667 -6.216752 14.427882 2.904865 -33.069437 -18.152277 -21.722575 -28.530639 -6.644358 -10.884674 -3.826775 -4.206650 -21.059126 -36.115008 -7.085308 -6.107878 -35.336742 -8.344426 -15.319158 -20.791002 -9.228273 -8.527080 -30.449810 1.026286 -7.210100 -40.474625 0.117229 -8.637283 -19.365405 -5.372419 -0.194158 -23.701533 3.696132 5.719162 -43.456242 -1.178000 7.020673 -10.566583 -5.689846 -5.016964 1.815512 16.105875 49.351501 2.534405 2.202657 -28.595968 -14.507776 6.620655 30.044851 4.549017 -8.000840 -5.983405 88.508911 24.817392 6.932079 -2.599750 0.937945 0.919810 7.195418 -14.602211 -8.169217 33.069437 18.152275 -21.722575 28.530639 6.644356 -10.884674 3.826775 4.206655 -21.059126 36.115008 7.085306 -6.107878 35.336742 8.344431 -15.319158 20.791002 9.228278 -8.527080 30.449810 -1.026281 -7.210100 40.474625 -0.117231 -8.637283 19.365405 5.372431 -0.194158 23.701533 -3.696120 5.719162 43.456242 1.178012 7.020673 10.566583 5.689844 -5.016964 -1.815512 -16.105870 49.351501 -2.534405 -2.202652 -28.595968 14.507776 -6.620650 30.044851
-0.111025 0.913257 4.463991 -0.002126 -7.944853 3.758491 0.097084 1.151354 -21.144241 -0.976568 -0.095436 12.516645 -16.516471 3.338490 0.779325 39.365987 -15.163933 0.231323 5.251713 4.630734 7.743159 1.160385 -0.396463 6.863410 -11.211426 12.436363 2.619392 3.852843 2.186565 -36.442563 0.588754 1.926505 -5.810188 0.561223 0.659191 -3.193362 -0.195834 -1.852058 6.335998 -0.036292 -5.517704 8.973791 2.413934 6.873884 -16.198518 4.768775 9.644592 6.834992 -96.298523 -14.587943 -0.874664 11.961891 2.580571 -19.775904 -6.472288 14.332109 3.811116 -33.069437 -18.152277 -21.722575 -28.530639 -6.644358 -10.884674 -3.826775 -4.206650 -21.059126 -36.115008 -7.085308 -6.107878 -35.336742 -8.344426 -15.319158 -20.791002 -9.228273 -8.527080 -30.449810 1.026286 -7.210100 -40.474625 0.117229 -8.637283 -19.365405 -5.372419 -0.194158 -23.701533 3.696132 5.719162 -43.456242 -1.178000 7.020673 -10.566583 -5.689846 -5.016964 1.815512 16.105875 49.351501 2.534405 2.202657 -28.595968 -14.507776 6.620655 30.044851 4.160745 -9.213902 -6.155551 88.313936 25.725247 8.584042 -0.802526 3.170248 0.711853 6.894198 -14.525904 -7.613404 33.069437 18.152275 -21.722575 28.530639 6.644356 -10.884674 3.826775 4.206655 -21.059126 36.115008 7.085306 -6.107878 35.336742 8.344431 -15.319158 20.791002 9.228278 -8.527080 30.449810 -1.026281 -7.210100 40.474625 -0.117231 -8.637283 19.365405 5.372431 -0.194158 23.701533 -3.696120 5.719162 43.456242 1.178012 7.020673 10.566583 5.689844 -5.016964 -1.815512 -16.105870 49.351501 -2.534405 -2.202652 -28.595968 14.507776 -6.620650 30.044851
-0.112313 0.904307 4.521000 -0.105506 -8.337145 3.945646 -1.183860 3.361275 -23.449240 -0.622585 -1.441871 4.700162 -16.263165 1.578186 1.410828 36.903915 -15.191329 3.990605 4.860482 3.788340 11.486466 1.062118 0.055785 6.443586 -11.567320 12.817337 1.714386 4.411757 2.401654 -39.160084 0.386850 2.293976 -5.690154 0.797593 0.489187 -3.395769 -0.413262 -1.917238 6.754081 -0.124592 -6.170138 8.418885 2.421509 6.815971 -16.443153 4.456995 10.046760 7.287766 -96.074971 -13.622475 -1.274025 12.811355 2.424549 -20.517294 -6.788084 14.333913 4.487380 -33.069437 -18.152277 -21.722575 -28.530639 -6.644358 -10.884674 -3.826775 -4.206650 -21.059126 -36.115008 -7.085308 -6.107878 -35.336742 -8.344426 -15.319158 -20.791002 -9.228273 -8.527080 -30.449810 1.026286 -7.210100 -40.474625 0.117229 -8.637283 -19.365405 -5.372419 -0.194158 -23.701533 3.696132 5.719162 -43.456242 -1.178000 7.020673 -10.566583 -5.689846 -5.016964 1.815512 16.105875 49.351501 2.534405 2.202657 -28.595968 -14.507776 6.620655 30.044851 4.216085 -10.210044 -6.284440 87.946458 26.384265 9.603912 0.701808 5.199327 0.496768 6.449863 -14.106619 -7.020363 33.069437 18.152275 -21.722575 28.530639 6.644356 -10.884674 3.826775 4.206655 -21.059126 36.115008 7.085306 -6.107878 35.336742 8.344431 -15.319158 20.791002 9.228278 -8.527080 30.449810 -1.026281 -7.210100 40.474625 -0.117231 -8.637283 19.365405 5.372431 -0.194158 23.701533 -3.696120 5.719162 43.456242 1.178012 7.020673 10.566583 5.689844 -5.016964 -1.815512 -16.105870 49.351501 -2.534405 -2.202652 -28.595968 14.507776 -6.620650 30.044851
-0.113539 0.899106 4.579942 1.069943 -8.330185 3.742601 -4.020126 4.636547 -26.914135 -0.417696 -2.971499 4.158417 -15.617473 0.248246 2.396638 35.099509 -14.757284 6.475659 2.963567 2.526954 14.567468 1.136434 0.517232 7.428617 -10.318514 13.017926 2.436423 2.053648 2.147844 -43.173469 -1.092657 2.314228 -5.054973 1.101875 0.382712 -4.132974 -0.694433 -1.844524 7.537793 -0.336751 -6.948643 7.843482 2.573488 6.837951 -16.415048 3.126417 9.838863 7.047714 -95.220063 -13.204153 -2.134379 13.477049 2.117962 -20.540739 -7.034825 14.534194 4.752111 -33.069437 -18.152277 -21.722575 -28.530639 -6.644358 -10.884674 -3.826775 -4.206650 -21.059126 -36.115008 -7.085308 -6.107878 -35.336742 -8.344426 -15.319158 -20.791002 -9.228273 -8.527080 -30.449810 1.026286 -7.210100 -40.474625 0.117229 -8.637283 -19.365405 -5.372419 -0.194158 -23.701533 3.696132 5.719162 -43.456242 -1.178000 7.020673 -10.566583 -5.689846 -5.016964 1.815512 16.105875 49.351501 2.534405 2.202657 -28.595968 -14.507776 6.620655 30.044851 4.947089 -10.476524 -6.518677 87.455743 26.669125 9.631564 1.631907 6.594045 0.298118 5.991118 -13.476480 -6.504048 33.069437 18.152275 -21.722575 28.530639 6.644356 -10.884674 3.826775 4.206655 -21.059126 36.115008 7.085306 -6.107878 35.336742 8.344431 -15.319158 20.791002 9.228278 -8.527080 30.449810 -1.026281 -7.210100 40.474625 -0.117231 -8.637283 19.365405 5.372431 -0.194158 23.701533 -3.696120 5.719162 43.456242 1.178012 7.020673 10.566583 5.689844 -5.016964 -1.815512 -16.105870 49.351501 -2.534405 -2.202652 -28.595968 14.507776 -6.620650 30.044851
-0.114268 0.897172 4.640498 2.773718 -8.042723 3.368744 -6.697143 4.225137 -30.072800 -0.641236 -3.842163 9.042906 -14.559136 0.131163 3.928502 34.492681 -14.265927 7.111104 0.259072 0.949884 16.239178 1.506134 0.764198 11.333770 -7.441284 13.146211 4.779401 -2.917864 1.032147 -48.144637 -2.914980 2.130653 -4.432034 1.338341 0.375171 -4.866281 -1.047130 -1.730002 8.169821 -0.682342 -7.801248 7.554659 2.781608 6.978291 -16.008964 2.113581 9.299380 6.856698 -94.741431 -13.403021 -3.201043 14.126020 1.739310 -19.783144 -7.301224 14.948555 4.686323 -33.069437 -18.152277 -21.722575 -28.530639 -6.644358 -10.884674 -3.826775 -4.206650 -21.059126 -36.115008 -7.085308 -6.107878 -35.336742 -8.344426 -15.319158 -20.791002 -9.228273 -8.527080 -30.449810 1.026286 -7.210100 -40.474625 0.117229 -8.637283 -19.365405 -5.372419 -0.194158 -23.701533 3.696132 5.719162 -43.456242 -1.178000 7.020673 -10.566583 -5.689846 -5.016964 1.815512 16.105875 49.351501 2.534405 2.202657 -28.595968 -14.507776 6.620655 30.044851 5.266947 -10.506399 -6.248377 87.743663 26.794923 8.971283 1.685843 7.033902 0.139701 5.774166 -12.882984 -6.230223 33.069437 18.152275 -21.722575 28.530639 6.644356 -10.884674 3.826775 4.206655 -21.059126 36.115008 7.085306 -6.107878 35.336742 8.344431 -15.319158 20.791002 9.228278 -8.527080 30.449810 -1.026281 -7.210100 40.474625 -0.117231 -8.637283 19.365405 5.372431 -0.194158 23.701533 -3.696120 5.719162 43.456242 1.178012 7.020673 10.566583 5.689844 -5.016964 -1.815512 -16.105870 49.351501 -2.534405 -2.202652 -28.595968 14.507776 -6.620650 30.044851
-0.114207 0.894813 4.700634 4.011482 -7.730611 2.905663 -8.051020 2.985854 -31.412030 -1.275855 -3.922418 15.440249 -13.536921 1.213106 5.127272 35.235068 -13.909780 5.504058 -2.196971 -0.720951 16.197555 2.081085 0.395040 19.702451 -3.391528 13.446657 8.547394 -8.872301 -1.201797 -52.841465 -4.041772 1.961667 -4.246621 1.497583 0.419014 -4.898101 -1.482589 -1.674091 8.140026 -1.228820 -8.750132 7.756105 2.973705 7.418783 -15.347910 2.863755 8.915660 7.481539 -95.640352 -14.253147 -3.932662 14.874643 1.409084 -18.561278 -7.771509 15.395222 4.489748 -33.069437 -18.152277 -21.722575 -28.530639 -6.644358 -10.884674 -3.826775 -4.206650 -21.059126 -36.115008 -7.085308 -6.107878 -35.336742 -8.344426 -15.319158 -20.791002 -9.228273 -8.527080 -30.449810 1.026286 -7.210100 -40.474625 0.117229 -8.637283 -19.365405 -5.372419 -0.194158 -23.701533 3.696132 5.719162 -43.456242 -1.178000 7.020673 -10.566583 -5.689846 -5.016964 1.815512 16.105875 49.351501 2.534405 2.202657 -28.595968 -14.507776 6.620655 30.044851 4.010645 -10.903049 -4.856831 89.608462 27.134001 8.145796 0.767045 6.326602 0.121116 6.046597 -12.538210 -6.268447 33.069437 18.152275 -21.722575 28.530639 6.644356 -10.884674 3.826775 4.206655 -21.059126 36.115008 7.085306 -6.107878 35.336742 8.344431 -15.319158 20.791002 9.228278 -8.527080 30.449810 -1.026281 -7.210100 40.474625 -0.117231 -8.637283 19.365405 5.372431 -0.194158 23.701533 -3.696120 5.719162 43.456242 1.178012 7.020673 10.566583 5.689844 -5.016964 -1.815512 -16.105870 49.351501 -2.534405 -2.202652 -28.595968 14.507776 -6.620650 30.044851
-0.113297 0.889605 4.756620 4.657803 -7.593535 2.373681 -8.600250 2.127497 -30.676374 -1.877187 -3.898205 20.116497 -12.884529 2.850398 5.116650 36.767612 -13.890738 2.406907 -4.085279 -2.084018 14.411300 2.369068 -0.753354 32.338866 0.909876 13.856599 13.343493 -13.551054 -4.066644 -54.344735 -4.469488 1.804443 -4.375261 1.660615 0.471955 -4.117037 -1.909648 -1.662206 7.375166 -1.943078 -9.617150 8.360429 3.060927 8.195184 -14.678394 5.475945 8.743130 8.844526 -97.927400 -15.627354 -3.992075 15.463195 1.245139 -17.390647 -8.391748 15.707013 4.304192 -33.069437 -18.152277 -21.722575 -28.530639 -6.644358 -10.884674 -3.826775 -4.206650 -21.059126 -36.115008 -7.085308 -6.107878 -35.336742 -8.344426 -15.319158 -20.791002 -9.228273 -8.527080 -30.449810 1.026286 -7.210100 -40.474625 0.117229 -8.637283 -19.365405 -5.372419 -0.194158 -23.701533 3.696132 5.719162 -43.456242 -1.178000 7.020673 -10.566583 -5.689846 -5.016964 1.815512 16.105875 49.351501 2.534405 2.202657 -28.595968 -14.507776 6.620655 30.044851 1.290470 -11.317491 -2.543675 92.719818 27.790191 7.310860 -0.914360 4.529026 0.313141 6.785387 -12.549562 -6.527299 33.069437 18.152275 -21.722575 28.530639 6.644356 -10.884674 3.826775 4.206655 -21.059126 36.115008 7.085306 -6.107878 35.336742 8.344431 -15.319158 20.791002 9.228278 -8.527080 30.449810 -1.026281 -7.210100 40.474625 -0.117231 -8.637283 19.365405 5.372431 -0.194158 23.701533 -3.696120 5.719162 43.456242 1.178012 7.020673 10.566583 5.689844 -5.016964 -1.815512 -16.105870 49.351501 -2.534405 -2.202652 -28.595968 14.507776 -6.620650 30.044851
-0.112133 0.884112 4.806927 5.226689 -7.717954 1.846218 -9.197094 1.826299 -28.772937 -2.223333 -4.032241 22.594337 -12.639448 4.339433 3.898243 38.317860 -14.438819 -0.749939 -5.716958 -3.167587 11.258087 1.936992 -1.652534 46.324576 4.100015 13.898003 17.569682 -15.310583 -5.733183 -50.206702 -4.779917 1.585474 -4.449428 1.796929 0.527450 -3.028320 -2.221251 -1.603576 6.248021 -2.677880 -10.116423 9.104242 3.027621 9.121085 -14.178714 8.689367 8.542513 10.234050 -100.552392 -17.302349 -3.439478 15.397705 1.286523 -16.683075 -8.798015 15.870610 4.076859 -33.069437 -18.152277 -21.722575 -28.530639 -6.644358 -10.884674 -3.826775 -4.206650 -21.059126 -36.115008 -7.085308 -6.107878 -35.336742 -8.344426 -15.319158 -20.791002 -9.228273 -8.527080 -30.449810 1.026286 -7.210100 -40.474625 0.117229 -8.637283 -19.365405 -5.372419 -0.194158 -23.701533 3.696132 5.719162 -43.456242 -1.178000 7.020673 -10.566583 -5.689846 -5.016964 1.815512 16.105875 49.351501 2.534405 2.202657 -28.595968 -14.507776 6.620655 30.044851 -1.447510 -11.053204 -0.292636 95.721905 28.481447 6.283583 -2.911320 2.111767 0.743572 7.626704 -12.879091 -6.919595 33.069437 18.152275 -21.722575 28.530639 6.644356 -10.884674 3.826775 4.206655 -21.059126 36.115008 7.085306 -6.107878 35.336742 8.344431 -15.319158 20.791002 9.228278 -8.527080 30.449810 -1.026281 -7.210100 40.474625 -0.117231 -8.637283 19.365405 5.372431 -0.194158 23.701533 -3.696120 5.719162 43.456242 1.178012 7.020673 10.566583 5.689844 -5.016964 -1.815512 -16.105870 49.351501 -2.534405 -2.202652 -28.595968 14.507776 -6.620650 30.044851
-0.110076 0.883073 4.850384 5.702881 -7.945768 1.380136 -9.744582 1.566821 -26.204239 -2.334811 -4.018157 23.329727 -12.667793 5.356954 2.315826 39.656980 -15.159131 -3.306548 -6.832606 -4.432421 7.661818 1.221014 -1.181094 57.670969 5.139290 13.168109 19.148084 -14.092918 -5.002394 -42.507600 -4.952944 1.313906 -4.339081 1.829209 0.516392 -2.126146 -2.424264 -1.444863 5.286136 -3.265268 -10.158565 9.764268 2.905766 9.938624 -13.954413 10.848004 8.294919 10.864206 -102.176632 -19.065275 -2.389972 14.426297 1.511482 -16.597478 -8.675620 15.948658 3.636574 -33.069437 -18.152277 -21.722575 -28.530639 -6.644358 -10.884674 -3.826775 -4.206650 -21.059126 -36.115008 -7.085308 -6.107878 -35.336742 -8.344426 -15.319158 -20.791002 -9.228273 -8.527080 -30.449810 1.026286 -7.210100 -40.474625 0.117229 -8.637283 -19.365405 -5.372419 -0.194158 -23.701533 3.696132 5.719162 -43.456242 -1.178000 7.020673 -10.566583 -5.689846 -5.016964 1.815512 16.105875 49.351501 2.534405 2.202657 -28.595968 -14.507776 6.620655 30.044851 -2.698459 -10.174855 1.012223 97.335933 28.740530 4.998326 -4.743288 -0.215565 1.456513 8.262569 -13.313723 -7.396395 33.069437 18.152275 -21.722575 28.530639 6.644356 -10.884674 3.826775 4.206655 -21.059126 36.115008 7.085306 -6.107878 35.336742 8.344431 -15.319158 20.791002 9.228278 -8.527080 30.449810 -1.026281 -7.210100 40.474625 -0.117231 -8.637283 19.365405 5.372431 -0.194158 23.701533 -3.696120 5.719162 43.456242 1.178012 7.020673 10.566583 5.689844 -5.016964 -1.815512 -16.105870 49.351501 -2.534405 -2.202652 -28.595968 14.507776 -6.620650 30.044851
-0.108605 0.889056 4.890650 5.505557 -7.901324 1.026650 -9.588544 1.039837 -22.720413 -2.232500 -3.767024 22.475269 -12.850488 5.858782 1.207643 40.821773 -15.434408 -5.332979 -6.707566 -5.833983 4.189004 0.784673 0.169617 64.251794 4.183739 11.854909 17.524683 -11.657281 -3.162361 -36.662205 -4.465299 0.957957 -4.100361 1.751193 0.351300 -1.566492 -2.560393 -1.246650 4.782032 -3.543752 -9.815621 10.285944 2.636499 10.381555 -14.032050 11.098503 8.219910 10.362378 -102.110433 -20.746062 -0.893573 12.765117 1.982438 -16.956542 -8.050022 16.039363 2.970635 -33.069437 -18.152277 -21.722575 -28.530639 -6.644358 -10.884674 -3.826775 -4.206650 -21.059126 -36.115008 -7.085308 -6.107878 -35.336742 -8.344426 -15.319158 -20.791002 -9.228273 -8.527080 -30.449810 1.026286 -7.210100 -40.474625 0.117229 -8.637283 -19.365405 -5.372419 -0.194158 -23.701533 3.696132 5.719162 -43.456242 -1.178000 7.020673 -10.566583 -5.689846 -5.016964 1.815512 16.105875 49.351501 2.534405 2.202657 -28.595968 -14.507776 6.620655 30.044851 -2.213293 -9.276064 1.286675 97.270636 28.177012 3.620974 -6.093517 -1.944361 2.255179 8.689227 -13.634544 -7.829760 33.069437 18.152275 -21.722575 28.530639 6.644356 -10.884674 3.826775 4.206655 -21.059126 36.115008 7.085306 -6.107878 35.336742 8.344431 -15.319158 20.791002 9.228278 -8.527080 30.449810 -1.026281 -7.210100 40.474625 -0.117231 -8.637283 19.365405 5.372431 -0.194158 23.701533 -3.696120 5.719162 43.456242 1.178012 7.020673 10.566583 5.689844 -5.016964 -1.815512 -16.105870 49.351501 -2.534405 -2.202652 -28.595968 14.507776 -6.620650 30.044851
-0.107915 0.901085 4.932060 4.368611 -7.288458 0.857586 -8.475954 0.334566 -18.376165 -1.928215 -3.471441 20.405202 -13.131325 5.890262 0.763203 41.694555 -15.333157 -6.975187 -5.165830 -6.481471 0.437314 0.618972 0.848572 66.586196 2.368831 10.547461 14.082674 -9.758331 -1.761093 -35.274061 -3.130757 0.443657 -3.818722 1.587030 0.004620 -1.275647 -2.627012 -1.129089 4.655078 -3.470004 -9.210870 10.754913 2.191801 10.338143 -14.293752 9.808930 8.384941 8.961061 -100.628480 -22.282212 0.879165 10.852885 2.612871 -17.355033 -7.229654 16.221511 2.315051 -33.069437 -18.152277 -21.722575 -28.530639 -6.644358 -10.884674 -3.826775 -4.206650 -21.059126 -36.115008 -7.085308 -6.107878 -35.336742 -8.344426 -15.319158 -20.791002 -9.228273 -8.527080 -30.449810 1.026286 -7.210100 -40.474625 0.117229 -8.637283 -19.365405 -5.372419 -0.194158 -23.701533 3.696132 5.719162 -43.456242 -1.178000 7.020673 -10.566583 -5.689846 -5.016964 1.815512 16.105875 49.351501 2.534405 2.202657 -28.595968 -14.507776 6.620655 30.044851 -0.888418 -8.668539 1.020658 96.141456 26.713439 2.330269 -6.927569 -3.048475 2.752532 9.030302 -13.770444 -8.077988 33.069437 18.152275 -21.722575 28.530639 6.644356 -10.884674 3.826775 4.206655 -21.059126 36.115008 7.085306 -6.107878 35.336742 8.344431 -15.319158 20.791002 9.228278 -8.527080 30.449810 -1.026281 -7.210100 40.474625 -0.117231 -8.637283 19.365405 5.372431 -0.194158 23.701533 -3.696120 5.719162 43.456242 1.178012 7.020673 10.566583 5.689844 -5.016964 -1.815512 -16.105870 49.351501 -2.534405 -2.202652 -28.595968 14.507776 -6.620650 30.044851
-0.108911 0.915264 4.977699 2.574846 -6.112088 0.909809 -6.679088 -0.384612 -13.690240 -1.500100 -3.267608 17.679204 -13.468283 5.564496 0.757865 42.195549 -15.224878 -8.308502 -2.719331 -5.796916 -4.058830 0.635870 0.136968 65.655200 0.589187 9.476651 10.590727 -8.464083 -0.972541 -36.864819 -1.230433 -0.199453 -3.568865 1.356524 -0.489162 -1.185728 -2.633620 -1.138897 4.720758 -3.098154 -8.460717 11.243493 1.678209 9.877993 -14.556252 7.804009 8.606034 7.047075 -98.414666 -23.664568 2.600308 9.004366 3.164559 -17.480722 -6.501687 16.519273 1.842778 -33.069437 -18.152277 -21.722575 -28.530639 -6.644358 -10.884674 -3.826775 -4.206650 -21.059126 -36.115008 -7.085308 -6.107878 -35.336742 -8.344426 -15.319158 -20.791002 -9.228273 -8.527080 -30.449810 1.026286 -7.210100 -40.474625 0.117229 -8.637283 -19.365405 -5.372419 -0.194158 -23.701533 3.696132 5.719162 -43.456242 -1.178000 7.020673 -10.566583 -5.689846 -5.016964 1.815512 16.105875 49.351501 2.534405 2.202657 -28.595968 -14.507776 6.620655 30.044851 0.450603 -8.251966 0.605209 94.655685 24.492986 1.144402 -7.403047 -3.713148 2.767696 9.362553 -13.790505 -8.106126 33.069437 18.152275 -21.722575 28.530639 6.644356 -10.884674 3.826775 4.206655 -21.059126 36.115008 7.085306 -6.107878 35.336742 8.344431 -15.319158 20.791002 9.228278 -8.527080 30.449810 -1.026281 -7.210100 40.474625 -0.117231 -8.637283 19.365405 5.372431 -0.194158 23.701533 -3.696120 5.719162 43.456242 1.178012 7.020673 10.566583 5.689844 -5.016964 -1.815512 -16.105870 49.351501 -2.534405 -2.202652 -28.595968 14.507776 -6.620650 30.044851
-0.111710 0.927769 5.024185 0.651005 -4.632471 1.181242 -4.685520 -1.113134 -9.186102 -1.048230 -3.075994 14.759667 -13.801131 5.012665 0.843762 42.377390 -15.241155 -9.333981 -0.157941 -4.396283 -9.166768 0.846769 -1.113441 61.673671 -1.037517 8.499319 8.082100 -6.860073 -0.180014 -38.411693 0.739710 -0.841449 -3.385493 1.134079 -1.053745 -1.318584 -2.649871 -1.192193 4.924097 -2.504239 -7.694049 11.676215 1.250886 9.175761 -14.724175 5.708772 8.704088 4.853480 -96.031449 -24.930673 4.013583 7.294044 3.468646 -17.325933 -5.956947 16.894967 1.509656 -33.069437 -18.152277 -21.722575 -28.530639 -6.644358 -10.884674 -3.826775 -4.206650 -21.059126 -36.115008 -7.085308 -6.107878 -35.336742 -8.344426 -15.319158 -20.791002 -9.228273 -8.527080 -30.449810 1.026286 -7.210100 -40.474625 0.117229 -8.637283 -19.365405 -5.372419 -0.194158 -23.701533 3.696132 5.719162 -43.456242 -1.178000 7.020673 -10.566583 -5.689846 -5.016964 1.815512 16.105875 49.351501 2.534405 2.202657 -28.595968 -14.507776 6.620655 30.044851 1.592371 -7.893271 0.164816 93.214071 21.789679 0.000567 -7.750538 -4.030943 2.446315 9.665796 -13.799951 -7.930055 33.069437 18.152275 -21.722575 28.530639 6.644356 -10.884674 3.826775 4.206655 -21.059126 36.115008 7.085306 -6.107878 35.336742 8.344431 -15.319158 20.791002 9.228278 -8.527080 30.449810 -1.026281 -7.210100 40.474625 -0.117231 -8.637283 19.365405 5.372431 -0.194158 23.701533 -3.696120 5.719162 43.456242 1.178012 7.020673 10.566583 5.689844 -5.016964 -1.815512 -16.105870 49.351501 -2.534405 -2.202652 -28.595968 14.507776 -6.620650 30.044851
-0.116050 0.934983 5.069098 -0.827425 -3.152410 1.651511 -3.052331 -2.017984 -5.173670 -0.651943 -2.664372 12.078288 -14.078652 4.311594 0.615414 42.349782 -15.340869 -10.069652 1.833305 -3.428206 -14.347938 1.180967 -1.644379 54.684769 -2.669611 7.631940 6.928350 -4.147877 0.941414 -37.528324 2.204920 -1.372504 -3.255060 1.037606 -1.607353 -1.694777 -2.765741 -1.151718 5.280412 -1.775100 -7.061279 11.876778 0.986874 8.432834 -14.812290 3.973183 8.694943 2.652925 -93.921378 -26.203745 5.128536 5.704446 3.463612 -17.063390 -5.572177 17.250349 1.307737 -33.069437 -18.152277 -21.722575 -28.530639 -6.644358 -10.884674 -3.826775 -4.206650 -21.059126 -36.115008 -7.085308 -6.107878 -35.336742 -8.344426 -15.319158 -20.791002 -9.228273 -8.527080 -30.449810 1.026286 -7.210100 -40.474625 0.117229 -8.637283 -19.365405 -5.372419 -0.194158 -23.701533 3.696132 5.719162 -43.456242 -1.178000 7.020673 -10.566583 -5.689846 -5.016964 1.815512 16.105875 49.351501 2.534405 2.202657 -28.595968 -14.507776 6.620655 30.044851 2.564736 -7.678469 -0.140378 92.112601 19.054127 -1.051456 -8.230961 -4.069192 2.074981 9.860912 -13.821439 -7.631815 33.069437 18.152275 -21.722575 28.530639 6.644356 -10.884674 3.826775 4.206655 -21.059126 36.115008 7.085306 -6.107878 35.336742 8.344431 -15.319158 20.791002 9.228278 -8.527080 30.449810 -1.026281 -7.210100 40.474625 -0.117231 -8.637283 19.365405 5.372431 -0.194158 23.701533 -3.696120 5.719162 43.456242 1.178012 7.020673 10.566583 5.689844 -5.016964 -1.815512 -16.105870 49.351501 -2.534405 -2.202652 -28.595968 14.507776 -6.620650 30.044851
-0.121945 0.935238 5.113007 -1.396858 -1.849613 2.267576 -2.285465 -3.156235 -1.713336 -0.346862 -1.934184 10.036616 -14.305385 3.459930 -0.325043 42.169462 -15.484815 -10.480123 2.861871 -3.575677 -18.936372 1.469795 -1.081797 45.028732 -4.290774 7.201611 7.136940 -0.242620 2.084802 -34.132450 2.706052 -1.785061 -3.207931 1.126955 -2.077830 -2.204977 -3.012621 -0.941621 5.741124 -0.957712 -6.633819 11.754242 0.817443 7.739597 -14.870645 2.982628 8.760779 0.837244 -92.515145 -27.614145 6.184733 4.303575 3.105546 -16.796484 -5.309696 17.469721 1.369896 -33.069437 -18.152277 -21.722575 -28.530639 -6.644358 -10.884674 -3.826775 -4.206650 -21.059126 -36.115008 -7.085308 -6.107878 -35.336742 -8.344426 -15.319158 -20.791002 -9.228273 -8.527080 -30.449810 1.026286 -7.210100 -40.474625 0.117229 -8.637283 -19.365405 -5.372419 -0.194158 -23.701533 3.696132 5.719162 -43.456242 -1.178000 7.020673 -10.566583 -5.689846 -5.016964 1.815512 16.105875 49.351501 2.534405 2.202657 -28.595968 -14.507776 6.620655 30.044851 3.270468 -7.773566 -0.038484 91.613218 16.773076 -1.928179 -9.051791 -3.957737 1.824624 9.913388 -13.769270 -7.342756 33.069437 18.152275 -21.722575 28.530639 6.644356 -10.884674 3.826775 4.206655 -21.059126 36.115008 7.085306 -6.107878 35.336742 8.344431 -15.319158 20.791002 9.228278 -8.527080 30.449810 -1.026281 -7.210100 40.474625 -0.117231 -8.637283 19.365405 5.372431 -0.194158 23.701533 -3.696120 5.719162 43.456242 1.178012 7.020673 10.566583 5.689844 -5.016964 -1.815512 -16.105870 49.351501 -2.534405 -2.202652 -28.595968 14.507776 -6.620650 30.044851
-0.128398 0.927415 5.159148 -0.912329 -0.756017 2.927595 -2.584239 -4.234004 1.379907 -0.101025 -1.080588 8.879997 -14.548407 2.370119 -2.178186 41.884472 -15.613311 -10.515715 2.895556 -4.873515 -22.440931 1.701706 0.164699 33.503116 -5.814447 7.539500 8.281240 4.229222 2.887417 -30.262331 2.124779 -2.155940 -3.320670 1.355913 -2.415350 -2.613310 -3.327359 -0.567921 6.176375 -0.034839 -6.328181 11.379039 0.581854 7.038028 -14.933375 3.086386 9.179907 -0.217229 -92.140140 -29.177432 7.413726 3.157508 2.351384 -16.595316 -5.151872 17.448076 1.799821 -33.069437 -18.152277 -21.722575 -28.530639 -6.644358 -10.884674 -3.826775 -4.206650 -21.059126 -36.115008 -7.085308 -6.107878 -35.336742 -8.344426 -15.319158 -20.791002 -9.228273 -8.527080 -30.449810 1.026286 -7.210100 -40.474625 0.117229 -8.637283 -19.365405 -5.372419 -0.194158 -23.701533 3.696132 5.719162 -43.456242 -1.178000 7.020673 -10.566583 -5.689846 -5.016964 1.815512 16.105875 49.351501 2.534405 2.202657 -28.595968 -14.507776 6.620655 30.044851 3.425929 -8.229549 0.670596 91.812837 15.173643 -2.618087 -10.255406 -3.784414 1.644336 9.886504 -13.540567 -7.105491 33.069437 18.152275 -21.722575 28.530639 6.644356 -10.884674 3.826775 4.206655 -21.059126 36.115008 7.085306 -6.107878 35.336742 8.344431 -15.319158 20.791002 9.228278 -8.527080 30.449810 -1.026281 -7.210100 40.474625 -0.117231 -8.637283 19.365405 5.372431 -0.194158 23.701533 -3.696120 5.719162 43.456242 1.178012 7.020673 10.566583 5.689844 -5.016964 -1.815512 -16.105870 49.351501 -2.534405 -2.202652 -28.595968 14.507776 -6.620650 30.044851
-0.135143 0.914989 5.208837 0.212903 0.153006 3.476153 -3.522537 -4.777093 4.450432 0.133876 -0.486874 8.509593 -14.903159 1.072588 -4.565736 41.702137 -15.609773 -10.484682 2.454943 -6.912668 -24.957170 2.107983 1.775578 21.891689 -7.226589 8.667738 9.396853 8.564985 3.339330 -27.375480 0.921034 -2.535787 -3.540905 1.594815 -2.623480 -2.766414 -3.579129 -0.089514 6.490140 0.930249 -6.035924 10.911103 0.215596 6.300750 -15.028260 4.235002 10.102180 -0.348437 -92.660532 -30.713295 8.789917 2.207567 1.252120 -16.575295 -5.066336 17.111013 2.513167 -33.069437 -18.152277 -21.722575 -28.530639 -6.644358 -10.884674 -3.826775 -4.206650 -21.059126 -36.115008 -7.085308 -6.107878 -35.336742 -8.344426 -15.319158 -20.791002 -9.228273 -8.527080 -30.449810 1.026286 -7.210100 -40.474625 0.117229 -8.637283 -19.365405 -5.372419 -0.194158 -23.701533 3.696132 5.719162 -43.456242 -1.178000 7.020673 -10.566583 -5.689846 -5.016964 1.815512 16.105875 49.351501 2.534405 2.202657 -28.595968 -14.507776 6.620655 30.044851 2.984205 -8.935818 1.867552 92.425355 14.113810 -3.154639 -11.673119 -3.582377 1.414130 9.829435 -13.084379 -6.830581 33.069437 18.152275 -21.722575 28.530639 6.644356 -10.884674 3.826775 4.206655 -21.059126 36.115008 7.085306 -6.107878 35.336742 8.344431 -15.319158 20.791002 9.228278 -8.527080 30.449810 -1.026281 -7.210100 40.474625 -0.117231 -8.637283 19.365405 5.372431 -0.194158 23.701533 -3.696120 5.719162 43.456242 1.178012 7.020673 10.566583 5.689844 -5.016964 -1.815512 -16.105870 49.351501 -2.534405 -2.202652 -28.595968 14.507776 -6.620650 30.044851
-0.142161 0.903795 5.260908 1.034251 0.830314 3.769195 -4.065661 -4.548582 7.800891 0.324406 -0.415867 8.377298 -15.430200 -0.094254 -6.373417 41.933427 -15.260436 -11.238559 2.666922 -9.113198 -27.177080 2.734750 3.843685 13.068964 -8.505065 10.226872 9.753465 12.134978 3.516157 -25.038927 0.141402 -2.834294 -3.606386 1.657821 -2.749497 -2.828258 -3.628306 0.365397 6.728586 1.651534 -5.787183 10.533277 -0.087330 5.681033 -15.165783 5.346426 11.125090 0.055840 -93.122758 -31.831117 9.873418 1.308327 -0.038547 -16.809977 -4.928852 16.404846 3.241726 -33.069437 -18.152277 -21.722575 -28.530639 -6.644358 -10.884674 -3.826775 -4.206650 -21.059126 -36.115008 -7.085308 -6.107878 -35.336742 -8.344426 -15.319158 -20.791002 -9.228273 -8.527080 -30.449810 1.026286 -7.210100 -40.474625 0.117229 -8.637283 -19.365405 -5.372419 -0.194158 -23.701533 3.696132 5.719162 -43.456242 -1.178000 7.020673 -10.566583 -5.689846 -5.016964 1.815512 16.105875 49.351501 2.534405 2.202657 -28.595968 -14.507776 6.620655 30.044851 2.756759 -9.588442 2.909094 92.652425 13.258786 -3.596812 -12.961800 -3.363872 1.091439 9.679889 -12.490399 -6.459451 33.069437 18.152275 -21.722575 28.530639 6.644356 -10.884674 3.826775 4.206655 -21.059126 36.115008 7.085306 -6.107878 35.336742 8.344431 -15.319158 20.791002 9.228278 -8.527080 30.449810 -1.026281 -7.210100 40.474625 -0.117231 -8.637283 19.365405 5.372431 -0.194158 23.701533 -3.696120 5.719162 43.456242 1.178012 7.020673 10.566583 5.689844 -5.016964 -1.815512 -16.105870 49.351501 -2.534405 -2.202652 -28.595968 14.507776 -6.620650 30.044851
-0.148827 0.896478 5.313193 0.746994 1.182090 3.837558 -3.293499 -3.809925 11.236755 0.296362 -0.823281 8.201933 -16.097747 -0.646161 -6.527073 42.690533 -14.334317 -13.675980 4.466275 -10.926210 -29.766900 3.182717 5.964622 9.522427 -9.615301 11.701872 9.891538 13.950681 3.413615 -22.572887 0.680571 -2.900014 -3.280215 1.393899 -2.822976 -3.159413 -3.392408 0.628762 6.998716 1.802542 -5.673200 10.368107 -0.043874 5.371639 -15.286839 4.935179 11.546895 0.256620 -92.363227 -32.187988 10.042704 0.404811 -1.352839 -17.256248 -4.593657 15.322002 3.677644 -33.069437 -18.152277 -21.722575 -28.530639 -6.644358 -10.884674 -3.826775 -4.206650 -21.059126 -36.115008 -7.085308 -6.107878 -35.336742 -8.344426 -15.319158 -20.791002 -9.228273 -8.527080 -30.449810 1.026286 -7.210100 -40.474625 0.117229 -8.637283 -19.365405 -5.372419 -0.194158 -23.701533 3.696132 5.719162 -43.456242 -1.178000 7.020673 -10.566583 -5.689846 -5.016964 1.815512 16.105875 49.351501 2.534405 2.202657 -28.595968 -14.507776 6.620655 30.044851 3.826777 -9.825197 3.006350 91.749781 12.383784 -4.017691 -13.781848 -3.136871 0.711275 9.387162 -12.035904 -6.049955 33.069437 18.152275 -21.722575 28.530639 6.644356 -10.884674 3.826775 4.206655 -21.059126 36.115008 7.085306 -6.107878 35.336742 8.344431 -15.319158 20.791002 9.228278 -8.527080 30.449810 -1.026281 -7.210100 40.474625 -0.117231 -8.637283 19.365405 5.372431 -0.194158 23.701533 -3.696120 5.719162 43.456242 1.178012 7.020673 10.566583 5.689844 -5.016964 -1.815512 -16.105870 49.351501 -2.534405 -2.202652 -28.595968 14.507776 -6.620650 30.044851
-0.155736 0.893285 5.364421 -0.552303 1.244067 3.818721 -1.265004 -3.156945 14.086387 -0.179579 -1.415267 8.818263 -16.864758 -0.342675 -5.019738 44.009156 -12.791644 -18.091476 7.372073 -11.731237 -32.521297 3.101454 7.014279 11.569786 -10.327052 12.617718 10.734953 13.477635 3.205554 -20.234311 2.338796 -2.767952 -2.661802 0.870020 -2.848043 -3.823931 -2.887096 0.664689 7.275507 1.380966 -5.714591 10.419677 0.374908 5.412279 -15.292244 3.122887 11.283974 0.188190 -90.594823 -31.865712 9.291547 -0.348854 -2.495735 -17.746645 -4.153707 14.000797 3.669386 -33.069437 -18.152277 -21.722575 -28.530639 -6.644358 -10.884674 -3.826775 -4.206650 -21.059126 -36.115008 -7.085308 -6.107878 -35.336742 -8.344426 -15.319158 -20.791002 -9.228273 -8.527080 -30.449810 1.026286 -7.210100 -40.474625 0.117229 -8.637283 -19.365405 -5.372419 -0.194158 -23.701533 3.696132 5.719162 -43.456242 -1.178000 7.020673 -10.566583 -5.689846 -5.016964 1.815512 16.105875 49.351501 2.534405 2.202657 -28.595968 -14.507776 6.620655 30.044851 5.880293 -9.644587 2.294130 90.066877 11.621235 -4.381344 -14.109545 -2.886968 0.464428 9.042290 -11.841285 -5.689938 33.069437 18.152275 -21.722575 28.530639 6.644356 -10.884674 3.826775 4.206655 -21.059126 36.115008 7.085306 -6.107878 35.336742 8.344431 -15.319158 20.791002 9.228278 -8.527080 30.449810 -1.026281 -7.210100 40.474625 -0.117231 -8.637283 19.365405 5.372431 -0.194158 23.701533 -3.696120 5.719162 43.456242 1.178012 7.020673 10.566583 5.689844 -5.016964 -1.815512 -16.105870 49.351501 -2.534405 -2.202652 -28.595968 14.507776 -6.620650 30.044851
-0.163617 0.891731 5.415411 -1.954774 1.162753 3.629509 0.997356 -2.901571 15.858630 -1.146454 -1.676611 11.962882 -17.798134 0.480827 -2.638470 46.071129 -10.679067 -23.901060 9.595098 -11.164795 -34.130814 2.724809 6.660325 16.754741 -10.335972 12.467522 11.919537 11.350253 3.100287 -19.122639 3.888236 -2.650575 -2.153417 0.395244 -2.807636 -4.384642 -2.196793 0.644308 7.417071 0.774492 -5.840574 10.571909 0.852297 5.701161 -15.089838 2.078801 11.142616 0.673863 -89.658773 -31.306074 8.411597 -0.650648 -3.197202 -18.055400 -4.028492 12.751761 3.289537 -33.069437 -18.152277 -21.722575 -28.530639 -6.644358 -10.884674 -3.826775 -4.206650 -21.059126 -36.115008 -7.085308 -6.107878 -35.336742 -8.344426 -15.319158 -20.791002 -9.228273 -8.527080 -30.449810 1.026286 -7.210100 -40.474625 0.117229 -8.637283 -19.365405 -5.372419 -0.194158 -23.701533 3.696132 5.719162 -43.456242 -1.178000 7.020673 -10.566583 -5.689846 -5.016964 1.815512 16.105875 49.351501 2.534405 2.202657 -28.595968 -14.507776 6.620655 30.044851 6.984056 -9.590888 1.981486 89.064793 11.459523 -4.510869 -14.292944 -2.659318 0.705857 8.903454 -11.640313 -5.506290 33.069437 18.152275 -21.722575 28.530639 6.644356 -10.884674 3.826775 4.206655 -21.059126 36.115008 7.085306 -6.107878 35.336742 8.344431 -15.319158 20.791002 9.228278 -8.527080 30.449810 -1.026281 -7.210100 40.474625 -0.117231 -8.637283 19.365405 5.372431 -0.194158 23.701533 -3.696120 5.719162 43.456242 1.178012 7.020673 10.566583 5.689844 -5.016964 -1.815512 -16.105870 49.351501 -2.534405 -2.202652 -28.595968 14.507776 -6.620650 30.044851
-0.172151 0.887950 5.465857 -2.912388 1.033765 3.060685 2.791161 -2.830127 16.406538 -2.264687 -1.032907 18.905226 -18.975637 1.377331 0.364809 48.704064 -8.221558 -29.402837 10.179782 -9.471271 -33.643630 2.639220 5.615087 22.029081 -9.854280 11.101116 12.384391 8.363460 3.066163 -20.162414 4.620194 -2.650767 -1.915001 0.191433 -2.643506 -4.498115 -1.469075 0.685036 7.387637 0.384324 -5.946408 10.673631 1.101504 6.074964 -14.655339 3.312087 11.604665 2.131094 -90.888863 -30.827107 7.975803 -0.294350 -3.166740 -18.035825 -4.440713 11.932350 2.659624 -33.069437 -18.152277 -21.722575 -28.530639 -6.644358 -10.884674 -3.826775 -4.206650 -21.059126 -36.115008 -7.085308 -6.107878 -35.336742 -8.344426 -15.319158 -20.791002 -9.228273 -8.527080 -30.449810 1.026286 -7.210100 -40.474625 0.117229 -8.637283 -19.365405 -5.372419 -0.194158 -23.701533 3.696132 5.719162 -43.456242 -1.178000 7.020673 -10.566583 -5.689846 -5.016964 1.815512 16.105875 49.351501 2.534405 2.202657 -28.595968 -14.507776 6.620655 30.044851 5.894093 -9.860209 2.789643 89.795910 12.245890 -4.379545 -14.609442 -2.588038 1.596762 9.181932 -11.253410 -5.654762 33.069437 18.152275 -21.722575 28.530639 6.644356 -10.884674 3.826775 4.206655 -21.059126 36.115008 7.085306 -6.107878 35.336742 8.344431 -15.319158 20.791002 9.228278 -8.527080 30.449810 -1.026281 -7.210100 40.474625 -0.117231 -8.637283 19.365405 5.372431 -0.194158 23.701533 -3.696120 5.719162 43.456242 1.178012 7.020673 10.566583 5.689844 -5.016964 -1.815512 -16.105870 49.351501 -2.534405 -2.202652 -28.595968 14.507776 -6.620650 30.044851
-0.180390 0.881450 5.515125 -3.684829 0.961058 2.218928 4.268157 -2.475675 15.639002 -2.894305 0.253812 29.132464 -20.319862 2.427841 3.895108 50.996972 -6.600344 -31.397649 10.022997 -7.465353 -31.580295 2.949213 4.615202 25.822266 -9.364434 9.146582 11.571913 5.028133 2.822209 -22.702654 4.986477 -2.727080 -1.791926 0.235044 -2.316436 -4.233154 -0.941857 0.671280 7.206024 0.407989 -5.928431 10.651246 1.138024 6.306740 -14.123749 6.253178 12.146715 4.037213 -93.827675 -30.387352 7.837389 0.637092 -2.329727 -17.726042 -5.112491 11.782926 1.896773 -33.069437 -18.152277 -21.722575 -28.530639 -6.644358 -10.884674 -3.826775 -4.206650 -21.059126 -36.115008 -7.085308 -6.107878 -35.336742 -8.344426 -15.319158 -20.791002 -9.228273 -8.527080 -30.449810 1.026286 -7.210100 -40.474625 0.117229 -8.637283 -19.365405 -5.372419 -0.194158 -23.701533 3.696132 5.719162 -43.456242 -1.178000 7.020673 -10.566583 -5.689846 -5.016964 1.815512 16.105875 49.351501 2.534405 2.202657 -28.595968 -14.507776 6.620655 30.044851 3.100731 -9.812541 4.206043 91.981939 13.782785 -4.207253 -14.944012 -2.690778 2.807201 9.767398 -10.914954 -6.129316 33.069437 18.152275 -21.722575 28.530639 6.644356 -10.884674 3.826775 4.206655 -21.059126 36.115008 7.085306 -6.107878 35.336742 8.344431 -15.319158 20.791002 9.228278 -8.527080 30.449810 -1.026281 -7.210100 40.474625 -0.117231 -8.637283 19.365405 5.372431 -0.194158 23.701533 -3.696120 5.719162 43.456242 1.178012 7.020673 10.566583 5.689844 -5.016964 -1.815512 -16.105870 49.351501 -2.534405 -2.202652 -28.595968 14.507776 -6.620650 30.044851
-0.187581 0.876240 5.562249 -4.502030 1.020556 1.509901 5.595071 -1.316667 13.644017 -2.749312 0.848756 40.259457 -21.510147 3.833351 6.841288 51.947571 -7.430786 -27.720869 10.182239 -6.022489 -29.008452 3.206095 3.855043 27.802165 -9.024016 7.667450 9.788365 1.925237 2.169400 -24.930858 5.441090 -2.797978 -1.769832 0.429416 -1.838357 -3.765473 -0.764099 0.437155 6.871377 0.847689 -5.723587 10.478897 1.110203 6.228022 -13.736999 9.223051 12.213719 5.587236 -96.966051 -29.829073 7.622351 1.886006 -0.972172 -17.260807 -5.657487 12.281639 1.187686 -33.069437 -18.152277 -21.722575 -28.530639 -6.644358 -10.884674 -3.826775 -4.206650 -21.059126 -36.115008 -7.085308 -6.107878 -35.336742 -8.344426 -15.319158 -20.791002 -9.228273 -8.527080 -30.449810 1.026286 -7.210100 -40.474625 0.117229 -8.637283 -19.365405 -5.372419 -0.194158 -23.701533 3.696132 5.719162 -43.456242 -1.178000 7.020673 -10.566583 -5.689846 -5.016964 1.815512 16.105875 49.351501 2.534405 2.202657 -28.595968 -14.507776 6.620655 30.044851 -0.063042 -8.966294 5.221760 94.481276 15.621369 -4.130987 -14.868895 -2.942477 3.822384 10.354268 -10.970046 -6.815478 33.069437 18.152275 -21.722575 28.530639 6.644356 -10.884674 3.826775 4.206655 -21.059126 36.115008 7.085306 -6.107878 35.336742 8.344431 -15.319158 20.791002 9.228278 -8.527080 30.449810 -1.026281 -7.210100 40.474625 -0.117231 -8.637283 19.365405 5.372431 -0.194158 23.701533 -3.696120 5.719162 43.456242 1.178012 7.020673 10.566583 5.689844 -5.016964 -1.815512 -16.105870 49.351501 -2.534405 -2.202652 -28.595968 14.507776 -6.620650 30.044851
-0.193889 0.877110 5.605834 -5.058448 1.064324 1.116956 6.568823 0.937535 10.929132 -2.239757 -0.034859 49.519336 -21.984364 4.953898 7.985388 51.105982 -10.408933 -20.893520 10.456064 -5.129832 -26.206893 3.193124 3.147763 28.073485 -8.732405 7.108235 7.910599 -0.523552 1.276462 -26.253345 5.738446 -2.707041 -1.890264 0.627654 -1.283615 -3.297665 -0.802488 0.002215 6.558820 1.492871 -5.365268 10.228258 1.187058 5.905664 -13.621562 10.626200 11.815711 6.343734 -98.905893 -29.023001 7.100600 3.230688 0.504637 -16.669756 -5.963402 13.137386 0.708487 -33.069437 -18.152277 -21.722575 -28.530639 -6.644358 -10.884674 -3.826775 -4.206650 -21.059126 -36.115008 -7.085308 -6.107878 -35.336742 -8.344426 -15.319158 -20.791002 -9.228273 -8.527080 -30.449810 1.026286 -7.210100 -40.474625 0.117229 -8.637283 -19.365405 -5.372419 -0.194158 -23.701533 3.696132 5.719162 -43.456242 -1.178000 7.020673 -10.566583 -5.689846 -5.016964 1.815512 16.105875 49.351501 2.534405 2.202657 -28.595968 -14.507776 6.620655 30.044851 -2.175151 -7.672820 5.102149 96.099805 17.421937 -3.893344 -14.059150 -3.419245 4.421204 10.679286 -11.430872 -7.630131 33.069437 18.152275 -21.722575 28.530639 6.644356 -10.884674 3.826775 4.206655 -21.059126 36.115008 7.085306 -6.107878 35.336742 8.344431 -15.319158 20.791002 9.228278 -8.527080 30.449810 -1.026281 -7.210100 40.474625 -0.117231 -8.637283 19.365405 5.372431 -0.194158 23.701533 -3.696120 5.719162 43.456242 1.178012 7.020673 10.566583 5.689844 -5.016964 -1.815512 -16.105870 49.351501 -2.534405 -2.202652 -28.595968 14.507776 -6.620650 30.044851
-0.199618 0.884472 5.647359 -4.901226 0.772374 0.915138 6.774394 3.643451 7.798924 -1.840019 -1.519639 55.710247 -21.511061 4.982216 7.185142 49.338575 -13.195158 -15.764495 10.177216 -4.221690 -22.789020 3.010881 2.508185 26.866068 -8.408776 7.102252 6.700390 -2.168133 0.508619 -27.229154 5.426460 -2.293131 -2.052354 0.668324 -0.735315 -3.021913 -0.813443 -0.444991 6.495086 1.985231 -5.053122 10.074485 1.536259 5.620271 -13.694373 10.105969 11.225705 6.429256 -99.216318 -27.785993 6.189565 4.521103 1.728662 -15.983916 -6.146347 13.981270 0.513327 -33.069437 -18.152277 -21.722575 -28.530639 -6.644358 -10.884674 -3.826775 -4.206650 -21.059126 -36.115008 -7.085308 -6.107878 -35.336742 -8.344426 -15.319158 -20.791002 -9.228273 -8.527080 -30.449810 1.026286 -7.210100 -40.474625 0.117229 -8.637283 -19.365405 -5.372419 -0.194158 -23.701533 3.696132 5.719162 -43.456242 -1.178000 7.020673 -10.566583 -5.689846 -5.016964 1.815512 16.105875 49.351501 2.534405 2.202657 -28.595968 -14.507776 6.620655 30.044851 -2.579907 -6.656133 3.868302 96.309588 19.049625 -3.032580 -12.684301 -4.102783 4.721680 10.576958 -11.936279 -8.384421 33.069437 18.152275 -21.722575 28.530639 6.644356 -10.884674 3.826775 4.206655 -21.059126 36.115008 7.085306 -6.107878 35.336742 8.344431 -15.319158 20.791002 9.228278 -8.527080 30.449810 -1.026281 -7.210100 40.474625 -0.117231 -8.637283 19.365405 5.372431 -0.194158 23.701533 -3.696120 5.719162 43.456242 1.178012 7.020673 10.566583 5.689844 -5.016964 -1.815512 -16.105870 49.351501 -2.534405 -2.202652 -28.595968 14.507776 -6.620650 30.044851
-0.205308 0.896375 5.688633 -3.934925 -0.051210 0.816340 5.829881 5.318507 3.974034 -1.765365 -1.976955 59.177743 -20.514844 4.362041 5.146688 48.189829 -13.934915 -14.410917 9.189328 -3.000950 -18.628433 2.715486 2.095327 24.473466 -8.020788 7.231841 6.389135 -3.060947 0.151400 -28.325061 4.398500 -1.561693 -2.177311 0.539577 -0.225496 -2.950736 -0.699940 -0.750560 6.633937 2.049906 -5.021197 10.181841 2.172400 5.633898 -13.793461 8.532679 10.605729 6.237129 -98.404140 -25.985493 4.909936 5.630346 2.432151 -15.360300 -6.342331 14.609757 0.530658 -33.069437 -18.152277 -21.722575 -28.530639 -6.644358 -10.884674 -3.826775 -4.206650 -21.059126 -36.115008 -7.085308 -6.107878 -35.336742 -8.344426 -15.319158 -20.791002 -9.228273 -8.527080 -30.449810 1.026286 -7.210100 -40.474625 0.117229 -8.637283 -19.365405 -5.372419 -0.194158 -23.701533 3.696132 5.719162 -43.456242 -1.178000 7.020673 -10.566583 -5.689846 -5.016964 1.815512 16.105875 49.351501 2.534405 2.202657 -28.595968 -14.507776 6.620655 30.044851 -1.703512 -6.228836 2.161166 95.415673 20.631668 -1.403973 -11.161703 -4.650434 4.859884 10.050118 -12.278437 -8.861233 33.069437 18.152275 -21.722575 28.530639 6.644356 -10.884674 3.826775 4.206655 -21.059126 36.115008 7.085306 -6.107878 35.336742 8.344431 -15.319158 20.791002 9.228278 -8.527080 30.449810 -1.026281 -7.210100 40.474625 -0.117231 -8.637283 19.365405 5.372431 -0.194158 23.701533 -3.696120 5.719162 43.456242 1.178012 7.020673 10.566583 5.689844 -5.016964 -1.815512 -16.105870 49.351501 -2.534405 -2.202652 -28.595968 14.507776 -6.620650 30.044851
-0.211132 0.910591 5.731872 -2.430283 -1.291320 0.866423 3.973018 5.163031 -0.740766 -2.024311 -0.821560 60.134488 -19.467579 3.946021 2.775859 48.064396 -12.552601 -16.003712 7.727398 -1.515767 -14.091514 2.309761 1.802462 21.285328 -7.590070 7.418811 6.759468 -3.339037 0.226929 -29.637956 2.901682 -0.668045 -2.306905 0.328816 0.229333 -2.998150 -0.498740 -0.898072 6.796854 1.688258 -5.294282 10.561122 2.910501 5.944241 -13.819503 6.872861 9.950673 6.012375 -97.212184 -23.649090 3.360375 6.503692 2.615173 -14.933990 -6.593267 15.007759 0.671413 -33.069437 -18.152277 -21.722575 -28.530639 -6.644358 -10.884674 -3.826775 -4.206650 -21.059126 -36.115008 -7.085308 -6.107878 -35.336742 -8.344426 -15.319158 -20.791002 -9.228273 -8.527080 -30.449810 1.026286 -7.210100 -40.474625 0.117229 -8.637283 -19.365405 -5.372419 -0.194158 -23.701533 3.696132 5.719162 -43.456242 -1.178000 7.020673 -10.566583 -5.689846 -5.016964 1.815512 16.105875 49.351501 2.534405 2.202657 -28.595968 -14.507776 6.620655 30.044851 -0.329933 -6.192472 0.461143 93.989509 22.258216 0.648168 -9.656112 -4.645872 4.780113 9.309685 -12.585570 -9.052636 33.069437 18.152275 -21.722575 28.530639 6.644356 -10.884674 3.826775 4.206655 -21.059126 36.115008 7.085306 -6.107878 35.336742 8.344431 -15.319158 20.791002 9.228278 -8.527080 30.449810 -1.026281 -7.210100 40.474625 -0.117231 -8.637283 19.365405 5.372431 -0.194158 23.701533 -3.696120 5.719162 43.456242 1.178012 7.020673 10.566583 5.689844 -5.016964 -1.815512 -16.105870 49.351501 -2.534405 -2.202652 -28.595968 14.507776 -6.620650 30.044851
-0.215651 0.923277 5.775765 -0.779776 -2.674713 1.129879 1.867763 3.926357 -6.055288 -2.378084 0.856542 58.125361 -18.545692 3.903244 0.792275 47.932164 -10.662182 -18.063987 6.082670 0.072833 -9.657566 1.859954 1.292117 17.773669 -7.216515 7.796561 7.355998 -3.184057 0.531220 -31.025800 1.301185 0.206185 -2.516240 0.114036 0.619507 -3.125685 -0.278094 -0.981660 6.921153 1.152622 -5.682633 11.036367 3.481542 6.290573 -13.769277 5.499653 9.274867 5.811709 -96.140609 -20.961172 1.705488 7.203281 2.503847 -14.701470 -6.804534 15.199762 0.939867 -33.069437 -18.152277 -21.722575 -28.530639 -6.644358 -10.884674 -3.826775 -4.206650 -21.059126 -36.115008 -7.085308 -6.107878 -35.336742 -8.344426 -15.319158 -20.791002 -9.228273 -8.527080 -30.449810 1.026286 -7.210100 -40.474625 0.117229 -8.637283 -19.365405 -5.372419 -0.194158 -23.701533 3.696132 5.719162 -43.456242 -1.178000 7.020673 -10.566583 -5.689846 -5.016964 1.815512 16.105875 49.351501 2.534405 2.202657 -28.595968 -14.507776 6.620655 30.044851 1.069686 -6.249450 -1.214872 92.381935 23.764505 2.612383 -8.024470 -3.955456 4.375650 8.630013 -13.040434 -9.085906 33.069437 18.152275 -21.722575 28.530639 6.644356 -10.884674 3.826775 4.206655 -21.059126 36.115008 7.085306 -6.107878 35.336742 8.344431 -15.319158 20.791002 9.228278 -8.527080 30.449810 -1.026281 -7.210100 40.474625 -0.117231 -8.637283 19.365405 5.372431 -0.194158 23.701533 -3.696120 5.719162 43.456242 1.178012 7.020673 10.566583 5.689844 -5.016964 -1.815512 -16.105870 49.351501 -2.534405 -2.202652 -28.595968 14.507776 -6.620650 30.044851
-0.218463 0.930996 5.820018 0.599837 -3.984737 1.659111 -0.023352 2.882779 -11.347897 -2.448710 1.641092 52.593215 -17.776809 3.992009 -0.445607 46.808837 -10.116068 -17.723100 4.602629 1.580898 -5.653590 1.494283 0.412314 14.432092 -7.067759 8.450599 7.638831 -2.687753 0.856495 -32.309226 -0.005863 0.946919 -2.871223 -0.074060 0.948723 -3.296587 -0.088275 -1.115224 7.016754 0.729667 -5.977144 11.376175 3.709254 6.394535 -13.713577 4.469441 8.724401 5.715287 -95.455432 -18.220695 0.162651 7.873380 2.334916 -14.633566 -6.869726 15.199359 1.414948 -33.069437 -18.152277 -21.722575 -28.530639 -6.644358 -10.884674 -3.826775 -4.206650 -21.059126 -36.115008 -7.085308 -6.107878 -35.336742 -8.344426 -15.319158 -20.791002 -9.228273 -8.527080 -30.449810 1.026286 -7.210100 -40.474625 0.117229 -8.637283 -19.365405 -5.372419 -0.194158 -23.701533 3.696132 5.719162 -43.456242 -1.178000 7.020673 -10.566583 -5.689846 -5.016964 1.815512 16.105875 49.351501 2.534405 2.202657 -28.595968 -14.507776 6.620655 30.044851 2.265556 -6.304303 -2.885868 90.804510 25.000360 4.223314 -6.155144 -2.616609 3.713505 8.168733 -13.636511 -9.020890 33.069437 18.152275 -21.722575 28.530639 6.644356 -10.884674 3.826775 4.206655 -21.059126 36.115008 7.085306 -6.107878 35.336742 8.344431 -15.319158 20.791002 9.228278 -8.527080 30.449810 -1.026281 -7.210100 40.474625 -0.117231 -8.637283 19.365405 5.372431 -0.194158 23.701533 -3.696120 5.719162 43.456242 1.178012 7.020673 10.566583 5.689844 -5.016964 -1.815512 -16.105870 49.351501 -2.534405 -2.202652 -28.595968 14.507776 -6.620650 30.044851
-0.219996 0.931848 5.865909 1.304288 -5.131403 2.409421 -1.353263 2.559124 -15.846268 -2.059901 1.327115 43.480411 -17.258116 3.892609 -0.876691 44.563467 -11.334614 -13.888397 3.684708 2.802340 -2.131685 1.309500 -0.525082 11.707593 -7.321935 9.217172 7.152487 -1.766229 1.133261 -33.464959 -0.649716 1.538202 -3.356152 -0.225767 1.207300 -3.426213 0.032905 -1.344343 7.095230 0.529198 -6.133104 11.436587 3.595684 6.199253 -13.728563 3.907899 8.476035 5.875998 -95.288229 -15.704768 -1.088114 8.663703 2.222088 -14.820390 -6.797207 15.048774 2.087913 -33.069437 -18.152277 -21.722575 -28.530639 -6.644358 -10.884674 -3.826775 -4.206650 -21.059126 -36.115008 -7.085308 -6.107878 -35.336742 -8.344426 -15.319158 -20.791002 -9.228273 -8.527080 -30.449810 1.026286 -7.210100 -40.474625 0.117229 -8.637283 -19.365405 -5.372419 -0.194158 -23.701533 3.696132 5.719162 -43.456242 -1.178000 7.020673 -10.566583 -5.689846 -5.016964 1.815512 16.105875 49.351501 2.534405 2.202657 -28.595968 -14.507776 6.620655 30.044851 3.017166 -6.483841 -4.364984 89.527497 26.027880 5.562509 -4.173490 -0.649938 3.015971 7.905653 -14.186888 -8.835318 33.069437 18.152275 -21.722575 28.530639 6.644356 -10.884674 3.826775 4.206655 -21.059126 36.115008 7.085306 -6.107878 35.336742 8.344431 -15.319158 20.791002 9.228278 -8.527080 30.449810 -1.026281 -7.210100 40.474625 -0.117231 -8.637283 19.365405 5.372431 -0.194158 23.701533 -3.696120 5.719162 43.456242 1.178012 7.020673 10.566583 5.689844 -5.016964 -1.815512 -16.105870 49.351501 -2.534405 -2.202652 -28.595968 14.507776 -6.620650 30.044851
-0.220524 0.926273 5.914986 1.216383 -6.133869 3.172898 -1.910045 2.933671 -19.068317 -1.566743 0.463042 31.968933 -17.039396 3.278364 -0.656755 41.738186 -13.069483 -8.356274 3.474022 3.511457 1.185050 1.271910 -0.973504 9.854605 -7.992103 9.815797 5.802385 -0.396400 1.365904 -34.708959 -0.574509 2.049715 -3.828269 -0.313367 1.355447 -3.448692 0.048382 -1.611041 7.182237 0.454623 -6.279981 11.222309 3.310902 5.897768 -13.843371 3.852402 8.557663 6.340682 -95.525769 -13.518431 -2.016122 9.588404 2.140543 -15.428644 -6.708713 14.801945 2.837766 -33.069437 -18.152277 -21.722575 -28.530639 -6.644358 -10.884674 -3.826775 -4.206650 -21.059126 -36.115008 -7.085308 -6.107878 -35.336742 -8.344426 -15.319158 -20.791002 -9.228273 -8.527080 -30.449810 1.026286 -7.210100 -40.474625 0.117229 -8.637283 -19.365405 -5.372419 -0.194158 -23.701533 3.696132 5.719162 -43.456242 -1.178000 7.020673 -10.566583 -5.689846 -5.016964 1.815512 16.105875 49.351501 2.534405 2.202657 -28.595968 -14.507776 6.620655 30.044851 3.233924 -6.989890 -5.433405 88.746622 26.964667 6.834164 -2.287919 1.824230 2.441281 7.699024 -14.485114 -8.514638 33.069437 18.152275 -21.722575 28.530639 6.644356 -10.884674 3.826775 4.206655 -21.059126 36.115008 7.085306 -6.107878 35.336742 8.344431 -15.319158 20.791002 9.228278 -8.527080 30.449810 -1.026281 -7.210100 40.474625 -0.117231 -8.637283 19.365405 5.372431 -0.194158 23.701533 -3.696120 5.719162 43.456242 1.178012 7.020673 10.566583 5.689844 -5.016964 -1.815512 -16.105870 49.351501 -2.534405 -2.202652 -28.595968 14.507776 -6.620650 30.044851
-0.221037 0.917994 5.967037 0.837667 -7.008093 3.701647 -2.306113 4.063289 -21.478028 -1.298334 -0.914232 21.124802 -16.857969 2.062166 -0.065192 38.992546 -14.059375 -3.426865 3.470506 3.502066 4.590327 1.268779 -0.708923 8.885750 -8.687099 10.142144 4.090394 0.852845 1.524931 -36.418207 -0.355320 2.503492 -4.074339 -0.282158 1.374257 -3.478476 -0.068176 -1.797109 7.352813 0.342658 -6.563987 10.869713 3.086765 5.724364 -14.010664 3.873514 8.719811 6.841363 -95.673014 -11.661057 -2.809755 10.465669 2.037434 -16.397303 -6.693145 14.527890 3.517894 -33.069437 -18.152277 -21.722575 -28.530639 -6.644358 -10.884674 -3.826775 -4.206650 -21.059126 -36.115008 -7.085308 -6.107878 -35.336742 -8.344426 -15.319158 -20.791002 -9.228273 -8.527080 -30.449810 1.026286 -7.210100 -40.474625 0.117229 -8.637283 -19.365405 -5.372419 -0.194158 -23.701533 3.696132 5.719162 -43.456242 -1.178000 7.020673 -10.566583 -5.689846 -5.016964 1.815512 16.105875 49.351501 2.534405 2.202657 -28.595968 -14.507776 6.620655 30.044851 3.269002 -7.734388 -6.110965 88.281056 27.720195 7.965862 -0.646088 4.433444 2.014499 7.416423 -14.434482 -8.083994 33.069437 18.152275 -21.722575 28.530639 6.644356 -10.884674 3.826775 4.206655 -21.059126 36.115008 7.085306 -6.107878 35.336742 8.344431 -15.319158 20.791002 9.228278 -8.527080 30.449810 -1.026281 -7.210100 40.474625 -0.117231 -8.637283 19.365405 5.372431 -0.194158 23.701533 -3.696120 5.719162 43.456242 1.178012 7.020673 10.566583 5.689844 -5.016964 -1.815512 -16.105870 49.351501 -2.534405 -2.202652 -28.595968 14.507776 -6.620650 30.044851
-0.221927 0.910477 6.022152 1.012541 -7.641934 3.852893 -3.551102 5.397430 -24.166131 -1.120946 -2.551176 14.787132 -16.302145 0.611892 0.931764 36.654135 -14.136843 0.229090 2.752935 2.817080 7.978803 1.307364 0.002468 8.906696 -8.640780 10.207570 3.007516 0.641597 1.523913 -39.135939 -0.852278 2.766960 -3.913508 -0.109329 1.302335 -3.804709 -0.298226 -1.816766 7.732052 0.066226 -7.040386 10.527000 3.099432 5.787877 -14.094481 3.181411 8.630165 6.929262 -95.156187 -10.226218 -3.707563 11.084394 1.827420 -17.228746 -6.734975 14.313040 3.916598 -33.069437 -18.152277 -21.722575 -28.530639 -6.644358 -10.884674 -3.826775 -4.206650 -21.059126 -36.115008 -7.085308 -6.107878 -35.336742 -8.344426 -15.319158 -20.791002 -9.228273 -8.527080 -30.449810 1.026286 -7.210100 -40.474625 0.117229 -8.637283 -19.365405 -5.372419 -0.194158 -23.701533 3.696132 5.719162 -43.456242 -1.178000 7.020673 -10.566583 -5.689846 -5.016964 1.815512 16.105875 49.351501 2.534405 2.202657 -28.595968 -14.507776 6.620655 30.044851 3.767604 -8.267655 -6.627396 87.718159 28.085146 8.556574 0.636295 6.709810 1.768394 6.988774 -14.037382 -7.600010 33.069437 18.152275 -21.722575 28.530639 6.644356 -10.884674 3.826775 4.206655 -21.059126 36.115008 7.085306 -6.107878 35.336742 8.344431 -15.319158 20.791002 9.228278 -8.527080 30.449810 -1.026281 -7.210100 40.474625 -0.117231 -8.637283 19.365405 5.372431 -0.194158 23.701533 -3.696120 5.719162 43.456242 1.178012 7.020673 10.566583 5.689844 -5.016964 -1.815512 -16.105870 49.351501 -2.534405 -2.202652 -28.595968 14.507776 -6.620650 30.044851
-0.222649 0.905329 6.080144 1.947320 -7.881599 3.629105 -5.532833 5.799653 -27.374548 -1.013970 -3.661942 14.733662 -15.219676 -0.361233 2.540391 35.059771 -13.726485 2.335749 1.031256 1.799832 10.811692 1.547014 0.634875 10.621989 -7.260942 10.104318 3.273419 -1.971102 1.168955 -43.135664 -2.168828 2.739386 -3.395401 0.140004 1.180819 -4.488823 -0.595661 -1.706677 8.294963 -0.412657 -7.690729 10.290843 3.379069 6.086890 -13.971135 1.672126 8.281901 6.630590 -94.060932 -9.448656 -4.652240 11.437198 1.471191 -17.398679 -6.850925 14.187671 3.899796 -33.069437 -18.152277 -21.722575 -28.530639 -6.644358 -10.884674 -3.826775 -4.206650 -21.059126 -36.115008 -7.085308 -6.107878 -35.336742 -8.344426 -15.319158 -20.791002 -9.228273 -8.527080 -30.449810 1.026286 -7.210100 -40.474625 0.117229 -8.637283 -19.365405 -5.372419 -0.194158 -23.701533 3.696132 5.719162 -43.456242 -1.178000 7.020673 -10.566583 -5.689846 -5.016964 1.815512 16.105875 49.351501 2.534405 2.202657 -28.595968 -14.507776 6.620655 30.044851 4.797206 -8.420268 -6.965382 87.121064 28.042280 8.418119 1.449998 8.301073 1.741687 6.468292 -13.410452 -7.158314 33.069437 18.152275 -21.722575 28.530639 6.644356 -10.884674 3.826775 4.206655 -21.059126 36.115008 7.085306 -6.107878 35.336742 8.344431 -15.319158 20.791002 9.228278 -8.527080 30.449810 -1.026281 -7.210100 40.474625 -0.117231 -8.637283 19.365405 5.372431 -0.194158 23.701533 -3.696120 5.719162 43.456242 1.178012 7.020673 10.566583 5.689844 -5.016964 -1.815512 -16.105870 49.351501 -2.534405 -2.202652 -28.595968 14.507776 -6.620650 30.044851
-0.222378 0.900955 6.139457 2.981099 -7.780935 3.149903 -7.226252 5.235158 -30.000472 -1.141936 -4.363150 19.365348 -13.863525 -0.235045 4.223480 34.798031 -13.066600 2.012401 -1.047445 0.727705 12.485360 2.053127 0.621966 15.229387 -4.579575 10.258475 4.869405 -6.425249 0.121273 -47.746082 -3.462493 2.555224 -2.893407 0.370472 1.014470 -5.051281 -0.962934 -1.600837 8.717374 -1.026154 -8.476317 10.222389 3.805690 6.596292 -13.656273 0.543753 8.069017 6.692199 -93.377347 -9.641274 -5.141206 11.752289 1.117831 -16.898499 -7.174445 14.128522 3.651252 -33.069437 -18.152277 -21.722575 -28.530639 -6.644358 -10.884674 -3.826775 -4.206650 -21.059126 -36.115008 -7.085308 -6.107878 -35.336742 -8.344426 -15.319158 -20.791002 -9.228273 -8.527080 -30.449810 1.026286 -7.210100 -40.474625 0.117229 -8.637283 -19.365405 -5.372419 -0.194158 -23.701533 3.696132 5.719162 -43.456242 -1.178000 7.020673 -10.566583 -5.689846 -5.016964 1.815512 16.105875 49.351501 2.534405 2.202657 -28.595968 -14.507776 6.620655 30.044851 5.366584 -8.772891 -6.588524 87.335361 27.891770 7.947321 1.679372 8.999842 1.851289 6.063226 -12.764617 -6.910398 33.069437 18.152275 -21.722575 28.530639 6.644356 -10.884674 3.826775 4.206655 -21.059126 36.115008 7.085306 -6.107878 35.336742 8.344431 -15.319158 20.791002 9.228278 -8.527080 30.449810 -1.026281 -7.210100 40.474625 -0.117231 -8.637283 19.365405 5.372431 -0.194158 23.701533 -3.696120 5.719162 43.456242 1.178012 7.020673 10.566583 5.689844 -5.016964 -1.815512 -16.105870 49.351501 -2.534405 -2.202652 -28.595968 14.507776 -6.620650 30.044851
-0.220959 0.895070 6.196724 3.610377 -7.573878 2.534105 -8.220044 4.654694 -30.802299 -1.518173 -5.205216 24.833118 -12.709145 0.860080 4.892105 35.856045 -12.383677 -0.726237 -2.925147 -0.300191 12.564503 2.578424 -0.266730 23.648635 -1.092763 10.996088 7.572611 -11.079313 -1.700920 -51.242572 -4.121500 2.385815 -2.701468 0.554454 0.831455 -4.957508 -1.404853 -1.564965 8.651386 -1.675614 -9.344372 10.337300 4.220334 7.277357 -13.261034 1.206709 8.271082 7.728067 -94.132001 -11.055246 -4.737689 12.207968 0.962622 -16.084368 -7.740151 14.185588 3.511969 -33.069437 -18.152277 -21.722575 -28.530639 -6.644358 -10.884674 -3.826775 -4.206650 -21.059126 -36.115008 -7.085308 -6.107878 -35.336742 -8.344426 -15.319158 -20.791002 -9.228273 -8.527080 -30.449810 1.026286 -7.210100 -40.474625 0.117229 -8.637283 -19.365405 -5.372419 -0.194158 -23.701533 3.696132 5.719162 -43.456242 -1.178000 7.020673 -10.566583 -5.689846 -5.016964 1.815512 16.105875 49.351501 2.534405 2.202657 -28.595968 -14.507776 6.620655 30.044851 4.369307 -9.800841 -5.038397 89.095897 27.960167 7.604961 1.261302 8.725159 1.911777 5.984739 -12.337443 -6.952899 33.069437 18.152275 -21.722575 28.530639 6.644356 -10.884674 3.826775 4.206655 -21.059126 36.115008 7.085306 -6.107878 35.336742 8.344431 -15.319158 20.791002 9.228278 -8.527080 30.449810 -1.026281 -7.210100 40.474625 -0.117231 -8.637283 19.365405 5.372431 -0.194158 23.701533 -3.696120 5.719162 43.456242 1.178012 7.020673 10.566583 5.689844 -5.016964 -1.815512 -16.105870 49.351501 -2.534405 -2.202652 -28.595968 14.507776 -6.620650 30.044851
-0.219439 0.888043 6.249932 4.161965 -7.475824 1.859846 -8.951477 4.415617 -29.711220 -1.983183 -5.941941 28.392386 -12.092570 2.136226 4.226647 37.300739 -12.269039 -4.046580 -4.756976 -1.484683 11.018388 2.560062 -1.373542 35.066813 2.417692 11.787632 11.016453 -14.262613 -3.556067 -51.242439 -4.543518 2.197220 -2.680055 0.719630 0.711667 -4.285790 -1.818137 -1.516491 8.073214 -2.254352 -10.103944 10.625603 4.493546 7.969802 -12.850925 3.807521 8.535546 9.408852 -96.314062 -13.563831 -3.645265 12.622330 1.013848 -15.176400 -8.259536 14.499654 3.562757 -33.069437 -18.152277 -21.722575 -28.530639 -6.644358 -10.884674 -3.826775 -4.206650 -21.059126 -36.115008 -7.085308 -6.107878 -35.336742 -8.344426 -15.319158 -20.791002 -9.228273 -8.527080 -30.449810 1.026286 -7.210100 -40.474625 0.117229 -8.637283 -19.365405 -5.372419 -0.194158 -23.701533 3.696132 5.719162 -43.456242 -1.178000 7.020673 -10.566583 -5.689846 -5.016964 1.815512 16.105875 49.351501 2.534405 2.202657 -28.595968 -14.507776 6.620655 30.044851 1.905180 -10.860203 -2.710544 91.943205 28.165073 7.289041 0.320402 7.491211 1.823880 6.192542 -12.357456 -7.263154 33.069437 18.152275 -21.722575 28.530639 6.644356 -10.884674 3.826775 4.206655 -21.059126 36.115008 7.085306 -6.107878 35.336742 8.344431 -15.319158 20.791002 9.228278 -8.527080 30.449810 -1.026281 -7.210100 40.474625 -0.117231 -8.637283 19.365405 5.372431 -0.194158 23.701533 -3.696120 5.719162 43.456242 1.178012 7.020673 10.566583 5.689844 -5.016964 -1.815512 -16.105870 49.351501 -2.534405 -2.202652 -28.595968 14.507776 -6.620650 30.044851
-0.217751 0.883472 6.296306 4.831853 -7.484983 1.258350 -9.639009 4.217316 -27.475297 -2.309868 -6.190956 29.687793 -11.958978 3.066696 2.916092 38.611070 -12.781761 -6.723686 -6.410331 -3.168345 8.416528 1.771751 -1.553244 46.618657 4.817749 11.847416 13.975040 -14.969020 -4.142794 -46.569165 -5.036260 1.917168 -2.641802 0.861915 0.630750 -3.453979 -2.105145 -1.370612 7.231972 -2.696412 -10.531739 11.085577 4.609958 8.500282 -12.475317 6.870533 8.468242 10.809360 -98.766994 -16.712753 -2.215228 12.615692 1.163908 -14.424979 -8.345219 15.012656 3.566492 -33.069437 -18.152277 -21.722575 -28.530639 -6.644358 -10.884674 -3.826775 -4.206650 -21.059126 -36.115008 -7.085308 -6.107878 -35.336742 -8.344426 -15.319158 -20.791002 -9.228273 -8.527080 -30.449810 1.026286 -7.210100 -40.474625 0.117229 -8.637283 -19.365405 -5.372419 -0.194158 -23.701533 3.696132 5.719162 -43.456242 -1.178000 7.020673 -10.566583 -5.689846 -5.016964 1.815512 16.105875 49.351501 2.534405 2.202657 -28.595968 -14.507776 6.620655 30.044851 -0.548341 -11.127229 -0.596773 94.506391 28.161071 6.619543 -0.824034 5.465226 1.738113 6.499518 -12.808118 -7.769758 33.069437 18.152275 -21.722575 28.530639 6.644356 -10.884674 3.826775 4.206655 -21.059126 36.115008 7.085306 -6.107878 35.336742 8.344431 -15.319158 20.791002 9.228278 -8.527080 30.449810 -1.026281 -7.210100 40.474625 -0.117231 -8.637283 19.365405 5.372431 -0.194158 23.701533 -3.696120 5.719162 43.456242 1.178012 7.020673 10.566583 5.689844 -5.016964 -1.815512 -16.105870 49.351501 -2.534405 -2.202652 -28.595968 14.507776 -6.620650 30.044851
-0.216383 0.885499 6.337999 5.092117 -7.345559 0.880364 -9.879345 3.772569 -24.498492 -2.340775 -6.077070 29.156940 -12.091552 3.598092 1.876803 39.790172 -13.305916 -8.748905 -7.122120 -5.148649 5.556603 0.795715 -0.612269 55.285832 5.305941 11.203801 15.059169 -13.438535 -3.060749 -39.482093 -5.132421 1.537157 -2.599506 0.967413 0.449757 -2.776140 -2.284576 -1.149109 6.461799 -2.946775 -10.580466 11.676365 4.643483 8.780375 -12.202392 8.575422 8.268192 11.168418 -100.112104 -19.959668 -0.535859 11.893735 1.476901 -14.141517 -7.875363 15.443593 3.234268 -33.069437 -18.152277 -21.722575 -28.530639 -6.644358 -10.884674 -3.826775 -4.206650 -21.059126 -36.115008 -7.085308 -6.107878 -35.336742 -8.344426 -15.319158 -20.791002 -9.228273 -8.527080 -30.449810 1.026286 -7.210100 -40.474625 0.117229 -8.637283 -19.365405 -5.372419 -0.194158 -23.701533 3.696132 5.719162 -43.456242 -1.178000 7.020673 -10.566583 -5.689846 -5.016964 1.815512 16.105875 49.351501 2.534405 2.202657 -28.595968 -14.507776 6.620655 30.044851 -1.556564 -10.643871 0.620321 95.725839 27.645487 5.457144 -1.913084 3.010675 1.899065 6.873292 -13.321346 -8.332526 33.069437 18.152275 -21.722575 28.530639 6.644356 -10.884674 3.826775 4.206655 -21.059126 36.115008 7.085306 -6.107878 35.336742 8.344431 -15.319158 20.791002 9.228278 -8.527080 30.449810 -1.026281 -7.210100 40.474625 -0.117231 -8.637283 19.365405 5.372431 -0.194158 23.701533 -3.696120 5.719162 43.456242 1.178012 7.020673 10.566583 5.689844 -5.016964 -1.815512 -16.105870 49.351501 -2.534405 -2.202652 -28.595968 14.507776 -6.620650 30.044851
-0.215699 0.895407 6.377813 4.504329 -6.818971 0.783888 -9.290422 3.045529 -20.760392 -2.055201 -5.786609 27.085593 -12.349499 3.732168 1.556788 40.738247 -13.495208 -10.257462 -6.469463 -6.668188 2.659078 0.204936 0.434942 59.921359 4.228734 10.404450 13.984754 -11.051860 -1.388350 -34.194543 -4.424377 1.027420 -2.614791 1.047098 0.114128 -2.351112 -2.418455 -0.940637 5.960825 -2.887098 -10.344941 12.302824 4.589749 8.713869 -12.092777 8.521257 8.304181 10.333895 -99.877242 -22.791977 1.293792 10.408559 2.023883 -14.428988 -7.009762 15.675649 2.588573 -33.069437 -18.152277 -21.722575 -28.530639 -6.644358 -10.884674 -3.826775 -4.206650 -21.059126 -36.115008 -7.085308 -6.107878 -35.336742 -8.344426 -15.319158 -20.791002 -9.228273 -8.527080 -30.449810 1.026286 -7.210100 -40.474625 0.117229 -8.637283 -19.365405 -5.372419 -0.194158 -23.701533 3.696132 5.719162 -43.456242 -1.178000 7.020673 -10.566583 -5.689846 -5.016964 1.815512 16.105875 49.351501 2.534405 2.202657 -28.595968 -14.507776 6.620655 30.044851 -1.106582 -9.905363 1.022860 95.557447 26.452103 3.967694 -2.912945 0.619692 2.204978 7.355998 -13.605393 -8.732208 33.069437 18.152275 -21.722575 28.530639 6.644356 -10.884674 3.826775 4.206655 -21.059126 36.115008 7.085306 -6.107878 35.336742 8.344431 -15.319158 20.791002 9.228278 -8.527080 30.449810 -1.026281 -7.210100 40.474625 -0.117231 -8.637283 19.365405 5.372431 -0.194158 23.701533 -3.696120 5.719162 43.456242 1.178012 7.020673 10.566583 5.689844 -5.016964 -1.815512 -16.105870 49.351501 -2.534405 -2.202652 -28.595968 14.507776 -6.620650 30.044851
-0.215214 0.909720 6.418475 3.179606 -5.873817 0.935055 -7.914808 2.146478 -16.390335 -1.557519 -5.303974 23.837067 -12.689845 3.452158 1.890659 41.366539 -13.458872 -11.374932 -4.644272 -7.137668 -0.710435 0.072738 0.583929 61.162746 2.612948 9.543880 11.680004 -8.967910 -0.228918 -32.658297 -3.001492 0.366845 -2.689823 1.096234 -0.331132 -2.110542 -2.532434 -0.823582 5.690695 -2.436004 -9.910315 12.875796 4.373069 8.241398 -12.157747 7.449922 8.630165 8.640460 -98.496464 -24.922210 3.085101 8.328038 2.583576 -15.159683 -5.992758 15.822436 1.919036 -33.069437 -18.152277 -21.722575 -28.530639 -6.644358 -10.884674 -3.826775 -4.206650 -21.059126 -36.115008 -7.085308 -6.107878 -35.336742 -8.344426 -15.319158 -20.791002 -9.228273 -8.527080 -30.449810 1.026286 -7.210100 -40.474625 0.117229 -8.637283 -19.365405 -5.372419 -0.194158 -23.701533 3.696132 5.719162 -43.456242 -1.178000 7.020673 -10.566583 -5.689846 -5.016964 1.815512 16.105875 49.351501 2.534405 2.202657 -28.595968 -14.507776 6.620655 30.044851 -0.024064 -9.224974 1.028477 94.580150 24.586737 2.378258 -3.866579 -1.273746 2.319961 7.859132 -13.727797 -8.811222 33.069437 18.152275 -21.722575 28.530639 6.644356 -10.884674 3.826775 4.206655 -21.059126 36.115008 7.085306 -6.107878 35.336742 8.344431 -15.319158 20.791002 9.228278 -8.527080 30.449810 -1.026281 -7.210100 40.474625 -0.117231 -8.637283 19.365405 5.372431 -0.194158 23.701533 -3.696120 5.719162 43.456242 1.178012 7.020673 10.566583 5.689844 -5.016964 -1.815512 -16.105870 49.351501 -2.534405 -2.202652 -28.595968 14.507776 -6.620650 30.044851
-0.215386 0.924224 6.460320 1.502940 -4.640749 1.289467 -6.100988 1.170854 -11.811019 -0.998401 -4.596387 19.975424 -13.091724 2.858327 2.614691 41.780998 -13.391068 -12.300288 -2.223716 -6.555306 -4.831295 0.332961 -0.261122 59.696728 1.055061 8.509633 9.353121 -7.175887 0.381831 -33.500944 -1.217082 -0.373110 -2.785931 1.116005 -0.841969 -2.021922 -2.634546 -0.794977 5.563376 -1.693218 -9.372130 13.326089 4.039623 7.461328 -12.345630 6.031946 9.060692 6.512738 -96.583629 -26.475163 4.714856 5.917988 2.725323 -16.068770 -5.040806 15.971642 1.437161 -33.069437 -18.152277 -21.722575 -28.530639 -6.644358 -10.884674 -3.826775 -4.206650 -21.059126 -36.115008 -7.085308 -6.107878 -35.336742 -8.344426 -15.319158 -20.791002 -9.228273 -8.527080 -30.449810 1.026286 -7.210100 -40.474625 0.117229 -8.637283 -19.365405 -5.372419 -0.194158 -23.701533 3.696132 5.719162 -43.456242 -1.178000 7.020673 -10.566583 -5.689846 -5.016964 1.815512 16.105875 49.351501 2.534405 2.202657 -28.595968 -14.507776 6.620655 30.044851 1.133135 -8.684556 0.918775 93.356296 22.229113 0.865580 -4.787196 -2.518985 2.139820 8.213521 -13.823549 -8.565875 33.069437 18.152275 -21.722575 28.530639 6.644356 -10.884674 3.826775 4.206655 -21.059126 36.115008 7.085306 -6.107878 35.336742 8.344431 -15.319158 20.791002 9.228278 -8.527080 30.449810 -1.026281 -7.210100 40.474625 -0.117231 -8.637283 19.365405 5.372431 -0.194158 23.701533 -3.696120 5.719162 43.456242 1.178012 7.020673 10.566583 5.689844 -5.016964 -1.815512 -16.105870 49.351501 -2.534405 -2.202652 -28.595968 14.507776 -6.620650 30.044851
-0.216432 0.935189 6.501938 -0.068821 -3.345533 1.831952 -4.328802 0.097783 -7.499689 -0.533264 -3.743768 16.128366 -13.496653 2.205621 3.338056 42.086868 -13.391505 -13.113388 0.104950 -5.632520 -9.497441 0.804291 -1.244383 55.644049 -0.453029 7.598042 7.697555 -5.074212 0.879287 -34.182471 0.465200 -1.063560 -2.874874 1.145388 -1.374737 -2.127531 -2.764859 -0.778742 5.557695 -0.811211 -8.843795 13.572908 3.718007 6.569531 -12.592885 4.649425 9.425022 4.292296 -94.619580 -27.833462 6.198390 3.510531 2.138992 -16.834109 -4.323015 16.152655 1.219648 -33.069437 -18.152277 -21.722575 -28.530639 -6.644358 -10.884674 -3.826775 -4.206650 -21.059126 -36.115008 -7.085308 -6.107878 -35.336742 -8.344426 -15.319158 -20.791002 -9.228273 -8.527080 -30.449810 1.026286 -7.210100 -40.474625 0.117229 -8.637283 -19.365405 -5.372419 -0.194158 -23.701533 3.696132 5.719162 -43.456242 -1.178000 7.020673 -10.566583 -5.689846 -5.016964 1.815512 16.105875 49.351501 2.534405 2.202657 -28.595968 -14.507776 6.620655 30.044851 2.161155 -8.339809 0.853763 92.273984 19.696526 -0.456243 -5.707695 -3.202188 1.824163 8.313485 -13.888818 -8.098104 33.069437 18.152275 -21.722575 28.530639 6.644356 -10.884674 3.826775 4.206655 -21.059126 36.115008 7.085306 -6.107878 35.336742 8.344431 -15.319158 20.791002 9.228278 -8.527080 30.449810 -1.026281 -7.210100 40.474625 -0.117231 -8.637283 19.365405 5.372431 -0.194158 23.701533 -3.696120 5.719162 43.456242 1.178012 7.020673 10.566583 5.689844 -5.016964 -1.815512 -16.105870 49.351501 -2.534405 -2.202652 -28.595968 14.507776 -6.620650 30.044851
-0.218599 0.940924 6.542565 -1.113172 -2.221578 2.539317 -3.068698 -1.143986 -3.721407 -0.239609 -2.795929 12.790021 -13.823664 1.654554 3.608246 42.297306 -13.478905 -13.728579 1.910834 -5.294425 -14.245541 1.220054 -1.316305 49.112912 -2.012252 7.319363 6.941524 -2.146022 1.484401 -32.929715 1.605909 -1.622919 -2.972228 1.235762 -1.871503 -2.418635 -2.985506 -0.684102 5.680801 0.131332 -8.399580 13.558917 3.476227 5.737471 -12.858443 3.619760 9.707382 2.246399 -92.988647 -29.293258 7.646369 1.366428 0.910337 -17.265468 -3.902166 16.366215 1.282552 -33.069437 -18.152277 -21.722575 -28.530639 -6.644358 -10.884674 -3.826775 -4.206650 -21.059126 -36.115008 -7.085308 -6.107878 -35.336742 -8.344426 -15.319158 -20.791002 -9.228273 -8.527080 -30.449810 1.026286 -7.210100 -40.474625 0.117229 -8.637283 -19.365405 -5.372419 -0.194158 -23.701533 3.696132 5.719162 -43.456242 -1.178000 7.020673 -10.566583 -5.689846 -5.016964 1.815512 16.105875 49.351501 2.534405 2.202657 -28.595968 -14.507776 6.620655 30.044851 2.963254 -8.274826 0.995755 91.625642 17.370464 -1.495115 -6.725791 -3.499937 1.573713 8.179587 -13.857140 -7.551433 33.069437 18.152275 -21.722575 28.530639 6.644356 -10.884674 3.826775 4.206655 -21.059126 36.115008 7.085306 -6.107878 35.336742 8.344431 -15.319158 20.791002 9.228278 -8.527080 30.449810 -1.026281 -7.210100 40.474625 -0.117231 -8.637283 19.365405 5.372431 -0.194158 23.701533 -3.696120 5.719162 43.456242 1.178012 7.020673 10.566583 5.689844 -5.016964 -1.815512 -16.105870 49.351501 -2.534405 -2.202652 -28.595968 14.507776 -6.620650 30.044851
-0.222120 0.940350 6.582738 -1.363571 -1.341290 3.328280 -2.645374 -2.550766 -0.433079 -0.090444 -1.717216 10.238944 -14.056541 1.123924 3.103709 42.398871 -13.590763 -14.038076 2.982446 -5.830800 -18.522372 1.554394 -0.176578 40.427944 -3.552706 7.898665 7.145837 1.596691 2.118331 -30.051760 1.929939 -2.068903 -3.117820 1.409970 -2.290795 -2.780335 -3.311735 -0.460885 5.892530 1.129725 -8.045728 13.290187 3.262567 5.008614 -13.118498 3.220535 10.051083 0.615155 -92.044053 -30.982951 9.192714 -0.389110 -0.627583 -17.406737 -3.770748 16.530597 1.591994 -33.069437 -18.152277 -21.722575 -28.530639 -6.644358 -10.884674 -3.826775 -4.206650 -21.059126 -36.115008 -7.085308 -6.107878 -35.336742 -8.344426 -15.319158 -20.791002 -9.228273 -8.527080 -30.449810 1.026286 -7.210100 -40.474625 0.117229 -8.637283 -19.365405 -5.372419 -0.194158 -23.701533 3.696132 5.719162 -43.456242 -1.178000 7.020673 -10.566583 -5.689846 -5.016964 1.815512 16.105875 49.351501 2.534405 2.202657 -28.595968 -14.507776 6.620655 30.044851 3.432825 -8.570614 1.522821 91.585358 15.557582 -2.208548 -7.968784 -3.588750 1.477292 7.970311 -13.665819 -7.050044 33.069437 18.152275 -21.722575 28.530639 6.644356 -10.884674 3.826775 4.206655 -21.059126 36.115008 7.085306 -6.107878 35.336742 8.344431 -15.319158 20.791002 9.228278 -8.527080 30.449810 -1.026281 -7.210100 40.474625 -0.117231 -8.637283 19.365405 5.372431 -0.194158 23.701533 -3.696120 5.719162 43.456242 1.178012 7.020673 10.566583 5.689844 -5.016964 -1.815512 -16.105870 49.351501 -2.534405 -2.202652 -28.595968 14.507776 -6.620650 30.044851
-0.226084 0.931755 6.625636 -0.780913 -0.604920 4.051922 -3.153710 -3.948366 2.588379 -0.016893 -0.632678 8.645601 -14.258709 0.476524 1.691774 42.403850 -13.648116 -14.057402 3.153732 -6.831846 -21.849217 1.993117 1.614338 30.123426 -4.955899 9.287332 8.041795 5.719432 2.682552 -27.113553 1.382151 -2.493700 -3.345742 1.647314 -2.632701 -3.028034 -3.670400 -0.104807 6.095022 2.192269 -7.720563 12.832462 2.960765 4.312789 -13.350469 3.679133 10.706160 -0.331071 -92.087534 -32.901090 10.925789 -1.712931 -2.168234 -17.429348 -3.889882 16.526021 2.078425 -33.069437 -18.152277 -21.722575 -28.530639 -6.644358 -10.884674 -3.826775 -4.206650 -21.059126 -36.115008 -7.085308 -6.107878 -35.336742 -8.344426 -15.319158 -20.791002 -9.228273 -8.527080 -30.449810 1.026286 -7.210100 -40.474625 0.117229 -8.637283 -19.365405 -5.372419 -0.194158 -23.701533 3.696132 5.719162 -43.456242 -1.178000 7.020673 -10.566583 -5.689846 -5.016964 1.815512 16.105875 49.351501 2.534405 2.202657 -28.595968 -14.507776 6.620655 30.044851 3.356088 -9.275114 2.579978 92.149975 14.336146 -2.634059 -9.451081 -3.576510 1.470777 7.874960 -13.267736 -6.629631 33.069437 18.152275 -21.722575 28.530639 6.644356 -10.884674 3.826775 4.206655 -21.059126 36.115008 7.085306 -6.107878 35.336742 8.344431 -15.319158 20.791002 9.228278 -8.527080 30.449810 -1.026281 -7.210100 40.474625 -0.117231 -8.637283 19.365405 5.372431 -0.194158 23.701533 -3.696120 5.719162 43.456242 1.178012 7.020673 10.566583 5.689844 -5.016964 -1.815512 -16.105870 49.351501 -2.534405 -2.202652 -28.595968 14.507776 -6.620650 30.044851
-0.230141 0.918027 6.673154 0.284754 0.075449 4.542227 -4.248436 -4.980899 5.666700 0.034965 0.093747 7.977690 -14.500615 -0.288887 -0.391351 42.426065 -13.567765 -14.132457 2.738248 -7.949211 -24.264770 2.666237 3.594963 19.577593 -6.259392 11.218581 8.768219 9.836640 3.133564 -24.865215 0.332918 -2.962606 -3.613530 1.866824 -2.913456 -3.043559 -3.925410 0.346163 6.235462 3.224335 -7.359800 12.327593 2.540603 3.606069 -13.548145 4.879169 11.785945 -0.455582 -93.035591 -34.868639 12.744450 -2.598201 -3.521076 -17.504119 -4.133093 16.294928 2.647589 -33.069437 -18.152277 -21.722575 -28.530639 -6.644358 -10.884674 -3.826775 -4.206650 -21.059126 -36.115008 -7.085308 -6.107878 -35.336742 -8.344426 -15.319158 -20.791002 -9.228273 -8.527080 -30.449810 1.026286 -7.210100 -40.474625 0.117229 -8.637283 -19.365405 -5.372419 -0.194158 -23.701533 3.696132 5.719162 -43.456242 -1.178000 7.020673 -10.566583 -5.689846 -5.016964 1.815512 16.105875 49.351501 2.534405 2.202657 -28.595968 -14.507776 6.620655 30.044851 2.716276 -10.228745 4.022145 92.972631 13.499906 -2.909282 -10.969721 -3.507798 1.421270 7.919990 -12.679294 -6.233729 33.069437 18.152275 -21.722575 28.530639 6.644356 -10.884674 3.826775 4.206655 -21.059126 36.115008 7.085306 -6.107878 35.336742 8.344431 -15.319158 20.791002 9.228278 -8.527080 30.449810 -1.026281 -7.210100 40.474625 -0.117231 -8.637283 19.365405 5.372431 -0.194158 23.701533 -3.696120 5.719162 43.456242 1.178012 7.020673 10.566583 5.689844 -5.016964 -1.815512 -16.105870 49.351501 -2.534405 -2.202652 -28.595968 14.507776 -6.620650 30.044851
-0.234332 0.905339 6.722593 1.023598 0.634493 4.662660 -5.015207 -5.293264 9.045811 0.050222 0.196049 7.819494 -14.799644 -0.967371 -2.230070 42.633573 -13.201886 -15.010990 2.950513 -9.286289 -26.650257 3.388966 5.888363 11.716339 -7.547240 13.092731 8.420749 13.401579 3.330089 -22.919465 -0.304953 -3.376392 -3.697659 1.920787 -3.125301 -2.979534 -3.941975 0.782305 6.390839 3.932945 -6.985205 11.965983 2.175363 3.023768 -13.701215 5.918302 12.910501 -0.075478 -93.960119 -36.505955 14.079171 -3.111219 -4.566519 -17.699110 -4.272524 15.799111 3.139703 -33.069437 -18.152277 -21.722575 -28.530639 -6.644358 -10.884674 -3.826775 -4.206650 -21.059126 -36.115008 -7.085308 -6.107878 -35.336742 -8.344426 -15.319158 -20.791002 -9.228273 -8.527080 -30.449810 1.026286 -7.210100 -40.474625 0.117229 -8.637283 -19.365405 -5.372419 -0.194158 -23.701533 3.696132 5.719162 -43.456242 -1.178000 7.020673 -10.566583 -5.689846 -5.016964 1.815512 16.105875 49.351501 2.534405 2.202657 -28.595968 -14.507776 6.620655 30.044851 2.262215 -11.004026 5.164380 93.231918 12.701074 -3.252727 -12.202266 -3.381399 1.212636 7.990613 -12.049489 -5.799805 33.069437 18.152275 -21.722575 28.530639 6.644356 -10.884674 3.826775 4.206655 -21.059126 36.115008 7.085306 -6.107878 35.336742 8.344431 -15.319158 20.791002 9.228278 -8.527080 30.449810 -1.026281 -7.210100 40.474625 -0.117231 -8.637283 19.365405 5.372431 -0.194158 23.701533 -3.696120 5.719162 43.456242 1.178012 7.020673 10.566583 5.689844 -5.016964 -1.815512 -16.105870 49.351501 -2.534405 -2.202652 -28.595968 14.507776 -6.620650 30.044851
-0.238334 0.897407 6.771922 0.596994 0.873468 4.442133 -4.457056 -4.898992 12.504809 -0.085690 -0.138971 7.763357 -15.159625 -1.268145 -2.571049 43.112287 -12.352927 -17.427907 5.051329 -10.668951 -29.804729 3.768016 8.372687 9.265668 -8.679721 14.202008 7.785145 15.437918 3.111126 -20.611701 0.429147 -3.512129 -3.305552 1.659926 -3.244078 -3.210060 -3.663075 1.021375 6.683376 4.000618 -6.651222 11.887680 2.136028 2.789657 -13.754948 5.397282 13.311447 0.082815 -93.462738 -37.405908 14.083717 -3.405533 -5.281926 -18.010273 -4.067663 14.962222 3.377749 -33.069437 -18.152277 -21.722575 -28.530639 -6.644358 -10.884674 -3.826775 -4.206650 -21.059126 -36.115008 -7.085308 -6.107878 -35.336742 -8.344426 -15.319158 -20.791002 -9.228273 -8.527080 -30.449810 1.026286 -7.210100 -40.474625 0.117229 -8.637283 -19.365405 -5.372419 -0.194158 -23.701533 3.696132 5.719162 -43.456242 -1.178000 7.020673 -10.566583 -5.689846 -5.016964 1.815512 16.105875 49.351501 2.534405 2.202657 -28.595968 -14.507776 6.620655 30.044851 3.210036 -11.146129 5.140651 92.132579 11.771260 -3.742015 -12.877883 -3.213096 0.800204 7.974338 -11.681376 -5.332507 33.069437 18.152275 -21.722575 28.530639 6.644356 -10.884674 3.826775 4.206655 -21.059126 36.115008 7.085306 -6.107878 35.336742 8.344431 -15.319158 20.791002 9.228278 -8.527080 30.449810 -1.026281 -7.210100 40.474625 -0.117231 -8.637283 19.365405 5.372431 -0.194158 23.701533 -3.696120 5.719162 43.456242 1.178012 7.020673 10.566583 5.689844 -5.016964 -1.815512 -16.105870 49.351501 -2.534405 -2.202652 -28.595968 14.507776 -6.620650 30.044851
-0.242533 0.894449 6.821149 -0.947729 0.799435 4.056936 -2.503026 -4.171454 15.403190 -0.473105 -0.538817 8.321634 -15.714544 -1.184585 -1.038306 44.037788 -10.943197 -21.442872 8.474947 -11.161216 -32.950858 3.610853 10.116407 11.909468 -9.293364 14.364013 9.027225 15.203742 2.646960 -17.920343 2.416124 -3.383728 -2.506830 1.160773 -3.305119 -3.841702 -3.133643 0.972027 7.062072 3.462260 -6.355591 12.097342 2.456515 2.997861 -13.631400 3.301663 12.872382 -0.065100 -91.549253 -37.471061 12.794399 -3.557735 -5.833846 -18.377997 -3.510806 13.855506 3.312312 -33.069437 -18.152277 -21.722575 -28.530639 -6.644358 -10.884674 -3.826775 -4.206650 -21.059126 -36.115008 -7.085308 -6.107878 -35.336742 -8.344426 -15.319158 -20.791002 -9.228273 -8.527080 -30.449810 1.026286 -7.210100 -40.474625 0.117229 -8.637283 -19.365405 -5.372419 -0.194158 -23.701533 3.696132 5.719162 -43.456242 -1.178000 7.020673 -10.566583 -5.689846 -5.016964 1.815512 16.105875 49.351501 2.534405 2.202657 -28.595968 -14.507776 6.620655 30.044851 5.447776 -10.695999 4.151754 90.043873 11.037670 -4.145119 -13.060978 -3.041863 0.414779 7.870104 -11.655155 -4.945131 33.069437 18.152275 -21.722575 28.530639 6.644356 -10.884674 3.826775 4.206655 -21.059126 36.115008 7.085306 -6.107878 35.336742 8.344431 -15.319158 20.791002 9.228278 -8.527080 30.449810 -1.026281 -7.210100 40.474625 -0.117231 -8.637283 19.365405 5.372431 -0.194158 23.701533 -3.696120 5.719162 43.456242 1.178012 7.020673 10.566583 5.689844 -5.016964 -1.815512 -16.105870 49.351501 -2.534405 -2.202652 -28.595968 14.507776 -6.620650 30.044851
-0.248025 0.893286 6.870712 -2.492806 0.768126 3.508132 -0.245370 -3.372158 17.328989 -1.067401 -0.819736 10.973443 -16.725013 -1.123994 1.477561 45.814143 -9.047211 -26.348361 10.826684 -10.149911 -34.519397 3.222681 10.176172 17.238455 -9.107962 13.628054 12.018887 12.835893 2.498588 -16.265307 4.188535 -3.340602 -1.837279 0.803690 -3.407572 -4.398597 -2.416574 0.797338 7.277263 2.675343 -6.120817 12.464989 2.865733 3.646156 -13.244412 1.911091 12.694012 0.501839 -90.351279 -37.006461 11.420397 -3.467495 -6.377106 -18.656508 -2.986743 12.789019 3.020305 -33.069437 -18.152277 -21.722575 -28.530639 -6.644358 -10.884674 -3.826775 -4.206650 -21.059126 -36.115008 -7.085308 -6.107878 -35.336742 -8.344426 -15.319158 -20.791002 -9.228273 -8.527080 -30.449810 1.026286 -7.210100 -40.474625 0.117229 -8.637283 -19.365405 -5.372419 -0.194158 -23.701533 3.696132 5.719162 -43.456242 -1.178000 7.020673 -10.566583 -5.689846 -5.016964 1.815512 16.105875 49.351501 2.534405 2.202657 -28.595968 -14.507776 6.620655 30.044851 6.837367 -10.466586 3.750294 88.595388 11.150286 -4.120817 -13.212231 -2.824479 0.523999 7.900083 -11.572729 -4.792467 33.069437 18.152275 -21.722575 28.530639 6.644356 -10.884674 3.826775 4.206655 -21.059126 36.115008 7.085306 -6.107878 35.336742 8.344431 -15.319158 20.791002 9.228278 -8.527080 30.449810 -1.026281 -7.210100 40.474625 -0.117231 -8.637283 19.365405 5.372431 -0.194158 23.701533 -3.696120 5.719162 43.456242 1.178012 7.020673 10.566583 5.689844 -5.016964 -1.815512 -16.105870 49.351501 -2.534405 -2.202652 -28.595968 14.507776 -6.620650 30.044851
-0.254235 0.889944 6.921713 -3.321922 0.991104 2.713028 1.538094 -2.567903 18.171940 -1.772460 -0.717406 16.847109 -18.236480 -1.401621 4.450393 48.422302 -6.684267 -31.050228 11.041805 -8.103040 -34.219337 3.225521 8.915086 23.203333 -8.289282 11.674811 14.359392 9.186854 2.771468 -17.291309 4.854715 -3.545706 -1.625041 0.793165 -3.530591 -4.422597 -1.593975 0.677113 7.125254 1.991877 -5.954229 12.859977 3.111216 4.586345 -12.558652 3.069413 13.456213 2.377358 -91.543359 -36.283489 10.762626 -3.025356 -6.746729 -18.761457 -2.916935 12.086733 2.514645 -33.069437 -18.152277 -21.722575 -28.530639 -6.644358 -10.884674 -3.826775 -4.206650 -21.059126 -36.115008 -7.085308 -6.107878 -35.336742 -8.344426 -15.319158 -20.791002 -9.228273 -8.527080 -30.449810 1.026286 -7.210100 -40.474625 0.117229 -8.637283 -19.365405 -5.372419 -0.194158 -23.701533 3.696132 5.719162 -43.456242 -1.178000 7.020673 -10.566583 -5.689846 -5.016964 1.815512 16.105875 49.351501 2.534405 2.202657 -28.595968 -14.507776 6.620655 30.044851 5.770115 -10.921941 4.863876 89.000725 12.284180 -3.707164 -13.659463 -2.562712 1.270342 8.289797 -11.194322 -4.938842 33.069437 18.152275 -21.722575 28.530639 6.644356 -10.884674 3.826775 4.206655 -21.059126 36.115008 7.085306 -6.107878 35.336742 8.344431 -15.319158 20.791002 9.228278 -8.527080 30.449810 -1.026281 -7.210100 40.474625 -0.117231 -8.637283 19.365405 5.372431 -0.194158 23.701533 -3.696120 5.719162 43.456242 1.178012 7.020673 10.566583 5.689844 -5.016964 -1.815512 -16.105870 49.351501 -2.534405 -2.202652 -28.595968 14.507776 -6.620650 30.044851
-0.260555 0.883045 6.973283 -3.796409 1.416249 1.833741 3.141343 -1.745418 17.649342 -2.450464 -0.189884 25.946779 -19.852472 -1.645247 7.979010 50.791571 -4.851255 -33.338874 10.362934 -6.182500 -32.778406 3.663891 7.310176 28.184834 -7.432293 9.213689 14.389559 5.159364 3.013994 -20.589458 4.988920 -3.845326 -1.710650 0.985717 -3.519929 -4.029220 -0.884522 0.575644 6.623804 1.610130 -5.825199 13.212340 3.210886 5.449496 -11.672769 6.366217 14.402727 5.015264 -94.636519 -35.308145 10.565060 -2.206569 -6.517268 -18.668087 -3.428325 11.935772 1.723681 -33.069437 -18.152277 -21.722575 -28.530639 -6.644358 -10.884674 -3.826775 -4.206650 -21.059126 -36.115008 -7.085308 -6.107878 -35.336742 -8.344426 -15.319158 -20.791002 -9.228273 -8.527080 -30.449810 1.026286 -7.210100 -40.474625 0.117229 -8.637283 -19.365405 -5.372419 -0.194158 -23.701533 3.696132 5.719162 -43.456242 -1.178000 7.020673 -10.566583 -5.689846 -5.016964 1.815512 16.105875 49.351501 2.534405 2.202657 -28.595968 -14.507776 6.620655 30.044851 2.659659 -11.435462 6.886806 91.081665 13.852528 -3.442105 -14.227030 -2.270243 2.326285 8.910388 -10.739555 -5.350863 33.069437 18.152275 -21.722575 28.530639 6.644356 -10.884674 3.826775 4.206655 -21.059126 36.115008 7.085306 -6.107878 35.336742 8.344431 -15.319158 20.791002 9.228278 -8.527080 30.449810 -1.026281 -7.210100 40.474625 -0.117231 -8.637283 19.365405 5.372431 -0.194158 23.701533 -3.696120 5.719162 43.456242 1.178012 7.020673 10.566583 5.689844 -5.016964 -1.815512 -16.105870 49.351501 -2.534405 -2.202652 -28.595968 14.507776 -6.620650 30.044851
-0.265714 0.875550 7.023145 -4.436421 2.020407 1.094896 4.957474 -0.677621 15.617496 -2.873145 0.015514 36.987510 -21.033568 -1.143870 11.427685 51.488882 -6.124389 -30.180086 10.130962 -5.262802 -30.671921 4.007870 5.772141 31.057468 -6.923333 7.617624 12.442468 1.255092 2.780689 -23.863417 5.338373 -4.088603 -1.848162 1.255701 -3.252588 -3.579298 -0.516332 0.332489 5.982441 1.601071 -5.716907 13.453353 3.333892 5.843892 -10.841587 9.851920 14.588815 7.298166 -97.932413 -34.168026 10.281678 -1.043569 -5.387077 -18.188896 -4.285563 12.313379 0.717201 -33.069437 -18.152277 -21.722575 -28.530639 -6.644358 -10.884674 -3.826775 -4.206650 -21.059126 -36.115008 -7.085308 -6.107878 -35.336742 -8.344426 -15.319158 -20.791002 -9.228273 -8.527080 -30.449810 1.026286 -7.210100 -40.474625 0.117229 -8.637283 -19.365405 -5.372419 -0.194158 -23.701533 3.696132 5.719162 -43.456242 -1.178000 7.020673 -10.566583 -5.689846 -5.016964 1.815512 16.105875 49.351501 2.534405 2.202657 -28.595968 -14.507776 6.620655 30.044851 -0.869408 -11.204889 8.450148 93.681563 15.088328 -3.901974 -14.457041 -1.973499 3.264396 9.364795 -10.522997 -6.007596 33.069437 18.152275 -21.722575 28.530639 6.644356 -10.884674 3.826775 4.206655 -21.059126 36.115008 7.085306 -6.107878 35.336742 8.344431 -15.319158 20.791002 9.228278 -8.527080 30.449810 -1.026281 -7.210100 40.474625 -0.117231 -8.637283 19.365405 5.372431 -0.194158 23.701533 -3.696120 5.719162 43.456242 1.178012 7.020673 10.566583 5.689844 -5.016964 -1.815512 -16.105870 49.351501 -2.534405 -2.202652 -28.595968 14.507776 -6.620650 30.044851
-0.271075 0.873401 7.068747 -5.210247 2.685831 0.602664 6.728671 0.969350 12.600713 -3.059047 -0.921076 47.543799 -21.473375 0.199574 13.428871 49.633984 -10.936455 -22.123027 10.551251 -5.239770 -28.122506 3.981876 4.485442 31.848837 -6.634285 7.250542 9.949512 -2.091369 1.980628 -25.882585 5.912748 -4.143812 -1.969349 1.542135 -2.729485 -3.205380 -0.479643 -0.076967 5.419040 1.961166 -5.606476 13.534288 3.501129 5.602411 -10.336772 11.758636 13.952747 8.466152 -100.049171 -33.027415 9.690833 0.339543 -3.506705 -17.038846 -5.116022 12.962219 -0.185359 -33.069437 -18.152277 -21.722575 -28.530639 -6.644358 -10.884674 -3.826775 -4.206650 -21.059126 -36.115008 -7.085308 -6.107878 -35.336742 -8.344426 -15.319158 -20.791002 -9.228273 -8.527080 -30.449810 1.026286 -7.210100 -40.474625 0.117229 -8.637283 -19.365405 -5.372419 -0.194158 -23.701533 3.696132 5.719162 -43.456242 -1.178000 7.020673 -10.566583 -5.689846 -5.016964 1.815512 16.105875 49.351501 2.534405 2.202657 -28.595968 -14.507776 6.620655 30.044851 -3.296240 -10.121402 8.573131 95.601126 15.687916 -5.028850 -13.984658 -1.864892 3.791509 9.359463 -10.642812 -6.842077 33.069437 18.152275 -21.722575 28.530639 6.644356 -10.884674 3.826775 4.206655 -21.059126 36.115008 7.085306 -6.107878 35.336742 8.344431 -15.319158 20.791002 9.228278 -8.527080 30.449810 -1.026281 -7.210100 40.474625 -0.117231 -8.637283 19.365405 5.372431 -0.194158 23.701533 -3.696120 5.719162 43.456242 1.178012 7.020673 10.566583 5.689844 -5.016964 -1.815512 -16.105870 49.351501 -2.534405 -2.202652 -28.595968 14.507776 -6.620650 30.044851
-0.276623 0.878335 7.109790 -5.607140 3.000552 0.376806 7.747612 2.941150 9.281011 -3.162762 -2.424318 55.574217 -21.228575 1.534896 13.098542 46.673654 -15.271699 -14.790141 10.931953 -5.251170 -25.072357 3.763954 3.670929 30.959902 -6.446101 7.484257 8.057568 -4.280900 1.068032 -26.899112 6.205993 -3.791436 -2.117143 1.687183 -2.073520 -2.884610 -0.544786 -0.443673 5.053038 2.449972 -5.557367 13.518491 3.723189 5.007808 -10.224940 11.839125 12.987607 8.629293 -100.647277 -31.745924 8.792977 1.774613 -1.384381 -15.247508 -5.715780 13.598288 -0.651330 -33.069437 -18.152277 -21.722575 -28.530639 -6.644358 -10.884674 -3.826775 -4.206650 -21.059126 -36.115008 -7.085308 -6.107878 -35.336742 -8.344426 -15.319158 -20.791002 -9.228273 -8.527080 -30.449810 1.026286 -7.210100 -40.474625 0.117229 -8.637283 -19.365405 -5.372419 -0.194158 -23.701533 3.696132 5.719162 -43.456242 -1.178000 7.020673 -10.566583 -5.689846 -5.016964 1.815512 16.105875 49.351501 2.534405 2.202657 -28.595968 -14.507776 6.620655 30.044851 -4.186341 -8.824718 7.465285 96.361948 16.011448 -5.837527 -12.876384 -2.156917 3.907523 8.947870 -10.983188 -7.690551 33.069437 18.152275 -21.722575 28.530639 6.644356 -10.884674 3.826775 4.206655 -21.059126 36.115008 7.085306 -6.107878 35.336742 8.344431 -15.319158 20.791002 9.228278 -8.527080 30.449810 -1.026281 -7.210100 40.474625 -0.117231 -8.637283 19.365405 5.372431 -0.194158 23.701533 -3.696120 5.719162 43.456242 1.178012 7.020673 10.566583 5.689844 -5.016964 -1.815512 -16.105870 49.351501 -2.534405 -2.202652 -28.595968 14.507776 -6.620650 30.044851
-0.282590 0.888573 7.149311 -5.168619 2.622030 0.315852 7.533482 4.389731 5.808772 -3.110260 -3.108997 60.636275 -20.456167 2.057658 10.779105 45.200423 -16.459210 -11.881987 10.619827 -4.689237 -21.287231 3.481540 3.403438 28.696022 -6.331544 7.686943 7.131777 -5.245759 0.561437 -27.591550 5.782301 -2.977434 -2.249238 1.564674 -1.387762 -2.675524 -0.520472 -0.609565 4.957230 2.687930 -5.669738 13.545021 4.120476 4.555411 -10.371936 10.876998 12.068093 8.289934 -100.106019 -29.933226 7.584105 3.110672 0.400976 -13.233034 -6.046061 14.022074 -0.668250 -33.069437 -18.152277 -21.722575 -28.530639 -6.644358 -10.884674 -3.826775 -4.206650 -21.059126 -36.115008 -7.085308 -6.107878 -35.336742 -8.344426 -15.319158 -20.791002 -9.228273 -8.527080 -30.449810 1.026286 -7.210100 -40.474625 0.117229 -8.637283 -19.365405 -5.372419 -0.194158 -23.701533 3.696132 5.719162 -43.456242 -1.178000 7.020673 -10.566583 -5.689846 -5.016964 1.815512 16.105875 49.351501 2.534405 2.202657 -28.595968 -14.507776 6.620655 30.044851 -3.868271 -8.011966 5.885805 96.108480 16.625236 -5.341696 -11.545149 -2.748472 3.856271 8.447446 -11.424397 -8.384832 33.069437 18.152275 -21.722575 28.530639 6.644356 -10.884674 3.826775 4.206655 -21.059126 36.115008 7.085306 -6.107878 35.336742 8.344431 -15.319158 20.791002 9.228278 -8.527080 30.449810 -1.026281 -7.210100 40.474625 -0.117231 -8.637283 19.365405 5.372431 -0.194158 23.701533 -3.696120 5.719162 43.456242 1.178012 7.020673 10.566583 5.689844 -5.016964 -1.815512 -16.105870 49.351501 -2.534405 -2.202652 -28.595968 14.507776 -6.620650 30.044851
-0.289074 0.901640 7.189699 -3.887792 1.640238 0.292737 6.173658 4.767003 1.932076 -2.998883 -2.525091 63.164066 -19.361337 1.975601 7.593842 45.234758 -15.324326 -12.168773 9.503024 -3.591721 -16.809106 3.086133 3.446161 25.423334 -6.185318 7.744822 7.025496 -5.550041 0.519780 -28.390641 4.592929 -1.929785 -2.303789 1.270482 -0.734550 -2.639958 -0.394997 -0.631175 5.116666 2.524343 -5.933069 13.682378 4.674854 4.508248 -10.577592 9.624025 11.274937 7.831792 -98.974236 -27.407047 6.047043 4.224666 1.528339 -11.501710 -6.210655 14.159360 -0.462532 -33.069437 -18.152277 -21.722575 -28.530639 -6.644358 -10.884674 -3.826775 -4.206650 -21.059126 -36.115008 -7.085308 -6.107878 -35.336742 -8.344426 -15.319158 -20.791002 -9.228273 -8.527080 -30.449810 1.026286 -7.210100 -40.474625 0.117229 -8.637283 -19.365405 -5.372419 -0.194158 -23.701533 3.696132 5.719162 -43.456242 -1.178000 7.020673 -10.566583 -5.689846 -5.016964 1.815512 16.105875 49.351501 2.534405 2.202657 -28.595968 -14.507776 6.620655 30.044851 -2.796927 -7.812737 4.248738 95.190455 17.712998 -3.637492 -10.244273 -3.233723 3.872557 8.086774 -11.907640 -8.810421 33.069437 18.152275 -21.722575 28.530639 6.644356 -10.884674 3.826775 4.206655 -21.059126 36.115008 7.085306 -6.107878 35.336742 8.344431 -15.319158 20.791002 9.228278 -8.527080 30.449810 -1.026281 -7.210100 40.474625 -0.117231 -8.637283 19.365405 5.372431 -0.194158 23.701533 -3.696120 5.719162 43.456242 1.178012 7.020673 10.566583 5.689844 -5.016964 -1.815512 -16.105870 49.351501 -2.534405 -2.202652 -28.595968 14.507776 -6.620650 30.044851
-0.295228 0.914342 7.231428 -2.146687 0.377234 0.329549 4.169337 4.245095 -2.545057 -3.032655 -1.265399 63.421093 -18.258858 1.882778 4.553858 45.596666 -13.320410 -13.640526 7.889586 -2.228272 -12.097259 2.598327 3.457110 21.590650 -5.980892 7.811355 7.407640 -5.591038 0.735238 -29.322419 2.944683 -0.900531 -2.336407 0.974783 -0.181353 -2.730278 -0.229364 -0.625616 5.392089 2.074344 -6.243364 13.901028 5.202115 4.803961 -10.710375 8.537213 10.554004 7.477031 -97.775606 -24.343673 4.219783 5.099440 2.059134 -10.385192 -6.432969 14.122839 -0.197522 -33.069437 -18.152277 -21.722575 -28.530639 -6.644358 -10.884674 -3.826775 -4.206650 -21.059126 -36.115008 -7.085308 -6.107878 -35.336742 -8.344426 -15.319158 -20.791002 -9.228273 -8.527080 -30.449810 1.026286 -7.210100 -40.474625 0.117229 -8.637283 -19.365405 -5.372419 -0.194158 -23.701533 3.696132 5.719162 -43.456242 -1.178000 7.020673 -10.566583 -5.689846 -5.016964 1.815512 16.105875 49.351501 2.534405 2.202657 -28.595968 -14.507776 6.620655 30.044851 -1.445228 -7.965617 2.686967 93.940100 19.111780 -1.494128 -8.939280 -3.186964 3.982952 7.855267 -12.388683 -8.932007 33.069437 18.152275 -21.722575 28.530639 6.644356 -10.884674 3.826775 4.206655 -21.059126 36.115008 7.085306 -6.107878 35.336742 8.344431 -15.319158 20.791002 9.228278 -8.527080 30.449810 -1.026281 -7.210100 40.474625 -0.117231 -8.637283 19.365405 5.372431 -0.194158 23.701533 -3.696120 5.719162 43.456242 1.178012 7.020673 10.566583 5.689844 -5.016964 -1.815512 -16.105870 49.351501 -2.534405 -2.202652 -28.595968 14.507776 -6.620650 30.044851
-0.299626 0.924490 7.272717 -0.407598 -0.877287 0.552039 2.025473 3.519524 -7.536093 -3.150404 -0.288211 61.259304 -17.367942 1.897299 2.176844 45.487445 -11.570365 -14.867666 6.189905 -0.769125 -7.689976 2.133016 3.160106 17.683179 -5.864675 8.001412 7.913232 -5.373329 1.032604 -30.280855 1.247618 -0.009573 -2.455796 0.751916 0.239319 -2.867015 -0.048911 -0.664923 5.653650 1.559050 -6.493738 14.124459 5.532564 5.188002 -10.750974 7.786087 9.841035 7.322215 -96.865811 -21.117153 2.219651 5.843774 2.264319 -9.889281 -6.803622 14.090840 0.114117 -33.069437 -18.152277 -21.722575 -28.530639 -6.644358 -10.884674 -3.826775 -4.206650 -21.059126 -36.115008 -7.085308 -6.107878 -35.336742 -8.344426 -15.319158 -20.791002 -9.228273 -8.527080 -30.449810 1.026286 -7.210100 -40.474625 0.117229 -8.637283 -19.365405 -5.372419 -0.194158 -23.701533 3.696132 5.719162 -43.456242 -1.178000 7.020673 -10.566583 -5.689846 -5.016964 1.815512 16.105875 49.351501 2.534405 2.202657 -28.595968 -14.507776 6.620655 30.044851 -0.124341 -8.251918 1.198892 92.546242 20.559521 0.487109 -7.505211 -2.434898 4.103316 7.617024 -12.866202 -8.818948 33.069437 18.152275 -21.722575 28.530639 6.644356 -10.884674 3.826775 4.206655 -21.059126 36.115008 7.085306 -6.107878 35.336742 8.344431 -15.319158 20.791002 9.228278 -8.527080 30.449810 -1.026281 -7.210100 40.474625 -0.117231 -8.637283 19.365405 5.372431 -0.194158 23.701533 -3.696120 5.719162 43.456242 1.178012 7.020673 10.566583 5.689844 -5.016964 -1.815512 -16.105870 49.351501 -2.534405 -2.202652 -28.595968 14.507776 -6.620650 30.044851
-0.302261 0.930425 7.312172 0.938754 -1.938576 1.035128 0.013886 3.288192 -12.628166 -3.134416 -0.368479 56.292438 -16.713140 1.824387 0.632026 44.480815 -11.044243 -14.342578 4.786293 0.733018 -3.872387 1.804172 2.444459 14.093044 -6.045193 8.318667 8.180849 -4.761267 1.314916 -31.174882 -0.123711 0.723661 -2.708731 0.588223 0.542941 -3.011950 0.155997 -0.783482 5.860943 1.181349 -6.594784 14.287515 5.602948 5.391453 -10.732024 7.300512 9.132867 7.364951 -96.377043 -18.105360 0.214936 6.615648 2.307111 -9.806536 -7.174981 14.136821 0.516684 -33.069437 -18.152277 -21.722575 -28.530639 -6.644358 -10.884674 -3.826775 -4.206650 -21.059126 -36.115008 -7.085308 -6.107878 -35.336742 -8.344426 -15.319158 -20.791002 -9.228273 -8.527080 -30.449810 1.026286 -7.210100 -40.474625 0.117229 -8.637283 -19.365405 -5.372419 -0.194158 -23.701533 3.696132 5.719162 -43.456242 -1.178000 7.020673 -10.566583 -5.689846 -5.016964 1.815512 16.105875 49.351501 2.534405 2.202657 -28.595968 -14.507776 6.620655 30.044851 1.066397 -8.562739 -0.311474 91.101295 21.842715 2.048852 -5.905931 -1.081230 4.149331 7.292019 -13.336884 -8.593848 33.069437 18.152275 -21.722575 28.530639 6.644356 -10.884674 3.826775 4.206655 -21.059126 36.115008 7.085306 -6.107878 35.336742 8.344431 -15.319158 20.791002 9.228278 -8.527080 30.449810 -1.026281 -7.210100 40.474625 -0.117231 -8.637283 19.365405 5.372431 -0.194158 23.701533 -3.696120 5.719162 43.456242 1.178012 7.020673 10.566583 5.689844 -5.016964 -1.815512 -16.105870 49.351501 -2.534405 -2.202652 -28.595968 14.507776 -6.620650 30.044851
-0.303847 0.930597 7.351726 1.626940 -2.727927 1.745419 -1.697069 3.634852 -17.092378 -2.770081 -1.404482 48.060558 -16.280758 1.593185 -0.078173 42.610326 -11.764274 -11.565749 4.013266 2.140106 -0.588767 1.662425 1.485029 10.972480 -6.699778 8.705714 7.926501 -3.533493 1.566172 -32.005700 -0.885242 1.317327 -3.050607 0.456288 0.733961 -3.134042 0.364020 -0.986844 6.021934 1.015323 -6.534009 14.368932 5.441576 5.324729 -10.690561 7.017961 8.505453 7.600421 -96.297608 -15.505012 -1.575851 7.494101 2.149176 -9.999208 -7.383079 14.183819 1.056038 -33.069437 -18.152277 -21.722575 -28.530639 -6.644358 -10.884674 -3.826775 -4.206650 -21.059126 -36.115008 -7.085308 -6.107878 -35.336742 -8.344426 -15.319158 -20.791002 -9.228273 -8.527080 -30.449810 1.026286 -7.210100 -40.474625 0.117229 -8.637283 -19.365405 -5.372419 -0.194158 -23.701533 3.696132 5.719162 -43.456242 -1.178000 7.020673 -10.566583 -5.689846 -5.016964 1.815512 16.105875 49.351501 2.534405 2.202657 -28.595968 -14.507776 6.620655 30.044851 2.040328 -8.912049 -1.787070 89.794284 22.994804 3.303653 -4.261898 0.641152 4.037233 6.973043 -13.719095 -8.366720 33.069437 18.152275 -21.722575 28.530639 6.644356 -10.884674 3.826775 4.206655 -21.059126 36.115008 7.085306 -6.107878 35.336742 8.344431 -15.319158 20.791002 9.228278 -8.527080 30.449810 -1.026281 -7.210100 40.474625 -0.117231 -8.637283 19.365405 5.372431 -0.194158 23.701533 -3.696120 5.719162 43.456242 1.178012 7.020673 10.566583 5.689844 -5.016964 -1.815512 -16.105870 49.351501 -2.534405 -2.202652 -28.595968 14.507776 -6.620650 30.044851
-0.305150 0.925099 7.394131 1.526127 -3.242999 2.548578 -2.795938 4.109352 -20.186937 -1.989474 -2.428178 36.512006 -16.037110 1.208290 -0.084378 40.090659 -12.977282 -7.265542 4.076109 3.130265 2.417037 1.678875 0.670959 8.465957 -7.877354 9.092562 7.009718 -1.510986 1.823786 -32.881104 -0.896259 1.786261 -3.408337 0.393247 0.782626 -3.154576 0.475202 -1.262749 6.119686 0.983578 -6.428046 14.381696 5.135831 5.130841 -10.662946 7.057161 8.147168 8.092429 -96.549580 -13.261445 -2.941004 8.381194 1.867526 -10.501255 -7.397498 14.054742 1.801303 -33.069437 -18.152277 -21.722575 -28.530639 -6.644358 -10.884674 -3.826775 -4.206650 -21.059126 -36.115008 -7.085308 -6.107878 -35.336742 -8.344426 -15.319158 -20.791002 -9.228273 -8.527080 -30.449810 1.026286 -7.210100 -40.474625 0.117229 -8.637283 -19.365405 -5.372419 -0.194158 -23.701533 3.696132 5.719162 -43.456242 -1.178000 7.020673 -10.566583 -5.689846 -5.016964 1.815512 16.105875 49.351501 2.534405 2.202657 -28.595968 -14.507776 6.620655 30.044851 2.599314 -9.455793 -2.895948 88.914433 24.253369 4.571046 -2.792181 2.455032 3.686576 6.804324 -13.921494 -8.186413 33.069437 18.152275 -21.722575 28.530639 6.644356 -10.884674 3.826775 4.206655 -21.059126 36.115008 7.085306 -6.107878 35.336742 8.344431 -15.319158 20.791002 9.228278 -8.527080 30.449810 -1.026281 -7.210100 40.474625 -0.117231 -8.637283 19.365405 5.372431 -0.194158 23.701533 -3.696120 5.719162 43.456242 1.178012 7.020673 10.566583 5.689844 -5.016964 -1.815512 -16.105870 49.351501 -2.534405 -2.202652 -28.595968 14.507776 -6.620650 30.044851
-0.306372 0.915969 7.440241 0.836402 -3.587766 3.243231 -3.206138 4.513432 -21.872349 -1.207788 -2.923933 23.266671 -15.806057 0.559436 0.281808 37.218220 -13.942995 -2.605149 4.759356 3.437261 5.420877 1.749027 0.324225 6.766507 -9.293172 9.424168 5.584051 0.982465 2.111596 -34.010346 -0.394745 2.160658 -3.674337 0.459469 0.685535 -3.035749 0.407891 -1.554835 6.161392 0.911814 -6.444520 14.358157 4.835287 5.065646 -10.662661 7.316844 8.162809 8.795950 -96.858626 -11.282753 -3.824889 9.158884 1.628620 -11.274662 -7.303807 13.633408 2.727147 -33.069437 -18.152277 -21.722575 -28.530639 -6.644358 -10.884674 -3.826775 -4.206650 -21.059126 -36.115008 -7.085308 -6.107878 -35.336742 -8.344426 -15.319158 -20.791002 -9.228273 -8.527080 -30.449810 1.026286 -7.210100 -40.474625 0.117229 -8.637283 -19.365405 -5.372419 -0.194158 -23.701533 3.696132 5.719162 -43.456242 -1.178000 7.020673 -10.566583 -5.689846 -5.016964 1.815512 16.105875 49.351501 2.534405 2.202657 -28.595968 -14.507776 6.620655 30.044851 2.730299 -10.267268 -3.391790 88.500933 25.682859 5.934652 -1.636904 4.150305 3.127410 6.739011 -13.847544 -7.940091 33.069437 18.152275 -21.722575 28.530639 6.644356 -10.884674 3.826775 4.206655 -21.059126 36.115008 7.085306 -6.107878 35.336742 8.344431 -15.319158 20.791002 9.228278 -8.527080 30.449810 -1.026281 -7.210100 40.474625 -0.117231 -8.637283 19.365405 5.372431 -0.194158 23.701533 -3.696120 5.719162 43.456242 1.178012 7.020673 10.566583 5.689844 -5.016964 -1.815512 -16.105870 49.351501 -2.534405 -2.202652 -28.595968 14.507776 -6.620650 30.044851
-0.308303 0.906521 7.489272 0.278369 -3.901832 3.607905 -3.679206 5.124591 -23.264348 -0.908176 -3.569707 12.394611 -15.393693 -0.450032 0.800736 34.534427 -14.261911 1.480196 5.225345 3.062250 8.614112 1.763964 0.474059 5.797979 -10.257996 9.643547 4.256766 2.757206 2.344342 -35.701590 -0.156283 2.434207 -3.633922 0.628751 0.524773 -3.015298 0.219381 -1.761278 6.334936 0.666041 -6.610780 14.314261 4.696083 5.229325 -10.630445 7.124281 8.335108 9.360884 -96.717289 -9.654805 -4.464744 9.795434 1.410962 -11.946768 -7.225819 13.039537 3.568673 -33.069437 -18.152277 -21.722575 -28.530639 -6.644358 -10.884674 -3.826775 -4.206650 -21.059126 -36.115008 -7.085308 -6.107878 -35.336742 -8.344426 -15.319158 -20.791002 -9.228273 -8.527080 -30.449810 1.026286 -7.210100 -40.474625 0.117229 -8.637283 -19.365405 -5.372419 -0.194158 -23.701533 3.696132 5.719162 -43.456242 -1.178000 7.020673 -10.566583 -5.689846 -5.016964 1.815512 16.105875 49.351501 2.534405 2.202657 -28.595968 -14.507776 6.620655 30.044851 2.938694 -11.026880 -3.533665 88.126270 26.972522 6.956097 -0.772472 5.619561 2.601327 6.586151 -13.409182 -7.531419 33.069437 18.152275 -21.722575 28.530639 6.644356 -10.884674 3.826775 4.206655 -21.059126 36.115008 7.085306 -6.107878 35.336742 8.344431 -15.319158 20.791002 9.228278 -8.527080 30.449810 -1.026281 -7.210100 40.474625 -0.117231 -8.637283 19.365405 5.372431 -0.194158 23.701533 -3.696120 5.719162 43.456242 1.178012 7.020673 10.566583 5.689844 -5.016964 -1.815512 -16.105870 49.351501 -2.534405 -2.202652 -28.595968 14.507776 -6.620650 30.044851
-0.310569 0.899366 7.539404 0.540660 -4.188399 3.569422 -5.090263 5.893377 -25.567010 -0.914520 -4.663248 7.672847 -14.733189 -1.604026 1.847137 32.461744 -14.031815 4.543164 4.658073 2.218701 11.874434 1.710042 0.916259 5.445045 -10.149298 9.696556 3.704104 2.512449 2.349287 -38.154946 -0.857321 2.526947 -3.127561 0.794943 0.419813 -3.435500 0.030567 -1.803236 6.842749 0.264454 -6.815679 14.241850 4.771264 5.497813 -10.452300 5.932751 8.321434 9.412648 -95.862087 -8.547214 -5.194390 10.297181 1.138144 -12.098343 -7.229385 12.581341 4.013948 -33.069437 -18.152277 -21.722575 -28.530639 -6.644358 -10.884674 -3.826775 -4.206650 -21.059126 -36.115008 -7.085308 -6.107878 -35.336742 -8.344426 -15.319158 -20.791002 -9.228273 -8.527080 -30.449810 1.026286 -7.210100 -40.474625 0.117229 -8.637283 -19.365405 -5.372419 -0.194158 -23.701533 3.696132 5.719162 -43.456242 -1.178000 7.020673 -10.566583 -5.689846 -5.016964 1.815512 16.105875 49.351501 2.534405 2.202657 -28.595968 -14.507776 6.620655 30.044851 3.759289 -11.301427 -3.744811 87.400316 27.768294 7.112816 -0.104973 6.831489 2.374809 6.182516 -12.670401 -7.027813 33.069437 18.152275 -21.722575 28.530639 6.644356 -10.884674 3.826775 4.206655 -21.059126 36.115008 7.085306 -6.107878 35.336742 8.344431 -15.319158 20.791002 9.228278 -8.527080 30.449810 -1.026281 -7.210100 40.474625 -0.117231 -8.637283 19.365405 5.372431 -0.194158 23.701533 -3.696120 5.719162 43.456242 1.178012 7.020673 10.566583 5.689844 -5.016964 -1.815512 -16.105870 49.351501 -2.534405 -2.202652 -28.595968 14.507776 -6.620650 30.044851
-0.311974 0.894561 7.590952 1.475626 -4.418358 3.252130 -7.074375 6.193304 -28.562765 -0.977120 -5.368028 9.533737 -13.827127 -2.325807 3.858539 31.302702 -13.615918 6.208320 3.153311 1.113788 14.658424 1.661392 1.403190 6.319055 -8.822957 9.678271 4.096499 -0.048534 1.978920 -41.401253 -2.228134 2.475659 -2.356310 0.860817 0.426561 -4.195746 -0.140755 -1.700407 7.528414 -0.187029 -7.012833 14.166630 5.000250 5.780200 -10.083564 4.298206 8.089795 9.125133 -94.760781 -8.136556 -5.990752 10.737629 0.857123 -11.689846 -7.360919 12.447899 4.007637 -33.069437 -18.152277 -21.722575 -28.530639 -6.644358 -10.884674 -3.826775 -4.206650 -21.059126 -36.115008 -7.085308 -6.107878 -35.336742 -8.344426 -15.319158 -20.791002 -9.228273 -8.527080 -30.449810 1.026286 -7.210100 -40.474625 0.117229 -8.637283 -19.365405 -5.372419 -0.194158 -23.701533 3.696132 5.719162 -43.456242 -1.178000 7.020673 -10.566583 -5.689846 -5.016964 1.815512 16.105875 49.351501 2.534405 2.202657 -28.595968 -14.507776 6.620655 30.044851 4.826545 -11.213215 -3.871055 86.709122 28.017582 6.474282 0.347596 7.734843 2.456009 5.553394 -11.859016 -6.603891 33.069437 18.152275 -21.722575 28.530639 6.644356 -10.884674 3.826775 4.206655 -21.059126 36.115008 7.085306 -6.107878 35.336742 8.344431 -15.319158 20.791002 9.228278 -8.527080 30.449810 -1.026281 -7.210100 40.474625 -0.117231 -8.637283 19.365405 5.372431 -0.194158 23.701533 -3.696120 5.719162 43.456242 1.178012 7.020673 10.566583 5.689844 -5.016964 -1.815512 -16.105870 49.351501 -2.534405 -2.202652 -28.595968 14.507776 -6.620650 30.044851
-0.311881 0.890978 7.644145 2.342301 -4.621672 2.793237 -8.427431 5.883568 -31.009892 -1.195731 -5.368601 15.528906 -12.730417 -2.108081 6.166537 31.379378 -13.158241 5.823119 1.432670 -0.208332 16.462976 1.732548 1.637650 9.633213 -6.363850 9.971778 5.401658 -4.375062 1.071823 -45.509175 -3.366224 2.433838 -1.780992 0.803058 0.486462 -4.766922 -0.390623 -1.564637 7.975211 -0.667825 -7.270297 14.167127 5.308532 6.157261 -9.559470 3.450589 7.990777 9.162316 -94.331838 -8.611869 -6.432976 11.253573 0.608210 -10.999496 -7.746628 12.524227 3.702021 -33.069437 -18.152277 -21.722575 -28.530639 -6.644358 -10.884674 -3.826775 -4.206650 -21.059126 -36.115008 -7.085308 -6.107878 -35.336742 -8.344426 -15.319158 -20.791002 -9.228273 -8.527080 -30.449810 1.026286 -7.210100 -40.474625 0.117229 -8.637283 -19.365405 -5.372419 -0.194158 -23.701533 3.696132 5.719162 -43.456242 -1.178000 7.020673 -10.566583 -5.689846 -5.016964 1.815512 16.105875 49.351501 2.534405 2.202657 -28.595968 -14.507776 6.620655 30.044851 5.016664 -11.408394 -3.262399 87.033399 27.947108 5.596845 0.440601 8.144983 2.670115 4.989243 -11.160281 -6.410631 33.069437 18.152275 -21.722575 28.530639 6.644356 -10.884674 3.826775 4.206655 -21.059126 36.115008 7.085306 -6.107878 35.336742 8.344431 -15.319158 20.791002 9.228278 -8.527080 30.449810 -1.026281 -7.210100 40.474625 -0.117231 -8.637283 19.365405 5.372431 -0.194158 23.701533 -3.696120 5.719162 43.456242 1.178012 7.020673 10.566583 5.689844 -5.016964 -1.815512 -16.105870 49.351501 -2.534405 -2.202652 -28.595968 14.507776 -6.620650 30.044851
-0.310241 0.885830 7.697947 2.653610 -4.767770 2.267499 -8.596922 5.302955 -31.783923 -1.716298 -5.323249 21.928811 -11.620514 -0.848573 7.358579 32.555926 -12.564206 3.100624 -0.007547 -1.588481 16.967529 2.039372 1.181147 16.605412 -2.792059 10.878834 7.964371 -9.611574 -0.595788 -50.159168 -3.731264 2.423586 -1.681697 0.711753 0.482590 -4.697950 -0.795912 -1.485270 7.855611 -1.277620 -7.684800 14.342192 5.633735 6.779471 -8.923953 4.064126 8.242893 9.970580 -95.177648 -10.049453 -6.145268 11.923737 0.378709 -10.373332 -8.470024 12.652873 3.315561 -33.069437 -18.152277 -21.722575 -28.530639 -6.644358 -10.884674 -3.826775 -4.206650 -21.059126 -36.115008 -7.085308 -6.107878 -35.336742 -8.344426 -15.319158 -20.791002 -9.228273 -8.527080 -30.449810 1.026286 -7.210100 -40.474625 0.117229 -8.637283 -19.365405 -5.372419 -0.194158 -23.701533 3.696132 5.719162 -43.456242 -1.178000 7.020673 -10.566583 -5.689846 -5.016964 1.815512 16.105875 49.351501 2.534405 2.202657 -28.595968 -14.507776 6.620655 30.044851 3.518400 -12.197418 -1.490826 88.977790 27.830708 4.902290 0.069103 7.805413 2.898090 4.876811 -10.670474 -6.429558 33.069437 18.152275 -21.722575 28.530639 6.644356 -10.884674 3.826775 4.206655 -21.059126 36.115008 7.085306 -6.107878 35.336742 8.344431 -15.319158 20.791002 9.228278 -8.527080 30.449810 -1.026281 -7.210100 40.474625 -0.117231 -8.637283 19.365405 5.372431 -0.194158 23.701533 -3.696120 5.719162 43.456242 1.178012 7.020673 10.566583 5.689844 -5.016964 -1.815512 -16.105870 49.351501 -2.534405 -2.202652 -28.595968 14.507776 -6.620650 30.044851
-0.308414 0.878686 7.749956 2.719258 -4.832725 1.760053 -8.313692 4.682316 -30.690530 -2.396771 -5.720923 26.012495 -10.806629 1.036648 6.788319 33.983333 -12.075977 -0.808947 -1.381226 -2.680601 15.830720 2.425113 -0.118317 27.460813 1.514701 12.046783 11.911522 -14.342977 -2.818762 -53.187950 -3.743575 2.309850 -1.917604 0.736164 0.378839 -3.997268 -1.283964 -1.429577 7.126920 -2.057003 -8.235075 14.705841 5.865867 7.671616 -8.250097 6.067990 8.532514 11.370049 -97.257393 -12.276218 -5.224842 12.573885 0.242864 -9.968444 -9.298807 12.894519 3.037768 -33.069437 -18.152277 -21.722575 -28.530639 -6.644358 -10.884674 -3.826775 -4.206650 -21.059126 -36.115008 -7.085308 -6.107878 -35.336742 -8.344426 -15.319158 -20.791002 -9.228273 -8.527080 -30.449810 1.026286 -7.210100 -40.474625 0.117229 -8.637283 -19.365405 -5.372419 -0.194158 -23.701533 3.696132 5.719162 -43.456242 -1.178000 7.020673 -10.566583 -5.689846 -5.016964 1.815512 16.105875 49.351501 2.534405 2.202657 -28.595968 -14.507776 6.620655 30.044851 0.516052 -13.036103 1.114769 92.128610 27.720892 4.391747 -0.740327 6.548877 3.094465 5.347569 -10.542333 -6.583712 33.069437 18.152275 -21.722575 28.530639 6.644356 -10.884674 3.826775 4.206655 -21.059126 36.115008 7.085306 -6.107878 35.336742 8.344431 -15.319158 20.791002 9.228278 -8.527080 30.449810 -1.026281 -7.210100 40.474625 -0.117231 -8.637283 19.365405 5.372431 -0.194158 23.701533 -3.696120 5.719162 43.456242 1.178012 7.020673 10.566583 5.689844 -5.016964 -1.815512 -16.105870 49.351501 -2.534405 -2.202652 -28.595968 14.507776 -6.620650 30.044851
-0.306279 0.872477 7.796457 3.161970 -4.917870 1.335520 -8.608847 4.342172 -28.611367 -2.893434 -6.366977 27.756378 -10.378245 2.719237 5.088526 35.090233 -12.262960 -4.149990 -3.137545 -3.541942 13.068124 2.438915 -1.454691 40.403089 5.315400 12.588963 16.029168 -16.867212 -4.383599 -51.448359 -4.132381 2.016493 -2.152573 0.891215 0.237850 -3.068114 -1.681939 -1.289565 6.052966 -2.855599 -8.716555 15.124404 5.924404 8.652855 -7.687781 8.836442 8.449466 12.765855 -99.889734 -15.015567 -4.026458 12.813243 0.314492 -9.692273 -9.677399 13.294126 2.825359 -33.069437 -18.152277 -21.722575 -28.530639 -6.644358 -10.884674 -3.826775 -4.206650 -21.059126 -36.115008 -7.085308 -6.107878 -35.336742 -8.344426 -15.319158 -20.791002 -9.228273 -8.527080 -30.449810 1.026286 -7.210100 -40.474625 0.117229 -8.637283 -19.365405 -5.372419 -0.194158 -23.701533 3.696132 5.719162 -43.456242 -1.178000 7.020673 -10.566583 -5.689846 -5.016964 1.815512 16.105875 49.351501 2.534405 2.202657 -28.595968 -14.507776 6.620655 30.044851 -2.744335 -13.209037 3.561214 95.244461 27.433409 3.786493 -1.789452 4.542823 3.268129 6.142028 -10.879799 -6.893625 33.069437 18.152275 -21.722575 28.530639 6.644356 -10.884674 3.826775 4.206655 -21.059126 36.115008 7.085306 -6.107878 35.336742 8.344431 -15.319158 20.791002 9.228278 -8.527080 30.449810 -1.026281 -7.210100 40.474625 -0.117231 -8.637283 19.365405 5.372431 -0.194158 23.701533 -3.696120 5.719162 43.456242 1.178012 7.020673 10.566583 5.689844 -5.016964 -1.815512 -16.105870 49.351501 -2.534405 -2.202652 -28.595968 14.507776 -6.620650 30.044851
-0.304621 0.870746 7.835760 3.796842 -5.049754 1.009219 -9.300348 4.352028 -26.149338 -2.962688 -6.707216 27.975002 -10.297881 3.587594 3.345000 36.119724 -13.041902 -6.444690 -4.789651 -4.686122 9.448704 1.955739 -1.785218 52.333958 7.353571 11.898909 18.422772 -16.368825 -4.195947 -44.917288 -4.693762 1.613580 -2.265922 1.037665 0.093713 -2.239737 -1.933674 -1.024758 5.014442 -3.465725 -8.950988 15.491854 5.834662 9.482545 -7.411752 11.104216 8.164155 13.595922 -101.948291 -18.103052 -2.482753 12.351107 0.608593 -9.565379 -9.259030 13.676555 2.485966 -33.069437 -18.152277 -21.722575 -28.530639 -6.644358 -10.884674 -3.826775 -4.206650 -21.059126 -36.115008 -7.085308 -6.107878 -35.336742 -8.344426 -15.319158 -20.791002 -9.228273 -8.527080 -30.449810 1.026286 -7.210100 -40.474625 0.117229 -8.637283 -19.365405 -5.372419 -0.194158 -23.701533 3.696132 5.719162 -43.456242 -1.178000 7.020673 -10.566583 -5.689846 -5.016964 1.815512 16.105875 49.351501 2.534405 2.202657 -28.595968 -14.507776 6.620655 30.044851 -4.771336 -12.740302 5.070662 97.191857 26.798707 2.876299 -2.851668 2.265317 3.547442 6.924019 -11.462161 -7.383501 33.069437 18.152275 -21.722575 28.530639 6.644356 -10.884674 3.826775 4.206655 -21.059126 36.115008 7.085306 -6.107878 35.336742 8.344431 -15.319158 20.791002 9.228278 -8.527080 30.449810 -1.026281 -7.210100 40.474625 -0.117231 -8.637283 19.365405 5.372431 -0.194158 23.701533 -3.696120 5.719162 43.456242 1.178012 7.020673 10.566583 5.689844 -5.016964 -1.815512 -16.105870 49.351501 -2.534405 -2.202652 -28.595968 14.507776 -6.620650 30.044851
-0.303320 0.875594 7.870965 3.900470 -5.010843 0.768441 -9.449372 4.259329 -23.094847 -2.599469 -6.488985 26.874768 -10.533748 3.709164 2.259799 37.279292 -13.790867 -8.053158 -5.439979 -6.326494 5.883342 1.129840 -1.226720 60.660194 7.389165 10.441251 18.095961 -13.643325 -2.527611 -37.247200 -4.699380 1.141115 -2.310356 1.109858 -0.098762 -1.660753 -2.093973 -0.715856 4.298732 -3.774275 -8.904194 15.833034 5.615063 9.991893 -7.458979 11.820330 8.094808 13.535423 -102.602904 -21.338581 -0.372102 11.200661 1.129040 -9.645464 -8.310559 13.997567 1.978325 -33.069437 -18.152277 -21.722575 -28.530639 -6.644358 -10.884674 -3.826775 -4.206650 -21.059126 -36.115008 -7.085308 -6.107878 -35.336742 -8.344426 -15.319158 -20.791002 -9.228273 -8.527080 -30.449810 1.026286 -7.210100 -40.474625 0.117229 -8.637283 -19.365405 -5.372419 -0.194158 -23.701533 3.696132 5.719162 -43.456242 -1.178000 7.020673 -10.566583 -5.689846 -5.016964 1.815512 16.105875 49.351501 2.534405 2.202657 -28.595968 -14.507776 6.620655 30.044851 -5.046616 -12.062815 5.577086 97.638019 25.703527 1.597909 -3.819366 0.228097 4.047856 7.461866 -11.996692 -7.930376 33.069437 18.152275 -21.722575 28.530639 6.644356 -10.884674 3.826775 4.206655 -21.059126 36.115008 7.085306 -6.107878 35.336742 8.344431 -15.319158 20.791002 9.228278 -8.527080 30.449810 -1.026281 -7.210100 40.474625 -0.117231 -8.637283 19.365405 5.372431 -0.194158 23.701533 -3.696120 5.719162 43.456242 1.178012 7.020673 10.566583 5.689844 -5.016964 -1.815512 -16.105870 49.351501 -2.534405 -2.202652 -28.595968 14.507776 -6.620650 30.044851
-0.302662 0.886417 7.906897 3.081684 -4.525292 0.602645 -8.537615 3.722872 -19.171052 -1.980485 -5.921184 24.506953 -10.986825 3.487210 1.958160 38.324461 -14.191006 -9.270148 -4.796394 -7.879577 2.513274 0.263406 -0.746667 64.824308 6.117409 9.180917 15.623219 -10.626722 -0.645546 -32.260998 -3.782447 0.550967 -2.318252 1.133381 -0.391429 -1.350139 -2.200844 -0.484879 3.964641 -3.752797 -8.603208 16.205867 5.234400 10.088137 -7.707273 10.995722 8.349916 12.545806 -101.840579 -24.368603 2.104750 9.600131 1.753934 -9.787109 -7.357468 14.428757 1.464588 -33.069437 -18.152277 -21.722575 -28.530639 -6.644358 -10.884674 -3.826775 -4.206650 -21.059126 -36.115008 -7.085308 -6.107878 -35.336742 -8.344426 -15.319158 -20.791002 -9.228273 -8.527080 -30.449810 1.026286 -7.210100 -40.474625 0.117229 -8.637283 -19.365405 -5.372419 -0.194158 -23.701533 3.696132 5.719162 -43.456242 -1.178000 7.020673 -10.566583 -5.689846 -5.016964 1.815512 16.105875 49.351501 2.534405 2.202657 -28.595968 -14.507776 6.620655 30.044851 -4.203548 -11.384775 5.464565 96.948620 24.028943 -0.031101 -4.644763 -1.242088 4.558936 7.651688 -12.417370 -8.264946 33.069437 18.152275 -21.722575 28.530639 6.644356 -10.884674 3.826775 4.206655 -21.059126 36.115008 7.085306 -6.107878 35.336742 8.344431 -15.319158 20.791002 9.228278 -8.527080 30.449810 -1.026281 -7.210100 40.474625 -0.117231 -8.637283 19.365405 5.372431 -0.194158 23.701533 -3.696120 5.719162 43.456242 1.178012 7.020673 10.566583 5.689844 -5.016964 -1.815512 -16.105870 49.351501 -2.534405 -2.202652 -28.595968 14.507776 -6.620650 30.044851
-0.302491 0.900301 7.945578 1.502209 -3.553076 0.539599 -6.735491 2.792184 -14.561203 -1.300075 -5.247905 21.143682 -11.538807 3.154751 2.267826 39.030976 -14.323512 -10.275774 -3.142254 -8.450506 -1.197520 -0.022543 -1.084488 65.707868 4.344423 8.227614 12.467585 -8.588480 0.408933 -30.999155 -2.074541 -0.163417 -2.307640 1.107952 -0.790080 -1.206249 -2.279113 -0.382509 3.865414 -3.430553 -8.106360 16.603058 4.731004 9.793141 -8.012910 9.243997 8.814997 10.831966 -100.131092 -26.880234 4.461295 7.743037 2.101877 -9.883627 -6.602088 15.022259 1.092644 -33.069437 -18.152277 -21.722575 -28.530639 -6.644358 -10.884674 -3.826775 -4.206650 -21.059126 -36.115008 -7.085308 -6.107878 -35.336742 -8.344426 -15.319158 -20.791002 -9.228273 -8.527080 -30.449810 1.026286 -7.210100 -40.474625 0.117229 -8.637283 -19.365405 -5.372419 -0.194158 -23.701533 3.696132 5.719162 -43.456242 -1.178000 7.020673 -10.566583 -5.689846 -5.016964 1.815512 16.105875 49.351501 2.534405 2.202657 -28.595968 -14.507776 6.620655 30.044851 -3.032829 -10.717725 5.165934 95.702486 21.765896 -1.828510 -5.273070 -2.068097 4.709777 7.549456 -12.731053 -8.188560 33.069437 18.152275 -21.722575 28.530639 6.644356 -10.884674 3.826775 4.206655 -21.059126 36.115008 7.085306 -6.107878 35.336742 8.344431 -15.319158 20.791002 9.228278 -8.527080 30.449810 -1.026281 -7.210100 40.474625 -0.117231 -8.637283 19.365405 5.372431 -0.194158 23.701533 -3.696120 5.719162 43.456242 1.178012 7.020673 10.566583 5.689844 -5.016964 -1.815512 -16.105870 49.351501 -2.534405 -2.202652 -28.595968 14.507776 -6.620650 30.044851
-0.303326 0.913682 7.985941 -0.318547 -2.293889 0.663139 -4.623888 1.597932 -9.909713 -0.692276 -4.476346 17.393109 -12.085306 2.739332 2.882380 39.398314 -14.337760 -11.171312 -1.101374 -7.878491 -5.540428 0.488113 -2.136119 63.814041 2.424408 7.240918 9.678217 -7.292586 0.728292 -32.255643 -0.102470 -0.910537 -2.331830 1.076492 -1.253125 -1.183360 -2.387901 -0.368534 3.880171 -2.852398 -7.526852 16.906827 4.206074 9.234398 -8.311447 7.321690 9.365059 8.719157 -98.018679 -28.801205 6.306402 5.595619 1.771221 -10.112682 -5.905918 15.603884 0.845553 -33.069437 -18.152277 -21.722575 -28.530639 -6.644358 -10.884674 -3.826775 -4.206650 -21.059126 -36.115008 -7.085308 -6.107878 -35.336742 -8.344426 -15.319158 -20.791002 -9.228273 -8.527080 -30.449810 1.026286 -7.210100 -40.474625 0.117229 -8.637283 -19.365405 -5.372419 -0.194158 -23.701533 3.696132 5.719162 -43.456242 -1.178000 7.020673 -10.566583 -5.689846 -5.016964 1.815512 16.105875 49.351501 2.534405 2.202657 -28.595968 -14.507776 6.620655 30.044851 -2.010843 -10.092415 4.917336 94.420822 19.100053 -3.517920 -5.698193 -2.399771 4.434054 7.311726 -12.909110 -7.756233 33.069437 18.152275 -21.722575 28.530639 6.644356 -10.884674 3.826775 4.206655 -21.059126 36.115008 7.085306 -6.107878 35.336742 8.344431 -15.319158 20.791002 9.228278 -8.527080 30.449810 -1.026281 -7.210100 40.474625 -0.117231 -8.637283 19.365405 5.372431 -0.194158 23.701533 -3.696120 5.719162 43.456242 1.178012 7.020673 10.566583 5.689844 -5.016964 -1.815512 -16.105870 49.351501 -2.534405 -2.202652 -28.595968 14.507776 -6.620650 30.044851
-0.305232 0.923338 8.024827 -1.849371 -1.012703 1.038011 -2.782946 0.129373 -5.806170 -0.269287 -3.541799 13.936610 -12.546322 2.357340 3.384918 39.552130 -14.298097 -11.947201 0.764635 -6.948595 -10.314120 1.363839 -2.951800 59.155879 0.417263 6.244564 7.669958 -5.682155 0.979069 -33.488786 1.555713 -1.560744 -2.435868 1.114840 -1.722168 -1.302694 -2.597151 -0.360502 3.995016 -2.070532 -6.993531 17.003449 3.747870 8.561235 -8.630060 5.756058 9.934957 6.469249 -95.919454 -30.215511 7.552489 3.115991 0.551206 -10.719190 -5.117707 15.997392 0.663920 -33.069437 -18.152277 -21.722575 -28.530639 -6.644358 -10.884674 -3.826775 -4.206650 -21.059126 -36.115008 -7.085308 -6.107878 -35.336742 -8.344426 -15.319158 -20.791002 -9.228273 -8.527080 -30.449810 1.026286 -7.210100 -40.474625 0.117229 -8.637283 -19.365405 -5.372419 -0.194158 -23.701533 3.696132 5.719162 -43.456242 -1.178000 7.020673 -10.566583 -5.689846 -5.016964 1.815512 16.105875 49.351501 2.534405 2.202657 -28.595968 -14.507776 6.620655 30.044851 -1.326530 -9.595327 4.776124 93.459350 16.297339 -4.928019 -5.932869 -2.475190 3.979607 6.937028 -12.970199 -7.106838 33.069437 18.152275 -21.722575 28.530639 6.644356 -10.884674 3.826775 4.206655 -21.059126 36.115008 7.085306 -6.107878 35.336742 8.344431 -15.319158 20.791002 9.228278 -8.527080 30.449810 -1.026281 -7.210100 40.474625 -0.117231 -8.637283 19.365405 5.372431 -0.194158 23.701533 -3.696120 5.719162 43.456242 1.178012 7.020673 10.566583 5.689844 -5.016964 -1.815512 -16.105870 49.351501 -2.534405 -2.202652 -28.595968 14.507776 -6.620650 30.044851
-0.308576 0.927926 8.063602 -2.717304 0.076904 1.670151 -1.631903 -1.510036 -2.437069 -0.049735 -2.504136 11.132072 -12.873296 2.075581 3.375693 39.593203 -14.263502 -12.456509 2.211750 -6.607133 -15.056616 2.014969 -2.584609 51.851702 -1.561152 5.710423 6.635210 -2.834318 1.528394 -32.157651 2.506115 -2.024766 -2.615783 1.256634 -2.149096 -1.556543 -2.940120 -0.269203 4.223105 -1.140920 -6.599934 16.854470 3.388502 7.865881 -9.002563 4.762784 10.521670 4.281350 -94.157395 -31.256091 8.426732 0.481632 -1.456768 -11.688335 -4.303403 16.167996 0.589254 -33.069437 -18.152277 -21.722575 -28.530639 -6.644358 -10.884674 -3.826775 -4.206650 -21.059126 -36.115008 -7.085308 -6.107878 -35.336742 -8.344426 -15.319158 -20.791002 -9.228273 -8.527080 -30.449810 1.026286 -7.210100 -40.474625 0.117229 -8.637283 -19.365405 -5.372419 -0.194158 -23.701533 3.696132 5.719162 -43.456242 -1.178000 7.020673 -10.566583 -5.689846 -5.016964 1.815512 16.105875 49.351501 2.534405 2.202657 -28.595968 -14.507776 6.620655 30.044851 -1.026386 -9.334441 4.798520 93.017013 13.607317 -6.020928 -6.013422 -2.498112 3.613389 6.312363 -12.895231 -6.359567 33.069437 18.152275 -21.722575 28.530639 6.644356 -10.884674 3.826775 4.206655 -21.059126 36.115008 7.085306 -6.107878 35.336742 8.344431 -15.319158 20.791002 9.228278 -8.527080 30.449810 -1.026281 -7.210100 40.474625 -0.117231 -8.637283 19.365405 5.372431 -0.194158 23.701533 -3.696120 5.719162 43.456242 1.178012 7.020673 10.566583 5.689844 -5.016964 -1.815512 -16.105870 49.351501 -2.534405 -2.202652 -28.595968 14.507776 -6.620650 30.044851
-0.312802 0.925829 8.103682 -2.718832 0.922406 2.471327 -1.395125 -3.061828 0.378587 0.053886 -1.517631 9.080595 -13.062754 1.753531 2.588567 39.496289 -14.239945 -12.519727 3.029731 -7.083594 -19.140622 2.294372 -1.106201 42.130219 -3.351710 6.164849 6.661028 1.042495 2.124246 -28.667998 2.560947 -2.332254 -2.858307 1.478049 -2.502060 -1.853014 -3.371165 -0.039175 4.527116 -0.074011 -6.343850 16.494179 3.062180 7.114867 -9.401260 4.475072 11.218916 2.455504 -93.073629 -32.135901 9.271838 -1.967768 -3.916899 -12.726398 -3.737513 16.118457 0.704805 -33.069437 -18.152277 -21.722575 -28.530639 -6.644358 -10.884674 -3.826775 -4.206650 -21.059126 -36.115008 -7.085308 -6.107878 -35.336742 -8.344426 -15.319158 -20.791002 -9.228273 -8.527080 -30.449810 1.026286 -7.210100 -40.474625 0.117229 -8.637283 -19.365405 -5.372419 -0.194158 -23.701533 3.696132 5.719162 -43.456242 -1.178000 7.020673 -10.566583 -5.689846 -5.016964 1.815512 16.105875 49.351501 2.534405 2.202657 -28.595968 -14.507776 6.620655 30.044851 -1.146618 -9.433213 5.150424 93.156130 11.294881 -6.733788 -6.079206 -2.482088 3.351287 5.601803 -12.567990 -5.662241 33.069437 18.152275 -21.722575 28.530639 6.644356 -10.884674 3.826775 4.206655 -21.059126 36.115008 7.085306 -6.107878 35.336742 8.344431 -15.319158 20.791002 9.228278 -8.527080 30.449810 -1.026281 -7.210100 40.474625 -0.117231 -8.637283 19.365405 5.372431 -0.194158 23.701533 -3.696120 5.719162 43.456242 1.178012 7.020673 10.566583 5.689844 -5.016964 -1.815512 -16.105870 49.351501 -2.534405 -2.202652 -28.595968 14.507776 -6.620650 30.044851
-0.317915 0.917272 8.148168 -1.890652 1.637370 3.250506 -2.045111 -4.298331 3.008262 0.133984 -0.787170 7.862039 -13.171344 1.256894 0.946214 39.273181 -14.171807 -12.260013 3.003436 -8.017205 -22.100534 2.509944 0.726639 30.729332 -4.841245 7.781548 7.383223 5.172437 2.598521 -25.345142 1.780383 -2.627250 -3.151790 1.719230 -2.779755 -2.061845 -3.764737 0.321937 4.839888 1.078526 -6.152598 16.005865 2.689792 6.258669 -9.784242 5.013053 12.174589 1.391607 -92.924730 -33.044596 10.318763 -3.953931 -6.463870 -13.520387 -3.615192 15.859053 0.994095 -33.069437 -18.152277 -21.722575 -28.530639 -6.644358 -10.884674 -3.826775 -4.206650 -21.059126 -36.115008 -7.085308 -6.107878 -35.336742 -8.344426 -15.319158 -20.791002 -9.228273 -8.527080 -30.449810 1.026286 -7.210100 -40.474625 0.117229 -8.637283 -19.365405 -5.372419 -0.194158 -23.701533 3.696132 5.719162 -43.456242 -1.178000 7.020673 -10.566583 -5.689846 -5.016964 1.815512 16.105875 49.351501 2.534405 2.202657 -28.595968 -14.507776 6.620655 30.044851 -1.689472 -9.935641 5.985690 93.740965 9.601104 -6.998389 -6.333503 -2.310664 3.012102 5.187605 -11.919381 -5.168132 33.069437 18.152275 -21.722575 28.530639 6.644356 -10.884674 3.826775 4.206655 -21.059126 36.115008 7.085306 -6.107878 35.336742 8.344431 -15.319158 20.791002 9.228278 -8.527080 30.449810 -1.026281 -7.210100 40.474625 -0.117231 -8.637283 19.365405 5.372431 -0.194158 23.701533 -3.696120 5.719162 43.456242 1.178012 7.020673 10.566583 5.689844 -5.016964 -1.815512 -16.105870 49.351501 -2.534405 -2.202652 -28.595968 14.507776 -6.620650 30.044851
-0.322935 0.905387 8.196721 -0.731850 2.363111 3.783141 -3.052702 -5.023786 5.824587 0.202064 -0.566582 7.365826 -13.294867 0.675378 -1.190004 39.151956 -14.009405 -12.314906 2.528452 -9.040190 -24.212432 2.899963 2.356595 19.750988 -6.023206 10.186506 7.849299 9.178021 3.085083 -23.068375 0.701080 -3.003614 -3.368707 1.885554 -3.008716 -2.155396 -3.958861 0.736468 5.153609 2.101799 -5.991248 15.504345 2.308455 5.370116 -10.143452 6.053742 13.327375 1.252560 -93.472286 -33.963561 11.439406 -5.383079 -8.765131 -13.933745 -3.805942 15.408588 1.346402 -33.069437 -18.152277 -21.722575 -28.530639 -6.644358 -10.884674 -3.826775 -4.206650 -21.059126 -36.115008 -7.085308 -6.107878 -35.336742 -8.344426 -15.319158 -20.791002 -9.228273 -8.527080 -30.449810 1.026286 -7.210100 -40.474625 0.117229 -8.637283 -19.365405 -5.372419 -0.194158 -23.701533 3.696132 5.719162 -43.456242 -1.178000 7.020673 -10.566583 -5.689846 -5.016964 1.815512 16.105875 49.351501 2.534405 2.202657 -28.595968 -14.507776 6.620655 30.044851 -2.303946 -10.634069 7.095557 94.305863 8.555170 -6.885200 -6.902170 -1.958247 2.515497 5.212623 -11.060929 -4.848603 33.069437 18.152275 -21.722575 28.530639 6.644356 -10.884674 3.826775 4.206655 -21.059126 36.115008 7.085306 -6.107878 35.336742 8.344431 -15.319158 20.791002 9.228278 -8.527080 30.449810 -1.026281 -7.210100 40.474625 -0.117231 -8.637283 19.365405 5.372431 -0.194158 23.701533 -3.696120 5.719162 43.456242 1.178012 7.020673 10.566583 5.689844 -5.016964 -1.815512 -16.105870 49.351501 -2.534405 -2.202652 -28.595968 14.507776 -6.620650 30.044851
-0.327364 0.894357 8.245492 -0.165573 3.102609 3.931125 -3.409290 -5.157514 8.976329 0.206407 -0.901425 7.154667 -13.551346 0.253396 -2.900173 39.415352 -13.674617 -13.442390 2.895047 -10.264112 -26.398425 3.361297 3.853588 12.263354 -7.160173 12.567919 7.421883 12.378150 3.442370 -21.133319 0.331225 -3.360259 -3.249471 1.858382 -3.190994 -2.319827 -3.845345 1.050977 5.526593 2.692129 -5.889574 15.120311 2.088034 4.647960 -10.446120 6.504116 14.188956 1.677351 -93.794780 -34.739241 12.084432 -6.246656 -10.533700 -13.994865 -3.966085 14.703720 1.682275 -33.069437 -18.152277 -21.722575 -28.530639 -6.644358 -10.884674 -3.826775 -4.206650 -21.059126 -36.115008 -7.085308 -6.107878 -35.336742 -8.344426 -15.319158 -20.791002 -9.228273 -8.527080 -30.449810 1.026286 -7.210100 -40.474625 0.117229 -8.637283 -19.365405 -5.372419 -0.194158 -23.701533 3.696132 5.719162 -43.456242 -1.178000 7.020673 -10.566583 -5.689846 -5.016964 1.815512 16.105875 49.351501 2.534405 2.202657 -28.595968 -14.507776 6.620655 30.044851 -2.017931 -11.136300 7.768606 94.087755 8.012053 -6.598284 -7.751179 -1.556058 1.983476 5.546652 -10.278503 -4.549242 33.069437 18.152275 -21.722575 28.530639 6.644356 -10.884674 3.826775 4.206655 -21.059126 36.115008 7.085306 -6.107878 35.336742 8.344431 -15.319158 20.791002 9.228278 -8.527080 30.449810 -1.026281 -7.210100 40.474625 -0.117231 -8.637283 19.365405 5.372431 -0.194158 23.701533 -3.696120 5.719162 43.456242 1.178012 7.020673 10.566583 5.689844 -5.016964 -1.815512 -16.105870 49.351501 -2.534405 -2.202652 -28.595968 14.507776 -6.620650 30.044851
-0.331796 0.887471 8.292561 -0.778001 3.685689 3.773939 -2.448736 -4.822323 12.127135 0.099988 -1.489737 7.044999 -14.034039 0.108152 -3.333274 40.147159 -13.040659 -15.890077 5.106658 -11.885544 -29.149349 3.585180 5.450152 10.086256 -8.394910 14.232484 6.892169 13.717042 3.448189 -18.962944 1.307223 -3.533159 -2.694205 1.598073 -3.302975 -2.791338 -3.458772 1.114457 5.936544 2.686683 -5.859391 14.966816 2.191634 4.276684 -10.593492 5.419297 14.264914 2.127213 -93.081224 -35.188500 11.760110 -6.545057 -11.571704 -13.843584 -3.854171 13.734413 1.929418 -33.069437 -18.152277 -21.722575 -28.530639 -6.644358 -10.884674 -3.826775 -4.206650 -21.059126 -36.115008 -7.085308 -6.107878 -35.336742 -8.344426 -15.319158 -20.791002 -9.228273 -8.527080 -30.449810 1.026286 -7.210100 -40.474625 0.117229 -8.637283 -19.365405 -5.372419 -0.194158 -23.701533 3.696132 5.719162 -43.456242 -1.178000 7.020673 -10.566583 -5.689846 -5.016964 1.815512 16.105875 49.351501 2.534405 2.202657 -28.595968 -14.507776 6.620655 30.044851 -0.099924 -11.145691 7.461253 92.656864 7.920304 -6.314148 -8.757681 -1.333285 1.681723 6.017852 -9.881840 -4.257223 33.069437 18.152275 -21.722575 28.530639 6.644356 -10.884674 3.826775 4.206655 -21.059126 36.115008 7.085306 -6.107878 35.336742 8.344431 -15.319158 20.791002 9.228278 -8.527080 30.449810 -1.026281 -7.210100 40.474625 -0.117231 -8.637283 19.365405 5.372431 -0.194158 23.701533 -3.696120 5.719162 43.456242 1.178012 7.020673 10.566583 5.689844 -5.016964 -1.815512 -16.105870 49.351501 -2.534405 -2.202652 -28.595968 14.507776 -6.620650 30.044851
-0.336660 0.884715 8.339137 -2.152039 4.039274 3.486381 -0.499715 -4.142357 14.631918 -0.158279 -2.040803 7.709381 -14.824603 0.093897 -2.376309 41.417478 -11.977055 -19.496662 8.287322 -13.024690 -31.756531 3.431171 6.752471 12.596821 -9.020077 14.785750 7.780204 12.907647 3.264307 -16.974553 3.071230 -3.532182 -1.990803 1.227427 -3.365956 -3.485848 -2.891676 0.945902 6.211533 2.222213 -5.872205 15.070495 2.570977 4.281097 -10.493995 3.424698 13.765566 2.669176 -91.795543 -35.201546 10.705539 -6.295533 -11.866550 -13.727803 -3.533716 12.658952 1.990949 -33.069437 -18.152277 -21.722575 -28.530639 -6.644358 -10.884674 -3.826775 -4.206650 -21.059126 -36.115008 -7.085308 -6.107878 -35.336742 -8.344426 -15.319158 -20.791002 -9.228273 -8.527080 -30.449810 1.026286 -7.210100 -40.474625 0.117229 -8.637283 -19.365405 -5.372419 -0.194158 -23.701533 3.696132 5.719162 -43.456242 -1.178000 7.020673 -10.566583 -5.689846 -5.016964 1.815512 16.105875 49.351501 2.534405 2.202657 -28.595968 -14.507776 6.620655 30.044851 2.673491 -10.783500 6.675839 90.632102 8.428449 -5.945765 -9.883155 -1.399367 1.834497 6.512135 -9.886123 -4.076456 33.069437 18.152275 -21.722575 28.530639 6.644356 -10.884674 3.826775 4.206655 -21.059126 36.115008 7.085306 -6.107878 35.336742 8.344431 -15.319158 20.791002 9.228278 -8.527080 30.449810 -1.026281 -7.210100 40.474625 -0.117231 -8.637283 19.365405 5.372431 -0.194158 23.701533 -3.696120 5.719162 43.456242 1.178012 7.020673 10.566583 5.689844 -5.016964 -1.815512 -16.105870 49.351501 -2.534405 -2.202652 -28.595968 14.507776 -6.620650 30.044851
-0.343107 0.883405 8.388789 -3.382638 4.266979 3.040810 1.613942 -3.221033 16.165425 -0.617125 -2.370360 10.439032 -15.945719 0.030677 -0.379091 43.384303 -10.288687 -24.366872 10.306497 -12.487147 -32.845782 3.191675 7.224997 17.587959 -8.499652 13.915570 10.014122 10.539535 3.173479 -16.410279 4.437667 -3.519553 -1.559511 0.970977 -3.426458 -3.984869 -2.156539 0.734986 6.202969 1.608031 -5.911711 15.335725 2.970511 4.580819 -10.119531 2.385609 13.531283 3.912259 -91.455707 -34.780933 9.754951 -5.533379 -11.559717 -13.876586 -3.333499 11.667981 1.786284 -33.069437 -18.152277 -21.722575 -28.530639 -6.644358 -10.884674 -3.826775 -4.206650 -21.059126 -36.115008 -7.085308 -6.107878 -35.336742 -8.344426 -15.319158 -20.791002 -9.228273 -8.527080 -30.449810 1.026286 -7.210100 -40.474625 0.117229 -8.637283 -19.365405 -5.372419 -0.194158 -23.701533 3.696132 5.719162 -43.456242 -1.178000 7.020673 -10.566583 -5.689846 -5.016964 1.815512 16.105875 49.351501 2.534405 2.202657 -28.595968 -14.507776 6.620655 30.044851 4.459999 -10.597179 6.541517 89.337303 9.708577 -5.268081 -11.172456 -1.574110 2.402364 7.034915 -9.946467 -4.117145 33.069437 18.152275 -21.722575 28.530639 6.644356 -10.884674 3.826775 4.206655 -21.059126 36.115008 7.085306 -6.107878 35.336742 8.344431 -15.319158 20.791002 9.228278 -8.527080 30.449810 -1.026281 -7.210100 40.474625 -0.117231 -8.637283 19.365405 5.372431 -0.194158 23.701533 -3.696120 5.719162 43.456242 1.178012 7.020673 10.566583 5.689844 -5.016964 -1.815512 -16.105870 49.351501 -2.534405 -2.202652 -28.595968 14.507776 -6.620650 30.044851
-0.350621 0.880329 8.442853 -4.118320 4.428923 2.356366 3.562274 -2.148515 16.542863 -1.334341 -2.352362 16.511571 -17.218432 0.024885 2.457260 45.761120 -8.019364 -30.121681 10.420101 -10.484153 -31.861972 3.309841 6.617718 22.634472 -7.510250 12.066051 11.756773 7.198798 3.237116 -18.095609 4.989732 -3.572173 -1.528379 0.930829 -3.443342 -4.039215 -1.300543 0.595807 5.906431 1.107542 -5.949079 15.616066 3.160078 5.043954 -9.504456 3.539210 13.963450 6.145284 -93.055173 -34.008384 9.347483 -4.309323 -10.643775 -14.264279 -3.570445 10.953768 1.295425 -33.069437 -18.152277 -21.722575 -28.530639 -6.644358 -10.884674 -3.826775 -4.206650 -21.059126 -36.115008 -7.085308 -6.107878 -35.336742 -8.344426 -15.319158 -20.791002 -9.228273 -8.527080 -30.449810 1.026286 -7.210100 -40.474625 0.117229 -8.637283 -19.365405 -5.372419 -0.194158 -23.701533 3.696132 5.719162 -43.456242 -1.178000 7.020673 -10.566583 -5.689846 -5.016964 1.815512 16.105875 49.351501 2.534405 2.202657 -28.595968 -14.507776 6.620655 30.044851 4.023522 -10.823300 7.530985 89.697131 11.583915 -4.417387 -12.444921 -1.708870 3.111649 7.561037 -9.769203 -4.495897 33.069437 18.152275 -21.722575 28.530639 6.644356 -10.884674 3.826775 4.206655 -21.059126 36.115008 7.085306 -6.107878 35.336742 8.344431 -15.319158 20.791002 9.228278 -8.527080 30.449810 -1.026281 -7.210100 40.474625 -0.117231 -8.637283 19.365405 5.372431 -0.194158 23.701533 -3.696120 5.719162 43.456242 1.178012 7.020673 10.566583 5.689844 -5.016964 -1.815512 -16.105870 49.351501 -2.534405 -2.202652 -28.595968 14.507776 -6.620650 30.044851
-0.358208 0.874903 8.496682 -4.677979 4.588141 1.614225 5.519960 -1.047325 15.409735 -2.215593 -1.933433 26.119446 -18.408903 0.398763 5.890850 47.721821 -6.414597 -33.782771 9.868224 -8.283747 -29.700565 3.700783 5.326266 26.377231 -6.790427 10.237691 11.719117 3.412446 3.201271 -21.261913 5.277823 -3.650208 -1.746878 1.012829 -3.306895 -3.752678 -0.542299 0.445898 5.376046 0.867575 -5.964242 15.759955 3.184445 5.443656 -8.835536 6.529023 14.498069 8.907143 -96.187437 -33.046894 9.238688 -2.661709 -8.902364 -14.573219 -4.286895 10.725947 0.566003 -33.069437 -18.152277 -21.722575 -28.530639 -6.644358 -10.884674 -3.826775 -4.206650 -21.059126 -36.115008 -7.085308 -6.107878 -35.336742 -8.344426 -15.319158 -20.791002 -9.228273 -8.527080 -30.449810 1.026286 -7.210100 -40.474625 0.117229 -8.637283 -19.365405 -5.372419 -0.194158 -23.701533 3.696132 5.719162 -43.456242 -1.178000 7.020673 -10.566583 -5.689846 -5.016964 1.815512 16.105875 49.351501 2.534405 2.202657 -28.595968 -14.507776 6.620655 30.044851 1.545959 -11.047385 9.143532 91.616749 13.509632 -3.915310 -13.312157 -1.813659 3.588175 7.961948 -9.309771 -5.258793 33.069437 18.152275 -21.722575 28.530639 6.644356 -10.884674 3.826775 4.206655 -21.059126 36.115008 7.085306 -6.107878 35.336742 8.344431 -15.319158 20.791002 9.228278 -8.527080 30.449810 -1.026281 -7.210100 40.474625 -0.117231 -8.637283 19.365405 5.372431 -0.194158 23.701533 -3.696120 5.719162 43.456242 1.178012 7.020673 10.566583 5.689844 -5.016964 -1.815512 -16.105870 49.351501 -2.534405 -2.202652 -28.595968 14.507776 -6.620650 30.044851
-0.365191 0.870374 8.547377 -5.376352 4.886279 1.054875 7.516269 0.201322 12.847715 -2.848448 -1.464718 37.527183 -19.391474 1.298681 9.122658 48.529635 -7.645233 -31.178693 9.910516 -6.871680 -27.419641 3.929733 4.203151 28.620569 -6.326223 8.934723 10.293361 -0.189872 2.733827 -24.170402 5.831684 -3.702616 -2.015461 1.110679 -2.942593 -3.335500 -0.130466 0.132775 4.735482 0.953994 -5.964740 15.644005 3.283986 5.514048 -8.421126 9.658190 14.299017 11.088537 -99.421142 -32.013039 8.938327 -0.630573 -6.287111 -14.308239 -5.183114 11.141660 -0.280678 -33.069437 -18.152277 -21.722575 -28.530639 -6.644358 -10.884674 -3.826775 -4.206650 -21.059126 -36.115008 -7.085308 -6.107878 -35.336742 -8.344426 -15.319158 -20.791002 -9.228273 -8.527080 -30.449810 1.026286 -7.210100 -40.474625 0.117229 -8.637283 -19.365405 -5.372419 -0.194158 -23.701533 3.696132 5.719162 -43.456242 -1.178000 7.020673 -10.566583 -5.689846 -5.016964 1.815512 16.105875 49.351501 2.534405 2.202657 -28.595968 -14.507776 6.620655 30.044851 -1.593207 -10.677851 10.265245 94.100828 14.988381 -4.174772 -13.480037 -1.886626 3.588008 8.104842 -8.734853 -6.346049 33.069437 18.152275 -21.722575 28.530639 6.644356 -10.884674 3.826775 4.206655 -21.059126 36.115008 7.085306 -6.107878 35.336742 8.344431 -15.319158 20.791002 9.228278 -8.527080 30.449810 -1.026281 -7.210100 40.474625 -0.117231 -8.637283 19.365405 5.372431 -0.194158 23.701533 -3.696120 5.719162 43.456242 1.178012 7.020673 10.566583 5.689844 -5.016964 -1.815512 -16.105870 49.351501 -2.534405 -2.202652 -28.595968 14.507776 -6.620650 30.044851
-0.371165 0.870290 8.590840 -5.962625 5.294581 0.692109 9.054898 1.906691 9.657170 -2.983674 -1.608855 48.011408 -19.982944 2.357504 11.010917 47.743231 -11.591512 -23.036947 10.380963 -6.205996 -25.032083 3.851196 3.575989 29.435035 -5.898622 8.157755 8.606121 -3.130870 1.900912 -26.215352 6.385911 -3.645099 -2.224871 1.201036 -2.392367 -2.924079 -0.063804 -0.329923 4.233210 1.350073 -5.945725 15.248367 3.529782 5.172744 -8.461202 11.355042 13.251608 11.901897 -101.497690 -30.921848 8.206732 1.675255 -3.206628 -13.075211 -5.875495 11.993084 -0.966100 -33.069437 -18.152277 -21.722575 -28.530639 -6.644358 -10.884674 -3.826775 -4.206650 -21.059126 -36.115008 -7.085308 -6.107878 -35.336742 -8.344426 -15.319158 -20.791002 -9.228273 -8.527080 -30.449810 1.026286 -7.210100 -40.474625 0.117229 -8.637283 -19.365405 -5.372419 -0.194158 -23.701533 3.696132 5.719162 -43.456242 -1.178000 7.020673 -10.566583 -5.689846 -5.016964 1.815512 16.105875 49.351501 2.534405 2.202657 -28.595968 -14.507776 6.620655 30.044851 -3.910297 -9.624738 10.038507 96.005084 15.991777 -4.833899 -12.923648 -1.965548 3.274054 8.019115 -8.316251 -7.560205 33.069437 18.152275 -21.722575 28.530639 6.644356 -10.884674 3.826775 4.206655 -21.059126 36.115008 7.085306 -6.107878 35.336742 8.344431 -15.319158 20.791002 9.228278 -8.527080 30.449810 -1.026281 -7.210100 40.474625 -0.117231 -8.637283 19.365405 5.372431 -0.194158 23.701533 -3.696120 5.719162 43.456242 1.178012 7.020673 10.566583 5.689844 -5.016964 -1.815512 -16.105870 49.351501 -2.534405 -2.202652 -28.595968 14.507776 -6.620650 30.044851
-0.376669 0.876163 8.628777 -5.930880 5.487028 0.404581 9.541598 3.925886 6.645307 -2.853733 -2.361057 55.528769 -19.953061 2.880184 10.903893 46.115422 -15.059158 -15.569244 10.445787 -5.671151 -21.985788 3.604489 3.266902 28.801214 -5.558449 7.776070 7.443517 -5.029439 1.127639 -27.726246 6.366522 -3.323445 -2.326705 1.223123 -1.793851 -2.639824 -0.115029 -0.741565 4.077559 1.797537 -5.943191 14.751330 3.865086 4.682193 -8.844092 11.340491 11.876438 11.600113 -102.073072 -29.683747 7.099408 4.075502 -0.352114 -11.027231 -6.183372 12.722849 -1.135485 -33.069437 -18.152277 -21.722575 -28.530639 -6.644358 -10.884674 -3.826775 -4.206650 -21.059126 -36.115008 -7.085308 -6.107878 -35.336742 -8.344426 -15.319158 -20.791002 -9.228273 -8.527080 -30.449810 1.026286 -7.210100 -40.474625 0.117229 -8.637283 -19.365405 -5.372419 -0.194158 -23.701533 3.696132 5.719162 -43.456242 -1.178000 7.020673 -10.566583 -5.689846 -5.016964 1.815512 16.105875 49.351501 2.534405 2.202657 -28.595968 -14.507776 6.620655 30.044851 -4.779543 -8.348305 8.584995 96.739739 16.925225 -4.911773 -11.911981 -2.141337 3.093921 7.880946 -8.319639 -8.517800 33.069437 18.152275 -21.722575 28.530639 6.644356 -10.884674 3.826775 4.206655 -21.059126 36.115008 7.085306 -6.107878 35.336742 8.344431 -15.319158 20.791002 9.228278 -8.527080 30.449810 -1.026281 -7.210100 40.474625 -0.117231 -8.637283 19.365405 5.372431 -0.194158 23.701533 -3.696120 5.719162 43.456242 1.178012 7.020673 10.566583 5.689844 -5.016964 -1.815512 -16.105870 49.351501 -2.534405 -2.202652 -28.595968 14.507776 -6.620650 30.044851
-0.382384 0.886697 8.666541 -5.109691 5.137739 0.058155 8.838193 5.613223 3.883672 -2.818717 -2.928762 59.838358 -19.310261 2.762862 9.149245 45.061490 -16.198160 -12.312365 9.762533 -4.765455 -17.998887 3.275210 3.083150 26.913643 -5.328901 7.592263 6.974373 -5.994959 0.664798 -28.986998 5.602363 -2.677473 -2.257174 1.106301 -1.228830 -2.563302 -0.105020 -0.975301 4.304931 1.961060 -6.037318 14.394991 4.289160 4.402497 -9.271229 10.222795 10.656976 10.841791 -101.447707 -28.080913 5.650564 6.286488 1.617624 -8.810036 -6.218077 13.065253 -0.772786 -33.069437 -18.152277 -21.722575 -28.530639 -6.644358 -10.884674 -3.826775 -4.206650 -21.059126 -36.115008 -7.085308 -6.107878 -35.336742 -8.344426 -15.319158 -20.791002 -9.228273 -8.527080 -30.449810 1.026286 -7.210100 -40.474625 0.117229 -8.637283 -19.365405 -5.372419 -0.194158 -23.701533 3.696132 5.719162 -43.456242 -1.178000 7.020673 -10.566583 -5.689846 -5.016964 1.815512 16.105875 49.351501 2.534405 2.202657 -28.595968 -14.507776 6.620655 30.044851 -4.387284 -7.333169 6.577136 96.355118 18.113985 -3.915242 -10.801224 -2.365763 3.405123 7.791753 -8.859333 -8.926571 33.069437 18.152275 -21.722575 28.530639 6.644356 -10.884674 3.826775 4.206655 -21.059126 36.115008 7.085306 -6.107878 35.336742 8.344431 -15.319158 20.791002 9.228278 -8.527080 30.449810 -1.026281 -7.210100 40.474625 -0.117231 -8.637283 19.365405 5.372431 -0.194158 23.701533 -3.696120 5.719162 43.456242 1.178012 7.020673 10.566583 5.689844 -5.016964 -1.815512 -16.105870 49.351501 -2.534405 -2.202652 -28.595968 14.507776 -6.620650 30.044851
-0.387910 0.898426 8.706628 -3.713925 4.234283 -0.400138 7.213940 6.393005 0.935950 -3.103402 -2.661114 61.596545 -18.333544 2.641906 6.613262 44.705630 -15.385962 -12.404469 8.544732 -3.494541 -13.313203 2.858581 2.996099 24.241000 -5.089689 7.511674 7.060535 -6.510712 0.461812 -30.153373 4.287057 -1.814232 -2.019164 0.900251 -0.723718 -2.667465 -0.009466 -1.069612 4.816666 1.754926 -6.245905 14.251389 4.768277 4.479616 -9.558229 8.723555 9.750220 9.987070 -100.110561 -25.925271 3.798497 7.972251 2.434261 -7.175535 -6.252448 13.247134 -0.225127 -33.069437 -18.152277 -21.722575 -28.530639 -6.644358 -10.884674 -3.826775 -4.206650 -21.059126 -36.115008 -7.085308 -6.107878 -35.336742 -8.344426 -15.319158 -20.791002 -9.228273 -8.527080 -30.449810 1.026286 -7.210100 -40.474625 0.117229 -8.637283 -19.365405 -5.372419 -0.194158 -23.701533 3.696132 5.719162 -43.456242 -1.178000 7.020673 -10.566583 -5.689846 -5.016964 1.815512 16.105875 49.351501 2.534405 2.202657 -28.595968 -14.507776 6.620655 30.044851 -3.238092 -6.740090 4.468891 95.225391 19.562375 -2.193628 -9.722966 -2.473626 4.248111 7.670747 -9.868904 -8.821665 33.069437 18.152275 -21.722575 28.530639 6.644356 -10.884674 3.826775 4.206655 -21.059126 36.115008 7.085306 -6.107878 35.336742 8.344431 -15.319158 20.791002 9.228278 -8.527080 30.449810 -1.026281 -7.210100 40.474625 -0.117231 -8.637283 19.365405 5.372431 -0.194158 23.701533 -3.696120 5.719162 43.456242 1.178012 7.020673 10.566583 5.689844 -5.016964 -1.815512 -16.105870 49.351501 -2.534405 -2.202652 -28.595968 14.507776 -6.620650 30.044851
-0.393353 0.908746 8.747946 -2.108791 3.008216 -0.826924 5.138012 6.236573 -2.599056 -3.530733 -1.526203 61.179029 -17.336294 2.850001 4.017443 44.540541 -13.520705 -14.206647 7.146978 -2.197754 -8.550214 2.376306 2.983696 21.287398 -4.836394 7.593520 7.475061 -6.792577 0.469004 -31.343369 2.732864 -0.892635 -1.756709 0.713968 -0.314173 -2.866727 0.131734 -1.114889 5.441954 1.322860 -6.511654 14.243477 5.206502 4.828359 -9.720689 7.386697 9.063759 9.155062 -98.579417 -23.236854 1.579065 9.023939 2.395937 -6.482433 -6.466937 13.548161 0.205387 -33.069437 -18.152277 -21.722575 -28.530639 -6.644358 -10.884674 -3.826775 -4.206650 -21.059126 -36.115008 -7.085308 -6.107878 -35.336742 -8.344426 -15.319158 -20.791002 -9.228273 -8.527080 -30.449810 1.026286 -7.210100 -40.474625 0.117229 -8.637283 -19.365405 -5.372419 -0.194158 -23.701533 3.696132 5.719162 -43.456242 -1.178000 7.020673 -10.566583 -5.689846 -5.016964 1.815512 16.105875 49.351501 2.534405 2.202657 -28.595968 -14.507776 6.620655 30.044851 -1.852683 -6.491723 2.374857 93.742530 21.109351 -0.366464 -8.555375 -2.368782 5.263391 7.407672 -11.136607 -8.489952 33.069437 18.152275 -21.722575 28.530639 6.644356 -10.884674 3.826775 4.206655 -21.059126 36.115008 7.085306 -6.107878 35.336742 8.344431 -15.319158 20.791002 9.228278 -8.527080 30.449810 -1.026281 -7.210100 40.474625 -0.117231 -8.637283 19.365405 5.372431 -0.194158 23.701533 -3.696120 5.719162 43.456242 1.178012 7.020673 10.566583 5.689844 -5.016964 -1.815512 -16.105870 49.351501 -2.534405 -2.202652 -28.595968 14.507776 -6.620650 30.044851
-0.397694 0.916215 8.787174 -0.661115 1.763660 -0.961524 3.089202 5.815806 -6.873849 -3.668454 -0.135536 58.591364 -16.483415 3.044163 1.879183 44.084534 -11.808425 -15.705521 5.859103 -1.061696 -4.308278 1.918005 2.841409 18.382368 -4.703495 7.901521 7.927758 -6.813921 0.677947 -32.607002 1.266611 -0.049421 -1.647171 0.600598 -0.017155 -3.090880 0.295963 -1.193798 6.011804 0.885753 -6.720467 14.276371 5.491043 5.228505 -9.834496 6.447211 8.474307 8.453507 -97.288907 -20.305624 -0.776524 9.649280 2.050432 -6.519484 -6.799020 13.927510 0.486596 -33.069437 -18.152277 -21.722575 -28.530639 -6.644358 -10.884674 -3.826775 -4.206650 -21.059126 -36.115008 -7.085308 -6.107878 -35.336742 -8.344426 -15.319158 -20.791002 -9.228273 -8.527080 -30.449810 1.026286 -7.210100 -40.474625 0.117229 -8.637283 -19.365405 -5.372419 -0.194158 -23.701533 3.696132 5.719162 -43.456242 -1.178000 7.020673 -10.566583 -5.689846 -5.016964 1.815512 16.105875 49.351501 2.534405 2.202657 -28.595968 -14.507776 6.620655 30.044851 -0.546222 -6.457641 0.314063 92.155002 22.565445 1.160999 -7.154202 -1.981039 5.882985 7.041800 -12.298265 -8.250959 33.069437 18.152275 -21.722575 28.530639 6.644356 -10.884674 3.826775 4.206655 -21.059126 36.115008 7.085306 -6.107878 35.336742 8.344431 -15.319158 20.791002 9.228278 -8.527080 30.449810 -1.026281 -7.210100 40.474625 -0.117231 -8.637283 19.365405 5.372431 -0.194158 23.701533 -3.696120 5.719162 43.456242 1.178012 7.020673 10.566583 5.689844 -5.016964 -1.815512 -16.105870 49.351501 -2.534405 -2.202652 -28.595968 14.507776 -6.620650 30.044851
-0.401024 0.920164 8.823879 0.372082 0.740976 -0.660574 1.217858 5.918177 -11.636214 -3.403628 0.596879 53.639859 -15.851872 3.054040 0.561037 42.952515 -11.387364 -14.652924 4.886612 0.032760 -0.750371 1.578880 2.303224 15.575085 -4.825892 8.374887 8.165619 -6.540483 0.977034 -33.849465 0.133804 0.623995 -1.757603 0.555662 0.187170 -3.305899 0.481266 -1.363303 6.436393 0.640846 -6.738027 14.292601 5.566974 5.433616 -9.925434 5.833855 7.959079 7.988599 -96.454285 -17.549499 -2.981050 10.150564 1.731408 -6.878463 -7.046447 14.185534 0.753985 -33.069437 -18.152277 -21.722575 -28.530639 -6.644358 -10.884674 -3.826775 -4.206650 -21.059126 -36.115008 -7.085308 -6.107878 -35.336742 -8.344426 -15.319158 -20.791002 -9.228273 -8.527080 -30.449810 1.026286 -7.210100 -40.474625 0.117229 -8.637283 -19.365405 -5.372419 -0.194158 -23.701533 3.696132 5.719162 -43.456242 -1.178000 7.020673 -10.566583 -5.689846 -5.016964 1.815512 16.105875 49.351501 2.534405 2.202657 -28.595968 -14.507776 6.620655 30.044851 0.649536 -6.541276 -1.679428 90.558036 23.802973 2.302040 -5.515627 -1.103503 5.806717 6.698085 -13.045392 -8.233732 33.069437 18.152275 -21.722575 28.530639 6.644356 -10.884674 3.826775 4.206655 -21.059126 36.115008 7.085306 -6.107878 35.336742 8.344431 -15.319158 20.791002 9.228278 -8.527080 30.449810 -1.026281 -7.210100 40.474625 -0.117231 -8.637283 19.365405 5.372431 -0.194158 23.701533 -3.696120 5.719162 43.456242 1.178012 7.020673 10.566583 5.689844 -5.016964 -1.815512 -16.105870 49.351501 -2.534405 -2.202652 -28.595968 14.507776 -6.620650 30.044851
-0.402679 0.919727 8.860238 0.827789 0.059808 0.025986 -0.498123 6.577236 -16.168987 -2.799717 0.303099 45.910694 -15.429271 3.046137 0.164260 41.102344 -12.106453 -10.887241 4.433054 1.188865 2.294287 1.390495 1.379147 12.862984 -5.371035 8.891078 8.004518 -5.658199 1.262174 -34.992712 -0.481752 1.117893 -2.056474 0.558799 0.289124 -3.457683 0.665518 -1.615235 6.684540 0.627079 -6.565619 14.277296 5.495211 5.363190 -10.007840 5.492076 7.592857 7.848980 -96.122564 -15.196588 -4.793150 10.691362 1.545346 -7.443540 -7.102705 14.237416 1.161808 -33.069437 -18.152277 -21.722575 -28.530639 -6.644358 -10.884674 -3.826775 -4.206650 -21.059126 -36.115008 -7.085308 -6.107878 -35.336742 -8.344426 -15.319158 -20.791002 -9.228273 -8.527080 -30.449810 1.026286 -7.210100 -40.474625 0.117229 -8.637283 -19.365405 -5.372419 -0.194158 -23.701533 3.696132 5.719162 -43.456242 -1.178000 7.020673 -10.566583 -5.689846 -5.016964 1.815512 16.105875 49.351501 2.534405 2.202657 -28.595968 -14.507776 6.620655 30.044851 1.701834 -6.843840 -3.432070 89.092045 24.861051 3.253806 -3.734387 0.452919 5.164595 6.424265 -13.319399 -8.308946 33.069437 18.152275 -21.722575 28.530639 6.644356 -10.884674 3.826775 4.206655 -21.059126 36.115008 7.085306 -6.107878 35.336742 8.344431 -15.319158 20.791002 9.228278 -8.527080 30.449810 -1.026281 -7.210100 40.474625 -0.117231 -8.637283 19.365405 5.372431 -0.194158 23.701533 -3.696120 5.719162 43.456242 1.178012 7.020673 10.566583 5.689844 -5.016964 -1.815512 -16.105870 49.351501 -2.534405 -2.202652 -28.595968 14.507776 -6.620650 30.044851
-0.402618 0.914648 8.898255 0.618132 -0.345947 0.894137 -1.792802 7.181707 -19.588743 -1.917533 -0.503444 35.276752 -15.075494 2.960111 0.474923 38.879882 -12.964516 -6.209322 4.645712 2.246950 5.094838 1.317805 0.416904 10.451881 -6.424501 9.352697 7.317482 -3.776926 1.544752 -36.116517 -0.449171 1.507910 -2.490251 0.604318 0.260622 -3.427992 0.774516 -1.887759 6.752230 0.734194 -6.364019 14.236725 5.366212 5.164466 -10.096968 5.565885 7.504447 8.118965 -96.273702 -13.251084 -6.015576 11.231320 1.497631 -8.425468 -7.050320 14.081401 1.758384 -33.069437 -18.152277 -21.722575 -28.530639 -6.644358 -10.884674 -3.826775 -4.206650 -21.059126 -36.115008 -7.085308 -6.107878 -35.336742 -8.344426 -15.319158 -20.791002 -9.228273 -8.527080 -30.449810 1.026286 -7.210100 -40.474625 0.117229 -8.637283 -19.365405 -5.372419 -0.194158 -23.701533 3.696132 5.719162 -43.456242 -1.178000 7.020673 -10.566583 -5.689846 -5.016964 1.815512 16.105875 49.351501 2.534405 2.202657 -28.595968 -14.507776 6.620655 30.044851 2.361829 -7.592975 -4.646684 88.047579 25.891426 4.296804 -1.990987 2.617871 4.252730 6.185297 -13.257852 -8.267839 33.069437 18.152275 -21.722575 28.530639 6.644356 -10.884674 3.826775 4.206655 -21.059126 36.115008 7.085306 -6.107878 35.336742 8.344431 -15.319158 20.791002 9.228278 -8.527080 30.449810 -1.026281 -7.210100 40.474625 -0.117231 -8.637283 19.365405 5.372431 -0.194158 23.701533 -3.696120 5.719162 43.456242 1.178012 7.020673 10.566583 5.689844 -5.016964 -1.815512 -16.105870 49.351501 -2.534405 -2.202652 -28.595968 14.507776 -6.620650 30.044851
-0.401462 0.906045 8.941248 -0.086255 -0.665948 1.660212 -2.394621 7.440674 -21.591987 -1.102994 -1.326994 22.990707 -14.663614 2.376738 0.962827 36.565947 -13.458926 -1.893434 5.328400 2.901296 7.977555 1.298768 -0.177323 8.628506 -7.701646 9.721930 6.219779 -1.187382 1.850977 -37.460965 0.073857 1.897409 -2.949489 0.711688 0.135787 -3.180528 0.726677 -2.118722 6.714016 0.810478 -6.299379 14.183538 5.239222 5.058454 -10.175857 6.111675 7.754091 8.772195 -96.694619 -11.661043 -6.639282 11.613099 1.514016 -9.944050 -7.034213 13.687463 2.437065 -33.069437 -18.152277 -21.722575 -28.530639 -6.644358 -10.884674 -3.826775 -4.206650 -21.059126 -36.115008 -7.085308 -6.107878 -35.336742 -8.344426 -15.319158 -20.791002 -9.228273 -8.527080 -30.449810 1.026286 -7.210100 -40.474625 0.117229 -8.637283 -19.365405 -5.372419 -0.194158 -23.701533 3.696132 5.719162 -43.456242 -1.178000 7.020673 -10.566583 -5.689846 -5.016964 1.815512 16.105875 49.351501 2.534405 2.202657 -28.595968 -14.507776 6.620655 30.044851 2.412241 -8.782357 -5.173198 87.608507 26.906788 5.464213 -0.487055 5.026926 3.302281 5.936236 -13.002294 -8.022699 33.069437 18.152275 -21.722575 28.530639 6.644356 -10.884674 3.826775 4.206655 -21.059126 36.115008 7.085306 -6.107878 35.336742 8.344431 -15.319158 20.791002 9.228278 -8.527080 30.449810 -1.026281 -7.210100 40.474625 -0.117231 -8.637283 19.365405 5.372431 -0.194158 23.701533 -3.696120 5.719162 43.456242 1.178012 7.020673 10.566583 5.689844 -5.016964 -1.815512 -16.105870 49.351501 -2.534405 -2.202652 -28.595968 14.507776 -6.620650 30.044851
-0.399769 0.895730 8.988259 -0.696232 -1.010374 2.126330 -2.762425 7.704702 -23.021221 -0.758857 -2.592307 12.278763 -14.254490 1.017018 1.239116 34.247917 -13.524899 1.791466 5.776176 2.924573 11.156850 1.306666 -0.165131 7.415385 -8.578980 9.977563 5.264625 0.916801 2.090170 -39.338399 0.442331 2.295417 -3.219568 0.881734 0.007905 -2.931828 0.542550 -2.253113 6.730672 0.753287 -6.410178 14.150463 5.178581 5.136291 -10.156730 6.632398 8.182958 9.511166 -96.851413 -10.432900 -6.949547 11.752876 1.471191 -11.611453 -7.129243 13.097000 2.992282 -33.069437 -18.152277 -21.722575 -28.530639 -6.644358 -10.884674 -3.826775 -4.206650 -21.059126 -36.115008 -7.085308 -6.107878 -35.336742 -8.344426 -15.319158 -20.791002 -9.228273 -8.527080 -30.449810 1.026286 -7.210100 -40.474625 0.117229 -8.637283 -19.365405 -5.372419 -0.194158 -23.701533 3.696132 5.719162 -43.456242 -1.178000 7.020673 -10.566583 -5.689846 -5.016964 1.815512 16.105875 49.351501 2.534405 2.202657 -28.595968 -14.507776 6.620655 30.044851 2.140913 -9.979963 -5.190656 87.478905 27.666879 6.357339 0.671482 7.216439 2.509216 5.644379 -12.529133 -7.620954 33.069437 18.152275 -21.722575 28.530639 6.644356 -10.884674 3.826775 4.206655 -21.059126 36.115008 7.085306 -6.107878 35.336742 8.344431 -15.319158 20.791002 9.228278 -8.527080 30.449810 -1.026281 -7.210100 40.474625 -0.117231 -8.637283 19.365405 5.372431 -0.194158 23.701533 -3.696120 5.719162 43.456242 1.178012 7.020673 10.566583 5.689844 -5.016964 -1.815512 -16.105870 49.351501 -2.534405 -2.202652 -28.595968 14.507776 -6.620650 30.044851
-0.397845 0.888108 9.036958 -0.600401 -1.339678 2.304506 -3.670928 8.032134 -25.024695 -0.779262 -4.343349 6.545767 -13.844711 -0.794683 1.723647 32.158532 -13.214289 4.663439 5.254939 2.329500 14.370552 1.363848 0.404814 6.863396 -8.517668 10.048775 5.106358 1.167793 2.113919 -41.952811 0.000281 2.598596 -3.132595 1.048480 -0.031355 -3.030195 0.338551 -2.224085 6.926659 0.496325 -6.609981 14.218032 5.237799 5.328028 -9.889486 6.334618 8.481383 9.928826 -96.263102 -9.662871 -7.361950 11.747138 1.297916 -12.672866 -7.283019 12.533236 3.209525 -33.069437 -18.152277 -21.722575 -28.530639 -6.644358 -10.884674 -3.826775 -4.206650 -21.059126 -36.115008 -7.085308 -6.107878 -35.336742 -8.344426 -15.319158 -20.791002 -9.228273 -8.527080 -30.449810 1.026286 -7.210100 -40.474625 0.117229 -8.637283 -19.365405 -5.372419 -0.194158 -23.701533 3.696132 5.719162 -43.456242 -1.178000 7.020673 -10.566583 -5.689846 -5.016964 1.815512 16.105875 49.351501 2.534405 2.202657 -28.595968 -14.507776 6.620655 30.044851 2.211346 -10.646241 -5.047981 87.117096 27.917137 6.456622 1.491100 8.860486 2.051106 5.234296 -11.767676 -7.143778 33.069437 18.152275 -21.722575 28.530639 6.644356 -10.884674 3.826775 4.206655 -21.059126 36.115008 7.085306 -6.107878 35.336742 8.344431 -15.319158 20.791002 9.228278 -8.527080 30.449810 -1.026281 -7.210100 40.474625 -0.117231 -8.637283 19.365405 5.372431 -0.194158 23.701533 -3.696120 5.719162 43.456242 1.178012 7.020673 10.566583 5.689844 -5.016964 -1.815512 -16.105870 49.351501 -2.534405 -2.202652 -28.595968 14.507776 -6.620650 30.044851
-0.395686 0.884082 9.086331 0.225260 -1.579752 2.291948 -5.216081 7.923944 -27.685671 -0.863408 -5.480254 6.911887 -13.251937 -2.297134 3.296090 30.616091 -12.791548 6.419417 3.691838 1.287439 16.965340 1.503341 1.195484 7.621505 -7.345115 9.983656 5.960627 -0.982063 1.804935 -45.319104 -1.215386 2.763777 -2.768777 1.130036 0.063557 -3.553084 0.177123 -1.992043 7.221781 0.010735 -6.860294 14.492610 5.438715 5.555228 -9.277492 5.121910 8.520821 9.983350 -95.064144 -9.558820 -7.993493 11.759789 1.085449 -12.684752 -7.358760 12.183632 3.040223 -33.069437 -18.152277 -21.722575 -28.530639 -6.644358 -10.884674 -3.826775 -4.206650 -21.059126 -36.115008 -7.085308 -6.107878 -35.336742 -8.344426 -15.319158 -20.791002 -9.228273 -8.527080 -30.449810 1.026286 -7.210100 -40.474625 0.117229 -8.637283 -19.365405 -5.372419 -0.194158 -23.701533 3.696132 5.719162 -43.456242 -1.178000 7.020673 -10.566583 -5.689846 -5.016964 1.815512 16.105875 49.351501 2.534405 2.202657 -28.595968 -14.507776 6.620655 30.044851 2.810949 -10.727090 -4.760033 86.484825 27.657699 5.635975 1.980100 9.821097 1.933468 4.684225 -10.835881 -6.696625 33.069437 18.152275 -21.722575 28.530639 6.644356 -10.884674 3.826775 4.206655 -21.059126 36.115008 7.085306 -6.107878 35.336742 8.344431 -15.319158 20.791002 9.228278 -8.527080 30.449810 -1.026281 -7.210100 40.474625 -0.117231 -8.637283 19.365405 5.372431 -0.194158 23.701533 -3.696120 5.719162 43.456242 1.178012 7.020673 10.566583 5.689844 -5.016964 -1.815512 -16.105870 49.351501 -2.534405 -2.202652 -28.595968 14.507776 -6.620650 30.044851
-0.392807 0.881207 9.137456 1.321040 -1.751094 2.081729 -6.756607 7.303592 -30.070632 -0.944644 -5.662764 12.018689 -12.357484 -2.738357 5.850245 29.869295 -12.395302 6.605452 1.522940 -0.123071 18.619960 1.732166 1.756597 10.562329 -5.036770 10.160981 7.838631 -5.154814 0.978550 -49.383709 -2.594674 2.878558 -2.379463 1.084880 0.268559 -4.167462 -0.009244 -1.598234 7.383306 -0.663807 -7.204010 14.999802 5.744767 5.847812 -8.319959 3.857494 8.462081 10.103797 -94.018428 -10.369755 -8.546739 11.934258 0.891656 -11.855851 -7.315322 11.998951 2.567200 -33.069437 -18.152277 -21.722575 -28.530639 -6.644358 -10.884674 -3.826775 -4.206650 -21.059126 -36.115008 -7.085308 -6.107878 -35.336742 -8.344426 -15.319158 -20.791002 -9.228273 -8.527080 -30.449810 1.026286 -7.210100 -40.474625 0.117229 -8.637283 -19.365405 -5.372419 -0.194158 -23.701533 3.696132 5.719162 -43.456242 -1.178000 7.020673 -10.566583 -5.689846 -5.016964 1.815512 16.105875 49.351501 2.534405 2.202657 -28.595968 -14.507776 6.620655 30.044851 3.283320 -10.642723 -3.916176 86.276914 27.103730 4.250539 2.010029 9.958657 2.043246 4.145093 -9.984771 -6.424123 33.069437 18.152275 -21.722575 28.530639 6.644356 -10.884674 3.826775 4.206655 -21.059126 36.115008 7.085306 -6.107878 35.336742 8.344431 -15.319158 20.791002 9.228278 -8.527080 30.449810 -1.026281 -7.210100 40.474625 -0.117231 -8.637283 19.365405 5.372431 -0.194158 23.701533 -3.696120 5.719162 43.456242 1.178012 7.020673 10.566583 5.689844 -5.016964 -1.815512 -16.105870 49.351501 -2.534405 -2.202652 -28.595968 14.507776 -6.620650 30.044851
-0.388935 0.876332 9.189648 2.143137 -1.960877 1.646252 -7.547345 6.565139 -31.113735 -1.203837 -5.668754 18.691643 -11.240551 -1.731307 7.868362 30.093014 -11.889554 4.523230 -0.648658 -1.601110 19.316009 2.047011 1.608478 16.536629 -1.658812 10.936023 10.840618 -10.198569 -0.604599 -53.638579 -3.441475 3.059784 -2.258160 0.929554 0.508264 -4.343538 -0.358563 -1.165467 7.138740 -1.476794 -7.678776 15.650132 6.047263 6.359264 -7.136300 3.893571 8.669241 10.893914 -94.138564 -12.226603 -8.485417 12.340402 0.663624 -10.837942 -7.344453 11.825949 1.962282 -33.069437 -18.152277 -21.722575 -28.530639 -6.644358 -10.884674 -3.826775 -4.206650 -21.059126 -36.115008 -7.085308 -6.107878 -35.336742 -8.344426 -15.319158 -20.791002 -9.228273 -8.527080 -30.449810 1.026286 -7.210100 -40.474625 0.117229 -8.637283 -19.365405 -5.372419 -0.194158 -23.701533 3.696132 5.719162 -43.456242 -1.178000 7.020673 -10.566583 -5.689846 -5.016964 1.815512 16.105875 49.351501 2.534405 2.202657 -28.595968 -14.507776 6.620655 30.044851 2.446743 -10.894340 -2.011272 87.497182 26.652050 2.884481 1.354378 9.035537 2.268014 3.964569 -9.473846 -6.396251 33.069437 18.152275 -21.722575 28.530639 6.644356 -10.884674 3.826775 4.206655 -21.059126 36.115008 7.085306 -6.107878 35.336742 8.344431 -15.319158 20.791002 9.228278 -8.527080 30.449810 -1.026281 -7.210100 40.474625 -0.117231 -8.637283 19.365405 5.372431 -0.194158 23.701533 -3.696120 5.719162 43.456242 1.178012 7.020673 10.566583 5.689844 -5.016964 -1.815512 -16.105870 49.351501 -2.534405 -2.202652 -28.595968 14.507776 -6.620650 30.044851
-0.384149 0.868402 9.241302 2.712219 -2.295768 1.101075 -7.727851 5.982067 -30.595952 -1.781110 -5.931450 24.037452 -10.205934 0.272199 8.019568 31.114442 -11.408087 0.414939 -2.630604 -2.552945 18.634173 2.368852 0.589482 26.125176 2.316630 11.891956 14.764564 -14.480807 -2.699425 -55.910098 -3.776914 3.252737 -2.442116 0.768024 0.728476 -3.875995 -0.906301 -0.788577 6.403226 -2.389134 -8.236120 16.273622 6.178221 7.254278 -5.995217 5.990557 9.176136 12.509194 -95.933053 -14.909296 -7.511381 12.847913 0.433501 -10.112875 -7.620022 11.719514 1.419846 -33.069437 -18.152277 -21.722575 -28.530639 -6.644358 -10.884674 -3.826775 -4.206650 -21.059126 -36.115008 -7.085308 -6.107878 -35.336742 -8.344426 -15.319158 -20.791002 -9.228273 -8.527080 -30.449810 1.026286 -7.210100 -40.474625 0.117229 -8.637283 -19.365405 -5.372419 -0.194158 -23.701533 3.696132 5.719162 -43.456242 -1.178000 7.020673 -10.566583 -5.689846 -5.016964 1.815512 16.105875 49.351501 2.534405 2.202657 -28.595968 -14.507776 6.620655 30.044851 -0.207281 -11.368007 0.875436 90.433781 26.664467 1.966756 -0.106680 6.901594 2.566969 4.447609 -9.530789 -6.606417 33.069437 18.152275 -21.722575 28.530639 6.644356 -10.884674 3.826775 4.206655 -21.059126 36.115008 7.085306 -6.107878 35.336742 8.344431 -15.319158 20.791002 9.228278 -8.527080 30.449810 -1.026281 -7.210100 40.474625 -0.117231 -8.637283 19.365405 5.372431 -0.194158 23.701533 -3.696120 5.719162 43.456242 1.178012 7.020673 10.566583 5.689844 -5.016964 -1.815512 -16.105870 49.351501 -2.534405 -2.202652 -28.595968 14.507776 -6.620650 30.044851
-0.379546 0.860010 9.288088 3.598903 -2.743507 0.617323 -8.210776 5.583313 -29.165253 -2.432023 -6.106583 27.224168 -9.594380 2.220285 6.651937 32.374000 -11.469873 -3.746703 -4.858144 -3.092885 16.258941 2.443142 -0.531475 38.307618 5.875023 12.189725 18.618901 -16.758552 -4.207886 -53.471802 -4.338393 3.238188 -2.582338 0.718095 0.913807 -3.140751 -1.505617 -0.443304 5.457291 -3.294708 -8.709725 16.701291 6.000354 8.492742 -5.236890 9.130968 9.482894 14.224087 -98.636702 -17.886187 -5.939054 13.080582 0.361504 -9.671924 -7.951376 11.911197 0.965097 -33.069437 -18.152277 -21.722575 -28.530639 -6.644358 -10.884674 -3.826775 -4.206650 -21.059126 -36.115008 -7.085308 -6.107878 -35.336742 -8.344426 -15.319158 -20.791002 -9.228273 -8.527080 -30.449810 1.026286 -7.210100 -40.474625 0.117229 -8.637283 -19.365405 -5.372419 -0.194158 -23.701533 3.696132 5.719162 -43.456242 -1.178000 7.020673 -10.566583 -5.689846 -5.016964 1.815512 16.105875 49.351501 2.534405 2.202657 -28.595968 -14.507776 6.620655 30.044851 -3.286760 -11.305115 3.655161 93.948972 27.064607 1.475416 -2.193535 3.897705 3.025089 5.492670 -10.169234 -7.088062 33.069437 18.152275 -21.722575 28.530639 6.644356 -10.884674 3.826775 4.206655 -21.059126 36.115008 7.085306 -6.107878 35.336742 8.344431 -15.319158 20.791002 9.228278 -8.527080 30.449810 -1.026281 -7.210100 40.474625 -0.117231 -8.637283 19.365405 5.372431 -0.194158 23.701533 -3.696120 5.719162 43.456242 1.178012 7.020673 10.566583 5.689844 -5.016964 -1.815512 -16.105870 49.351501 -2.534405 -2.202652 -28.595968 14.507776 -6.620650 30.044851
-0.375327 0.855565 9.327620 4.631670 -3.189122 0.248284 -8.945543 5.226805 -27.257226 -2.808277 -5.877191 28.530496 -9.506797 3.510522 4.884830 33.694126 -12.116371 -6.679488 -6.969708 -4.002133 12.879121 2.071625 -0.702851 50.136587 8.012727 11.742573 20.877569 -16.643221 -4.210112 -46.592023 -5.055857 2.958656 -2.492471 0.733623 1.027994 -2.490996 -2.001626 -0.121834 4.643236 -3.993776 -8.904747 16.874990 5.510337 9.755043 -5.092016 11.482973 9.472252 15.186861 -100.815354 -20.798668 -4.046163 12.698018 0.549102 -9.441946 -8.000082 12.406973 0.567645 -33.069437 -18.152277 -21.722575 -28.530639 -6.644358 -10.884674 -3.826775 -4.206650 -21.059126 -36.115008 -7.085308 -6.107878 -35.336742 -8.344426 -15.319158 -20.791002 -9.228273 -8.527080 -30.449810 1.026286 -7.210100 -40.474625 0.117229 -8.637283 -19.365405 -5.372419 -0.194158 -23.701533 3.696132 5.719162 -43.456242 -1.178000 7.020673 -10.566583 -5.689846 -5.016964 1.815512 16.105875 49.351501 2.534405 2.202657 -28.595968 -14.507776 6.620655 30.044851 -5.006013 -10.566471 5.328290 96.575064 27.403493 1.140642 -4.443005 0.877122 3.727729 6.705555 -11.074623 -7.800629 33.069437 18.152275 -21.722575 28.530639 6.644356 -10.884674 3.826775 4.206655 -21.059126 36.115008 7.085306 -6.107878 35.336742 8.344431 -15.319158 20.791002 9.228278 -8.527080 30.449810 -1.026281 -7.210100 40.474625 -0.117231 -8.637283 19.365405 5.372431 -0.194158 23.701533 -3.696120 5.719162 43.456242 1.178012 7.020673 10.566583 5.689844 -5.016964 -1.815512 -16.105870 49.351501 -2.534405 -2.202652 -28.595968 14.507776 -6.620650 30.044851
-0.371592 0.858594 9.361011 5.028283 -3.412162 -0.016662 -9.135551 4.801223 -24.750434 -2.777726 -5.404972 28.165771 -9.840456 4.127807 3.553472 35.117834 -12.878244 -8.411899 -7.897691 -5.461574 9.458694 1.281996 -0.021499 58.873444 8.541356 11.109968 20.645504 -14.653140 -2.816617 -38.793463 -5.177969 2.483316 -2.300619 0.729992 1.008562 -1.996074 -2.340093 0.114080 4.121191 -4.319791 -8.749381 16.879520 4.812345 10.652885 -5.507442 12.196180 9.465852 15.076627 -101.630346 -23.523490 -1.818186 11.601466 0.989656 -9.391146 -7.633430 13.046121 0.259244 -33.069437 -18.152277 -21.722575 -28.530639 -6.644358 -10.884674 -3.826775 -4.206650 -21.059126 -36.115008 -7.085308 -6.107878 -35.336742 -8.344426 -15.319158 -20.791002 -9.228273 -8.527080 -30.449810 1.026286 -7.210100 -40.474625 0.117229 -8.637283 -19.365405 -5.372419 -0.194158 -23.701533 3.696132 5.719162 -43.456242 -1.178000 7.020673 -10.566583 -5.689846 -5.016964 1.815512 16.105875 49.351501 2.534405 2.202657 -28.595968 -14.507776 6.620655 30.044851 -5.073786 -9.646417 5.849254 97.711962 27.193123 0.636843 -6.321352 -1.417344 4.572068 7.667940 -11.903112 -8.495698 33.069437 18.152275 -21.722575 28.530639 6.644356 -10.884674 3.826775 4.206655 -21.059126 36.115008 7.085306 -6.107878 35.336742 8.344431 -15.319158 20.791002 9.228278 -8.527080 30.449810 -1.026281 -7.210100 40.474625 -0.117231 -8.637283 19.365405 5.372431 -0.194158 23.701533 -3.696120 5.719162 43.456242 1.178012 7.020673 10.566583 5.689844 -5.016964 -1.815512 -16.105870 49.351501 -2.534405 -2.202652 -28.595968 14.507776 -6.620650 30.044851
-0.368558 0.869090 9.392333 4.423709 -3.167026 -0.202644 -8.410861 4.283761 -21.422644 -2.396685 -4.938272 26.329563 -10.395975 4.200316 2.997140 36.431314 -13.412911 -9.410281 -7.255015 -6.863648 6.187844 0.266951 0.504050 63.825222 7.916369 10.602546 18.310791 -12.026288 -0.978723 -33.624898 -4.349822 1.828308 -2.125334 0.705705 0.795392 -1.630551 -2.552807 0.216902 3.896370 -4.257884 -8.307044 16.880698 4.033722 11.013314 -6.208876 11.436120 9.637789 13.969193 -101.072825 -25.926146 0.691447 9.912917 1.499967 -9.442451 -6.991265 13.723512 0.031363 -33.069437 -18.152277 -21.722575 -28.530639 -6.644358 -10.884674 -3.826775 -4.206650 -21.059126 -36.115008 -7.085308 -6.107878 -35.336742 -8.344426 -15.319158 -20.791002 -9.228273 -8.527080 -30.449810 1.026286 -7.210100 -40.474625 0.117229 -8.637283 -19.365405 -5.372419 -0.194158 -23.701533 3.696132 5.719162 -43.456242 -1.178000 7.020673 -10.566583 -5.689846 -5.016964 1.815512 16.105875 49.351501 2.534405 2.202657 -28.595968 -14.507776 6.620655 30.044851 -4.160356 -8.950243 5.731954 97.548960 26.139731 -0.211565 -7.472995 -2.765548 5.231653 8.124037 -12.446282 -8.869714 33.069437 18.152275 -21.722575 28.530639 6.644356 -10.884674 3.826775 4.206655 -21.059126 36.115008 7.085306 -6.107878 35.336742 8.344431 -15.319158 20.791002 9.228278 -8.527080 30.449810 -1.026281 -7.210100 40.474625 -0.117231 -8.637283 19.365405 5.372431 -0.194158 23.701533 -3.696120 5.719162 43.456242 1.178012 7.020673 10.566583 5.689844 -5.016964 -1.815512 -16.105870 49.351501 -2.534405 -2.202652 -28.595968 14.507776 -6.620650 30.044851
-0.365537 0.882566 9.424556 3.039857 -2.398343 -0.315249 -6.933609 3.612981 -17.436705 -1.809669 -4.459134 23.466448 -10.987170 3.884645 3.112434 37.335638 -13.684083 -10.122631 -5.507189 -7.611567 2.704206 -0.436053 0.278702 65.599036 6.534125 10.054157 14.952196 -9.939885 0.250343 -32.139059 -2.771480 1.018049 -2.016526 0.679031 0.380171 -1.361604 -2.708045 0.181774 3.860212 -3.906932 -7.692819 16.994557 3.290270 10.929439 -6.888639 9.761505 9.926658 12.172230 -99.547282 -27.897325 3.207600 7.850999 1.703950 -9.531567 -6.304242 14.356241 -0.161609 -33.069437 -18.152277 -21.722575 -28.530639 -6.644358 -10.884674 -3.826775 -4.206650 -21.059126 -36.115008 -7.085308 -6.107878 -35.336742 -8.344426 -15.319158 -20.791002 -9.228273 -8.527080 -30.449810 1.026286 -7.210100 -40.474625 0.117229 -8.637283 -19.365405 -5.372419 -0.194158 -23.701533 3.696132 5.719162 -43.456242 -1.178000 7.020673 -10.566583 -5.689846 -5.016964 1.815512 16.105875 49.351501 2.534405 2.202657 -28.595968 -14.507776 6.620655 30.044851 -2.942987 -8.602450 5.487378 96.613777 24.328952 -1.308425 -7.912942 -3.365840 5.371512 8.127107 -12.637801 -8.838878 33.069437 18.152275 -21.722575 28.530639 6.644356 -10.884674 3.826775 4.206655 -21.059126 36.115008 7.085306 -6.107878 35.336742 8.344431 -15.319158 20.791002 9.228278 -8.527080 30.449810 -1.026281 -7.210100 40.474625 -0.117231 -8.637283 19.365405 5.372431 -0.194158 23.701533 -3.696120 5.719162 43.456242 1.178012 7.020673 10.566583 5.689844 -5.016964 -1.815512 -16.105870 49.351501 -2.534405 -2.202652 -28.595968 14.507776 -6.620650 30.044851
-0.363550 0.896021 9.458971 1.373821 -1.274893 -0.282989 -5.127426 2.721983 -13.346007 -1.210323 -3.857763 20.201741 -11.504308 3.361651 3.564682 37.753454 -13.801330 -10.771818 -3.395144 -7.503104 -1.278643 -0.337613 -0.614544 64.704513 4.641712 9.224193 11.607100 -8.671914 0.585903 -33.062159 -0.926062 0.152425 -2.012459 0.664809 -0.176292 -1.194948 -2.872495 0.047049 3.882034 -3.390657 -7.028610 17.224214 2.680803 10.591816 -7.335859 7.783393 10.214284 10.086784 -97.522206 -29.473486 5.359981 5.595609 1.212737 -9.651733 -5.682567 14.856204 -0.318118 -33.069437 -18.152277 -21.722575 -28.530639 -6.644358 -10.884674 -3.826775 -4.206650 -21.059126 -36.115008 -7.085308 -6.107878 -35.336742 -8.344426 -15.319158 -20.791002 -9.228273 -8.527080 -30.449810 1.026286 -7.210100 -40.474625 0.117229 -8.637283 -19.365405 -5.372419 -0.194158 -23.701533 3.696132 5.719162 -43.456242 -1.178000 7.020673 -10.566583 -5.689846 -5.016964 1.815512 16.105875 49.351501 2.534405 2.202657 -28.595968 -14.507776 6.620655 30.044851 -1.817063 -8.520884 5.386326 95.470574 22.142957 -2.440611 -7.934380 -3.536533 4.930234 7.928644 -12.588364 -8.575113 33.069437 18.152275 -21.722575 28.530639 6.644356 -10.884674 3.826775 4.206655 -21.059126 36.115008 7.085306 -6.107878 35.336742 8.344431 -15.319158 20.791002 9.228278 -8.527080 30.449810 -1.026281 -7.210100 40.474625 -0.117231 -8.637283 19.365405 5.372431 -0.194158 23.701533 -3.696120 5.719162 43.456242 1.178012 7.020673 10.566583 5.689844 -5.016964 -1.815512 -16.105870 49.351501 -2.534405 -2.202652 -28.595968 14.507776 -6.620650 30.044851
-0.362484 0.907003 9.493781 -0.092501 -0.064024 -0.038212 -3.441092 1.570352 -9.646654 -0.765143 -3.078500 17.131907 -11.911502 2.823309 3.987987 37.858328 -13.871504 -11.429716 -1.490082 -6.769275 -5.679171 0.340106 -1.724805 61.192143 2.530074 8.167092 8.876085 -7.561119 0.641494 -34.075582 0.685164 -0.623778 -2.116026 0.692303 -0.782717 -1.173945 -3.086936 -0.108126 3.920158 -2.809393 -6.427738 17.498473 2.236964 10.144398 -7.506291 5.981676 10.471837 8.042165 -95.393147 -30.784951 6.964792 3.246306 -0.137694 -9.869369 -5.130474 15.148973 -0.424147 -33.069437 -18.152277 -21.722575 -28.530639 -6.644358 -10.884674 -3.826775 -4.206650 -21.059126 -36.115008 -7.085308 -6.107878 -35.336742 -8.344426 -15.319158 -20.791002 -9.228273 -8.527080 -30.449810 1.026286 -7.210100 -40.474625 0.117229 -8.637283 -19.365405 -5.372419 -0.194158 -23.701533 3.696132 5.719162 -43.456242 -1.178000 7.020673 -10.566583 -5.689846 -5.016964 1.815512 16.105875 49.351501 2.534405 2.202657 -28.595968 -14.507776 6.620655 30.044851 -0.943791 -8.602334 5.502580 94.531983 19.992410 -3.480910 -7.873145 -3.523255 4.131966 7.752974 -12.462982 -8.269919 33.069437 18.152275 -21.722575 28.530639 6.644356 -10.884674 3.826775 4.206655 -21.059126 36.115008 7.085306 -6.107878 35.336742 8.344431 -15.319158 20.791002 9.228278 -8.527080 30.449810 -1.026281 -7.210100 40.474625 -0.117231 -8.637283 19.365405 5.372431 -0.194158 23.701533 -3.696120 5.719162 43.456242 1.178012 7.020673 10.566583 5.689844 -5.016964 -1.815512 -16.105870 49.351501 -2.534405 -2.202652 -28.595968 14.507776 -6.620650 30.044851
-0.362978 0.913767 9.528200 -1.054993 0.992108 0.407962 -2.183025 0.123212 -6.527695 -0.542700 -2.108135 14.611788 -12.213379 2.433934 4.048980 37.827343 -13.958152 -12.029929 -0.045079 -5.975648 -10.119250 0.973480 -2.426450 55.049296 0.476657 7.164468 6.857024 -5.823451 1.043853 -33.417708 1.737759 -1.201435 -2.294660 0.783364 -1.341208 -1.312633 -3.358537 -0.196796 4.005166 -2.197881 -5.961653 17.739979 1.902801 9.652317 -7.482228 4.614351 10.788621 6.231785 -93.490741 -31.931350 8.085820 0.915650 -2.231468 -10.226983 -4.667486 15.223087 -0.463150 -33.069437 -18.152277 -21.722575 -28.530639 -6.644358 -10.884674 -3.826775 -4.206650 -21.059126 -36.115008 -7.085308 -6.107878 -35.336742 -8.344426 -15.319158 -20.791002 -9.228273 -8.527080 -30.449810 1.026286 -7.210100 -40.474625 0.117229 -8.637283 -19.365405 -5.372419 -0.194158 -23.701533 3.696132 5.719162 -43.456242 -1.178000 7.020673 -10.566583 -5.689846 -5.016964 1.815512 16.105875 49.351501 2.534405 2.202657 -28.595968 -14.507776 6.620655 30.044851 -0.338295 -8.800252 5.820401 93.982747 18.182287 -4.412162 -7.971251 -3.410031 3.238555 7.692168 -12.297466 -7.944819 33.069437 18.152275 -21.722575 28.530639 6.644356 -10.884674 3.826775 4.206655 -21.059126 36.115008 7.085306 -6.107878 35.336742 8.344431 -15.319158 20.791002 9.228278 -8.527080 30.449810 -1.026281 -7.210100 40.474625 -0.117231 -8.637283 19.365405 5.372431 -0.194158 23.701533 -3.696120 5.719162 43.456242 1.178012 7.020673 10.566583 5.689844 -5.016964 -1.815512 -16.105870 49.351501 -2.534405 -2.202652 -28.595968 14.507776 -6.620650 30.044851
-0.364937 0.915686 9.562183 -1.330449 1.740622 1.017096 -1.588949 -1.591951 -3.982019 -0.503778 -0.972241 12.840733 -12.438331 2.216078 3.467861 37.712859 -14.060495 -12.404423 0.833545 -5.765558 -14.149398 1.258696 -2.167223 46.479786 -1.434551 6.563855 5.532475 -3.099541 1.780442 -30.615022 2.060825 -1.549699 -2.539285 0.938785 -1.756012 -1.556139 -3.679149 -0.145166 4.145395 -1.514687 -5.653352 17.886992 1.576975 9.114719 -7.374459 3.824262 11.267882 4.779189 -92.149443 -32.989128 8.957356 -1.226765 -4.731515 -10.680476 -4.350962 15.128414 -0.393635 -33.069437 -18.152277 -21.722575 -28.530639 -6.644358 -10.884674 -3.826775 -4.206650 -21.059126 -36.115008 -7.085308 -6.107878 -35.336742 -8.344426 -15.319158 -20.791002 -9.228273 -8.527080 -30.449810 1.026286 -7.210100 -40.474625 0.117229 -8.637283 -19.365405 -5.372419 -0.194158 -23.701533 3.696132 5.719162 -43.456242 -1.178000 7.020673 -10.566583 -5.689846 -5.016964 1.815512 16.105875 49.351501 2.534405 2.202657 -28.595968 -14.507776 6.620655 30.044851 0.019181 -9.116312 6.366379 93.859763 16.891094 -5.180268 -8.306965 -3.211785 2.422546 7.653080 -12.025529 -7.596446 33.069437 18.152275 -21.722575 28.530639 6.644356 -10.884674 3.826775 4.206655 -21.059126 36.115008 7.085306 -6.107878 35.336742 8.344431 -15.319158 20.791002 9.228278 -8.527080 30.449810 -1.026281 -7.210100 40.474625 -0.117231 -8.637283 19.365405 5.372431 -0.194158 23.701533 -3.696120 5.719162 43.456242 1.178012 7.020673 10.566583 5.689844 -5.016964 -1.815512 -16.105870 49.351501 -2.534405 -2.202652 -28.595968 14.507776 -6.620650 30.044851
-0.368172 0.911982 9.598891 -0.850734 2.163082 1.719423 -1.814219 -3.421137 -1.826621 -0.547765 0.212135 11.921183 -12.624976 2.057966 2.088143 37.512048 -14.082311 -12.495026 1.039161 -6.395097 -17.414315 1.455771 -0.903864 36.056295 -3.235641 6.711073 4.931289 0.361175 2.452450 -26.778534 1.624118 -1.736170 -2.876758 1.133374 -1.974366 -1.769278 -4.013981 0.081309 4.277773 -0.704989 -5.462134 17.911823 1.155912 8.462812 -7.263830 3.753793 11.996745 3.849779 -91.664622 -34.030930 9.876467 -3.039717 -7.247142 -11.162232 -4.226228 14.917921 -0.190193 -33.069437 -18.152277 -21.722575 -28.530639 -6.644358 -10.884674 -3.826775 -4.206650 -21.059126 -36.115008 -7.085308 -6.107878 -35.336742 -8.344426 -15.319158 -20.791002 -9.228273 -8.527080 -30.449810 1.026286 -7.210100 -40.474625 0.117229 -8.637283 -19.365405 -5.372419 -0.194158 -23.701533 3.696132 5.719162 -43.456242 -1.178000 7.020673 -10.566583 -5.689846 -5.016964 1.815512 16.105875 49.351501 2.534405 2.202657 -28.595968 -14.507776 6.620655 30.044851 0.036416 -9.573635 7.260131 94.139965 16.163980 -5.656650 -8.845337 -3.004529 1.769264 7.533279 -11.617077 -7.280048 33.069437 18.152275 -21.722575 28.530639 6.644356 -10.884674 3.826775 4.206655 -21.059126 36.115008 7.085306 -6.107878 35.336742 8.344431 -15.319158 20.791002 9.228278 -8.527080 30.449810 -1.026281 -7.210100 40.474625 -0.117231 -8.637283 19.365405 5.372431 -0.194158 23.701533 -3.696120 5.719162 43.456242 1.178012 7.020673 10.566583 5.689844 -5.016964 -1.815512 -16.105870 49.351501 -2.534405 -2.202652 -28.595968 14.507776 -6.620650 30.044851
-0.372121 0.903868 9.639305 0.154022 2.387454 2.339074 -2.705490 -5.070723 0.367328 -0.576502 1.194063 11.660670 -12.809916 1.890052 0.045739 37.291371 -13.938870 -12.527579 0.700240 -7.613773 -19.792816 1.945526 0.766780 24.915195 -4.901024 7.833130 4.796402 4.040083 2.897376 -23.616100 0.709168 -1.892957 -3.250045 1.297490 -2.018899 -1.840932 -4.273409 0.437524 4.334853 0.196758 -5.304773 17.867065 0.591429 7.640887 -7.180064 4.376926 13.027858 3.622631 -92.039750 -35.043919 10.962488 -4.468845 -9.546232 -11.567141 -4.277056 14.624093 0.108641 -33.069437 -18.152277 -21.722575 -28.530639 -6.644358 -10.884674 -3.826775 -4.206650 -21.059126 -36.115008 -7.085308 -6.107878 -35.336742 -8.344426 -15.319158 -20.791002 -9.228273 -8.527080 -30.449810 1.026286 -7.210100 -40.474625 0.117229 -8.637283 -19.365405 -5.372419 -0.194158 -23.701533 3.696132 5.719162 -43.456242 -1.178000 7.020673 -10.566583 -5.689846 -5.016964 1.815512 16.105875 49.351501 2.534405 2.202657 -28.595968 -14.507776 6.620655 30.044851 -0.319124 -10.119353 8.488466 94.641082 15.881914 -5.760769 -9.541878 -2.826487 1.274417 7.412856 -11.088844 -6.976344 33.069437 18.152275 -21.722575 28.530639 6.644356 -10.884674 3.826775 4.206655 -21.059126 36.115008 7.085306 -6.107878 35.336742 8.344431 -15.319158 20.791002 9.228278 -8.527080 30.449810 -1.026281 -7.210100 40.474625 -0.117231 -8.637283 19.365405 5.372431 -0.194158 23.701533 -3.696120 5.719162 43.456242 1.178012 7.020673 10.566583 5.689844 -5.016964 -1.815512 -16.105870 49.351501 -2.534405 -2.202652 -28.595968 14.507776 -6.620650 30.044851
-0.376113 0.893778 9.682826 1.117473 2.555880 2.684668 -3.709479 -6.164551 3.026352 -0.559055 1.689921 11.572242 -13.005358 1.757581 -2.117216 37.219627 -13.661373 -12.988491 0.472181 -9.116169 -21.629488 2.660488 2.146888 14.954802 -6.465900 9.725051 4.502220 7.614308 3.212329 -21.257130 -0.063723 -2.084093 -3.479959 1.335496 -1.967447 -1.833560 -4.348219 0.811852 4.371441 0.999292 -5.164843 17.847704 0.010774 6.755818 -7.116283 5.221566 14.186961 4.045502 -92.796173 -35.883090 11.964531 -5.528559 -11.490418 -11.788159 -4.350073 14.232471 0.461693 -33.069437 -18.152277 -21.722575 -28.530639 -6.644358 -10.884674 -3.826775 -4.206650 -21.059126 -36.115008 -7.085308 -6.107878 -35.336742 -8.344426 -15.319158 -20.791002 -9.228273 -8.527080 -30.449810 1.026286 -7.210100 -40.474625 0.117229 -8.637283 -19.365405 -5.372419 -0.194158 -23.701533 3.696132 5.719162 -43.456242 -1.178000 7.020673 -10.566583 -5.689846 -5.016964 1.815512 16.105875 49.351501 2.534405 2.202657 -28.595968 -14.507776 6.620655 30.044851 -0.636748 -10.553507 9.636450 94.892494 15.805928 -5.609190 -10.371512 -2.647795 0.967267 7.466490 -10.564859 -6.596601 33.069437 18.152275 -21.722575 28.530639 6.644356 -10.884674 3.826775 4.206655 -21.059126 36.115008 7.085306 -6.107878 35.336742 8.344431 -15.319158 20.791002 9.228278 -8.527080 30.449810 -1.026281 -7.210100 40.474625 -0.117231 -8.637283 19.365405 5.372431 -0.194158 23.701533 -3.696120 5.719162 43.456242 1.178012 7.020673 10.566583 5.689844 -5.016964 -1.815512 -16.105870 49.351501 -2.534405 -2.202652 -28.595968 14.507776 -6.620650 30.044851
-0.379645 0.886017 9.726653 1.362687 2.705570 2.662959 -4.013489 -6.472742 6.168587 -0.546220 1.602986 11.304102 -13.235797 1.743927 -3.605973 37.398994 -13.263214 -14.368288 1.283304 -10.744548 -23.668091 3.219060 3.097917 8.739615 -8.033277 11.612130 3.804891 10.337123 3.352416 -19.015670 0.013072 -2.242615 -3.336135 1.175338 -1.903954 -1.954694 -4.174022 1.055752 4.521171 1.453360 -5.077512 17.914032 -0.339375 6.031381 -7.049491 5.429069 14.978819 4.708527 -93.072898 -36.331666 12.340079 -6.232702 -12.865328 -11.810257 -4.262368 13.697073 0.792970 -33.069437 -18.152277 -21.722575 -28.530639 -6.644358 -10.884674 -3.826775 -4.206650 -21.059126 -36.115008 -7.085308 -6.107878 -35.336742 -8.344426 -15.319158 -20.791002 -9.228273 -8.527080 -30.449810 1.026286 -7.210100 -40.474625 0.117229 -8.637283 -19.365405 -5.372419 -0.194158 -23.701533 3.696132 5.719162 -43.456242 -1.178000 7.020673 -10.566583 -5.689846 -5.016964 1.815512 16.105875 49.351501 2.534405 2.202657 -28.595968 -14.507776 6.620655 30.044851 -0.117439 -10.655359 10.002008 94.276159 15.728733 -5.435174 -11.195619 -2.477143 0.961426 7.728444 -10.290238 -6.116705 33.069437 18.152275 -21.722575 28.530639 6.644356 -10.884674 3.826775 4.206655 -21.059126 36.115008 7.085306 -6.107878 35.336742 8.344431 -15.319158 20.791002 9.228278 -8.527080 30.449810 -1.026281 -7.210100 40.474625 -0.117231 -8.637283 19.365405 5.372431 -0.194158 23.701533 -3.696120 5.719162 43.456242 1.178012 7.020673 10.566583 5.689844 -5.016964 -1.815512 -16.105870 49.351501 -2.534405 -2.202652 -28.595968 14.507776 -6.620650 30.044851
-0.383788 0.881856 9.768322 0.604511 2.777697 2.376102 -3.088481 -6.020283 9.248733 -0.606546 1.016895 11.010549 -13.584826 1.886187 -3.974812 37.781909 -12.720644 -16.748845 3.457298 -12.154708 -26.216114 3.274386 3.760445 7.696194 -9.322413 13.033322 3.538905 11.264601 3.364301 -16.742643 1.191306 -2.288896 -2.774855 0.837692 -1.886182 -2.367408 -3.768126 1.052207 4.791116 1.432576 -5.050369 18.096839 -0.309106 5.613762 -6.915764 4.473144 15.029608 5.274722 -92.359266 -36.292047 11.786069 -6.512511 -13.478467 -11.778891 -3.962304 12.991821 0.984577 -33.069437 -18.152277 -21.722575 -28.530639 -6.644358 -10.884674 -3.826775 -4.206650 -21.059126 -36.115008 -7.085308 -6.107878 -35.336742 -8.344426 -15.319158 -20.791002 -9.228273 -8.527080 -30.449810 1.026286 -7.210100 -40.474625 0.117229 -8.637283 -19.365405 -5.372419 -0.194158 -23.701533 3.696132 5.719162 -43.456242 -1.178000 7.020673 -10.566583 -5.689846 -5.016964 1.815512 16.105875 49.351501 2.534405 2.202657 -28.595968 -14.507776 6.620655 30.044851 1.591905 -10.401925 9.329933 92.610016 15.731028 -5.292259 -11.783331 -2.365032 1.349735 7.992442 -10.372125 -5.657966 33.069437 18.152275 -21.722575 28.530639 6.644356 -10.884674 3.826775 4.206655 -21.059126 36.115008 7.085306 -6.107878 35.336742 8.344431 -15.319158 20.791002 9.228278 -8.527080 30.449810 -1.026281 -7.210100 40.474625 -0.117231 -8.637283 19.365405 5.372431 -0.194158 23.701533 -3.696120 5.719162 43.456242 1.178012 7.020673 10.566583 5.689844 -5.016964 -1.815512 -16.105870 49.351501 -2.534405 -2.202652 -28.595968 14.507776 -6.620650 30.044851
-0.388581 0.879335 9.808905 -0.721112 2.757630 2.025376 -1.246813 -5.026101 11.698376 -0.781090 0.099921 11.310997 -14.121820 2.134669 -3.473193 38.445188 -11.972404 -19.941060 6.113117 -12.753600 -28.653825 2.906313 3.993559 10.975154 -9.480327 13.990334 5.133323 10.241177 3.438962 -14.907653 2.874056 -2.275571 -2.141408 0.487840 -1.943883 -2.926713 -3.163368 0.837274 4.983768 1.042488 -5.076344 18.387310 -0.008354 5.504527 -6.616676 2.996208 14.598658 6.040227 -91.290683 -35.894680 10.689885 -6.205949 -13.220962 -11.886570 -3.568061 12.136135 0.998610 -33.069437 -18.152277 -21.722575 -28.530639 -6.644358 -10.884674 -3.826775 -4.206650 -21.059126 -36.115008 -7.085308 -6.107878 -35.336742 -8.344426 -15.319158 -20.791002 -9.228273 -8.527080 -30.449810 1.026286 -7.210100 -40.474625 0.117229 -8.637283 -19.365405 -5.372419 -0.194158 -23.701533 3.696132 5.719162 -43.456242 -1.178000 7.020673 -10.566583 -5.689846 -5.016964 1.815512 16.105875 49.351501 2.534405 2.202657 -28.595968 -14.507776 6.620655 30.044851 3.658563 -10.107612 8.379939 90.584441 16.242554 -5.007823 -12.100160 -2.342377 2.096672 8.121850 -10.579435 -5.371082 33.069437 18.152275 -21.722575 28.530639 6.644356 -10.884674 3.826775 4.206655 -21.059126 36.115008 7.085306 -6.107878 35.336742 8.344431 -15.319158 20.791002 9.228278 -8.527080 30.449810 -1.026281 -7.210100 40.474625 -0.117231 -8.637283 19.365405 5.372431 -0.194158 23.701533 -3.696120 5.719162 43.456242 1.178012 7.020673 10.566583 5.689844 -5.016964 -1.815512 -16.105870 49.351501 -2.534405 -2.202652 -28.595968 14.507776 -6.620650 30.044851
-0.394946 0.876024 9.850426 -1.826940 2.708685 1.601703 0.628974 -3.833721 13.415525 -1.098799 -0.812414 13.155462 -14.757853 2.359375 -2.428055 39.646359 -10.725806 -24.142212 7.913213 -12.337436 -30.027977 2.560869 3.881688 16.520771 -8.236101 13.839830 8.584089 7.822868 3.474902 -14.610468 4.080683 -2.308260 -1.841974 0.336789 -2.049567 -3.231553 -2.377199 0.591613 4.871792 0.541618 -5.137782 18.711942 0.252686 5.635441 -6.089813 2.438124 14.353829 7.628708 -91.283306 -35.395308 9.768786 -5.167347 -11.993605 -12.174740 -3.300562 11.234530 0.852607 -33.069437 -18.152277 -21.722575 -28.530639 -6.644358 -10.884674 -3.826775 -4.206650 -21.059126 -36.115008 -7.085308 -6.107878 -35.336742 -8.344426 -15.319158 -20.791002 -9.228273 -8.527080 -30.449810 1.026286 -7.210100 -40.474625 0.117229 -8.637283 -19.365405 -5.372419 -0.194158 -23.701533 3.696132 5.719162 -43.456242 -1.178000 7.020673 -10.566583 -5.689846 -5.016964 1.815512 16.105875 49.351501 2.534405 2.202657 -28.595968 -14.507776 6.620655 30.044851 4.703630 -10.263176 8.242572 89.342037 17.599385 -4.400165 -12.388420 -2.383324 2.974208 8.266371 -10.579025 -5.370712 33.069437 18.152275 -21.722575 28.530639 6.644356 -10.884674 3.826775 4.206655 -21.059126 36.115008 7.085306 -6.107878 35.336742 8.344431 -15.319158 20.791002 9.228278 -8.527080 30.449810 -1.026281 -7.210100 40.474625 -0.117231 -8.637283 19.365405 5.372431 -0.194158 23.701533 -3.696120 5.719162 43.456242 1.178012 7.020673 10.566583 5.689844 -5.016964 -1.815512 -16.105870 49.351501 -2.534405 -2.202652 -28.595968 14.507776 -6.620650 30.044851
-0.401924 0.870627 9.894040 -2.350311 2.685735 0.937933 2.125591 -2.699063 14.307341 -1.614770 -1.301873 17.744627 -15.382645 2.508027 -0.691317 41.365156 -8.788122 -29.583038 8.330439 -11.168170 -29.640951 2.523147 3.595325 21.966271 -6.739391 12.202832 11.502703 4.771719 3.268159 -16.591843 4.413344 -2.413875 -1.930276 0.432599 -2.126871 -3.088191 -1.474007 0.437210 4.449989 0.168253 -5.177984 18.979709 0.260861 5.897987 -5.350347 3.839721 14.552069 10.303403 -93.294633 -35.013361 9.382409 -3.301272 -9.645878 -12.465648 -3.421794 10.500701 0.548771 -33.069437 -18.152277 -21.722575 -28.530639 -6.644358 -10.884674 -3.826775 -4.206650 -21.059126 -36.115008 -7.085308 -6.107878 -35.336742 -8.344426 -15.319158 -20.791002 -9.228273 -8.527080 -30.449810 1.026286 -7.210100 -40.474625 0.117229 -8.637283 -19.365405 -5.372419 -0.194158 -23.701533 3.696132 5.719162 -43.456242 -1.178000 7.020673 -10.566583 -5.689846 -5.016964 1.815512 16.105875 49.351501 2.534405 2.202657 -28.595968 -14.507776 6.620655 30.044851 3.953057 -10.969268 9.284011 89.651444 19.652492 -3.511755 -12.839155 -2.380414 3.734589 8.587477 -10.263176 -5.753271 33.069437 18.152275 -21.722575 28.530639 6.644356 -10.884674 3.826775 4.206655 -21.059126 36.115008 7.085306 -6.107878 35.336742 8.344431 -15.319158 20.791002 9.228278 -8.527080 30.449810 -1.026281 -7.210100 40.474625 -0.117231 -8.637283 19.365405 5.372431 -0.194158 23.701533 -3.696120 5.719162 43.456242 1.178012 7.020673 10.566583 5.689844 -5.016964 -1.815512 -16.105870 49.351501 -2.534405 -2.202652 -28.595968 14.507776 -6.620650 30.044851
-0.409239 0.863894 9.937919 -2.792468 2.815099 0.147929 3.853892 -1.668551 13.967797 -2.265776 -1.068731 25.492896 -16.144907 2.735261 2.250740 43.132156 -6.745342 -34.901737 8.113279 -9.514390 -27.725666 2.810183 2.966019 25.714812 -5.917997 9.926583 12.241145 1.703091 2.862876 -19.757599 4.522807 -2.534244 -2.135964 0.617520 -2.132628 -2.765687 -0.607541 0.273053 3.903854 -0.015202 -5.164502 19.121931 0.171864 6.159925 -4.524355 6.655881 14.528279 13.435486 -96.817228 -34.768030 9.170540 -0.629284 -6.102478 -12.323490 -4.032105 10.168044 0.058627 -33.069437 -18.152277 -21.722575 -28.530639 -6.644358 -10.884674 -3.826775 -4.206650 -21.059126 -36.115008 -7.085308 -6.107878 -35.336742 -8.344426 -15.319158 -20.791002 -9.228273 -8.527080 -30.449810 1.026286 -7.210100 -40.474625 0.117229 -8.637283 -19.365405 -5.372419 -0.194158 -23.701533 3.696132 5.719162 -43.456242 -1.178000 7.020673 -10.566583 -5.689846 -5.016964 1.815512 16.105875 49.351501 2.534405 2.202657 -28.595968 -14.507776 6.620655 30.044851 1.914858 -11.608648 10.774618 91.287732 21.853473 -2.760001 -13.350161 -2.325820 4.374774 8.982139 -9.827929 -6.466906 33.069437 18.152275 -21.722575 28.530639 6.644356 -10.884674 3.826775 4.206655 -21.059126 36.115008 7.085306 -6.107878 35.336742 8.344431 -15.319158 20.791002 9.228278 -8.527080 30.449810 -1.026281 -7.210100 40.474625 -0.117231 -8.637283 19.365405 5.372431 -0.194158 23.701533 -3.696120 5.719162 43.456242 1.178012 7.020673 10.566583 5.689844 -5.016964 -1.815512 -16.105870 49.351501 -2.534405 -2.202652 -28.595968 14.507776 -6.620650 30.044851
-0.416205 0.858767 9.977928 -3.620047 3.223934 -0.448393 6.230185 -0.540737 12.272481 -2.710583 -0.349198 35.238920 -17.316252 3.212254 6.149863 44.465635 -5.963074 -36.677347 8.271397 -7.786058 -25.345493 3.102734 2.117901 27.554438 -5.609969 7.887935 11.286912 -0.838936 2.352272 -22.367241 5.086703 -2.634654 -2.285564 0.705265 -2.025333 -2.512813 0.004210 -0.063129 3.326627 -0.022251 -5.079602 19.088437 0.295006 6.254769 -3.859626 9.355187 13.756208 15.873652 -100.440049 -34.509060 8.688093 2.568847 -1.999597 -11.270338 -4.962955 10.408787 -0.579167 -33.069437 -18.152277 -21.722575 -28.530639 -6.644358 -10.884674 -3.826775 -4.206650 -21.059126 -36.115008 -7.085308 -6.107878 -35.336742 -8.344426 -15.319158 -20.791002 -9.228273 -8.527080 -30.449810 1.026286 -7.210100 -40.474625 0.117229 -8.637283 -19.365405 -5.372419 -0.194158 -23.701533 3.696132 5.719162 -43.456242 -1.178000 7.020673 -10.566583 -5.689846 -5.016964 1.815512 16.105875 49.351501 2.534405 2.202657 -28.595968 -14.507776 6.620655 30.044851 -0.353236 -11.487324 11.691950 93.387565 23.662339 -2.536541 -13.787129 -2.295761 4.934348 9.274911 -9.544101 -7.301722 33.069437 18.152275 -21.722575 28.530639 6.644356 -10.884674 3.826775 4.206655 -21.059126 36.115008 7.085306 -6.107878 35.336742 8.344431 -15.319158 20.791002 9.228278 -8.527080 30.449810 -1.026281 -7.210100 40.474625 -0.117231 -8.637283 19.365405 5.372431 -0.194158 23.701533 -3.696120 5.719162 43.456242 1.178012 7.020673 10.566583 5.689844 -5.016964 -1.815512 -16.105870 49.351501 -2.534405 -2.202652 -28.595968 14.507776 -6.620650 30.044851
-0.422297 0.857816 10.012458 -4.485174 3.825311 -0.728294 8.613421 1.133254 9.757537 -2.764581 -0.084145 44.827877 -18.809463 3.807724 9.497037 45.094060 -7.575873 -32.336755 8.782789 -6.378513 -23.181792 3.152371 1.388355 28.029484 -5.349095 6.350193 9.817022 -2.883107 1.717843 -23.953699 5.845351 -2.680287 -2.425060 0.655478 -1.721574 -2.288897 0.245012 -0.565462 2.813349 0.164737 -4.935315 18.771814 0.702163 6.035055 -3.695905 10.877349 12.558555 16.900497 -102.995797 -33.979560 7.929484 5.785306 1.298005 -9.277653 -5.922707 11.245984 -1.134316 -33.069437 -18.152277 -21.722575 -28.530639 -6.644358 -10.884674 -3.826775 -4.206650 -21.059126 -36.115008 -7.085308 -6.107878 -35.336742 -8.344426 -15.319158 -20.791002 -9.228273 -8.527080 -30.449810 1.026286 -7.210100 -40.474625 0.117229 -8.637283 -19.365405 -5.372419 -0.194158 -23.701533 3.696132 5.719162 -43.456242 -1.178000 7.020673 -10.566583 -5.689846 -5.016964 1.815512 16.105875 49.351501 2.534405 2.202657 -28.595968 -14.507776 6.620655 30.044851 -2.128308 -10.465896 11.421199 95.139440 24.780318 -2.760827 -14.000723 -2.333279 5.351734 9.367698 -9.549954 -8.130071 33.069437 18.152275 -21.722575 28.530639 6.644356 -10.884674 3.826775 4.206655 -21.059126 36.115008 7.085306 -6.107878 35.336742 8.344431 -15.319158 20.791002 9.228278 -8.527080 30.449810 -1.026281 -7.210100 40.474625 -0.117231 -8.637283 19.365405 5.372431 -0.194158 23.701533 -3.696120 5.719162 43.456242 1.178012 7.020673 10.566583 5.689844 -5.016964 -1.815512 -16.105870 49.351501 -2.534405 -2.202652 -28.595968 14.507776 -6.620650 30.044851
-0.427744 0.862106 10.042046 -4.696932 4.240355 -0.820693 9.993302 3.341454 7.263782 -2.658564 -0.679403 52.304612 -19.964563 3.922478 10.871262 44.702413 -10.994355 -23.825027 8.979182 -5.405840 -21.025252 3.013770 1.086918 27.549305 -4.974133 5.296602 8.728988 -4.726880 1.009491 -25.031718 6.079662 -2.521628 -2.567814 0.495780 -1.184912 -2.060715 0.210668 -1.038753 2.577756 0.488441 -4.807010 18.170287 1.263233 5.534027 -4.181000 11.048997 11.488565 16.609441 -103.962665 -32.913559 6.950561 8.450428 3.029902 -6.814444 -6.674667 12.425476 -1.244792 -33.069437 -18.152277 -21.722575 -28.530639 -6.644358 -10.884674 -3.826775 -4.206650 -21.059126 -36.115008 -7.085308 -6.107878 -35.336742 -8.344426 -15.319158 -20.791002 -9.228273 -8.527080 -30.449810 1.026286 -7.210100 -40.474625 0.117229 -8.637283 -19.365405 -5.372419 -0.194158 -23.701533 3.696132 5.719162 -43.456242 -1.178000 7.020673 -10.566583 -5.689846 -5.016964 1.815512 16.105875 49.351501 2.534405 2.202657 -28.595968 -14.507776 6.620655 30.044851 -3.073375 -9.049766 9.973896 96.027931 25.236916 -2.898384 -13.694026 -2.441025 5.619737 9.199728 -9.818818 -8.817953 33.069437 18.152275 -21.722575 28.530639 6.644356 -10.884674 3.826775 4.206655 -21.059126 36.115008 7.085306 -6.107878 35.336742 8.344431 -15.319158 20.791002 9.228278 -8.527080 30.449810 -1.026281 -7.210100 40.474625 -0.117231 -8.637283 19.365405 5.372431 -0.194158 23.701533 -3.696120 5.719162 43.456242 1.178012 7.020673 10.566583 5.689844 -5.016964 -1.815512 -16.105870 49.351501 -2.534405 -2.202652 -28.595968 14.507776 -6.620650 30.044851
-0.432658 0.869423 10.068775 -3.936264 4.091791 -0.902631 9.922588 5.302879 4.992569 -2.678199 -1.354950 57.386915 -20.206261 3.212357 10.392793 43.685784 -13.837947 -16.622464 8.379583 -4.558199 -18.310965 2.751655 1.176728 26.178080 -4.611978 4.677965 8.307571 -6.234634 0.488976 -26.064292 5.431472 -1.991168 -2.597663 0.217421 -0.509325 -1.958582 0.101802 -1.269306 2.716016 0.655686 -4.825335 17.571451 1.916906 5.076575 -4.982852 10.316907 10.851910 15.679801 -103.425013 -31.224508 5.704813 10.155560 3.513684 -4.485111 -7.085763 13.402917 -0.791911 -33.069437 -18.152277 -21.722575 -28.530639 -6.644358 -10.884674 -3.826775 -4.206650 -21.059126 -36.115008 -7.085308 -6.107878 -35.336742 -8.344426 -15.319158 -20.791002 -9.228273 -8.527080 -30.449810 1.026286 -7.210100 -40.474625 0.117229 -8.637283 -19.365405 -5.372419 -0.194158 -23.701533 3.696132 5.719162 -43.456242 -1.178000 7.020673 -10.566583 -5.689846 -5.016964 1.815512 16.105875 49.351501 2.534405 2.202657 -28.595968 -14.507776 6.620655 30.044851 -3.189003 -7.988477 8.030025 95.991417 25.383957 -2.339265 -12.762111 -2.530651 5.852010 8.832335 -10.202784 -9.169023 33.069437 18.152275 -21.722575 28.530639 6.644356 -10.884674 3.826775 4.206655 -21.059126 36.115008 7.085306 -6.107878 35.336742 8.344431 -15.319158 20.791002 9.228278 -8.527080 30.449810 -1.026281 -7.210100 40.474625 -0.117231 -8.637283 19.365405 5.372431 -0.194158 23.701533 -3.696120 5.719162 43.456242 1.178012 7.020673 10.566583 5.689844 -5.016964 -1.815512 -16.105870 49.351501 -2.534405 -2.202652 -28.595968 14.507776 -6.620650 30.044851
-0.437023 0.879130 10.094379 -2.441159 3.362955 -1.044850 8.646101 6.386796 2.485539 -3.115714 -1.512208 60.848106 -19.672709 2.268247 9.110381 42.956900 -14.624191 -13.716994 7.032478 -3.578197 -14.948921 2.376879 1.304992 24.135964 -4.308377 4.515406 8.449696 -7.282902 0.334470 -27.243763 4.079823 -1.135353 -2.456260 -0.146616 0.161215 -2.055140 0.040666 -1.238618 3.083479 0.410356 -5.061864 17.269150 2.631897 4.978637 -5.618198 9.200347 10.607389 14.719102 -101.836809 -29.007367 4.171470 10.836660 3.315185 -2.776381 -7.180352 13.761850 -0.157556 -33.069437 -18.152277 -21.722575 -28.530639 -6.644358 -10.884674 -3.826775 -4.206650 -21.059126 -36.115008 -7.085308 -6.107878 -35.336742 -8.344426 -15.319158 -20.791002 -9.228273 -8.527080 -30.449810 1.026286 -7.210100 -40.474625 0.117229 -8.637283 -19.365405 -5.372419 -0.194158 -23.701533 3.696132 5.719162 -43.456242 -1.178000 7.020673 -10.566583 -5.689846 -5.016964 1.815512 16.105875 49.351501 2.534405 2.202657 -28.595968 -14.507776 6.620655 30.044851 -2.658339 -7.590400 6.216161 95.290127 25.529822 -1.006001 -11.414376 -2.437972 6.165501 8.424749 -10.570863 -9.160114 33.069437 18.152275 -21.722575 28.530639 6.644356 -10.884674 3.826775 4.206655 -21.059126 36.115008 7.085306 -6.107878 35.336742 8.344431 -15.319158 20.791002 9.228278 -8.527080 30.449810 -1.026281 -7.210100 40.474625 -0.117231 -8.637283 19.365405 5.372431 -0.194158 23.701533 -3.696120 5.719162 43.456242 1.178012 7.020673 10.566583 5.689844 -5.016964 -1.815512 -16.105870 49.351501 -2.534405 -2.202652 -28.595968 14.507776 -6.620650 30.044851
-0.440756 0.889626 10.119901 -0.710665 2.361909 -1.211161 6.739569 6.766179 -0.581494 -3.870074 -1.364731 63.026301 -18.782738 1.559082 7.722825 42.578781 -13.844367 -13.854988 5.388031 -2.656470 -11.409688 1.941091 1.324103 21.951992 -4.000027 4.762994 8.880819 -8.027622 0.492848 -28.532588 2.448906 -0.173314 -2.227264 -0.488624 0.725505 -2.280875 0.011162 -1.094487 3.513678 -0.163761 -5.450707 17.264724 3.286925 5.260177 -5.936920 8.120559 10.486720 13.888315 -99.768539 -26.387798 2.443630 10.695567 2.869023 -1.919072 -7.182369 13.588152 0.238899 -33.069437 -18.152277 -21.722575 -28.530639 -6.644358 -10.884674 -3.826775 -4.206650 -21.059126 -36.115008 -7.085308 -6.107878 -35.336742 -8.344426 -15.319158 -20.791002 -9.228273 -8.527080 -30.449810 1.026286 -7.210100 -40.474625 0.117229 -8.637283 -19.365405 -5.372419 -0.194158 -23.701533 3.696132 5.719162 -43.456242 -1.178000 7.020673 -10.566583 -5.689846 -5.016964 1.815512 16.105875 49.351501 2.534405 2.202657 -28.595968 -14.507776 6.620655 30.044851 -1.788401 -7.622632 4.635830 94.246850 25.716710 0.608447 -9.894525 -2.109932 6.518082 8.090835 -10.892250 -9.009167 33.069437 18.152275 -21.722575 28.530639 6.644356 -10.884674 3.826775 4.206655 -21.059126 36.115008 7.085306 -6.107878 35.336742 8.344431 -15.319158 20.791002 9.228278 -8.527080 30.449810 -1.026281 -7.210100 40.474625 -0.117231 -8.637283 19.365405 5.372431 -0.194158 23.701533 -3.696120 5.719162 43.456242 1.178012 7.020673 10.566583 5.689844 -5.016964 -1.815512 -16.105870 49.351501 -2.534405 -2.202652 -28.595968 14.507776 -6.620650 30.044851
-0.443601 0.898829 10.145117 0.863747 1.387398 -1.356816 4.721243 6.907284 -4.012386 -4.476226 -1.256841 63.957256 -17.862591 0.983960 6.459919 42.163618 -12.678639 -14.742311 3.860520 -2.015969 -8.184891 1.492086 1.334464 20.086026 -3.681042 5.193713 9.281749 -8.611501 0.781089 -29.766934 0.914003 0.701852 -2.007245 -0.743719 1.148451 -2.556376 -0.032900 -0.974208 3.962122 -0.816458 -5.845198 17.383245 3.768956 5.730859 -6.083258 7.283626 10.309524 13.135182 -97.757240 -23.601060 0.839587 10.104679 2.428128 -1.796648 -7.338248 13.302937 0.310452 -33.069437 -18.152277 -21.722575 -28.530639 -6.644358 -10.884674 -3.826775 -4.206650 -21.059126 -36.115008 -7.085308 -6.107878 -35.336742 -8.344426 -15.319158 -20.791002 -9.228273 -8.527080 -30.449810 1.026286 -7.210100 -40.474625 0.117229 -8.637283 -19.365405 -5.372419 -0.194158 -23.701533 3.696132 5.719162 -43.456242 -1.178000 7.020673 -10.566583 -5.689846 -5.016964 1.815512 16.105875 49.351501 2.534405 2.202657 -28.595968 -14.507776 6.620655 30.044851 -0.894929 -7.745569 3.172097 93.113756 25.826621 1.914198 -8.365660 -1.658026 6.743293 7.824785 -11.211452 -8.958390 33.069437 18.152275 -21.722575 28.530639 6.644356 -10.884674 3.826775 4.206655 -21.059126 36.115008 7.085306 -6.107878 35.336742 8.344431 -15.319158 20.791002 9.228278 -8.527080 30.449810 -1.026281 -7.210100 40.474625 -0.117231 -8.637283 19.365405 5.372431 -0.194158 23.701533 -3.696120 5.719162 43.456242 1.178012 7.020673 10.566583 5.689844 -5.016964 -1.815512 -16.105870 49.351501 -2.534405 -2.202652 -28.595968 14.507776 -6.620650 30.044851
-0.445052 0.904201 10.167900 1.942654 0.684039 -1.455860 3.187150 6.990722 -6.798665 -4.719985 -1.250694 64.034977 -17.203170 0.497712 5.565333 41.701836 -11.933567 -15.211929 2.795015 -1.660068 -5.876424 1.137090 1.365917 18.862879 -3.431138 5.532551 9.481500 -9.026451 1.003023 -30.693767 -0.154824 1.312389 -1.848036 -0.900687 1.414357 -2.803217 -0.082663 -0.919935 4.341587 -1.299480 -6.103912 17.476344 4.035697 6.122256 -6.186813 6.747132 10.116701 12.545221 -96.353820 -21.380183 -0.211220 9.549175 2.118085 -1.985869 -7.626963 13.198933 0.212593 -33.069437 -18.152277 -21.722575 -28.530639 -6.644358 -10.884674 -3.826775 -4.206650 -21.059126 -36.115008 -7.085308 -6.107878 -35.336742 -8.344426 -15.319158 -20.791002 -9.228273 -8.527080 -30.449810 1.026286 -7.210100 -40.474625 0.117229 -8.637283 -19.365405 -5.372419 -0.194158 -23.701533 3.696132 5.719162 -43.456242 -1.178000 7.020673 -10.566583 -5.689846 -5.016964 1.815512 16.105875 49.351501 2.534405 2.202657 -28.595968 -14.507776 6.620655 30.044851 -0.268087 -7.795313 2.016807 92.223017 25.817141 2.621003 -7.178287 -1.284216 6.794892 7.628081 -11.485944 -9.042111 33.069437 18.152275 -21.722575 28.530639 6.644356 -10.884674 3.826775 4.206655 -21.059126 36.115008 7.085306 -6.107878 35.336742 8.344431 -15.319158 20.791002 9.228278 -8.527080 30.449810 -1.026281 -7.210100 40.474625 -0.117231 -8.637283 19.365405 5.372431 -0.194158 23.701533 -3.696120 5.719162 43.456242 1.178012 7.020673 10.566583 5.689844 -5.016964 -1.815512 -16.105870 49.351501 -2.534405 -2.202652 -28.595968 14.507776 -6.620650 30.044851
