HIERARCHY
ROOT pelvis
{
	OFFSET 0.000000 0.000000 0.000000
	CHANNELS 6 Xposition Yposition Zposition Zrotation Yrotation Xrotation
	JOINT left_hip
	{
		OFFSET 0.077425 -0.075087 0.000000
		CHANNELS 3 Zrotation Yrotation Xrotation
		JOINT left_knee
		{
			OFFSET 0.000000 -0.396724 0.000002
			CHANNELS 3 Zrotation Yrotation Xrotation
			JOINT left_ankle
			{
				OFFSET 0.000000 -0.353591 -0.000002
				CHANNELS 3 Zrotation Yrotation Xrotation
				JOINT left_foot
				{
					OFFSET 0.000000 -0.043706 0.130020
					CHANNELS 3 Zrotation Yrotation Xrotation
				}
			}
		}
	}
	JOINT right_hip
	{
		OFFSET -0.077425 -0.075087 0.000000
		CHANNELS 3 Zrotation Yrotation Xrotation
		JOINT right_knee
		{
			OFFSET 0.000000 -0.396725 0.000002
			CHANNELS 3 Zrotation Yrotation Xrotation
			JOINT right_ankle
			{
				OFFSET 0.000000 -0.353591 -0.000002
				CHANNELS 3 Zrotation Yrotation Xrotation
				JOINT right_foot
				{
					OFFSET 0.000000 -0.043706 0.130020
					CHANNELS 3 Zrotation Yrotation Xrotation
				}
			}
		}
	}
	JOINT spine1
	{
		OFFSET 0.000000 0.096241 0.000000
		CHANNELS 3 Zrotation Yrotation Xrotation
		JOINT spine2
		{
			OFFSET 0.000367 0.090004 0.000000
			CHANNELS 3 Zrotation Yrotation Xrotation
			JOINT spine3
			{
				OFFSET -0.000078 0.086928 0.000000
				CHANNELS 3 Zrotation Yrotation Xrotation
				JOINT neck
				{
					OFFSET 0.000002 0.180729 -0.000328
					CHANNELS 3 Zrotation Yrotation Xrotation
					JOINT head
					{
						OFFSET 0.000000 0.160452 0.000000
						CHANNELS 3 Zrotation Yrotation Xrotation
					}
				}
				JOINT left_collar
				{
					OFFSET 0.047741 0.119000 0.000000
					CHANNELS 3 Zrotation Yrotation Xrotation
					JOINT left_shoulder
					{
						OFFSET 0.092499 0.002371 0.000569
						CHANNELS 3 Zrotation Yrotation Xrotation
						JOINT left_elbow
						{
							OFFSET 0.263013 0.000000 0.000000
							CHANNELS 3 Zrotation Yrotation Xrotation
							JOINT left_wrist
							{
								OFFSET 0.252820 0.000000 0.000000
								CHANNELS 3 Zrotation Yrotation Xrotation
								JOINT left_pinky1
								{
									OFFSET 0.072201 -0.001902 -0.025742
									CHANNELS 3 Zrotation Yrotation Xrotation
									JOINT left_pinky2
									{
										OFFSET 0.028997 0.000007 0.000000
										CHANNELS 3 Zrotation Yrotation Xrotation
										JOINT left_pinky3
										{
											OFFSET 0.018589 0.000000 0.000000
											CHANNELS 3 Zrotation Yrotation Xrotation
										}
									}
								}
								JOINT left_ring1
								{
									OFFSET 0.078858 0.001509 -0.009718
									CHANNELS 3 Zrotation Yrotation Xrotation
									JOINT left_ring2
									{
										OFFSET 0.034532 0.000000 0.000000
										CHANNELS 3 Zrotation Yrotation Xrotation
										JOINT left_ring3
										{
											OFFSET 0.025050 0.000000 0.000000
											CHANNELS 3 Zrotation Yrotation Xrotation
										}
									}
								}
								JOINT left_middle1
								{
									OFFSET 0.082704 0.001848 0.007442
									CHANNELS 3 Zrotation Yrotation Xrotation
									JOINT left_middle2
									{
										OFFSET 0.034830 0.000001 0.000000
										CHANNELS 3 Zrotation Yrotation Xrotation
										JOINT left_middle3
										{
											OFFSET 0.030383 0.000000 0.000000
											CHANNELS 3 Zrotation Yrotation Xrotation
										}
									}
								}
								JOINT left_index1
								{
									OFFSET 0.082455 -0.002111 0.024954
									CHANNELS 3 Zrotation Yrotation Xrotation
									JOINT left_index2
									{
										OFFSET 0.033926 -0.000039 0.000000
										CHANNELS 3 Zrotation Yrotation Xrotation
										JOINT left_index3
										{
											OFFSET 0.025192 0.000000 0.000000
											CHANNELS 3 Zrotation Yrotation Xrotation
										}
									}
								}
								JOINT left_thumb1
								{
									OFFSET 0.017964 -0.010632 0.010977
									CHANNELS 3 Zrotation Yrotation Xrotation
									JOINT left_thumb2
									{
										OFFSET 0.032578 -0.011399 0.030005
										CHANNELS 3 Zrotation Yrotation Xrotation
										JOINT left_thumb3
										{
											OFFSET 0.020721 -0.007250 0.019085
											CHANNELS 3 Zrotation Yrotation Xrotation
										}
									}
								}
							}
						}
					}
				}
				JOINT right_collar
				{
					OFFSET -0.047741 0.119002 0.000000
					CHANNELS 3 Zrotation Yrotation Xrotation
					JOINT right_shoulder
					{
						OFFSET -0.092499 0.002370 0.000569
						CHANNELS 3 Zrotation Yrotation Xrotation
						JOINT right_elbow
						{
							OFFSET -0.263013 0.000000 0.000000
							CHANNELS 3 Zrotation Yrotation Xrotation
							JOINT right_wrist
							{
								OFFSET -0.252820 0.000000 0.000000
								CHANNELS 3 Zrotation Yrotation Xrotation
								JOINT right_pinky1
								{
									OFFSET -0.072201 -0.001900 -0.025742
									CHANNELS 3 Zrotation Yrotation Xrotation
									JOINT right_pinky2
									{
										OFFSET -0.028997 0.000010 0.000000
										CHANNELS 3 Zrotation Yrotation Xrotation
										JOINT right_pinky3
										{
											OFFSET -0.018588 0.000000 0.000000
											CHANNELS 3 Zrotation Yrotation Xrotation
										}
									}
								}
								JOINT right_ring1
								{
									OFFSET -0.078858 0.001510 -0.009717
									CHANNELS 3 Zrotation Yrotation Xrotation
									JOINT right_ring2
									{
										OFFSET -0.034532 0.000000 0.000000
										CHANNELS 3 Zrotation Yrotation Xrotation
										JOINT right_ring3
										{
											OFFSET -0.025050 0.000000 0.000000
											CHANNELS 3 Zrotation Yrotation Xrotation
										}
									}
								}
								JOINT right_middle1
								{
									OFFSET -0.082704 0.001850 0.007442
									CHANNELS 3 Zrotation Yrotation Xrotation
									JOINT right_middle2
									{
										OFFSET -0.034830 0.000000 0.000000
										CHANNELS 3 Zrotation Yrotation Xrotation
										JOINT right_middle3
										{
											OFFSET -0.030383 0.000000 0.000000
											CHANNELS 3 Zrotation Yrotation Xrotation
										}
									}
								}
								JOINT right_index1
								{
									OFFSET -0.082456 -0.002110 0.024954
									CHANNELS 3 Zrotation Yrotation Xrotation
									JOINT right_index2
									{
										OFFSET -0.033926 -0.000040 0.000000
										CHANNELS 3 Zrotation Yrotation Xrotation
										JOINT right_index3
										{
											OFFSET -0.025192 0.000000 0.000000
											CHANNELS 3 Zrotation Yrotation Xrotation
										}
									}
								}
								JOINT right_thumb1
								{
									OFFSET -0.017964 -0.010630 0.010977
									CHANNELS 3 Zrotation Yrotation Xrotation
									JOINT right_thumb2
									{
										OFFSET -0.032579 -0.011400 0.030005
										CHANNELS 3 Zrotation Yrotation Xrotation
										JOINT right_thumb3
										{
											OFFSET -0.020721 -0.007250 0.019085
											CHANNELS 3 Zrotation Yrotation Xrotation
										}
									}
								}
							}
						}
					}
				}
			}
		}
	}
}
MOTION
Frames: 240
Frame Time: 0.033333
-0.006763 0.791524 0.028405 6.176858 7.769807 -5.750805 20.652757 10.052989 -20.105181 -5.666691 20.683072 26.025507 -6.217219 6.696354 1.617214 1.365317 -3.217727 1.051638 0.469552 10.938025 -16.709706 -5.571672 -3.222686 51.609077 -4.589969 -9.644074 -37.842158 -1.773077 1.221329 -1.769156 -13.014475 -4.433774 16.750110 -3.034716 -2.741799 5.125023 -1.717772 -6.221405 -1.209232 -3.019219 20.707422 21.499885 8.765370 35.864090 20.836380 -13.828801 -7.107929 6.208796 -51.419959 -18.243959 2.193927 66.943538 -68.371306 -37.079977 16.107912 -28.863919 12.384238 -33.069437 -18.152277 -21.722575 -28.530639 -6.644358 -10.884674 -3.826775 -4.206650 -21.059126 -36.115008 -7.085308 -6.107878 -35.336742 -8.344426 -15.319158 -20.791002 -9.228273 -8.527080 -30.449810 1.026286 -7.210100 -40.474625 0.117229 -8.637283 -19.365405 -5.372419 -0.194158 -23.701533 3.696132 5.719162 -43.456242 -1.178000 7.020673 -10.566583 -5.689846 -5.016964 1.815512 16.105875 49.351501 2.534405 2.202657 -28.595968 -14.507776 6.620655 30.044851 -2.834285 7.896200 3.760947 64.831493 -0.891009 13.408262 50.052541 66.470837 58.964839 9.466106 23.669982 -46.178707 33.069437 18.152275 -21.722575 28.530639 6.644356 -10.884674 3.826775 4.206655 -21.059126 36.115008 7.085306 -6.107878 35.336742 8.344431 -15.319158 20.791002 9.228278 -8.527080 30.449810 -1.026281 -7.210100 40.474625 -0.117231 -8.637283 19.365405 5.372431 -0.194158 23.701533 -3.696120 5.719162 43.456242 1.178012 7.020673 10.566583 5.689844 -5.016964 -1.815512 -16.105870 49.351501 -2.534405 -2.202652 -28.595968 14.507776 -6.620650 30.044851
-0.002651 0.792193 0.027289 6.055019 7.539691 -5.733552 20.768309 10.117896 -20.036051 -5.567150 20.832148 25.990943 -6.134397 6.637157 1.519726 1.376593 -3.217508 1.063184 0.497386 10.976998 -16.715563 -5.471241 -3.230288 51.436973 -4.602702 -9.507628 -37.807809 -1.767209 1.211173 -1.755263 -13.042553 -4.471381 16.901155 -2.818934 -2.789713 5.220280 -1.558627 -6.117258 -1.409913 -2.949657 20.935652 21.549407 8.522664 35.873283 20.732798 -13.730568 -7.181839 6.361801 -51.542308 -18.291647 2.110390 67.260588 -68.421358 -37.240169 16.184490 -29.088441 12.403352 -33.069437 -18.152277 -21.722575 -28.530639 -6.644358 -10.884674 -3.826775 -4.206650 -21.059126 -36.115008 -7.085308 -6.107878 -35.336742 -8.344426 -15.319158 -20.791002 -9.228273 -8.527080 -30.449810 1.026286 -7.210100 -40.474625 0.117229 -8.637283 -19.365405 -5.372419 -0.194158 -23.701533 3.696132 5.719162 -43.456242 -1.178000 7.020673 -10.566583 -5.689846 -5.016964 1.815512 16.105875 49.351501 2.534405 2.202657 -28.595968 -14.507776 6.620655 30.044851 -2.787493 7.906568 3.790045 65.452945 -0.764323 13.556109 50.242223 67.096946 59.797090 9.157371 23.796279 -45.724500 33.069437 18.152275 -21.722575 28.530639 6.644356 -10.884674 3.826775 4.206655 -21.059126 36.115008 7.085306 -6.107878 35.336742 8.344431 -15.319158 20.791002 9.228278 -8.527080 30.449810 -1.026281 -7.210100 40.474625 -0.117231 -8.637283 19.365405 5.372431 -0.194158 23.701533 -3.696120 5.719162 43.456242 1.178012 7.020673 10.566583 5.689844 -5.016964 -1.815512 -16.105870 49.351501 -2.534405 -2.202652 -28.595968 14.507776 -6.620650 30.044851
-0.000585 0.792679 0.028436 5.902284 7.345161 -5.698305 20.892958 10.136912 -19.979546 -5.482054 20.960316 25.910879 -6.048226 6.627451 1.426172 1.406575 -3.226292 1.075991 0.483423 10.965714 -16.706038 -5.333691 -3.317400 51.196205 -4.624747 -9.304307 -37.735559 -1.749600 1.196624 -1.743421 -13.012195 -4.550454 17.087547 -2.583845 -2.869046 5.273635 -1.419892 -5.990005 -1.589783 -2.909622 21.189305 21.598117 8.267944 35.835239 20.609976 -13.617758 -7.252327 6.500201 -51.642794 -18.358289 2.058180 67.607412 -68.548314 -37.422552 16.286176 -29.218515 12.158470 -33.069437 -18.152277 -21.722575 -28.530639 -6.644358 -10.884674 -3.826775 -4.206650 -21.059126 -36.115008 -7.085308 -6.107878 -35.336742 -8.344426 -15.319158 -20.791002 -9.228273 -8.527080 -30.449810 1.026286 -7.210100 -40.474625 0.117229 -8.637283 -19.365405 -5.372419 -0.194158 -23.701533 3.696132 5.719162 -43.456242 -1.178000 7.020673 -10.566583 -5.689846 -5.016964 1.815512 16.105875 49.351501 2.534405 2.202657 -28.595968 -14.507776 6.620655 30.044851 -2.727030 7.865020 3.793150 66.257117 -0.596396 13.756088 50.526468 67.743096 60.823490 8.771285 23.912399 -45.323619 33.069437 18.152275 -21.722575 28.530639 6.644356 -10.884674 3.826775 4.206655 -21.059126 36.115008 7.085306 -6.107878 35.336742 8.344431 -15.319158 20.791002 9.228278 -8.527080 30.449810 -1.026281 -7.210100 40.474625 -0.117231 -8.637283 19.365405 5.372431 -0.194158 23.701533 -3.696120 5.719162 43.456242 1.178012 7.020673 10.566583 5.689844 -5.016964 -1.815512 -16.105870 49.351501 -2.534405 -2.202652 -28.595968 14.507776 -6.620650 30.044851
0.000681 0.793094 0.029782 5.747227 7.207095 -5.665005 21.000480 10.178835 -19.934827 -5.414256 21.000075 25.833773 -6.009545 6.646432 1.366415 1.442494 -3.240738 1.077800 0.459176 10.879954 -16.662124 -5.221504 -3.445172 50.945739 -4.652218 -9.043025 -37.628796 -1.732894 1.179392 -1.734016 -12.890823 -4.683055 17.280479 -2.424983 -2.951486 5.246857 -1.355641 -5.848545 -1.674133 -2.944209 21.426402 21.606289 8.117763 35.759465 20.502372 -13.497682 -7.309878 6.538919 -51.698265 -18.381362 2.046386 67.889096 -68.738552 -37.567003 16.440679 -29.234703 11.840156 -33.069437 -18.152277 -21.722575 -28.530639 -6.644358 -10.884674 -3.826775 -4.206650 -21.059126 -36.115008 -7.085308 -6.107878 -35.336742 -8.344426 -15.319158 -20.791002 -9.228273 -8.527080 -30.449810 1.026286 -7.210100 -40.474625 0.117229 -8.637283 -19.365405 -5.372419 -0.194158 -23.701533 3.696132 5.719162 -43.456242 -1.178000 7.020673 -10.566583 -5.689846 -5.016964 1.815512 16.105875 49.351501 2.534405 2.202657 -28.595968 -14.507776 6.620655 30.044851 -2.636971 7.854167 3.749288 67.052384 -0.421386 13.927350 51.072839 68.190323 61.848715 8.322570 23.951256 -45.257305 33.069437 18.152275 -21.722575 28.530639 6.644356 -10.884674 3.826775 4.206655 -21.059126 36.115008 7.085306 -6.107878 35.336742 8.344431 -15.319158 20.791002 9.228278 -8.527080 30.449810 -1.026281 -7.210100 40.474625 -0.117231 -8.637283 19.365405 5.372431 -0.194158 23.701533 -3.696120 5.719162 43.456242 1.178012 7.020673 10.566583 5.689844 -5.016964 -1.815512 -16.105870 49.351501 -2.534405 -2.202652 -28.595968 14.507776 -6.620650 30.044851
0.001813 0.793501 0.030444 5.630076 6.961427 -5.636567 21.104613 10.348887 -19.816928 -5.345120 21.082010 25.768786 -6.017537 6.587290 1.324367 1.462547 -3.260252 1.064769 0.491568 10.832184 -16.627139 -5.205617 -3.464789 50.732808 -4.681396 -8.780622 -37.523762 -1.730519 1.171038 -1.726277 -12.766576 -4.783678 17.434519 -2.343052 -2.963166 5.229975 -1.323814 -5.680440 -1.739547 -3.009266 21.671366 21.580116 8.068585 35.668924 20.418359 -13.361006 -7.384211 6.517070 -51.735862 -18.361930 2.033026 68.169605 -68.948863 -37.727400 16.509517 -29.280281 11.764524 -33.069437 -18.152277 -21.722575 -28.530639 -6.644358 -10.884674 -3.826775 -4.206650 -21.059126 -36.115008 -7.085308 -6.107878 -35.336742 -8.344426 -15.319158 -20.791002 -9.228273 -8.527080 -30.449810 1.026286 -7.210100 -40.474625 0.117229 -8.637283 -19.365405 -5.372419 -0.194158 -23.701533 3.696132 5.719162 -43.456242 -1.178000 7.020673 -10.566583 -5.689846 -5.016964 1.815512 16.105875 49.351501 2.534405 2.202657 -28.595968 -14.507776 6.620655 30.044851 -2.492327 7.976181 3.725099 67.780516 -0.246677 14.063872 51.989341 68.562322 62.911554 8.015193 23.997005 -45.488657 33.069437 18.152275 -21.722575 28.530639 6.644356 -10.884674 3.826775 4.206655 -21.059126 36.115008 7.085306 -6.107878 35.336742 8.344431 -15.319158 20.791002 9.228278 -8.527080 30.449810 -1.026281 -7.210100 40.474625 -0.117231 -8.637283 19.365405 5.372431 -0.194158 23.701533 -3.696120 5.719162 43.456242 1.178012 7.020673 10.566583 5.689844 -5.016964 -1.815512 -16.105870 49.351501 -2.534405 -2.202652 -28.595968 14.507776 -6.620650 30.044851
0.003054 0.793921 0.030362 5.571569 6.665222 -5.573589 21.182870 10.500237 -19.695904 -5.288076 21.264956 25.719494 -6.008239 6.490233 1.284004 1.467940 -3.280701 1.050961 0.525872 10.874613 -16.664842 -5.235357 -3.397375 50.584770 -4.702187 -8.611295 -37.443821 -1.740512 1.174658 -1.717401 -12.699561 -4.807686 17.506475 -2.278963 -2.921413 5.256757 -1.291910 -5.543324 -1.806746 -3.058240 21.891722 21.590665 8.038031 35.619118 20.338577 -13.238580 -7.460477 6.500619 -51.782335 -18.379757 2.037695 68.569963 -69.133530 -38.005553 16.373932 -29.315217 11.854063 -33.069437 -18.152277 -21.722575 -28.530639 -6.644358 -10.884674 -3.826775 -4.206650 -21.059126 -36.115008 -7.085308 -6.107878 -35.336742 -8.344426 -15.319158 -20.791002 -9.228273 -8.527080 -30.449810 1.026286 -7.210100 -40.474625 0.117229 -8.637283 -19.365405 -5.372419 -0.194158 -23.701533 3.696132 5.719162 -43.456242 -1.178000 7.020673 -10.566583 -5.689846 -5.016964 1.815512 16.105875 49.351501 2.534405 2.202657 -28.595968 -14.507776 6.620655 30.044851 -2.348379 8.159886 3.740740 68.435354 -0.062712 14.253536 53.006404 68.979278 63.989693 8.004457 24.094253 -45.705611 33.069437 18.152275 -21.722575 28.530639 6.644356 -10.884674 3.826775 4.206655 -21.059126 36.115008 7.085306 -6.107878 35.336742 8.344431 -15.319158 20.791002 9.228278 -8.527080 30.449810 -1.026281 -7.210100 40.474625 -0.117231 -8.637283 19.365405 5.372431 -0.194158 23.701533 -3.696120 5.719162 43.456242 1.178012 7.020673 10.566583 5.689844 -5.016964 -1.815512 -16.105870 49.351501 -2.534405 -2.202652 -28.595968 14.507776 -6.620650 30.044851
0.004252 0.794365 0.030242 5.539164 6.478218 -5.496358 21.204029 10.522763 -19.662332 -5.217740 21.451502 25.722586 -5.983053 6.434587 1.230291 1.470695 -3.292388 1.050318 0.487682 10.906947 -16.720805 -5.254427 -3.387116 50.462045 -4.705261 -8.464084 -37.387089 -1.741886 1.180874 -1.707946 -12.626102 -4.826954 17.590910 -2.214805 -2.901728 5.248032 -1.275757 -5.448993 -1.865685 -3.074789 22.062641 21.656300 7.999248 35.614747 20.285737 -13.135271 -7.491772 6.479844 -51.857528 -18.462245 2.079552 69.134833 -69.327005 -38.415873 16.082384 -29.243439 11.859228 -33.069437 -18.152277 -21.722575 -28.530639 -6.644358 -10.884674 -3.826775 -4.206650 -21.059126 -36.115008 -7.085308 -6.107878 -35.336742 -8.344426 -15.319158 -20.791002 -9.228273 -8.527080 -30.449810 1.026286 -7.210100 -40.474625 0.117229 -8.637283 -19.365405 -5.372419 -0.194158 -23.701533 3.696132 5.719162 -43.456242 -1.178000 7.020673 -10.566583 -5.689846 -5.016964 1.815512 16.105875 49.351501 2.534405 2.202657 -28.595968 -14.507776 6.620655 30.044851 -2.251298 8.262653 3.743972 69.005913 0.125091 14.478034 53.908883 69.361373 65.091990 8.111024 24.223111 -45.725477 33.069437 18.152275 -21.722575 28.530639 6.644356 -10.884674 3.826775 4.206655 -21.059126 36.115008 7.085306 -6.107878 35.336742 8.344431 -15.319158 20.791002 9.228278 -8.527080 30.449810 -1.026281 -7.210100 40.474625 -0.117231 -8.637283 19.365405 5.372431 -0.194158 23.701533 -3.696120 5.719162 43.456242 1.178012 7.020673 10.566583 5.689844 -5.016964 -1.815512 -16.105870 49.351501 -2.534405 -2.202652 -28.595968 14.507776 -6.620650 30.044851
0.005650 0.794735 0.029569 5.510921 6.410531 -5.459738 21.166360 10.491453 -19.691616 -5.112275 21.570751 25.800906 -5.981341 6.397656 1.159416 1.480106 -3.297244 1.062958 0.397404 10.858268 -16.710345 -5.278126 -3.453922 50.332258 -4.705240 -8.260066 -37.348437 -1.717940 1.181823 -1.697853 -12.525982 -4.861132 17.741229 -2.156581 -2.925026 5.194492 -1.271320 -5.374953 -1.930078 -3.070927 22.174444 21.757185 7.967853 35.622369 20.258874 -13.035256 -7.507154 6.456654 -51.975875 -18.557833 2.125717 69.883832 -69.523615 -38.989015 15.730797 -29.074016 11.717401 -33.069437 -18.152277 -21.722575 -28.530639 -6.644358 -10.884674 -3.826775 -4.206650 -21.059126 -36.115008 -7.085308 -6.107878 -35.336742 -8.344426 -15.319158 -20.791002 -9.228273 -8.527080 -30.449810 1.026286 -7.210100 -40.474625 0.117229 -8.637283 -19.365405 -5.372419 -0.194158 -23.701533 3.696132 5.719162 -43.456242 -1.178000 7.020673 -10.566583 -5.689846 -5.016964 1.815512 16.105875 49.351501 2.534405 2.202657 -28.595968 -14.507776 6.620655 30.044851 -2.200021 8.299277 3.733307 69.450040 0.278572 14.640249 54.729592 69.641369 66.174766 8.159347 24.338733 -45.718732 33.069437 18.152275 -21.722575 28.530639 6.644356 -10.884674 3.826775 4.206655 -21.059126 36.115008 7.085306 -6.107878 35.336742 8.344431 -15.319158 20.791002 9.228278 -8.527080 30.449810 -1.026281 -7.210100 40.474625 -0.117231 -8.637283 19.365405 5.372431 -0.194158 23.701533 -3.696120 5.719162 43.456242 1.178012 7.020673 10.566583 5.689844 -5.016964 -1.815512 -16.105870 49.351501 -2.534405 -2.202652 -28.595968 14.507776 -6.620650 30.044851
0.006791 0.795094 0.029638 5.476946 6.387944 -5.446352 21.114517 10.485504 -19.725964 -5.009141 21.638062 25.890399 -6.010038 6.354209 1.084609 1.497326 -3.302613 1.075246 0.321087 10.778779 -16.648306 -5.307472 -3.516944 50.198605 -4.709555 -8.062414 -37.324706 -1.682079 1.177227 -1.689011 -12.428106 -4.886793 17.887593 -2.107804 -2.958357 5.149247 -1.257220 -5.332292 -1.989292 -3.051078 22.229632 21.841794 7.940988 35.667285 20.265424 -12.929026 -7.528013 6.436602 -52.155236 -18.619086 2.161591 70.655937 -69.626603 -39.589347 15.539985 -28.959849 11.486468 -33.069437 -18.152277 -21.722575 -28.530639 -6.644358 -10.884674 -3.826775 -4.206650 -21.059126 -36.115008 -7.085308 -6.107878 -35.336742 -8.344426 -15.319158 -20.791002 -9.228273 -8.527080 -30.449810 1.026286 -7.210100 -40.474625 0.117229 -8.637283 -19.365405 -5.372419 -0.194158 -23.701533 3.696132 5.719162 -43.456242 -1.178000 7.020673 -10.566583 -5.689846 -5.016964 1.815512 16.105875 49.351501 2.534405 2.202657 -28.595968 -14.507776 6.620655 30.044851 -2.207596 8.330873 3.712431 69.764399 0.400450 14.744492 55.401194 69.832014 67.015521 8.089487 24.410368 -45.799840 33.069437 18.152275 -21.722575 28.530639 6.644356 -10.884674 3.826775 4.206655 -21.059126 36.115008 7.085306 -6.107878 35.336742 8.344431 -15.319158 20.791002 9.228278 -8.527080 30.449810 -1.026281 -7.210100 40.474625 -0.117231 -8.637283 19.365405 5.372431 -0.194158 23.701533 -3.696120 5.719162 43.456242 1.178012 7.020673 10.566583 5.689844 -5.016964 -1.815512 -16.105870 49.351501 -2.534405 -2.202652 -28.595968 14.507776 -6.620650 30.044851
0.007910 0.795413 0.029884 5.437031 6.357659 -5.414623 21.090111 10.504478 -19.721959 -4.952219 21.692376 25.906634 -6.052338 6.326479 1.023218 1.512425 -3.304593 1.075002 0.295556 10.755508 -16.588617 -5.332810 -3.523098 50.062326 -4.701607 -7.948671 -37.301603 -1.664073 1.172363 -1.681706 -12.333501 -4.912659 17.966358 -2.089350 -2.970064 5.126956 -1.243093 -5.320353 -2.022850 -3.018930 22.260866 21.882760 7.917966 35.768125 20.316135 -12.853939 -7.523485 6.409355 -52.335266 -18.636517 2.177043 71.222699 -69.599330 -40.040304 15.706901 -29.003255 11.298912 -33.069437 -18.152277 -21.722575 -28.530639 -6.644358 -10.884674 -3.826775 -4.206650 -21.059126 -36.115008 -7.085308 -6.107878 -35.336742 -8.344426 -15.319158 -20.791002 -9.228273 -8.527080 -30.449810 1.026286 -7.210100 -40.474625 0.117229 -8.637283 -19.365405 -5.372419 -0.194158 -23.701533 3.696132 5.719162 -43.456242 -1.178000 7.020673 -10.566583 -5.689846 -5.016964 1.815512 16.105875 49.351501 2.534405 2.202657 -28.595968 -14.507776 6.620655 30.044851 -2.262589 8.374641 3.662536 69.982965 0.518776 14.850139 55.800931 69.958632 67.495786 8.003899 24.422000 -45.803959 33.069437 18.152275 -21.722575 28.530639 6.644356 -10.884674 3.826775 4.206655 -21.059126 36.115008 7.085306 -6.107878 35.336742 8.344431 -15.319158 20.791002 9.228278 -8.527080 30.449810 -1.026281 -7.210100 40.474625 -0.117231 -8.637283 19.365405 5.372431 -0.194158 23.701533 -3.696120 5.719162 43.456242 1.178012 7.020673 10.566583 5.689844 -5.016964 -1.815512 -16.105870 49.351501 -2.534405 -2.202652 -28.595968 14.507776 -6.620650 30.044851
0.008975 0.795886 0.030385 5.397774 6.317381 -5.349021 21.086227 10.524388 -19.700391 -4.952434 21.738555 25.837328 -6.063563 6.323836 0.977280 1.516913 -3.302688 1.066841 0.298492 10.795916 -16.576060 -5.325024 -3.482253 49.944351 -4.692420 -7.943972 -37.260540 -1.672950 1.166435 -1.667160 -12.241990 -4.951775 17.955326 -2.094644 -2.965269 5.110659 -1.244035 -5.319772 -2.019691 -2.987774 22.293638 21.863912 7.915168 35.870742 20.404371 -12.808947 -7.496321 6.390929 -52.484806 -18.632262 2.168607 71.541758 -69.458443 -40.293513 16.301712 -29.220121 11.226588 -33.069437 -18.152277 -21.722575 -28.530639 -6.644358 -10.884674 -3.826775 -4.206650 -21.059126 -36.115008 -7.085308 -6.107878 -35.336742 -8.344426 -15.319158 -20.791002 -9.228273 -8.527080 -30.449810 1.026286 -7.210100 -40.474625 0.117229 -8.637283 -19.365405 -5.372419 -0.194158 -23.701533 3.696132 5.719162 -43.456242 -1.178000 7.020673 -10.566583 -5.689846 -5.016964 1.815512 16.105875 49.351501 2.534405 2.202657 -28.595968 -14.507776 6.620655 30.044851 -2.345201 8.423873 3.596904 70.155947 0.653283 14.975734 55.900030 70.029925 67.672503 7.921681 24.366265 -45.634768 33.069437 18.152275 -21.722575 28.530639 6.644356 -10.884674 3.826775 4.206655 -21.059126 36.115008 7.085306 -6.107878 35.336742 8.344431 -15.319158 20.791002 9.228278 -8.527080 30.449810 -1.026281 -7.210100 40.474625 -0.117231 -8.637283 19.365405 5.372431 -0.194158 23.701533 -3.696120 5.719162 43.456242 1.178012 7.020673 10.566583 5.689844 -5.016964 -1.815512 -16.105870 49.351501 -2.534405 -2.202652 -28.595968 14.507776 -6.620650 30.044851
0.009956 0.796287 0.030562 5.359250 6.277315 -5.266474 21.080713 10.543376 -19.689403 -4.986224 21.766251 25.726958 -6.035653 6.343486 0.929250 1.519260 -3.296288 1.061005 0.284594 10.849744 -16.599883 -5.278867 -3.454024 49.845443 -4.680647 -7.977194 -37.208709 -1.684555 1.156941 -1.646996 -12.143090 -5.007933 17.905119 -2.114098 -2.965304 5.076668 -1.267865 -5.310217 -1.989281 -2.938528 22.316669 21.804795 7.907018 35.920630 20.494505 -12.765618 -7.455361 6.393491 -52.576208 -18.652595 2.143008 71.685595 -69.242971 -40.384378 17.082735 -29.521195 11.174154 -33.069437 -18.152277 -21.722575 -28.530639 -6.644358 -10.884674 -3.826775 -4.206650 -21.059126 -36.115008 -7.085308 -6.107878 -35.336742 -8.344426 -15.319158 -20.791002 -9.228273 -8.527080 -30.449810 1.026286 -7.210100 -40.474625 0.117229 -8.637283 -19.365405 -5.372419 -0.194158 -23.701533 3.696132 5.719162 -43.456242 -1.178000 7.020673 -10.566583 -5.689846 -5.016964 1.815512 16.105875 49.351501 2.534405 2.202657 -28.595968 -14.507776 6.620655 30.044851 -2.419533 8.436994 3.530684 70.305282 0.801580 15.102289 55.781195 70.055921 67.666725 7.833575 24.283763 -45.385036 33.069437 18.152275 -21.722575 28.530639 6.644356 -10.884674 3.826775 4.206655 -21.059126 36.115008 7.085306 -6.107878 35.336742 8.344431 -15.319158 20.791002 9.228278 -8.527080 30.449810 -1.026281 -7.210100 40.474625 -0.117231 -8.637283 19.365405 5.372431 -0.194158 23.701533 -3.696120 5.719162 43.456242 1.178012 7.020673 10.566583 5.689844 -5.016964 -1.815512 -16.105870 49.351501 -2.534405 -2.202652 -28.595968 14.507776 -6.620650 30.044851
0.010834 0.796691 0.030884 5.337444 6.252863 -5.216678 21.045906 10.544483 -19.676040 -5.008419 21.780472 25.635597 -5.992411 6.378764 0.874703 1.520834 -3.285291 1.065937 0.254917 10.883745 -16.578392 -5.233154 -3.440480 49.750080 -4.655751 -8.004098 -37.165832 -1.688274 1.147905 -1.631691 -12.062082 -5.037774 17.893919 -2.135173 -2.977079 5.037068 -1.290901 -5.309705 -1.958298 -2.902575 22.316464 21.747606 7.881354 35.940287 20.547104 -12.749061 -7.428573 6.392552 -52.554713 -18.687279 2.085359 71.762885 -68.996318 -40.458151 17.631030 -29.708479 11.122247 -33.069437 -18.152277 -21.722575 -28.530639 -6.644358 -10.884674 -3.826775 -4.206650 -21.059126 -36.115008 -7.085308 -6.107878 -35.336742 -8.344426 -15.319158 -20.791002 -9.228273 -8.527080 -30.449810 1.026286 -7.210100 -40.474625 0.117229 -8.637283 -19.365405 -5.372419 -0.194158 -23.701533 3.696132 5.719162 -43.456242 -1.178000 7.020673 -10.566583 -5.689846 -5.016964 1.815512 16.105875 49.351501 2.534405 2.202657 -28.595968 -14.507776 6.620655 30.044851 -2.457141 8.435826 3.452427 70.399620 0.905761 15.203694 55.548918 70.087640 67.520614 7.850462 24.192717 -45.125810 33.069437 18.152275 -21.722575 28.530639 6.644356 -10.884674 3.826775 4.206655 -21.059126 36.115008 7.085306 -6.107878 35.336742 8.344431 -15.319158 20.791002 9.228278 -8.527080 30.449810 -1.026281 -7.210100 40.474625 -0.117231 -8.637283 19.365405 5.372431 -0.194158 23.701533 -3.696120 5.719162 43.456242 1.178012 7.020673 10.566583 5.689844 -5.016964 -1.815512 -16.105870 49.351501 -2.534405 -2.202652 -28.595968 14.507776 -6.620650 30.044851
0.011990 0.797162 0.030856 5.352732 6.245295 -5.204880 20.979583 10.508262 -19.644626 -5.015693 21.801427 25.587086 -5.954287 6.427402 0.816418 1.517770 -3.276644 1.078253 0.204128 10.907323 -16.499790 -5.204293 -3.427345 49.673510 -4.628389 -8.016666 -37.141175 -1.681519 1.144346 -1.623589 -12.036197 -4.998043 17.922884 -2.135673 -2.986184 5.007282 -1.280631 -5.344320 -1.948782 -2.934412 22.304538 21.732303 7.853596 35.959822 20.534757 -12.769752 -7.449036 6.380070 -52.443354 -18.714873 2.007748 71.799891 -68.746388 -40.572557 17.801042 -29.709326 11.088874 -33.069437 -18.152277 -21.722575 -28.530639 -6.644358 -10.884674 -3.826775 -4.206650 -21.059126 -36.115008 -7.085308 -6.107878 -35.336742 -8.344426 -15.319158 -20.791002 -9.228273 -8.527080 -30.449810 1.026286 -7.210100 -40.474625 0.117229 -8.637283 -19.365405 -5.372419 -0.194158 -23.701533 3.696132 5.719162 -43.456242 -1.178000 7.020673 -10.566583 -5.689846 -5.016964 1.815512 16.105875 49.351501 2.534405 2.202657 -28.595968 -14.507776 6.620655 30.044851 -2.464972 8.468214 3.386217 70.430616 0.946332 15.275196 55.226393 70.132815 67.200934 7.925065 24.095920 -44.931071 33.069437 18.152275 -21.722575 28.530639 6.644356 -10.884674 3.826775 4.206655 -21.059126 36.115008 7.085306 -6.107878 35.336742 8.344431 -15.319158 20.791002 9.228278 -8.527080 30.449810 -1.026281 -7.210100 40.474625 -0.117231 -8.637283 19.365405 5.372431 -0.194158 23.701533 -3.696120 5.719162 43.456242 1.178012 7.020673 10.566583 5.689844 -5.016964 -1.815512 -16.105870 49.351501 -2.534405 -2.202652 -28.595968 14.507776 -6.620650 30.044851
0.012302 0.797427 0.030742 5.368276 6.233930 -5.190979 20.932971 10.475293 -19.606046 -5.017587 21.836390 25.573813 -5.961406 6.461689 0.739990 1.514843 -3.276070 1.080736 0.162427 10.905110 -16.431569 -5.199710 -3.421478 49.614385 -4.604736 -7.982317 -37.133850 -1.670899 1.145869 -1.627329 -12.026693 -4.969493 17.966444 -2.124271 -2.983772 4.970125 -1.265481 -5.344887 -1.978637 -2.992495 22.306861 21.814803 7.813410 35.955327 20.426456 -12.817021 -7.465715 6.386524 -52.271516 -18.751080 1.906135 71.842600 -68.560364 -40.737434 17.720542 -29.591553 11.031833 -33.069437 -18.152277 -21.722575 -28.530639 -6.644358 -10.884674 -3.826775 -4.206650 -21.059126 -36.115008 -7.085308 -6.107878 -35.336742 -8.344426 -15.319158 -20.791002 -9.228273 -8.527080 -30.449810 1.026286 -7.210100 -40.474625 0.117229 -8.637283 -19.365405 -5.372419 -0.194158 -23.701533 3.696132 5.719162 -43.456242 -1.178000 7.020673 -10.566583 -5.689846 -5.016964 1.815512 16.105875 49.351501 2.534405 2.202657 -28.595968 -14.507776 6.620655 30.044851 -2.406075 8.493459 3.392691 70.428990 0.963435 15.274637 54.953411 70.147432 66.907584 7.949947 24.009231 -44.881603 33.069437 18.152275 -21.722575 28.530639 6.644356 -10.884674 3.826775 4.206655 -21.059126 36.115008 7.085306 -6.107878 35.336742 8.344431 -15.319158 20.791002 9.228278 -8.527080 30.449810 -1.026281 -7.210100 40.474625 -0.117231 -8.637283 19.365405 5.372431 -0.194158 23.701533 -3.696120 5.719162 43.456242 1.178012 7.020673 10.566583 5.689844 -5.016964 -1.815512 -16.105870 49.351501 -2.534405 -2.202652 -28.595968 14.507776 -6.620650 30.044851
0.012679 0.797519 0.030696 5.337336 6.231676 -5.157095 20.940431 10.472636 -19.598521 -5.003957 21.867639 25.604491 -6.005764 6.466170 0.648356 1.512992 -3.281985 1.069085 0.155686 10.853105 -16.389479 -5.210019 -3.443198 49.532429 -4.593311 -7.895846 -37.124025 -1.674341 1.149523 -1.639298 -11.963372 -5.028540 17.968942 -2.116369 -2.990876 4.952404 -1.283669 -5.269584 -2.022785 -3.037011 22.341244 21.978084 7.757148 35.915849 20.246149 -12.873844 -7.463735 6.421465 -52.084639 -18.796630 1.752253 71.988240 -68.435495 -40.988874 17.567661 -29.449048 10.976575 -33.069437 -18.152277 -21.722575 -28.530639 -6.644358 -10.884674 -3.826775 -4.206650 -21.059126 -36.115008 -7.085308 -6.107878 -35.336742 -8.344426 -15.319158 -20.791002 -9.228273 -8.527080 -30.449810 1.026286 -7.210100 -40.474625 0.117229 -8.637283 -19.365405 -5.372419 -0.194158 -23.701533 3.696132 5.719162 -43.456242 -1.178000 7.020673 -10.566583 -5.689846 -5.016964 1.815512 16.105875 49.351501 2.534405 2.202657 -28.595968 -14.507776 6.620655 30.044851 -2.279152 8.500077 3.478707 70.428027 0.997654 15.168047 54.759501 70.112707 66.739862 7.928912 23.950983 -44.936682 33.069437 18.152275 -21.722575 28.530639 6.644356 -10.884674 3.826775 4.206655 -21.059126 36.115008 7.085306 -6.107878 35.336742 8.344431 -15.319158 20.791002 9.228278 -8.527080 30.449810 -1.026281 -7.210100 40.474625 -0.117231 -8.637283 19.365405 5.372431 -0.194158 23.701533 -3.696120 5.719162 43.456242 1.178012 7.020673 10.566583 5.689844 -5.016964 -1.815512 -16.105870 49.351501 -2.534405 -2.202652 -28.595968 14.507776 -6.620650 30.044851
0.012898 0.797593 0.031266 5.285798 6.223958 -5.103682 20.975716 10.478448 -19.627126 -4.986338 21.905983 25.674244 -6.044814 6.454682 0.550573 1.510621 -3.284410 1.054423 0.159454 10.808189 -16.374853 -5.203472 -3.468265 49.455180 -4.589500 -7.834545 -37.114941 -1.687579 1.156237 -1.643471 -11.870958 -5.110325 17.889369 -2.113495 -2.998157 4.992753 -1.315765 -5.186870 -2.048807 -3.070844 22.394786 22.105299 7.713153 35.887900 20.116985 -12.919162 -7.482975 6.455500 -51.930632 -18.844455 1.563750 72.214231 -68.265501 -41.291786 17.502052 -29.421871 10.986863 -33.069437 -18.152277 -21.722575 -28.530639 -6.644358 -10.884674 -3.826775 -4.206650 -21.059126 -36.115008 -7.085308 -6.107878 -35.336742 -8.344426 -15.319158 -20.791002 -9.228273 -8.527080 -30.449810 1.026286 -7.210100 -40.474625 0.117229 -8.637283 -19.365405 -5.372419 -0.194158 -23.701533 3.696132 5.719162 -43.456242 -1.178000 7.020673 -10.566583 -5.689846 -5.016964 1.815512 16.105875 49.351501 2.534405 2.202657 -28.595968 -14.507776 6.620655 30.044851 -2.165796 8.523006 3.584829 70.442227 1.045165 15.035668 54.523887 70.070319 66.546437 7.915383 23.928129 -44.982700 33.069437 18.152275 -21.722575 28.530639 6.644356 -10.884674 3.826775 4.206655 -21.059126 36.115008 7.085306 -6.107878 35.336742 8.344431 -15.319158 20.791002 9.228278 -8.527080 30.449810 -1.026281 -7.210100 40.474625 -0.117231 -8.637283 19.365405 5.372431 -0.194158 23.701533 -3.696120 5.719162 43.456242 1.178012 7.020673 10.566583 5.689844 -5.016964 -1.815512 -16.105870 49.351501 -2.534405 -2.202652 -28.595968 14.507776 -6.620650 30.044851
0.013103 0.797653 0.031853 5.241435 6.213405 -5.069928 21.007160 10.488304 -19.645057 -4.969677 21.921570 25.758518 -6.075702 6.451178 0.447883 1.509005 -3.281910 1.042413 0.156845 10.777829 -16.341163 -5.190833 -3.498953 49.398599 -4.584039 -7.796611 -37.114531 -1.695743 1.167726 -1.638386 -11.792546 -5.160035 17.817660 -2.112460 -3.002644 5.072547 -1.333474 -5.135801 -2.062389 -3.095823 22.440739 22.133491 7.681796 35.901205 20.074220 -12.947691 -7.530465 6.457554 -51.808293 -18.881919 1.371966 72.416876 -68.009977 -41.563982 17.661840 -29.529712 11.003979 -33.069437 -18.152277 -21.722575 -28.530639 -6.644358 -10.884674 -3.826775 -4.206650 -21.059126 -36.115008 -7.085308 -6.107878 -35.336742 -8.344426 -15.319158 -20.791002 -9.228273 -8.527080 -30.449810 1.026286 -7.210100 -40.474625 0.117229 -8.637283 -19.365405 -5.372419 -0.194158 -23.701533 3.696132 5.719162 -43.456242 -1.178000 7.020673 -10.566583 -5.689846 -5.016964 1.815512 16.105875 49.351501 2.534405 2.202657 -28.595968 -14.507776 6.620655 30.044851 -2.100421 8.572259 3.649395 70.474227 1.075511 14.938469 54.264125 70.034379 66.321827 7.887967 23.907789 -44.975010 33.069437 18.152275 -21.722575 28.530639 6.644356 -10.884674 3.826775 4.206655 -21.059126 36.115008 7.085306 -6.107878 35.336742 8.344431 -15.319158 20.791002 9.228278 -8.527080 30.449810 -1.026281 -7.210100 40.474625 -0.117231 -8.637283 19.365405 5.372431 -0.194158 23.701533 -3.696120 5.719162 43.456242 1.178012 7.020673 10.566583 5.689844 -5.016964 -1.815512 -16.105870 49.351501 -2.534405 -2.202652 -28.595968 14.507776 -6.620650 30.044851
0.013634 0.797713 0.032244 5.222067 6.223985 -5.141101 21.028023 10.433909 -19.574617 -4.967141 21.897104 25.836299 -6.095333 6.509016 0.349662 1.499264 -3.273694 1.037615 0.133290 10.772263 -16.185363 -5.185838 -3.571640 49.334917 -4.578300 -7.754345 -37.113295 -1.697573 1.179317 -1.627734 -11.784837 -5.153532 17.903720 -2.096380 -3.010759 5.168020 -1.304364 -5.126225 -2.069695 -3.138248 22.474774 22.017383 7.649301 35.934413 20.083840 -12.963201 -7.592292 6.391393 -51.675914 -18.905886 1.175750 72.581476 -67.697091 -41.842668 17.834698 -29.570038 10.964299 -33.069437 -18.152277 -21.722575 -28.530639 -6.644358 -10.884674 -3.826775 -4.206650 -21.059126 -36.115008 -7.085308 -6.107878 -35.336742 -8.344426 -15.319158 -20.791002 -9.228273 -8.527080 -30.449810 1.026286 -7.210100 -40.474625 0.117229 -8.637283 -19.365405 -5.372419 -0.194158 -23.701533 3.696132 5.719162 -43.456242 -1.178000 7.020673 -10.566583 -5.689846 -5.016964 1.815512 16.105875 49.351501 2.534405 2.202657 -28.595968 -14.507776 6.620655 30.044851 -2.101199 8.637268 3.604733 70.521471 1.049222 14.922437 53.994114 70.011825 66.079696 7.918129 23.871152 -44.899273 33.069437 18.152275 -21.722575 28.530639 6.644356 -10.884674 3.826775 4.206655 -21.059126 36.115008 7.085306 -6.107878 35.336742 8.344431 -15.319158 20.791002 9.228278 -8.527080 30.449810 -1.026281 -7.210100 40.474625 -0.117231 -8.637283 19.365405 5.372431 -0.194158 23.701533 -3.696120 5.719162 43.456242 1.178012 7.020673 10.566583 5.689844 -5.016964 -1.815512 -16.105870 49.351501 -2.534405 -2.202652 -28.595968 14.507776 -6.620650 30.044851
0.014174 0.797616 0.032504 5.229243 6.256176 -5.283811 21.038094 10.311191 -19.447541 -4.983673 21.855139 25.920180 -6.107381 6.617684 0.250019 1.480834 -3.259070 1.035811 0.089569 10.798559 -15.942882 -5.189477 -3.676231 49.259311 -4.566709 -7.716226 -37.117618 -1.696402 1.183681 -1.612871 -11.837440 -5.104751 18.096783 -2.068618 -3.028838 5.252546 -1.246743 -5.137700 -2.052714 -3.196744 22.505640 21.833569 7.601577 35.934304 20.060633 -12.985551 -7.665826 6.282058 -51.482735 -18.949545 0.949267 72.707050 -67.334745 -42.144849 17.863468 -29.493963 10.902843 -33.069437 -18.152277 -21.722575 -28.530639 -6.644358 -10.884674 -3.826775 -4.206650 -21.059126 -36.115008 -7.085308 -6.107878 -35.336742 -8.344426 -15.319158 -20.791002 -9.228273 -8.527080 -30.449810 1.026286 -7.210100 -40.474625 0.117229 -8.637283 -19.365405 -5.372419 -0.194158 -23.701533 3.696132 5.719162 -43.456242 -1.178000 7.020673 -10.566583 -5.689846 -5.016964 1.815512 16.105875 49.351501 2.534405 2.202657 -28.595968 -14.507776 6.620655 30.044851 -2.121365 8.698235 3.495858 70.553778 0.982109 14.957756 53.690560 70.009039 65.798600 8.005368 23.825546 -44.752701 33.069437 18.152275 -21.722575 28.530639 6.644356 -10.884674 3.826775 4.206655 -21.059126 36.115008 7.085306 -6.107878 35.336742 8.344431 -15.319158 20.791002 9.228278 -8.527080 30.449810 -1.026281 -7.210100 40.474625 -0.117231 -8.637283 19.365405 5.372431 -0.194158 23.701533 -3.696120 5.719162 43.456242 1.178012 7.020673 10.566583 5.689844 -5.016964 -1.815512 -16.105870 49.351501 -2.534405 -2.202652 -28.595968 14.507776 -6.620650 30.044851
0.014819 0.797569 0.033376 5.234221 6.289261 -5.344328 21.025745 10.258380 -19.414166 -4.992553 21.805894 26.043081 -6.119622 6.697700 0.135391 1.474945 -3.244057 1.024817 0.043436 10.771505 -15.789512 -5.190339 -3.722539 49.223394 -4.550040 -7.670880 -37.142306 -1.693286 1.176810 -1.600183 -11.820984 -5.076406 18.190300 -2.078649 -3.070270 5.245961 -1.246265 -5.112018 -1.993445 -3.253443 22.534675 21.816611 7.550153 35.894047 19.895511 -13.056146 -7.715564 6.198890 -51.186141 -19.043999 0.689883 72.631221 -66.957780 -42.325385 17.884050 -29.348494 10.896593 -33.069437 -18.152277 -21.722575 -28.530639 -6.644358 -10.884674 -3.826775 -4.206650 -21.059126 -36.115008 -7.085308 -6.107878 -35.336742 -8.344426 -15.319158 -20.791002 -9.228273 -8.527080 -30.449810 1.026286 -7.210100 -40.474625 0.117229 -8.637283 -19.365405 -5.372419 -0.194158 -23.701533 3.696132 5.719162 -43.456242 -1.178000 7.020673 -10.566583 -5.689846 -5.016964 1.815512 16.105875 49.351501 2.534405 2.202657 -28.595968 -14.507776 6.620655 30.044851 -2.050476 8.710345 3.471208 70.528875 0.916764 14.944789 53.492600 69.984341 65.601173 8.010576 23.723312 -44.628258 33.069437 18.152275 -21.722575 28.530639 6.644356 -10.884674 3.826775 4.206655 -21.059126 36.115008 7.085306 -6.107878 35.336742 8.344431 -15.319158 20.791002 9.228278 -8.527080 30.449810 -1.026281 -7.210100 40.474625 -0.117231 -8.637283 19.365405 5.372431 -0.194158 23.701533 -3.696120 5.719162 43.456242 1.178012 7.020673 10.566583 5.689844 -5.016964 -1.815512 -16.105870 49.351501 -2.534405 -2.202652 -28.595968 14.507776 -6.620650 30.044851
0.015522 0.797450 0.034499 5.221795 6.323071 -5.326044 21.005931 10.314585 -19.474753 -4.992637 21.747188 26.220570 -6.134324 6.707631 0.004239 1.479986 -3.235567 1.008077 0.009282 10.675267 -15.735921 -5.178144 -3.700191 49.244489 -4.542072 -7.627584 -37.179243 -1.685833 1.166831 -1.594618 -11.740711 -5.072499 18.188218 -2.114094 -3.119803 5.176641 -1.280999 -5.061209 -1.934250 -3.324687 22.560609 21.942565 7.534946 35.880332 19.700038 -13.152298 -7.757528 6.149466 -50.865997 -19.152483 0.413529 72.319655 -66.575009 -42.345861 17.947403 -29.163321 10.932481 -33.069437 -18.152277 -21.722575 -28.530639 -6.644358 -10.884674 -3.826775 -4.206650 -21.059126 -36.115008 -7.085308 -6.107878 -35.336742 -8.344426 -15.319158 -20.791002 -9.228273 -8.527080 -30.449810 1.026286 -7.210100 -40.474625 0.117229 -8.637283 -19.365405 -5.372419 -0.194158 -23.701533 3.696132 5.719162 -43.456242 -1.178000 7.020673 -10.566583 -5.689846 -5.016964 1.815512 16.105875 49.351501 2.534405 2.202657 -28.595968 -14.507776 6.620655 30.044851 -1.934102 8.705345 3.530716 70.462929 0.844924 14.873140 53.477789 69.934070 65.549407 7.964848 23.586647 -44.586467 33.069437 18.152275 -21.722575 28.530639 6.644356 -10.884674 3.826775 4.206655 -21.059126 36.115008 7.085306 -6.107878 35.336742 8.344431 -15.319158 20.791002 9.228278 -8.527080 30.449810 -1.026281 -7.210100 40.474625 -0.117231 -8.637283 19.365405 5.372431 -0.194158 23.701533 -3.696120 5.719162 43.456242 1.178012 7.020673 10.566583 5.689844 -5.016964 -1.815512 -16.105870 49.351501 -2.534405 -2.202652 -28.595968 14.507776 -6.620650 30.044851
0.016034 0.797282 0.035486 5.194814 6.363239 -5.335353 21.011719 10.400209 -19.526495 -5.003034 21.690238 26.417095 -6.136094 6.692113 -0.127697 1.479182 -3.233450 0.997944 -0.001961 10.590655 -15.666910 -5.155425 -3.673567 49.277090 -4.537448 -7.614634 -37.225272 -1.679182 1.160151 -1.586923 -11.701825 -5.062028 18.217207 -2.126539 -3.148858 5.139679 -1.275357 -5.029824 -1.905300 -3.405325 22.596338 22.006740 7.551595 35.938088 19.605341 -13.208642 -7.821718 6.098475 -50.635696 -19.223319 0.163242 71.994777 -66.161356 -42.328431 18.142267 -29.029203 10.917040 -33.069437 -18.152277 -21.722575 -28.530639 -6.644358 -10.884674 -3.826775 -4.206650 -21.059126 -36.115008 -7.085308 -6.107878 -35.336742 -8.344426 -15.319158 -20.791002 -9.228273 -8.527080 -30.449810 1.026286 -7.210100 -40.474625 0.117229 -8.637283 -19.365405 -5.372419 -0.194158 -23.701533 3.696132 5.719162 -43.456242 -1.178000 7.020673 -10.566583 -5.689846 -5.016964 1.815512 16.105875 49.351501 2.534405 2.202657 -28.595968 -14.507776 6.620655 30.044851 -1.881894 8.733827 3.552362 70.412939 0.747942 14.806498 53.507944 69.883090 65.518207 7.988738 23.478382 -44.558672 33.069437 18.152275 -21.722575 28.530639 6.644356 -10.884674 3.826775 4.206655 -21.059126 36.115008 7.085306 -6.107878 35.336742 8.344431 -15.319158 20.791002 9.228278 -8.527080 30.449810 -1.026281 -7.210100 40.474625 -0.117231 -8.637283 19.365405 5.372431 -0.194158 23.701533 -3.696120 5.719162 43.456242 1.178012 7.020673 10.566583 5.689844 -5.016964 -1.815512 -16.105870 49.351501 -2.534405 -2.202652 -28.595968 14.507776 -6.620650 30.044851
0.016865 0.797189 0.036550 5.175138 6.414336 -5.369248 21.013323 10.484322 -19.552871 -5.016997 21.627407 26.608354 -6.120536 6.687502 -0.270461 1.470735 -3.230930 0.998124 -0.011064 10.521902 -15.566370 -5.132018 -3.639839 49.307183 -4.515974 -7.615679 -37.288479 -1.682105 1.157091 -1.579941 -11.699119 -5.036716 18.301852 -2.132612 -3.168754 5.103680 -1.248260 -5.025214 -1.888368 -3.462463 22.641438 21.998554 7.582213 36.022017 19.590326 -13.251525 -7.877528 6.037407 -50.441835 -19.262763 -0.053216 71.768561 -65.794918 -42.346763 18.411110 -28.925254 10.884657 -33.069437 -18.152277 -21.722575 -28.530639 -6.644358 -10.884674 -3.826775 -4.206650 -21.059126 -36.115008 -7.085308 -6.107878 -35.336742 -8.344426 -15.319158 -20.791002 -9.228273 -8.527080 -30.449810 1.026286 -7.210100 -40.474625 0.117229 -8.637283 -19.365405 -5.372419 -0.194158 -23.701533 3.696132 5.719162 -43.456242 -1.178000 7.020673 -10.566583 -5.689846 -5.016964 1.815512 16.105875 49.351501 2.534405 2.202657 -28.595968 -14.507776 6.620655 30.044851 -1.869163 8.752801 3.519960 70.382552 0.640947 14.768365 53.560083 69.824200 65.517531 8.067485 23.376824 -44.501589 33.069437 18.152275 -21.722575 28.530639 6.644356 -10.884674 3.826775 4.206655 -21.059126 36.115008 7.085306 -6.107878 35.336742 8.344431 -15.319158 20.791002 9.228278 -8.527080 30.449810 -1.026281 -7.210100 40.474625 -0.117231 -8.637283 19.365405 5.372431 -0.194158 23.701533 -3.696120 5.719162 43.456242 1.178012 7.020673 10.566583 5.689844 -5.016964 -1.815512 -16.105870 49.351501 -2.534405 -2.202652 -28.595968 14.507776 -6.620650 30.044851
0.017607 0.797024 0.037329 5.179059 6.477638 -5.394148 20.987115 10.527455 -19.565439 -5.037372 21.577410 26.772079 -6.095620 6.694920 -0.437349 1.459618 -3.227699 1.001463 -0.046818 10.471864 -15.478349 -5.123707 -3.621992 49.340798 -4.480992 -7.617523 -37.358669 -1.688158 1.158676 -1.573133 -11.715453 -5.006328 18.422846 -2.148818 -3.190037 5.033664 -1.231138 -5.032925 -1.872874 -3.477107 22.692015 21.994558 7.602276 36.059433 19.589590 -13.286583 -7.909329 5.992012 -50.240061 -19.295685 -0.241382 71.668847 -65.525615 -42.423784 18.653008 -28.872443 10.837171 -33.069437 -18.152277 -21.722575 -28.530639 -6.644358 -10.884674 -3.826775 -4.206650 -21.059126 -36.115008 -7.085308 -6.107878 -35.336742 -8.344426 -15.319158 -20.791002 -9.228273 -8.527080 -30.449810 1.026286 -7.210100 -40.474625 0.117229 -8.637283 -19.365405 -5.372419 -0.194158 -23.701533 3.696132 5.719162 -43.456242 -1.178000 7.020673 -10.566583 -5.689846 -5.016964 1.815512 16.105875 49.351501 2.534405 2.202657 -28.595968 -14.507776 6.620655 30.044851 -1.858351 8.734940 3.478150 70.381247 0.542586 14.754786 53.559714 69.770569 65.509171 8.057525 23.274507 -44.414664 33.069437 18.152275 -21.722575 28.530639 6.644356 -10.884674 3.826775 4.206655 -21.059126 36.115008 7.085306 -6.107878 35.336742 8.344431 -15.319158 20.791002 9.228278 -8.527080 30.449810 -1.026281 -7.210100 40.474625 -0.117231 -8.637283 19.365405 5.372431 -0.194158 23.701533 -3.696120 5.719162 43.456242 1.178012 7.020673 10.566583 5.689844 -5.016964 -1.815512 -16.105870 49.351501 -2.534405 -2.202652 -28.595968 14.507776 -6.620650 30.044851
0.018502 0.796926 0.038226 5.198987 6.531009 -5.413735 20.961646 10.496596 -19.563069 -5.068218 21.596289 26.885458 -6.076699 6.697864 -0.606645 1.454234 -3.226244 0.993781 -0.104615 10.473462 -15.403764 -5.141358 -3.650112 49.370383 -4.445423 -7.628445 -37.424430 -1.688022 1.163430 -1.568435 -11.769072 -4.979342 18.545282 -2.159701 -3.194955 4.988535 -1.219341 -5.035602 -1.873233 -3.462699 22.729274 22.042439 7.572244 36.059638 19.532360 -13.310521 -7.923816 5.982810 -50.060195 -19.329399 -0.379041 71.719923 -65.326445 -42.574642 18.757542 -28.906949 10.756990 -33.069437 -18.152277 -21.722575 -28.530639 -6.644358 -10.884674 -3.826775 -4.206650 -21.059126 -36.115008 -7.085308 -6.107878 -35.336742 -8.344426 -15.319158 -20.791002 -9.228273 -8.527080 -30.449810 1.026286 -7.210100 -40.474625 0.117229 -8.637283 -19.365405 -5.372419 -0.194158 -23.701533 3.696132 5.719162 -43.456242 -1.178000 7.020673 -10.566583 -5.689846 -5.016964 1.815512 16.105875 49.351501 2.534405 2.202657 -28.595968 -14.507776 6.620655 30.044851 -1.842419 8.710714 3.449450 70.408582 0.452106 14.769454 53.418957 69.747674 65.400448 8.006143 23.229947 -44.319014 33.069437 18.152275 -21.722575 28.530639 6.644356 -10.884674 3.826775 4.206655 -21.059126 36.115008 7.085306 -6.107878 35.336742 8.344431 -15.319158 20.791002 9.228278 -8.527080 30.449810 -1.026281 -7.210100 40.474625 -0.117231 -8.637283 19.365405 5.372431 -0.194158 23.701533 -3.696120 5.719162 43.456242 1.178012 7.020673 10.566583 5.689844 -5.016964 -1.815512 -16.105870 49.351501 -2.534405 -2.202652 -28.595968 14.507776 -6.620650 30.044851
0.019164 0.796962 0.038516 5.195935 6.569258 -5.408407 20.963570 10.457056 -19.574047 -5.094786 21.662132 26.970658 -6.078809 6.666855 -0.751284 1.451073 -3.227419 0.978212 -0.130416 10.483988 -15.332856 -5.158161 -3.677385 49.358820 -4.414201 -7.669508 -37.472009 -1.692740 1.170185 -1.571772 -11.802401 -4.956283 18.601834 -2.163079 -3.187524 5.004135 -1.219696 -5.042453 -1.887399 -3.457963 22.734881 22.154516 7.529008 36.101876 19.432266 -13.397471 -7.924513 6.001645 -49.868536 -19.344261 -0.482859 71.827034 -65.193675 -42.753900 18.719144 -28.985592 10.732142 -33.069437 -18.152277 -21.722575 -28.530639 -6.644358 -10.884674 -3.826775 -4.206650 -21.059126 -36.115008 -7.085308 -6.107878 -35.336742 -8.344426 -15.319158 -20.791002 -9.228273 -8.527080 -30.449810 1.026286 -7.210100 -40.474625 0.117229 -8.637283 -19.365405 -5.372419 -0.194158 -23.701533 3.696132 5.719162 -43.456242 -1.178000 7.020673 -10.566583 -5.689846 -5.016964 1.815512 16.105875 49.351501 2.534405 2.202657 -28.595968 -14.507776 6.620655 30.044851 -1.798515 8.695851 3.459482 70.381800 0.367713 14.772635 53.371849 69.749655 65.347808 8.034722 23.226942 -44.278716 33.069437 18.152275 -21.722575 28.530639 6.644356 -10.884674 3.826775 4.206655 -21.059126 36.115008 7.085306 -6.107878 35.336742 8.344431 -15.319158 20.791002 9.228278 -8.527080 30.449810 -1.026281 -7.210100 40.474625 -0.117231 -8.637283 19.365405 5.372431 -0.194158 23.701533 -3.696120 5.719162 43.456242 1.178012 7.020673 10.566583 5.689844 -5.016964 -1.815512 -16.105870 49.351501 -2.534405 -2.202652 -28.595968 14.507776 -6.620650 30.044851
0.019956 0.797134 0.039313 5.138196 6.625156 -5.372669 20.981173 10.485470 -19.623765 -5.102044 21.681946 27.056591 -6.097326 6.602398 -0.861756 1.443758 -3.224666 0.963853 -0.100924 10.432577 -15.252294 -5.130087 -3.662201 49.249424 -4.392534 -7.729484 -37.488661 -1.707341 1.174324 -1.577406 -11.737986 -4.945464 18.599423 -2.178682 -3.197851 5.039611 -1.244429 -5.066598 -1.902494 -3.476191 22.723434 22.285616 7.546280 36.207197 19.386184 -13.575319 -7.918120 6.027900 -49.644089 -19.325854 -0.588009 71.836658 -65.112956 -42.866561 18.670052 -29.061831 10.803738 -33.069437 -18.152277 -21.722575 -28.530639 -6.644358 -10.884674 -3.826775 -4.206650 -21.059126 -36.115008 -7.085308 -6.107878 -35.336742 -8.344426 -15.319158 -20.791002 -9.228273 -8.527080 -30.449810 1.026286 -7.210100 -40.474625 0.117229 -8.637283 -19.365405 -5.372419 -0.194158 -23.701533 3.696132 5.719162 -43.456242 -1.178000 7.020673 -10.566583 -5.689846 -5.016964 1.815512 16.105875 49.351501 2.534405 2.202657 -28.595968 -14.507776 6.620655 30.044851 -1.730071 8.678093 3.503510 70.273009 0.285682 14.734924 53.588039 69.747456 65.471926 8.130459 23.211656 -44.337261 33.069437 18.152275 -21.722575 28.530639 6.644356 -10.884674 3.826775 4.206655 -21.059126 36.115008 7.085306 -6.107878 35.336742 8.344431 -15.319158 20.791002 9.228278 -8.527080 30.449810 -1.026281 -7.210100 40.474625 -0.117231 -8.637283 19.365405 5.372431 -0.194158 23.701533 -3.696120 5.719162 43.456242 1.178012 7.020673 10.566583 5.689844 -5.016964 -1.815512 -16.105870 49.351501 -2.534405 -2.202652 -28.595968 14.507776 -6.620650 30.044851
0.020907 0.797387 0.040425 5.053750 6.693950 -5.320405 20.991717 10.581168 -19.681800 -5.099097 21.650042 27.126841 -6.125845 6.532546 -0.946181 1.439839 -3.220131 0.949718 -0.073848 10.341086 -15.156190 -5.065156 -3.653855 49.055972 -4.387655 -7.750288 -37.484341 -1.718648 1.178661 -1.578916 -11.646477 -4.928573 18.596382 -2.185105 -3.216470 5.077836 -1.257848 -5.093625 -1.929430 -3.500983 22.714521 22.399867 7.592056 36.308612 19.378322 -13.774741 -7.934895 6.060789 -49.458055 -19.289360 -0.684033 71.714145 -65.013389 -42.852989 18.782633 -29.167958 10.895786 -33.069437 -18.152277 -21.722575 -28.530639 -6.644358 -10.884674 -3.826775 -4.206650 -21.059126 -36.115008 -7.085308 -6.107878 -35.336742 -8.344426 -15.319158 -20.791002 -9.228273 -8.527080 -30.449810 1.026286 -7.210100 -40.474625 0.117229 -8.637283 -19.365405 -5.372419 -0.194158 -23.701533 3.696132 5.719162 -43.456242 -1.178000 7.020673 -10.566583 -5.689846 -5.016964 1.815512 16.105875 49.351501 2.534405 2.202657 -28.595968 -14.507776 6.620655 30.044851 -1.679267 8.665566 3.558392 70.115847 0.171488 14.662471 54.104312 69.760160 65.868589 8.207721 23.194027 -44.610486 33.069437 18.152275 -21.722575 28.530639 6.644356 -10.884674 3.826775 4.206655 -21.059126 36.115008 7.085306 -6.107878 35.336742 8.344431 -15.319158 20.791002 9.228278 -8.527080 30.449810 -1.026281 -7.210100 40.474625 -0.117231 -8.637283 19.365405 5.372431 -0.194158 23.701533 -3.696120 5.719162 43.456242 1.178012 7.020673 10.566583 5.689844 -5.016964 -1.815512 -16.105870 49.351501 -2.534405 -2.202652 -28.595968 14.507776 -6.620650 30.044851
0.021951 0.797697 0.041615 4.998321 6.735307 -5.248830 20.986962 10.694836 -19.713541 -5.110565 21.641027 27.156689 -6.162259 6.478307 -1.009042 1.441198 -3.220746 0.940620 -0.104294 10.248066 -15.072158 -4.998423 -3.668950 48.852778 -4.378967 -7.707361 -37.472262 -1.723630 1.183859 -1.580385 -11.607584 -4.883473 18.604477 -2.174922 -3.231107 5.126403 -1.247377 -5.099123 -1.962937 -3.533761 22.729158 22.472340 7.607758 36.356696 19.309737 -13.934094 -7.979769 6.079559 -49.311930 -19.240422 -0.762502 71.506077 -64.867388 -42.754279 19.053666 -29.292521 10.982258 -33.069437 -18.152277 -21.722575 -28.530639 -6.644358 -10.884674 -3.826775 -4.206650 -21.059126 -36.115008 -7.085308 -6.107878 -35.336742 -8.344426 -15.319158 -20.791002 -9.228273 -8.527080 -30.449810 1.026286 -7.210100 -40.474625 0.117229 -8.637283 -19.365405 -5.372419 -0.194158 -23.701533 3.696132 5.719162 -43.456242 -1.178000 7.020673 -10.566583 -5.689846 -5.016964 1.815512 16.105875 49.351501 2.534405 2.202657 -28.595968 -14.507776 6.620655 30.044851 -1.655105 8.671372 3.593317 69.958978 0.007905 14.577478 54.808149 69.823790 66.494562 8.272729 23.141933 -44.986952 33.069437 18.152275 -21.722575 28.530639 6.644356 -10.884674 3.826775 4.206655 -21.059126 36.115008 7.085306 -6.107878 35.336742 8.344431 -15.319158 20.791002 9.228278 -8.527080 30.449810 -1.026281 -7.210100 40.474625 -0.117231 -8.637283 19.365405 5.372431 -0.194158 23.701533 -3.696120 5.719162 43.456242 1.178012 7.020673 10.566583 5.689844 -5.016964 -1.815512 -16.105870 49.351501 -2.534405 -2.202652 -28.595968 14.507776 -6.620650 30.044851
0.022947 0.797979 0.042478 5.012715 6.726550 -5.139589 20.963039 10.754798 -19.713801 -5.166230 21.726745 27.116259 -6.191391 6.478587 -1.026591 1.430654 -3.228204 0.934588 -0.223015 10.206388 -15.049209 -4.947224 -3.691749 48.722799 -4.348006 -7.633178 -37.451959 -1.726018 1.189589 -1.580036 -11.648834 -4.807187 18.590213 -2.171410 -3.243313 5.191065 -1.232028 -5.087382 -1.987472 -3.569284 22.768021 22.515794 7.559267 36.357967 19.114047 -14.027148 -8.034021 6.056283 -49.140807 -19.185767 -0.842967 71.280592 -64.689547 -42.699129 19.311632 -29.359921 11.079660 -33.069437 -18.152277 -21.722575 -28.530639 -6.644358 -10.884674 -3.826775 -4.206650 -21.059126 -36.115008 -7.085308 -6.107878 -35.336742 -8.344426 -15.319158 -20.791002 -9.228273 -8.527080 -30.449810 1.026286 -7.210100 -40.474625 0.117229 -8.637283 -19.365405 -5.372419 -0.194158 -23.701533 3.696132 5.719162 -43.456242 -1.178000 7.020673 -10.566583 -5.689846 -5.016964 1.815512 16.105875 49.351501 2.534405 2.202657 -28.595968 -14.507776 6.620655 30.044851 -1.641889 8.698460 3.586283 69.878887 -0.152563 14.534528 55.318389 69.944425 66.960060 8.319228 22.962347 -45.137585 33.069437 18.152275 -21.722575 28.530639 6.644356 -10.884674 3.826775 4.206655 -21.059126 36.115008 7.085306 -6.107878 35.336742 8.344431 -15.319158 20.791002 9.228278 -8.527080 30.449810 -1.026281 -7.210100 40.474625 -0.117231 -8.637283 19.365405 5.372431 -0.194158 23.701533 -3.696120 5.719162 43.456242 1.178012 7.020673 10.566583 5.689844 -5.016964 -1.815512 -16.105870 49.351501 -2.534405 -2.202652 -28.595968 14.507776 -6.620650 30.044851
0.024196 0.798209 0.043221 5.062727 6.680201 -5.011087 20.936809 10.740168 -19.714021 -5.248353 21.863581 27.038873 -6.197754 6.544253 -1.006703 1.411159 -3.236353 0.928236 -0.377803 10.235820 -15.102645 -4.912540 -3.737620 48.675569 -4.321572 -7.569316 -37.421158 -1.722373 1.191119 -1.572419 -11.735199 -4.716305 18.584253 -2.177389 -3.252472 5.249289 -1.213810 -5.079527 -2.002989 -3.605849 22.805738 22.562536 7.454931 36.325564 18.841616 -14.041225 -8.102849 6.007289 -48.938333 -19.143385 -0.944887 71.077640 -64.462186 -42.733184 19.530118 -29.350051 11.153427 -33.069437 -18.152277 -21.722575 -28.530639 -6.644358 -10.884674 -3.826775 -4.206650 -21.059126 -36.115008 -7.085308 -6.107878 -35.336742 -8.344426 -15.319158 -20.791002 -9.228273 -8.527080 -30.449810 1.026286 -7.210100 -40.474625 0.117229 -8.637283 -19.365405 -5.372419 -0.194158 -23.701533 3.696132 5.719162 -43.456242 -1.178000 7.020673 -10.566583 -5.689846 -5.016964 1.815512 16.105875 49.351501 2.534405 2.202657 -28.595968 -14.507776 6.620655 30.044851 -1.658691 8.737747 3.533163 69.914233 -0.287282 14.554170 55.451533 70.107421 67.051298 8.321025 22.708373 -45.095982 33.069437 18.152275 -21.722575 28.530639 6.644356 -10.884674 3.826775 4.206655 -21.059126 36.115008 7.085306 -6.107878 35.336742 8.344431 -15.319158 20.791002 9.228278 -8.527080 30.449810 -1.026281 -7.210100 40.474625 -0.117231 -8.637283 19.365405 5.372431 -0.194158 23.701533 -3.696120 5.719162 43.456242 1.178012 7.020673 10.566583 5.689844 -5.016964 -1.815512 -16.105870 49.351501 -2.534405 -2.202652 -28.595968 14.507776 -6.620650 30.044851
0.025143 0.798467 0.043779 5.114558 6.617261 -4.883886 20.904706 10.695382 -19.729111 -5.329793 21.978930 26.950460 -6.172742 6.639971 -0.977953 1.400847 -3.247261 0.922740 -0.523189 10.296581 -15.191183 -4.885609 -3.799686 48.639799 -4.314598 -7.529004 -37.382944 -1.708108 1.183763 -1.563774 -11.799243 -4.645291 18.613189 -2.207498 -3.271843 5.278840 -1.224790 -5.067089 -2.011930 -3.656000 22.848713 22.648124 7.360588 36.256757 18.558338 -14.008149 -8.203458 5.987594 -48.645833 -19.105847 -1.116722 70.830155 -64.187431 -42.759289 19.724815 -29.293880 11.193349 -33.069437 -18.152277 -21.722575 -28.530639 -6.644358 -10.884674 -3.826775 -4.206650 -21.059126 -36.115008 -7.085308 -6.107878 -35.336742 -8.344426 -15.319158 -20.791002 -9.228273 -8.527080 -30.449810 1.026286 -7.210100 -40.474625 0.117229 -8.637283 -19.365405 -5.372419 -0.194158 -23.701533 3.696132 5.719162 -43.456242 -1.178000 7.020673 -10.566583 -5.689846 -5.016964 1.815512 16.105875 49.351501 2.534405 2.202657 -28.595968 -14.507776 6.620655 30.044851 -1.649912 8.802832 3.506760 70.042968 -0.358350 14.588717 55.164832 70.320891 66.745770 8.221777 22.460089 -44.889451 33.069437 18.152275 -21.722575 28.530639 6.644356 -10.884674 3.826775 4.206655 -21.059126 36.115008 7.085306 -6.107878 35.336742 8.344431 -15.319158 20.791002 9.228278 -8.527080 30.449810 -1.026281 -7.210100 40.474625 -0.117231 -8.637283 19.365405 5.372431 -0.194158 23.701533 -3.696120 5.719162 43.456242 1.178012 7.020673 10.566583 5.689844 -5.016964 -1.815512 -16.105870 49.351501 -2.534405 -2.202652 -28.595968 14.507776 -6.620650 30.044851
0.025749 0.798802 0.044249 5.168449 6.557565 -4.728186 20.868381 10.626718 -19.771483 -5.415407 22.100732 26.854511 -6.122864 6.733305 -0.946795 1.393620 -3.264521 0.914307 -0.674256 10.359992 -15.312869 -4.848200 -3.853160 48.589016 -4.310266 -7.511600 -37.341402 -1.689932 1.175922 -1.556974 -11.854446 -4.618216 18.630690 -2.249752 -3.303255 5.307231 -1.279422 -5.034667 -2.015448 -3.687827 22.918866 22.765290 7.310145 36.163047 18.314109 -13.988943 -8.281411 6.036385 -48.249870 -19.126289 -1.333137 70.545370 -63.901547 -42.733523 19.899394 -29.243705 11.170768 -33.069437 -18.152277 -21.722575 -28.530639 -6.644358 -10.884674 -3.826775 -4.206650 -21.059126 -36.115008 -7.085308 -6.107878 -35.336742 -8.344426 -15.319158 -20.791002 -9.228273 -8.527080 -30.449810 1.026286 -7.210100 -40.474625 0.117229 -8.637283 -19.365405 -5.372419 -0.194158 -23.701533 3.696132 5.719162 -43.456242 -1.178000 7.020673 -10.566583 -5.689846 -5.016964 1.815512 16.105875 49.351501 2.534405 2.202657 -28.595968 -14.507776 6.620655 30.044851 -1.528039 8.870991 3.577749 70.143017 -0.306024 14.632968 54.592281 70.537449 66.232058 8.045290 22.327406 -44.538393 33.069437 18.152275 -21.722575 28.530639 6.644356 -10.884674 3.826775 4.206655 -21.059126 36.115008 7.085306 -6.107878 35.336742 8.344431 -15.319158 20.791002 9.228278 -8.527080 30.449810 -1.026281 -7.210100 40.474625 -0.117231 -8.637283 19.365405 5.372431 -0.194158 23.701533 -3.696120 5.719162 43.456242 1.178012 7.020673 10.566583 5.689844 -5.016964 -1.815512 -16.105870 49.351501 -2.534405 -2.202652 -28.595968 14.507776 -6.620650 30.044851
0.026051 0.799104 0.044457 5.181387 6.505286 -4.551892 20.903341 10.550623 -19.835766 -5.496672 22.261870 26.774191 -6.082283 6.796792 -0.912220 1.379074 -3.278440 0.902468 -0.773599 10.452972 -15.476256 -4.787087 -3.903164 48.530174 -4.306929 -7.530083 -37.289230 -1.682982 1.176380 -1.550483 -11.917851 -4.622833 18.625140 -2.258369 -3.313671 5.352514 -1.326696 -5.013240 -2.017173 -3.669609 23.000262 22.883842 7.270110 36.105059 18.157998 -14.021005 -8.270667 6.121882 -47.873260 -19.230982 -1.509771 70.273351 -63.630588 -42.650064 20.027494 -29.242667 11.114115 -33.069437 -18.152277 -21.722575 -28.530639 -6.644358 -10.884674 -3.826775 -4.206650 -21.059126 -36.115008 -7.085308 -6.107878 -35.336742 -8.344426 -15.319158 -20.791002 -9.228273 -8.527080 -30.449810 1.026286 -7.210100 -40.474625 0.117229 -8.637283 -19.365405 -5.372419 -0.194158 -23.701533 3.696132 5.719162 -43.456242 -1.178000 7.020673 -10.566583 -5.689846 -5.016964 1.815512 16.105875 49.351501 2.534405 2.202657 -28.595968 -14.507776 6.620655 30.044851 -1.335635 8.870663 3.674502 70.132813 -0.167522 14.745088 54.032844 70.665242 65.773718 7.959530 22.397327 -44.273863 33.069437 18.152275 -21.722575 28.530639 6.644356 -10.884674 3.826775 4.206655 -21.059126 36.115008 7.085306 -6.107878 35.336742 8.344431 -15.319158 20.791002 9.228278 -8.527080 30.449810 -1.026281 -7.210100 40.474625 -0.117231 -8.637283 19.365405 5.372431 -0.194158 23.701533 -3.696120 5.719162 43.456242 1.178012 7.020673 10.566583 5.689844 -5.016964 -1.815512 -16.105870 49.351501 -2.534405 -2.202652 -28.595968 14.507776 -6.620650 30.044851
0.026814 0.799345 0.044895 5.159845 6.460999 -4.415075 20.953999 10.515331 -19.882329 -5.542845 22.375108 26.718440 -6.063942 6.843408 -0.902346 1.369431 -3.281377 0.892660 -0.820846 10.505988 -15.614796 -4.718267 -3.938121 48.460957 -4.314868 -7.532446 -37.220358 -1.685362 1.178388 -1.541614 -11.941776 -4.626105 18.698773 -2.270313 -3.320344 5.344970 -1.359586 -5.018424 -2.006769 -3.631243 23.064028 22.990022 7.256909 36.104389 18.112958 -14.101122 -8.198185 6.188865 -47.545507 -19.350975 -1.661531 70.001666 -63.420503 -42.531622 20.120460 -29.231028 11.037329 -33.069437 -18.152277 -21.722575 -28.530639 -6.644358 -10.884674 -3.826775 -4.206650 -21.059126 -36.115008 -7.085308 -6.107878 -35.336742 -8.344426 -15.319158 -20.791002 -9.228273 -8.527080 -30.449810 1.026286 -7.210100 -40.474625 0.117229 -8.637283 -19.365405 -5.372419 -0.194158 -23.701533 3.696132 5.719162 -43.456242 -1.178000 7.020673 -10.566583 -5.689846 -5.016964 1.815512 16.105875 49.351501 2.534405 2.202657 -28.595968 -14.507776 6.620655 30.044851 -1.176791 8.813078 3.726468 70.071498 -0.034879 14.871224 53.709022 70.700158 65.538827 7.884938 22.500121 -44.165680 33.069437 18.152275 -21.722575 28.530639 6.644356 -10.884674 3.826775 4.206655 -21.059126 36.115008 7.085306 -6.107878 35.336742 8.344431 -15.319158 20.791002 9.228278 -8.527080 30.449810 -1.026281 -7.210100 40.474625 -0.117231 -8.637283 19.365405 5.372431 -0.194158 23.701533 -3.696120 5.719162 43.456242 1.178012 7.020673 10.566583 5.689844 -5.016964 -1.815512 -16.105870 49.351501 -2.534405 -2.202652 -28.595968 14.507776 -6.620650 30.044851
0.026696 0.799474 0.045221 5.133203 6.430175 -4.336617 20.972098 10.509403 -19.929865 -5.546053 22.407469 26.713078 -6.037530 6.880059 -0.925237 1.372201 -3.279083 0.893669 -0.845974 10.491125 -15.707256 -4.660520 -3.963372 48.429231 -4.333391 -7.501198 -37.153340 -1.683065 1.175751 -1.529708 -11.923579 -4.629445 18.900610 -2.309587 -3.347371 5.249455 -1.388836 -5.034667 -1.976972 -3.586230 23.099217 23.061239 7.287127 36.154482 18.172340 -14.164324 -8.116974 6.206290 -47.280950 -19.450382 -1.814494 69.767200 -63.270278 -42.416711 20.161409 -29.150978 10.944932 -33.069437 -18.152277 -21.722575 -28.530639 -6.644358 -10.884674 -3.826775 -4.206650 -21.059126 -36.115008 -7.085308 -6.107878 -35.336742 -8.344426 -15.319158 -20.791002 -9.228273 -8.527080 -30.449810 1.026286 -7.210100 -40.474625 0.117229 -8.637283 -19.365405 -5.372419 -0.194158 -23.701533 3.696132 5.719162 -43.456242 -1.178000 7.020673 -10.566583 -5.689846 -5.016964 1.815512 16.105875 49.351501 2.534405 2.202657 -28.595968 -14.507776 6.620655 30.044851 -1.086309 8.747139 3.721151 70.031514 0.069937 14.959588 53.539541 70.687604 65.456305 7.866809 22.555992 -44.082929 33.069437 18.152275 -21.722575 28.530639 6.644356 -10.884674 3.826775 4.206655 -21.059126 36.115008 7.085306 -6.107878 35.336742 8.344431 -15.319158 20.791002 9.228278 -8.527080 30.449810 -1.026281 -7.210100 40.474625 -0.117231 -8.637283 19.365405 5.372431 -0.194158 23.701533 -3.696120 5.719162 43.456242 1.178012 7.020673 10.566583 5.689844 -5.016964 -1.815512 -16.105870 49.351501 -2.534405 -2.202652 -28.595968 14.507776 -6.620650 30.044851
0.026659 0.799456 0.045117 5.114951 6.423734 -4.303285 20.971826 10.499779 -20.014326 -5.507073 22.406028 26.772132 -5.997460 6.904087 -0.958614 1.385939 -3.278898 0.899758 -0.864910 10.451175 -15.785518 -4.646928 -4.021114 48.480833 -4.350513 -7.431161 -37.120299 -1.665334 1.173586 -1.518582 -11.921053 -4.645066 19.179625 -2.344382 -3.394485 5.133736 -1.398245 -5.042583 -1.952492 -3.545569 23.131183 23.111998 7.313866 36.207006 18.224369 -14.155555 -8.086334 6.161058 -47.117623 -19.495639 -1.940622 69.626491 -63.124379 -42.343744 20.119458 -29.047392 10.894095 -33.069437 -18.152277 -21.722575 -28.530639 -6.644358 -10.884674 -3.826775 -4.206650 -21.059126 -36.115008 -7.085308 -6.107878 -35.336742 -8.344426 -15.319158 -20.791002 -9.228273 -8.527080 -30.449810 1.026286 -7.210100 -40.474625 0.117229 -8.637283 -19.365405 -5.372419 -0.194158 -23.701533 3.696132 5.719162 -43.456242 -1.178000 7.020673 -10.566583 -5.689846 -5.016964 1.815512 16.105875 49.351501 2.534405 2.202657 -28.595968 -14.507776 6.620655 30.044851 -1.052826 8.727318 3.674952 70.041418 0.145923 15.004691 53.346865 70.673479 65.326320 7.948744 22.589835 -43.942780 33.069437 18.152275 -21.722575 28.530639 6.644356 -10.884674 3.826775 4.206655 -21.059126 36.115008 7.085306 -6.107878 35.336742 8.344431 -15.319158 20.791002 9.228278 -8.527080 30.449810 -1.026281 -7.210100 40.474625 -0.117231 -8.637283 19.365405 5.372431 -0.194158 23.701533 -3.696120 5.719162 43.456242 1.178012 7.020673 10.566583 5.689844 -5.016964 -1.815512 -16.105870 49.351501 -2.534405 -2.202652 -28.595968 14.507776 -6.620650 30.044851
0.026301 0.799132 0.044624 5.109655 6.430578 -4.285912 20.959778 10.497279 -20.135804 -5.435642 22.386958 26.897275 -5.973713 6.911088 -0.999795 1.402081 -3.283474 0.906153 -0.874115 10.431204 -15.894820 -4.699320 -4.102872 48.609107 -4.348571 -7.347628 -37.130411 -1.637699 1.173798 -1.510978 -11.967901 -4.665420 19.475352 -2.355294 -3.449264 5.042483 -1.381191 -5.041784 -1.952880 -3.514817 23.177976 23.172342 7.295182 36.214642 18.183806 -14.107274 -8.124023 6.089028 -47.008367 -19.492347 -2.037551 69.535014 -62.964554 -42.312185 20.053678 -28.973899 10.921562 -33.069437 -18.152277 -21.722575 -28.530639 -6.644358 -10.884674 -3.826775 -4.206650 -21.059126 -36.115008 -7.085308 -6.107878 -35.336742 -8.344426 -15.319158 -20.791002 -9.228273 -8.527080 -30.449810 1.026286 -7.210100 -40.474625 0.117229 -8.637283 -19.365405 -5.372419 -0.194158 -23.701533 3.696132 5.719162 -43.456242 -1.178000 7.020673 -10.566583 -5.689846 -5.016964 1.815512 16.105875 49.351501 2.534405 2.202657 -28.595968 -14.507776 6.620655 30.044851 -1.040981 8.770710 3.618676 70.076826 0.190865 15.017294 53.117138 70.689066 65.088957 8.018128 22.604520 -43.808260 33.069437 18.152275 -21.722575 28.530639 6.644356 -10.884674 3.826775 4.206655 -21.059126 36.115008 7.085306 -6.107878 35.336742 8.344431 -15.319158 20.791002 9.228278 -8.527080 30.449810 -1.026281 -7.210100 40.474625 -0.117231 -8.637283 19.365405 5.372431 -0.194158 23.701533 -3.696120 5.719162 43.456242 1.178012 7.020673 10.566583 5.689844 -5.016964 -1.815512 -16.105870 49.351501 -2.534405 -2.202652 -28.595968 14.507776 -6.620650 30.044851
0.026064 0.798655 0.044358 5.119070 6.412942 -4.272332 20.963020 10.515953 -20.237101 -5.378528 22.379356 27.032902 -5.985486 6.904361 -1.040750 1.414432 -3.295523 0.913222 -0.860789 10.473551 -16.037916 -4.789462 -4.161898 48.788974 -4.330388 -7.294141 -37.171645 -1.611405 1.176899 -1.504796 -12.053862 -4.659962 19.744363 -2.350730 -3.491098 4.984004 -1.347436 -5.043771 -1.979457 -3.492184 23.244004 23.244626 7.242678 36.184152 18.071466 -14.056850 -8.208526 6.031775 -46.892811 -19.473844 -2.117017 69.416544 -62.799830 -42.267075 19.976907 -28.930664 11.051058 -33.069437 -18.152277 -21.722575 -28.530639 -6.644358 -10.884674 -3.826775 -4.206650 -21.059126 -36.115008 -7.085308 -6.107878 -35.336742 -8.344426 -15.319158 -20.791002 -9.228273 -8.527080 -30.449810 1.026286 -7.210100 -40.474625 0.117229 -8.637283 -19.365405 -5.372419 -0.194158 -23.701533 3.696132 5.719162 -43.456242 -1.178000 7.020673 -10.566583 -5.689846 -5.016964 1.815512 16.105875 49.351501 2.534405 2.202657 -28.595968 -14.507776 6.620655 30.044851 -1.016012 8.833766 3.559464 70.110874 0.201240 15.022521 52.840075 70.728271 64.766572 8.081514 22.613318 -43.719751 33.069437 18.152275 -21.722575 28.530639 6.644356 -10.884674 3.826775 4.206655 -21.059126 36.115008 7.085306 -6.107878 35.336742 8.344431 -15.319158 20.791002 9.228278 -8.527080 30.449810 -1.026281 -7.210100 40.474625 -0.117231 -8.637283 19.365405 5.372431 -0.194158 23.701533 -3.696120 5.719162 43.456242 1.178012 7.020673 10.566583 5.689844 -5.016964 -1.815512 -16.105870 49.351501 -2.534405 -2.202652 -28.595968 14.507776 -6.620650 30.044851
0.025415 0.798080 0.043882 5.144729 6.382835 -4.265734 20.989721 10.537427 -20.297225 -5.348569 22.401049 27.136265 -6.015352 6.898446 -1.064793 1.417960 -3.317065 0.918713 -0.823956 10.567637 -16.185581 -4.882059 -4.190742 49.009107 -4.307054 -7.284763 -37.235630 -1.593565 1.184835 -1.498573 -12.155099 -4.637320 19.976246 -2.343061 -3.517005 4.956074 -1.312956 -5.051148 -2.008465 -3.481493 23.320987 23.312709 7.183993 36.163552 17.950068 -14.015403 -8.303766 6.001777 -46.757501 -19.487606 -2.192899 69.292638 -62.642104 -42.216976 19.849991 -28.873707 11.203177 -33.069437 -18.152277 -21.722575 -28.530639 -6.644358 -10.884674 -3.826775 -4.206650 -21.059126 -36.115008 -7.085308 -6.107878 -35.336742 -8.344426 -15.319158 -20.791002 -9.228273 -8.527080 -30.449810 1.026286 -7.210100 -40.474625 0.117229 -8.637283 -19.365405 -5.372419 -0.194158 -23.701533 3.696132 5.719162 -43.456242 -1.178000 7.020673 -10.566583 -5.689846 -5.016964 1.815512 16.105875 49.351501 2.534405 2.202657 -28.595968 -14.507776 6.620655 30.044851 -0.970326 8.887868 3.498345 70.134841 0.202647 15.044856 52.509337 70.770632 64.398896 8.145091 22.619205 -43.677660 33.069437 18.152275 -21.722575 28.530639 6.644356 -10.884674 3.826775 4.206655 -21.059126 36.115008 7.085306 -6.107878 35.336742 8.344431 -15.319158 20.791002 9.228278 -8.527080 30.449810 -1.026281 -7.210100 40.474625 -0.117231 -8.637283 19.365405 5.372431 -0.194158 23.701533 -3.696120 5.719162 43.456242 1.178012 7.020673 10.566583 5.689844 -5.016964 -1.815512 -16.105870 49.351501 -2.534405 -2.202652 -28.595968 14.507776 -6.620650 30.044851
0.024887 0.797578 0.043266 5.178432 6.359817 -4.259844 21.006132 10.553997 -20.361998 -5.309219 22.416110 27.223375 -6.042419 6.911635 -1.069849 1.415035 -3.342487 0.925116 -0.780754 10.656873 -16.353056 -4.954061 -4.200618 49.257624 -4.292948 -7.308484 -37.309584 -1.582040 1.193653 -1.493585 -12.230429 -4.624008 20.171097 -2.339013 -3.536567 4.944774 -1.296034 -5.060922 -2.024127 -3.489250 23.397915 23.372001 7.144693 36.182376 17.868156 -13.995241 -8.407475 6.008756 -46.599512 -19.533895 -2.278442 69.181279 -62.500398 -42.141625 19.764923 -28.786014 11.255774 -33.069437 -18.152277 -21.722575 -28.530639 -6.644358 -10.884674 -3.826775 -4.206650 -21.059126 -36.115008 -7.085308 -6.107878 -35.336742 -8.344426 -15.319158 -20.791002 -9.228273 -8.527080 -30.449810 1.026286 -7.210100 -40.474625 0.117229 -8.637283 -19.365405 -5.372419 -0.194158 -23.701533 3.696132 5.719162 -43.456242 -1.178000 7.020673 -10.566583 -5.689846 -5.016964 1.815512 16.105875 49.351501 2.534405 2.202657 -28.595968 -14.507776 6.620655 30.044851 -0.914612 8.936806 3.468940 70.138338 0.215789 15.059047 52.249827 70.823375 64.126870 8.144299 22.608591 -43.714884 33.069437 18.152275 -21.722575 28.530639 6.644356 -10.884674 3.826775 4.206655 -21.059126 36.115008 7.085306 -6.107878 35.336742 8.344431 -15.319158 20.791002 9.228278 -8.527080 30.449810 -1.026281 -7.210100 40.474625 -0.117231 -8.637283 19.365405 5.372431 -0.194158 23.701533 -3.696120 5.719162 43.456242 1.178012 7.020673 10.566583 5.689844 -5.016964 -1.815512 -16.105870 49.351501 -2.534405 -2.202652 -28.595968 14.507776 -6.620650 30.044851
0.024179 0.797173 0.042822 5.214569 6.331158 -4.264520 21.004949 10.587376 -20.438153 -5.242532 22.390476 27.309757 -6.082611 6.947562 -1.055624 1.417041 -3.360027 0.933636 -0.742691 10.712936 -16.525694 -5.013740 -4.195783 49.511044 -4.295533 -7.328135 -37.382534 -1.566104 1.199097 -1.488331 -12.249982 -4.606298 20.360012 -2.348652 -3.563615 4.927142 -1.294389 -5.081235 -2.056357 -3.516321 23.474434 23.445910 7.140922 36.216923 17.827770 -13.995068 -8.549830 6.043653 -46.439303 -19.558579 -2.372150 69.013679 -62.382176 -41.974477 19.800394 -28.705978 11.250818 -33.069437 -18.152277 -21.722575 -28.530639 -6.644358 -10.884674 -3.826775 -4.206650 -21.059126 -36.115008 -7.085308 -6.107878 -35.336742 -8.344426 -15.319158 -20.791002 -9.228273 -8.527080 -30.449810 1.026286 -7.210100 -40.474625 0.117229 -8.637283 -19.365405 -5.372419 -0.194158 -23.701533 3.696132 5.719162 -43.456242 -1.178000 7.020673 -10.566583 -5.689846 -5.016964 1.815512 16.105875 49.351501 2.534405 2.202657 -28.595968 -14.507776 6.620655 30.044851 -0.872482 9.004009 3.478115 70.135203 0.215939 15.029941 52.142258 70.887455 64.029233 8.043197 22.568737 -43.819454 33.069437 18.152275 -21.722575 28.530639 6.644356 -10.884674 3.826775 4.206655 -21.059126 36.115008 7.085306 -6.107878 35.336742 8.344431 -15.319158 20.791002 9.228278 -8.527080 30.449810 -1.026281 -7.210100 40.474625 -0.117231 -8.637283 19.365405 5.372431 -0.194158 23.701533 -3.696120 5.719162 43.456242 1.178012 7.020673 10.566583 5.689844 -5.016964 -1.815512 -16.105870 49.351501 -2.534405 -2.202652 -28.595968 14.507776 -6.620650 30.044851
0.023123 0.796705 0.042483 5.256886 6.299097 -4.302248 21.014195 10.638801 -20.480908 -5.167269 22.356441 27.375707 -6.148605 6.987723 -1.022672 1.428301 -3.370955 0.944802 -0.698702 10.762270 -16.674391 -5.083228 -4.186931 49.759564 -4.308705 -7.324822 -37.455808 -1.540804 1.201112 -1.483479 -12.248442 -4.579318 20.574084 -2.365200 -3.593558 4.896760 -1.290582 -5.102695 -2.120485 -3.539232 23.565774 23.529404 7.166938 36.228357 17.815585 -13.995474 -8.714076 6.069070 -46.337772 -19.564282 -2.449118 68.755300 -62.288217 -41.751140 19.900069 -28.678411 11.252137 -33.069437 -18.152277 -21.722575 -28.530639 -6.644358 -10.884674 -3.826775 -4.206650 -21.059126 -36.115008 -7.085308 -6.107878 -35.336742 -8.344426 -15.319158 -20.791002 -9.228273 -8.527080 -30.449810 1.026286 -7.210100 -40.474625 0.117229 -8.637283 -19.365405 -5.372419 -0.194158 -23.701533 3.696132 5.719162 -43.456242 -1.178000 7.020673 -10.566583 -5.689846 -5.016964 1.815512 16.105875 49.351501 2.534405 2.202657 -28.595968 -14.507776 6.620655 30.044851 -0.848311 9.095041 3.484581 70.149799 0.196650 14.974008 52.093757 70.941141 64.000498 7.855995 22.495408 -43.909736 33.069437 18.152275 -21.722575 28.530639 6.644356 -10.884674 3.826775 4.206655 -21.059126 36.115008 7.085306 -6.107878 35.336742 8.344431 -15.319158 20.791002 9.228278 -8.527080 30.449810 -1.026281 -7.210100 40.474625 -0.117231 -8.637283 19.365405 5.372431 -0.194158 23.701533 -3.696120 5.719162 43.456242 1.178012 7.020673 10.566583 5.689844 -5.016964 -1.815512 -16.105870 49.351501 -2.534405 -2.202652 -28.595968 14.507776 -6.620650 30.044851
0.021532 0.796088 0.042174 5.295372 6.247624 -4.363003 21.053898 10.702444 -20.495974 -5.081620 22.350670 27.414843 -6.248607 7.008234 -0.969457 1.438144 -3.384773 0.955724 -0.623595 10.833605 -16.821663 -5.174889 -4.180927 50.018288 -4.322890 -7.300076 -37.526432 -1.517592 1.203878 -1.477507 -12.248885 -4.551827 20.796550 -2.378348 -3.609124 4.850318 -1.274499 -5.119661 -2.200322 -3.542401 23.668234 23.594760 7.193670 36.215448 17.823408 -13.994200 -8.865487 6.059198 -46.316093 -19.590046 -2.477982 68.497058 -62.210942 -41.564344 19.906911 -28.672824 11.290084 -33.069437 -18.152277 -21.722575 -28.530639 -6.644358 -10.884674 -3.826775 -4.206650 -21.059126 -36.115008 -7.085308 -6.107878 -35.336742 -8.344426 -15.319158 -20.791002 -9.228273 -8.527080 -30.449810 1.026286 -7.210100 -40.474625 0.117229 -8.637283 -19.365405 -5.372419 -0.194158 -23.701533 3.696132 5.719162 -43.456242 -1.178000 7.020673 -10.566583 -5.689846 -5.016964 1.815512 16.105875 49.351501 2.534405 2.202657 -28.595968 -14.507776 6.620655 30.044851 -0.838474 9.170447 3.466575 70.166807 0.175149 14.931500 52.012054 70.961946 63.921664 7.671102 22.426498 -43.977775 33.069437 18.152275 -21.722575 28.530639 6.644356 -10.884674 3.826775 4.206655 -21.059126 36.115008 7.085306 -6.107878 35.336742 8.344431 -15.319158 20.791002 9.228278 -8.527080 30.449810 -1.026281 -7.210100 40.474625 -0.117231 -8.637283 19.365405 5.372431 -0.194158 23.701533 -3.696120 5.719162 43.456242 1.178012 7.020673 10.566583 5.689844 -5.016964 -1.815512 -16.105870 49.351501 -2.534405 -2.202652 -28.595968 14.507776 -6.620650 30.044851
0.020263 0.795435 0.041781 5.325726 6.168565 -4.418294 21.127025 10.758165 -20.501110 -4.997680 22.376167 27.430228 -6.370194 7.020488 -0.895749 1.445037 -3.404095 0.963859 -0.518913 10.939206 -17.002158 -5.266689 -4.173093 50.313427 -4.341062 -7.282489 -37.584721 -1.508221 1.208509 -1.476748 -12.253041 -4.534335 20.973428 -2.379933 -3.607451 4.828058 -1.251012 -5.146716 -2.285821 -3.549977 23.753392 23.645183 7.191627 36.208317 17.802857 -14.005364 -9.002624 6.026493 -46.331345 -19.618241 -2.462100 68.310634 -62.142515 -41.461885 19.856690 -28.643926 11.325149 -33.069437 -18.152277 -21.722575 -28.530639 -6.644358 -10.884674 -3.826775 -4.206650 -21.059126 -36.115008 -7.085308 -6.107878 -35.336742 -8.344426 -15.319158 -20.791002 -9.228273 -8.527080 -30.449810 1.026286 -7.210100 -40.474625 0.117229 -8.637283 -19.365405 -5.372419 -0.194158 -23.701533 3.696132 5.719162 -43.456242 -1.178000 7.020673 -10.566583 -5.689846 -5.016964 1.815512 16.105875 49.351501 2.534405 2.202657 -28.595968 -14.507776 6.620655 30.044851 -0.845850 9.218176 3.429553 70.197228 0.139980 14.916740 51.819761 70.970265 63.733745 7.564918 22.371051 -43.952131 33.069437 18.152275 -21.722575 28.530639 6.644356 -10.884674 3.826775 4.206655 -21.059126 36.115008 7.085306 -6.107878 35.336742 8.344431 -15.319158 20.791002 9.228278 -8.527080 30.449810 -1.026281 -7.210100 40.474625 -0.117231 -8.637283 19.365405 5.372431 -0.194158 23.701533 -3.696120 5.719162 43.456242 1.178012 7.020673 10.566583 5.689844 -5.016964 -1.815512 -16.105870 49.351501 -2.534405 -2.202652 -28.595968 14.507776 -6.620650 30.044851
0.018622 0.794701 0.041095 5.353226 6.093481 -4.467771 21.226399 10.765972 -20.492157 -4.923912 22.418575 27.421275 -6.468993 7.046797 -0.797506 1.447661 -3.427810 0.970593 -0.407817 11.069588 -17.212939 -5.319756 -4.164200 50.635170 -4.369685 -7.314789 -37.625439 -1.508562 1.214403 -1.483934 -12.262739 -4.545379 21.080756 -2.368241 -3.611924 4.868703 -1.234468 -5.193762 -2.365407 -3.577671 23.796177 23.682503 7.163936 36.239163 17.740616 -14.019003 -9.138818 6.000789 -46.362368 -19.643137 -2.434435 68.164967 -62.078091 -41.429038 19.902451 -28.604625 11.276746 -33.069437 -18.152277 -21.722575 -28.530639 -6.644358 -10.884674 -3.826775 -4.206650 -21.059126 -36.115008 -7.085308 -6.107878 -35.336742 -8.344426 -15.319158 -20.791002 -9.228273 -8.527080 -30.449810 1.026286 -7.210100 -40.474625 0.117229 -8.637283 -19.365405 -5.372419 -0.194158 -23.701533 3.696132 5.719162 -43.456242 -1.178000 7.020673 -10.566583 -5.689846 -5.016964 1.815512 16.105875 49.351501 2.534405 2.202657 -28.595968 -14.507776 6.620655 30.044851 -0.868831 9.264027 3.383955 70.272149 0.086418 14.926400 51.426127 71.005700 63.388629 7.531479 22.318233 -43.730740 33.069437 18.152275 -21.722575 28.530639 6.644356 -10.884674 3.826775 4.206655 -21.059126 36.115008 7.085306 -6.107878 35.336742 8.344431 -15.319158 20.791002 9.228278 -8.527080 30.449810 -1.026281 -7.210100 40.474625 -0.117231 -8.637283 19.365405 5.372431 -0.194158 23.701533 -3.696120 5.719162 43.456242 1.178012 7.020673 10.566583 5.689844 -5.016964 -1.815512 -16.105870 49.351501 -2.534405 -2.202652 -28.595968 14.507776 -6.620650 30.044851
0.016892 0.794125 0.039908 5.378228 6.027487 -4.532385 21.320734 10.728474 -20.476776 -4.823302 22.417196 27.415464 -6.554217 7.105660 -0.687278 1.441872 -3.448075 0.976331 -0.287057 11.206717 -17.414944 -5.353070 -4.162909 50.953771 -4.406049 -7.375345 -37.656277 -1.509935 1.221274 -1.488092 -12.254344 -4.613442 21.143015 -2.366483 -3.637579 4.954305 -1.241878 -5.243964 -2.420496 -3.591091 23.809618 23.681663 7.129683 36.308079 17.690265 -14.027018 -9.254016 5.991046 -46.402663 -19.710264 -2.404766 68.043676 -62.012321 -41.400130 20.068940 -28.581054 11.198587 -33.069437 -18.152277 -21.722575 -28.530639 -6.644358 -10.884674 -3.826775 -4.206650 -21.059126 -36.115008 -7.085308 -6.107878 -35.336742 -8.344426 -15.319158 -20.791002 -9.228273 -8.527080 -30.449810 1.026286 -7.210100 -40.474625 0.117229 -8.637283 -19.365405 -5.372419 -0.194158 -23.701533 3.696132 5.719162 -43.456242 -1.178000 7.020673 -10.566583 -5.689846 -5.016964 1.815512 16.105875 49.351501 2.534405 2.202657 -28.595968 -14.507776 6.620655 30.044851 -0.871257 9.320738 3.348954 70.327835 0.073495 14.936630 51.034866 71.062390 63.034429 7.479663 22.287449 -43.574039 33.069437 18.152275 -21.722575 28.530639 6.644356 -10.884674 3.826775 4.206655 -21.059126 36.115008 7.085306 -6.107878 35.336742 8.344431 -15.319158 20.791002 9.228278 -8.527080 30.449810 -1.026281 -7.210100 40.474625 -0.117231 -8.637283 19.365405 5.372431 -0.194158 23.701533 -3.696120 5.719162 43.456242 1.178012 7.020673 10.566583 5.689844 -5.016964 -1.815512 -16.105870 49.351501 -2.534405 -2.202652 -28.595968 14.507776 -6.620650 30.044851
0.014760 0.793516 0.038573 5.398239 5.922487 -4.603886 21.403711 10.699234 -20.466264 -4.677455 22.349379 27.423140 -6.672145 7.200511 -0.578445 1.435568 -3.456708 0.982578 -0.120660 11.356107 -17.616800 -5.412450 -4.145335 51.279278 -4.453087 -7.431639 -37.684988 -1.512079 1.225024 -1.480237 -12.225410 -4.726454 21.194695 -2.387031 -3.664517 5.028717 -1.266450 -5.294603 -2.452298 -3.559644 23.832424 23.639684 7.115687 36.402158 17.710143 -14.022329 -9.318582 5.988559 -46.464343 -19.797171 -2.365211 67.959904 -61.956630 -41.309367 20.247181 -28.575849 11.146463 -33.069437 -18.152277 -21.722575 -28.530639 -6.644358 -10.884674 -3.826775 -4.206650 -21.059126 -36.115008 -7.085308 -6.107878 -35.336742 -8.344426 -15.319158 -20.791002 -9.228273 -8.527080 -30.449810 1.026286 -7.210100 -40.474625 0.117229 -8.637283 -19.365405 -5.372419 -0.194158 -23.701533 3.696132 5.719162 -43.456242 -1.178000 7.020673 -10.566583 -5.689846 -5.016964 1.815512 16.105875 49.351501 2.534405 2.202657 -28.595968 -14.507776 6.620655 30.044851 -0.841137 9.366466 3.325702 70.342807 0.114415 14.948622 50.764544 71.099287 62.754153 7.391086 22.333881 -43.741617 33.069437 18.152275 -21.722575 28.530639 6.644356 -10.884674 3.826775 4.206655 -21.059126 36.115008 7.085306 -6.107878 35.336742 8.344431 -15.319158 20.791002 9.228278 -8.527080 30.449810 -1.026281 -7.210100 40.474625 -0.117231 -8.637283 19.365405 5.372431 -0.194158 23.701533 -3.696120 5.719162 43.456242 1.178012 7.020673 10.566583 5.689844 -5.016964 -1.815512 -16.105870 49.351501 -2.534405 -2.202652 -28.595968 14.507776 -6.620650 30.044851
0.012539 0.793001 0.036910 5.421936 5.761923 -4.656800 21.499081 10.660275 -20.451108 -4.498182 22.314094 27.424883 -6.817977 7.300648 -0.451026 1.427316 -3.464372 0.987597 0.063994 11.534437 -17.856573 -5.458421 -4.103001 51.616334 -4.517938 -7.496854 -37.702286 -1.513404 1.226329 -1.471441 -12.200191 -4.893862 21.209723 -2.423119 -3.684605 5.084615 -1.310368 -5.329901 -2.465916 -3.507601 23.877162 23.598621 7.109700 36.513545 17.741410 -14.006093 -9.329892 5.992408 -46.541882 -19.889543 -2.320857 67.907018 -61.905286 -41.180276 20.324017 -28.572038 11.111867 -33.069437 -18.152277 -21.722575 -28.530639 -6.644358 -10.884674 -3.826775 -4.206650 -21.059126 -36.115008 -7.085308 -6.107878 -35.336742 -8.344426 -15.319158 -20.791002 -9.228273 -8.527080 -30.449810 1.026286 -7.210100 -40.474625 0.117229 -8.637283 -19.365405 -5.372419 -0.194158 -23.701533 3.696132 5.719162 -43.456242 -1.178000 7.020673 -10.566583 -5.689846 -5.016964 1.815512 16.105875 49.351501 2.534405 2.202657 -28.595968 -14.507776 6.620655 30.044851 -0.785023 9.377859 3.325853 70.367423 0.188680 14.978443 50.496162 71.087853 62.469819 7.277949 22.409457 -44.048730 33.069437 18.152275 -21.722575 28.530639 6.644356 -10.884674 3.826775 4.206655 -21.059126 36.115008 7.085306 -6.107878 35.336742 8.344431 -15.319158 20.791002 9.228278 -8.527080 30.449810 -1.026281 -7.210100 40.474625 -0.117231 -8.637283 19.365405 5.372431 -0.194158 23.701533 -3.696120 5.719162 43.456242 1.178012 7.020673 10.566583 5.689844 -5.016964 -1.815512 -16.105870 49.351501 -2.534405 -2.202652 -28.595968 14.507776 -6.620650 30.044851
0.010078 0.792321 0.035364 5.450287 5.551123 -4.704951 21.617127 10.608912 -20.399236 -4.267499 22.369965 27.414313 -6.967235 7.355030 -0.297226 1.415237 -3.486864 0.996693 0.231548 11.710526 -18.131195 -5.439026 -4.037821 51.943899 -4.599069 -7.552390 -37.695363 -1.502051 1.226650 -1.471104 -12.195811 -5.104867 21.232917 -2.448837 -3.707185 5.112014 -1.346288 -5.327566 -2.510887 -3.496186 23.957799 23.582007 7.102246 36.657607 17.700480 -14.005313 -9.343348 6.006861 -46.631710 -19.970822 -2.288409 67.864473 -61.853436 -41.078438 20.414314 -28.597924 11.105046 -33.069437 -18.152277 -21.722575 -28.530639 -6.644358 -10.884674 -3.826775 -4.206650 -21.059126 -36.115008 -7.085308 -6.107878 -35.336742 -8.344426 -15.319158 -20.791002 -9.228273 -8.527080 -30.449810 1.026286 -7.210100 -40.474625 0.117229 -8.637283 -19.365405 -5.372419 -0.194158 -23.701533 3.696132 5.719162 -43.456242 -1.178000 7.020673 -10.566583 -5.689846 -5.016964 1.815512 16.105875 49.351501 2.534405 2.202657 -28.595968 -14.507776 6.620655 30.044851 -0.751004 9.376220 3.364926 70.414408 0.235460 14.993452 50.316825 71.027447 62.314111 7.046155 22.397067 -44.255576 33.069437 18.152275 -21.722575 28.530639 6.644356 -10.884674 3.826775 4.206655 -21.059126 36.115008 7.085306 -6.107878 35.336742 8.344431 -15.319158 20.791002 9.228278 -8.527080 30.449810 -1.026281 -7.210100 40.474625 -0.117231 -8.637283 19.365405 5.372431 -0.194158 23.701533 -3.696120 5.719162 43.456242 1.178012 7.020673 10.566583 5.689844 -5.016964 -1.815512 -16.105870 49.351501 -2.534405 -2.202652 -28.595968 14.507776 -6.620650 30.044851
0.007565 0.791556 0.033834 5.473863 5.280039 -4.785250 21.732566 10.614096 -20.297109 -3.973594 22.414197 27.399637 -7.114954 7.391346 -0.148669 1.417206 -3.514799 1.016543 0.406115 11.834460 -18.392627 -5.396848 -3.947697 52.228694 -4.695023 -7.526080 -37.688499 -1.480163 1.229129 -1.475818 -12.201314 -5.284802 21.364442 -2.446076 -3.736084 5.069239 -1.329280 -5.316548 -2.628664 -3.531177 24.084896 23.559612 7.131208 36.838771 17.673082 -14.020857 -9.425385 6.023177 -46.763703 -19.992159 -2.264365 67.829755 -61.810925 -40.977112 20.636271 -28.672387 11.090959 -33.069437 -18.152277 -21.722575 -28.530639 -6.644358 -10.884674 -3.826775 -4.206650 -21.059126 -36.115008 -7.085308 -6.107878 -35.336742 -8.344426 -15.319158 -20.791002 -9.228273 -8.527080 -30.449810 1.026286 -7.210100 -40.474625 0.117229 -8.637283 -19.365405 -5.372419 -0.194158 -23.701533 3.696132 5.719162 -43.456242 -1.178000 7.020673 -10.566583 -5.689846 -5.016964 1.815512 16.105875 49.351501 2.534405 2.202657 -28.595968 -14.507776 6.620655 30.044851 -0.786218 9.369335 3.402311 70.459364 0.180244 14.933094 50.385363 70.941578 62.472120 6.811843 22.384506 -44.420111 33.069437 18.152275 -21.722575 28.530639 6.644356 -10.884674 3.826775 4.206655 -21.059126 36.115008 7.085306 -6.107878 35.336742 8.344431 -15.319158 20.791002 9.228278 -8.527080 30.449810 -1.026281 -7.210100 40.474625 -0.117231 -8.637283 19.365405 5.372431 -0.194158 23.701533 -3.696120 5.719162 43.456242 1.178012 7.020673 10.566583 5.689844 -5.016964 -1.815512 -16.105870 49.351501 -2.534405 -2.202652 -28.595968 14.507776 -6.620650 30.044851
0.005258 0.790794 0.032988 5.500629 4.950742 -4.895083 21.843575 10.636991 -20.155036 -3.640532 22.420037 27.392648 -7.261900 7.458111 -0.017769 1.430844 -3.539736 1.032589 0.582502 11.913533 -18.615317 -5.352000 -3.850448 52.482736 -4.805040 -7.411484 -37.700390 -1.462764 1.238896 -1.476897 -12.212877 -5.414227 21.508781 -2.424951 -3.783519 5.042493 -1.283902 -5.346021 -2.764902 -3.583656 24.238015 23.534134 7.157663 37.036614 17.622370 -14.037588 -9.570636 6.046632 -46.918543 -19.982051 -2.256005 67.880544 -61.740839 -40.973813 20.860038 -28.739063 11.093810 -33.069437 -18.152277 -21.722575 -28.530639 -6.644358 -10.884674 -3.826775 -4.206650 -21.059126 -36.115008 -7.085308 -6.107878 -35.336742 -8.344426 -15.319158 -20.791002 -9.228273 -8.527080 -30.449810 1.026286 -7.210100 -40.474625 0.117229 -8.637283 -19.365405 -5.372419 -0.194158 -23.701533 3.696132 5.719162 -43.456242 -1.178000 7.020673 -10.566583 -5.689846 -5.016964 1.815512 16.105875 49.351501 2.534405 2.202657 -28.595968 -14.507776 6.620655 30.044851 -0.844066 9.372791 3.414109 70.494464 0.075585 14.834519 50.509211 70.860763 62.691622 6.718198 22.414095 -44.556111 33.069437 18.152275 -21.722575 28.530639 6.644356 -10.884674 3.826775 4.206655 -21.059126 36.115008 7.085306 -6.107878 35.336742 8.344431 -15.319158 20.791002 9.228278 -8.527080 30.449810 -1.026281 -7.210100 40.474625 -0.117231 -8.637283 19.365405 5.372431 -0.194158 23.701533 -3.696120 5.719162 43.456242 1.178012 7.020673 10.566583 5.689844 -5.016964 -1.815512 -16.105870 49.351501 -2.534405 -2.202652 -28.595968 14.507776 -6.620650 30.044851
0.003105 0.790027 0.032033 5.529563 4.524094 -5.025922 21.983457 10.625810 -19.978855 -3.260100 22.433964 27.441931 -7.430768 7.578972 0.088115 1.435045 -3.567754 1.036014 0.769267 12.001376 -18.824087 -5.296120 -3.742484 52.757378 -4.919633 -7.239752 -37.710540 -1.455825 1.251375 -1.475490 -12.254061 -5.512841 21.587682 -2.383908 -3.834500 5.081653 -1.229195 -5.403777 -2.881136 -3.626398 24.385301 23.553902 7.118821 37.231398 17.458976 -14.074920 -9.739793 6.076501 -47.056885 -20.005260 -2.234216 68.011697 -61.607954 -41.109461 21.017185 -28.799647 11.181055 -33.069437 -18.152277 -21.722575 -28.530639 -6.644358 -10.884674 -3.826775 -4.206650 -21.059126 -36.115008 -7.085308 -6.107878 -35.336742 -8.344426 -15.319158 -20.791002 -9.228273 -8.527080 -30.449810 1.026286 -7.210100 -40.474625 0.117229 -8.637283 -19.365405 -5.372419 -0.194158 -23.701533 3.696132 5.719162 -43.456242 -1.178000 7.020673 -10.566583 -5.689846 -5.016964 1.815512 16.105875 49.351501 2.534405 2.202657 -28.595968 -14.507776 6.620655 30.044851 -0.856847 9.394286 3.414393 70.492798 -0.011165 14.758608 50.520799 70.776588 62.730056 6.695694 22.434257 -44.671903 33.069437 18.152275 -21.722575 28.530639 6.644356 -10.884674 3.826775 4.206655 -21.059126 36.115008 7.085306 -6.107878 35.336742 8.344431 -15.319158 20.791002 9.228278 -8.527080 30.449810 -1.026281 -7.210100 40.474625 -0.117231 -8.637283 19.365405 5.372431 -0.194158 23.701533 -3.696120 5.719162 43.456242 1.178012 7.020673 10.566583 5.689844 -5.016964 -1.815512 -16.105870 49.351501 -2.534405 -2.202652 -28.595968 14.507776 -6.620650 30.044851
0.000611 0.789396 0.031044 5.541312 3.967694 -5.180085 22.155674 10.569850 -19.824370 -2.740242 22.437147 27.668441 -7.652677 7.794532 0.160992 1.423092 -3.594330 1.036440 1.006415 12.149803 -19.034166 -5.214040 -3.595313 53.043478 -5.019859 -7.053670 -37.695575 -1.461630 1.261081 -1.470955 -12.306831 -5.610370 21.648314 -2.331235 -3.868494 5.116356 -1.176080 -5.459443 -2.984879 -3.619841 24.522342 23.600346 7.044510 37.421578 17.285375 -14.152738 -9.876963 6.090437 -47.162828 -20.080330 -2.153760 68.117531 -61.422152 -41.177913 21.231254 -28.923513 11.341444 -33.069437 -18.152277 -21.722575 -28.530639 -6.644358 -10.884674 -3.826775 -4.206650 -21.059126 -36.115008 -7.085308 -6.107878 -35.336742 -8.344426 -15.319158 -20.791002 -9.228273 -8.527080 -30.449810 1.026286 -7.210100 -40.474625 0.117229 -8.637283 -19.365405 -5.372419 -0.194158 -23.701533 3.696132 5.719162 -43.456242 -1.178000 7.020673 -10.566583 -5.689846 -5.016964 1.815512 16.105875 49.351501 2.534405 2.202657 -28.595968 -14.507776 6.620655 30.044851 -0.798335 9.376568 3.385930 70.430793 -0.056722 14.738233 50.427915 70.634315 62.637288 6.619403 22.440650 -44.855775 33.069437 18.152275 -21.722575 28.530639 6.644356 -10.884674 3.826775 4.206655 -21.059126 36.115008 7.085306 -6.107878 35.336742 8.344431 -15.319158 20.791002 9.228278 -8.527080 30.449810 -1.026281 -7.210100 40.474625 -0.117231 -8.637283 19.365405 5.372431 -0.194158 23.701533 -3.696120 5.719162 43.456242 1.178012 7.020673 10.566583 5.689844 -5.016964 -1.815512 -16.105870 49.351501 -2.534405 -2.202652 -28.595968 14.507776 -6.620650 30.044851
-0.001977 0.788835 0.029884 5.546261 3.280891 -5.372862 22.322475 10.381262 -19.755561 -1.967420 22.453409 28.263333 -7.915882 8.166047 0.190908 1.404243 -3.605101 1.041530 1.284454 12.365370 -19.198463 -5.092958 -3.395353 53.284191 -5.121867 -6.865669 -37.663709 -1.481070 1.268123 -1.464458 -12.346067 -5.720950 21.736409 -2.296908 -3.906914 5.110500 -1.153028 -5.514644 -3.065683 -3.580578 24.669847 23.596804 6.987026 37.620363 17.173913 -14.236613 -9.968604 6.070963 -47.247772 -20.181356 -2.061232 68.232347 -61.228166 -41.207061 21.403579 -29.052685 11.555192 -33.069437 -18.152277 -21.722575 -28.530639 -6.644358 -10.884674 -3.826775 -4.206650 -21.059126 -36.115008 -7.085308 -6.107878 -35.336742 -8.344426 -15.319158 -20.791002 -9.228273 -8.527080 -30.449810 1.026286 -7.210100 -40.474625 0.117229 -8.637283 -19.365405 -5.372419 -0.194158 -23.701533 3.696132 5.719162 -43.456242 -1.178000 7.020673 -10.566583 -5.689846 -5.016964 1.815512 16.105875 49.351501 2.534405 2.202657 -28.595968 -14.507776 6.620655 30.044851 -0.697772 9.304667 3.307547 70.381548 -0.061449 14.771346 50.092816 70.468177 62.325428 6.525179 22.432721 -44.951244 33.069437 18.152275 -21.722575 28.530639 6.644356 -10.884674 3.826775 4.206655 -21.059126 36.115008 7.085306 -6.107878 35.336742 8.344431 -15.319158 20.791002 9.228278 -8.527080 30.449810 -1.026281 -7.210100 40.474625 -0.117231 -8.637283 19.365405 5.372431 -0.194158 23.701533 -3.696120 5.719162 43.456242 1.178012 7.020673 10.566583 5.689844 -5.016964 -1.815512 -16.105870 49.351501 -2.534405 -2.202652 -28.595968 14.507776 -6.620650 30.044851
-0.004996 0.788371 0.028681 5.601398 2.468904 -5.650155 22.406070 9.949020 -19.820594 -0.902031 22.541457 29.423000 -8.142741 8.788284 0.070090 1.376556 -3.588668 1.051736 1.554474 12.560113 -19.215520 -4.960271 -3.120438 53.456172 -5.238712 -6.598076 -37.652647 -1.505893 1.277979 -1.459957 -12.402729 -5.812953 21.898259 -2.302258 -4.000023 5.046609 -1.166138 -5.575891 -3.099075 -3.564689 24.843156 23.511821 6.971898 37.849721 17.094160 -14.260621 -10.041810 6.009825 -47.338866 -20.277286 -2.010618 68.388089 -61.098761 -41.302888 21.476398 -29.053874 11.745243 -33.069437 -18.152277 -21.722575 -28.530639 -6.644358 -10.884674 -3.826775 -4.206650 -21.059126 -36.115008 -7.085308 -6.107878 -35.336742 -8.344426 -15.319158 -20.791002 -9.228273 -8.527080 -30.449810 1.026286 -7.210100 -40.474625 0.117229 -8.637283 -19.365405 -5.372419 -0.194158 -23.701533 3.696132 5.719162 -43.456242 -1.178000 7.020673 -10.566583 -5.689846 -5.016964 1.815512 16.105875 49.351501 2.534405 2.202657 -28.595968 -14.507776 6.620655 30.044851 -0.609242 9.236939 3.184071 70.427474 -0.061066 14.810106 49.481910 70.369741 61.790707 6.382501 22.368018 -44.821849 33.069437 18.152275 -21.722575 28.530639 6.644356 -10.884674 3.826775 4.206655 -21.059126 36.115008 7.085306 -6.107878 35.336742 8.344431 -15.319158 20.791002 9.228278 -8.527080 30.449810 -1.026281 -7.210100 40.474625 -0.117231 -8.637283 19.365405 5.372431 -0.194158 23.701533 -3.696120 5.719162 43.456242 1.178012 7.020673 10.566583 5.689844 -5.016964 -1.815512 -16.105870 49.351501 -2.534405 -2.202652 -28.595968 14.507776 -6.620650 30.044851
-0.007707 0.788275 0.026702 5.714808 1.477325 -6.031717 22.405920 9.382510 -19.980219 0.251097 22.681524 31.212906 -8.144214 9.621362 -0.653273 1.343948 -3.560541 1.054356 1.832589 12.730567 -19.068614 -4.859871 -2.761716 53.612149 -5.297838 -6.175588 -37.694810 -1.529722 1.295409 -1.458312 -12.534494 -5.829960 22.150672 -2.318227 -4.129482 4.944383 -1.168546 -5.633025 -3.123844 -3.599587 25.041587 23.378272 6.952807 38.121330 16.962466 -14.234744 -10.148258 5.918318 -47.448184 -20.337248 -1.987669 68.576390 -61.078104 -41.506295 21.455576 -28.901321 11.874934 -33.069437 -18.152277 -21.722575 -28.530639 -6.644358 -10.884674 -3.826775 -4.206650 -21.059126 -36.115008 -7.085308 -6.107878 -35.336742 -8.344426 -15.319158 -20.791002 -9.228273 -8.527080 -30.449810 1.026286 -7.210100 -40.474625 0.117229 -8.637283 -19.365405 -5.372419 -0.194158 -23.701533 3.696132 5.719162 -43.456242 -1.178000 7.020673 -10.566583 -5.689846 -5.016964 1.815512 16.105875 49.351501 2.534405 2.202657 -28.595968 -14.507776 6.620655 30.044851 -0.576258 9.226693 3.037030 70.550212 -0.096665 14.821015 48.868795 70.408796 61.236874 6.225063 22.254589 -44.740014 33.069437 18.152275 -21.722575 28.530639 6.644356 -10.884674 3.826775 4.206655 -21.059126 36.115008 7.085306 -6.107878 35.336742 8.344431 -15.319158 20.791002 9.228278 -8.527080 30.449810 -1.026281 -7.210100 40.474625 -0.117231 -8.637283 19.365405 5.372431 -0.194158 23.701533 -3.696120 5.719162 43.456242 1.178012 7.020673 10.566583 5.689844 -5.016964 -1.815512 -16.105870 49.351501 -2.534405 -2.202652 -28.595968 14.507776 -6.620650 30.044851
-0.010074 0.788372 0.025406 5.857840 0.294090 -6.579414 22.248347 8.837181 -20.082949 1.134199 22.598209 33.495630 -7.733718 10.379226 -2.673996 1.344066 -3.533452 1.032871 2.119913 12.902592 -18.705933 -4.757100 -2.333614 53.751366 -5.200933 -5.620622 -37.779856 -1.554318 1.318482 -1.439729 -12.680892 -5.769376 22.602397 -2.347068 -4.280470 4.751640 -1.156623 -5.693329 -3.184758 -3.667333 25.246000 23.245082 6.835682 38.429577 16.724152 -14.254192 -10.335044 5.821500 -47.505912 -20.350683 -1.975350 68.719920 -61.165335 -41.639545 21.369953 -28.706688 11.954967 -33.069437 -18.152277 -21.722575 -28.530639 -6.644358 -10.884674 -3.826775 -4.206650 -21.059126 -36.115008 -7.085308 -6.107878 -35.336742 -8.344426 -15.319158 -20.791002 -9.228273 -8.527080 -30.449810 1.026286 -7.210100 -40.474625 0.117229 -8.637283 -19.365405 -5.372419 -0.194158 -23.701533 3.696132 5.719162 -43.456242 -1.178000 7.020673 -10.566583 -5.689846 -5.016964 1.815512 16.105875 49.351501 2.534405 2.202657 -28.595968 -14.507776 6.620655 30.044851 -0.601411 9.268515 2.840823 70.707525 -0.224315 14.826877 48.361373 70.590998 60.788192 6.091969 22.147396 -44.873383 33.069437 18.152275 -21.722575 28.530639 6.644356 -10.884674 3.826775 4.206655 -21.059126 36.115008 7.085306 -6.107878 35.336742 8.344431 -15.319158 20.791002 9.228278 -8.527080 30.449810 -1.026281 -7.210100 40.474625 -0.117231 -8.637283 19.365405 5.372431 -0.194158 23.701533 -3.696120 5.719162 43.456242 1.178012 7.020673 10.566583 5.689844 -5.016964 -1.815512 -16.105870 49.351501 -2.534405 -2.202652 -28.595968 14.507776 -6.620650 30.044851
-0.011965 0.788688 0.024463 5.997688 -0.989111 -7.246297 21.798730 8.281381 -20.203044 1.453317 21.993901 36.096040 -7.061715 10.611856 -5.966221 1.378538 -3.503236 0.986625 2.385485 13.061756 -18.188819 -4.589959 -1.862802 53.836244 -4.978393 -5.048518 -37.865906 -1.583240 1.350276 -1.391660 -12.728254 -5.694388 23.200556 -2.383148 -4.486359 4.460407 -1.182953 -5.774178 -3.254538 -3.756191 25.454485 23.130133 6.576078 38.741225 16.361578 -14.387928 -10.594256 5.729045 -47.452712 -20.376911 -1.961885 68.777498 -61.310962 -41.607498 21.161970 -28.546999 12.086472 -33.069437 -18.152277 -21.722575 -28.530639 -6.644358 -10.884674 -3.826775 -4.206650 -21.059126 -36.115008 -7.085308 -6.107878 -35.336742 -8.344426 -15.319158 -20.791002 -9.228273 -8.527080 -30.449810 1.026286 -7.210100 -40.474625 0.117229 -8.637283 -19.365405 -5.372419 -0.194158 -23.701533 3.696132 5.719162 -43.456242 -1.178000 7.020673 -10.566583 -5.689846 -5.016964 1.815512 16.105875 49.351501 2.534405 2.202657 -28.595968 -14.507776 6.620655 30.044851 -0.642656 9.296689 2.574725 70.838494 -0.417691 14.845184 47.826945 70.869683 60.405879 6.033919 22.045879 -44.958033 33.069437 18.152275 -21.722575 28.530639 6.644356 -10.884674 3.826775 4.206655 -21.059126 36.115008 7.085306 -6.107878 35.336742 8.344431 -15.319158 20.791002 9.228278 -8.527080 30.449810 -1.026281 -7.210100 40.474625 -0.117231 -8.637283 19.365405 5.372431 -0.194158 23.701533 -3.696120 5.719162 43.456242 1.178012 7.020673 10.566583 5.689844 -5.016964 -1.815512 -16.105870 49.351501 -2.534405 -2.202652 -28.595968 14.507776 -6.620650 30.044851
-0.013128 0.789092 0.024242 6.080088 -2.385940 -7.821450 21.148040 7.712959 -20.561142 0.872398 20.970165 38.862342 -6.483995 9.875807 -9.493391 1.397258 -3.492225 0.927539 2.679003 13.362400 -17.782579 -4.363118 -1.388138 53.909201 -4.763939 -4.650345 -37.903486 -1.638272 1.399857 -1.341167 -12.735019 -5.654855 23.584443 -2.329763 -4.689353 4.243712 -1.241312 -5.845813 -3.281251 -3.829167 25.670360 23.047346 6.164879 39.002384 15.836137 -14.597443 -10.892209 5.631485 -47.330865 -20.514143 -1.858194 68.800277 -61.398800 -41.617838 20.911454 -28.487419 12.312686 -33.069437 -18.152277 -21.722575 -28.530639 -6.644358 -10.884674 -3.826775 -4.206650 -21.059126 -36.115008 -7.085308 -6.107878 -35.336742 -8.344426 -15.319158 -20.791002 -9.228273 -8.527080 -30.449810 1.026286 -7.210100 -40.474625 0.117229 -8.637283 -19.365405 -5.372419 -0.194158 -23.701533 3.696132 5.719162 -43.456242 -1.178000 7.020673 -10.566583 -5.689846 -5.016964 1.815512 16.105875 49.351501 2.534405 2.202657 -28.595968 -14.507776 6.620655 30.044851 -0.656613 9.255619 2.286425 70.878861 -0.565366 14.914116 47.098515 71.229211 59.860222 6.166204 21.938044 -44.792545 33.069437 18.152275 -21.722575 28.530639 6.644356 -10.884674 3.826775 4.206655 -21.059126 36.115008 7.085306 -6.107878 35.336742 8.344431 -15.319158 20.791002 9.228278 -8.527080 30.449810 -1.026281 -7.210100 40.474625 -0.117231 -8.637283 19.365405 5.372431 -0.194158 23.701533 -3.696120 5.719162 43.456242 1.178012 7.020673 10.566583 5.689844 -5.016964 -1.815512 -16.105870 49.351501 -2.534405 -2.202652 -28.595968 14.507776 -6.620650 30.044851
-0.014188 0.789541 0.024495 6.114659 -3.995679 -8.338880 20.383383 7.229860 -20.998349 -0.754099 19.841040 41.617094 -6.209657 8.189843 -12.433868 1.380927 -3.514266 0.862575 3.014722 13.837406 -17.431117 -4.115073 -0.932141 53.964771 -4.560181 -4.358437 -37.865490 -1.726749 1.467892 -1.310497 -12.870305 -5.630894 23.742501 -2.142688 -4.832049 4.147713 -1.269346 -5.841688 -3.227685 -3.824939 25.922544 22.989430 5.619173 39.186034 15.175637 -14.808161 -11.221384 5.484753 -47.224392 -20.760692 -1.593702 68.829674 -61.336469 -41.756939 20.905312 -28.615690 12.494392 -33.069437 -18.152277 -21.722575 -28.530639 -6.644358 -10.884674 -3.826775 -4.206650 -21.059126 -36.115008 -7.085308 -6.107878 -35.336742 -8.344426 -15.319158 -20.791002 -9.228273 -8.527080 -30.449810 1.026286 -7.210100 -40.474625 0.117229 -8.637283 -19.365405 -5.372419 -0.194158 -23.701533 3.696132 5.719162 -43.456242 -1.178000 7.020673 -10.566583 -5.689846 -5.016964 1.815512 16.105875 49.351501 2.534405 2.202657 -28.595968 -14.507776 6.620655 30.044851 -0.632222 9.179661 1.997742 70.792746 -0.637691 15.052007 46.212305 71.647382 59.122384 6.513323 21.858459 -44.512343 33.069437 18.152275 -21.722575 28.530639 6.644356 -10.884674 3.826775 4.206655 -21.059126 36.115008 7.085306 -6.107878 35.336742 8.344431 -15.319158 20.791002 9.228278 -8.527080 30.449810 -1.026281 -7.210100 40.474625 -0.117231 -8.637283 19.365405 5.372431 -0.194158 23.701533 -3.696120 5.719162 43.456242 1.178012 7.020673 10.566583 5.689844 -5.016964 -1.815512 -16.105870 49.351501 -2.534405 -2.202652 -28.595968 14.507776 -6.620650 30.044851
-0.015005 0.790104 0.025543 6.156170 -5.860013 -8.927393 19.452777 6.922003 -21.234814 -2.823943 19.086631 44.254093 -6.209678 6.198549 -14.674762 1.341902 -3.549176 0.794045 3.350986 14.379839 -16.967235 -3.872608 -0.487673 53.962306 -4.281275 -3.980550 -37.745907 -1.823263 1.535955 -1.291875 -13.133281 -5.565065 23.897112 -1.895157 -4.938661 4.048938 -1.246396 -5.755757 -3.112140 -3.767590 26.197405 22.969031 5.000509 39.321682 14.457335 -14.975555 -11.569935 5.268509 -47.209943 -21.083145 -1.210672 68.845308 -61.166032 -41.980067 21.083409 -28.850136 12.629377 -33.069437 -18.152277 -21.722575 -28.530639 -6.644358 -10.884674 -3.826775 -4.206650 -21.059126 -36.115008 -7.085308 -6.107878 -35.336742 -8.344426 -15.319158 -20.791002 -9.228273 -8.527080 -30.449810 1.026286 -7.210100 -40.474625 0.117229 -8.637283 -19.365405 -5.372419 -0.194158 -23.701533 3.696132 5.719162 -43.456242 -1.178000 7.020673 -10.566583 -5.689846 -5.016964 1.815512 16.105875 49.351501 2.534405 2.202657 -28.595968 -14.507776 6.620655 30.044851 -0.574193 9.102978 1.720674 70.607005 -0.677416 15.230480 45.216457 72.075499 58.240115 6.926481 21.781701 -44.175266 33.069437 18.152275 -21.722575 28.530639 6.644356 -10.884674 3.826775 4.206655 -21.059126 36.115008 7.085306 -6.107878 35.336742 8.344431 -15.319158 20.791002 9.228278 -8.527080 30.449810 -1.026281 -7.210100 40.474625 -0.117231 -8.637283 19.365405 5.372431 -0.194158 23.701533 -3.696120 5.719162 43.456242 1.178012 7.020673 10.566583 5.689844 -5.016964 -1.815512 -16.105870 49.351501 -2.534405 -2.202652 -28.595968 14.507776 -6.620650 30.044851
-0.015574 0.790566 0.026528 6.186269 -7.947715 -9.576899 18.368721 6.849979 -21.232094 -4.310850 19.047358 46.781448 -6.145170 4.808497 -16.487428 1.304833 -3.569489 0.732153 3.697575 14.869495 -16.416834 -3.610930 -0.043608 53.919173 -3.936528 -3.453136 -37.547363 -1.911060 1.581178 -1.268176 -13.403047 -5.469053 24.142188 -1.653630 -5.025767 3.839545 -1.175918 -5.629617 -2.979993 -3.762275 26.440573 22.929645 4.385538 39.467451 13.752885 -15.053192 -11.879588 5.014774 -47.337630 -21.484009 -0.795954 68.784199 -60.998211 -42.187930 21.290270 -28.975060 12.710746 -33.069437 -18.152277 -21.722575 -28.530639 -6.644358 -10.884674 -3.826775 -4.206650 -21.059126 -36.115008 -7.085308 -6.107878 -35.336742 -8.344426 -15.319158 -20.791002 -9.228273 -8.527080 -30.449810 1.026286 -7.210100 -40.474625 0.117229 -8.637283 -19.365405 -5.372419 -0.194158 -23.701533 3.696132 5.719162 -43.456242 -1.178000 7.020673 -10.566583 -5.689846 -5.016964 1.815512 16.105875 49.351501 2.534405 2.202657 -28.595968 -14.507776 6.620655 30.044851 -0.504517 9.019718 1.480516 70.368174 -0.702209 15.415701 44.200589 72.463590 57.293816 7.178022 21.629210 -43.771923 33.069437 18.152275 -21.722575 28.530639 6.644356 -10.884674 3.826775 4.206655 -21.059126 36.115008 7.085306 -6.107878 35.336742 8.344431 -15.319158 20.791002 9.228278 -8.527080 30.449810 -1.026281 -7.210100 40.474625 -0.117231 -8.637283 19.365405 5.372431 -0.194158 23.701533 -3.696120 5.719162 43.456242 1.178012 7.020673 10.566583 5.689844 -5.016964 -1.815512 -16.105870 49.351501 -2.534405 -2.202652 -28.595968 14.507776 -6.620650 30.044851
-0.015386 0.791275 0.027361 6.134716 -10.144181 -10.182763 17.235962 6.959822 -21.166879 -4.712417 19.555182 49.248966 -5.707123 4.449645 -18.135739 1.294148 -3.560418 0.681221 4.040495 15.168343 -15.918968 -3.227623 0.406556 53.838194 -3.623417 -2.791837 -37.280689 -1.994019 1.604448 -1.227200 -13.592336 -5.405867 24.403982 -1.407277 -5.117476 3.569057 -1.069484 -5.509672 -2.853794 -3.850847 26.631764 22.755282 3.780889 39.614943 13.088044 -14.997504 -12.136137 4.752242 -47.616138 -21.979895 -0.406531 68.688542 -60.899740 -42.293740 21.582896 -28.970477 12.681663 -33.069437 -18.152277 -21.722575 -28.530639 -6.644358 -10.884674 -3.826775 -4.206650 -21.059126 -36.115008 -7.085308 -6.107878 -35.336742 -8.344426 -15.319158 -20.791002 -9.228273 -8.527080 -30.449810 1.026286 -7.210100 -40.474625 0.117229 -8.637283 -19.365405 -5.372419 -0.194158 -23.701533 3.696132 5.719162 -43.456242 -1.178000 7.020673 -10.566583 -5.689846 -5.016964 1.815512 16.105875 49.351501 2.534405 2.202657 -28.595968 -14.507776 6.620655 30.044851 -0.480236 8.903229 1.285420 70.110956 -0.704299 15.558756 43.322872 72.805700 56.497412 7.332655 21.426203 -43.361955 33.069437 18.152275 -21.722575 28.530639 6.644356 -10.884674 3.826775 4.206655 -21.059126 36.115008 7.085306 -6.107878 35.336742 8.344431 -15.319158 20.791002 9.228278 -8.527080 30.449810 -1.026281 -7.210100 40.474625 -0.117231 -8.637283 19.365405 5.372431 -0.194158 23.701533 -3.696120 5.719162 43.456242 1.178012 7.020673 10.566583 5.689844 -5.016964 -1.815512 -16.105870 49.351501 -2.534405 -2.202652 -28.595968 14.507776 -6.620650 30.044851
-0.014846 0.792032 0.028376 5.961260 -12.419658 -10.691398 16.301442 7.075983 -21.087355 -4.465762 20.226194 51.479569 -5.088679 4.792610 -19.478777 1.301909 -3.536137 0.632235 4.394978 15.285652 -15.530139 -2.700129 0.872224 53.703230 -3.419763 -1.982740 -36.977189 -2.074299 1.628859 -1.178235 -13.687926 -5.371846 24.595492 -1.143490 -5.213215 3.372126 -0.932674 -5.404432 -2.792759 -4.036938 26.840003 22.414055 3.188573 39.746601 12.414395 -14.813716 -12.406141 4.465443 -47.969313 -22.543064 -0.031904 68.718820 -60.904863 -42.464755 21.907231 -28.880523 12.450691 -33.069437 -18.152277 -21.722575 -28.530639 -6.644358 -10.884674 -3.826775 -4.206650 -21.059126 -36.115008 -7.085308 -6.107878 -35.336742 -8.344426 -15.319158 -20.791002 -9.228273 -8.527080 -30.449810 1.026286 -7.210100 -40.474625 0.117229 -8.637283 -19.365405 -5.372419 -0.194158 -23.701533 3.696132 5.719162 -43.456242 -1.178000 7.020673 -10.566583 -5.689846 -5.016964 1.815512 16.105875 49.351501 2.534405 2.202657 -28.595968 -14.507776 6.620655 30.044851 -0.523889 8.780962 1.160467 69.872173 -0.719435 15.616825 42.622259 73.191265 55.945840 7.506296 21.247273 -43.053141 33.069437 18.152275 -21.722575 28.530639 6.644356 -10.884674 3.826775 4.206655 -21.059126 36.115008 7.085306 -6.107878 35.336742 8.344431 -15.319158 20.791002 9.228278 -8.527080 30.449810 -1.026281 -7.210100 40.474625 -0.117231 -8.637283 19.365405 5.372431 -0.194158 23.701533 -3.696120 5.719162 43.456242 1.178012 7.020673 10.566583 5.689844 -5.016964 -1.815512 -16.105870 49.351501 -2.534405 -2.202652 -28.595968 14.507776 -6.620650 30.044851
-0.014635 0.792507 0.028875 5.696803 -14.816542 -11.125919 15.693183 7.100776 -20.938553 -4.216901 20.694745 53.301748 -4.530791 5.253258 -20.359235 1.308619 -3.522927 0.585538 4.811322 15.316510 -15.194895 -2.138563 1.387385 53.538366 -3.362155 -1.047264 -36.637353 -2.147544 1.662477 -1.134315 -13.709573 -5.331240 24.729379 -0.899935 -5.285567 3.277118 -0.774722 -5.304664 -2.816508 -4.347910 27.128838 21.900131 2.631707 39.881566 11.694403 -14.564603 -12.770723 4.139217 -48.268127 -23.160349 0.329415 68.915639 -61.013995 -42.790578 22.176251 -28.712057 12.104964 -33.069437 -18.152277 -21.722575 -28.530639 -6.644358 -10.884674 -3.826775 -4.206650 -21.059126 -36.115008 -7.085308 -6.107878 -35.336742 -8.344426 -15.319158 -20.791002 -9.228273 -8.527080 -30.449810 1.026286 -7.210100 -40.474625 0.117229 -8.637283 -19.365405 -5.372419 -0.194158 -23.701533 3.696132 5.719162 -43.456242 -1.178000 7.020673 -10.566583 -5.689846 -5.016964 1.815512 16.105875 49.351501 2.534405 2.202657 -28.595968 -14.507776 6.620655 30.044851 -0.624362 8.697279 1.099146 69.664849 -0.786050 15.579259 42.058331 73.635159 55.590951 7.700509 21.106475 -42.818835 33.069437 18.152275 -21.722575 28.530639 6.644356 -10.884674 3.826775 4.206655 -21.059126 36.115008 7.085306 -6.107878 35.336742 8.344431 -15.319158 20.791002 9.228278 -8.527080 30.449810 -1.026281 -7.210100 40.474625 -0.117231 -8.637283 19.365405 5.372431 -0.194158 23.701533 -3.696120 5.719162 43.456242 1.178012 7.020673 10.566583 5.689844 -5.016964 -1.815512 -16.105870 49.351501 -2.534405 -2.202652 -28.595968 14.507776 -6.620650 30.044851
-0.013771 0.793108 0.029300 5.421376 -17.311091 -11.546433 15.251225 7.086624 -20.748148 -4.003724 20.754830 54.863436 -4.130834 5.528344 -20.886466 1.320714 -3.519396 0.549657 5.310917 15.327261 -14.838815 -1.680061 1.996665 53.378885 -3.432489 -0.052966 -36.272894 -2.210279 1.691895 -1.090570 -13.639485 -5.208713 24.918706 -0.729790 -5.353028 3.176096 -0.612988 -5.277651 -2.887349 -4.801941 27.464637 21.236349 2.100174 40.008075 10.948113 -14.235957 -13.274470 3.817886 -48.514827 -23.864426 0.663104 69.249184 -61.188175 -43.203989 22.388370 -28.526590 11.770212 -33.069437 -18.152277 -21.722575 -28.530639 -6.644358 -10.884674 -3.826775 -4.206650 -21.059126 -36.115008 -7.085308 -6.107878 -35.336742 -8.344426 -15.319158 -20.791002 -9.228273 -8.527080 -30.449810 1.026286 -7.210100 -40.474625 0.117229 -8.637283 -19.365405 -5.372419 -0.194158 -23.701533 3.696132 5.719162 -43.456242 -1.178000 7.020673 -10.566583 -5.689846 -5.016964 1.815512 16.105875 49.351501 2.534405 2.202657 -28.595968 -14.507776 6.620655 30.044851 -0.809191 8.624612 1.042063 69.525739 -0.921813 15.472889 41.527017 74.035244 55.276946 7.912933 21.026023 -42.660269 33.069437 18.152275 -21.722575 28.530639 6.644356 -10.884674 3.826775 4.206655 -21.059126 36.115008 7.085306 -6.107878 35.336742 8.344431 -15.319158 20.791002 9.228278 -8.527080 30.449810 -1.026281 -7.210100 40.474625 -0.117231 -8.637283 19.365405 5.372431 -0.194158 23.701533 -3.696120 5.719162 43.456242 1.178012 7.020673 10.566583 5.689844 -5.016964 -1.815512 -16.105870 49.351501 -2.534405 -2.202652 -28.595968 14.507776 -6.620650 30.044851
-0.012773 0.793889 0.029663 5.227736 -19.800354 -11.998061 14.822737 7.041969 -20.606073 -3.556881 20.572771 56.375610 -3.877139 5.682658 -21.034350 1.347580 -3.517101 0.529530 5.898506 15.542077 -14.387148 -1.348798 2.730050 53.215626 -3.572419 0.680207 -35.950844 -2.261780 1.702878 -1.044635 -13.541788 -5.014538 25.260563 -0.661561 -5.463254 2.934582 -0.463385 -5.387958 -2.976769 -5.438985 27.840052 20.463981 1.633539 40.178160 10.241001 -13.780839 -13.840461 3.567602 -48.727587 -24.655252 0.981596 69.771209 -61.440191 -43.808949 22.528491 -28.329641 11.302055 -33.069437 -18.152277 -21.722575 -28.530639 -6.644358 -10.884674 -3.826775 -4.206650 -21.059126 -36.115008 -7.085308 -6.107878 -35.336742 -8.344426 -15.319158 -20.791002 -9.228273 -8.527080 -30.449810 1.026286 -7.210100 -40.474625 0.117229 -8.637283 -19.365405 -5.372419 -0.194158 -23.701533 3.696132 5.719162 -43.456242 -1.178000 7.020673 -10.566583 -5.689846 -5.016964 1.815512 16.105875 49.351501 2.534405 2.202657 -28.595968 -14.507776 6.620655 30.044851 -1.053223 8.594949 0.979428 69.520158 -1.133932 15.451800 40.417252 74.411451 54.282338 8.175690 20.961006 -42.446873 33.069437 18.152275 -21.722575 28.530639 6.644356 -10.884674 3.826775 4.206655 -21.059126 36.115008 7.085306 -6.107878 35.336742 8.344431 -15.319158 20.791002 9.228278 -8.527080 30.449810 -1.026281 -7.210100 40.474625 -0.117231 -8.637283 19.365405 5.372431 -0.194158 23.701533 -3.696120 5.719162 43.456242 1.178012 7.020673 10.566583 5.689844 -5.016964 -1.815512 -16.105870 49.351501 -2.534405 -2.202652 -28.595968 14.507776 -6.620650 30.044851
-0.011297 0.794805 0.029889 5.164593 -22.038327 -12.545461 14.274930 6.761726 -20.520441 -2.834549 20.282502 57.748922 -3.735831 6.027535 -20.584356 1.389811 -3.491419 0.537890 6.460624 16.052504 -13.715066 -1.066297 3.512229 52.949553 -3.677837 1.021594 -35.680724 -2.293238 1.683651 -0.985907 -13.495062 -4.942862 25.993943 -0.697915 -5.737254 2.280754 -0.351111 -5.607316 -3.056661 -6.274212 28.296896 19.625650 1.308692 40.508359 9.720928 -13.276561 -14.246502 3.349394 -48.862975 -25.487005 1.390427 70.557917 -61.842680 -44.682100 22.513680 -27.994320 10.578204 -33.069437 -18.152277 -21.722575 -28.530639 -6.644358 -10.884674 -3.826775 -4.206650 -21.059126 -36.115008 -7.085308 -6.107878 -35.336742 -8.344426 -15.319158 -20.791002 -9.228273 -8.527080 -30.449810 1.026286 -7.210100 -40.474625 0.117229 -8.637283 -19.365405 -5.372419 -0.194158 -23.701533 3.696132 5.719162 -43.456242 -1.178000 7.020673 -10.566583 -5.689846 -5.016964 1.815512 16.105875 49.351501 2.534405 2.202657 -28.595968 -14.507776 6.620655 30.044851 -1.257870 8.616348 0.865393 69.601923 -1.428859 15.679461 38.344033 74.725735 52.220532 8.596816 20.827298 -41.868759 33.069437 18.152275 -21.722575 28.530639 6.644356 -10.884674 3.826775 4.206655 -21.059126 36.115008 7.085306 -6.107878 35.336742 8.344431 -15.319158 20.791002 9.228278 -8.527080 30.449810 -1.026281 -7.210100 40.474625 -0.117231 -8.637283 19.365405 5.372431 -0.194158 23.701533 -3.696120 5.719162 43.456242 1.178012 7.020673 10.566583 5.689844 -5.016964 -1.815512 -16.105870 49.351501 -2.534405 -2.202652 -28.595968 14.507776 -6.620650 30.044851
-0.009061 0.795760 0.030249 5.081627 -23.936430 -13.013670 13.660806 6.185504 -20.543881 -1.952961 19.923453 58.813461 -3.710548 6.801751 -19.704857 1.430176 -3.442775 0.566260 6.827456 16.441811 -13.137535 -0.775877 4.154813 52.681946 -3.680651 1.559649 -35.314066 -2.296345 1.654384 -0.917940 -13.333627 -5.085586 26.855380 -0.736692 -6.168171 1.532736 -0.291435 -5.819121 -3.216877 -7.092458 28.835538 18.845131 1.043401 40.998302 9.311192 -12.846923 -14.648411 3.072970 -48.908423 -26.409634 1.942806 71.400305 -62.400286 -45.604466 22.379432 -27.481387 9.700478 -33.069437 -18.152277 -21.722575 -28.530639 -6.644358 -10.884674 -3.826775 -4.206650 -21.059126 -36.115008 -7.085308 -6.107878 -35.336742 -8.344426 -15.319158 -20.791002 -9.228273 -8.527080 -30.449810 1.026286 -7.210100 -40.474625 0.117229 -8.637283 -19.365405 -5.372419 -0.194158 -23.701533 3.696132 5.719162 -43.456242 -1.178000 7.020673 -10.566583 -5.689846 -5.016964 1.815512 16.105875 49.351501 2.534405 2.202657 -28.595968 -14.507776 6.620655 30.044851 -1.462076 8.573679 0.746950 69.603685 -1.735043 15.891787 36.249518 74.919098 50.221278 8.812155 20.613056 -41.150107 33.069437 18.152275 -21.722575 28.530639 6.644356 -10.884674 3.826775 4.206655 -21.059126 36.115008 7.085306 -6.107878 35.336742 8.344431 -15.319158 20.791002 9.228278 -8.527080 30.449810 -1.026281 -7.210100 40.474625 -0.117231 -8.637283 19.365405 5.372431 -0.194158 23.701533 -3.696120 5.719162 43.456242 1.178012 7.020673 10.566583 5.689844 -5.016964 -1.815512 -16.105870 49.351501 -2.534405 -2.202652 -28.595968 14.507776 -6.620650 30.044851
-0.005917 0.796638 0.030949 4.801156 -25.849238 -13.069622 13.362232 5.687822 -20.693593 -1.079269 19.836859 59.530535 -3.632448 7.771576 -18.903081 1.433409 -3.424204 0.574118 7.036308 16.584364 -13.177203 -0.436213 4.587390 52.624439 -3.635800 2.566965 -34.747857 -2.289177 1.657266 -0.863756 -12.958068 -5.198202 27.037662 -0.633702 -6.482612 1.514198 -0.237963 -5.917031 -3.603258 -7.662369 29.411569 18.291059 0.672981 41.469448 8.640217 -12.446099 -15.500238 2.770547 -48.882800 -27.558807 2.558305 71.905602 -62.977374 -46.415718 22.234460 -26.950257 8.852784 -33.069437 -18.152277 -21.722575 -28.530639 -6.644358 -10.884674 -3.826775 -4.206650 -21.059126 -36.115008 -7.085308 -6.107878 -35.336742 -8.344426 -15.319158 -20.791002 -9.228273 -8.527080 -30.449810 1.026286 -7.210100 -40.474625 0.117229 -8.637283 -19.365405 -5.372419 -0.194158 -23.701533 3.696132 5.719162 -43.456242 -1.178000 7.020673 -10.566583 -5.689846 -5.016964 1.815512 16.105875 49.351501 2.534405 2.202657 -28.595968 -14.507776 6.620655 30.044851 -1.763941 8.463652 0.792423 69.475455 -1.992548 15.761896 34.618384 75.192961 48.782215 8.641166 20.411135 -40.657664 33.069437 18.152275 -21.722575 28.530639 6.644356 -10.884674 3.826775 4.206655 -21.059126 36.115008 7.085306 -6.107878 35.336742 8.344431 -15.319158 20.791002 9.228278 -8.527080 30.449810 -1.026281 -7.210100 40.474625 -0.117231 -8.637283 19.365405 5.372431 -0.194158 23.701533 -3.696120 5.719162 43.456242 1.178012 7.020673 10.566583 5.689844 -5.016964 -1.815512 -16.105870 49.351501 -2.534405 -2.202652 -28.595968 14.507776 -6.620650 30.044851
-0.002548 0.797592 0.031789 4.517597 -27.902748 -13.048640 13.257860 5.583566 -20.599138 -0.332470 20.004684 59.953570 -3.381431 8.601690 -18.421106 1.431170 -3.429941 0.578981 7.209867 16.775077 -13.366667 -0.032558 5.028217 52.627933 -3.586459 3.573926 -34.119247 -2.270039 1.665257 -0.806753 -12.660181 -5.192765 27.068072 -0.461208 -6.639098 1.649493 -0.106400 -5.938956 -3.995454 -8.188371 30.017434 17.776407 0.233138 41.863769 7.780350 -11.870478 -16.497288 2.424540 -48.931072 -28.875244 3.188395 72.095686 -63.641631 -47.067165 22.202870 -26.484438 7.877495 -33.069437 -18.152277 -21.722575 -28.530639 -6.644358 -10.884674 -3.826775 -4.206650 -21.059126 -36.115008 -7.085308 -6.107878 -35.336742 -8.344426 -15.319158 -20.791002 -9.228273 -8.527080 -30.449810 1.026286 -7.210100 -40.474625 0.117229 -8.637283 -19.365405 -5.372419 -0.194158 -23.701533 3.696132 5.719162 -43.456242 -1.178000 7.020673 -10.566583 -5.689846 -5.016964 1.815512 16.105875 49.351501 2.534405 2.202657 -28.595968 -14.507776 6.620655 30.044851 -2.175988 8.385023 0.938775 69.391703 -2.215397 15.569493 32.855911 75.505865 47.184152 8.217476 20.176491 -40.285579 33.069437 18.152275 -21.722575 28.530639 6.644356 -10.884674 3.826775 4.206655 -21.059126 36.115008 7.085306 -6.107878 35.336742 8.344431 -15.319158 20.791002 9.228278 -8.527080 30.449810 -1.026281 -7.210100 40.474625 -0.117231 -8.637283 19.365405 5.372431 -0.194158 23.701533 -3.696120 5.719162 43.456242 1.178012 7.020673 10.566583 5.689844 -5.016964 -1.815512 -16.105870 49.351501 -2.534405 -2.202652 -28.595968 14.507776 -6.620650 30.044851
0.000230 0.798439 0.032847 4.425859 -29.832010 -13.271730 12.934229 5.669681 -20.220772 0.407230 20.131118 60.310598 -3.053441 9.203635 -18.150102 1.452181 -3.428486 0.592142 7.237526 16.981178 -13.325110 0.433828 5.514595 52.581617 -3.503563 4.432563 -33.536745 -2.237511 1.653987 -0.727128 -12.524079 -5.199117 27.463830 -0.316595 -6.832120 1.425586 0.067049 -5.971079 -4.208288 -8.808811 30.638435 17.165099 -0.269721 42.209185 6.936594 -11.106869 -17.332443 1.977039 -49.086917 -30.244410 3.829853 72.168612 -64.338096 -47.489817 22.393516 -26.157081 6.889582 -33.069437 -18.152277 -21.722575 -28.530639 -6.644358 -10.884674 -3.826775 -4.206650 -21.059126 -36.115008 -7.085308 -6.107878 -35.336742 -8.344426 -15.319158 -20.791002 -9.228273 -8.527080 -30.449810 1.026286 -7.210100 -40.474625 0.117229 -8.637283 -19.365405 -5.372419 -0.194158 -23.701533 3.696132 5.719162 -43.456242 -1.178000 7.020673 -10.566583 -5.689846 -5.016964 1.815512 16.105875 49.351501 2.534405 2.202657 -28.595968 -14.507776 6.620655 30.044851 -2.639913 8.300130 0.986723 69.448100 -2.420425 15.541510 30.808183 75.653561 45.246131 7.944227 19.938725 -39.932640 33.069437 18.152275 -21.722575 28.530639 6.644356 -10.884674 3.826775 4.206655 -21.059126 36.115008 7.085306 -6.107878 35.336742 8.344431 -15.319158 20.791002 9.228278 -8.527080 30.449810 -1.026281 -7.210100 40.474625 -0.117231 -8.637283 19.365405 5.372431 -0.194158 23.701533 -3.696120 5.719162 43.456242 1.178012 7.020673 10.566583 5.689844 -5.016964 -1.815512 -16.105870 49.351501 -2.534405 -2.202652 -28.595968 14.507776 -6.620650 30.044851
0.003163 0.799434 0.033990 4.467666 -31.463086 -13.627902 12.332012 5.596612 -19.851815 1.184382 20.093859 60.780037 -2.810687 9.663566 -17.854336 1.499505 -3.419136 0.610673 7.062013 17.084956 -13.174879 0.913155 5.912337 52.507728 -3.348652 5.265969 -32.991391 -2.201843 1.633422 -0.641042 -12.435145 -5.302799 28.067850 -0.181314 -7.142586 0.997528 0.230667 -6.044271 -4.304730 -9.470344 31.263916 16.595604 -0.873343 42.578685 6.076592 -10.199969 -18.041587 1.427571 -49.365445 -31.610250 4.535994 72.210747 -64.905771 -47.795789 22.737268 -25.845584 5.898522 -33.069437 -18.152277 -21.722575 -28.530639 -6.644358 -10.884674 -3.826775 -4.206650 -21.059126 -36.115008 -7.085308 -6.107878 -35.336742 -8.344426 -15.319158 -20.791002 -9.228273 -8.527080 -30.449810 1.026286 -7.210100 -40.474625 0.117229 -8.637283 -19.365405 -5.372419 -0.194158 -23.701533 3.696132 5.719162 -43.456242 -1.178000 7.020673 -10.566583 -5.689846 -5.016964 1.815512 16.105875 49.351501 2.534405 2.202657 -28.595968 -14.507776 6.620655 30.044851 -3.113632 8.162864 0.865882 69.662213 -2.626840 15.688931 28.675723 75.648657 43.176959 8.085173 19.739543 -39.648490 33.069437 18.152275 -21.722575 28.530639 6.644356 -10.884674 3.826775 4.206655 -21.059126 36.115008 7.085306 -6.107878 35.336742 8.344431 -15.319158 20.791002 9.228278 -8.527080 30.449810 -1.026281 -7.210100 40.474625 -0.117231 -8.637283 19.365405 5.372431 -0.194158 23.701533 -3.696120 5.719162 43.456242 1.178012 7.020673 10.566583 5.689844 -5.016964 -1.815512 -16.105870 49.351501 -2.534405 -2.202652 -28.595968 14.507776 -6.620650 30.044851
0.006218 0.800719 0.035597 4.501927 -32.882686 -13.951495 11.671807 5.355226 -19.610002 1.917179 19.955404 61.402328 -2.684596 10.032526 -17.448676 1.560209 -3.411964 0.636311 6.830268 17.073324 -13.028002 1.333533 6.208515 52.421852 -3.143963 6.111786 -32.463490 -2.161227 1.611750 -0.562250 -12.293311 -5.463097 28.720570 -0.018591 -7.539850 0.479591 0.404487 -6.153725 -4.427825 -10.154032 31.883032 16.216787 -1.495155 43.060787 5.194598 -9.250404 -18.700762 0.850110 -49.740463 -32.908303 5.287285 72.179090 -65.376804 -48.161696 23.101698 -25.387339 4.714648 -33.069437 -18.152277 -21.722575 -28.530639 -6.644358 -10.884674 -3.826775 -4.206650 -21.059126 -36.115008 -7.085308 -6.107878 -35.336742 -8.344426 -15.319158 -20.791002 -9.228273 -8.527080 -30.449810 1.026286 -7.210100 -40.474625 0.117229 -8.637283 -19.365405 -5.372419 -0.194158 -23.701533 3.696132 5.719162 -43.456242 -1.178000 7.020673 -10.566583 -5.689846 -5.016964 1.815512 16.105875 49.351501 2.534405 2.202657 -28.595968 -14.507776 6.620655 30.044851 -3.553452 8.078470 0.706425 69.955440 -2.869954 15.966380 26.858148 75.642934 41.326988 8.410548 19.521414 -39.443475 33.069437 18.152275 -21.722575 28.530639 6.644356 -10.884674 3.826775 4.206655 -21.059126 36.115008 7.085306 -6.107878 35.336742 8.344431 -15.319158 20.791002 9.228278 -8.527080 30.449810 -1.026281 -7.210100 40.474625 -0.117231 -8.637283 19.365405 5.372431 -0.194158 23.701533 -3.696120 5.719162 43.456242 1.178012 7.020673 10.566583 5.689844 -5.016964 -1.815512 -16.105870 49.351501 -2.534405 -2.202652 -28.595968 14.507776 -6.620650 30.044851
0.009278 0.801785 0.036813 4.496904 -34.236731 -14.206414 11.080218 5.107174 -19.425982 2.602749 19.888386 62.137141 -2.544973 10.407134 -16.989802 1.613422 -3.409198 0.660000 6.597181 17.003192 -12.917081 1.715074 6.472228 52.331677 -2.949112 6.936066 -31.975595 -2.119073 1.589053 -0.488334 -12.034963 -5.627117 29.257853 0.151608 -7.951075 0.044334 0.583405 -6.262215 -4.637774 -10.857477 32.500017 15.930211 -2.027951 43.625766 4.419500 -8.350823 -19.377620 0.289090 -50.115509 -34.136969 5.990213 72.062696 -65.800348 -48.614903 23.431346 -24.814874 3.402962 -33.069437 -18.152277 -21.722575 -28.530639 -6.644358 -10.884674 -3.826775 -4.206650 -21.059126 -36.115008 -7.085308 -6.107878 -35.336742 -8.344426 -15.319158 -20.791002 -9.228273 -8.527080 -30.449810 1.026286 -7.210100 -40.474625 0.117229 -8.637283 -19.365405 -5.372419 -0.194158 -23.701533 3.696132 5.719162 -43.456242 -1.178000 7.020673 -10.566583 -5.689846 -5.016964 1.815512 16.105875 49.351501 2.534405 2.202657 -28.595968 -14.507776 6.620655 30.044851 -3.943049 8.121883 0.616461 70.214761 -3.100275 16.288143 25.673506 75.695362 40.034430 8.644798 19.251977 -39.240912 33.069437 18.152275 -21.722575 28.530639 6.644356 -10.884674 3.826775 4.206655 -21.059126 36.115008 7.085306 -6.107878 35.336742 8.344431 -15.319158 20.791002 9.228278 -8.527080 30.449810 -1.026281 -7.210100 40.474625 -0.117231 -8.637283 19.365405 5.372431 -0.194158 23.701533 -3.696120 5.719162 43.456242 1.178012 7.020673 10.566583 5.689844 -5.016964 -1.815512 -16.105870 49.351501 -2.534405 -2.202652 -28.595968 14.507776 -6.620650 30.044851
0.013133 0.802997 0.038343 4.492544 -35.606061 -14.442435 10.571801 5.031960 -19.159787 3.298930 20.051232 62.913583 -2.275789 10.907125 -16.606693 1.656566 -3.410427 0.674838 6.305275 16.891094 -12.816483 2.111766 6.742977 52.212596 -2.793416 7.752260 -31.574230 -2.079353 1.562162 -0.414949 -11.664426 -5.766760 29.614303 0.304139 -8.310357 -0.201167 0.767276 -6.327464 -4.908458 -11.587418 33.121769 15.588227 -2.493524 44.165515 3.736372 -7.476252 -20.099707 -0.275492 -50.466649 -35.330234 6.596706 71.886901 -66.185687 -49.077276 23.732186 -24.186565 2.117997 -33.069437 -18.152277 -21.722575 -28.530639 -6.644358 -10.884674 -3.826775 -4.206650 -21.059126 -36.115008 -7.085308 -6.107878 -35.336742 -8.344426 -15.319158 -20.791002 -9.228273 -8.527080 -30.449810 1.026286 -7.210100 -40.474625 0.117229 -8.637283 -19.365405 -5.372419 -0.194158 -23.701533 3.696132 5.719162 -43.456242 -1.178000 7.020673 -10.566583 -5.689846 -5.016964 1.815512 16.105875 49.351501 2.534405 2.202657 -28.595968 -14.507776 6.620655 30.044851 -4.300740 8.278793 0.604522 70.408042 -3.261577 16.579253 25.157839 75.783171 39.407466 8.662184 18.907797 -39.025966 33.069437 18.152275 -21.722575 28.530639 6.644356 -10.884674 3.826775 4.206655 -21.059126 36.115008 7.085306 -6.107878 35.336742 8.344431 -15.319158 20.791002 9.228278 -8.527080 30.449810 -1.026281 -7.210100 40.474625 -0.117231 -8.637283 19.365405 5.372431 -0.194158 23.701533 -3.696120 5.719162 43.456242 1.178012 7.020673 10.566583 5.689844 -5.016964 -1.815512 -16.105870 49.351501 -2.534405 -2.202652 -28.595968 14.507776 -6.620650 30.044851
0.017186 0.804112 0.040517 4.411108 -36.928955 -14.583058 10.196712 5.261871 -18.813329 4.070260 20.472497 63.731573 -1.854152 11.508345 -16.476310 1.700441 -3.418821 0.680942 5.915326 16.602300 -12.800538 2.556803 6.931046 52.035516 -2.667842 8.701254 -31.214774 -2.036244 1.536139 -0.337238 -11.146114 -5.915119 29.827747 0.484061 -8.628610 -0.264087 0.993401 -6.368978 -5.253823 -12.365167 33.755569 15.176001 -2.982363 44.623438 3.034673 -6.626304 -20.883895 -0.830073 -50.799785 -36.498001 7.049158 71.600634 -66.544482 -49.296720 23.927070 -23.586990 1.037480 -33.069437 -18.152277 -21.722575 -28.530639 -6.644358 -10.884674 -3.826775 -4.206650 -21.059126 -36.115008 -7.085308 -6.107878 -35.336742 -8.344426 -15.319158 -20.791002 -9.228273 -8.527080 -30.449810 1.026286 -7.210100 -40.474625 0.117229 -8.637283 -19.365405 -5.372419 -0.194158 -23.701533 3.696132 5.719162 -43.456242 -1.178000 7.020673 -10.566583 -5.689846 -5.016964 1.815512 16.105875 49.351501 2.534405 2.202657 -28.595968 -14.507776 6.620655 30.044851 -4.625996 8.493035 0.678399 70.505427 -3.329776 16.750802 25.405567 75.876485 39.685523 8.572174 18.573548 -38.849235 33.069437 18.152275 -21.722575 28.530639 6.644356 -10.884674 3.826775 4.206655 -21.059126 36.115008 7.085306 -6.107878 35.336742 8.344431 -15.319158 20.791002 9.228278 -8.527080 30.449810 -1.026281 -7.210100 40.474625 -0.117231 -8.637283 19.365405 5.372431 -0.194158 23.701533 -3.696120 5.719162 43.456242 1.178012 7.020673 10.566583 5.689844 -5.016964 -1.815512 -16.105870 49.351501 -2.534405 -2.202652 -28.595968 14.507776 -6.620650 30.044851
0.021151 0.805430 0.043080 4.185331 -38.057282 -14.531890 9.991768 5.823593 -18.497853 4.893574 21.117411 64.669611 -1.334728 12.048791 -16.684976 1.747189 -3.441265 0.677497 5.395681 16.042580 -13.003133 3.053895 6.889567 51.836273 -2.552775 9.834355 -30.769811 -1.986190 1.519576 -0.252642 -10.506597 -6.086884 30.012603 0.788793 -8.954628 -0.206028 1.323663 -6.459656 -5.736012 -13.205487 34.407688 14.753808 -3.571532 45.027758 2.221301 -5.817239 -21.774422 -1.298107 -51.038131 -37.631106 7.246720 71.276473 -66.871554 -49.280932 23.906758 -23.114881 0.197870 -33.069437 -18.152277 -21.722575 -28.530639 -6.644358 -10.884674 -3.826775 -4.206650 -21.059126 -36.115008 -7.085308 -6.107878 -35.336742 -8.344426 -15.319158 -20.791002 -9.228273 -8.527080 -30.449810 1.026286 -7.210100 -40.474625 0.117229 -8.637283 -19.365405 -5.372419 -0.194158 -23.701533 3.696132 5.719162 -43.456242 -1.178000 7.020673 -10.566583 -5.689846 -5.016964 1.815512 16.105875 49.351501 2.534405 2.202657 -28.595968 -14.507776 6.620655 30.044851 -4.920804 8.739680 0.855501 70.509996 -3.283488 16.767047 26.182268 75.943476 40.652781 8.458011 18.353739 -38.745863 33.069437 18.152275 -21.722575 28.530639 6.644356 -10.884674 3.826775 4.206655 -21.059126 36.115008 7.085306 -6.107878 35.336742 8.344431 -15.319158 20.791002 9.228278 -8.527080 30.449810 -1.026281 -7.210100 40.474625 -0.117231 -8.637283 19.365405 5.372431 -0.194158 23.701533 -3.696120 5.719162 43.456242 1.178012 7.020673 10.566583 5.689844 -5.016964 -1.815512 -16.105870 49.351501 -2.534405 -2.202652 -28.595968 14.507776 -6.620650 30.044851
0.024926 0.806944 0.046299 3.992484 -38.984296 -14.374662 9.995140 6.803492 -18.239180 5.482887 21.992385 65.868466 -0.918961 12.173736 -17.163044 1.785882 -3.490094 0.663579 4.657521 15.261985 -13.466217 3.591834 6.644950 51.705386 -2.479786 11.040512 -30.282999 -1.920299 1.515929 -0.162946 -10.029512 -6.134505 30.221138 1.314009 -9.279855 -0.110331 1.809477 -6.616381 -6.309181 -14.065229 35.114777 14.395527 -4.294358 45.372410 1.177231 -4.960797 -22.804326 -1.644320 -51.022971 -38.753921 7.129894 70.972175 -67.139873 -49.286324 23.895775 -22.773774 -0.595009 -33.069437 -18.152277 -21.722575 -28.530639 -6.644358 -10.884674 -3.826775 -4.206650 -21.059126 -36.115008 -7.085308 -6.107878 -35.336742 -8.344426 -15.319158 -20.791002 -9.228273 -8.527080 -30.449810 1.026286 -7.210100 -40.474625 0.117229 -8.637283 -19.365405 -5.372419 -0.194158 -23.701533 3.696132 5.719162 -43.456242 -1.178000 7.020673 -10.566583 -5.689846 -5.016964 1.815512 16.105875 49.351501 2.534405 2.202657 -28.595968 -14.507776 6.620655 30.044851 -5.173842 9.031849 1.136512 70.502244 -3.110322 16.685710 26.686304 76.003896 41.299487 8.236093 18.120911 -38.682790 33.069437 18.152275 -21.722575 28.530639 6.644356 -10.884674 3.826775 4.206655 -21.059126 36.115008 7.085306 -6.107878 35.336742 8.344431 -15.319158 20.791002 9.228278 -8.527080 30.449810 -1.026281 -7.210100 40.474625 -0.117231 -8.637283 19.365405 5.372431 -0.194158 23.701533 -3.696120 5.719162 43.456242 1.178012 7.020673 10.566583 5.689844 -5.016964 -1.815512 -16.105870 49.351501 -2.534405 -2.202652 -28.595968 14.507776 -6.620650 30.044851
0.029291 0.808550 0.048806 3.962433 -39.701797 -14.218705 10.302461 8.168478 -17.950748 5.511997 23.070981 67.406488 -0.906049 11.529232 -17.828211 1.804178 -3.569249 0.639501 3.629464 14.286989 -14.118930 4.154410 6.281584 51.621907 -2.411010 12.267985 -29.964125 -1.838287 1.516434 -0.063933 -9.814355 -6.034408 30.438772 2.012209 -9.605204 -0.015323 2.371352 -6.773510 -6.861378 -14.828916 35.849733 14.079777 -5.078702 45.549093 -0.030539 -3.907822 -23.868954 -1.992844 -50.762215 -39.922474 6.798781 70.520399 -67.313998 -49.233544 24.223471 -22.473007 -1.445394 -33.069437 -18.152277 -21.722575 -28.530639 -6.644358 -10.884674 -3.826775 -4.206650 -21.059126 -36.115008 -7.085308 -6.107878 -35.336742 -8.344426 -15.319158 -20.791002 -9.228273 -8.527080 -30.449810 1.026286 -7.210100 -40.474625 0.117229 -8.637283 -19.365405 -5.372419 -0.194158 -23.701533 3.696132 5.719162 -43.456242 -1.178000 7.020673 -10.566583 -5.689846 -5.016964 1.815512 16.105875 49.351501 2.534405 2.202657 -28.595968 -14.507776 6.620655 30.044851 -5.362124 9.285344 1.391652 70.583926 -2.848548 16.562345 26.484065 76.049999 41.109918 8.024622 17.763105 -38.602382 33.069437 18.152275 -21.722575 28.530639 6.644356 -10.884674 3.826775 4.206655 -21.059126 36.115008 7.085306 -6.107878 35.336742 8.344431 -15.319158 20.791002 9.228278 -8.527080 30.449810 -1.026281 -7.210100 40.474625 -0.117231 -8.637283 19.365405 5.372431 -0.194158 23.701533 -3.696120 5.719162 43.456242 1.178012 7.020673 10.566583 5.689844 -5.016964 -1.815512 -16.105870 49.351501 -2.534405 -2.202652 -28.595968 14.507776 -6.620650 30.044851
0.034278 0.809769 0.050789 4.057565 -40.100950 -14.104157 10.909340 9.669877 -17.480057 4.985816 24.232127 69.207192 -1.427321 10.120150 -18.623173 1.807295 -3.664715 0.603986 2.372878 13.196584 -14.833665 4.676137 5.828824 51.544904 -2.242391 13.445455 -29.889447 -1.747854 1.505602 0.047362 -9.650048 -5.970409 30.710272 2.707901 -9.971227 0.072674 2.855348 -6.886385 -7.372510 -15.445117 36.523094 13.763880 -5.820603 45.529436 -1.211418 -2.692767 -24.867760 -2.454270 -50.209800 -41.082523 6.299446 69.802382 -67.411152 -48.944716 24.822705 -22.176406 -2.281481 -33.069437 -18.152277 -21.722575 -28.530639 -6.644358 -10.884674 -3.826775 -4.206650 -21.059126 -36.115008 -7.085308 -6.107878 -35.336742 -8.344426 -15.319158 -20.791002 -9.228273 -8.527080 -30.449810 1.026286 -7.210100 -40.474625 0.117229 -8.637283 -19.365405 -5.372419 -0.194158 -23.701533 3.696132 5.719162 -43.456242 -1.178000 7.020673 -10.566583 -5.689846 -5.016964 1.815512 16.105875 49.351501 2.534405 2.202657 -28.595968 -14.507776 6.620655 30.044851 -5.472401 9.477689 1.486263 70.797889 -2.576031 16.411541 25.603616 76.091185 40.188406 8.025646 17.336259 -38.466714 33.069437 18.152275 -21.722575 28.530639 6.644356 -10.884674 3.826775 4.206655 -21.059126 36.115008 7.085306 -6.107878 35.336742 8.344431 -15.319158 20.791002 9.228278 -8.527080 30.449810 -1.026281 -7.210100 40.474625 -0.117231 -8.637283 19.365405 5.372431 -0.194158 23.701533 -3.696120 5.719162 43.456242 1.178012 7.020673 10.566583 5.689844 -5.016964 -1.815512 -16.105870 49.351501 -2.534405 -2.202652 -28.595968 14.507776 -6.620650 30.044851
0.040085 0.810137 0.052393 4.256478 -40.137106 -14.015803 11.709631 11.172580 -16.769726 4.190157 25.235181 71.077052 -2.150920 8.438435 -19.464513 1.812942 -3.755222 0.555378 1.076708 12.212292 -15.592209 5.076400 5.415352 51.593357 -2.099013 14.333066 -30.000376 -1.652002 1.485794 0.165234 -9.468044 -6.037024 30.938004 3.324293 -10.326936 0.204686 3.225084 -6.975724 -7.868614 -15.973770 37.134792 13.495159 -6.466137 45.389540 -2.283157 -1.484920 -25.831015 -2.936420 -49.118605 -42.144027 5.462027 68.956886 -67.478747 -48.530687 25.351244 -21.889518 -3.081603 -33.069437 -18.152277 -21.722575 -28.530639 -6.644358 -10.884674 -3.826775 -4.206650 -21.059126 -36.115008 -7.085308 -6.107878 -35.336742 -8.344426 -15.319158 -20.791002 -9.228273 -8.527080 -30.449810 1.026286 -7.210100 -40.474625 0.117229 -8.637283 -19.365405 -5.372419 -0.194158 -23.701533 3.696132 5.719162 -43.456242 -1.178000 7.020673 -10.566583 -5.689846 -5.016964 1.815512 16.105875 49.351501 2.534405 2.202657 -28.595968 -14.507776 6.620655 30.044851 -5.533073 9.709103 1.492181 71.091273 -2.269478 16.241476 24.160124 76.193693 38.737401 8.168869 16.926782 -38.311996 33.069437 18.152275 -21.722575 28.530639 6.644356 -10.884674 3.826775 4.206655 -21.059126 36.115008 7.085306 -6.107878 35.336742 8.344431 -15.319158 20.791002 9.228278 -8.527080 30.449810 -1.026281 -7.210100 40.474625 -0.117231 -8.637283 19.365405 5.372431 -0.194158 23.701533 -3.696120 5.719162 43.456242 1.178012 7.020673 10.566583 5.689844 -5.016964 -1.815512 -16.105870 49.351501 -2.534405 -2.202652 -28.595968 14.507776 -6.620650 30.044851
0.046580 0.809751 0.053965 4.588334 -39.782335 -13.989192 12.580464 12.477563 -15.801033 3.553754 25.917763 72.792577 -2.525875 7.264680 -20.314110 1.833443 -3.824412 0.500553 -0.181248 11.422995 -16.381386 5.355194 5.156611 51.879754 -2.147709 14.786460 -30.249743 -1.553899 1.461451 0.287394 -9.298691 -6.212587 31.016053 3.867105 -10.619910 0.412121 3.522054 -7.109302 -8.337251 -16.474121 37.674363 13.314257 -7.030237 45.233497 -3.161199 -0.401247 -26.784099 -3.296680 -47.399129 -43.050349 4.139154 68.146887 -67.488646 -48.098735 25.701206 -21.652380 -3.806376 -33.069437 -18.152277 -21.722575 -28.530639 -6.644358 -10.884674 -3.826775 -4.206650 -21.059126 -36.115008 -7.085308 -6.107878 -35.336742 -8.344426 -15.319158 -20.791002 -9.228273 -8.527080 -30.449810 1.026286 -7.210100 -40.474625 0.117229 -8.637283 -19.365405 -5.372419 -0.194158 -23.701533 3.696132 5.719162 -43.456242 -1.178000 7.020673 -10.566583 -5.689846 -5.016964 1.815512 16.105875 49.351501 2.534405 2.202657 -28.595968 -14.507776 6.620655 30.044851 -5.660708 10.045961 1.496735 71.399943 -1.861381 16.085024 22.411101 76.360732 37.046646 8.286872 16.653650 -38.295996 33.069437 18.152275 -21.722575 28.530639 6.644356 -10.884674 3.826775 4.206655 -21.059126 36.115008 7.085306 -6.107878 35.336742 8.344431 -15.319158 20.791002 9.228278 -8.527080 30.449810 -1.026281 -7.210100 40.474625 -0.117231 -8.637283 19.365405 5.372431 -0.194158 23.701533 -3.696120 5.719162 43.456242 1.178012 7.020673 10.566583 5.689844 -5.016964 -1.815512 -16.105870 49.351501 -2.534405 -2.202652 -28.595968 14.507776 -6.620650 30.044851
0.053308 0.808942 0.055692 5.028807 -38.989559 -14.081226 13.472921 13.406878 -14.553760 3.373154 26.265830 74.077705 -2.445664 7.160254 -21.096047 1.858789 -3.858078 0.443851 -1.444953 10.724766 -17.081746 5.555341 5.005397 52.325075 -2.322392 14.843513 -30.648910 -1.472448 1.427546 0.409191 -9.065023 -6.508888 30.955831 4.280696 -10.895454 0.733666 3.765730 -7.297010 -8.769544 -16.993118 38.084393 13.134143 -7.585585 45.173173 -3.791214 0.526786 -27.656595 -3.590118 -45.173539 -43.724355 2.380712 67.363123 -67.444197 -47.699500 26.078700 -21.449565 -4.450992 -33.069437 -18.152277 -21.722575 -28.530639 -6.644358 -10.884674 -3.826775 -4.206650 -21.059126 -36.115008 -7.085308 -6.107878 -35.336742 -8.344426 -15.319158 -20.791002 -9.228273 -8.527080 -30.449810 1.026286 -7.210100 -40.474625 0.117229 -8.637283 -19.365405 -5.372419 -0.194158 -23.701533 3.696132 5.719162 -43.456242 -1.178000 7.020673 -10.566583 -5.689846 -5.016964 1.815512 16.105875 49.351501 2.534405 2.202657 -28.595968 -14.507776 6.620655 30.044851 -5.880836 10.519416 1.482279 71.635243 -1.345565 15.969582 20.484291 76.595253 35.095684 8.246412 16.504984 -38.352482 33.069437 18.152275 -21.722575 28.530639 6.644356 -10.884674 3.826775 4.206655 -21.059126 36.115008 7.085306 -6.107878 35.336742 8.344431 -15.319158 20.791002 9.228278 -8.527080 30.449810 -1.026281 -7.210100 40.474625 -0.117231 -8.637283 19.365405 5.372431 -0.194158 23.701533 -3.696120 5.719162 43.456242 1.178012 7.020673 10.566583 5.689844 -5.016964 -1.815512 -16.105870 49.351501 -2.534405 -2.202652 -28.595968 14.507776 -6.620650 30.044851
0.060050 0.807438 0.057723 5.483766 -37.789740 -14.282048 14.466885 13.982055 -13.029750 3.565352 26.293656 74.562621 -2.109527 8.102929 -21.721911 1.885116 -3.845059 0.386986 -2.716429 10.033605 -17.569753 5.702238 4.830483 52.771455 -2.476097 14.567730 -31.182539 -1.396614 1.375084 0.523511 -8.685742 -6.941649 30.931823 4.528298 -11.206255 1.055102 3.977312 -7.465162 -9.234919 -17.573551 38.377913 12.898116 -8.161921 45.265708 -4.276288 1.269208 -28.302573 -3.894452 -42.618185 -44.106122 0.361378 66.577959 -67.437112 -47.489209 26.528598 -21.162341 -5.222044 -33.069437 -18.152277 -21.722575 -28.530639 -6.644358 -10.884674 -3.826775 -4.206650 -21.059126 -36.115008 -7.085308 -6.107878 -35.336742 -8.344426 -15.319158 -20.791002 -9.228273 -8.527080 -30.449810 1.026286 -7.210100 -40.474625 0.117229 -8.637283 -19.365405 -5.372419 -0.194158 -23.701533 3.696132 5.719162 -43.456242 -1.178000 7.020673 -10.566583 -5.689846 -5.016964 1.815512 16.105875 49.351501 2.534405 2.202657 -28.595968 -14.507776 6.620655 30.044851 -6.099320 11.139419 1.488243 71.675554 -0.731914 15.878752 18.362806 76.855156 32.709475 7.912496 16.289676 -38.163989 33.069437 18.152275 -21.722575 28.530639 6.644356 -10.884674 3.826775 4.206655 -21.059126 36.115008 7.085306 -6.107878 35.336742 8.344431 -15.319158 20.791002 9.228278 -8.527080 30.449810 -1.026281 -7.210100 40.474625 -0.117231 -8.637283 19.365405 5.372431 -0.194158 23.701533 -3.696120 5.719162 43.456242 1.178012 7.020673 10.566583 5.689844 -5.016964 -1.815512 -16.105870 49.351501 -2.534405 -2.202652 -28.595968 14.507776 -6.620650 30.044851
0.066900 0.806278 0.058980 5.915969 -36.258275 -14.544345 15.575442 14.319692 -11.340231 3.825480 25.920891 73.928438 -1.581969 9.707320 -22.212812 1.912187 -3.794256 0.343491 -4.006417 9.302297 -17.840724 5.844496 4.593728 53.166042 -2.557856 13.979918 -31.810991 -1.295463 1.295095 0.630489 -8.154699 -7.471494 31.074403 4.600371 -11.564109 1.126958 4.156316 -7.551987 -9.723313 -18.200313 38.592641 12.680543 -8.723174 45.478783 -4.787380 1.796705 -28.594359 -4.195372 -39.862213 -44.202612 -1.752174 65.751977 -67.511759 -47.447391 27.040495 -20.693572 -6.319730 -33.069437 -18.152277 -21.722575 -28.530639 -6.644358 -10.884674 -3.826775 -4.206650 -21.059126 -36.115008 -7.085308 -6.107878 -35.336742 -8.344426 -15.319158 -20.791002 -9.228273 -8.527080 -30.449810 1.026286 -7.210100 -40.474625 0.117229 -8.637283 -19.365405 -5.372419 -0.194158 -23.701533 3.696132 5.719162 -43.456242 -1.178000 7.020673 -10.566583 -5.689846 -5.016964 1.815512 16.105875 49.351501 2.534405 2.202657 -28.595968 -14.507776 6.620655 30.044851 -6.198324 11.880625 1.634997 71.409710 -0.019880 15.770014 16.199967 77.037276 30.003761 7.016115 15.815039 -37.617608 33.069437 18.152275 -21.722575 28.530639 6.644356 -10.884674 3.826775 4.206655 -21.059126 36.115008 7.085306 -6.107878 35.336742 8.344431 -15.319158 20.791002 9.228278 -8.527080 30.449810 -1.026281 -7.210100 40.474625 -0.117231 -8.637283 19.365405 5.372431 -0.194158 23.701533 -3.696120 5.719162 43.456242 1.178012 7.020673 10.566583 5.689844 -5.016964 -1.815512 -16.105870 49.351501 -2.534405 -2.202652 -28.595968 14.507776 -6.620650 30.044851
0.073635 0.805346 0.059862 6.399399 -34.569173 -14.840263 16.761974 14.532487 -9.604714 3.854460 25.209432 71.976431 -1.098341 11.449749 -22.486813 1.933736 -3.724063 0.323095 -5.391593 8.412425 -18.033166 5.988633 4.347855 53.570198 -2.518940 13.360003 -32.489181 -1.178078 1.209042 0.726236 -7.628185 -7.915258 31.302101 4.520110 -11.842050 0.928695 4.323303 -7.533505 -10.141009 -18.728498 38.749339 12.548025 -9.182247 45.627872 -5.350690 2.134602 -28.661117 -4.479192 -36.916739 -44.046679 -3.895868 64.947982 -67.514297 -47.506288 27.585621 -20.160619 -7.507563 -33.069437 -18.152277 -21.722575 -28.530639 -6.644358 -10.884674 -3.826775 -4.206650 -21.059126 -36.115008 -7.085308 -6.107878 -35.336742 -8.344426 -15.319158 -20.791002 -9.228273 -8.527080 -30.449810 1.026286 -7.210100 -40.474625 0.117229 -8.637283 -19.365405 -5.372419 -0.194158 -23.701533 3.696132 5.719162 -43.456242 -1.178000 7.020673 -10.566583 -5.689846 -5.016964 1.815512 16.105875 49.351501 2.534405 2.202657 -28.595968 -14.507776 6.620655 30.044851 -6.127307 12.580828 1.832588 70.827942 0.629200 15.580100 14.275254 77.094048 27.406692 5.930088 15.281485 -36.893902 33.069437 18.152275 -21.722575 28.530639 6.644356 -10.884674 3.826775 4.206655 -21.059126 36.115008 7.085306 -6.107878 35.336742 8.344431 -15.319158 20.791002 9.228278 -8.527080 30.449810 -1.026281 -7.210100 40.474625 -0.117231 -8.637283 19.365405 5.372431 -0.194158 23.701533 -3.696120 5.719162 43.456242 1.178012 7.020673 10.566583 5.689844 -5.016964 -1.815512 -16.105870 49.351501 -2.534405 -2.202652 -28.595968 14.507776 -6.620650 30.044851
0.080155 0.804394 0.059097 6.998582 -33.036369 -15.147229 18.169638 14.703433 -7.735328 3.599445 24.552224 68.677279 -0.943072 12.948122 -22.443107 1.950632 -3.652981 0.321365 -6.824714 7.410778 -18.305231 6.094048 4.184176 54.030119 -2.339768 12.985476 -33.126834 -1.063796 1.135685 0.811661 -7.384948 -7.998491 31.489781 4.404767 -11.774533 0.646306 4.568563 -7.406074 -10.443245 -19.039979 38.892746 12.496675 -9.536391 45.518876 -5.988372 2.329956 -28.770182 -4.662216 -33.705402 -43.697895 -6.082707 64.302673 -67.212841 -47.722474 28.113660 -19.781817 -8.365767 -33.069437 -18.152277 -21.722575 -28.530639 -6.644358 -10.884674 -3.826775 -4.206650 -21.059126 -36.115008 -7.085308 -6.107878 -35.336742 -8.344426 -15.319158 -20.791002 -9.228273 -8.527080 -30.449810 1.026286 -7.210100 -40.474625 0.117229 -8.637283 -19.365405 -5.372419 -0.194158 -23.701533 3.696132 5.719162 -43.456242 -1.178000 7.020673 -10.566583 -5.689846 -5.016964 1.815512 16.105875 49.351501 2.534405 2.202657 -28.595968 -14.507776 6.620655 30.044851 -5.959720 13.011813 1.866121 70.006693 1.011314 15.336401 12.931301 77.039366 25.507621 5.249279 14.999692 -36.291554 33.069437 18.152275 -21.722575 28.530639 6.644356 -10.884674 3.826775 4.206655 -21.059126 36.115008 7.085306 -6.107878 35.336742 8.344431 -15.319158 20.791002 9.228278 -8.527080 30.449810 -1.026281 -7.210100 40.474625 -0.117231 -8.637283 19.365405 5.372431 -0.194158 23.701533 -3.696120 5.719162 43.456242 1.178012 7.020673 10.566583 5.689844 -5.016964 -1.815512 -16.105870 49.351501 -2.534405 -2.202652 -28.595968 14.507776 -6.620650 30.044851
0.086738 0.803555 0.058206 7.596834 -31.759626 -15.348934 19.916681 14.909554 -5.692434 3.190627 24.127857 64.176977 -1.072673 14.207745 -22.073088 1.974734 -3.585833 0.329512 -8.156171 6.541965 -18.704661 6.174940 4.055707 54.473498 -2.060919 12.691430 -33.621968 -0.942076 1.054263 0.885811 -7.418964 -7.828685 31.545888 4.284452 -11.302444 0.388085 4.859326 -7.146220 -10.628725 -19.202196 39.012274 12.449634 -9.826049 45.202092 -6.764054 2.443609 -28.830684 -4.753459 -30.325777 -43.197068 -8.242703 63.601601 -66.654425 -47.862346 28.766199 -19.555956 -8.836186 -33.069437 -18.152277 -21.722575 -28.530639 -6.644358 -10.884674 -3.826775 -4.206650 -21.059126 -36.115008 -7.085308 -6.107878 -35.336742 -8.344426 -15.319158 -20.791002 -9.228273 -8.527080 -30.449810 1.026286 -7.210100 -40.474625 0.117229 -8.637283 -19.365405 -5.372419 -0.194158 -23.701533 3.696132 5.719162 -43.456242 -1.178000 7.020673 -10.566583 -5.689846 -5.016964 1.815512 16.105875 49.351501 2.534405 2.202657 -28.595968 -14.507776 6.620655 30.044851 -5.739034 13.175137 1.772156 69.048022 1.167924 15.139193 12.101990 76.919004 24.222793 4.808521 14.901092 -35.866283 33.069437 18.152275 -21.722575 28.530639 6.644356 -10.884674 3.826775 4.206655 -21.059126 36.115008 7.085306 -6.107878 35.336742 8.344431 -15.319158 20.791002 9.228278 -8.527080 30.449810 -1.026281 -7.210100 40.474625 -0.117231 -8.637283 19.365405 5.372431 -0.194158 23.701533 -3.696120 5.719162 43.456242 1.178012 7.020673 10.566583 5.689844 -5.016964 -1.815512 -16.105870 49.351501 -2.534405 -2.202652 -28.595968 14.507776 -6.620650 30.044851
0.093211 0.802877 0.057103 8.000928 -30.588050 -15.251637 21.955039 15.199195 -3.708585 2.632900 23.741849 58.741751 -1.355308 15.329290 -21.339727 1.984816 -3.524491 0.333552 -9.297018 5.972081 -19.263480 6.265681 3.797369 54.834739 -1.742740 12.168319 -33.951043 -0.826763 0.962485 0.953188 -7.537466 -7.705154 31.284876 4.141179 -10.609767 0.265045 5.104065 -6.769343 -10.724427 -19.267801 39.090329 12.347072 -10.047918 44.874352 -7.538645 2.460143 -28.650626 -4.786424 -26.931091 -42.546305 -10.274977 62.582592 -65.997957 -47.705210 29.654875 -19.370475 -9.087539 -33.069437 -18.152277 -21.722575 -28.530639 -6.644358 -10.884674 -3.826775 -4.206650 -21.059126 -36.115008 -7.085308 -6.107878 -35.336742 -8.344426 -15.319158 -20.791002 -9.228273 -8.527080 -30.449810 1.026286 -7.210100 -40.474625 0.117229 -8.637283 -19.365405 -5.372419 -0.194158 -23.701533 3.696132 5.719162 -43.456242 -1.178000 7.020673 -10.566583 -5.689846 -5.016964 1.815512 16.105875 49.351501 2.534405 2.202657 -28.595968 -14.507776 6.620655 30.044851 -5.358128 13.192977 1.687440 67.944447 1.253854 15.076654 11.350419 76.738018 22.925287 4.419464 14.903195 -35.346799 33.069437 18.152275 -21.722575 28.530639 6.644356 -10.884674 3.826775 4.206655 -21.059126 36.115008 7.085306 -6.107878 35.336742 8.344431 -15.319158 20.791002 9.228278 -8.527080 30.449810 -1.026281 -7.210100 40.474625 -0.117231 -8.637283 19.365405 5.372431 -0.194158 23.701533 -3.696120 5.719162 43.456242 1.178012 7.020673 10.566583 5.689844 -5.016964 -1.815512 -16.105870 49.351501 -2.534405 -2.202652 -28.595968 14.507776 -6.620650 30.044851
0.099417 0.802324 0.056347 8.218084 -29.125734 -14.941916 23.918711 15.424496 -2.016254 1.794347 22.978569 52.624927 -1.720128 16.339502 -20.189623 1.963560 -3.450623 0.336976 -10.395973 5.433766 -19.788989 6.395366 3.376752 55.101895 -1.354626 11.406132 -34.169189 -0.737398 0.870107 1.030272 -7.604206 -7.568585 30.912425 4.064780 -10.026913 0.068848 5.320881 -6.517849 -10.769526 -19.235051 39.143045 12.255906 -10.257639 44.635323 -8.100814 2.219437 -28.339484 -4.647872 -23.585446 -41.656362 -12.130226 61.296809 -65.293707 -47.289447 30.692316 -19.239042 -9.225960 -33.069437 -18.152277 -21.722575 -28.530639 -6.644358 -10.884674 -3.826775 -4.206650 -21.059126 -36.115008 -7.085308 -6.107878 -35.336742 -8.344426 -15.319158 -20.791002 -9.228273 -8.527080 -30.449810 1.026286 -7.210100 -40.474625 0.117229 -8.637283 -19.365405 -5.372419 -0.194158 -23.701533 3.696132 5.719162 -43.456242 -1.178000 7.020673 -10.566583 -5.689846 -5.016964 1.815512 16.105875 49.351501 2.534405 2.202657 -28.595968 -14.507776 6.620655 30.044851 -4.775930 13.158813 1.658564 66.615375 1.254531 15.177662 10.589098 76.470397 21.426669 4.114009 15.056492 -34.543347 33.069437 18.152275 -21.722575 28.530639 6.644356 -10.884674 3.826775 4.206655 -21.059126 36.115008 7.085306 -6.107878 35.336742 8.344431 -15.319158 20.791002 9.228278 -8.527080 30.449810 -1.026281 -7.210100 40.474625 -0.117231 -8.637283 19.365405 5.372431 -0.194158 23.701533 -3.696120 5.719162 43.456242 1.178012 7.020673 10.566583 5.689844 -5.016964 -1.815512 -16.105870 49.351501 -2.534405 -2.202652 -28.595968 14.507776 -6.620650 30.044851
0.105974 0.801537 0.056304 8.221887 -27.030048 -14.484123 25.604499 15.331878 -0.856651 0.522455 21.636519 46.296590 -2.144253 16.962648 -18.679481 1.959855 -3.368592 0.367595 -11.540018 4.775869 -20.092709 6.456197 2.678550 55.236805 -0.868570 10.572582 -34.305964 -0.644400 0.776301 1.097039 -7.610379 -7.442240 30.616753 4.175714 -9.680042 -0.186732 5.570924 -6.494421 -10.902160 -19.130270 39.209093 12.177829 -10.490056 44.425909 -8.446267 2.087752 -27.969882 -4.497761 -20.911819 -40.504365 -13.573752 60.064315 -64.501188 -46.696764 31.414273 -19.194844 -9.343117 -33.069437 -18.152277 -21.722575 -28.530639 -6.644358 -10.884674 -3.826775 -4.206650 -21.059126 -36.115008 -7.085308 -6.107878 -35.336742 -8.344426 -15.319158 -20.791002 -9.228273 -8.527080 -30.449810 1.026286 -7.210100 -40.474625 0.117229 -8.637283 -19.365405 -5.372419 -0.194158 -23.701533 3.696132 5.719162 -43.456242 -1.178000 7.020673 -10.566583 -5.689846 -5.016964 1.815512 16.105875 49.351501 2.534405 2.202657 -28.595968 -14.507776 6.620655 30.044851 -4.540174 13.031785 1.670864 65.502143 1.099752 15.283011 10.491529 76.273948 20.809947 3.916849 15.290084 -33.958013 33.069437 18.152275 -21.722575 28.530639 6.644356 -10.884674 3.826775 4.206655 -21.059126 36.115008 7.085306 -6.107878 35.336742 8.344431 -15.319158 20.791002 9.228278 -8.527080 30.449810 -1.026281 -7.210100 40.474625 -0.117231 -8.637283 19.365405 5.372431 -0.194158 23.701533 -3.696120 5.719162 43.456242 1.178012 7.020673 10.566583 5.689844 -5.016964 -1.815512 -16.105870 49.351501 -2.534405 -2.202652 -28.595968 14.507776 -6.620650 30.044851
0.113109 0.800443 0.056900 7.879616 -24.392741 -13.764553 27.260352 14.924574 -0.351902 -1.113686 20.026725 40.414229 -2.781465 16.767960 -16.830812 2.000243 -3.322420 0.432754 -12.552230 4.275530 -20.207062 6.288333 1.584080 55.195295 -0.376984 9.680204 -34.407727 -0.543183 0.688807 1.105066 -7.655480 -7.576747 30.086495 4.457792 -9.405400 0.105234 5.870174 -6.442164 -11.246181 -19.007283 39.304278 11.987255 -10.719663 44.199038 -8.771033 2.669266 -27.480765 -4.669174 -19.461611 -39.218370 -14.445558 59.052491 -63.579010 -45.876718 31.521764 -19.191238 -9.462118 -33.069437 -18.152277 -21.722575 -28.530639 -6.644358 -10.884674 -3.826775 -4.206650 -21.059126 -36.115008 -7.085308 -6.107878 -35.336742 -8.344426 -15.319158 -20.791002 -9.228273 -8.527080 -30.449810 1.026286 -7.210100 -40.474625 0.117229 -8.637283 -19.365405 -5.372419 -0.194158 -23.701533 3.696132 5.719162 -43.456242 -1.178000 7.020673 -10.566583 -5.689846 -5.016964 1.815512 16.105875 49.351501 2.534405 2.202657 -28.595968 -14.507776 6.620655 30.044851 -5.162515 12.699653 1.626438 65.171131 0.773760 15.193025 11.461228 76.408338 21.969846 4.169175 15.574261 -34.253228 33.069437 18.152275 -21.722575 28.530639 6.644356 -10.884674 3.826775 4.206655 -21.059126 36.115008 7.085306 -6.107878 35.336742 8.344431 -15.319158 20.791002 9.228278 -8.527080 30.449810 -1.026281 -7.210100 40.474625 -0.117231 -8.637283 19.365405 5.372431 -0.194158 23.701533 -3.696120 5.719162 43.456242 1.178012 7.020673 10.566583 5.689844 -5.016964 -1.815512 -16.105870 49.351501 -2.534405 -2.202652 -28.595968 14.507776 -6.620650 30.044851
0.121030 0.799285 0.058555 7.375494 -21.543486 -12.991370 28.829808 14.614900 -0.293334 -2.617390 18.585528 35.468722 -3.813516 16.049041 -14.558323 2.028998 -3.294498 0.507664 -13.439963 3.888067 -20.108919 6.021862 0.434566 55.057540 0.073358 8.684690 -34.540390 -0.455614 0.614009 1.081871 -7.780206 -7.683325 29.464251 4.821550 -9.168639 0.700131 6.178377 -6.357770 -11.667520 -18.812663 39.437522 11.796078 -10.907995 43.942974 -9.057469 3.464060 -26.997352 -4.868207 -18.445807 -37.866484 -15.059679 57.652957 -62.570461 -44.440267 31.350357 -19.221892 -9.491714 -33.069437 -18.152277 -21.722575 -28.530639 -6.644358 -10.884674 -3.826775 -4.206650 -21.059126 -36.115008 -7.085308 -6.107878 -35.336742 -8.344426 -15.319158 -20.791002 -9.228273 -8.527080 -30.449810 1.026286 -7.210100 -40.474625 0.117229 -8.637283 -19.365405 -5.372419 -0.194158 -23.701533 3.696132 5.719162 -43.456242 -1.178000 7.020673 -10.566583 -5.689846 -5.016964 1.815512 16.105875 49.351501 2.534405 2.202657 -28.595968 -14.507776 6.620655 30.044851 -5.968980 12.254045 1.555201 65.105459 0.282328 15.057581 12.788834 76.719276 23.737518 4.885055 16.121346 -35.150339 33.069437 18.152275 -21.722575 28.530639 6.644356 -10.884674 3.826775 4.206655 -21.059126 36.115008 7.085306 -6.107878 35.336742 8.344431 -15.319158 20.791002 9.228278 -8.527080 30.449810 -1.026281 -7.210100 40.474625 -0.117231 -8.637283 19.365405 5.372431 -0.194158 23.701533 -3.696120 5.719162 43.456242 1.178012 7.020673 10.566583 5.689844 -5.016964 -1.815512 -16.105870 49.351501 -2.534405 -2.202652 -28.595968 14.507776 -6.620650 30.044851
0.130157 0.797863 0.060807 6.845794 -18.653183 -12.320367 30.084101 14.741777 -0.557463 -3.650820 17.663794 31.731761 -5.179876 15.385502 -11.924923 1.993114 -3.254712 0.576606 -14.316921 3.335252 -19.757891 5.794432 -0.519379 54.834138 0.478052 7.746714 -34.665351 -0.400394 0.547777 1.058462 -7.847449 -7.592914 28.977084 5.152568 -9.011059 1.240985 6.413016 -6.302534 -12.116649 -18.493873 39.583852 11.692514 -11.012188 43.619004 -9.201715 3.957771 -26.609506 -4.890715 -17.274305 -36.416681 -15.603207 55.442001 -61.596264 -42.050234 31.333346 -19.379204 -9.022097 -33.069437 -18.152277 -21.722575 -28.530639 -6.644358 -10.884674 -3.826775 -4.206650 -21.059126 -36.115008 -7.085308 -6.107878 -35.336742 -8.344426 -15.319158 -20.791002 -9.228273 -8.527080 -30.449810 1.026286 -7.210100 -40.474625 0.117229 -8.637283 -19.365405 -5.372419 -0.194158 -23.701533 3.696132 5.719162 -43.456242 -1.178000 7.020673 -10.566583 -5.689846 -5.016964 1.815512 16.105875 49.351501 2.534405 2.202657 -28.595968 -14.507776 6.620655 30.044851 -6.408308 11.847560 1.563883 64.791195 -0.315081 14.954187 14.383571 76.980066 25.649951 5.350972 16.758418 -36.207646 33.069437 18.152275 -21.722575 28.530639 6.644356 -10.884674 3.826775 4.206655 -21.059126 36.115008 7.085306 -6.107878 35.336742 8.344431 -15.319158 20.791002 9.228278 -8.527080 30.449810 -1.026281 -7.210100 40.474625 -0.117231 -8.637283 19.365405 5.372431 -0.194158 23.701533 -3.696120 5.719162 43.456242 1.178012 7.020673 10.566583 5.689844 -5.016964 -1.815512 -16.105870 49.351501 -2.534405 -2.202652 -28.595968 14.507776 -6.620650 30.044851
0.140794 0.796942 0.063176 6.275258 -15.743809 -11.732364 30.902610 15.128079 -1.222160 -4.324212 17.601434 29.359964 -6.793724 14.946731 -9.180203 1.916524 -3.199128 0.655666 -15.145941 2.666037 -19.184229 5.530519 -1.270051 54.429989 0.849862 6.877580 -34.658333 -0.367481 0.471887 1.032330 -7.831719 -7.354561 28.741829 5.446840 -8.905833 1.581121 6.591421 -6.235038 -12.549947 -18.182498 39.617880 11.557689 -11.003791 43.252660 -9.314301 4.227022 -26.272764 -4.805908 -16.129603 -34.859391 -16.066355 52.683991 -60.634329 -38.954034 31.633663 -19.853349 -7.796189 -33.069437 -18.152277 -21.722575 -28.530639 -6.644358 -10.884674 -3.826775 -4.206650 -21.059126 -36.115008 -7.085308 -6.107878 -35.336742 -8.344426 -15.319158 -20.791002 -9.228273 -8.527080 -30.449810 1.026286 -7.210100 -40.474625 0.117229 -8.637283 -19.365405 -5.372419 -0.194158 -23.701533 3.696132 5.719162 -43.456242 -1.178000 7.020673 -10.566583 -5.689846 -5.016964 1.815512 16.105875 49.351501 2.534405 2.202657 -28.595968 -14.507776 6.620655 30.044851 -6.655692 11.500873 1.643545 64.357027 -0.945651 14.825737 16.610943 77.075935 28.124443 5.235700 17.231798 -37.247419 33.069437 18.152275 -21.722575 28.530639 6.644356 -10.884674 3.826775 4.206655 -21.059126 36.115008 7.085306 -6.107878 35.336742 8.344431 -15.319158 20.791002 9.228278 -8.527080 30.449810 -1.026281 -7.210100 40.474625 -0.117231 -8.637283 19.365405 5.372431 -0.194158 23.701533 -3.696120 5.719162 43.456242 1.178012 7.020673 10.566583 5.689844 -5.016964 -1.815512 -16.105870 49.351501 -2.534405 -2.202652 -28.595968 14.507776 -6.620650 30.044851
0.153090 0.796833 0.066569 5.679867 -12.776734 -11.209644 31.115979 15.458121 -2.431023 -4.625647 18.623674 28.373016 -8.266527 14.976128 -6.866101 1.846420 -3.112556 0.763678 -15.846208 2.039996 -18.428610 5.157430 -1.758341 53.788696 1.255153 5.865926 -34.441587 -0.325001 0.368573 1.012907 -7.806242 -6.976209 28.955276 5.766654 -8.833399 1.447732 6.774972 -6.143944 -12.844813 -18.052946 39.410201 11.225903 -10.841153 42.949468 -9.509339 4.420398 -25.895581 -4.619971 -15.180360 -33.269497 -16.517592 49.873037 -59.630045 -35.935688 32.059340 -20.507183 -6.329319 -33.069437 -18.152277 -21.722575 -28.530639 -6.644358 -10.884674 -3.826775 -4.206650 -21.059126 -36.115008 -7.085308 -6.107878 -35.336742 -8.344426 -15.319158 -20.791002 -9.228273 -8.527080 -30.449810 1.026286 -7.210100 -40.474625 0.117229 -8.637283 -19.365405 -5.372419 -0.194158 -23.701533 3.696132 5.719162 -43.456242 -1.178000 7.020673 -10.566583 -5.689846 -5.016964 1.815512 16.105875 49.351501 2.534405 2.202657 -28.595968 -14.507776 6.620655 30.044851 -6.922734 11.171678 1.730242 64.005962 -1.518294 14.711507 19.094733 76.962581 30.670992 4.803576 17.531800 -38.114706 33.069437 18.152275 -21.722575 28.530639 6.644356 -10.884674 3.826775 4.206655 -21.059126 36.115008 7.085306 -6.107878 35.336742 8.344431 -15.319158 20.791002 9.228278 -8.527080 30.449810 -1.026281 -7.210100 40.474625 -0.117231 -8.637283 19.365405 5.372431 -0.194158 23.701533 -3.696120 5.719162 43.456242 1.178012 7.020673 10.566583 5.689844 -5.016964 -1.815512 -16.105870 49.351501 -2.534405 -2.202652 -28.595968 14.507776 -6.620650 30.044851
0.166897 0.796942 0.069659 5.085941 -9.740380 -10.753375 30.603612 15.839300 -4.231048 -4.189904 20.295643 28.731963 -8.739872 15.276547 -5.881700 1.806607 -3.008628 0.890192 -16.428990 1.450099 -17.511347 4.688192 -1.921801 52.973663 1.748955 4.711351 -34.048121 -0.265334 0.251278 1.008637 -7.782923 -6.471117 29.628333 6.135602 -8.793313 0.805855 6.944402 -6.024600 -12.978708 -18.010695 38.988833 10.742667 -10.634344 42.728238 -9.800679 4.546630 -25.512052 -4.307844 -14.282059 -31.615365 -17.088321 47.141730 -58.582923 -33.163987 32.492972 -21.198104 -4.680585 -33.069437 -18.152277 -21.722575 -28.530639 -6.644358 -10.884674 -3.826775 -4.206650 -21.059126 -36.115008 -7.085308 -6.107878 -35.336742 -8.344426 -15.319158 -20.791002 -9.228273 -8.527080 -30.449810 1.026286 -7.210100 -40.474625 0.117229 -8.637283 -19.365405 -5.372419 -0.194158 -23.701533 3.696132 5.719162 -43.456242 -1.178000 7.020673 -10.566583 -5.689846 -5.016964 1.815512 16.105875 49.351501 2.534405 2.202657 -28.595968 -14.507776 6.620655 30.044851 -7.217720 10.932881 1.808820 63.783305 -2.042648 14.656392 20.869431 76.771486 32.313212 4.405180 17.699980 -38.567763 33.069437 18.152275 -21.722575 28.530639 6.644356 -10.884674 3.826775 4.206655 -21.059126 36.115008 7.085306 -6.107878 35.336742 8.344431 -15.319158 20.791002 9.228278 -8.527080 30.449810 -1.026281 -7.210100 40.474625 -0.117231 -8.637283 19.365405 5.372431 -0.194158 23.701533 -3.696120 5.719162 43.456242 1.178012 7.020673 10.566583 5.689844 -5.016964 -1.815512 -16.105870 49.351501 -2.534405 -2.202652 -28.595968 14.507776 -6.620650 30.044851
0.182535 0.796977 0.073280 4.553768 -6.689929 -10.332067 29.353339 16.023319 -6.583147 -3.327614 21.202187 30.081782 -7.888246 15.354582 -6.547400 1.798822 -2.898675 1.026703 -17.010152 0.957404 -16.526718 4.267174 -1.793380 52.137699 2.401144 3.417672 -33.599203 -0.196201 0.135527 1.024939 -7.860064 -5.825486 30.594391 6.565357 -8.783354 -0.243793 7.044085 -5.836838 -12.867620 -17.922587 38.536264 10.166293 -10.564593 42.476491 -10.307439 4.648861 -25.111762 -3.941844 -13.199017 -29.927284 -17.709776 44.507405 -57.458185 -30.674079 33.320460 -21.819221 -2.944682 -33.069437 -18.152277 -21.722575 -28.530639 -6.644358 -10.884674 -3.826775 -4.206650 -21.059126 -36.115008 -7.085308 -6.107878 -35.336742 -8.344426 -15.319158 -20.791002 -9.228273 -8.527080 -30.449810 1.026286 -7.210100 -40.474625 0.117229 -8.637283 -19.365405 -5.372419 -0.194158 -23.701533 3.696132 5.719162 -43.456242 -1.178000 7.020673 -10.566583 -5.689846 -5.016964 1.815512 16.105875 49.351501 2.534405 2.202657 -28.595968 -14.507776 6.620655 30.044851 -7.449702 10.772953 1.805472 63.625657 -2.540534 14.775355 21.303746 76.654908 32.440325 4.188912 17.727185 -38.468841 33.069437 18.152275 -21.722575 28.530639 6.644356 -10.884674 3.826775 4.206655 -21.059126 36.115008 7.085306 -6.107878 35.336742 8.344431 -15.319158 20.791002 9.228278 -8.527080 30.449810 -1.026281 -7.210100 40.474625 -0.117231 -8.637283 19.365405 5.372431 -0.194158 23.701533 -3.696120 5.719162 43.456242 1.178012 7.020673 10.566583 5.689844 -5.016964 -1.815512 -16.105870 49.351501 -2.534405 -2.202652 -28.595968 14.507776 -6.620650 30.044851
0.200122 0.796610 0.077137 4.110052 -3.641923 -9.831716 27.636066 15.428184 -9.458145 -3.048501 20.380570 31.878918 -6.536346 15.249247 -8.112974 1.818127 -2.766552 1.159683 -17.712072 0.544444 -15.607261 4.132027 -1.467115 51.356766 3.185832 1.863982 -33.190143 -0.149314 0.019441 1.061519 -8.028639 -5.037112 31.447198 7.002805 -8.781162 -1.391844 7.074179 -5.600001 -12.514114 -17.853561 38.163486 9.393528 -10.602669 42.153150 -11.000936 4.893382 -24.609866 -3.667485 -12.057843 -28.274781 -18.174288 42.157782 -56.309822 -28.523338 34.786584 -22.260417 -1.516230 -33.069437 -18.152277 -21.722575 -28.530639 -6.644358 -10.884674 -3.826775 -4.206650 -21.059126 -36.115008 -7.085308 -6.107878 -35.336742 -8.344426 -15.319158 -20.791002 -9.228273 -8.527080 -30.449810 1.026286 -7.210100 -40.474625 0.117229 -8.637283 -19.365405 -5.372419 -0.194158 -23.701533 3.696132 5.719162 -43.456242 -1.178000 7.020673 -10.566583 -5.689846 -5.016964 1.815512 16.105875 49.351501 2.534405 2.202657 -28.595968 -14.507776 6.620655 30.044851 -7.666745 10.620107 1.664839 63.491089 -2.952019 15.069822 21.025136 76.608668 31.766049 4.010250 17.688970 -38.125928 33.069437 18.152275 -21.722575 28.530639 6.644356 -10.884674 3.826775 4.206655 -21.059126 36.115008 7.085306 -6.107878 35.336742 8.344431 -15.319158 20.791002 9.228278 -8.527080 30.449810 -1.026281 -7.210100 40.474625 -0.117231 -8.637283 19.365405 5.372431 -0.194158 23.701533 -3.696120 5.719162 43.456242 1.178012 7.020673 10.566583 5.689844 -5.016964 -1.815512 -16.105870 49.351501 -2.534405 -2.202652 -28.595968 14.507776 -6.620650 30.044851
0.218066 0.795908 0.081785 3.671264 -0.667888 -9.285875 25.966858 14.211912 -12.487285 -3.539392 18.570713 33.888489 -5.325447 15.041158 -9.956070 1.852247 -2.627769 1.249461 -18.516505 0.057806 -14.626360 4.218823 -1.058185 50.523562 4.044949 0.347980 -32.772286 -0.141346 -0.090238 1.091200 -8.116070 -4.072457 31.866736 7.357461 -8.669263 -2.173064 7.100279 -5.330830 -12.156115 -17.799362 37.868176 8.548171 -10.659589 41.753393 -11.644477 5.335800 -24.059844 -3.535273 -11.089096 -26.620216 -18.488765 40.077723 -55.206371 -26.507279 36.316430 -22.722746 -0.142483 -33.069437 -18.152277 -21.722575 -28.530639 -6.644358 -10.884674 -3.826775 -4.206650 -21.059126 -36.115008 -7.085308 -6.107878 -35.336742 -8.344426 -15.319158 -20.791002 -9.228273 -8.527080 -30.449810 1.026286 -7.210100 -40.474625 0.117229 -8.637283 -19.365405 -5.372419 -0.194158 -23.701533 3.696132 5.719162 -43.456242 -1.178000 7.020673 -10.566583 -5.689846 -5.016964 1.815512 16.105875 49.351501 2.534405 2.202657 -28.595968 -14.507776 6.620655 30.044851 -7.989680 10.522729 1.479745 63.373965 -3.291916 15.338001 21.051763 76.597138 31.463946 3.596346 17.685295 -37.745627 33.069437 18.152275 -21.722575 28.530639 6.644356 -10.884674 3.826775 4.206655 -21.059126 36.115008 7.085306 -6.107878 35.336742 8.344431 -15.319158 20.791002 9.228278 -8.527080 30.449810 -1.026281 -7.210100 40.474625 -0.117231 -8.637283 19.365405 5.372431 -0.194158 23.701533 -3.696120 5.719162 43.456242 1.178012 7.020673 10.566583 5.689844 -5.016964 -1.815512 -16.105870 49.351501 -2.534405 -2.202652 -28.595968 14.507776 -6.620650 30.044851
0.237002 0.795013 0.087868 3.191007 2.168403 -8.817066 24.558358 12.897578 -15.183575 -4.276465 16.822390 35.907247 -4.527423 14.547841 -11.821304 1.877150 -2.497825 1.293918 -19.301840 -0.400472 -13.338087 4.148981 -0.676623 49.493350 5.083777 -0.709613 -32.183520 -0.168620 -0.190696 1.095084 -8.115996 -2.933741 31.978881 7.609982 -8.349555 -2.631164 7.136655 -4.942104 -11.856878 -17.635934 37.724742 7.912995 -10.671128 41.192935 -12.139607 5.925240 -23.438550 -3.553551 -10.256082 -25.017423 -18.665954 38.098027 -54.129062 -24.749891 37.149508 -23.144592 1.121570 -33.069437 -18.152277 -21.722575 -28.530639 -6.644358 -10.884674 -3.826775 -4.206650 -21.059126 -36.115008 -7.085308 -6.107878 -35.336742 -8.344426 -15.319158 -20.791002 -9.228273 -8.527080 -30.449810 1.026286 -7.210100 -40.474625 0.117229 -8.637283 -19.365405 -5.372419 -0.194158 -23.701533 3.696132 5.719162 -43.456242 -1.178000 7.020673 -10.566583 -5.689846 -5.016964 1.815512 16.105875 49.351501 2.534405 2.202657 -28.595968 -14.507776 6.620655 30.044851 -8.287552 10.397531 1.306657 63.200403 -3.577651 15.577720 21.479616 76.651179 31.556823 3.051109 17.705465 -37.391871 33.069437 18.152275 -21.722575 28.530639 6.644356 -10.884674 3.826775 4.206655 -21.059126 36.115008 7.085306 -6.107878 35.336742 8.344431 -15.319158 20.791002 9.228278 -8.527080 30.449810 -1.026281 -7.210100 40.474625 -0.117231 -8.637283 19.365405 5.372431 -0.194158 23.701533 -3.696120 5.719162 43.456242 1.178012 7.020673 10.566583 5.689844 -5.016964 -1.815512 -16.105870 49.351501 -2.534405 -2.202652 -28.595968 14.507776 -6.620650 30.044851
0.256634 0.794540 0.095131 2.832046 5.160429 -8.369755 23.074741 11.489576 -17.526168 -5.048329 15.288500 37.646312 -4.070114 13.634132 -13.634264 1.887097 -2.370667 1.314036 -20.094475 -0.688105 -11.686682 3.714573 -0.337928 48.319593 6.471101 -1.459937 -31.272561 -0.235735 -0.287555 1.085725 -8.198208 -1.656394 31.747491 7.809710 -7.959169 -2.964868 7.136987 -4.441348 -11.434084 -17.312445 37.749276 7.542214 -10.660477 40.464987 -12.553845 6.689571 -22.693137 -3.722115 -9.440670 -23.617446 -18.724001 36.073535 -52.957606 -23.218668 37.238369 -23.449123 2.232504 -33.069437 -18.152277 -21.722575 -28.530639 -6.644358 -10.884674 -3.826775 -4.206650 -21.059126 -36.115008 -7.085308 -6.107878 -35.336742 -8.344426 -15.319158 -20.791002 -9.228273 -8.527080 -30.449810 1.026286 -7.210100 -40.474625 0.117229 -8.637283 -19.365405 -5.372419 -0.194158 -23.701533 3.696132 5.719162 -43.456242 -1.178000 7.020673 -10.566583 -5.689846 -5.016964 1.815512 16.105875 49.351501 2.534405 2.202657 -28.595968 -14.507776 6.620655 30.044851 -8.444972 10.131085 1.081133 62.990122 -3.811830 15.942164 21.382040 76.768972 31.070893 2.658542 17.743516 -37.031677 33.069437 18.152275 -21.722575 28.530639 6.644356 -10.884674 3.826775 4.206655 -21.059126 36.115008 7.085306 -6.107878 35.336742 8.344431 -15.319158 20.791002 9.228278 -8.527080 30.449810 -1.026281 -7.210100 40.474625 -0.117231 -8.637283 19.365405 5.372431 -0.194158 23.701533 -3.696120 5.719162 43.456242 1.178012 7.020673 10.566583 5.689844 -5.016964 -1.815512 -16.105870 49.351501 -2.534405 -2.202652 -28.595968 14.507776 -6.620650 30.044851
0.277277 0.794964 0.104000 2.692101 8.717960 -7.892417 21.282613 9.803858 -19.578573 -5.954781 13.764015 38.959734 -3.684447 12.274119 -15.439798 1.892046 -2.240586 1.316138 -20.890880 -0.758053 -9.702412 3.011540 -0.005571 47.248937 8.148995 -2.302379 -29.876644 -0.355573 -0.383362 1.079927 -8.398282 -0.287070 30.988271 8.007155 -7.647993 -3.116975 7.083668 -3.925533 -10.808838 -16.810069 37.837536 7.367910 -10.714491 39.668327 -12.862103 7.637903 -21.917166 -4.011432 -8.557372 -22.445782 -18.733785 33.835217 -51.547049 -21.537106 37.055730 -24.033582 3.639427 -33.069437 -18.152277 -21.722575 -28.530639 -6.644358 -10.884674 -3.826775 -4.206650 -21.059126 -36.115008 -7.085308 -6.107878 -35.336742 -8.344426 -15.319158 -20.791002 -9.228273 -8.527080 -30.449810 1.026286 -7.210100 -40.474625 0.117229 -8.637283 -19.365405 -5.372419 -0.194158 -23.701533 3.696132 5.719162 -43.456242 -1.178000 7.020673 -10.566583 -5.689846 -5.016964 1.815512 16.105875 49.351501 2.534405 2.202657 -28.595968 -14.507776 6.620655 30.044851 -8.500039 9.740050 0.716706 62.806964 -4.029140 16.437820 20.061816 76.880113 29.290457 2.600246 17.861610 -36.509847 33.069437 18.152275 -21.722575 28.530639 6.644356 -10.884674 3.826775 4.206655 -21.059126 36.115008 7.085306 -6.107878 35.336742 8.344431 -15.319158 20.791002 9.228278 -8.527080 30.449810 -1.026281 -7.210100 40.474625 -0.117231 -8.637283 19.365405 5.372431 -0.194158 23.701533 -3.696120 5.719162 43.456242 1.178012 7.020673 10.566583 5.689844 -5.016964 -1.815512 -16.105870 49.351501 -2.534405 -2.202652 -28.595968 14.507776 -6.620650 30.044851
0.299109 0.796381 0.114784 2.674938 13.165151 -7.455631 19.217852 7.864535 -21.298389 -7.154427 12.032057 39.854086 -3.174324 10.658048 -17.218755 1.898195 -2.101305 1.303385 -21.619827 -0.736312 -7.314511 2.306178 0.246408 46.541735 9.882079 -3.273434 -27.803241 -0.520940 -0.479784 1.085413 -8.595354 1.052159 29.738534 8.267088 -7.494860 -3.043315 7.003568 -3.443929 -10.086866 -16.168077 37.906822 7.346951 -10.790147 38.911269 -12.983517 8.736206 -21.230677 -4.431301 -7.603081 -21.361196 -18.686431 31.360564 -49.892603 -19.497004 36.970059 -25.063151 5.467536 -33.069437 -18.152277 -21.722575 -28.530639 -6.644358 -10.884674 -3.826775 -4.206650 -21.059126 -36.115008 -7.085308 -6.107878 -35.336742 -8.344426 -15.319158 -20.791002 -9.228273 -8.527080 -30.449810 1.026286 -7.210100 -40.474625 0.117229 -8.637283 -19.365405 -5.372419 -0.194158 -23.701533 3.696132 5.719162 -43.456242 -1.178000 7.020673 -10.566583 -5.689846 -5.016964 1.815512 16.105875 49.351501 2.534405 2.202657 -28.595968 -14.507776 6.620655 30.044851 -8.543787 9.295849 0.212734 62.621640 -4.247719 16.935449 18.037995 76.934290 26.704474 2.875983 18.081378 -36.059485 33.069437 18.152275 -21.722575 28.530639 6.644356 -10.884674 3.826775 4.206655 -21.059126 36.115008 7.085306 -6.107878 35.336742 8.344431 -15.319158 20.791002 9.228278 -8.527080 30.449810 -1.026281 -7.210100 40.474625 -0.117231 -8.637283 19.365405 5.372431 -0.194158 23.701533 -3.696120 5.719162 43.456242 1.178012 7.020673 10.566583 5.689844 -5.016964 -1.815512 -16.105870 49.351501 -2.534405 -2.202652 -28.595968 14.507776 -6.620650 30.044851
0.322149 0.798882 0.127405 2.661688 18.669013 -7.032697 17.005265 5.768910 -22.722588 -8.642564 10.058501 40.322725 -2.563512 8.805517 -18.845120 1.896356 -1.958814 1.285907 -22.136998 -0.793741 -4.519402 1.755323 0.333336 46.280542 11.499163 -3.968754 -25.037469 -0.713605 -0.572067 1.094107 -8.766639 2.296777 28.115060 8.685216 -7.533327 -2.848874 6.962992 -2.968965 -9.409875 -15.445404 37.998346 7.537420 -10.745859 38.155741 -12.989947 9.936088 -20.674249 -4.998370 -6.621353 -20.315036 -18.564068 28.959070 -48.080950 -17.395853 36.698565 -26.220896 7.548436 -33.069437 -18.152277 -21.722575 -28.530639 -6.644358 -10.884674 -3.826775 -4.206650 -21.059126 -36.115008 -7.085308 -6.107878 -35.336742 -8.344426 -15.319158 -20.791002 -9.228273 -8.527080 -30.449810 1.026286 -7.210100 -40.474625 0.117229 -8.637283 -19.365405 -5.372419 -0.194158 -23.701533 3.696132 5.719162 -43.456242 -1.178000 7.020673 -10.566583 -5.689846 -5.016964 1.815512 16.105875 49.351501 2.534405 2.202657 -28.595968 -14.507776 6.620655 30.044851 -8.587815 8.819997 -0.294737 62.288320 -4.469598 17.320571 16.365248 77.024667 24.547736 3.245040 18.325161 -35.911676 33.069437 18.152275 -21.722575 28.530639 6.644356 -10.884674 3.826775 4.206655 -21.059126 36.115008 7.085306 -6.107878 35.336742 8.344431 -15.319158 20.791002 9.228278 -8.527080 30.449810 -1.026281 -7.210100 40.474625 -0.117231 -8.637283 19.365405 5.372431 -0.194158 23.701533 -3.696120 5.719162 43.456242 1.178012 7.020673 10.566583 5.689844 -5.016964 -1.815512 -16.105870 49.351501 -2.534405 -2.202652 -28.595968 14.507776 -6.620650 30.044851
0.345678 0.802551 0.141551 2.729150 25.067528 -6.455903 14.762829 3.553504 -23.829816 -10.284807 8.108318 40.244851 -1.974378 6.582980 -20.150994 1.880078 -1.830051 1.261967 -22.184227 -0.822912 -1.530309 1.395344 0.531193 46.320335 12.879160 -4.059616 -21.934451 -0.932772 -0.652137 1.097133 -9.142605 3.615235 26.217811 9.262656 -7.701801 -2.709954 7.003370 -2.447644 -8.792340 -14.512620 38.186613 7.929903 -10.385718 37.187862 -12.883303 11.233532 -20.215882 -5.731606 -5.443873 -19.444610 -18.415296 26.818393 -46.117305 -15.729311 35.948474 -27.323227 9.754382 -33.069437 -18.152277 -21.722575 -28.530639 -6.644358 -10.884674 -3.826775 -4.206650 -21.059126 -36.115008 -7.085308 -6.107878 -35.336742 -8.344426 -15.319158 -20.791002 -9.228273 -8.527080 -30.449810 1.026286 -7.210100 -40.474625 0.117229 -8.637283 -19.365405 -5.372419 -0.194158 -23.701533 3.696132 5.719162 -43.456242 -1.178000 7.020673 -10.566583 -5.689846 -5.016964 1.815512 16.105875 49.351501 2.534405 2.202657 -28.595968 -14.507776 6.620655 30.044851 -8.486343 8.236452 -0.774074 61.680454 -4.710595 17.612046 15.032698 77.244668 22.908886 3.710063 18.556110 -35.778235 33.069437 18.152275 -21.722575 28.530639 6.644356 -10.884674 3.826775 4.206655 -21.059126 36.115008 7.085306 -6.107878 35.336742 8.344431 -15.319158 20.791002 9.228278 -8.527080 30.449810 -1.026281 -7.210100 40.474625 -0.117231 -8.637283 19.365405 5.372431 -0.194158 23.701533 -3.696120 5.719162 43.456242 1.178012 7.020673 10.566583 5.689844 -5.016964 -1.815512 -16.105870 49.351501 -2.534405 -2.202652 -28.595968 14.507776 -6.620650 30.044851
0.368857 0.807106 0.156079 3.001163 32.124356 -5.584489 12.545188 1.181857 -24.591589 -11.987787 6.253983 39.584208 -1.439289 4.134753 -21.041347 1.847725 -1.727024 1.219272 -21.593793 -0.720828 1.398800 1.328460 0.976071 46.471460 13.828992 -3.384787 -18.973941 -1.190972 -0.714818 1.093767 -9.817057 5.101437 24.145724 9.856351 -7.928556 -2.638900 7.090916 -1.886318 -8.175990 -13.315113 38.468536 8.333629 -9.602408 35.847383 -12.616795 12.688308 -19.785983 -6.727731 -3.954432 -18.821110 -18.314831 25.038814 -43.997382 -14.832804 34.803594 -28.331301 11.997183 -33.069437 -18.152277 -21.722575 -28.530639 -6.644358 -10.884674 -3.826775 -4.206650 -21.059126 -36.115008 -7.085308 -6.107878 -35.336742 -8.344426 -15.319158 -20.791002 -9.228273 -8.527080 -30.449810 1.026286 -7.210100 -40.474625 0.117229 -8.637283 -19.365405 -5.372419 -0.194158 -23.701533 3.696132 5.719162 -43.456242 -1.178000 7.020673 -10.566583 -5.689846 -5.016964 1.815512 16.105875 49.351501 2.534405 2.202657 -28.595968 -14.507776 6.620655 30.044851 -8.225606 7.537970 -1.287361 60.860906 -4.937521 17.801372 13.637584 77.599851 21.327646 4.219715 18.793022 -35.663232 33.069437 18.152275 -21.722575 28.530639 6.644356 -10.884674 3.826775 4.206655 -21.059126 36.115008 7.085306 -6.107878 35.336742 8.344431 -15.319158 20.791002 9.228278 -8.527080 30.449810 -1.026281 -7.210100 40.474625 -0.117231 -8.637283 19.365405 5.372431 -0.194158 23.701533 -3.696120 5.719162 43.456242 1.178012 7.020673 10.566583 5.689844 -5.016964 -1.815512 -16.105870 49.351501 -2.534405 -2.202652 -28.595968 14.507776 -6.620650 30.044851
0.391141 0.812150 0.171514 3.548460 39.710647 -4.334065 10.332588 -1.336672 -25.085089 -13.645549 4.393009 38.485507 -0.933645 1.875975 -21.448857 1.813527 -1.652077 1.163096 -20.437225 -0.604182 4.014573 1.573655 1.296468 46.660246 14.163913 -2.023865 -16.497577 -1.476748 -0.751113 1.080993 -10.687576 6.648536 22.032817 10.338371 -8.190023 -2.531809 7.148804 -1.311496 -7.522781 -11.925721 38.758751 8.641312 -8.407027 34.010158 -12.225899 14.384916 -19.310561 -8.072541 -2.238703 -18.414058 -18.346909 23.755374 -41.774425 -14.782616 33.415492 -29.213345 14.196608 -33.069437 -18.152277 -21.722575 -28.530639 -6.644358 -10.884674 -3.826775 -4.206650 -21.059126 -36.115008 -7.085308 -6.107878 -35.336742 -8.344426 -15.319158 -20.791002 -9.228273 -8.527080 -30.449810 1.026286 -7.210100 -40.474625 0.117229 -8.637283 -19.365405 -5.372419 -0.194158 -23.701533 3.696132 5.719162 -43.456242 -1.178000 7.020673 -10.566583 -5.689846 -5.016964 1.815512 16.105875 49.351501 2.534405 2.202657 -28.595968 -14.507776 6.620655 30.044851 -7.953030 6.834693 -1.830364 60.018054 -5.052616 17.762534 11.934350 78.068962 19.496879 4.544569 19.091727 -35.985955 33.069437 18.152275 -21.722575 28.530639 6.644356 -10.884674 3.826775 4.206655 -21.059126 36.115008 7.085306 -6.107878 35.336742 8.344431 -15.319158 20.791002 9.228278 -8.527080 30.449810 -1.026281 -7.210100 40.474625 -0.117231 -8.637283 19.365405 5.372431 -0.194158 23.701533 -3.696120 5.719162 43.456242 1.178012 7.020673 10.566583 5.689844 -5.016964 -1.815512 -16.105870 49.351501 -2.534405 -2.202652 -28.595968 14.507776 -6.620650 30.044851
0.412672 0.817469 0.186190 4.348202 47.653679 -2.723533 8.195854 -3.839172 -25.420810 -15.014713 2.677321 37.240582 -0.445807 0.053196 -21.274581 1.806540 -1.594628 1.114723 -18.904309 -0.706191 6.061912 1.903878 1.071926 46.908233 13.949251 -0.689696 -14.479202 -1.741869 -0.772895 1.046890 -11.610978 8.087390 20.156351 10.744347 -8.402763 -2.400818 7.162233 -0.733130 -6.883299 -10.532229 38.826548 8.910844 -6.944079 31.690284 -11.820523 16.296203 -18.701499 -9.634953 -0.517869 -18.146164 -18.604981 23.088522 -39.608022 -15.448761 31.808191 -29.860300 16.192200 -33.069437 -18.152277 -21.722575 -28.530639 -6.644358 -10.884674 -3.826775 -4.206650 -21.059126 -36.115008 -7.085308 -6.107878 -35.336742 -8.344426 -15.319158 -20.791002 -9.228273 -8.527080 -30.449810 1.026286 -7.210100 -40.474625 0.117229 -8.637283 -19.365405 -5.372419 -0.194158 -23.701533 3.696132 5.719162 -43.456242 -1.178000 7.020673 -10.566583 -5.689846 -5.016964 1.815512 16.105875 49.351501 2.534405 2.202657 -28.595968 -14.507776 6.620655 30.044851 -7.783465 6.303031 -2.336809 59.219653 -4.960579 17.435660 8.654252 78.678365 16.196581 4.599149 19.462114 -36.584617 33.069437 18.152275 -21.722575 28.530639 6.644356 -10.884674 3.826775 4.206655 -21.059126 36.115008 7.085306 -6.107878 35.336742 8.344431 -15.319158 20.791002 9.228278 -8.527080 30.449810 -1.026281 -7.210100 40.474625 -0.117231 -8.637283 19.365405 5.372431 -0.194158 23.701533 -3.696120 5.719162 43.456242 1.178012 7.020673 10.566583 5.689844 -5.016964 -1.815512 -16.105870 49.351501 -2.534405 -2.202652 -28.595968 14.507776 -6.620650 30.044851
0.432330 0.822886 0.199279 5.311533 55.720857 -0.848839 6.306226 -6.078203 -25.695465 -15.938813 1.402343 36.149049 0.026276 -1.417631 -20.561791 1.823797 -1.547582 1.086449 -17.327350 -1.257920 7.538172 2.028016 0.294643 46.951523 13.564588 -0.251970 -12.785151 -1.940870 -0.805632 0.990195 -12.400208 9.404913 18.711928 11.160744 -8.480176 -2.278277 7.186571 -0.178006 -6.371997 -9.349990 38.353721 9.201063 -5.386058 29.088282 -11.448466 18.196252 -17.990893 -11.126969 1.149714 -17.897613 -19.187827 22.823384 -37.618661 -16.422599 30.272969 -30.249662 17.950456 -33.069437 -18.152277 -21.722575 -28.530639 -6.644358 -10.884674 -3.826775 -4.206650 -21.059126 -36.115008 -7.085308 -6.107878 -35.336742 -8.344426 -15.319158 -20.791002 -9.228273 -8.527080 -30.449810 1.026286 -7.210100 -40.474625 0.117229 -8.637283 -19.365405 -5.372419 -0.194158 -23.701533 3.696132 5.719162 -43.456242 -1.178000 7.020673 -10.566583 -5.689846 -5.016964 1.815512 16.105875 49.351501 2.534405 2.202657 -28.595968 -14.507776 6.620655 30.044851 -7.689095 6.068509 -2.796043 58.254335 -4.671417 16.877896 1.703298 79.454712 9.379626 4.352094 19.653202 -36.908573 33.069437 18.152275 -21.722575 28.530639 6.644356 -10.884674 3.826775 4.206655 -21.059126 36.115008 7.085306 -6.107878 35.336742 8.344431 -15.319158 20.791002 9.228278 -8.527080 30.449810 -1.026281 -7.210100 40.474625 -0.117231 -8.637283 19.365405 5.372431 -0.194158 23.701533 -3.696120 5.719162 43.456242 1.178012 7.020673 10.566583 5.689844 -5.016964 -1.815512 -16.105870 49.351501 -2.534405 -2.202652 -28.595968 14.507776 -6.620650 30.044851
0.450393 0.827885 0.211096 6.512783 63.614971 1.347553 4.735694 -7.773149 -26.009302 -16.647715 0.265321 35.495544 0.373406 -2.845359 -19.706069 1.827065 -1.500112 1.070673 -16.109530 -2.150141 8.746243 1.788543 -0.633491 46.181173 13.257861 -0.365023 -11.665517 -2.095701 -0.837010 0.927919 -12.885831 10.699432 17.590558 11.535308 -8.441688 -2.133597 7.183511 0.398462 -5.936427 -8.290058 37.328660 9.495504 -3.762127 26.173076 -10.986060 19.918039 -17.287418 -12.414673 2.902186 -17.531529 -19.982767 22.746005 -35.803470 -17.441151 29.148778 -30.523703 19.549427 -33.069437 -18.152277 -21.722575 -28.530639 -6.644358 -10.884674 -3.826775 -4.206650 -21.059126 -36.115008 -7.085308 -6.107878 -35.336742 -8.344426 -15.319158 -20.791002 -9.228273 -8.527080 -30.449810 1.026286 -7.210100 -40.474625 0.117229 -8.637283 -19.365405 -5.372419 -0.194158 -23.701533 3.696132 5.719162 -43.456242 -1.178000 7.020673 -10.566583 -5.689846 -5.016964 1.815512 16.105875 49.351501 2.534405 2.202657 -28.595968 -14.507776 6.620655 30.044851 -7.444661 6.082634 -3.314016 56.869671 -4.175613 16.043602 -10.301354 80.119112 -2.500521 3.882104 19.596102 -37.091431 33.069437 18.152275 -21.722575 28.530639 6.644356 -10.884674 3.826775 4.206655 -21.059126 36.115008 7.085306 -6.107878 35.336742 8.344431 -15.319158 20.791002 9.228278 -8.527080 30.449810 -1.026281 -7.210100 40.474625 -0.117231 -8.637283 19.365405 5.372431 -0.194158 23.701533 -3.696120 5.719162 43.456242 1.178012 7.020673 10.566583 5.689844 -5.016964 -1.815512 -16.105870 49.351501 -2.534405 -2.202652 -28.595968 14.507776 -6.620650 30.044851
0.466381 0.831721 0.221081 8.125832 71.029250 4.001097 3.462518 -8.910676 -26.460120 -17.431835 -1.575633 35.640006 0.557820 -4.509152 -19.383508 1.797518 -1.424304 1.063263 -15.482050 -2.931918 10.041053 1.269348 -1.185944 44.148499 13.248793 -0.412609 -11.349348 -2.249452 -0.860717 0.874783 -12.935515 11.972641 16.636893 11.807474 -8.281697 -2.007909 7.049249 1.077950 -5.451397 -7.138515 35.940192 9.816207 -2.103352 22.817636 -10.262609 21.445860 -16.502459 -13.463674 4.725537 -16.990564 -20.658389 22.705490 -34.138997 -18.229954 28.686269 -30.850131 20.815101 -33.069437 -18.152277 -21.722575 -28.530639 -6.644358 -10.884674 -3.826775 -4.206650 -21.059126 -36.115008 -7.085308 -6.107878 -35.336742 -8.344426 -15.319158 -20.791002 -9.228273 -8.527080 -30.449810 1.026286 -7.210100 -40.474625 0.117229 -8.637283 -19.365405 -5.372419 -0.194158 -23.701533 3.696132 5.719162 -43.456242 -1.178000 7.020673 -10.566583 -5.689846 -5.016964 1.815512 16.105875 49.351501 2.534405 2.202657 -28.595968 -14.507776 6.620655 30.044851 -6.923848 6.202654 -4.000841 54.956477 -3.363606 14.980432 -26.257527 80.026645 -18.465193 3.200137 19.447812 -37.303666 33.069437 18.152275 -21.722575 28.530639 6.644356 -10.884674 3.826775 4.206655 -21.059126 36.115008 7.085306 -6.107878 35.336742 8.344431 -15.319158 20.791002 9.228278 -8.527080 30.449810 -1.026281 -7.210100 40.474625 -0.117231 -8.637283 19.365405 5.372431 -0.194158 23.701533 -3.696120 5.719162 43.456242 1.178012 7.020673 10.566583 5.689844 -5.016964 -1.815512 -16.105870 49.351501 -2.534405 -2.202652 -28.595968 14.507776 -6.620650 30.044851
0.480781 0.833673 0.229034 10.572195 77.701129 7.532563 2.518306 -9.816796 -27.121925 -18.124481 -3.851398 36.690062 0.745439 -5.693739 -20.059716 1.746055 -1.279039 1.067090 -15.531153 -3.184443 11.518580 0.629264 -1.003018 40.853410 13.672715 -0.685953 -11.543225 -2.421663 -0.906452 0.835729 -12.615951 13.165882 15.710622 12.028794 -7.891926 -2.022044 6.793406 1.875873 -4.845477 -5.937753 34.271740 10.130909 -0.475437 19.187445 -9.178343 22.725706 -15.479385 -14.142771 6.500795 -16.071515 -21.007473 22.665392 -32.810823 -18.673710 28.719719 -31.156479 21.555285 -33.069437 -18.152277 -21.722575 -28.530639 -6.644358 -10.884674 -3.826775 -4.206650 -21.059126 -36.115008 -7.085308 -6.107878 -35.336742 -8.344426 -15.319158 -20.791002 -9.228273 -8.527080 -30.449810 1.026286 -7.210100 -40.474625 0.117229 -8.637283 -19.365405 -5.372419 -0.194158 -23.701533 3.696132 5.719162 -43.456242 -1.178000 7.020673 -10.566583 -5.689846 -5.016964 1.815512 16.105875 49.351501 2.534405 2.202657 -28.595968 -14.507776 6.620655 30.044851 -6.210993 6.364011 -4.785073 52.393336 -2.135313 13.828456 -41.315476 78.851661 -33.751008 2.335503 19.269592 -37.483081 33.069437 18.152275 -21.722575 28.530639 6.644356 -10.884674 3.826775 4.206655 -21.059126 36.115008 7.085306 -6.107878 35.336742 8.344431 -15.319158 20.791002 9.228278 -8.527080 30.449810 -1.026281 -7.210100 40.474625 -0.117231 -8.637283 19.365405 5.372431 -0.194158 23.701533 -3.696120 5.719162 43.456242 1.178012 7.020673 10.566583 5.689844 -5.016964 -1.815512 -16.105870 49.351501 -2.534405 -2.202652 -28.595968 14.507776 -6.620650 30.044851
0.493345 0.833477 0.235620 15.513265 83.516352 13.636822 2.008103 -10.691470 -28.018044 -18.003569 -5.040301 38.303834 1.236558 -5.013759 -21.736647 1.676463 -1.044429 1.087581 -16.273849 -3.045121 13.056109 -0.166250 -0.355201 36.558270 14.400947 -1.777015 -11.535441 -2.600857 -1.002621 0.812498 -12.055282 14.310519 14.666117 12.233371 -7.189298 -2.223525 6.518629 2.729093 -4.148167 -4.909319 32.133864 10.308841 1.116449 15.629422 -7.777941 23.658759 -14.209919 -14.324828 8.144232 -14.524238 -21.133261 22.687978 -32.089681 -18.854162 28.539937 -31.167257 21.982477 -33.069437 -18.152277 -21.722575 -28.530639 -6.644358 -10.884674 -3.826775 -4.206650 -21.059126 -36.115008 -7.085308 -6.107878 -35.336742 -8.344426 -15.319158 -20.791002 -9.228273 -8.527080 -30.449810 1.026286 -7.210100 -40.474625 0.117229 -8.637283 -19.365405 -5.372419 -0.194158 -23.701533 3.696132 5.719162 -43.456242 -1.178000 7.020673 -10.566583 -5.689846 -5.016964 1.815512 16.105875 49.351501 2.534405 2.202657 -28.595968 -14.507776 6.620655 30.044851 -5.481096 6.593840 -5.459998 49.109374 -0.583036 12.543835 -51.825563 76.940465 -44.808589 1.245751 19.019197 -37.645158 33.069437 18.152275 -21.722575 28.530639 6.644356 -10.884674 3.826775 4.206655 -21.059126 36.115008 7.085306 -6.107878 35.336742 8.344431 -15.319158 20.791002 9.228278 -8.527080 30.449810 -1.026281 -7.210100 40.474625 -0.117231 -8.637283 19.365405 5.372431 -0.194158 23.701533 -3.696120 5.719162 43.456242 1.178012 7.020673 10.566583 5.689844 -5.016964 -1.815512 -16.105870 49.351501 -2.534405 -2.202652 -28.595968 14.507776 -6.620650 30.044851
0.504994 0.830969 0.240821 43.414509 88.454524 42.701397 1.896726 -11.327716 -29.078294 -16.695887 -4.831161 40.226064 2.016286 -2.417905 -24.141047 1.591554 -0.747282 1.139168 -17.569695 -3.145948 14.644609 -1.316519 -0.078080 31.451447 15.400608 -3.535823 -10.834722 -2.756404 -1.147114 0.799184 -11.242234 15.457930 13.608449 12.383265 -6.247462 -2.624472 6.302147 3.603610 -3.446774 -4.150433 29.333718 10.316850 2.704239 12.247809 -6.271926 24.264906 -12.686029 -14.099465 9.502585 -12.384531 -21.106446 22.842347 -32.085713 -18.890133 27.733170 -30.740992 22.317165 -33.069437 -18.152277 -21.722575 -28.530639 -6.644358 -10.884674 -3.826775 -4.206650 -21.059126 -36.115008 -7.085308 -6.107878 -35.336742 -8.344426 -15.319158 -20.791002 -9.228273 -8.527080 -30.449810 1.026286 -7.210100 -40.474625 0.117229 -8.637283 -19.365405 -5.372419 -0.194158 -23.701533 3.696132 5.719162 -43.456242 -1.178000 7.020673 -10.566583 -5.689846 -5.016964 1.815512 16.105875 49.351501 2.534405 2.202657 -28.595968 -14.507776 6.620655 30.044851 -4.906738 6.890263 -5.970660 45.329192 1.058477 10.965949 -57.436953 74.678101 -51.390132 -0.201006 18.635764 -37.555577 33.069437 18.152275 -21.722575 28.530639 6.644356 -10.884674 3.826775 4.206655 -21.059126 36.115008 7.085306 -6.107878 35.336742 8.344431 -15.319158 20.791002 9.228278 -8.527080 30.449810 -1.026281 -7.210100 40.474625 -0.117231 -8.637283 19.365405 5.372431 -0.194158 23.701533 -3.696120 5.719162 43.456242 1.178012 7.020673 10.566583 5.689844 -5.016964 -1.815512 -16.105870 49.351501 -2.534405 -2.202652 -28.595968 14.507776 -6.620650 30.044851
0.515739 0.826409 0.246123 176.076403 86.496705 176.417366 2.042700 -11.634166 -30.273669 -14.720485 -4.294062 42.408201 2.701317 0.759868 -26.819055 1.495906 -0.442191 1.216208 -19.087693 -3.804044 16.307444 -2.690664 -0.535218 25.646776 16.701141 -5.133923 -9.351165 -2.857178 -1.310226 0.796427 -10.205705 16.653766 12.782454 12.430679 -5.218856 -3.245297 6.185718 4.487170 -2.806127 -3.553720 25.894459 10.251733 4.285362 8.865936 -4.957310 24.584480 -10.879232 -13.668746 10.545541 -9.869436 -20.827345 23.166864 -32.705928 -19.024867 26.443900 -29.946784 22.572177 -33.069437 -18.152277 -21.722575 -28.530639 -6.644358 -10.884674 -3.826775 -4.206650 -21.059126 -36.115008 -7.085308 -6.107878 -35.336742 -8.344426 -15.319158 -20.791002 -9.228273 -8.527080 -30.449810 1.026286 -7.210100 -40.474625 0.117229 -8.637283 -19.365405 -5.372419 -0.194158 -23.701533 3.696132 5.719162 -43.456242 -1.178000 7.020673 -10.566583 -5.689846 -5.016964 1.815512 16.105875 49.351501 2.534405 2.202657 -28.595968 -14.507776 6.620655 30.044851 -4.474119 7.200968 -6.403570 41.318273 2.577572 9.078547 -59.066718 72.204015 -54.503438 -1.997086 18.064337 -36.929720 33.069437 18.152275 -21.722575 28.530639 6.644356 -10.884674 3.826775 4.206655 -21.059126 36.115008 7.085306 -6.107878 35.336742 8.344431 -15.319158 20.791002 9.228278 -8.527080 30.449810 -1.026281 -7.210100 40.474625 -0.117231 -8.637283 19.365405 5.372431 -0.194158 23.701533 -3.696120 5.719162 43.456242 1.178012 7.020673 10.566583 5.689844 -5.016964 -1.815512 -16.105870 49.351501 -2.534405 -2.202652 -28.595968 14.507776 -6.620650 30.044851
0.525285 0.820352 0.250632 -176.087031 82.188495 -174.698098 2.373598 -11.853565 -31.835758 -12.936107 -3.974136 44.720213 3.086653 3.483959 -29.316941 1.395032 -0.166845 1.290763 -20.417438 -4.520005 17.836597 -3.706313 -0.908454 19.492035 18.017093 -6.162659 -7.410643 -2.918196 -1.462655 0.805348 -9.192874 17.935745 12.090390 12.344696 -4.193624 -3.947226 6.113682 5.309846 -2.203049 -3.025571 22.010635 10.056825 5.893151 5.217584 -4.032492 24.645614 -8.852093 -13.191264 11.469341 -7.191237 -20.268240 23.539393 -33.646151 -19.208862 25.027838 -29.034292 22.778783 -33.069437 -18.152277 -21.722575 -28.530639 -6.644358 -10.884674 -3.826775 -4.206650 -21.059126 -36.115008 -7.085308 -6.107878 -35.336742 -8.344426 -15.319158 -20.791002 -9.228273 -8.527080 -30.449810 1.026286 -7.210100 -40.474625 0.117229 -8.637283 -19.365405 -5.372419 -0.194158 -23.701533 3.696132 5.719162 -43.456242 -1.178000 7.020673 -10.566583 -5.689846 -5.016964 1.815512 16.105875 49.351501 2.534405 2.202657 -28.595968 -14.507776 6.620655 30.044851 -4.045478 7.468678 -6.824038 37.241565 3.845775 7.073844 -58.081572 69.569967 -55.452083 -4.161909 17.368333 -36.388639 33.069437 18.152275 -21.722575 28.530639 6.644356 -10.884674 3.826775 4.206655 -21.059126 36.115008 7.085306 -6.107878 35.336742 8.344431 -15.319158 20.791002 9.228278 -8.527080 30.449810 -1.026281 -7.210100 40.474625 -0.117231 -8.637283 19.365405 5.372431 -0.194158 23.701533 -3.696120 5.719162 43.456242 1.178012 7.020673 10.566583 5.689844 -5.016964 -1.815512 -16.105870 49.351501 -2.534405 -2.202652 -28.595968 14.507776 -6.620650 30.044851
0.533079 0.813564 0.255489 -175.349958 77.973066 -172.769212 2.854305 -12.211017 -33.968593 -12.004150 -3.626336 46.945724 3.310529 5.353409 -31.200229 1.303415 0.056468 1.344488 -21.190353 -4.434716 18.975060 -4.104337 -0.063826 14.089844 18.921243 -6.691049 -5.693445 -2.972880 -1.581917 0.806273 -8.509202 19.199207 11.278259 12.172901 -3.191157 -4.496218 5.945914 6.047432 -1.593682 -2.467168 17.966726 9.730854 7.454653 1.056879 -3.518974 24.513930 -6.734359 -12.738663 12.334622 -4.637027 -19.486608 23.942163 -34.522424 -19.210809 23.615953 -28.230815 22.843937 -33.069437 -18.152277 -21.722575 -28.530639 -6.644358 -10.884674 -3.826775 -4.206650 -21.059126 -36.115008 -7.085308 -6.107878 -35.336742 -8.344426 -15.319158 -20.791002 -9.228273 -8.527080 -30.449810 1.026286 -7.210100 -40.474625 0.117229 -8.637283 -19.365405 -5.372419 -0.194158 -23.701533 3.696132 5.719162 -43.456242 -1.178000 7.020673 -10.566583 -5.689846 -5.016964 1.815512 16.105875 49.351501 2.534405 2.202657 -28.595968 -14.507776 6.620655 30.044851 -3.556044 7.641919 -7.154405 33.365614 4.846896 5.161383 -55.627342 66.747459 -55.004121 -6.724564 16.674215 -36.883609 33.069437 18.152275 -21.722575 28.530639 6.644356 -10.884674 3.826775 4.206655 -21.059126 36.115008 7.085306 -6.107878 35.336742 8.344431 -15.319158 20.791002 9.228278 -8.527080 30.449810 -1.026281 -7.210100 40.474625 -0.117231 -8.637283 19.365405 5.372431 -0.194158 23.701533 -3.696120 5.719162 43.456242 1.178012 7.020673 10.566583 5.689844 -5.016964 -1.815512 -16.105870 49.351501 -2.534405 -2.202652 -28.595968 14.507776 -6.620650 30.044851
0.538612 0.806638 0.259893 -176.562507 73.632208 -172.776370 3.341458 -12.811295 -36.416291 -11.983941 -3.092345 48.923812 3.601588 6.355965 -32.253745 1.237413 0.198426 1.373539 -21.351197 -3.423418 19.711456 -4.108244 2.109732 11.074254 19.387641 -6.508212 -4.417094 -3.000641 -1.648703 0.773166 -8.175583 20.286006 10.452157 12.006146 -2.260332 -4.828794 5.615081 6.769314 -1.041038 -1.849134 13.899315 9.538781 8.860247 -3.593674 -3.378524 24.228991 -4.764423 -12.260680 12.925844 -2.455519 -18.599428 24.578132 -35.137168 -19.284179 22.335769 -27.626337 22.530221 -33.069437 -18.152277 -21.722575 -28.530639 -6.644358 -10.884674 -3.826775 -4.206650 -21.059126 -36.115008 -7.085308 -6.107878 -35.336742 -8.344426 -15.319158 -20.791002 -9.228273 -8.527080 -30.449810 1.026286 -7.210100 -40.474625 0.117229 -8.637283 -19.365405 -5.372419 -0.194158 -23.701533 3.696132 5.719162 -43.456242 -1.178000 7.020673 -10.566583 -5.689846 -5.016964 1.815512 16.105875 49.351501 2.534405 2.202657 -28.595968 -14.507776 6.620655 30.044851 -3.050748 7.725991 -7.265938 30.023855 5.485327 3.300880 -52.317354 63.671292 -53.416673 -9.463888 16.031843 -38.070231 33.069437 18.152275 -21.722575 28.530639 6.644356 -10.884674 3.826775 4.206655 -21.059126 36.115008 7.085306 -6.107878 35.336742 8.344431 -15.319158 20.791002 9.228278 -8.527080 30.449810 -1.026281 -7.210100 40.474625 -0.117231 -8.637283 19.365405 5.372431 -0.194158 23.701533 -3.696120 5.719162 43.456242 1.178012 7.020673 10.566583 5.689844 -5.016964 -1.815512 -16.105870 49.351501 -2.534405 -2.202652 -28.595968 14.507776 -6.620650 30.044851
0.542000 0.800036 0.263772 -178.134516 69.095200 -173.390568 3.697299 -13.655240 -38.695706 -12.462384 -2.460402 50.591990 4.075765 6.740942 -32.713584 1.200452 0.249318 1.381559 -21.135387 -2.071935 20.278830 -3.734612 5.060818 10.701865 19.765468 -5.368820 -3.085817 -2.983728 -1.661140 0.709466 -7.893123 21.195603 9.901926 11.823573 -1.445723 -5.006827 5.182625 7.530894 -0.594694 -1.234326 9.788251 9.623474 10.115979 -8.470648 -3.487533 23.753096 -3.131967 -11.664542 13.089268 -0.755205 -17.779621 25.677080 -35.554967 -20.015308 21.397801 -27.250697 21.789475 -33.069437 -18.152277 -21.722575 -28.530639 -6.644358 -10.884674 -3.826775 -4.206650 -21.059126 -36.115008 -7.085308 -6.107878 -35.336742 -8.344426 -15.319158 -20.791002 -9.228273 -8.527080 -30.449810 1.026286 -7.210100 -40.474625 0.117229 -8.637283 -19.365405 -5.372419 -0.194158 -23.701533 3.696132 5.719162 -43.456242 -1.178000 7.020673 -10.566583 -5.689846 -5.016964 1.815512 16.105875 49.351501 2.534405 2.202657 -28.595968 -14.507776 6.620655 30.044851 -2.588472 7.768332 -7.188917 27.435185 5.714562 1.345843 -48.654316 60.228918 -51.058495 -12.044488 15.456523 -38.498450 33.069437 18.152275 -21.722575 28.530639 6.644356 -10.884674 3.826775 4.206655 -21.059126 36.115008 7.085306 -6.107878 35.336742 8.344431 -15.319158 20.791002 9.228278 -8.527080 30.449810 -1.026281 -7.210100 40.474625 -0.117231 -8.637283 19.365405 5.372431 -0.194158 23.701533 -3.696120 5.719162 43.456242 1.178012 7.020673 10.566583 5.689844 -5.016964 -1.815512 -16.105870 49.351501 -2.534405 -2.202652 -28.595968 14.507776 -6.620650 30.044851
0.544133 0.794122 0.266429 -179.315702 64.556703 -173.959249 3.863275 -14.558068 -40.559005 -13.157560 -2.103347 52.034526 4.609690 6.700896 -32.997586 1.187131 0.241060 1.374583 -20.786055 -0.934497 20.980084 -3.047540 8.103517 11.482624 20.467089 -3.445801 -1.394613 -2.946556 -1.637310 0.634698 -7.401657 21.981976 9.731939 11.570373 -0.731367 -5.134352 4.751470 8.339950 -0.225328 -0.643942 5.644239 9.921816 11.272051 -13.334815 -3.705424 23.044770 -1.715830 -10.942112 12.884684 0.432620 -17.099440 27.375229 -35.882482 -21.579377 20.783624 -26.963515 20.690060 -33.069437 -18.152277 -21.722575 -28.530639 -6.644358 -10.884674 -3.826775 -4.206650 -21.059126 -36.115008 -7.085308 -6.107878 -35.336742 -8.344426 -15.319158 -20.791002 -9.228273 -8.527080 -30.449810 1.026286 -7.210100 -40.474625 0.117229 -8.637283 -19.365405 -5.372419 -0.194158 -23.701533 3.696132 5.719162 -43.456242 -1.178000 7.020673 -10.566583 -5.689846 -5.016964 1.815512 16.105875 49.351501 2.534405 2.202657 -28.595968 -14.507776 6.620655 30.044851 -2.142809 7.770675 -7.073778 25.584454 5.731324 -0.672516 -45.167402 56.422139 -48.630383 -14.326604 14.911371 -37.930219 33.069437 18.152275 -21.722575 28.530639 6.644356 -10.884674 3.826775 4.206655 -21.059126 36.115008 7.085306 -6.107878 35.336742 8.344431 -15.319158 20.791002 9.228278 -8.527080 30.449810 -1.026281 -7.210100 40.474625 -0.117231 -8.637283 19.365405 5.372431 -0.194158 23.701533 -3.696120 5.719162 43.456242 1.178012 7.020673 10.566583 5.689844 -5.016964 -1.815512 -16.105870 49.351501 -2.534405 -2.202652 -28.595968 14.507776 -6.620650 30.044851
0.545290 0.788910 0.268365 -179.979419 60.244832 -174.271020 3.815407 -15.298938 -42.075229 -14.012133 -2.430718 53.451653 4.999313 6.318529 -33.290776 1.192649 0.220331 1.358472 -20.422093 -0.277433 21.980377 -2.393416 10.625721 11.812235 21.557498 -1.357368 0.435040 -2.923793 -1.604532 0.549010 -6.683316 22.650727 9.822480 11.250804 -0.088346 -5.307912 4.392331 9.136692 0.106476 -0.100948 1.530149 10.323349 12.366163 -17.888803 -3.988425 22.077132 -0.288757 -10.155733 12.558968 1.241198 -16.583066 29.654390 -36.144949 -23.836491 20.365389 -26.573572 19.288063 -33.069437 -18.152277 -21.722575 -28.530639 -6.644358 -10.884674 -3.826775 -4.206650 -21.059126 -36.115008 -7.085308 -6.107878 -35.336742 -8.344426 -15.319158 -20.791002 -9.228273 -8.527080 -30.449810 1.026286 -7.210100 -40.474625 0.117229 -8.637283 -19.365405 -5.372419 -0.194158 -23.701533 3.696132 5.719162 -43.456242 -1.178000 7.020673 -10.566583 -5.689846 -5.016964 1.815512 16.105875 49.351501 2.534405 2.202657 -28.595968 -14.507776 6.620655 30.044851 -1.642605 7.749139 -7.040172 24.289198 5.794674 -2.622210 -42.196513 52.429402 -46.971716 -16.296606 14.313729 -37.414759 33.069437 18.152275 -21.722575 28.530639 6.644356 -10.884674 3.826775 4.206655 -21.059126 36.115008 7.085306 -6.107878 35.336742 8.344431 -15.319158 20.791002 9.228278 -8.527080 30.449810 -1.026281 -7.210100 40.474625 -0.117231 -8.637283 19.365405 5.372431 -0.194158 23.701533 -3.696120 5.719162 43.456242 1.178012 7.020673 10.566583 5.689844 -5.016964 -1.815512 -16.105870 49.351501 -2.534405 -2.202652 -28.595968 14.507776 -6.620650 30.044851
0.546497 0.784062 0.269878 179.658171 56.306668 -174.387843 3.649058 -15.928893 -43.374543 -14.947695 -3.257485 54.830693 5.187489 5.729158 -33.567894 1.195717 0.202545 1.331302 -20.021477 0.003472 23.122424 -1.963717 12.448767 11.370725 22.710825 0.419813 1.993949 -2.930728 -1.572580 0.444910 -5.948419 23.241791 9.939660 10.906953 0.463042 -5.449861 4.132029 9.849593 0.366903 0.439281 -2.334734 10.720006 13.377410 -21.890091 -4.375996 20.879079 1.164119 -9.377317 12.355387 1.879944 -16.305067 32.353971 -36.225282 -26.809304 20.114992 -26.135184 17.836486 -33.069437 -18.152277 -21.722575 -28.530639 -6.644358 -10.884674 -3.826775 -4.206650 -21.059126 -36.115008 -7.085308 -6.107878 -35.336742 -8.344426 -15.319158 -20.791002 -9.228273 -8.527080 -30.449810 1.026286 -7.210100 -40.474625 0.117229 -8.637283 -19.365405 -5.372419 -0.194158 -23.701533 3.696132 5.719162 -43.456242 -1.178000 7.020673 -10.566583 -5.689846 -5.016964 1.815512 16.105875 49.351501 2.534405 2.202657 -28.595968 -14.507776 6.620655 30.044851 -1.045182 7.784629 -7.080043 23.402614 6.144878 -4.454921 -39.848529 48.390165 -46.535189 -17.952063 13.591717 -37.414427 33.069437 18.152275 -21.722575 28.530639 6.644356 -10.884674 3.826775 4.206655 -21.059126 36.115008 7.085306 -6.107878 35.336742 8.344431 -15.319158 20.791002 9.228278 -8.527080 30.449810 -1.026281 -7.210100 40.474625 -0.117231 -8.637283 19.365405 5.372431 -0.194158 23.701533 -3.696120 5.719162 43.456242 1.178012 7.020673 10.566583 5.689844 -5.016964 -1.815512 -16.105870 49.351501 -2.534405 -2.202652 -28.595968 14.507776 -6.620650 30.044851
0.547407 0.779706 0.271896 179.393283 52.848434 -174.383732 3.522084 -16.607623 -44.551862 -15.856002 -4.092756 56.025781 5.253815 5.095262 -33.808487 1.184779 0.179917 1.295835 -19.504905 0.195612 24.060668 -1.711047 13.859802 10.774329 23.675632 1.854563 3.005952 -2.968565 -1.529502 0.339253 -5.406067 23.811620 9.935902 10.589581 0.946353 -5.477942 3.958975 10.483503 0.573369 1.055353 -5.666247 10.906373 14.247056 -25.377135 -4.802530 19.626053 2.607844 -8.677088 12.197739 2.320136 -16.303563 35.313188 -35.920755 -30.419316 20.178856 -25.700258 16.321832 -33.069437 -18.152277 -21.722575 -28.530639 -6.644358 -10.884674 -3.826775 -4.206650 -21.059126 -36.115008 -7.085308 -6.107878 -35.336742 -8.344426 -15.319158 -20.791002 -9.228273 -8.527080 -30.449810 1.026286 -7.210100 -40.474625 0.117229 -8.637283 -19.365405 -5.372419 -0.194158 -23.701533 3.696132 5.719162 -43.456242 -1.178000 7.020673 -10.566583 -5.689846 -5.016964 1.815512 16.105875 49.351501 2.534405 2.202657 -28.595968 -14.507776 6.620655 30.044851 -0.365828 7.883168 -7.162674 22.844409 6.976959 -6.132487 -38.165250 44.333620 -47.042050 -19.423630 12.834488 -37.627485 33.069437 18.152275 -21.722575 28.530639 6.644356 -10.884674 3.826775 4.206655 -21.059126 36.115008 7.085306 -6.107878 35.336742 8.344431 -15.319158 20.791002 9.228278 -8.527080 30.449810 -1.026281 -7.210100 40.474625 -0.117231 -8.637283 19.365405 5.372431 -0.194158 23.701533 -3.696120 5.719162 43.456242 1.178012 7.020673 10.566583 5.689844 -5.016964 -1.815512 -16.105870 49.351501 -2.534405 -2.202652 -28.595968 14.507776 -6.620650 30.044851
0.547680 0.775979 0.274020 179.132643 49.916343 -174.319501 3.473465 -17.269140 -45.625162 -16.652758 -4.638434 56.940856 5.332100 4.510195 -34.008543 1.174788 0.141886 1.260549 -18.925616 0.427661 24.616103 -1.520801 15.203136 10.521454 24.407876 3.166929 3.508939 -3.024786 -1.471282 0.254234 -5.065712 24.384270 9.890672 10.273237 1.425115 -5.445729 3.836486 11.079252 0.775074 1.756428 -8.402585 10.760679 14.915695 -28.430284 -5.144104 18.522611 4.038768 -8.087511 11.851639 2.455333 -16.576142 38.438853 -35.211723 -34.428419 20.768534 -25.189414 14.600033 -33.069437 -18.152277 -21.722575 -28.530639 -6.644358 -10.884674 -3.826775 -4.206650 -21.059126 -36.115008 -7.085308 -6.107878 -35.336742 -8.344426 -15.319158 -20.791002 -9.228273 -8.527080 -30.449810 1.026286 -7.210100 -40.474625 0.117229 -8.637283 -19.365405 -5.372419 -0.194158 -23.701533 3.696132 5.719162 -43.456242 -1.178000 7.020673 -10.566583 -5.689846 -5.016964 1.815512 16.105875 49.351501 2.534405 2.202657 -28.595968 -14.507776 6.620655 30.044851 0.296693 8.006589 -7.284932 22.643628 8.339233 -7.620250 -37.187805 40.290025 -48.041105 -20.656036 12.151510 -37.622670 33.069437 18.152275 -21.722575 28.530639 6.644356 -10.884674 3.826775 4.206655 -21.059126 36.115008 7.085306 -6.107878 35.336742 8.344431 -15.319158 20.791002 9.228278 -8.527080 30.449810 -1.026281 -7.210100 40.474625 -0.117231 -8.637283 19.365405 5.372431 -0.194158 23.701533 -3.696120 5.719162 43.456242 1.178012 7.020673 10.566583 5.689844 -5.016964 -1.815512 -16.105870 49.351501 -2.534405 -2.202652 -28.595968 14.507776 -6.620650 30.044851
0.547145 0.772946 0.276924 178.816091 47.410811 -174.275091 3.426354 -17.840848 -46.559825 -17.272223 -4.860497 57.558230 5.523345 3.996927 -34.133030 1.157420 0.084909 1.217657 -18.391920 0.657429 24.869310 -1.326359 16.398768 10.616505 24.851630 4.372594 3.750350 -3.093039 -1.400446 0.181574 -4.845007 24.915173 9.910555 9.912432 1.874548 -5.379869 3.722868 11.674251 0.959927 2.435253 -10.682673 10.386673 15.442554 -30.992643 -5.440312 17.549363 5.345623 -7.630728 11.294400 2.405554 -17.034167 41.705586 -34.298660 -38.747240 21.889303 -24.500344 12.796740 -33.069437 -18.152277 -21.722575 -28.530639 -6.644358 -10.884674 -3.826775 -4.206650 -21.059126 -36.115008 -7.085308 -6.107878 -35.336742 -8.344426 -15.319158 -20.791002 -9.228273 -8.527080 -30.449810 1.026286 -7.210100 -40.474625 0.117229 -8.637283 -19.365405 -5.372419 -0.194158 -23.701533 3.696132 5.719162 -43.456242 -1.178000 7.020673 -10.566583 -5.689846 -5.016964 1.815512 16.105875 49.351501 2.534405 2.202657 -28.595968 -14.507776 6.620655 30.044851 0.920721 8.273902 -7.362711 22.768859 10.045401 -8.987894 -36.995460 36.375466 -49.594939 -21.393764 11.432148 -37.182805 33.069437 18.152275 -21.722575 28.530639 6.644356 -10.884674 3.826775 4.206655 -21.059126 36.115008 7.085306 -6.107878 35.336742 8.344431 -15.319158 20.791002 9.228278 -8.527080 30.449810 -1.026281 -7.210100 40.474625 -0.117231 -8.637283 19.365405 5.372431 -0.194158 23.701533 -3.696120 5.719162 43.456242 1.178012 7.020673 10.566583 5.689844 -5.016964 -1.815512 -16.105870 49.351501 -2.534405 -2.202652 -28.595968 14.507776 -6.620650 30.044851
0.546128 0.770607 0.280002 178.436524 45.185590 -174.247278 3.299652 -18.500357 -47.372170 -17.707088 -5.017407 57.985280 5.790138 3.648608 -34.221495 1.137074 0.022481 1.169884 -17.827521 0.887278 24.988633 -1.167383 17.200427 10.826953 24.988874 5.253258 3.881079 -3.171340 -1.325498 0.113903 -4.715027 25.356144 9.921286 9.557716 2.257114 -5.240389 3.638017 12.266920 1.103245 3.007604 -12.639119 9.954990 15.881033 -33.027333 -5.794331 16.608295 6.373395 -7.279532 10.563156 2.339827 -17.551983 44.954440 -33.325997 -43.090967 23.448007 -23.847118 11.000448 -33.069437 -18.152277 -21.722575 -28.530639 -6.644358 -10.884674 -3.826775 -4.206650 -21.059126 -36.115008 -7.085308 -6.107878 -35.336742 -8.344426 -15.319158 -20.791002 -9.228273 -8.527080 -30.449810 1.026286 -7.210100 -40.474625 0.117229 -8.637283 -19.365405 -5.372419 -0.194158 -23.701533 3.696132 5.719162 -43.456242 -1.178000 7.020673 -10.566583 -5.689846 -5.016964 1.815512 16.105875 49.351501 2.534405 2.202657 -28.595968 -14.507776 6.620655 30.044851 1.467733 8.782349 -7.361134 23.064350 11.779791 -10.267260 -37.238526 32.871879 -51.449541 -21.742319 10.684864 -36.798911 33.069437 18.152275 -21.722575 28.530639 6.644356 -10.884674 3.826775 4.206655 -21.059126 36.115008 7.085306 -6.107878 35.336742 8.344431 -15.319158 20.791002 9.228278 -8.527080 30.449810 -1.026281 -7.210100 40.474625 -0.117231 -8.637283 19.365405 5.372431 -0.194158 23.701533 -3.696120 5.719162 43.456242 1.178012 7.020673 10.566583 5.689844 -5.016964 -1.815512 -16.105870 49.351501 -2.534405 -2.202652 -28.595968 14.507776 -6.620650 30.044851
0.544807 0.768988 0.282662 178.097842 43.196339 -174.143036 3.102917 -19.403049 -48.125619 -17.949230 -5.331889 58.395119 6.039622 3.569616 -34.360554 1.144193 -0.030692 1.142991 -17.124883 1.081426 25.108745 -1.133629 17.464899 10.944055 24.900988 5.630462 3.875459 -3.242335 -1.254512 0.046014 -4.629993 25.701014 9.833458 9.293222 2.613841 -5.059970 3.623257 12.833313 1.206312 3.450578 -14.344378 9.594434 16.183437 -34.562756 -6.152473 15.735291 7.115202 -6.968141 9.505646 2.280084 -17.991393 47.828465 -32.409225 -46.714700 25.199778 -23.574860 9.079409 -33.069437 -18.152277 -21.722575 -28.530639 -6.644358 -10.884674 -3.826775 -4.206650 -21.059126 -36.115008 -7.085308 -6.107878 -35.336742 -8.344426 -15.319158 -20.791002 -9.228273 -8.527080 -30.449810 1.026286 -7.210100 -40.474625 0.117229 -8.637283 -19.365405 -5.372419 -0.194158 -23.701533 3.696132 5.719162 -43.456242 -1.178000 7.020673 -10.566583 -5.689846 -5.016964 1.815512 16.105875 49.351501 2.534405 2.202657 -28.595968 -14.507776 6.620655 30.044851 1.829657 9.493132 -7.353225 23.457668 13.381593 -11.406103 -37.401911 29.977860 -52.852202 -21.848484 10.310392 -37.071186 33.069437 18.152275 -21.722575 28.530639 6.644356 -10.884674 3.826775 4.206655 -21.059126 36.115008 7.085306 -6.107878 35.336742 8.344431 -15.319158 20.791002 9.228278 -8.527080 30.449810 -1.026281 -7.210100 40.474625 -0.117231 -8.637283 19.365405 5.372431 -0.194158 23.701533 -3.696120 5.719162 43.456242 1.178012 7.020673 10.566583 5.689844 -5.016964 -1.815512 -16.105870 49.351501 -2.534405 -2.202652 -28.595968 14.507776 -6.620650 30.044851
0.544004 0.767897 0.283901 177.853635 41.456375 -173.945384 2.906331 -20.331620 -48.820717 -17.968279 -5.622985 58.783183 6.277985 3.635897 -34.486537 1.164403 -0.084173 1.136485 -16.428955 1.045281 25.211225 -1.204065 17.138033 10.978411 24.680788 5.639136 3.695817 -3.289166 -1.182324 -0.031460 -4.488896 25.975902 9.716629 9.090851 2.968587 -4.907164 3.649104 13.359689 1.288411 3.780540 -15.854280 9.335053 16.364293 -35.679420 -6.420884 14.959171 7.646761 -6.699919 8.087110 2.231022 -18.295714 50.200910 -31.780369 -49.417897 26.754326 -23.514693 7.074723 -33.069437 -18.152277 -21.722575 -28.530639 -6.644358 -10.884674 -3.826775 -4.206650 -21.059126 -36.115008 -7.085308 -6.107878 -35.336742 -8.344426 -15.319158 -20.791002 -9.228273 -8.527080 -30.449810 1.026286 -7.210100 -40.474625 0.117229 -8.637283 -19.365405 -5.372419 -0.194158 -23.701533 3.696132 5.719162 -43.456242 -1.178000 7.020673 -10.566583 -5.689846 -5.016964 1.815512 16.105875 49.351501 2.534405 2.202657 -28.595968 -14.507776 6.620655 30.044851 2.047057 10.384356 -7.320572 24.013137 14.931957 -12.401323 -37.443534 27.608618 -53.713735 -21.871599 10.235280 -37.486380 33.069437 18.152275 -21.722575 28.530639 6.644356 -10.884674 3.826775 4.206655 -21.059126 36.115008 7.085306 -6.107878 35.336742 8.344431 -15.319158 20.791002 9.228278 -8.527080 30.449810 -1.026281 -7.210100 40.474625 -0.117231 -8.637283 19.365405 5.372431 -0.194158 23.701533 -3.696120 5.719162 43.456242 1.178012 7.020673 10.566583 5.689844 -5.016964 -1.815512 -16.105870 49.351501 -2.534405 -2.202652 -28.595968 14.507776 -6.620650 30.044851
0.543389 0.767284 0.285007 177.704245 40.003567 -173.675209 2.778357 -21.011087 -49.438350 -17.816398 -5.720377 59.064628 6.542068 3.678831 -34.515804 1.191637 -0.147632 1.141188 -15.905065 0.713703 25.195205 -1.279990 16.454680 11.007319 24.305423 5.621344 3.440253 -3.308779 -1.105566 -0.115151 -4.243878 26.205970 9.643196 8.885651 3.339002 -4.816287 3.673864 13.841278 1.351465 4.012553 -17.212026 9.202208 16.509513 -36.480557 -6.585014 14.281688 8.033896 -6.444484 6.382980 2.213400 -18.493936 52.188133 -31.507571 -51.465971 27.896863 -23.296523 5.048076 -33.069437 -18.152277 -21.722575 -28.530639 -6.644358 -10.884674 -3.826775 -4.206650 -21.059126 -36.115008 -7.085308 -6.107878 -35.336742 -8.344426 -15.319158 -20.791002 -9.228273 -8.527080 -30.449810 1.026286 -7.210100 -40.474625 0.117229 -8.637283 -19.365405 -5.372419 -0.194158 -23.701533 3.696132 5.719162 -43.456242 -1.178000 7.020673 -10.566583 -5.689846 -5.016964 1.815512 16.105875 49.351501 2.534405 2.202657 -28.595968 -14.507776 6.620655 30.044851 2.180064 11.418037 -7.200811 24.841873 16.568108 -13.240054 -37.405893 25.695946 -54.172423 -21.866463 10.155196 -37.675938 33.069437 18.152275 -21.722575 28.530639 6.644356 -10.884674 3.826775 4.206655 -21.059126 36.115008 7.085306 -6.107878 35.336742 8.344431 -15.319158 20.791002 9.228278 -8.527080 30.449810 -1.026281 -7.210100 40.474625 -0.117231 -8.637283 19.365405 5.372431 -0.194158 23.701533 -3.696120 5.719162 43.456242 1.178012 7.020673 10.566583 5.689844 -5.016964 -1.815512 -16.105870 49.351501 -2.534405 -2.202652 -28.595968 14.507776 -6.620650 30.044851
0.543073 0.766870 0.285768 177.615439 38.850972 -173.352892 2.736788 -21.535434 -50.017598 -17.592542 -5.677203 59.208588 6.831032 3.718679 -34.497715 1.233450 -0.213632 1.153025 -15.566708 0.232372 25.030468 -1.330556 15.591870 11.041439 23.835496 5.561709 3.208438 -3.305213 -1.026418 -0.202455 -3.978610 26.407228 9.509647 8.696443 3.722811 -4.732256 3.690530 14.272885 1.413512 4.150445 -18.415055 9.202301 16.616394 -37.026661 -6.630816 13.689521 8.367169 -6.129010 4.447008 2.229854 -18.536524 53.731852 -31.473366 -52.831496 28.514445 -22.838115 2.925507 -33.069437 -18.152277 -21.722575 -28.530639 -6.644358 -10.884674 -3.826775 -4.206650 -21.059126 -36.115008 -7.085308 -6.107878 -35.336742 -8.344426 -15.319158 -20.791002 -9.228273 -8.527080 -30.449810 1.026286 -7.210100 -40.474625 0.117229 -8.637283 -19.365405 -5.372419 -0.194158 -23.701533 3.696132 5.719162 -43.456242 -1.178000 7.020673 -10.566583 -5.689846 -5.016964 1.815512 16.105875 49.351501 2.534405 2.202657 -28.595968 -14.507776 6.620655 30.044851 2.268111 12.502718 -6.983100 25.912179 18.301911 -13.800730 -37.234701 24.183332 -54.095925 -21.438386 10.167019 -37.693287 33.069437 18.152275 -21.722575 28.530639 6.644356 -10.884674 3.826775 4.206655 -21.059126 36.115008 7.085306 -6.107878 35.336742 8.344431 -15.319158 20.791002 9.228278 -8.527080 30.449810 -1.026281 -7.210100 40.474625 -0.117231 -8.637283 19.365405 5.372431 -0.194158 23.701533 -3.696120 5.719162 43.456242 1.178012 7.020673 10.566583 5.689844 -5.016964 -1.815512 -16.105870 49.351501 -2.534405 -2.202652 -28.595968 14.507776 -6.620650 30.044851
0.542447 0.766378 0.286025 177.540403 37.946464 -173.034510 2.730937 -22.070285 -50.559697 -17.384810 -5.586157 59.298992 7.123127 3.828966 -34.507051 1.283485 -0.272706 1.166333 -15.344112 -0.215579 24.809422 -1.356742 14.659576 11.104354 23.376683 5.319135 3.016789 -3.288811 -0.958307 -0.279572 -3.722552 26.550867 9.329791 8.520266 4.085658 -4.631259 3.670860 14.661420 1.489164 4.215611 -19.428505 9.267968 16.633819 -37.350744 -6.495433 13.156742 8.715501 -5.752943 2.412783 2.334807 -18.371281 54.603616 -31.576925 -53.321173 28.777213 -22.344101 1.034342 -33.069437 -18.152277 -21.722575 -28.530639 -6.644358 -10.884674 -3.826775 -4.206650 -21.059126 -36.115008 -7.085308 -6.107878 -35.336742 -8.344426 -15.319158 -20.791002 -9.228273 -8.527080 -30.449810 1.026286 -7.210100 -40.474625 0.117229 -8.637283 -19.365405 -5.372419 -0.194158 -23.701533 3.696132 5.719162 -43.456242 -1.178000 7.020673 -10.566583 -5.689846 -5.016964 1.815512 16.105875 49.351501 2.534405 2.202657 -28.595968 -14.507776 6.620655 30.044851 2.327025 13.569976 -6.752544 27.165920 20.088682 -13.986209 -36.835067 22.984661 -53.433246 -20.664389 10.278870 -37.359236 33.069437 18.152275 -21.722575 28.530639 6.644356 -10.884674 3.826775 4.206655 -21.059126 36.115008 7.085306 -6.107878 35.336742 8.344431 -15.319158 20.791002 9.228278 -8.527080 30.449810 -1.026281 -7.210100 40.474625 -0.117231 -8.637283 19.365405 5.372431 -0.194158 23.701533 -3.696120 5.719162 43.456242 1.178012 7.020673 10.566583 5.689844 -5.016964 -1.815512 -16.105870 49.351501 -2.534405 -2.202652 -28.595968 14.507776 -6.620650 30.044851
0.541512 0.765650 0.285541 177.426680 37.276819 -172.779102 2.725582 -22.574148 -51.059626 -17.245106 -5.431166 59.413835 7.406865 4.007329 -34.530595 1.332280 -0.324056 1.182409 -15.232700 -0.469512 24.602558 -1.336227 13.991993 11.210842 22.981493 5.037957 2.808289 -3.269257 -0.906056 -0.328768 -3.436883 26.628622 9.228721 8.277187 4.415187 -4.538804 3.557735 15.008701 1.571124 4.276486 -20.257457 9.321798 16.557258 -37.534127 -6.147978 12.648397 9.013619 -5.358423 0.578420 2.618608 -18.084348 54.668346 -31.631614 -53.011765 29.057735 -22.052513 -0.226163 -33.069437 -18.152277 -21.722575 -28.530639 -6.644358 -10.884674 -3.826775 -4.206650 -21.059126 -36.115008 -7.085308 -6.107878 -35.336742 -8.344426 -15.319158 -20.791002 -9.228273 -8.527080 -30.449810 1.026286 -7.210100 -40.474625 0.117229 -8.637283 -19.365405 -5.372419 -0.194158 -23.701533 3.696132 5.719162 -43.456242 -1.178000 7.020673 -10.566583 -5.689846 -5.016964 1.815512 16.105875 49.351501 2.534405 2.202657 -28.595968 -14.507776 6.620655 30.044851 2.311069 14.631613 -6.595923 28.536442 21.886012 -13.816277 -36.105544 21.988205 -52.420367 -20.087832 10.356605 -36.857388 33.069437 18.152275 -21.722575 28.530639 6.644356 -10.884674 3.826775 4.206655 -21.059126 36.115008 7.085306 -6.107878 35.336742 8.344431 -15.319158 20.791002 9.228278 -8.527080 30.449810 -1.026281 -7.210100 40.474625 -0.117231 -8.637283 19.365405 5.372431 -0.194158 23.701533 -3.696120 5.719162 43.456242 1.178012 7.020673 10.566583 5.689844 -5.016964 -1.815512 -16.105870 49.351501 -2.534405 -2.202652 -28.595968 14.507776 -6.620650 30.044851
0.539907 0.764639 0.284596 177.271130 36.823977 -172.608525 2.751757 -23.009682 -51.535266 -17.185839 -5.192943 59.546108 7.648711 4.217467 -34.505330 1.382383 -0.373527 1.191967 -15.247998 -0.447279 24.416622 -1.246515 13.848327 11.343355 22.674596 4.923059 2.545698 -3.245088 -0.854304 -0.361473 -3.072474 26.646900 9.267699 7.928000 4.706201 -4.454906 3.325036 15.319932 1.654111 4.352200 -20.935101 9.396272 16.454807 -37.622196 -5.685536 12.095598 9.219535 -4.967290 -0.831188 3.118093 -17.820761 54.141294 -31.403199 -52.430714 29.207631 -21.770959 -1.205583 -33.069437 -18.152277 -21.722575 -28.530639 -6.644358 -10.884674 -3.826775 -4.206650 -21.059126 -36.115008 -7.085308 -6.107878 -35.336742 -8.344426 -15.319158 -20.791002 -9.228273 -8.527080 -30.449810 1.026286 -7.210100 -40.474625 0.117229 -8.637283 -19.365405 -5.372419 -0.194158 -23.701533 3.696132 5.719162 -43.456242 -1.178000 7.020673 -10.566583 -5.689846 -5.016964 1.815512 16.105875 49.351501 2.534405 2.202657 -28.595968 -14.507776 6.620655 30.044851 2.219326 15.726472 -6.496012 29.864784 23.664634 -13.420175 -35.063674 21.034916 -51.405079 -19.833032 10.394997 -36.708913 33.069437 18.152275 -21.722575 28.530639 6.644356 -10.884674 3.826775 4.206655 -21.059126 36.115008 7.085306 -6.107878 35.336742 8.344431 -15.319158 20.791002 9.228278 -8.527080 30.449810 -1.026281 -7.210100 40.474625 -0.117231 -8.637283 19.365405 5.372431 -0.194158 23.701533 -3.696120 5.719162 43.456242 1.178012 7.020673 10.566583 5.689844 -5.016964 -1.815512 -16.105870 49.351501 -2.534405 -2.202652 -28.595968 14.507776 -6.620650 30.044851
0.538070 0.763453 0.283367 177.137545 36.556329 -172.486879 2.840831 -23.388348 -51.994931 -17.172161 -4.889593 59.652407 7.831647 4.424626 -34.420827 1.427502 -0.419118 1.188042 -15.367294 -0.207062 24.236223 -1.091252 14.111255 11.497098 22.525867 5.007774 2.333445 -3.221122 -0.795264 -0.396024 -2.649595 26.615836 9.379757 7.552538 4.949711 -4.340709 3.038900 15.627373 1.748930 4.407809 -21.457617 9.540123 16.356759 -37.616885 -5.246439 11.471759 9.423089 -4.646369 -1.902858 3.717845 -17.624489 53.373123 -30.836061 -52.012782 28.772780 -21.225801 -2.274711 -33.069437 -18.152277 -21.722575 -28.530639 -6.644358 -10.884674 -3.826775 -4.206650 -21.059126 -36.115008 -7.085308 -6.107878 -35.336742 -8.344426 -15.319158 -20.791002 -9.228273 -8.527080 -30.449810 1.026286 -7.210100 -40.474625 0.117229 -8.637283 -19.365405 -5.372419 -0.194158 -23.701533 3.696132 5.719162 -43.456242 -1.178000 7.020673 -10.566583 -5.689846 -5.016964 1.815512 16.105875 49.351501 2.534405 2.202657 -28.595968 -14.507776 6.620655 30.044851 2.180552 16.789475 -6.383835 30.950613 25.354040 -12.960207 -33.941225 20.071750 -50.603089 -19.420156 10.389793 -36.792897 33.069437 18.152275 -21.722575 28.530639 6.644356 -10.884674 3.826775 4.206655 -21.059126 36.115008 7.085306 -6.107878 35.336742 8.344431 -15.319158 20.791002 9.228278 -8.527080 30.449810 -1.026281 -7.210100 40.474625 -0.117231 -8.637283 19.365405 5.372431 -0.194158 23.701533 -3.696120 5.719162 43.456242 1.178012 7.020673 10.566583 5.689844 -5.016964 -1.815512 -16.105870 49.351501 -2.534405 -2.202652 -28.595968 14.507776 -6.620650 30.044851
0.536371 0.762186 0.282164 177.101659 36.467523 -172.374577 2.969804 -23.587250 -52.389846 -17.163808 -4.554723 59.782692 7.981231 4.575860 -34.334159 1.450761 -0.454034 1.176821 -15.590562 0.065272 24.051473 -0.906231 14.632091 11.661377 22.524157 5.398488 2.293397 -3.202544 -0.735144 -0.430460 -2.244125 26.608487 9.453286 7.248374 5.166508 -4.176495 2.807316 15.944840 1.852520 4.444505 -21.833619 9.769617 16.242222 -37.548720 -4.904870 10.838315 9.680307 -4.445041 -2.867852 4.252963 -17.476405 52.516795 -30.064250 -51.705205 27.773796 -20.505462 -3.311245 -33.069437 -18.152277 -21.722575 -28.530639 -6.644358 -10.884674 -3.826775 -4.206650 -21.059126 -36.115008 -7.085308 -6.107878 -35.336742 -8.344426 -15.319158 -20.791002 -9.228273 -8.527080 -30.449810 1.026286 -7.210100 -40.474625 0.117229 -8.637283 -19.365405 -5.372419 -0.194158 -23.701533 3.696132 5.719162 -43.456242 -1.178000 7.020673 -10.566583 -5.689846 -5.016964 1.815512 16.105875 49.351501 2.534405 2.202657 -28.595968 -14.507776 6.620655 30.044851 2.264667 17.661103 -6.183302 31.693717 26.793202 -12.597937 -32.950776 19.303114 -49.998156 -18.694228 10.249944 -36.899718 33.069437 18.152275 -21.722575 28.530639 6.644356 -10.884674 3.826775 4.206655 -21.059126 36.115008 7.085306 -6.107878 35.336742 8.344431 -15.319158 20.791002 9.228278 -8.527080 30.449810 -1.026281 -7.210100 40.474625 -0.117231 -8.637283 19.365405 5.372431 -0.194158 23.701533 -3.696120 5.719162 43.456242 1.178012 7.020673 10.566583 5.689844 -5.016964 -1.815512 -16.105870 49.351501 -2.534405 -2.202652 -28.595968 14.507776 -6.620650 30.044851
0.534831 0.760925 0.281192 177.153063 36.503190 -172.293038 3.091381 -23.545087 -52.681321 -17.174821 -4.232010 59.984497 8.129377 4.643609 -34.267814 1.450746 -0.478910 1.165812 -15.911546 0.230002 23.886987 -0.713407 15.260872 11.806143 22.555317 6.051694 2.377895 -3.194431 -0.684184 -0.457867 -1.920871 26.687785 9.461516 7.041709 5.367971 -3.978944 2.680534 16.230233 1.969428 4.510451 -22.105454 10.028329 16.121449 -37.430315 -4.662448 10.262615 9.958644 -4.315802 -3.852447 4.683812 -17.332252 51.559145 -29.231903 -51.350236 26.650246 -19.811323 -4.236177 -33.069437 -18.152277 -21.722575 -28.530639 -6.644358 -10.884674 -3.826775 -4.206650 -21.059126 -36.115008 -7.085308 -6.107878 -35.336742 -8.344426 -15.319158 -20.791002 -9.228273 -8.527080 -30.449810 1.026286 -7.210100 -40.474625 0.117229 -8.637283 -19.365405 -5.372419 -0.194158 -23.701533 3.696132 5.719162 -43.456242 -1.178000 7.020673 -10.566583 -5.689846 -5.016964 1.815512 16.105875 49.351501 2.534405 2.202657 -28.595968 -14.507776 6.620655 30.044851 2.398608 18.237796 -5.922599 32.139438 27.869408 -12.346379 -32.179302 18.954993 -49.504473 -17.913412 9.977338 -37.084007 33.069437 18.152275 -21.722575 28.530639 6.644356 -10.884674 3.826775 4.206655 -21.059126 36.115008 7.085306 -6.107878 35.336742 8.344431 -15.319158 20.791002 9.228278 -8.527080 30.449810 -1.026281 -7.210100 40.474625 -0.117231 -8.637283 19.365405 5.372431 -0.194158 23.701533 -3.696120 5.719162 43.456242 1.178012 7.020673 10.566583 5.689844 -5.016964 -1.815512 -16.105870 49.351501 -2.534405 -2.202652 -28.595968 14.507776 -6.620650 30.044851
0.533814 0.759728 0.280294 177.229110 36.581601 -172.292942 3.169638 -23.389366 -52.866122 -17.226237 -3.949807 60.213541 8.272101 4.628815 -34.202333 1.443285 -0.499216 1.158613 -16.242340 0.283155 23.812058 -0.570016 15.734142 11.893473 22.586807 6.627963 2.463635 -3.193347 -0.650320 -0.483397 -1.709250 26.832489 9.460579 6.909724 5.536472 -3.767524 2.651257 16.451230 2.098133 4.607661 -22.318897 10.240387 16.020045 -37.237765 -4.455475 9.743492 10.193001 -4.215296 -4.869489 5.071473 -17.174895 50.430551 -28.438542 -50.925549 25.602991 -19.228947 -5.137155 -33.069437 -18.152277 -21.722575 -28.530639 -6.644358 -10.884674 -3.826775 -4.206650 -21.059126 -36.115008 -7.085308 -6.107878 -35.336742 -8.344426 -15.319158 -20.791002 -9.228273 -8.527080 -30.449810 1.026286 -7.210100 -40.474625 0.117229 -8.637283 -19.365405 -5.372419 -0.194158 -23.701533 3.696132 5.719162 -43.456242 -1.178000 7.020673 -10.566583 -5.689846 -5.016964 1.815512 16.105875 49.351501 2.534405 2.202657 -28.595968 -14.507776 6.620655 30.044851 2.530211 18.574463 -5.687666 32.381339 28.560910 -12.145471 -31.715519 19.021328 -49.138498 -17.092159 9.773074 -37.244779 33.069437 18.152275 -21.722575 28.530639 6.644356 -10.884674 3.826775 4.206655 -21.059126 36.115008 7.085306 -6.107878 35.336742 8.344431 -15.319158 20.791002 9.228278 -8.527080 30.449810 -1.026281 -7.210100 40.474625 -0.117231 -8.637283 19.365405 5.372431 -0.194158 23.701533 -3.696120 5.719162 43.456242 1.178012 7.020673 10.566583 5.689844 -5.016964 -1.815512 -16.105870 49.351501 -2.534405 -2.202652 -28.595968 14.507776 -6.620650 30.044851
0.532985 0.758652 0.279128 177.293164 36.662443 -172.372460 3.207903 -23.278204 -52.962468 -17.284180 -3.702834 60.414471 8.375592 4.579638 -34.144997 1.434726 -0.515096 1.154768 -16.484785 0.315154 23.852691 -0.524807 15.943788 11.938561 22.633560 6.900119 2.463922 -3.189130 -0.624769 -0.506257 -1.582819 26.989037 9.513127 6.806547 5.668506 -3.571974 2.673129 16.625024 2.213448 4.709429 -22.502233 10.398179 15.952450 -36.959418 -4.271058 9.230907 10.366884 -4.129227 -5.870719 5.425720 -16.973590 49.056150 -27.720416 -50.467486 24.491124 -18.661242 -6.170043 -33.069437 -18.152277 -21.722575 -28.530639 -6.644358 -10.884674 -3.826775 -4.206650 -21.059126 -36.115008 -7.085308 -6.107878 -35.336742 -8.344426 -15.319158 -20.791002 -9.228273 -8.527080 -30.449810 1.026286 -7.210100 -40.474625 0.117229 -8.637283 -19.365405 -5.372419 -0.194158 -23.701533 3.696132 5.719162 -43.456242 -1.178000 7.020673 -10.566583 -5.689846 -5.016964 1.815512 16.105875 49.351501 2.534405 2.202657 -28.595968 -14.507776 6.620655 30.044851 2.668372 18.773754 -5.500610 32.461133 28.927609 -11.962285 -31.546605 19.378841 -48.958191 -16.186054 9.627161 -37.325358 33.069437 18.152275 -21.722575 28.530639 6.644356 -10.884674 3.826775 4.206655 -21.059126 36.115008 7.085306 -6.107878 35.336742 8.344431 -15.319158 20.791002 9.228278 -8.527080 30.449810 -1.026281 -7.210100 40.474625 -0.117231 -8.637283 19.365405 5.372431 -0.194158 23.701533 -3.696120 5.719162 43.456242 1.178012 7.020673 10.566583 5.689844 -5.016964 -1.815512 -16.105870 49.351501 -2.534405 -2.202652 -28.595968 14.507776 -6.620650 30.044851
0.532101 0.757835 0.276811 177.334049 36.752110 -172.488559 3.208188 -23.301188 -53.009184 -17.303263 -3.513904 60.558301 8.420614 4.566735 -34.126473 1.429624 -0.522630 1.155929 -16.622568 0.373252 23.951378 -0.579387 15.923086 12.014614 22.680663 6.850027 2.339589 -3.174740 -0.598889 -0.525842 -1.490039 27.135859 9.632064 6.700248 5.789606 -3.412410 2.710575 16.752517 2.302740 4.794505 -22.682332 10.532894 15.923261 -36.610382 -4.139292 8.655958 10.475689 -4.039767 -6.839642 5.704296 -16.689188 47.442258 -27.039822 -49.884181 23.133793 -18.049346 -7.348777 -33.069437 -18.152277 -21.722575 -28.530639 -6.644358 -10.884674 -3.826775 -4.206650 -21.059126 -36.115008 -7.085308 -6.107878 -35.336742 -8.344426 -15.319158 -20.791002 -9.228273 -8.527080 -30.449810 1.026286 -7.210100 -40.474625 0.117229 -8.637283 -19.365405 -5.372419 -0.194158 -23.701533 3.696132 5.719162 -43.456242 -1.178000 7.020673 -10.566583 -5.689846 -5.016964 1.815512 16.105875 49.351501 2.534405 2.202657 -28.595968 -14.507776 6.620655 30.044851 2.820641 18.890209 -5.359207 32.391448 29.065538 -11.771809 -31.553111 19.916698 -48.909653 -15.238483 9.512953 -37.383599 33.069437 18.152275 -21.722575 28.530639 6.644356 -10.884674 3.826775 4.206655 -21.059126 36.115008 7.085306 -6.107878 35.336742 8.344431 -15.319158 20.791002 9.228278 -8.527080 30.449810 -1.026281 -7.210100 40.474625 -0.117231 -8.637283 19.365405 5.372431 -0.194158 23.701533 -3.696120 5.719162 43.456242 1.178012 7.020673 10.566583 5.689844 -5.016964 -1.815512 -16.105870 49.351501 -2.534405 -2.202652 -28.595968 14.507776 -6.620650 30.044851
0.531284 0.756974 0.274570 177.370618 36.895134 -172.612063 3.165222 -23.419924 -52.991128 -17.285648 -3.439250 60.668991 8.386298 4.610469 -34.148388 1.430410 -0.520683 1.160739 -16.694861 0.461908 24.043475 -0.696880 15.815196 12.162014 22.714127 6.646931 2.134897 -3.158840 -0.574649 -0.539917 -1.348726 27.243079 9.813133 6.569233 5.924816 -3.275457 2.726889 16.842306 2.367210 4.843516 -22.863407 10.686589 15.917240 -36.228598 -4.056331 8.007594 10.532093 -3.907801 -7.843630 5.930260 -16.325404 45.744492 -26.389540 -49.115129 21.395983 -17.400430 -8.619663 -33.069437 -18.152277 -21.722575 -28.530639 -6.644358 -10.884674 -3.826775 -4.206650 -21.059126 -36.115008 -7.085308 -6.107878 -35.336742 -8.344426 -15.319158 -20.791002 -9.228273 -8.527080 -30.449810 1.026286 -7.210100 -40.474625 0.117229 -8.637283 -19.365405 -5.372419 -0.194158 -23.701533 3.696132 5.719162 -43.456242 -1.178000 7.020673 -10.566583 -5.689846 -5.016964 1.815512 16.105875 49.351501 2.534405 2.202657 -28.595968 -14.507776 6.620655 30.044851 2.980123 18.971836 -5.244310 32.194339 29.102571 -11.597818 -31.662660 20.528020 -48.924857 -14.286865 9.517106 -37.499501 33.069437 18.152275 -21.722575 28.530639 6.644356 -10.884674 3.826775 4.206655 -21.059126 36.115008 7.085306 -6.107878 35.336742 8.344431 -15.319158 20.791002 9.228278 -8.527080 30.449810 -1.026281 -7.210100 40.474625 -0.117231 -8.637283 19.365405 5.372431 -0.194158 23.701533 -3.696120 5.719162 43.456242 1.178012 7.020673 10.566583 5.689844 -5.016964 -1.815512 -16.105870 49.351501 -2.534405 -2.202652 -28.595968 14.507776 -6.620650 30.044851
0.530024 0.756242 0.272914 177.437650 37.170131 -172.730348 3.124590 -23.523954 -52.932631 -17.221075 -3.419559 60.761158 8.264564 4.694740 -34.204652 1.427261 -0.512897 1.163771 -16.763518 0.589687 24.077172 -0.812418 15.875869 12.371863 22.721717 6.556410 1.915384 -3.145099 -0.546276 -0.544689 -1.072866 27.274785 10.086612 6.383492 6.074226 -3.171124 2.672864 16.918647 2.408370 4.853835 -23.028520 10.886860 15.885470 -35.811902 -3.986769 7.318109 10.601269 -3.684235 -8.928514 6.173810 -15.875608 44.116158 -25.857024 -48.213219 19.205290 -16.666137 -10.127022 -33.069437 -18.152277 -21.722575 -28.530639 -6.644358 -10.884674 -3.826775 -4.206650 -21.059126 -36.115008 -7.085308 -6.107878 -35.336742 -8.344426 -15.319158 -20.791002 -9.228273 -8.527080 -30.449810 1.026286 -7.210100 -40.474625 0.117229 -8.637283 -19.365405 -5.372419 -0.194158 -23.701533 3.696132 5.719162 -43.456242 -1.178000 7.020673 -10.566583 -5.689846 -5.016964 1.815512 16.105875 49.351501 2.534405 2.202657 -28.595968 -14.507776 6.620655 30.044851 3.146464 19.068784 -5.114468 31.913868 29.226157 -11.460113 -31.803389 21.139226 -48.943223 -13.398615 9.555198 -37.702405 33.069437 18.152275 -21.722575 28.530639 6.644356 -10.884674 3.826775 4.206655 -21.059126 36.115008 7.085306 -6.107878 35.336742 8.344431 -15.319158 20.791002 9.228278 -8.527080 30.449810 -1.026281 -7.210100 40.474625 -0.117231 -8.637283 19.365405 5.372431 -0.194158 23.701533 -3.696120 5.719162 43.456242 1.178012 7.020673 10.566583 5.689844 -5.016964 -1.815512 -16.105870 49.351501 -2.534405 -2.202652 -28.595968 14.507776 -6.620650 30.044851
0.528626 0.755797 0.270867 177.565565 37.653107 -172.816436 3.108078 -23.556616 -52.877289 -17.067603 -3.389178 60.810923 8.084582 4.839799 -34.315594 1.421087 -0.500780 1.161499 -16.894193 0.686402 23.993963 -0.908036 16.014890 12.622805 22.695645 6.588731 1.688701 -3.124287 -0.508027 -0.542558 -0.653326 27.234624 10.453491 6.143561 6.231662 -3.097180 2.551517 16.977797 2.432862 4.810787 -23.154892 11.132565 15.734570 -35.336070 -3.847799 6.591050 10.710265 -3.365090 -10.156819 6.502527 -15.313178 42.530864 -25.517475 -47.091258 16.665950 -15.952635 -11.900671 -33.069437 -18.152277 -21.722575 -28.530639 -6.644358 -10.884674 -3.826775 -4.206650 -21.059126 -36.115008 -7.085308 -6.107878 -35.336742 -8.344426 -15.319158 -20.791002 -9.228273 -8.527080 -30.449810 1.026286 -7.210100 -40.474625 0.117229 -8.637283 -19.365405 -5.372419 -0.194158 -23.701533 3.696132 5.719162 -43.456242 -1.178000 7.020673 -10.566583 -5.689846 -5.016964 1.815512 16.105875 49.351501 2.534405 2.202657 -28.595968 -14.507776 6.620655 30.044851 3.296441 19.191953 -4.976338 31.630934 29.565713 -11.356141 -31.913434 21.736076 -48.892922 -12.589773 9.534380 -37.958483 33.069437 18.152275 -21.722575 28.530639 6.644356 -10.884674 3.826775 4.206655 -21.059126 36.115008 7.085306 -6.107878 35.336742 8.344431 -15.319158 20.791002 9.228278 -8.527080 30.449810 -1.026281 -7.210100 40.474625 -0.117231 -8.637283 19.365405 5.372431 -0.194158 23.701533 -3.696120 5.719162 43.456242 1.178012 7.020673 10.566583 5.689844 -5.016964 -1.815512 -16.105870 49.351501 -2.534405 -2.202652 -28.595968 14.507776 -6.620650 30.044851
0.527003 0.755552 0.268735 177.805264 38.416244 -172.831038 3.101061 -23.461554 -52.786550 -16.810445 -3.383899 60.821182 7.901034 5.080133 -34.491397 1.422418 -0.489510 1.159190 -17.151479 0.606291 23.757256 -0.992283 15.828863 12.909959 22.581968 6.570337 1.457838 -3.102441 -0.468630 -0.537694 -0.126628 27.135067 10.849890 5.887950 6.411979 -3.034437 2.411675 17.019721 2.473638 4.703121 -23.208461 11.418043 15.393600 -34.793773 -3.588482 5.870484 10.912616 -2.965422 -11.694256 6.908800 -14.661066 40.948070 -25.365995 -45.549329 14.029258 -15.423794 -13.754304 -33.069437 -18.152277 -21.722575 -28.530639 -6.644358 -10.884674 -3.826775 -4.206650 -21.059126 -36.115008 -7.085308 -6.107878 -35.336742 -8.344426 -15.319158 -20.791002 -9.228273 -8.527080 -30.449810 1.026286 -7.210100 -40.474625 0.117229 -8.637283 -19.365405 -5.372419 -0.194158 -23.701533 3.696132 5.719162 -43.456242 -1.178000 7.020673 -10.566583 -5.689846 -5.016964 1.815512 16.105875 49.351501 2.534405 2.202657 -28.595968 -14.507776 6.620655 30.044851 3.397975 19.341794 -4.839093 31.386560 30.156456 -11.326796 -32.009361 22.280612 -48.774046 -11.872842 9.460784 -38.315739 33.069437 18.152275 -21.722575 28.530639 6.644356 -10.884674 3.826775 4.206655 -21.059126 36.115008 7.085306 -6.107878 35.336742 8.344431 -15.319158 20.791002 9.228278 -8.527080 30.449810 -1.026281 -7.210100 40.474625 -0.117231 -8.637283 19.365405 5.372431 -0.194158 23.701533 -3.696120 5.719162 43.456242 1.178012 7.020673 10.566583 5.689844 -5.016964 -1.815512 -16.105870 49.351501 -2.534405 -2.202652 -28.595968 14.507776 -6.620650 30.044851
0.525102 0.755407 0.266101 178.177386 39.465840 -172.778378 3.116798 -23.161613 -52.621027 -16.470766 -3.368558 60.850893 7.723598 5.376345 -34.699567 1.434187 -0.485426 1.162047 -17.546397 0.349285 23.405740 -1.090824 15.298356 13.196419 22.321304 6.455972 1.203554 -3.089989 -0.427274 -0.534320 0.497679 26.959408 11.274426 5.605508 6.622964 -2.986110 2.256291 17.080475 2.538395 4.538316 -23.184180 11.728775 14.906936 -34.184746 -3.202299 5.192395 11.232057 -2.503205 -13.594152 7.359620 -13.963863 39.401346 -25.415015 -43.602521 11.421533 -15.040368 -15.633705 -33.069437 -18.152277 -21.722575 -28.530639 -6.644358 -10.884674 -3.826775 -4.206650 -21.059126 -36.115008 -7.085308 -6.107878 -35.336742 -8.344426 -15.319158 -20.791002 -9.228273 -8.527080 -30.449810 1.026286 -7.210100 -40.474625 0.117229 -8.637283 -19.365405 -5.372419 -0.194158 -23.701533 3.696132 5.719162 -43.456242 -1.178000 7.020673 -10.566583 -5.689846 -5.016964 1.815512 16.105875 49.351501 2.534405 2.202657 -28.595968 -14.507776 6.620655 30.044851 3.476264 19.547594 -4.659652 31.153230 30.972650 -11.454224 -32.118958 22.752729 -48.589727 -11.228205 9.394723 -38.703079 33.069437 18.152275 -21.722575 28.530639 6.644356 -10.884674 3.826775 4.206655 -21.059126 36.115008 7.085306 -6.107878 35.336742 8.344431 -15.319158 20.791002 9.228278 -8.527080 30.449810 -1.026281 -7.210100 40.474625 -0.117231 -8.637283 19.365405 5.372431 -0.194158 23.701533 -3.696120 5.719162 43.456242 1.178012 7.020673 10.566583 5.689844 -5.016964 -1.815512 -16.105870 49.351501 -2.534405 -2.202652 -28.595968 14.507776 -6.620650 30.044851
0.523069 0.755413 0.263261 178.620925 40.761622 -172.674217 3.192065 -22.698963 -52.442114 -16.046858 -3.220507 60.883084 7.555978 5.672215 -34.913653 1.452282 -0.485597 1.170742 -18.040690 0.072689 22.939858 -1.220443 14.707463 13.451506 21.968996 6.282363 0.864819 -3.079163 -0.377195 -0.526918 1.159459 26.723657 11.720003 5.281885 6.857629 -2.947294 2.067962 17.163961 2.606885 4.369269 -23.083940 11.994857 14.340035 -33.549043 -2.677384 4.544579 11.613421 -1.980660 -15.807348 7.814784 -13.222258 37.831171 -25.634934 -41.345631 8.937687 -14.762652 -17.528564 -33.069437 -18.152277 -21.722575 -28.530639 -6.644358 -10.884674 -3.826775 -4.206650 -21.059126 -36.115008 -7.085308 -6.107878 -35.336742 -8.344426 -15.319158 -20.791002 -9.228273 -8.527080 -30.449810 1.026286 -7.210100 -40.474625 0.117229 -8.637283 -19.365405 -5.372419 -0.194158 -23.701533 3.696132 5.719162 -43.456242 -1.178000 7.020673 -10.566583 -5.689846 -5.016964 1.815512 16.105875 49.351501 2.534405 2.202657 -28.595968 -14.507776 6.620655 30.044851 3.574804 19.809429 -4.437490 30.898970 31.972603 -11.719913 -32.253997 23.149488 -48.328752 -10.534203 9.409230 -38.978322 33.069437 18.152275 -21.722575 28.530639 6.644356 -10.884674 3.826775 4.206655 -21.059126 36.115008 7.085306 -6.107878 35.336742 8.344431 -15.319158 20.791002 9.228278 -8.527080 30.449810 -1.026281 -7.210100 40.474625 -0.117231 -8.637283 19.365405 5.372431 -0.194158 23.701533 -3.696120 5.719162 43.456242 1.178012 7.020673 10.566583 5.689844 -5.016964 -1.815512 -16.105870 49.351501 -2.534405 -2.202652 -28.595968 14.507776 -6.620650 30.044851
0.520170 0.755533 0.259718 179.094039 42.247926 -172.499692 3.341667 -22.161837 -52.314594 -15.543245 -2.916488 60.846761 7.403402 5.983474 -35.137321 1.466086 -0.486280 1.179406 -18.594522 -0.101924 22.339795 -1.343568 14.211311 13.698551 21.600202 6.060805 0.404605 -3.059832 -0.316932 -0.510214 1.778042 26.467703 12.166672 4.941084 7.116547 -2.904700 1.862555 17.227741 2.652665 4.251601 -22.918267 12.167214 13.751389 -32.878885 -2.047653 3.879496 11.952492 -1.405338 -18.315859 8.209227 -12.392281 36.139050 -25.921255 -38.796820 6.600040 -14.570014 -19.372771 -33.069437 -18.152277 -21.722575 -28.530639 -6.644358 -10.884674 -3.826775 -4.206650 -21.059126 -36.115008 -7.085308 -6.107878 -35.336742 -8.344426 -15.319158 -20.791002 -9.228273 -8.527080 -30.449810 1.026286 -7.210100 -40.474625 0.117229 -8.637283 -19.365405 -5.372419 -0.194158 -23.701533 3.696132 5.719162 -43.456242 -1.178000 7.020673 -10.566583 -5.689846 -5.016964 1.815512 16.105875 49.351501 2.534405 2.202657 -28.595968 -14.507776 6.620655 30.044851 3.696320 20.110846 -4.209460 30.574140 33.070269 -12.068509 -32.445892 23.489474 -48.076875 -9.647910 9.529141 -39.182282 33.069437 18.152275 -21.722575 28.530639 6.644356 -10.884674 3.826775 4.206655 -21.059126 36.115008 7.085306 -6.107878 35.336742 8.344431 -15.319158 20.791002 9.228278 -8.527080 30.449810 -1.026281 -7.210100 40.474625 -0.117231 -8.637283 19.365405 5.372431 -0.194158 23.701533 -3.696120 5.719162 43.456242 1.178012 7.020673 10.566583 5.689844 -5.016964 -1.815512 -16.105870 49.351501 -2.534405 -2.202652 -28.595968 14.507776 -6.620650 30.044851
0.516835 0.755517 0.256224 179.629047 43.831983 -172.241661 3.568753 -21.585253 -52.234251 -15.011893 -2.525446 60.759409 7.248164 6.291686 -35.362328 1.457136 -0.491450 1.185663 -19.157707 -0.162693 21.664274 -1.428839 13.846182 13.958870 21.213838 5.821817 -0.172423 -3.040435 -0.246970 -0.479635 2.334373 26.218182 12.650835 4.611085 7.388696 -2.848465 1.669584 17.247453 2.653680 4.215454 -22.726605 12.224521 13.196849 -32.131598 -1.377676 3.107599 12.170833 -0.840001 -21.016917 8.551591 -11.449181 34.256940 -26.156897 -36.008768 4.283312 -14.452357 -21.063807 -33.069437 -18.152277 -21.722575 -28.530639 -6.644358 -10.884674 -3.826775 -4.206650 -21.059126 -36.115008 -7.085308 -6.107878 -35.336742 -8.344426 -15.319158 -20.791002 -9.228273 -8.527080 -30.449810 1.026286 -7.210100 -40.474625 0.117229 -8.637283 -19.365405 -5.372419 -0.194158 -23.701533 3.696132 5.719162 -43.456242 -1.178000 7.020673 -10.566583 -5.689846 -5.016964 1.815512 16.105875 49.351501 2.534405 2.202657 -28.595968 -14.507776 6.620655 30.044851 3.833141 20.463693 -3.983108 30.061169 34.114059 -12.544838 -32.703455 23.806641 -47.912182 -8.567911 9.719717 -39.333816 33.069437 18.152275 -21.722575 28.530639 6.644356 -10.884674 3.826775 4.206655 -21.059126 36.115008 7.085306 -6.107878 35.336742 8.344431 -15.319158 20.791002 9.228278 -8.527080 30.449810 -1.026281 -7.210100 40.474625 -0.117231 -8.637283 19.365405 5.372431 -0.194158 23.701533 -3.696120 5.719162 43.456242 1.178012 7.020673 10.566583 5.689844 -5.016964 -1.815512 -16.105870 49.351501 -2.534405 -2.202652 -28.595968 14.507776 -6.620650 30.044851
0.513469 0.755642 0.252715 -179.726620 45.443607 -171.908075 3.869763 -20.907500 -52.174476 -14.514980 -2.088287 60.673684 7.069329 6.502459 -35.563504 1.424832 -0.502406 1.193908 -19.710078 -0.176401 20.966041 -1.488527 13.549349 14.209189 20.867611 5.623891 -0.805488 -3.017391 -0.173191 -0.437240 2.835344 25.987868 13.225868 4.296175 7.656392 -2.800929 1.502005 17.231573 2.618639 4.302784 -22.530749 12.144455 12.718061 -31.334378 -0.704320 2.218378 12.239681 -0.351398 -23.810395 8.822305 -10.398533 32.095868 -26.272108 -33.014713 1.898360 -14.352923 -22.608459 -33.069437 -18.152277 -21.722575 -28.530639 -6.644358 -10.884674 -3.826775 -4.206650 -21.059126 -36.115008 -7.085308 -6.107878 -35.336742 -8.344426 -15.319158 -20.791002 -9.228273 -8.527080 -30.449810 1.026286 -7.210100 -40.474625 0.117229 -8.637283 -19.365405 -5.372419 -0.194158 -23.701533 3.696132 5.719162 -43.456242 -1.178000 7.020673 -10.566583 -5.689846 -5.016964 1.815512 16.105875 49.351501 2.534405 2.202657 -28.595968 -14.507776 6.620655 30.044851 3.956523 20.843445 -3.765765 29.344719 34.992776 -13.156934 -33.045026 24.134865 -47.830377 -7.403645 9.880547 -39.408925 33.069437 18.152275 -21.722575 28.530639 6.644356 -10.884674 3.826775 4.206655 -21.059126 36.115008 7.085306 -6.107878 35.336742 8.344431 -15.319158 20.791002 9.228278 -8.527080 30.449810 -1.026281 -7.210100 40.474625 -0.117231 -8.637283 19.365405 5.372431 -0.194158 23.701533 -3.696120 5.719162 43.456242 1.178012 7.020673 10.566583 5.689844 -5.016964 -1.815512 -16.105870 49.351501 -2.534405 -2.202652 -28.595968 14.507776 -6.620650 30.044851
0.510101 0.756190 0.249297 -178.986104 47.045765 -171.515571 4.260160 -20.064054 -52.120398 -14.098340 -1.584588 60.556976 6.847060 6.529643 -35.724901 1.384249 -0.518819 1.202769 -20.237943 -0.218584 20.253068 -1.541038 13.255351 14.442985 20.555569 5.466708 -1.478782 -2.975056 -0.101159 -0.394728 3.250097 25.770655 13.909196 3.992476 7.890360 -2.790876 1.352198 17.177389 2.552268 4.522179 -22.293469 11.937733 12.369404 -30.472907 -0.067757 1.269952 12.164713 0.038952 -26.680082 8.983539 -9.234798 29.608761 -26.232985 -29.821555 -0.447774 -14.153591 -24.189661 -33.069437 -18.152277 -21.722575 -28.530639 -6.644358 -10.884674 -3.826775 -4.206650 -21.059126 -36.115008 -7.085308 -6.107878 -35.336742 -8.344426 -15.319158 -20.791002 -9.228273 -8.527080 -30.449810 1.026286 -7.210100 -40.474625 0.117229 -8.637283 -19.365405 -5.372419 -0.194158 -23.701533 3.696132 5.719162 -43.456242 -1.178000 7.020673 -10.566583 -5.689846 -5.016964 1.815512 16.105875 49.351501 2.534405 2.202657 -28.595968 -14.507776 6.620655 30.044851 4.046248 21.192679 -3.570101 28.547332 35.726202 -13.817870 -33.528094 24.511796 -47.804330 -6.224247 9.945263 -39.416175 33.069437 18.152275 -21.722575 28.530639 6.644356 -10.884674 3.826775 4.206655 -21.059126 36.115008 7.085306 -6.107878 35.336742 8.344431 -15.319158 20.791002 9.228278 -8.527080 30.449810 -1.026281 -7.210100 40.474625 -0.117231 -8.637283 19.365405 5.372431 -0.194158 23.701533 -3.696120 5.719162 43.456242 1.178012 7.020673 10.566583 5.689844 -5.016964 -1.815512 -16.105870 49.351501 -2.534405 -2.202652 -28.595968 14.507776 -6.620650 30.044851
0.507057 0.756842 0.245673 -178.170812 48.637363 -171.085884 4.720509 -19.084475 -52.017990 -13.785548 -1.047305 60.367104 6.558602 6.350050 -35.834628 1.348405 -0.541037 1.207881 -20.701069 -0.309521 19.532912 -1.598679 12.923376 14.664710 20.193480 5.273769 -2.208876 -2.920012 -0.023705 -0.359748 3.554261 25.546105 14.678853 3.675919 8.057058 -2.774310 1.199021 17.076384 2.459595 4.837680 -21.997960 11.615491 12.160728 -29.445715 0.522472 0.274377 11.917576 0.351635 -29.604642 9.035264 -7.997955 26.915361 -26.024705 -26.553662 -2.535913 -13.807484 -25.802720 -33.069437 -18.152277 -21.722575 -28.530639 -6.644358 -10.884674 -3.826775 -4.206650 -21.059126 -36.115008 -7.085308 -6.107878 -35.336742 -8.344426 -15.319158 -20.791002 -9.228273 -8.527080 -30.449810 1.026286 -7.210100 -40.474625 0.117229 -8.637283 -19.365405 -5.372419 -0.194158 -23.701533 3.696132 5.719162 -43.456242 -1.178000 7.020673 -10.566583 -5.689846 -5.016964 1.815512 16.105875 49.351501 2.534405 2.202657 -28.595968 -14.507776 6.620655 30.044851 4.127469 21.530132 -3.403093 27.750813 36.349101 -14.506294 -34.223175 24.970225 -47.902651 -5.021459 10.001052 -39.329418 33.069437 18.152275 -21.722575 28.530639 6.644356 -10.884674 3.826775 4.206655 -21.059126 36.115008 7.085306 -6.107878 35.336742 8.344431 -15.319158 20.791002 9.228278 -8.527080 30.449810 -1.026281 -7.210100 40.474625 -0.117231 -8.637283 19.365405 5.372431 -0.194158 23.701533 -3.696120 5.719162 43.456242 1.178012 7.020673 10.566583 5.689844 -5.016964 -1.815512 -16.105870 49.351501 -2.534405 -2.202652 -28.595968 14.507776 -6.620650 30.044851
0.504035 0.757820 0.242397 -177.302217 50.196244 -170.626390 5.171578 -18.120974 -51.837666 -13.517743 -0.565804 60.086615 6.250789 6.095735 -35.845564 1.306844 -0.563229 1.208375 -21.084278 -0.421673 18.805857 -1.626276 12.508627 14.908732 19.780037 4.918189 -2.955104 -2.868421 0.054733 -0.324829 3.740155 25.275083 15.457910 3.317848 8.137162 -2.708380 1.020349 16.910738 2.371872 5.213772 -21.657182 11.166133 12.025744 -28.201685 1.131493 -0.830842 11.485116 0.611466 -32.525709 8.950562 -6.709860 24.243014 -25.670430 -23.388448 -4.035088 -13.309393 -27.223611 -33.069437 -18.152277 -21.722575 -28.530639 -6.644358 -10.884674 -3.826775 -4.206650 -21.059126 -36.115008 -7.085308 -6.107878 -35.336742 -8.344426 -15.319158 -20.791002 -9.228273 -8.527080 -30.449810 1.026286 -7.210100 -40.474625 0.117229 -8.637283 -19.365405 -5.372419 -0.194158 -23.701533 3.696132 5.719162 -43.456242 -1.178000 7.020673 -10.566583 -5.689846 -5.016964 1.815512 16.105875 49.351501 2.534405 2.202657 -28.595968 -14.507776 6.620655 30.044851 4.264197 21.873014 -3.257736 26.919422 36.876091 -15.213133 -35.153040 25.612577 -48.265836 -3.979111 10.092700 -39.211068 33.069437 18.152275 -21.722575 28.530639 6.644356 -10.884674 3.826775 4.206655 -21.059126 36.115008 7.085306 -6.107878 35.336742 8.344431 -15.319158 20.791002 9.228278 -8.527080 30.449810 -1.026281 -7.210100 40.474625 -0.117231 -8.637283 19.365405 5.372431 -0.194158 23.701533 -3.696120 5.719162 43.456242 1.178012 7.020673 10.566583 5.689844 -5.016964 -1.815512 -16.105870 49.351501 -2.534405 -2.202652 -28.595968 14.507776 -6.620650 30.044851
0.500466 0.759359 0.239149 -176.368967 51.752489 -170.090849 5.574099 -17.301174 -51.591622 -13.194764 -0.200641 59.744355 6.000536 5.937582 -35.716989 1.246238 -0.581171 1.202005 -21.375890 -0.528101 18.025805 -1.587024 12.058258 15.239202 19.331061 4.305030 -3.695254 -2.832711 0.127775 -0.278945 3.827305 24.915747 16.198316 2.907002 8.155344 -2.636920 0.811261 16.653527 2.308743 5.573997 -21.254324 10.619150 11.867092 -26.769326 1.859998 -2.088680 10.930805 0.831503 -35.381784 8.684861 -5.318132 21.693743 -25.280290 -20.342762 -4.675952 -12.676672 -28.351490 -33.069437 -18.152277 -21.722575 -28.530639 -6.644358 -10.884674 -3.826775 -4.206650 -21.059126 -36.115008 -7.085308 -6.107878 -35.336742 -8.344426 -15.319158 -20.791002 -9.228273 -8.527080 -30.449810 1.026286 -7.210100 -40.474625 0.117229 -8.637283 -19.365405 -5.372419 -0.194158 -23.701533 3.696132 5.719162 -43.456242 -1.178000 7.020673 -10.566583 -5.689846 -5.016964 1.815512 16.105875 49.351501 2.534405 2.202657 -28.595968 -14.507776 6.620655 30.044851 4.514937 22.193753 -3.137834 25.994197 37.407945 -15.795492 -36.264439 26.537343 -48.952102 -3.540669 10.141051 -39.194098 33.069437 18.152275 -21.722575 28.530639 6.644356 -10.884674 3.826775 4.206655 -21.059126 36.115008 7.085306 -6.107878 35.336742 8.344431 -15.319158 20.791002 9.228278 -8.527080 30.449810 -1.026281 -7.210100 40.474625 -0.117231 -8.637283 19.365405 5.372431 -0.194158 23.701533 -3.696120 5.719162 43.456242 1.178012 7.020673 10.566583 5.689844 -5.016964 -1.815512 -16.105870 49.351501 -2.534405 -2.202652 -28.595968 14.507776 -6.620650 30.044851
0.496825 0.761610 0.236127 -175.290262 53.459791 -169.427774 5.939720 -16.578485 -51.223291 -12.761655 0.023526 59.401295 5.812681 5.914837 -35.465778 1.162935 -0.593841 1.180071 -21.576166 -0.644002 17.111647 -1.528228 11.628966 15.671876 18.827002 3.467778 -4.442263 -2.807206 0.204013 -0.215990 3.850879 24.466164 16.934122 2.434998 8.175234 -2.579231 0.579255 16.301164 2.255036 5.811504 -20.748384 10.058164 11.658375 -25.186655 2.730562 -3.479965 10.255784 0.999876 -38.121413 8.227245 -3.870658 19.243660 -24.923447 -17.479456 -4.580347 -12.002013 -29.163303 -33.069437 -18.152277 -21.722575 -28.530639 -6.644358 -10.884674 -3.826775 -4.206650 -21.059126 -36.115008 -7.085308 -6.107878 -35.336742 -8.344426 -15.319158 -20.791002 -9.228273 -8.527080 -30.449810 1.026286 -7.210100 -40.474625 0.117229 -8.637283 -19.365405 -5.372419 -0.194158 -23.701533 3.696132 5.719162 -43.456242 -1.178000 7.020673 -10.566583 -5.689846 -5.016964 1.815512 16.105875 49.351501 2.534405 2.202657 -28.595968 -14.507776 6.620655 30.044851 4.867565 22.545303 -3.067004 25.016644 38.033016 -16.167341 -37.573858 27.722518 -49.998743 -3.786684 10.132226 -39.198476 33.069437 18.152275 -21.722575 28.530639 6.644356 -10.884674 3.826775 4.206655 -21.059126 36.115008 7.085306 -6.107878 35.336742 8.344431 -15.319158 20.791002 9.228278 -8.527080 30.449810 -1.026281 -7.210100 40.474625 -0.117231 -8.637283 19.365405 5.372431 -0.194158 23.701533 -3.696120 5.719162 43.456242 1.178012 7.020673 10.566583 5.689844 -5.016964 -1.815512 -16.105870 49.351501 -2.534405 -2.202652 -28.595968 14.507776 -6.620650 30.044851
0.493006 0.764660 0.233221 -173.952678 55.525267 -168.584122 6.314918 -15.778049 -50.647635 -12.213232 0.205455 59.052504 5.603021 5.977538 -35.193765 1.064703 -0.604223 1.147408 -21.726017 -0.828527 16.103276 -1.577396 11.123731 16.058873 18.163724 2.530765 -5.262109 -2.776234 0.284978 -0.137383 3.799192 23.960217 17.689579 1.896609 8.227204 -2.517364 0.337987 15.883122 2.164636 5.866015 -20.049082 9.565408 11.425744 -23.518764 3.743324 -4.898824 9.342342 1.123238 -40.768132 7.587250 -2.532788 17.012195 -24.534891 -14.974568 -4.192428 -11.416679 -29.658304 -33.069437 -18.152277 -21.722575 -28.530639 -6.644358 -10.884674 -3.826775 -4.206650 -21.059126 -36.115008 -7.085308 -6.107878 -35.336742 -8.344426 -15.319158 -20.791002 -9.228273 -8.527080 -30.449810 1.026286 -7.210100 -40.474625 0.117229 -8.637283 -19.365405 -5.372419 -0.194158 -23.701533 3.696132 5.719162 -43.456242 -1.178000 7.020673 -10.566583 -5.689846 -5.016964 1.815512 16.105875 49.351501 2.534405 2.202657 -28.595968 -14.507776 6.620655 30.044851 5.278848 23.026080 -3.037955 24.111941 38.765677 -16.361961 -39.100053 29.182266 -51.236022 -4.205653 10.130375 -39.180096 33.069437 18.152275 -21.722575 28.530639 6.644356 -10.884674 3.826775 4.206655 -21.059126 36.115008 7.085306 -6.107878 35.336742 8.344431 -15.319158 20.791002 9.228278 -8.527080 30.449810 -1.026281 -7.210100 40.474625 -0.117231 -8.637283 19.365405 5.372431 -0.194158 23.701533 -3.696120 5.719162 43.456242 1.178012 7.020673 10.566583 5.689844 -5.016964 -1.815512 -16.105870 49.351501 -2.534405 -2.202652 -28.595968 14.507776 -6.620650 30.044851
0.489850 0.768500 0.229366 -172.239954 58.107557 -167.457100 6.773150 -14.721589 -49.828767 -11.576044 0.527327 58.634852 5.315018 5.985345 -34.945222 0.957027 -0.619537 1.114472 -21.941416 -1.236883 15.088106 -1.859366 10.293685 16.185766 17.249144 1.601238 -6.159352 -2.738433 0.365814 -0.051383 3.641643 23.460439 18.430410 1.285469 8.286962 -2.446912 0.105489 15.434352 2.013604 5.723264 -19.063356 9.179409 11.192603 -21.747880 4.936523 -6.198675 8.084392 1.221459 -43.380171 6.734241 -1.442729 15.188719 -24.008638 -12.964028 -3.871670 -11.044680 -29.947313 -33.069437 -18.152277 -21.722575 -28.530639 -6.644358 -10.884674 -3.826775 -4.206650 -21.059126 -36.115008 -7.085308 -6.107878 -35.336742 -8.344426 -15.319158 -20.791002 -9.228273 -8.527080 -30.449810 1.026286 -7.210100 -40.474625 0.117229 -8.637283 -19.365405 -5.372419 -0.194158 -23.701533 3.696132 5.719162 -43.456242 -1.178000 7.020673 -10.566583 -5.689846 -5.016964 1.815512 16.105875 49.351501 2.534405 2.202657 -28.595968 -14.507776 6.620655 30.044851 5.668669 23.670044 -3.032217 23.459975 39.594998 -16.399537 -40.816524 30.970669 -52.356006 -4.302546 10.239897 -39.113133 33.069437 18.152275 -21.722575 28.530639 6.644356 -10.884674 3.826775 4.206655 -21.059126 36.115008 7.085306 -6.107878 35.336742 8.344431 -15.319158 20.791002 9.228278 -8.527080 30.449810 -1.026281 -7.210100 40.474625 -0.117231 -8.637283 19.365405 5.372431 -0.194158 23.701533 -3.696120 5.719162 43.456242 1.178012 7.020673 10.566583 5.689844 -5.016964 -1.815512 -16.105870 49.351501 -2.534405 -2.202652 -28.595968 14.507776 -6.620650 30.044851
0.487288 0.772885 0.223548 -170.076751 61.192084 -165.908778 7.320484 -13.394142 -48.789459 -10.895359 0.983645 58.066116 5.022602 5.779818 -34.480400 0.837837 -0.643797 1.083984 -22.319532 -2.034089 14.036209 -2.325098 8.900873 16.027145 16.121357 0.571764 -7.042532 -2.707995 0.447476 0.032009 3.387005 22.988684 19.099120 0.597920 8.308825 -2.429914 -0.119821 14.946478 1.836239 5.450456 -17.777033 8.863558 10.973681 -19.771647 6.271075 -7.341734 6.541275 1.299335 -45.881318 5.533132 -0.567198 13.798159 -23.323106 -11.419496 -3.721566 -10.922269 -30.274916 -33.069437 -18.152277 -21.722575 -28.530639 -6.644358 -10.884674 -3.826775 -4.206650 -21.059126 -36.115008 -7.085308 -6.107878 -35.336742 -8.344426 -15.319158 -20.791002 -9.228273 -8.527080 -30.449810 1.026286 -7.210100 -40.474625 0.117229 -8.637283 -19.365405 -5.372419 -0.194158 -23.701533 3.696132 5.719162 -43.456242 -1.178000 7.020673 -10.566583 -5.689846 -5.016964 1.815512 16.105875 49.351501 2.534405 2.202657 -28.595968 -14.507776 6.620655 30.044851 5.999264 24.404446 -3.035223 23.147407 40.555323 -16.158085 -42.663660 33.126782 -53.223187 -4.289746 10.398938 -38.993700 33.069437 18.152275 -21.722575 28.530639 6.644356 -10.884674 3.826775 4.206655 -21.059126 36.115008 7.085306 -6.107878 35.336742 8.344431 -15.319158 20.791002 9.228278 -8.527080 30.449810 -1.026281 -7.210100 40.474625 -0.117231 -8.637283 19.365405 5.372431 -0.194158 23.701533 -3.696120 5.719162 43.456242 1.178012 7.020673 10.566583 5.689844 -5.016964 -1.815512 -16.105870 49.351501 -2.534405 -2.202652 -28.595968 14.507776 -6.620650 30.044851
0.484797 0.777333 0.216515 -167.451937 64.620798 -163.824915 7.856080 -11.936955 -47.611084 -10.182356 1.506278 57.333619 4.841247 5.457112 -33.753996 0.716101 -0.672061 1.046230 -22.832684 -3.211341 12.941628 -2.848909 7.005427 15.619975 14.890859 -0.679335 -7.793876 -2.700767 0.531118 0.107099 3.054681 22.528343 19.629566 -0.136932 8.200389 -2.505012 -0.347028 14.379641 1.639377 5.057319 -16.220884 8.645928 10.814012 -17.504625 7.604009 -8.410372 4.731671 1.364756 -48.037554 3.943194 0.211056 12.677408 -22.593041 -10.331641 -3.650494 -10.896752 -30.751229 -33.069437 -18.152277 -21.722575 -28.530639 -6.644358 -10.884674 -3.826775 -4.206650 -21.059126 -36.115008 -7.085308 -6.107878 -35.336742 -8.344426 -15.319158 -20.791002 -9.228273 -8.527080 -30.449810 1.026286 -7.210100 -40.474625 0.117229 -8.637283 -19.365405 -5.372419 -0.194158 -23.701533 3.696132 5.719162 -43.456242 -1.178000 7.020673 -10.566583 -5.689846 -5.016964 1.815512 16.105875 49.351501 2.534405 2.202657 -28.595968 -14.507776 6.620655 30.044851 6.296209 25.207437 -3.047834 23.159812 41.680528 -15.527127 -44.548973 35.587371 -53.966131 -4.430686 10.492204 -38.867072 33.069437 18.152275 -21.722575 28.530639 6.644356 -10.884674 3.826775 4.206655 -21.059126 36.115008 7.085306 -6.107878 35.336742 8.344431 -15.319158 20.791002 9.228278 -8.527080 30.449810 -1.026281 -7.210100 40.474625 -0.117231 -8.637283 19.365405 5.372431 -0.194158 23.701533 -3.696120 5.719162 43.456242 1.178012 7.020673 10.566583 5.689844 -5.016964 -1.815512 -16.105870 49.351501 -2.534405 -2.202652 -28.595968 14.507776 -6.620650 30.044851
0.482988 0.781461 0.207908 -164.379403 68.212699 -161.176536 8.209657 -10.541752 -46.368850 -9.419890 2.123672 56.572872 4.825386 5.331573 -33.165804 0.603555 -0.695236 0.986366 -23.364011 -4.546308 11.989732 -3.409090 5.004195 14.988833 13.818800 -1.989010 -8.203200 -2.718099 0.609576 0.173546 2.665139 22.077626 20.003281 -0.850634 7.843095 -2.609869 -0.582236 13.708172 1.388255 4.509601 -14.440090 8.597193 10.755229 -14.920990 8.837647 -9.485797 2.531762 1.424761 -49.611229 2.098271 0.975206 11.651587 -21.992954 -9.649616 -3.425868 -10.789866 -31.134659 -33.069437 -18.152277 -21.722575 -28.530639 -6.644358 -10.884674 -3.826775 -4.206650 -21.059126 -36.115008 -7.085308 -6.107878 -35.336742 -8.344426 -15.319158 -20.791002 -9.228273 -8.527080 -30.449810 1.026286 -7.210100 -40.474625 0.117229 -8.637283 -19.365405 -5.372419 -0.194158 -23.701533 3.696132 5.719162 -43.456242 -1.178000 7.020673 -10.566583 -5.689846 -5.016964 1.815512 16.105875 49.351501 2.534405 2.202657 -28.595968 -14.507776 6.620655 30.044851 6.536055 26.144703 -3.161660 23.608228 42.883543 -14.441349 -46.415479 38.151534 -54.744813 -4.601241 10.516014 -38.715131 33.069437 18.152275 -21.722575 28.530639 6.644356 -10.884674 3.826775 4.206655 -21.059126 36.115008 7.085306 -6.107878 35.336742 8.344431 -15.319158 20.791002 9.228278 -8.527080 30.449810 -1.026281 -7.210100 40.474625 -0.117231 -8.637283 19.365405 5.372431 -0.194158 23.701533 -3.696120 5.719162 43.456242 1.178012 7.020673 10.566583 5.689844 -5.016964 -1.815512 -16.105870 49.351501 -2.534405 -2.202652 -28.595968 14.507776 -6.620650 30.044851
0.481403 0.785188 0.198179 -160.824700 71.824312 -158.007766 8.266904 -9.396186 -45.045159 -8.605610 2.877903 55.866446 4.949227 5.566170 -32.932307 0.497090 -0.711983 0.910420 -23.810833 -5.753455 11.427530 -3.986320 3.149293 14.348230 13.129742 -3.131448 -8.205734 -2.746396 0.678548 0.242527 2.226463 21.606958 20.277254 -1.449309 7.175123 -2.664178 -0.833270 12.945567 1.054825 3.911006 -12.477326 8.657182 10.753119 -12.170821 10.045981 -10.520891 -0.088872 1.487181 -50.507664 0.120849 1.757693 10.693467 -21.722827 -9.044595 -3.209888 -10.694359 -31.131012 -33.069437 -18.152277 -21.722575 -28.530639 -6.644358 -10.884674 -3.826775 -4.206650 -21.059126 -36.115008 -7.085308 -6.107878 -35.336742 -8.344426 -15.319158 -20.791002 -9.228273 -8.527080 -30.449810 1.026286 -7.210100 -40.474625 0.117229 -8.637283 -19.365405 -5.372419 -0.194158 -23.701533 3.696132 5.719162 -43.456242 -1.178000 7.020673 -10.566583 -5.689846 -5.016964 1.815512 16.105875 49.351501 2.534405 2.202657 -28.595968 -14.507776 6.620655 30.044851 6.665551 27.227548 -3.470424 24.696678 44.096749 -12.875147 -48.277628 40.542223 -55.484502 -4.614285 10.502839 -38.440479 33.069437 18.152275 -21.722575 28.530639 6.644356 -10.884674 3.826775 4.206655 -21.059126 36.115008 7.085306 -6.107878 35.336742 8.344431 -15.319158 20.791002 9.228278 -8.527080 30.449810 -1.026281 -7.210100 40.474625 -0.117231 -8.637283 19.365405 5.372431 -0.194158 23.701533 -3.696120 5.719162 43.456242 1.178012 7.020673 10.566583 5.689844 -5.016964 -1.815512 -16.105870 49.351501 -2.534405 -2.202652 -28.595968 14.507776 -6.620650 30.044851
0.480101 0.788358 0.189131 -156.464362 75.336969 -154.087729 8.002268 -8.605093 -43.597910 -7.726470 3.730939 55.161670 5.217654 6.283018 -32.906595 0.377925 -0.723991 0.837774 -24.047257 -6.687244 11.293836 -4.433571 1.455304 14.225761 12.562382 -4.063400 -8.235602 -2.777084 0.746795 0.319932 1.737610 21.035954 20.434423 -1.829443 6.251873 -2.609731 -1.086498 12.111560 0.682347 3.429403 -10.417832 8.754503 10.687898 -9.482137 11.261139 -11.468706 -3.008464 1.585697 -50.725380 -1.929055 2.552640 9.830328 -21.983815 -8.289140 -3.400148 -10.730764 -30.837918 -33.069437 -18.152277 -21.722575 -28.530639 -6.644358 -10.884674 -3.826775 -4.206650 -21.059126 -36.115008 -7.085308 -6.107878 -35.336742 -8.344426 -15.319158 -20.791002 -9.228273 -8.527080 -30.449810 1.026286 -7.210100 -40.474625 0.117229 -8.637283 -19.365405 -5.372419 -0.194158 -23.701533 3.696132 5.719162 -43.456242 -1.178000 7.020673 -10.566583 -5.689846 -5.016964 1.815512 16.105875 49.351501 2.534405 2.202657 -28.595968 -14.507776 6.620655 30.044851 6.710021 28.401917 -3.877255 26.402086 45.358667 -10.961999 -50.165520 42.583753 -56.082608 -4.460952 10.437071 -37.974151 33.069437 18.152275 -21.722575 28.530639 6.644356 -10.884674 3.826775 4.206655 -21.059126 36.115008 7.085306 -6.107878 35.336742 8.344431 -15.319158 20.791002 9.228278 -8.527080 30.449810 -1.026281 -7.210100 40.474625 -0.117231 -8.637283 19.365405 5.372431 -0.194158 23.701533 -3.696120 5.719162 43.456242 1.178012 7.020673 10.566583 5.689844 -5.016964 -1.815512 -16.105870 49.351501 -2.534405 -2.202652 -28.595968 14.507776 -6.620650 30.044851
0.478960 0.791732 0.179006 -150.197130 78.724920 -148.328937 7.444093 -8.026419 -41.980986 -6.717546 4.685594 54.358873 5.632644 7.552525 -32.929910 0.239086 -0.734591 0.765117 -23.881394 -7.248310 11.324904 -4.655574 0.201568 15.251568 11.853471 -4.503373 -8.768003 -2.825016 0.830984 0.383663 1.182665 20.307473 20.362747 -1.943828 5.264610 -2.350601 -1.315418 11.233191 0.284926 3.157192 -8.416027 8.992987 10.475630 -7.016439 12.302320 -12.377688 -6.084180 1.741543 -50.274055 -3.984641 3.298541 9.077442 -22.839863 -7.617926 -4.080270 -10.828258 -30.446606 -33.069437 -18.152277 -21.722575 -28.530639 -6.644358 -10.884674 -3.826775 -4.206650 -21.059126 -36.115008 -7.085308 -6.107878 -35.336742 -8.344426 -15.319158 -20.791002 -9.228273 -8.527080 -30.449810 1.026286 -7.210100 -40.474625 0.117229 -8.637283 -19.365405 -5.372419 -0.194158 -23.701533 3.696132 5.719162 -43.456242 -1.178000 7.020673 -10.566583 -5.689846 -5.016964 1.815512 16.105875 49.351501 2.534405 2.202657 -28.595968 -14.507776 6.620655 30.044851 6.763314 29.601981 -4.215226 28.615521 46.644095 -8.858536 -52.053531 44.257094 -56.656832 -4.194604 10.360095 -37.568431 33.069437 18.152275 -21.722575 28.530639 6.644356 -10.884674 3.826775 4.206655 -21.059126 36.115008 7.085306 -6.107878 35.336742 8.344431 -15.319158 20.791002 9.228278 -8.527080 30.449810 -1.026281 -7.210100 40.474625 -0.117231 -8.637283 19.365405 5.372431 -0.194158 23.701533 -3.696120 5.719162 43.456242 1.178012 7.020673 10.566583 5.689844 -5.016964 -1.815512 -16.105870 49.351501 -2.534405 -2.202652 -28.595968 14.507776 -6.620650 30.044851
0.477710 0.796081 0.168441 -138.801165 82.014885 -137.517717 6.699613 -7.442301 -40.060555 -5.571276 5.825280 53.208246 6.113776 9.013598 -32.719161 0.107464 -0.755635 0.688428 -23.214175 -7.214740 11.217129 -4.739076 -0.423333 17.590756 10.994537 -4.400634 -9.959662 -2.884115 0.925596 0.405960 0.531162 19.412951 20.050010 -1.869170 4.426279 -1.881517 -1.504330 10.351339 -0.197441 3.070690 -6.565933 9.574400 10.162195 -4.857853 12.989860 -13.216380 -9.166200 1.964070 -49.280272 -5.968312 3.943714 8.535015 -24.176456 -7.302726 -5.273899 -11.016929 -29.981535 -33.069437 -18.152277 -21.722575 -28.530639 -6.644358 -10.884674 -3.826775 -4.206650 -21.059126 -36.115008 -7.085308 -6.107878 -35.336742 -8.344426 -15.319158 -20.791002 -9.228273 -8.527080 -30.449810 1.026286 -7.210100 -40.474625 0.117229 -8.637283 -19.365405 -5.372419 -0.194158 -23.701533 3.696132 5.719162 -43.456242 -1.178000 7.020673 -10.566583 -5.689846 -5.016964 1.815512 16.105875 49.351501 2.534405 2.202657 -28.595968 -14.507776 6.620655 30.044851 6.893794 30.787333 -4.389272 31.368593 47.831715 -6.528965 -54.038111 45.550486 -57.411292 -3.768762 10.350116 -37.408290 33.069437 18.152275 -21.722575 28.530639 6.644356 -10.884674 3.826775 4.206655 -21.059126 36.115008 7.085306 -6.107878 35.336742 8.344431 -15.319158 20.791002 9.228278 -8.527080 30.449810 -1.026281 -7.210100 40.474625 -0.117231 -8.637283 19.365405 5.372431 -0.194158 23.701533 -3.696120 5.719162 43.456242 1.178012 7.020673 10.566583 5.689844 -5.016964 -1.815512 -16.105870 49.351501 -2.534405 -2.202652 -28.595968 14.507776 -6.620650 30.044851
0.476656 0.801728 0.157130 -113.184902 84.810318 -112.553369 5.850301 -7.024055 -37.819345 -4.373298 7.219383 51.462552 6.552711 10.312099 -32.071877 0.012493 -0.791814 0.610095 -22.084114 -6.467579 10.934909 -5.009435 -0.924143 20.796517 9.934123 -4.764212 -11.752367 -2.935195 1.006445 0.374854 -0.216652 18.360275 19.564187 -1.707100 3.755131 -1.278648 -1.685786 9.489492 -0.754020 3.043350 -4.856788 10.677943 9.872831 -2.962660 13.274397 -13.952325 -12.185267 2.327123 -47.859538 -7.829334 4.441856 8.316134 -25.830625 -7.500365 -7.278736 -11.524514 -29.502292 -33.069437 -18.152277 -21.722575 -28.530639 -6.644358 -10.884674 -3.826775 -4.206650 -21.059126 -36.115008 -7.085308 -6.107878 -35.336742 -8.344426 -15.319158 -20.791002 -9.228273 -8.527080 -30.449810 1.026286 -7.210100 -40.474625 0.117229 -8.637283 -19.365405 -5.372419 -0.194158 -23.701533 3.696132 5.719162 -43.456242 -1.178000 7.020673 -10.566583 -5.689846 -5.016964 1.815512 16.105875 49.351501 2.534405 2.202657 -28.595968 -14.507776 6.620655 30.044851 7.126533 31.994200 -4.308764 34.641630 48.746987 -3.872342 -56.536693 46.330125 -58.631334 -3.143446 10.291595 -37.103862 33.069437 18.152275 -21.722575 28.530639 6.644356 -10.884674 3.826775 4.206655 -21.059126 36.115008 7.085306 -6.107878 35.336742 8.344431 -15.319158 20.791002 9.228278 -8.527080 30.449810 -1.026281 -7.210100 40.474625 -0.117231 -8.637283 19.365405 5.372431 -0.194158 23.701533 -3.696120 5.719162 43.456242 1.178012 7.020673 10.566583 5.689844 -5.016964 -1.815512 -16.105870 49.351501 -2.534405 -2.202652 -28.595968 14.507776 -6.620650 30.044851
0.475493 0.808418 0.146033 -64.872037 85.462314 -64.964545 4.806711 -6.984009 -35.407550 -3.155134 8.686862 49.244223 6.885621 11.463054 -31.142049 -0.030731 -0.828923 0.553444 -20.661268 -5.451069 10.654620 -5.645889 -1.895259 24.507388 8.820059 -6.065588 -13.558393 -2.971096 1.058060 0.319100 -0.944316 17.203289 19.156312 -1.514654 3.062652 -0.689971 -1.881642 8.601506 -1.289181 2.885859 -3.227795 12.068562 9.702168 -1.198545 13.354912 -14.428862 -15.025437 2.665218 -46.303498 -9.578552 4.713218 8.387877 -27.615053 -8.092567 -9.969881 -12.296080 -28.989181 -33.069437 -18.152277 -21.722575 -28.530639 -6.644358 -10.884674 -3.826775 -4.206650 -21.059126 -36.115008 -7.085308 -6.107878 -35.336742 -8.344426 -15.319158 -20.791002 -9.228273 -8.527080 -30.449810 1.026286 -7.210100 -40.474625 0.117229 -8.637283 -19.365405 -5.372419 -0.194158 -23.701533 3.696132 5.719162 -43.456242 -1.178000 7.020673 -10.566583 -5.689846 -5.016964 1.815512 16.105875 49.351501 2.534405 2.202657 -28.595968 -14.507776 6.620655 30.044851 7.135861 33.014849 -4.328885 38.767600 49.351473 -0.687701 -59.623966 46.677495 -60.304170 -2.367053 10.070078 -36.370522 33.069437 18.152275 -21.722575 28.530639 6.644356 -10.884674 3.826775 4.206655 -21.059126 36.115008 7.085306 -6.107878 35.336742 8.344431 -15.319158 20.791002 9.228278 -8.527080 30.449810 -1.026281 -7.210100 40.474625 -0.117231 -8.637283 19.365405 5.372431 -0.194158 23.701533 -3.696120 5.719162 43.456242 1.178012 7.020673 10.566583 5.689844 -5.016964 -1.815512 -16.105870 49.351501 -2.534405 -2.202652 -28.595968 14.507776 -6.620650 30.044851
0.474562 0.815840 0.134955 -30.241120 83.272091 -31.131756 3.517814 -7.047783 -32.981563 -1.845288 9.954546 46.872364 7.175137 12.510587 -30.157382 -0.022579 -0.865587 0.538954 -19.110951 -4.763467 10.375228 -6.498029 -3.290830 28.777759 7.848205 -7.322800 -14.771391 -2.968550 1.082410 0.283345 -1.488524 16.028414 18.996640 -1.356374 2.253876 -0.206841 -2.052629 7.657601 -1.746804 2.580957 -1.674234 13.407130 9.526902 0.639281 13.435640 -14.403264 -17.477810 2.639822 -45.053772 -11.270595 4.691946 8.702956 -29.407971 -8.812210 -12.599647 -12.905196 -28.272168 -33.069437 -18.152277 -21.722575 -28.530639 -6.644358 -10.884674 -3.826775 -4.206650 -21.059126 -36.115008 -7.085308 -6.107878 -35.336742 -8.344426 -15.319158 -20.791002 -9.228273 -8.527080 -30.449810 1.026286 -7.210100 -40.474625 0.117229 -8.637283 -19.365405 -5.372419 -0.194158 -23.701533 3.696132 5.719162 -43.456242 -1.178000 7.020673 -10.566583 -5.689846 -5.016964 1.815512 16.105875 49.351501 2.534405 2.202657 -28.595968 -14.507776 6.620655 30.044851 6.435003 33.533288 -5.024334 44.152337 49.633519 3.197136 -62.821061 47.071146 -62.009839 -1.475492 9.827805 -35.353278 33.069437 18.152275 -21.722575 28.530639 6.644356 -10.884674 3.826775 4.206655 -21.059126 36.115008 7.085306 -6.107878 35.336742 8.344431 -15.319158 20.791002 9.228278 -8.527080 30.449810 -1.026281 -7.210100 40.474625 -0.117231 -8.637283 19.365405 5.372431 -0.194158 23.701533 -3.696120 5.719162 43.456242 1.178012 7.020673 10.566583 5.689844 -5.016964 -1.815512 -16.105870 49.351501 -2.534405 -2.202652 -28.595968 14.507776 -6.620650 30.044851
0.473141 0.823007 0.124240 -15.260453 79.745118 -16.951102 2.255568 -6.825604 -30.612628 -0.588475 11.183379 44.427485 7.442685 13.274926 -29.166035 0.017041 -0.919655 0.540906 -17.475684 -4.295435 9.855964 -7.476834 -4.848120 33.625653 6.896816 -8.218225 -15.406947 -2.933957 1.086986 0.266855 -1.854682 14.829675 18.873882 -1.319731 1.510806 0.245761 -2.225766 6.725417 -2.119918 2.425799 -0.270412 14.763751 9.133426 2.625370 13.454078 -14.114509 -19.473980 2.382336 -43.921760 -12.901651 4.329893 9.480911 -31.308826 -9.834343 -15.129347 -13.280310 -27.405533 -33.069437 -18.152277 -21.722575 -28.530639 -6.644358 -10.884674 -3.826775 -4.206650 -21.059126 -36.115008 -7.085308 -6.107878 -35.336742 -8.344426 -15.319158 -20.791002 -9.228273 -8.527080 -30.449810 1.026286 -7.210100 -40.474625 0.117229 -8.637283 -19.365405 -5.372419 -0.194158 -23.701533 3.696132 5.719162 -43.456242 -1.178000 7.020673 -10.566583 -5.689846 -5.016964 1.815512 16.105875 49.351501 2.534405 2.202657 -28.595968 -14.507776 6.620655 30.044851 5.304696 33.690559 -6.066131 49.915285 49.450620 7.310290 -65.898212 47.831769 -63.577668 -0.590461 9.698892 -34.327568 33.069437 18.152275 -21.722575 28.530639 6.644356 -10.884674 3.826775 4.206655 -21.059126 36.115008 7.085306 -6.107878 35.336742 8.344431 -15.319158 20.791002 9.228278 -8.527080 30.449810 -1.026281 -7.210100 40.474625 -0.117231 -8.637283 19.365405 5.372431 -0.194158 23.701533 -3.696120 5.719162 43.456242 1.178012 7.020673 10.566583 5.689844 -5.016964 -1.815512 -16.105870 49.351501 -2.534405 -2.202652 -28.595968 14.507776 -6.620650 30.044851
0.470522 0.829385 0.114031 -8.045702 75.567146 -10.530956 1.361113 -6.275118 -28.346316 0.191092 12.574654 41.955383 7.554339 13.575516 -28.216809 0.050132 -0.977766 0.535374 -15.944749 -3.896976 9.145856 -8.380316 -6.302637 38.545858 5.893621 -9.021113 -15.602447 -2.896746 1.072329 0.284726 -2.092802 13.550886 18.852838 -1.437036 0.865306 0.582387 -2.476742 5.813265 -2.430703 2.433531 1.057138 15.851894 8.684985 4.599336 13.769602 -13.923757 -20.976772 2.078992 -42.503598 -14.386623 3.588057 10.934592 -33.415236 -11.342160 -17.824306 -13.703187 -26.271648 -33.069437 -18.152277 -21.722575 -28.530639 -6.644358 -10.884674 -3.826775 -4.206650 -21.059126 -36.115008 -7.085308 -6.107878 -35.336742 -8.344426 -15.319158 -20.791002 -9.228273 -8.527080 -30.449810 1.026286 -7.210100 -40.474625 0.117229 -8.637283 -19.365405 -5.372419 -0.194158 -23.701533 3.696132 5.719162 -43.456242 -1.178000 7.020673 -10.566583 -5.689846 -5.016964 1.815512 16.105875 49.351501 2.534405 2.202657 -28.595968 -14.507776 6.620655 30.044851 4.258885 33.667719 -7.005723 55.086709 48.959680 11.182758 -68.511018 49.027203 -64.855064 0.376876 9.849347 -33.549394 33.069437 18.152275 -21.722575 28.530639 6.644356 -10.884674 3.826775 4.206655 -21.059126 36.115008 7.085306 -6.107878 35.336742 8.344431 -15.319158 20.791002 9.228278 -8.527080 30.449810 -1.026281 -7.210100 40.474625 -0.117231 -8.637283 19.365405 5.372431 -0.194158 23.701533 -3.696120 5.719162 43.456242 1.178012 7.020673 10.566583 5.689844 -5.016964 -1.815512 -16.105870 49.351501 -2.534405 -2.202652 -28.595968 14.507776 -6.620650 30.044851
0.467397 0.834698 0.104771 -4.038109 70.951154 -7.320197 1.041019 -5.423537 -26.240538 0.182569 14.121480 39.589586 7.439991 13.397787 -27.384421 0.052240 -1.020715 0.518158 -14.791512 -3.671340 8.477894 -8.806392 -7.460975 42.667591 4.968826 -9.524293 -15.564761 -2.870211 1.049161 0.348940 -2.241407 12.245056 18.986548 -1.686344 0.214006 0.722010 -2.807402 4.927014 -2.658128 2.486061 2.394783 16.422148 8.382459 6.479181 14.675034 -13.895019 -21.947683 1.758014 -40.764898 -15.650891 2.492754 13.125267 -35.717300 -13.294280 -20.345102 -14.268263 -24.631066 -33.069437 -18.152277 -21.722575 -28.530639 -6.644358 -10.884674 -3.826775 -4.206650 -21.059126 -36.115008 -7.085308 -6.107878 -35.336742 -8.344426 -15.319158 -20.791002 -9.228273 -8.527080 -30.449810 1.026286 -7.210100 -40.474625 0.117229 -8.637283 -19.365405 -5.372419 -0.194158 -23.701533 3.696132 5.719162 -43.456242 -1.178000 7.020673 -10.566583 -5.689846 -5.016964 1.815512 16.105875 49.351501 2.534405 2.202657 -28.595968 -14.507776 6.620655 30.044851 3.493230 33.539148 -7.690360 59.378844 48.411297 14.622117 -70.371077 50.654632 -65.686018 1.739239 10.402019 -32.991207 33.069437 18.152275 -21.722575 28.530639 6.644356 -10.884674 3.826775 4.206655 -21.059126 36.115008 7.085306 -6.107878 35.336742 8.344431 -15.319158 20.791002 9.228278 -8.527080 30.449810 -1.026281 -7.210100 40.474625 -0.117231 -8.637283 19.365405 5.372431 -0.194158 23.701533 -3.696120 5.719162 43.456242 1.178012 7.020673 10.566583 5.689844 -5.016964 -1.815512 -16.105870 49.351501 -2.534405 -2.202652 -28.595968 14.507776 -6.620650 30.044851
0.463519 0.838858 0.095659 -1.681855 65.857923 -5.676208 1.299639 -4.240479 -24.394977 -0.472746 15.717948 37.489187 7.166847 12.926354 -26.721163 0.027069 -1.050283 0.495585 -14.085347 -3.709623 7.869350 -8.711870 -8.465348 45.439001 4.255882 -9.574133 -15.582433 -2.854932 1.022236 0.440496 -2.379046 11.065927 18.982107 -1.996717 -0.420245 0.799700 -3.146777 4.173412 -2.770712 2.575339 3.728056 16.632245 8.203718 8.267981 15.943439 -13.906982 -22.405771 1.457450 -38.963801 -16.717138 1.196154 16.081445 -38.160381 -15.596747 -22.049483 -14.807035 -22.529051 -33.069437 -18.152277 -21.722575 -28.530639 -6.644358 -10.884674 -3.826775 -4.206650 -21.059126 -36.115008 -7.085308 -6.107878 -35.336742 -8.344426 -15.319158 -20.791002 -9.228273 -8.527080 -30.449810 1.026286 -7.210100 -40.474625 0.117229 -8.637283 -19.365405 -5.372419 -0.194158 -23.701533 3.696132 5.719162 -43.456242 -1.178000 7.020673 -10.566583 -5.689846 -5.016964 1.815512 16.105875 49.351501 2.534405 2.202657 -28.595968 -14.507776 6.620655 30.044851 3.029719 33.351591 -8.063276 62.725862 47.891520 17.466768 -71.592165 52.688758 -66.007816 3.480164 11.258340 -32.310381 33.069437 18.152275 -21.722575 28.530639 6.644356 -10.884674 3.826775 4.206655 -21.059126 36.115008 7.085306 -6.107878 35.336742 8.344431 -15.319158 20.791002 9.228278 -8.527080 30.449810 -1.026281 -7.210100 40.474625 -0.117231 -8.637283 19.365405 5.372431 -0.194158 23.701533 -3.696120 5.719162 43.456242 1.178012 7.020673 10.566583 5.689844 -5.016964 -1.815512 -16.105870 49.351501 -2.534405 -2.202652 -28.595968 14.507776 -6.620650 30.044851
0.458703 0.841764 0.088884 -0.339841 60.139770 -4.852493 2.058587 -2.736622 -22.892388 -1.399760 17.294745 35.787821 6.734200 12.330673 -26.242304 -0.032522 -1.080595 0.459167 -13.651296 -3.906203 7.119748 -8.314435 -9.304614 47.009706 3.789644 -9.200966 -15.680557 -2.864046 1.002381 0.528765 -2.601354 10.123490 18.524598 -2.253531 -0.874036 1.113744 -3.426544 3.627864 -2.871543 2.731711 5.106402 16.729466 7.978651 9.978130 17.176917 -13.828308 -22.402000 1.175533 -37.395709 -17.600104 -0.088924 19.818824 -40.705118 -18.219849 -22.650538 -15.234229 -20.297681 -33.069437 -18.152277 -21.722575 -28.530639 -6.644358 -10.884674 -3.826775 -4.206650 -21.059126 -36.115008 -7.085308 -6.107878 -35.336742 -8.344426 -15.319158 -20.791002 -9.228273 -8.527080 -30.449810 1.026286 -7.210100 -40.474625 0.117229 -8.637283 -19.365405 -5.372419 -0.194158 -23.701533 3.696132 5.719162 -43.456242 -1.178000 7.020673 -10.566583 -5.689846 -5.016964 1.815512 16.105875 49.351501 2.534405 2.202657 -28.595968 -14.507776 6.620655 30.044851 2.762219 33.079230 -8.207132 65.230233 47.425482 19.785275 -72.267411 55.084665 -65.662003 5.196428 12.275335 -31.292740 33.069437 18.152275 -21.722575 28.530639 6.644356 -10.884674 3.826775 4.206655 -21.059126 36.115008 7.085306 -6.107878 35.336742 8.344431 -15.319158 20.791002 9.228278 -8.527080 30.449810 -1.026281 -7.210100 40.474625 -0.117231 -8.637283 19.365405 5.372431 -0.194158 23.701533 -3.696120 5.719162 43.456242 1.178012 7.020673 10.566583 5.689844 -5.016964 -1.815512 -16.105870 49.351501 -2.534405 -2.202652 -28.595968 14.507776 -6.620650 30.044851
0.453444 0.843782 0.083220 0.396679 53.818895 -4.455145 3.158081 -1.065596 -21.684051 -2.263364 18.769075 34.520975 6.148198 11.690500 -25.880174 -0.128318 -1.112396 0.403483 -13.344977 -4.068891 6.167564 -7.784315 -9.822281 47.882266 3.498708 -8.366392 -15.813181 -2.905697 1.000851 0.601390 -2.878599 9.367907 17.660209 -2.438764 -1.064619 1.751477 -3.646959 3.243482 -3.043316 2.977675 6.635367 16.778705 7.539976 11.642285 18.185836 -13.583750 -21.984553 0.860083 -36.184587 -18.208264 -1.271325 24.413253 -43.319981 -21.274422 -22.337826 -15.644047 -18.134227 -33.069437 -18.152277 -21.722575 -28.530639 -6.644358 -10.884674 -3.826775 -4.206650 -21.059126 -36.115008 -7.085308 -6.107878 -35.336742 -8.344426 -15.319158 -20.791002 -9.228273 -8.527080 -30.449810 1.026286 -7.210100 -40.474625 0.117229 -8.637283 -19.365405 -5.372419 -0.194158 -23.701533 3.696132 5.719162 -43.456242 -1.178000 7.020673 -10.566583 -5.689846 -5.016964 1.815512 16.105875 49.351501 2.534405 2.202657 -28.595968 -14.507776 6.620655 30.044851 2.455939 32.721260 -8.304590 67.218419 47.072225 21.826979 -72.286802 57.662447 -64.534100 6.742778 13.466014 -29.947238 33.069437 18.152275 -21.722575 28.530639 6.644356 -10.884674 3.826775 4.206655 -21.059126 36.115008 7.085306 -6.107878 35.336742 8.344431 -15.319158 20.791002 9.228278 -8.527080 30.449810 -1.026281 -7.210100 40.474625 -0.117231 -8.637283 19.365405 5.372431 -0.194158 23.701533 -3.696120 5.719162 43.456242 1.178012 7.020673 10.566583 5.689844 -5.016964 -1.815512 -16.105870 49.351501 -2.534405 -2.202652 -28.595968 14.507776 -6.620650 30.044851
0.447772 0.845392 0.078907 0.835163 47.182464 -4.316347 4.339679 0.417225 -20.614015 -2.921803 19.926321 33.532780 5.587476 11.279432 -25.479425 -0.215966 -1.121986 0.354577 -13.243088 -4.219914 5.188859 -7.544386 -10.352331 48.336689 3.102163 -7.882166 -16.054133 -2.954767 0.991186 0.668340 -3.058831 8.665703 16.745211 -2.681765 -1.063840 2.430122 -3.850964 2.951484 -3.167642 3.186803 8.231733 16.704244 6.953265 13.382460 18.976883 -13.278185 -21.258551 0.565565 -35.085920 -18.480393 -2.470251 29.811262 -45.981258 -24.820315 -21.241414 -16.036080 -15.955445 -33.069437 -18.152277 -21.722575 -28.530639 -6.644358 -10.884674 -3.826775 -4.206650 -21.059126 -36.115008 -7.085308 -6.107878 -35.336742 -8.344426 -15.319158 -20.791002 -9.228273 -8.527080 -30.449810 1.026286 -7.210100 -40.474625 0.117229 -8.637283 -19.365405 -5.372419 -0.194158 -23.701533 3.696132 5.719162 -43.456242 -1.178000 7.020673 -10.566583 -5.689846 -5.016964 1.815512 16.105875 49.351501 2.534405 2.202657 -28.595968 -14.507776 6.620655 30.044851 1.988489 32.383603 -8.491602 68.958662 46.815123 23.737243 -71.773233 60.094541 -62.829906 8.370508 14.765587 -27.958585 33.069437 18.152275 -21.722575 28.530639 6.644356 -10.884674 3.826775 4.206655 -21.059126 36.115008 7.085306 -6.107878 35.336742 8.344431 -15.319158 20.791002 9.228278 -8.527080 30.449810 -1.026281 -7.210100 40.474625 -0.117231 -8.637283 19.365405 5.372431 -0.194158 23.701533 -3.696120 5.719162 43.456242 1.178012 7.020673 10.566583 5.689844 -5.016964 -1.815512 -16.105870 49.351501 -2.534405 -2.202652 -28.595968 14.507776 -6.620650 30.044851
0.441206 0.846579 0.074786 1.154648 40.534027 -4.395512 5.456957 1.504830 -19.534823 -3.313219 20.820810 32.708516 5.227560 11.320536 -24.932380 -0.245584 -1.094153 0.322864 -13.456313 -4.454756 4.429598 -7.941598 -11.275759 48.180356 2.351836 -8.820435 -16.171846 -2.990154 0.941715 0.740806 -3.063425 7.972363 16.061000 -3.097808 -0.946238 2.913204 -4.043093 2.714620 -3.166884 3.123771 9.659406 16.497577 6.508149 15.397592 19.602967 -13.104321 -20.431368 0.461099 -33.759450 -18.437410 -3.871280 35.761754 -48.518093 -28.822282 -19.574745 -16.421391 -13.635376 -33.069437 -18.152277 -21.722575 -28.530639 -6.644358 -10.884674 -3.826775 -4.206650 -21.059126 -36.115008 -7.085308 -6.107878 -35.336742 -8.344426 -15.319158 -20.791002 -9.228273 -8.527080 -30.449810 1.026286 -7.210100 -40.474625 0.117229 -8.637283 -19.365405 -5.372419 -0.194158 -23.701533 3.696132 5.719162 -43.456242 -1.178000 7.020673 -10.566583 -5.689846 -5.016964 1.815512 16.105875 49.351501 2.534405 2.202657 -28.595968 -14.507776 6.620655 30.044851 1.455555 32.234431 -8.700793 70.383576 46.590587 25.432518 -71.190952 62.115812 -61.120986 10.489679 16.193882 -25.074523 33.069437 18.152275 -21.722575 28.530639 6.644356 -10.884674 3.826775 4.206655 -21.059126 36.115008 7.085306 -6.107878 35.336742 8.344431 -15.319158 20.791002 9.228278 -8.527080 30.449810 -1.026281 -7.210100 40.474625 -0.117231 -8.637283 19.365405 5.372431 -0.194158 23.701533 -3.696120 5.719162 43.456242 1.178012 7.020673 10.566583 5.689844 -5.016964 -1.815512 -16.105870 49.351501 -2.534405 -2.202652 -28.595968 14.507776 -6.620650 30.044851
0.433251 0.847265 0.070577 1.412539 34.043147 -4.601742 6.559637 2.503014 -18.490978 -3.265780 21.960953 32.208112 4.986505 11.545850 -24.294887 -0.249567 -1.041000 0.296772 -13.976558 -4.738598 4.041071 -8.611335 -12.351158 46.996363 1.574955 -10.540339 -16.124653 -3.029436 0.877921 0.818665 -2.945521 7.392876 15.509032 -3.633351 -0.746926 3.327574 -4.208777 2.492161 -3.137153 2.955454 10.900281 16.167032 6.199255 17.617417 20.215680 -13.063573 -19.647002 0.516898 -32.296283 -18.199200 -5.477548 41.944786 -50.507395 -33.112491 -18.029596 -16.919831 -11.224535 -33.069437 -18.152277 -21.722575 -28.530639 -6.644358 -10.884674 -3.826775 -4.206650 -21.059126 -36.115008 -7.085308 -6.107878 -35.336742 -8.344426 -15.319158 -20.791002 -9.228273 -8.527080 -30.449810 1.026286 -7.210100 -40.474625 0.117229 -8.637283 -19.365405 -5.372419 -0.194158 -23.701533 3.696132 5.719162 -43.456242 -1.178000 7.020673 -10.566583 -5.689846 -5.016964 1.815512 16.105875 49.351501 2.534405 2.202657 -28.595968 -14.507776 6.620655 30.044851 0.938364 32.241344 -8.864725 71.422742 46.389001 26.827318 -70.862297 63.821748 -59.787378 13.046612 17.799851 -21.799524 33.069437 18.152275 -21.722575 28.530639 6.644356 -10.884674 3.826775 4.206655 -21.059126 36.115008 7.085306 -6.107878 35.336742 8.344431 -15.319158 20.791002 9.228278 -8.527080 30.449810 -1.026281 -7.210100 40.474625 -0.117231 -8.637283 19.365405 5.372431 -0.194158 23.701533 -3.696120 5.719162 43.456242 1.178012 7.020673 10.566583 5.689844 -5.016964 -1.815512 -16.105870 49.351501 -2.534405 -2.202652 -28.595968 14.507776 -6.620650 30.044851
0.423495 0.847508 0.065846 1.591822 27.893150 -4.768556 7.728808 3.738548 -17.714010 -2.798547 23.404144 32.150319 4.600023 11.602042 -23.689876 -0.280263 -0.985403 0.281239 -14.720038 -5.060170 3.905773 -8.864428 -12.964168 44.736940 1.417653 -11.288477 -16.715573 -3.068245 0.841516 0.896032 -2.773755 7.046873 14.874205 -4.130870 -0.571910 3.788452 -4.340210 2.234840 -3.161952 3.048686 12.171898 15.727277 5.789120 19.655757 20.940026 -13.027502 -18.860937 0.498346 -31.024440 -17.938458 -7.063404 47.729280 -51.686508 -37.163858 -16.892345 -17.487502 -9.026670 -33.069437 -18.152277 -21.722575 -28.530639 -6.644358 -10.884674 -3.826775 -4.206650 -21.059126 -36.115008 -7.085308 -6.107878 -35.336742 -8.344426 -15.319158 -20.791002 -9.228273 -8.527080 -30.449810 1.026286 -7.210100 -40.474625 0.117229 -8.637283 -19.365405 -5.372419 -0.194158 -23.701533 3.696132 5.719162 -43.456242 -1.178000 7.020673 -10.566583 -5.689846 -5.016964 1.815512 16.105875 49.351501 2.534405 2.202657 -28.595968 -14.507776 6.620655 30.044851 0.478522 32.135530 -8.997874 72.192531 46.232098 27.947799 -70.753103 65.594428 -58.769263 15.166734 19.308394 -19.132581 33.069437 18.152275 -21.722575 28.530639 6.644356 -10.884674 3.826775 4.206655 -21.059126 36.115008 7.085306 -6.107878 35.336742 8.344431 -15.319158 20.791002 9.228278 -8.527080 30.449810 -1.026281 -7.210100 40.474625 -0.117231 -8.637283 19.365405 5.372431 -0.194158 23.701533 -3.696120 5.719162 43.456242 1.178012 7.020673 10.566583 5.689844 -5.016964 -1.815512 -16.105870 49.351501 -2.534405 -2.202652 -28.595968 14.507776 -6.620650 30.044851
0.411893 0.847440 0.060609 1.661795 22.207563 -4.859966 9.013299 5.141147 -17.200332 -2.227849 24.712139 32.271319 3.971781 11.602178 -23.051504 -0.345143 -0.940337 0.279125 -15.444318 -5.224600 3.730710 -8.343279 -12.608131 41.977974 1.979592 -10.341635 -18.580660 -3.082250 0.832678 0.962510 -2.592674 6.925302 14.159996 -4.497146 -0.455810 4.269138 -4.430276 1.964392 -3.256606 3.439529 13.573146 15.320680 5.227694 21.288596 21.589692 -13.032850 -18.081749 0.327905 -29.915324 -17.671439 -8.437499 52.531726 -52.191368 -40.626249 -15.829730 -17.980846 -7.224552 -33.069437 -18.152277 -21.722575 -28.530639 -6.644358 -10.884674 -3.826775 -4.206650 -21.059126 -36.115008 -7.085308 -6.107878 -35.336742 -8.344426 -15.319158 -20.791002 -9.228273 -8.527080 -30.449810 1.026286 -7.210100 -40.474625 0.117229 -8.637283 -19.365405 -5.372419 -0.194158 -23.701533 3.696132 5.719162 -43.456242 -1.178000 7.020673 -10.566583 -5.689846 -5.016964 1.815512 16.105875 49.351501 2.534405 2.202657 -28.595968 -14.507776 6.620655 30.044851 0.200732 31.812927 -9.054541 72.739568 46.137131 28.809526 -70.960488 67.572027 -58.164935 16.123409 20.269866 -17.506748 33.069437 18.152275 -21.722575 28.530639 6.644356 -10.884674 3.826775 4.206655 -21.059126 36.115008 7.085306 -6.107878 35.336742 8.344431 -15.319158 20.791002 9.228278 -8.527080 30.449810 -1.026281 -7.210100 40.474625 -0.117231 -8.637283 19.365405 5.372431 -0.194158 23.701533 -3.696120 5.719162 43.456242 1.178012 7.020673 10.566583 5.689844 -5.016964 -1.815512 -16.105870 49.351501 -2.534405 -2.202652 -28.595968 14.507776 -6.620650 30.044851
0.398167 0.847293 0.055635 1.579818 17.040184 -4.989322 10.494082 6.578185 -16.685437 -1.780791 25.757991 32.284262 3.193069 11.749915 -22.248861 -0.420944 -0.907723 0.284248 -15.872888 -5.098215 3.414691 -7.261789 -11.552825 39.308449 2.767799 -8.315698 -21.310909 -3.072048 0.837479 1.007165 -2.415398 6.867771 13.471638 -4.717890 -0.343918 4.795408 -4.469664 1.747937 -3.432456 3.938477 15.045468 15.111194 4.614909 22.562187 21.921554 -13.140707 -17.409077 0.132705 -28.862306 -17.307929 -9.632273 56.379885 -52.195460 -43.559641 -14.869061 -18.366137 -5.875363 -33.069437 -18.152277 -21.722575 -28.530639 -6.644358 -10.884674 -3.826775 -4.206650 -21.059126 -36.115008 -7.085308 -6.107878 -35.336742 -8.344426 -15.319158 -20.791002 -9.228273 -8.527080 -30.449810 1.026286 -7.210100 -40.474625 0.117229 -8.637283 -19.365405 -5.372419 -0.194158 -23.701533 3.696132 5.719162 -43.456242 -1.178000 7.020673 -10.566583 -5.689846 -5.016964 1.815512 16.105875 49.351501 2.534405 2.202657 -28.595968 -14.507776 6.620655 30.044851 0.180500 31.442649 -8.932359 72.999771 46.118758 29.344856 -71.759456 69.536171 -58.267661 16.061448 20.690517 -16.878516 33.069437 18.152275 -21.722575 28.530639 6.644356 -10.884674 3.826775 4.206655 -21.059126 36.115008 7.085306 -6.107878 35.336742 8.344431 -15.319158 20.791002 9.228278 -8.527080 30.449810 -1.026281 -7.210100 40.474625 -0.117231 -8.637283 19.365405 5.372431 -0.194158 23.701533 -3.696120 5.719162 43.456242 1.178012 7.020673 10.566583 5.689844 -5.016964 -1.815512 -16.105870 49.351501 -2.534405 -2.202652 -28.595968 14.507776 -6.620650 30.044851
0.383042 0.847384 0.051141 1.367166 12.569600 -5.263049 12.177350 7.987082 -15.972734 -1.547074 26.570565 32.114518 2.346559 11.988958 -21.281457 -0.481756 -0.887014 0.308260 -15.978343 -4.955873 3.263707 -5.982494 -10.714918 36.743744 3.193401 -5.972704 -24.083305 -3.054344 0.850177 1.025227 -2.251278 6.661787 13.004313 -4.851851 -0.281374 5.231402 -4.429534 1.632254 -3.659805 4.336648 16.474173 15.178448 4.148164 23.550508 21.948082 -13.298566 -16.894587 0.039140 -27.948741 -16.756070 -10.760598 59.533158 -51.818932 -46.010828 -14.236016 -18.636811 -4.948510 -33.069437 -18.152277 -21.722575 -28.530639 -6.644358 -10.884674 -3.826775 -4.206650 -21.059126 -36.115008 -7.085308 -6.107878 -35.336742 -8.344426 -15.319158 -20.791002 -9.228273 -8.527080 -30.449810 1.026286 -7.210100 -40.474625 0.117229 -8.637283 -19.365405 -5.372419 -0.194158 -23.701533 3.696132 5.719162 -43.456242 -1.178000 7.020673 -10.566583 -5.689846 -5.016964 1.815512 16.105875 49.351501 2.534405 2.202657 -28.595968 -14.507776 6.620655 30.044851 0.374632 31.183511 -8.574958 72.980353 46.114373 29.456888 -73.118247 71.311487 -59.026379 15.446020 20.890122 -17.146116 33.069437 18.152275 -21.722575 28.530639 6.644356 -10.884674 3.826775 4.206655 -21.059126 36.115008 7.085306 -6.107878 35.336742 8.344431 -15.319158 20.791002 9.228278 -8.527080 30.449810 -1.026281 -7.210100 40.474625 -0.117231 -8.637283 19.365405 5.372431 -0.194158 23.701533 -3.696120 5.719162 43.456242 1.178012 7.020673 10.566583 5.689844 -5.016964 -1.815512 -16.105870 49.351501 -2.534405 -2.202652 -28.595968 14.507776 -6.620650 30.044851
0.367664 0.847722 0.046685 1.174941 8.969339 -5.627291 13.875020 9.271943 -15.131587 -1.510100 27.188315 31.766247 1.483883 12.151107 -20.197559 -0.520707 -0.871857 0.354917 -15.911819 -5.105031 3.506993 -4.721474 -10.576108 34.057010 3.109239 -3.830743 -26.337612 -3.040396 0.863516 1.019266 -2.189820 6.270820 12.764949 -4.968880 -0.367550 5.471930 -4.306657 1.571622 -3.863417 4.636059 17.760298 15.455922 3.895204 24.340871 21.875825 -13.490472 -16.475069 0.086083 -27.181277 -16.030130 -11.869209 62.062398 -51.261394 -47.929107 -13.841038 -18.844394 -4.247506 -33.069437 -18.152277 -21.722575 -28.530639 -6.644358 -10.884674 -3.826775 -4.206650 -21.059126 -36.115008 -7.085308 -6.107878 -35.336742 -8.344426 -15.319158 -20.791002 -9.228273 -8.527080 -30.449810 1.026286 -7.210100 -40.474625 0.117229 -8.637283 -19.365405 -5.372419 -0.194158 -23.701533 3.696132 5.719162 -43.456242 -1.178000 7.020673 -10.566583 -5.689846 -5.016964 1.815512 16.105875 49.351501 2.534405 2.202657 -28.595968 -14.507776 6.620655 30.044851 0.712927 30.979070 -8.080589 72.891041 46.007481 29.325574 -74.612481 72.880860 -59.973869 14.670159 21.070303 -17.908812 33.069437 18.152275 -21.722575 28.530639 6.644356 -10.884674 3.826775 4.206655 -21.059126 36.115008 7.085306 -6.107878 35.336742 8.344431 -15.319158 20.791002 9.228278 -8.527080 30.449810 -1.026281 -7.210100 40.474625 -0.117231 -8.637283 19.365405 5.372431 -0.194158 23.701533 -3.696120 5.719162 43.456242 1.178012 7.020673 10.566583 5.689844 -5.016964 -1.815512 -16.105870 49.351501 -2.534405 -2.202652 -28.595968 14.507776 -6.620650 30.044851
0.352009 0.848273 0.041703 1.058525 6.075025 -5.942803 15.507861 10.482062 -14.331716 -1.533174 27.867919 31.337468 0.699072 12.166229 -18.975319 -0.554939 -0.867438 0.398245 -15.611319 -5.398258 3.780948 -3.645993 -10.811900 31.590523 2.726069 -2.221578 -27.930850 -3.042081 0.871016 0.999448 -2.228672 5.844855 12.439832 -5.069852 -0.514441 5.765230 -4.168899 1.465174 -4.049580 4.983160 18.828396 15.774855 3.685263 25.097376 21.848191 -13.780363 -16.046359 0.250518 -26.513529 -15.263865 -12.919943 63.996632 -50.677433 -49.390040 -13.574881 -19.010914 -3.572768 -33.069437 -18.152277 -21.722575 -28.530639 -6.644358 -10.884674 -3.826775 -4.206650 -21.059126 -36.115008 -7.085308 -6.107878 -35.336742 -8.344426 -15.319158 -20.791002 -9.228273 -8.527080 -30.449810 1.026286 -7.210100 -40.474625 0.117229 -8.637283 -19.365405 -5.372419 -0.194158 -23.701533 3.696132 5.719162 -43.456242 -1.178000 7.020673 -10.566583 -5.689846 -5.016964 1.815512 16.105875 49.351501 2.534405 2.202657 -28.595968 -14.507776 6.620655 30.044851 1.115943 30.699060 -7.597130 72.940020 45.774680 29.247628 -76.029704 74.249275 -60.920725 14.032625 21.265981 -18.690413 33.069437 18.152275 -21.722575 28.530639 6.644356 -10.884674 3.826775 4.206655 -21.059126 36.115008 7.085306 -6.107878 35.336742 8.344431 -15.319158 20.791002 9.228278 -8.527080 30.449810 -1.026281 -7.210100 40.474625 -0.117231 -8.637283 19.365405 5.372431 -0.194158 23.701533 -3.696120 5.719162 43.456242 1.178012 7.020673 10.566583 5.689844 -5.016964 -1.815512 -16.105870 49.351501 -2.534405 -2.202652 -28.595968 14.507776 -6.620650 30.044851
0.336487 0.848974 0.036381 0.985519 3.558340 -6.252131 17.089944 11.732587 -13.547418 -1.522092 28.702554 30.935505 0.088096 12.184111 -17.562515 -0.594658 -0.878599 0.427370 -15.013043 -5.472188 3.673178 -2.860937 -10.789026 30.050490 2.149843 -1.092903 -28.968775 -3.056692 0.871999 0.974149 -2.234563 5.373510 12.085758 -5.180782 -0.523627 6.138043 -4.093983 1.370466 -4.260584 5.252381 19.626954 16.001241 3.534700 25.879227 21.948835 -14.182364 -15.598592 0.478922 -26.001798 -14.490257 -13.835274 65.420679 -50.139641 -50.502589 -13.369477 -19.083123 -2.935827 -33.069437 -18.152277 -21.722575 -28.530639 -6.644358 -10.884674 -3.826775 -4.206650 -21.059126 -36.115008 -7.085308 -6.107878 -35.336742 -8.344426 -15.319158 -20.791002 -9.228273 -8.527080 -30.449810 1.026286 -7.210100 -40.474625 0.117229 -8.637283 -19.365405 -5.372419 -0.194158 -23.701533 3.696132 5.719162 -43.456242 -1.178000 7.020673 -10.566583 -5.689846 -5.016964 1.815512 16.105875 49.351501 2.534405 2.202657 -28.595968 -14.507776 6.620655 30.044851 1.525388 30.374585 -7.135930 73.076488 45.455519 29.213593 -77.795267 75.430788 -62.295656 13.540998 21.288329 -19.346098 33.069437 18.152275 -21.722575 28.530639 6.644356 -10.884674 3.826775 4.206655 -21.059126 36.115008 7.085306 -6.107878 35.336742 8.344431 -15.319158 20.791002 9.228278 -8.527080 30.449810 -1.026281 -7.210100 40.474625 -0.117231 -8.637283 19.365405 5.372431 -0.194158 23.701533 -3.696120 5.719162 43.456242 1.178012 7.020673 10.566583 5.689844 -5.016964 -1.815512 -16.105870 49.351501 -2.534405 -2.202652 -28.595968 14.507776 -6.620650 30.044851
0.321348 0.849990 0.030956 0.969642 1.342449 -6.766113 18.534733 12.983195 -12.625817 -1.455699 29.355862 30.620496 -0.383073 12.204717 -15.980331 -0.617399 -0.898666 0.453621 -14.269419 -5.258970 3.326901 -2.362072 -10.256496 29.607620 1.447644 -0.227620 -29.628012 -3.066549 0.869055 0.945820 -2.187467 4.808702 12.057880 -5.314244 -0.373513 6.421111 -4.041533 1.344751 -4.501139 5.318402 20.177577 16.139395 3.492658 26.647774 22.186848 -14.668333 -15.172675 0.729585 -25.729968 -13.705674 -14.626263 66.389746 -49.653048 -51.228871 -13.280832 -19.073205 -2.414579 -33.069437 -18.152277 -21.722575 -28.530639 -6.644358 -10.884674 -3.826775 -4.206650 -21.059126 -36.115008 -7.085308 -6.107878 -35.336742 -8.344426 -15.319158 -20.791002 -9.228273 -8.527080 -30.449810 1.026286 -7.210100 -40.474625 0.117229 -8.637283 -19.365405 -5.372419 -0.194158 -23.701533 3.696132 5.719162 -43.456242 -1.178000 7.020673 -10.566583 -5.689846 -5.016964 1.815512 16.105875 49.351501 2.534405 2.202657 -28.595968 -14.507776 6.620655 30.044851 1.874067 30.081105 -6.709627 73.155786 45.017240 29.069114 -80.273813 76.480984 -64.446803 13.102050 21.179839 -20.047133 33.069437 18.152275 -21.722575 28.530639 6.644356 -10.884674 3.826775 4.206655 -21.059126 36.115008 7.085306 -6.107878 35.336742 8.344431 -15.319158 20.791002 9.228278 -8.527080 30.449810 -1.026281 -7.210100 40.474625 -0.117231 -8.637283 19.365405 5.372431 -0.194158 23.701533 -3.696120 5.719162 43.456242 1.178012 7.020673 10.566583 5.689844 -5.016964 -1.815512 -16.105870 49.351501 -2.534405 -2.202652 -28.595968 14.507776 -6.620650 30.044851
0.306860 0.851128 0.025961 1.083950 -0.420088 -7.523762 19.690756 13.955124 -11.677452 -1.367865 29.462659 30.480990 -0.791791 12.115201 -14.329798 -0.602150 -0.920195 0.493455 -13.601635 -4.945218 3.066934 -2.046149 -9.530522 29.878970 0.729275 0.415517 -30.100002 -3.054101 0.856925 0.915960 -2.197248 4.244111 12.419130 -5.432832 -0.222675 6.554813 -3.930527 1.292971 -4.727694 5.252256 20.559780 16.323710 3.460230 27.393029 22.434740 -15.199121 -14.774537 1.005222 -25.720749 -13.002786 -15.352870 67.016252 -49.163627 -51.549084 -13.332534 -18.989672 -2.047231 -33.069437 -18.152277 -21.722575 -28.530639 -6.644358 -10.884674 -3.826775 -4.206650 -21.059126 -36.115008 -7.085308 -6.107878 -35.336742 -8.344426 -15.319158 -20.791002 -9.228273 -8.527080 -30.449810 1.026286 -7.210100 -40.474625 0.117229 -8.637283 -19.365405 -5.372419 -0.194158 -23.701533 3.696132 5.719162 -43.456242 -1.178000 7.020673 -10.566583 -5.689846 -5.016964 1.815512 16.105875 49.351501 2.534405 2.202657 -28.595968 -14.507776 6.620655 30.044851 2.133523 29.775891 -6.349060 73.177144 44.442493 28.844893 -83.344967 77.471526 -67.219997 12.737971 21.159211 -21.014761 33.069437 18.152275 -21.722575 28.530639 6.644356 -10.884674 3.826775 4.206655 -21.059126 36.115008 7.085306 -6.107878 35.336742 8.344431 -15.319158 20.791002 9.228278 -8.527080 30.449810 -1.026281 -7.210100 40.474625 -0.117231 -8.637283 19.365405 5.372431 -0.194158 23.701533 -3.696120 5.719162 43.456242 1.178012 7.020673 10.566583 5.689844 -5.016964 -1.815512 -16.105870 49.351501 -2.534405 -2.202652 -28.595968 14.507776 -6.620650 30.044851
0.293545 0.852310 0.021515 1.350588 -1.737659 -8.333876 20.548230 14.384961 -10.976123 -1.384715 28.954629 30.593196 -1.171104 11.782366 -12.751876 -0.581752 -0.942577 0.534316 -13.086904 -4.564326 2.905841 -1.789387 -8.954785 30.465639 0.067289 0.777032 -30.537776 -3.031820 0.844200 0.887032 -2.283745 3.774140 12.848171 -5.513107 -0.156088 6.684378 -3.801355 1.147037 -4.918347 5.167186 20.891953 16.591283 3.350250 28.110677 22.578247 -15.685188 -14.394266 1.281402 -25.901158 -12.463167 -15.976572 67.521297 -48.618350 -51.731388 -13.417698 -18.843130 -1.801715 -33.069437 -18.152277 -21.722575 -28.530639 -6.644358 -10.884674 -3.826775 -4.206650 -21.059126 -36.115008 -7.085308 -6.107878 -35.336742 -8.344426 -15.319158 -20.791002 -9.228273 -8.527080 -30.449810 1.026286 -7.210100 -40.474625 0.117229 -8.637283 -19.365405 -5.372419 -0.194158 -23.701533 3.696132 5.719162 -43.456242 -1.178000 7.020673 -10.566583 -5.689846 -5.016964 1.815512 16.105875 49.351501 2.534405 2.202657 -28.595968 -14.507776 6.620655 30.044851 2.352226 29.441294 -6.032809 73.193707 43.838212 28.682170 -86.832297 78.373152 -70.436073 12.457258 21.196491 -22.041898 33.069437 18.152275 -21.722575 28.530639 6.644356 -10.884674 3.826775 4.206655 -21.059126 36.115008 7.085306 -6.107878 35.336742 8.344431 -15.319158 20.791002 9.228278 -8.527080 30.449810 -1.026281 -7.210100 40.474625 -0.117231 -8.637283 19.365405 5.372431 -0.194158 23.701533 -3.696120 5.719162 43.456242 1.178012 7.020673 10.566583 5.689844 -5.016964 -1.815512 -16.105870 49.351501 -2.534405 -2.202652 -28.595968 14.507776 -6.620650 30.044851
0.281063 0.853032 0.017994 1.720491 -2.722702 -9.090357 21.146648 14.138897 -10.592414 -1.704014 27.544468 30.865782 -1.614755 10.947191 -11.472029 -0.582608 -0.965199 0.557164 -12.694513 -4.131005 2.810817 -1.584046 -8.589254 31.104825 -0.464289 0.913561 -31.011012 -3.018588 0.845676 0.863777 -2.377542 3.412064 13.165155 -5.559668 -0.190560 6.929737 -3.711254 0.917789 -5.081653 5.142820 21.291157 16.854095 3.133765 28.761362 22.582135 -16.102448 -14.063364 1.497621 -26.104829 -12.044059 -16.427390 68.017783 -47.995546 -52.036848 -13.474531 -18.722250 -1.654568 -33.069437 -18.152277 -21.722575 -28.530639 -6.644358 -10.884674 -3.826775 -4.206650 -21.059126 -36.115008 -7.085308 -6.107878 -35.336742 -8.344426 -15.319158 -20.791002 -9.228273 -8.527080 -30.449810 1.026286 -7.210100 -40.474625 0.117229 -8.637283 -19.365405 -5.372419 -0.194158 -23.701533 3.696132 5.719162 -43.456242 -1.178000 7.020673 -10.566583 -5.689846 -5.016964 1.815512 16.105875 49.351501 2.534405 2.202657 -28.595968 -14.507776 6.620655 30.044851 2.541561 29.124564 -5.809055 73.211097 43.275828 28.652521 -90.641562 79.114528 -74.033042 12.248325 21.229310 -22.891697 33.069437 18.152275 -21.722575 28.530639 6.644356 -10.884674 3.826775 4.206655 -21.059126 36.115008 7.085306 -6.107878 35.336742 8.344431 -15.319158 20.791002 9.228278 -8.527080 30.449810 -1.026281 -7.210100 40.474625 -0.117231 -8.637283 19.365405 5.372431 -0.194158 23.701533 -3.696120 5.719162 43.456242 1.178012 7.020673 10.566583 5.689844 -5.016964 -1.815512 -16.105870 49.351501 -2.534405 -2.202652 -28.595968 14.507776 -6.620650 30.044851
0.269899 0.853305 0.015313 2.117814 -3.492287 -9.814716 21.500766 13.231786 -10.405076 -2.525182 24.684299 31.064096 -2.298920 9.284251 -10.773079 -0.580284 -0.993046 0.557320 -12.377659 -3.763924 2.789063 -1.468670 -8.289190 31.713456 -0.824506 0.967205 -31.515975 -2.998604 0.857007 0.849742 -2.379095 3.120552 13.446518 -5.587080 -0.317014 7.224936 -3.665628 0.682680 -5.236401 5.179516 21.771210 17.081914 2.813943 29.277260 22.502731 -16.482930 -13.851307 1.655461 -26.279240 -11.657580 -16.717166 68.495398 -47.279301 -52.443087 -13.350828 -18.702367 -1.589167 -33.069437 -18.152277 -21.722575 -28.530639 -6.644358 -10.884674 -3.826775 -4.206650 -21.059126 -36.115008 -7.085308 -6.107878 -35.336742 -8.344426 -15.319158 -20.791002 -9.228273 -8.527080 -30.449810 1.026286 -7.210100 -40.474625 0.117229 -8.637283 -19.365405 -5.372419 -0.194158 -23.701533 3.696132 5.719162 -43.456242 -1.178000 7.020673 -10.566583 -5.689846 -5.016964 1.815512 16.105875 49.351501 2.534405 2.202657 -28.595968 -14.507776 6.620655 30.044851 2.613208 28.908293 -5.737253 73.146627 42.712666 28.611020 -94.932758 79.723398 -78.125671 12.071252 21.208771 -23.553399 33.069437 18.152275 -21.722575 28.530639 6.644356 -10.884674 3.826775 4.206655 -21.059126 36.115008 7.085306 -6.107878 35.336742 8.344431 -15.319158 20.791002 9.228278 -8.527080 30.449810 -1.026281 -7.210100 40.474625 -0.117231 -8.637283 19.365405 5.372431 -0.194158 23.701533 -3.696120 5.719162 43.456242 1.178012 7.020673 10.566583 5.689844 -5.016964 -1.815512 -16.105870 49.351501 -2.534405 -2.202652 -28.595968 14.507776 -6.620650 30.044851
0.260580 0.853153 0.013387 2.517977 -4.231190 -10.545761 21.654667 11.909674 -10.161149 -3.736168 20.540430 31.060702 -3.194648 6.920405 -10.681217 -0.533497 -1.036684 0.545602 -12.082806 -3.409915 2.807924 -1.472276 -7.876510 32.340283 -1.069133 0.946667 -32.008981 -2.952409 0.858496 0.853838 -2.257931 2.836744 13.837098 -5.646642 -0.411189 7.364982 -3.633177 0.534738 -5.359342 5.177740 22.203042 17.314161 2.452991 29.726290 22.390842 -16.822104 -13.738643 1.799128 -26.494611 -11.263055 -16.913939 69.015503 -46.494393 -52.856836 -12.923626 -18.721607 -1.561682 -33.069437 -18.152277 -21.722575 -28.530639 -6.644358 -10.884674 -3.826775 -4.206650 -21.059126 -36.115008 -7.085308 -6.107878 -35.336742 -8.344426 -15.319158 -20.791002 -9.228273 -8.527080 -30.449810 1.026286 -7.210100 -40.474625 0.117229 -8.637283 -19.365405 -5.372419 -0.194158 -23.701533 3.696132 5.719162 -43.456242 -1.178000 7.020673 -10.566583 -5.689846 -5.016964 1.815512 16.105875 49.351501 2.534405 2.202657 -28.595968 -14.507776 6.620655 30.044851 2.458881 28.840319 -5.819736 73.028977 42.077595 28.501949 -100.083179 80.201921 -83.091854 11.917033 21.050516 -24.107942 33.069437 18.152275 -21.722575 28.530639 6.644356 -10.884674 3.826775 4.206655 -21.059126 36.115008 7.085306 -6.107878 35.336742 8.344431 -15.319158 20.791002 9.228278 -8.527080 30.449810 -1.026281 -7.210100 40.474625 -0.117231 -8.637283 19.365405 5.372431 -0.194158 23.701533 -3.696120 5.719162 43.456242 1.178012 7.020673 10.566583 5.689844 -5.016964 -1.815512 -16.105870 49.351501 -2.534405 -2.202652 -28.595968 14.507776 -6.620650 30.044851
0.252804 0.852760 0.012426 2.959017 -5.044400 -11.263087 21.619080 10.529402 -9.666632 -4.778340 16.380845 30.887802 -3.871580 4.873800 -10.891128 -0.446510 -1.075431 0.536171 -11.832678 -2.976375 2.813539 -1.604557 -7.322507 33.010195 -1.244462 0.854405 -32.456014 -2.892393 0.843558 0.876065 -2.077577 2.540437 14.331538 -5.772604 -0.365665 7.281562 -3.590322 0.481346 -5.424368 5.124986 22.498304 17.535963 2.119099 30.200428 22.337154 -17.116212 -13.597210 1.903428 -26.744854 -10.881793 -17.050691 69.565511 -45.758986 -53.228914 -12.338363 -18.720815 -1.642455 -33.069437 -18.152277 -21.722575 -28.530639 -6.644358 -10.884674 -3.826775 -4.206650 -21.059126 -36.115008 -7.085308 -6.107878 -35.336742 -8.344426 -15.319158 -20.791002 -9.228273 -8.527080 -30.449810 1.026286 -7.210100 -40.474625 0.117229 -8.637283 -19.365405 -5.372419 -0.194158 -23.701533 3.696132 5.719162 -43.456242 -1.178000 7.020673 -10.566583 -5.689846 -5.016964 1.815512 16.105875 49.351501 2.534405 2.202657 -28.595968 -14.507776 6.620655 30.044851 2.167130 28.834650 -5.979720 72.954972 41.431937 28.471044 -105.684343 80.575000 -88.536812 11.869359 20.903448 -24.638979 33.069437 18.152275 -21.722575 28.530639 6.644356 -10.884674 3.826775 4.206655 -21.059126 36.115008 7.085306 -6.107878 35.336742 8.344431 -15.319158 20.791002 9.228278 -8.527080 30.449810 -1.026281 -7.210100 40.474625 -0.117231 -8.637283 19.365405 5.372431 -0.194158 23.701533 -3.696120 5.719162 43.456242 1.178012 7.020673 10.566583 5.689844 -5.016964 -1.815512 -16.105870 49.351501 -2.534405 -2.202652 -28.595968 14.507776 -6.620650 30.044851
0.246651 0.852043 0.012017 3.428964 -5.859050 -11.880925 21.443737 9.295391 -8.979783 -5.267881 13.261614 30.590785 -4.123905 3.859230 -11.159417 -0.351364 -1.089802 0.535072 -11.704787 -2.530303 2.743563 -1.768549 -6.782068 33.687716 -1.346471 0.799237 -32.857882 -2.842760 0.820991 0.906049 -1.864719 2.256909 14.749606 -5.923558 -0.235065 7.105868 -3.550219 0.472645 -5.447001 5.109696 22.681859 17.704364 1.830070 30.627916 22.447215 -17.366429 -13.363857 1.943900 -27.000913 -10.556062 -17.125487 70.030093 -45.156352 -53.566008 -11.834160 -18.710187 -1.830013 -33.069437 -18.152277 -21.722575 -28.530639 -6.644358 -10.884674 -3.826775 -4.206650 -21.059126 -36.115008 -7.085308 -6.107878 -35.336742 -8.344426 -15.319158 -20.791002 -9.228273 -8.527080 -30.449810 1.026286 -7.210100 -40.474625 0.117229 -8.637283 -19.365405 -5.372419 -0.194158 -23.701533 3.696132 5.719162 -43.456242 -1.178000 7.020673 -10.566583 -5.689846 -5.016964 1.815512 16.105875 49.351501 2.534405 2.202657 -28.595968 -14.507776 6.620655 30.044851 1.899512 28.786593 -6.139251 72.899333 40.896272 28.550795 -111.205165 80.908463 -93.940072 11.937822 20.930748 -25.171262 33.069437 18.152275 -21.722575 28.530639 6.644356 -10.884674 3.826775 4.206655 -21.059126 36.115008 7.085306 -6.107878 35.336742 8.344431 -15.319158 20.791002 9.228278 -8.527080 30.449810 -1.026281 -7.210100 40.474625 -0.117231 -8.637283 19.365405 5.372431 -0.194158 23.701533 -3.696120 5.719162 43.456242 1.178012 7.020673 10.566583 5.689844 -5.016964 -1.815512 -16.105870 49.351501 -2.534405 -2.202652 -28.595968 14.507776 -6.620650 30.044851
0.241817 0.850955 0.011422 3.847609 -6.602414 -12.325618 21.302872 8.302589 -8.252054 -5.473357 11.045450 30.165414 -4.294859 3.374089 -11.423467 -0.284461 -1.095348 0.531733 -11.714558 -2.163439 2.534576 -1.835970 -6.387713 34.390023 -1.400903 0.867512 -33.232422 -2.815206 0.797482 0.940284 -1.599026 1.971386 14.929644 -6.050811 -0.115093 6.954284 -3.539224 0.503633 -5.450086 5.155791 22.844178 17.850710 1.600294 30.916096 22.648467 -17.540462 -13.079099 1.922649 -27.241279 -10.248580 -17.157826 70.347602 -44.686305 -53.877598 -11.504900 -18.669794 -1.995167 -33.069437 -18.152277 -21.722575 -28.530639 -6.644358 -10.884674 -3.826775 -4.206650 -21.059126 -36.115008 -7.085308 -6.107878 -35.336742 -8.344426 -15.319158 -20.791002 -9.228273 -8.527080 -30.449810 1.026286 -7.210100 -40.474625 0.117229 -8.637283 -19.365405 -5.372419 -0.194158 -23.701533 3.696132 5.719162 -43.456242 -1.178000 7.020673 -10.566583 -5.689846 -5.016964 1.815512 16.105875 49.351501 2.534405 2.202657 -28.595968 -14.507776 6.620655 30.044851 1.700255 28.700710 -6.268182 72.846809 40.484781 28.660369 -116.846218 81.174198 -99.491541 12.028479 20.981230 -25.620548 33.069437 18.152275 -21.722575 28.530639 6.644356 -10.884674 3.826775 4.206655 -21.059126 36.115008 7.085306 -6.107878 35.336742 8.344431 -15.319158 20.791002 9.228278 -8.527080 30.449810 -1.026281 -7.210100 40.474625 -0.117231 -8.637283 19.365405 5.372431 -0.194158 23.701533 -3.696120 5.719162 43.456242 1.178012 7.020673 10.566583 5.689844 -5.016964 -1.815512 -16.105870 49.351501 -2.534405 -2.202652 -28.595968 14.507776 -6.620650 30.044851
0.237962 0.849342 0.011322 4.172149 -7.233127 -12.621510 21.281741 7.538755 -7.532686 -5.832503 8.999139 29.569832 -4.651250 2.628211 -11.788890 -0.248157 -1.112212 0.511149 -11.842614 -1.918755 2.204601 -1.779736 -6.144948 35.163535 -1.436594 1.044618 -33.621900 -2.801430 0.778439 0.981295 -1.300440 1.671603 14.872522 -6.132931 -0.048369 6.890369 -3.539319 0.551827 -5.439245 5.260032 23.059158 18.003212 1.387717 31.038643 22.790320 -17.648936 -12.809539 1.892694 -27.382490 -9.889715 -17.210996 70.543143 -44.303521 -54.147551 -11.282475 -18.636428 -2.036297 -33.069437 -18.152277 -21.722575 -28.530639 -6.644358 -10.884674 -3.826775 -4.206650 -21.059126 -36.115008 -7.085308 -6.107878 -35.336742 -8.344426 -15.319158 -20.791002 -9.228273 -8.527080 -30.449810 1.026286 -7.210100 -40.474625 0.117229 -8.637283 -19.365405 -5.372419 -0.194158 -23.701533 3.696132 5.719162 -43.456242 -1.178000 7.020673 -10.566583 -5.689846 -5.016964 1.815512 16.105875 49.351501 2.534405 2.202657 -28.595968 -14.507776 6.620655 30.044851 1.547234 28.627600 -6.377587 72.809803 40.167614 28.748294 -122.544877 81.313917 -105.113271 12.031453 20.940891 -25.947390 33.069437 18.152275 -21.722575 28.530639 6.644356 -10.884674 3.826775 4.206655 -21.059126 36.115008 7.085306 -6.107878 35.336742 8.344431 -15.319158 20.791002 9.228278 -8.527080 30.449810 -1.026281 -7.210100 40.474625 -0.117231 -8.637283 19.365405 5.372431 -0.194158 23.701533 -3.696120 5.719162 43.456242 1.178012 7.020673 10.566583 5.689844 -5.016964 -1.815512 -16.105870 49.351501 -2.534405 -2.202652 -28.595968 14.507776 -6.620650 30.044851
0.234730 0.847069 0.011746 4.407984 -7.729299 -12.839579 21.371322 6.979363 -6.814068 -6.485364 6.827842 28.857573 -5.131842 1.360043 -12.392996 -0.207633 -1.146506 0.478870 -12.074536 -1.786071 1.795504 -1.621151 -6.002265 36.076765 -1.467048 1.250351 -34.086339 -2.786385 0.765899 1.026143 -1.025022 1.368069 14.688209 -6.150514 -0.016369 6.912484 -3.507464 0.566505 -5.422777 5.440801 23.301398 18.168611 1.128938 31.049284 22.817610 -17.757075 -12.583822 1.949632 -27.385381 -9.469058 -17.332814 70.708960 -43.941780 -54.340886 -10.993329 -18.679260 -2.008757 -33.069437 -18.152277 -21.722575 -28.530639 -6.644358 -10.884674 -3.826775 -4.206650 -21.059126 -36.115008 -7.085308 -6.107878 -35.336742 -8.344426 -15.319158 -20.791002 -9.228273 -8.527080 -30.449810 1.026286 -7.210100 -40.474625 0.117229 -8.637283 -19.365405 -5.372419 -0.194158 -23.701533 3.696132 5.719162 -43.456242 -1.178000 7.020673 -10.566583 -5.689846 -5.016964 1.815512 16.105875 49.351501 2.534405 2.202657 -28.595968 -14.507776 6.620655 30.044851 1.456178 28.576920 -6.462180 72.744561 39.945920 28.810298 -127.858942 81.376235 -110.355790 11.917925 20.959517 -26.303540 33.069437 18.152275 -21.722575 28.530639 6.644356 -10.884674 3.826775 4.206655 -21.059126 36.115008 7.085306 -6.107878 35.336742 8.344431 -15.319158 20.791002 9.228278 -8.527080 30.449810 -1.026281 -7.210100 40.474625 -0.117231 -8.637283 19.365405 5.372431 -0.194158 23.701533 -3.696120 5.719162 43.456242 1.178012 7.020673 10.566583 5.689844 -5.016964 -1.815512 -16.105870 49.351501 -2.534405 -2.202652 -28.595968 14.507776 -6.620650 30.044851
0.231944 0.844000 0.012951 4.596209 -8.107350 -13.031453 21.539468 6.688875 -6.099928 -7.227431 4.984456 28.202146 -5.626973 0.016374 -13.170082 -0.162676 -1.189058 0.446946 -12.424129 -1.694868 1.325590 -1.409247 -5.966222 37.185715 -1.481523 1.486866 -34.656919 -2.762509 0.755018 1.070891 -0.834930 1.065198 14.483288 -6.093245 0.002905 6.970579 -3.444720 0.565351 -5.429432 5.779080 23.553486 18.370617 0.796743 30.947624 22.804238 -17.853894 -12.381676 2.075710 -27.312403 -9.022582 -17.490270 70.859961 -43.577219 -54.443072 -10.549794 -18.802026 -2.031964 -33.069437 -18.152277 -21.722575 -28.530639 -6.644358 -10.884674 -3.826775 -4.206650 -21.059126 -36.115008 -7.085308 -6.107878 -35.336742 -8.344426 -15.319158 -20.791002 -9.228273 -8.527080 -30.449810 1.026286 -7.210100 -40.474625 0.117229 -8.637283 -19.365405 -5.372419 -0.194158 -23.701533 3.696132 5.719162 -43.456242 -1.178000 7.020673 -10.566583 -5.689846 -5.016964 1.815512 16.105875 49.351501 2.534405 2.202657 -28.595968 -14.507776 6.620655 30.044851 1.477724 28.492526 -6.533727 72.695479 39.798347 28.909995 -132.558986 81.439988 -114.938820 11.726007 21.057981 -26.740932 33.069437 18.152275 -21.722575 28.530639 6.644356 -10.884674 3.826775 4.206655 -21.059126 36.115008 7.085306 -6.107878 35.336742 8.344431 -15.319158 20.791002 9.228278 -8.527080 30.449810 -1.026281 -7.210100 40.474625 -0.117231 -8.637283 19.365405 5.372431 -0.194158 23.701533 -3.696120 5.719162 43.456242 1.178012 7.020673 10.566583 5.689844 -5.016964 -1.815512 -16.105870 49.351501 -2.534405 -2.202652 -28.595968 14.507776 -6.620650 30.044851
0.230460 0.840261 0.015164 4.758802 -8.394956 -13.230239 21.785848 6.820520 -5.393312 -7.710021 4.250614 27.762427 -6.081950 -0.779397 -13.986313 -0.136415 -1.229773 0.413588 -12.874681 -1.618541 0.817274 -1.206292 -6.004321 38.498122 -1.494152 1.766658 -35.343251 -2.733880 0.746863 1.110613 -0.718191 0.760155 14.295893 -5.990309 0.026592 7.040975 -3.370407 0.575453 -5.480456 6.225917 23.777278 18.585858 0.459704 30.772074 22.843327 -17.895318 -12.184413 2.189737 -27.218352 -8.582171 -17.694326 70.883369 -43.246880 -54.472323 -10.123402 -18.922442 -2.147052 -33.069437 -18.152277 -21.722575 -28.530639 -6.644358 -10.884674 -3.826775 -4.206650 -21.059126 -36.115008 -7.085308 -6.107878 -35.336742 -8.344426 -15.319158 -20.791002 -9.228273 -8.527080 -30.449810 1.026286 -7.210100 -40.474625 0.117229 -8.637283 -19.365405 -5.372419 -0.194158 -23.701533 3.696132 5.719162 -43.456242 -1.178000 7.020673 -10.566583 -5.689846 -5.016964 1.815512 16.105875 49.351501 2.534405 2.202657 -28.595968 -14.507776 6.620655 30.044851 1.617476 28.368790 -6.578404 72.708832 39.724062 29.056321 -136.710252 81.488442 -118.975256 11.531781 21.155858 -27.179423 33.069437 18.152275 -21.722575 28.530639 6.644356 -10.884674 3.826775 4.206655 -21.059126 36.115008 7.085306 -6.107878 35.336742 8.344431 -15.319158 20.791002 9.228278 -8.527080 30.449810 -1.026281 -7.210100 40.474625 -0.117231 -8.637283 19.365405 5.372431 -0.194158 23.701533 -3.696120 5.719162 43.456242 1.178012 7.020673 10.566583 5.689844 -5.016964 -1.815512 -16.105870 49.351501 -2.534405 -2.202652 -28.595968 14.507776 -6.620650 30.044851
0.229949 0.835876 0.017157 4.875039 -8.587403 -13.469381 22.141038 7.450578 -4.681425 -7.882935 4.733194 27.569657 -6.435769 -0.994487 -14.870620 -0.126359 -1.271307 0.373561 -13.388318 -1.600707 0.328304 -1.023996 -6.041307 39.970472 -1.527427 2.061306 -36.125082 -2.710326 0.745784 1.143242 -0.609877 0.419540 14.140365 -5.888362 0.060258 7.128905 -3.286997 0.600629 -5.575967 6.589445 23.900330 18.759890 0.231459 30.668132 22.951515 -17.922386 -12.046026 2.292250 -27.071161 -8.084141 -18.005632 70.720749 -42.972136 -54.498175 -9.793071 -18.976353 -2.225551 -33.069437 -18.152277 -21.722575 -28.530639 -6.644358 -10.884674 -3.826775 -4.206650 -21.059126 -36.115008 -7.085308 -6.107878 -35.336742 -8.344426 -15.319158 -20.791002 -9.228273 -8.527080 -30.449810 1.026286 -7.210100 -40.474625 0.117229 -8.637283 -19.365405 -5.372419 -0.194158 -23.701533 3.696132 5.719162 -43.456242 -1.178000 7.020673 -10.566583 -5.689846 -5.016964 1.815512 16.105875 49.351501 2.534405 2.202657 -28.595968 -14.507776 6.620655 30.044851 1.791595 28.334639 -6.558044 72.729466 39.722791 29.152962 -140.057660 81.444510 -122.372388 11.344103 21.207658 -27.484688 33.069437 18.152275 -21.722575 28.530639 6.644356 -10.884674 3.826775 4.206655 -21.059126 36.115008 7.085306 -6.107878 35.336742 8.344431 -15.319158 20.791002 9.228278 -8.527080 30.449810 -1.026281 -7.210100 40.474625 -0.117231 -8.637283 19.365405 5.372431 -0.194158 23.701533 -3.696120 5.719162 43.456242 1.178012 7.020673 10.566583 5.689844 -5.016964 -1.815512 -16.105870 49.351501 -2.534405 -2.202652 -28.595968 14.507776 -6.620650 30.044851
0.230948 0.830854 0.018931 4.916643 -8.662583 -13.750519 22.617869 8.411893 -4.002465 -8.076180 5.660576 27.598476 -6.676828 -1.084420 -15.957470 -0.121591 -1.317507 0.327344 -13.952012 -1.675743 -0.093707 -0.815190 -6.080806 41.520853 -1.551459 2.381403 -36.958516 -2.690768 0.753236 1.168922 -0.466536 0.045471 14.037555 -5.784631 0.072922 7.233824 -3.204680 0.632840 -5.700252 6.852033 23.943859 18.904304 0.088856 30.657641 23.081070 -17.996746 -12.013747 2.410754 -26.825252 -7.492858 -18.407676 70.378221 -42.728828 -54.494835 -9.525054 -19.028235 -2.189674 -33.069437 -18.152277 -21.722575 -28.530639 -6.644358 -10.884674 -3.826775 -4.206650 -21.059126 -36.115008 -7.085308 -6.107878 -35.336742 -8.344426 -15.319158 -20.791002 -9.228273 -8.527080 -30.449810 1.026286 -7.210100 -40.474625 0.117229 -8.637283 -19.365405 -5.372419 -0.194158 -23.701533 3.696132 5.719162 -43.456242 -1.178000 7.020673 -10.566583 -5.689846 -5.016964 1.815512 16.105875 49.351501 2.534405 2.202657 -28.595968 -14.507776 6.620655 30.044851 1.940142 28.435849 -6.504559 72.727608 39.768936 29.169286 -142.591223 81.325269 -125.108725 11.108513 21.206579 -27.632268 33.069437 18.152275 -21.722575 28.530639 6.644356 -10.884674 3.826775 4.206655 -21.059126 36.115008 7.085306 -6.107878 35.336742 8.344431 -15.319158 20.791002 9.228278 -8.527080 30.449810 -1.026281 -7.210100 40.474625 -0.117231 -8.637283 19.365405 5.372431 -0.194158 23.701533 -3.696120 5.719162 43.456242 1.178012 7.020673 10.566583 5.689844 -5.016964 -1.815512 -16.105870 49.351501 -2.534405 -2.202652 -28.595968 14.507776 -6.620650 30.044851
0.232992 0.825278 0.020105 4.861366 -8.644121 -14.054986 23.219192 9.414018 -3.418141 -8.514661 6.401584 27.848645 -6.753671 -1.353256 -17.324375 -0.119241 -1.370878 0.278841 -14.532261 -1.827080 -0.437325 -0.539459 -6.145569 43.069295 -1.537313 2.729380 -37.804544 -2.668551 0.767244 1.196926 -0.282228 -0.274236 13.985241 -5.637001 0.062806 7.340156 -3.119071 0.623961 -5.803425 7.107647 23.934474 19.035041 -0.071417 30.669362 23.208262 -18.126151 -12.036013 2.541818 -26.486622 -6.919696 -18.856235 69.839886 -42.502018 -54.324808 -9.381866 -19.129841 -2.070386 -33.069437 -18.152277 -21.722575 -28.530639 -6.644358 -10.884674 -3.826775 -4.206650 -21.059126 -36.115008 -7.085308 -6.107878 -35.336742 -8.344426 -15.319158 -20.791002 -9.228273 -8.527080 -30.449810 1.026286 -7.210100 -40.474625 0.117229 -8.637283 -19.365405 -5.372419 -0.194158 -23.701533 3.696132 5.719162 -43.456242 -1.178000 7.020673 -10.566583 -5.689846 -5.016964 1.815512 16.105875 49.351501 2.534405 2.202657 -28.595968 -14.507776 6.620655 30.044851 2.048307 28.565855 -6.471100 72.717035 39.862933 29.158303 -144.752445 81.195905 -127.487530 10.884458 21.278234 -27.832387 33.069437 18.152275 -21.722575 28.530639 6.644356 -10.884674 3.826775 4.206655 -21.059126 36.115008 7.085306 -6.107878 35.336742 8.344431 -15.319158 20.791002 9.228278 -8.527080 30.449810 -1.026281 -7.210100 40.474625 -0.117231 -8.637283 19.365405 5.372431 -0.194158 23.701533 -3.696120 5.719162 43.456242 1.178012 7.020673 10.566583 5.689844 -5.016964 -1.815512 -16.105870 49.351501 -2.534405 -2.202652 -28.595968 14.507776 -6.620650 30.044851
0.235569 0.819528 0.021444 4.737220 -8.593953 -14.360749 23.849351 10.220404 -2.991115 -9.110796 6.830677 28.342830 -6.529637 -1.739640 -18.917087 -0.125094 -1.424597 0.225183 -15.120260 -1.993313 -0.731636 -0.191515 -6.221596 44.574484 -1.499621 3.054190 -38.627042 -2.651079 0.783480 1.231529 -0.086048 -0.486730 13.945788 -5.447467 0.054583 7.450759 -3.039651 0.573800 -5.854427 7.414814 23.885126 19.155870 -0.283057 30.651508 23.351710 -18.263530 -12.059065 2.677085 -26.065013 -6.440121 -19.300837 69.163008 -42.250004 -54.043274 -9.392729 -19.202016 -1.810800 -33.069437 -18.152277 -21.722575 -28.530639 -6.644358 -10.884674 -3.826775 -4.206650 -21.059126 -36.115008 -7.085308 -6.107878 -35.336742 -8.344426 -15.319158 -20.791002 -9.228273 -8.527080 -30.449810 1.026286 -7.210100 -40.474625 0.117229 -8.637283 -19.365405 -5.372419 -0.194158 -23.701533 3.696132 5.719162 -43.456242 -1.178000 7.020673 -10.566583 -5.689846 -5.016964 1.815512 16.105875 49.351501 2.534405 2.202657 -28.595968 -14.507776 6.620655 30.044851 2.121340 28.673048 -6.471747 72.727117 39.991382 29.187925 -146.686755 81.030095 -129.642700 10.829041 21.451270 -28.137004 33.069437 18.152275 -21.722575 28.530639 6.644356 -10.884674 3.826775 4.206655 -21.059126 36.115008 7.085306 -6.107878 35.336742 8.344431 -15.319158 20.791002 9.228278 -8.527080 30.449810 -1.026281 -7.210100 40.474625 -0.117231 -8.637283 19.365405 5.372431 -0.194158 23.701533 -3.696120 5.719162 43.456242 1.178012 7.020673 10.566583 5.689844 -5.016964 -1.815512 -16.105870 49.351501 -2.534405 -2.202652 -28.595968 14.507776 -6.620650 30.044851
0.238489 0.814039 0.023506 4.626078 -8.562343 -14.660658 24.338112 10.754921 -2.810195 -9.681609 7.017735 29.159983 -6.089495 -2.028263 -20.548928 -0.134796 -1.463652 0.172947 -15.730610 -2.124582 -1.003777 0.167107 -6.279544 46.000829 -1.461150 3.312371 -39.364149 -2.638903 0.798103 1.263802 0.075286 -0.573959 13.930789 -5.262063 0.036025 7.538359 -2.997490 0.517266 -5.875978 7.782044 23.845429 19.341238 -0.512225 30.572455 23.495344 -18.388264 -12.097717 2.836098 -25.547090 -5.991952 -19.710147 68.432335 -41.968921 -53.749883 -9.393913 -19.234473 -1.503531 -33.069437 -18.152277 -21.722575 -28.530639 -6.644358 -10.884674 -3.826775 -4.206650 -21.059126 -36.115008 -7.085308 -6.107878 -35.336742 -8.344426 -15.319158 -20.791002 -9.228273 -8.527080 -30.449810 1.026286 -7.210100 -40.474625 0.117229 -8.637283 -19.365405 -5.372419 -0.194158 -23.701533 3.696132 5.719162 -43.456242 -1.178000 7.020673 -10.566583 -5.689846 -5.016964 1.815512 16.105875 49.351501 2.534405 2.202657 -28.595968 -14.507776 6.620655 30.044851 2.207571 28.787631 -6.477306 72.758481 40.122972 29.269266 -148.580616 80.837429 -131.729747 10.774249 21.511499 -28.364775 33.069437 18.152275 -21.722575 28.530639 6.644356 -10.884674 3.826775 4.206655 -21.059126 36.115008 7.085306 -6.107878 35.336742 8.344431 -15.319158 20.791002 9.228278 -8.527080 30.449810 -1.026281 -7.210100 40.474625 -0.117231 -8.637283 19.365405 5.372431 -0.194158 23.701533 -3.696120 5.719162 43.456242 1.178012 7.020673 10.566583 5.689844 -5.016964 -1.815512 -16.105870 49.351501 -2.534405 -2.202652 -28.595968 14.507776 -6.620650 30.044851
0.241667 0.809242 0.025570 4.575940 -8.557371 -14.954820 24.623745 11.059561 -2.904546 -10.140869 7.119396 30.332638 -5.641746 -2.182735 -21.969396 -0.137500 -1.484860 0.140245 -16.329278 -2.211975 -1.242790 0.444874 -6.291380 47.269854 -1.431121 3.488658 -39.955609 -2.618487 0.808410 1.283416 0.166026 -0.533661 14.017869 -5.114306 -0.001753 7.522668 -2.988292 0.457516 -5.907533 8.121979 23.807399 19.654347 -0.710881 30.461601 23.588991 -18.532678 -12.159783 3.042865 -24.972230 -5.531324 -20.075391 67.656637 -41.692838 -53.411362 -9.308573 -19.266807 -1.324110 -33.069437 -18.152277 -21.722575 -28.530639 -6.644358 -10.884674 -3.826775 -4.206650 -21.059126 -36.115008 -7.085308 -6.107878 -35.336742 -8.344426 -15.319158 -20.791002 -9.228273 -8.527080 -30.449810 1.026286 -7.210100 -40.474625 0.117229 -8.637283 -19.365405 -5.372419 -0.194158 -23.701533 3.696132 5.719162 -43.456242 -1.178000 7.020673 -10.566583 -5.689846 -5.016964 1.815512 16.105875 49.351501 2.534405 2.202657 -28.595968 -14.507776 6.620655 30.044851 2.331210 28.908266 -6.428911 72.801559 40.203309 29.391076 -150.667034 80.681182 -133.886461 10.586055 21.428130 -28.502933 33.069437 18.152275 -21.722575 28.530639 6.644356 -10.884674 3.826775 4.206655 -21.059126 36.115008 7.085306 -6.107878 35.336742 8.344431 -15.319158 20.791002 9.228278 -8.527080 30.449810 -1.026281 -7.210100 40.474625 -0.117231 -8.637283 19.365405 5.372431 -0.194158 23.701533 -3.696120 5.719162 43.456242 1.178012 7.020673 10.566583 5.689844 -5.016964 -1.815512 -16.105870 49.351501 -2.534405 -2.202652 -28.595968 14.507776 -6.620650 30.044851
0.245020 0.805377 0.027906 4.538431 -8.519798 -15.208763 24.778828 11.199566 -3.216097 -10.494230 7.231090 31.696435 -5.255848 -2.295699 -23.103275 -0.137258 -1.493425 0.129190 -16.843597 -2.305200 -1.412142 0.620519 -6.274148 48.298265 -1.404046 3.599109 -40.398916 -2.590306 0.814919 1.288126 0.195501 -0.397842 14.176256 -4.981280 -0.060035 7.413440 -2.975612 0.382042 -5.946521 8.340880 23.720143 20.056301 -0.863769 30.360337 23.582068 -18.694935 -12.224069 3.276021 -24.444733 -5.132215 -20.384356 66.802836 -41.438571 -52.971758 -9.201808 -19.308041 -1.286882 -33.069437 -18.152277 -21.722575 -28.530639 -6.644358 -10.884674 -3.826775 -4.206650 -21.059126 -36.115008 -7.085308 -6.107878 -35.336742 -8.344426 -15.319158 -20.791002 -9.228273 -8.527080 -30.449810 1.026286 -7.210100 -40.474625 0.117229 -8.637283 -19.365405 -5.372419 -0.194158 -23.701533 3.696132 5.719162 -43.456242 -1.178000 7.020673 -10.566583 -5.689846 -5.016964 1.815512 16.105875 49.351501 2.534405 2.202657 -28.595968 -14.507776 6.620655 30.044851 2.455503 28.978876 -6.330029 72.854759 40.187736 29.543939 -152.997002 80.563839 -136.155586 10.456600 21.400809 -28.696428 33.069437 18.152275 -21.722575 28.530639 6.644356 -10.884674 3.826775 4.206655 -21.059126 36.115008 7.085306 -6.107878 35.336742 8.344431 -15.319158 20.791002 9.228278 -8.527080 30.449810 -1.026281 -7.210100 40.474625 -0.117231 -8.637283 19.365405 5.372431 -0.194158 23.701533 -3.696120 5.719162 43.456242 1.178012 7.020673 10.566583 5.689844 -5.016964 -1.815512 -16.105870 49.351501 -2.534405 -2.202652 -28.595968 14.507776 -6.620650 30.044851
0.248418 0.802519 0.029815 4.445721 -8.366201 -15.399334 24.894496 11.240411 -3.635851 -10.788144 7.303899 32.981443 -4.913490 -2.413172 -23.995812 -0.142038 -1.493493 0.127673 -17.245862 -2.457930 -1.444559 0.763125 -6.278055 49.008841 -1.380663 3.626526 -40.717934 -2.569177 0.820301 1.285826 0.189113 -0.242934 14.316257 -4.831264 -0.155425 7.296182 -2.938608 0.279521 -5.963146 8.394654 23.563568 20.427313 -0.964616 30.299849 23.450225 -18.848614 -12.260310 3.496970 -23.999734 -4.842574 -20.620775 65.922705 -41.232402 -52.462625 -9.109422 -19.327869 -1.298276 -33.069437 -18.152277 -21.722575 -28.530639 -6.644358 -10.884674 -3.826775 -4.206650 -21.059126 -36.115008 -7.085308 -6.107878 -35.336742 -8.344426 -15.319158 -20.791002 -9.228273 -8.527080 -30.449810 1.026286 -7.210100 -40.474625 0.117229 -8.637283 -19.365405 -5.372419 -0.194158 -23.701533 3.696132 5.719162 -43.456242 -1.178000 7.020673 -10.566583 -5.689846 -5.016964 1.815512 16.105875 49.351501 2.534405 2.202657 -28.595968 -14.507776 6.620655 30.044851 2.545709 28.984832 -6.239750 72.916559 40.103793 29.718194 -155.392213 80.454706 -138.472851 10.611674 21.532672 -28.953438 33.069437 18.152275 -21.722575 28.530639 6.644356 -10.884674 3.826775 4.206655 -21.059126 36.115008 7.085306 -6.107878 35.336742 8.344431 -15.319158 20.791002 9.228278 -8.527080 30.449810 -1.026281 -7.210100 40.474625 -0.117231 -8.637283 19.365405 5.372431 -0.194158 23.701533 -3.696120 5.719162 43.456242 1.178012 7.020673 10.566583 5.689844 -5.016964 -1.815512 -16.105870 49.351501 -2.534405 -2.202652 -28.595968 14.507776 -6.620650 30.044851
0.251660 0.800427 0.030955 4.318437 -8.119938 -15.545698 24.978338 11.248504 -4.030032 -11.059614 7.275493 34.021633 -4.630016 -2.528581 -24.670061 -0.145917 -1.488999 0.125652 -17.554676 -2.622633 -1.344184 0.909580 -6.273936 49.399958 -1.346222 3.566317 -40.916153 -2.563596 0.825130 1.282768 0.142007 -0.106863 14.410528 -4.690727 -0.276668 7.225076 -2.888535 0.164152 -5.935264 8.363418 23.422108 20.696978 -1.028640 30.264987 23.229969 -18.957405 -12.277864 3.681576 -23.592238 -4.589338 -20.803230 65.113587 -41.075601 -51.957030 -9.079661 -19.348995 -1.275176 -33.069437 -18.152277 -21.722575 -28.530639 -6.644358 -10.884674 -3.826775 -4.206650 -21.059126 -36.115008 -7.085308 -6.107878 -35.336742 -8.344426 -15.319158 -20.791002 -9.228273 -8.527080 -30.449810 1.026286 -7.210100 -40.474625 0.117229 -8.637283 -19.365405 -5.372419 -0.194158 -23.701533 3.696132 5.719162 -43.456242 -1.178000 7.020673 -10.566583 -5.689846 -5.016964 1.815512 16.105875 49.351501 2.534405 2.202657 -28.595968 -14.507776 6.620655 30.044851 2.613069 28.973836 -6.166679 72.960224 40.052102 29.884980 -157.506485 80.386760 -140.549693 10.814415 21.679781 -29.113886 33.069437 18.152275 -21.722575 28.530639 6.644356 -10.884674 3.826775 4.206655 -21.059126 36.115008 7.085306 -6.107878 35.336742 8.344431 -15.319158 20.791002 9.228278 -8.527080 30.449810 -1.026281 -7.210100 40.474625 -0.117231 -8.637283 19.365405 5.372431 -0.194158 23.701533 -3.696120 5.719162 43.456242 1.178012 7.020673 10.566583 5.689844 -5.016964 -1.815512 -16.105870 49.351501 -2.534405 -2.202652 -28.595968 14.507776 -6.620650 30.044851
0.254957 0.799103 0.031273 4.198140 -7.912847 -15.642856 25.026868 11.283304 -4.320075 -11.293766 7.206959 34.775270 -4.430506 -2.636744 -25.146421 -0.142766 -1.487606 0.124956 -17.759602 -2.729751 -1.223947 1.012827 -6.206652 49.577857 -1.288201 3.492237 -40.987883 -2.566110 0.830007 1.276354 0.058698 0.032603 14.477959 -4.594715 -0.368459 7.173947 -2.841785 0.088973 -5.898903 8.346587 23.363300 20.901079 -1.054730 30.213611 23.000245 -18.997391 -12.310587 3.839741 -23.230739 -4.306992 -20.958038 64.390099 -40.944779 -51.436918 -9.156722 -19.415896 -1.274719 -33.069437 -18.152277 -21.722575 -28.530639 -6.644358 -10.884674 -3.826775 -4.206650 -21.059126 -36.115008 -7.085308 -6.107878 -35.336742 -8.344426 -15.319158 -20.791002 -9.228273 -8.527080 -30.449810 1.026286 -7.210100 -40.474625 0.117229 -8.637283 -19.365405 -5.372419 -0.194158 -23.701533 3.696132 5.719162 -43.456242 -1.178000 7.020673 -10.566583 -5.689846 -5.016964 1.815512 16.105875 49.351501 2.534405 2.202657 -28.595968 -14.507776 6.620655 30.044851 2.681637 29.005022 -6.058771 72.891014 40.068604 29.961380 -159.158694 80.356420 -142.110296 10.782883 21.766948 -29.154690 33.069437 18.152275 -21.722575 28.530639 6.644356 -10.884674 3.826775 4.206655 -21.059126 36.115008 7.085306 -6.107878 35.336742 8.344431 -15.319158 20.791002 9.228278 -8.527080 30.449810 -1.026281 -7.210100 40.474625 -0.117231 -8.637283 19.365405 5.372431 -0.194158 23.701533 -3.696120 5.719162 43.456242 1.178012 7.020673 10.566583 5.689844 -5.016964 -1.815512 -16.105870 49.351501 -2.534405 -2.202652 -28.595968 14.507776 -6.620650 30.044851
0.257608 0.798406 0.031239 4.086095 -7.762507 -15.668855 25.027681 11.305502 -4.571306 -11.450648 7.185157 35.310370 -4.277835 -2.711268 -25.453217 -0.137031 -1.487135 0.131790 -17.880998 -2.782828 -1.145226 1.065948 -6.116166 49.599399 -1.211751 3.426872 -40.964961 -2.568286 0.838162 1.268565 -0.053514 0.182259 14.520149 -4.525416 -0.416823 7.113685 -2.793747 0.045157 -5.888686 8.344164 23.333575 21.044815 -1.079239 30.170403 22.820280 -19.010544 -12.321570 3.988709 -22.928926 -4.045061 -21.091377 63.748567 -40.810067 -50.927793 -9.307031 -19.476869 -1.273409 -33.069437 -18.152277 -21.722575 -28.530639 -6.644358 -10.884674 -3.826775 -4.206650 -21.059126 -36.115008 -7.085308 -6.107878 -35.336742 -8.344426 -15.319158 -20.791002 -9.228273 -8.527080 -30.449810 1.026286 -7.210100 -40.474625 0.117229 -8.637283 -19.365405 -5.372419 -0.194158 -23.701533 3.696132 5.719162 -43.456242 -1.178000 7.020673 -10.566583 -5.689846 -5.016964 1.815512 16.105875 49.351501 2.534405 2.202657 -28.595968 -14.507776 6.620655 30.044851 2.747045 29.047192 -5.933841 72.755407 40.138190 30.013784 -160.437291 80.336940 -143.268354 10.778043 21.910710 -29.228562 33.069437 18.152275 -21.722575 28.530639 6.644356 -10.884674 3.826775 4.206655 -21.059126 36.115008 7.085306 -6.107878 35.336742 8.344431 -15.319158 20.791002 9.228278 -8.527080 30.449810 -1.026281 -7.210100 40.474625 -0.117231 -8.637283 19.365405 5.372431 -0.194158 23.701533 -3.696120 5.719162 43.456242 1.178012 7.020673 10.566583 5.689844 -5.016964 -1.815512 -16.105870 49.351501 -2.534405 -2.202652 -28.595968 14.507776 -6.620650 30.044851
0.260031 0.798263 0.031400 3.988077 -7.631839 -15.643908 24.975341 11.270231 -4.813001 -11.558711 7.203441 35.696365 -4.137117 -2.707082 -25.622273 -0.131698 -1.481978 0.139272 -17.975019 -2.801693 -1.086069 1.122335 -6.050118 49.497452 -1.130456 3.363625 -40.882439 -2.572197 0.846058 1.264273 -0.184339 0.325516 14.522007 -4.470790 -0.442949 7.057533 -2.741112 0.011539 -5.882955 8.302380 23.288489 21.153531 -1.128050 30.162671 22.631043 -19.021332 -12.316160 4.134946 -22.666985 -3.829835 -21.204604 63.189953 -40.643192 -50.493147 -9.434790 -19.477860 -1.239975 -33.069437 -18.152277 -21.722575 -28.530639 -6.644358 -10.884674 -3.826775 -4.206650 -21.059126 -36.115008 -7.085308 -6.107878 -35.336742 -8.344426 -15.319158 -20.791002 -9.228273 -8.527080 -30.449810 1.026286 -7.210100 -40.474625 0.117229 -8.637283 -19.365405 -5.372419 -0.194158 -23.701533 3.696132 5.719162 -43.456242 -1.178000 7.020673 -10.566583 -5.689846 -5.016964 1.815512 16.105875 49.351501 2.534405 2.202657 -28.595968 -14.507776 6.620655 30.044851 2.786909 29.100208 -5.814946 72.594789 40.252814 30.080075 -161.369216 80.323731 -144.114273 10.885673 22.088308 -29.374215 33.069437 18.152275 -21.722575 28.530639 6.644356 -10.884674 3.826775 4.206655 -21.059126 36.115008 7.085306 -6.107878 35.336742 8.344431 -15.319158 20.791002 9.228278 -8.527080 30.449810 -1.026281 -7.210100 40.474625 -0.117231 -8.637283 19.365405 5.372431 -0.194158 23.701533 -3.696120 5.719162 43.456242 1.178012 7.020673 10.566583 5.689844 -5.016964 -1.815512 -16.105870 49.351501 -2.534405 -2.202652 -28.595968 14.507776 -6.620650 30.044851
0.262438 0.798473 0.031680 3.895678 -7.528560 -15.597606 24.906775 11.235998 -5.032857 -11.632970 7.218433 35.987823 -4.027702 -2.669235 -25.707562 -0.126403 -1.478317 0.146889 -18.056490 -2.842565 -1.034045 1.189216 -5.991562 49.324518 -1.074904 3.328886 -40.753495 -2.571547 0.849582 1.263758 -0.284605 0.445290 14.505179 -4.440620 -0.472974 7.018826 -2.703230 0.000747 -5.895804 8.177482 23.227625 21.236414 -1.129543 30.165294 22.430889 -18.965776 -12.337204 4.234170 -22.494113 -3.617703 -21.295046 62.696069 -40.456513 -50.089288 -9.460979 -19.464404 -1.240911 -33.069437 -18.152277 -21.722575 -28.530639 -6.644358 -10.884674 -3.826775 -4.206650 -21.059126 -36.115008 -7.085308 -6.107878 -35.336742 -8.344426 -15.319158 -20.791002 -9.228273 -8.527080 -30.449810 1.026286 -7.210100 -40.474625 0.117229 -8.637283 -19.365405 -5.372419 -0.194158 -23.701533 3.696132 5.719162 -43.456242 -1.178000 7.020673 -10.566583 -5.689846 -5.016964 1.815512 16.105875 49.351501 2.534405 2.202657 -28.595968 -14.507776 6.620655 30.044851 2.736382 29.210543 -5.745067 72.451450 40.366755 30.087250 -161.907572 80.344904 -144.601648 10.995245 22.235110 -29.554485 33.069437 18.152275 -21.722575 28.530639 6.644356 -10.884674 3.826775 4.206655 -21.059126 36.115008 7.085306 -6.107878 35.336742 8.344431 -15.319158 20.791002 9.228278 -8.527080 30.449810 -1.026281 -7.210100 40.474625 -0.117231 -8.637283 19.365405 5.372431 -0.194158 23.701533 -3.696120 5.719162 43.456242 1.178012 7.020673 10.566583 5.689844 -5.016964 -1.815512 -16.105870 49.351501 -2.534405 -2.202652 -28.595968 14.507776 -6.620650 30.044851
0.264587 0.798832 0.031848 3.796786 -7.455026 -15.543822 24.863033 11.259016 -5.231697 -11.685519 7.220332 36.210839 -3.956423 -2.667111 -25.754651 -0.124839 -1.479355 0.154245 -18.131202 -2.934998 -0.988671 1.269244 -5.929838 49.113373 -1.050365 3.332691 -40.601670 -2.565898 0.849794 1.259990 -0.335405 0.530503 14.495833 -4.426261 -0.515602 6.998363 -2.685853 0.013629 -5.940394 7.997159 23.166208 21.266735 -1.057579 30.159939 22.283373 -18.837513 -12.366171 4.263807 -22.418680 -3.405072 -21.368447 62.272440 -40.281868 -49.702546 -9.385646 -19.497012 -1.296087 -33.069437 -18.152277 -21.722575 -28.530639 -6.644358 -10.884674 -3.826775 -4.206650 -21.059126 -36.115008 -7.085308 -6.107878 -35.336742 -8.344426 -15.319158 -20.791002 -9.228273 -8.527080 -30.449810 1.026286 -7.210100 -40.474625 0.117229 -8.637283 -19.365405 -5.372419 -0.194158 -23.701533 3.696132 5.719162 -43.456242 -1.178000 7.020673 -10.566583 -5.689846 -5.016964 1.815512 16.105875 49.351501 2.534405 2.202657 -28.595968 -14.507776 6.620655 30.044851 2.607215 29.365192 -5.739342 72.367063 40.478251 30.023544 -162.120373 80.407209 -144.796800 11.111962 22.357787 -29.682418 33.069437 18.152275 -21.722575 28.530639 6.644356 -10.884674 3.826775 4.206655 -21.059126 36.115008 7.085306 -6.107878 35.336742 8.344431 -15.319158 20.791002 9.228278 -8.527080 30.449810 -1.026281 -7.210100 40.474625 -0.117231 -8.637283 19.365405 5.372431 -0.194158 23.701533 -3.696120 5.719162 43.456242 1.178012 7.020673 10.566583 5.689844 -5.016964 -1.815512 -16.105870 49.351501 -2.534405 -2.202652 -28.595968 14.507776 -6.620650 30.044851
0.266355 0.799203 0.032006 3.706845 -7.414742 -15.497081 24.853131 11.342331 -5.382249 -11.743777 7.226725 36.361601 -3.905313 -2.714929 -25.792693 -0.122266 -1.479703 0.152839 -18.215677 -3.006681 -0.943620 1.366784 -5.891370 48.893274 -1.023178 3.367702 -40.462211 -2.560935 0.849343 1.255443 -0.359248 0.579578 14.497780 -4.423781 -0.548585 6.972638 -2.687631 0.035697 -5.985384 7.890762 23.106881 21.278616 -1.006976 30.139749 22.214606 -18.728088 -12.383178 4.278746 -22.317474 -3.200289 -21.446690 61.926573 -40.111721 -49.444443 -9.305442 -19.551120 -1.301036 -33.069437 -18.152277 -21.722575 -28.530639 -6.644358 -10.884674 -3.826775 -4.206650 -21.059126 -36.115008 -7.085308 -6.107878 -35.336742 -8.344426 -15.319158 -20.791002 -9.228273 -8.527080 -30.449810 1.026286 -7.210100 -40.474625 0.117229 -8.637283 -19.365405 -5.372419 -0.194158 -23.701533 3.696132 5.719162 -43.456242 -1.178000 7.020673 -10.566583 -5.689846 -5.016964 1.815512 16.105875 49.351501 2.534405 2.202657 -28.595968 -14.507776 6.620655 30.044851 2.519483 29.531644 -5.740672 72.283585 40.622314 29.934042 -162.132981 80.483762 -144.873531 11.211516 22.412954 -29.629248 33.069437 18.152275 -21.722575 28.530639 6.644356 -10.884674 3.826775 4.206655 -21.059126 36.115008 7.085306 -6.107878 35.336742 8.344431 -15.319158 20.791002 9.228278 -8.527080 30.449810 -1.026281 -7.210100 40.474625 -0.117231 -8.637283 19.365405 5.372431 -0.194158 23.701533 -3.696120 5.719162 43.456242 1.178012 7.020673 10.566583 5.689844 -5.016964 -1.815512 -16.105870 49.351501 -2.534405 -2.202652 -28.595968 14.507776 -6.620650 30.044851
0.268232 0.799431 0.031822 3.636640 -7.404578 -15.454968 24.869952 11.450685 -5.483815 -11.818920 7.267146 36.467268 -3.856241 -2.803537 -25.825917 -0.117798 -1.480967 0.146634 -18.310398 -3.034166 -0.920443 1.458737 -5.880148 48.711410 -0.998224 3.413383 -40.365312 -2.553237 0.847376 1.257257 -0.365331 0.626208 14.497570 -4.430357 -0.569348 6.932657 -2.711033 0.042596 -6.020824 7.927197 23.054575 21.303821 -1.025898 30.069029 22.231473 -18.676100 -12.412712 4.320588 -22.143560 -3.003437 -21.533420 61.645019 -39.921323 -49.340190 -9.270393 -19.597648 -1.229764 -33.069437 -18.152277 -21.722575 -28.530639 -6.644358 -10.884674 -3.826775 -4.206650 -21.059126 -36.115008 -7.085308 -6.107878 -35.336742 -8.344426 -15.319158 -20.791002 -9.228273 -8.527080 -30.449810 1.026286 -7.210100 -40.474625 0.117229 -8.637283 -19.365405 -5.372419 -0.194158 -23.701533 3.696132 5.719162 -43.456242 -1.178000 7.020673 -10.566583 -5.689846 -5.016964 1.815512 16.105875 49.351501 2.534405 2.202657 -28.595968 -14.507776 6.620655 30.044851 2.517699 29.690951 -5.722643 72.166522 40.775241 29.844232 -162.094582 80.581966 -144.944496 11.224688 22.371037 -29.439679 33.069437 18.152275 -21.722575 28.530639 6.644356 -10.884674 3.826775 4.206655 -21.059126 36.115008 7.085306 -6.107878 35.336742 8.344431 -15.319158 20.791002 9.228278 -8.527080 30.449810 -1.026281 -7.210100 40.474625 -0.117231 -8.637283 19.365405 5.372431 -0.194158 23.701533 -3.696120 5.719162 43.456242 1.178012 7.020673 10.566583 5.689844 -5.016964 -1.815512 -16.105870 49.351501 -2.534405 -2.202652 -28.595968 14.507776 -6.620650 30.044851
0.269969 0.799557 0.031644 3.585605 -7.409209 -15.429010 24.897288 11.554695 -5.557655 -11.907100 7.321316 36.555633 -3.825225 -2.902336 -25.853490 -0.120753 -1.484874 0.143692 -18.403986 -3.054444 -0.922660 1.524765 -5.869049 48.587217 -0.984871 3.462082 -40.304086 -2.544164 0.844986 1.259714 -0.360809 0.669730 14.503271 -4.444593 -0.588616 6.887742 -2.743093 0.041633 -6.052934 7.989801 23.028737 21.331938 -1.045862 29.986534 22.274517 -18.645778 -12.455838 4.353449 -21.956751 -2.812751 -21.607083 61.403380 -39.753099 -49.269078 -9.235918 -19.620816 -1.167847 -33.069437 -18.152277 -21.722575 -28.530639 -6.644358 -10.884674 -3.826775 -4.206650 -21.059126 -36.115008 -7.085308 -6.107878 -35.336742 -8.344426 -15.319158 -20.791002 -9.228273 -8.527080 -30.449810 1.026286 -7.210100 -40.474625 0.117229 -8.637283 -19.365405 -5.372419 -0.194158 -23.701533 3.696132 5.719162 -43.456242 -1.178000 7.020673 -10.566583 -5.689846 -5.016964 1.815512 16.105875 49.351501 2.534405 2.202657 -28.595968 -14.507776 6.620655 30.044851 2.557960 29.825383 -5.699914 72.037896 40.885303 29.773628 -162.163103 80.688108 -145.102383 11.148018 22.281548 -29.308103 33.069437 18.152275 -21.722575 28.530639 6.644356 -10.884674 3.826775 4.206655 -21.059126 36.115008 7.085306 -6.107878 35.336742 8.344431 -15.319158 20.791002 9.228278 -8.527080 30.449810 -1.026281 -7.210100 40.474625 -0.117231 -8.637283 19.365405 5.372431 -0.194158 23.701533 -3.696120 5.719162 43.456242 1.178012 7.020673 10.566583 5.689844 -5.016964 -1.815512 -16.105870 49.351501 -2.534405 -2.202652 -28.595968 14.507776 -6.620650 30.044851
0.271381 0.799613 0.031614 3.552795 -7.410152 -15.427562 24.914457 11.633447 -5.622502 -11.995822 7.358876 36.631220 -3.821110 -2.975651 -25.879308 -0.122644 -1.486534 0.141600 -18.485255 -3.081519 -0.925734 1.565599 -5.836647 48.512481 -0.967614 3.509224 -40.246521 -2.538006 0.841168 1.255651 -0.367842 0.694175 14.523743 -4.458296 -0.607994 6.853776 -2.759355 0.046892 -6.074622 7.955483 23.032200 21.368404 -1.015405 29.963954 22.249657 -18.624522 -12.500473 4.362796 -21.810063 -2.647495 -21.665051 61.198795 -39.619565 -49.173523 -9.159336 -19.627441 -1.173905 -33.069437 -18.152277 -21.722575 -28.530639 -6.644358 -10.884674 -3.826775 -4.206650 -21.059126 -36.115008 -7.085308 -6.107878 -35.336742 -8.344426 -15.319158 -20.791002 -9.228273 -8.527080 -30.449810 1.026286 -7.210100 -40.474625 0.117229 -8.637283 -19.365405 -5.372419 -0.194158 -23.701533 3.696132 5.719162 -43.456242 -1.178000 7.020673 -10.566583 -5.689846 -5.016964 1.815512 16.105875 49.351501 2.534405 2.202657 -28.595968 -14.507776 6.620655 30.044851 2.587437 29.925267 -5.679313 71.893752 40.950108 29.710503 -162.337068 80.760699 -145.305909 11.093149 22.258831 -29.286601 33.069437 18.152275 -21.722575 28.530639 6.644356 -10.884674 3.826775 4.206655 -21.059126 36.115008 7.085306 -6.107878 35.336742 8.344431 -15.319158 20.791002 9.228278 -8.527080 30.449810 -1.026281 -7.210100 40.474625 -0.117231 -8.637283 19.365405 5.372431 -0.194158 23.701533 -3.696120 5.719162 43.456242 1.178012 7.020673 10.566583 5.689844 -5.016964 -1.815512 -16.105870 49.351501 -2.534405 -2.202652 -28.595968 14.507776 -6.620650 30.044851
0.272414 0.799409 0.031792 3.521679 -7.398165 -15.443935 24.923994 11.690991 -5.683385 -12.072799 7.371409 36.720955 -3.822053 -3.035798 -25.908545 -0.121118 -1.484362 0.137824 -18.535180 -3.092584 -0.911669 1.589588 -5.793897 48.476284 -0.942711 3.528021 -40.187071 -2.533793 0.835027 1.251741 -0.376801 0.695446 14.549775 -4.461816 -0.629154 6.841535 -2.760939 0.040512 -6.076403 7.860702 23.027091 21.405391 -0.984661 29.992285 22.165562 -18.626551 -12.549425 4.378193 -21.691289 -2.519101 -21.722554 61.049966 -39.469506 -49.107581 -9.046705 -19.626478 -1.198123 -33.069437 -18.152277 -21.722575 -28.530639 -6.644358 -10.884674 -3.826775 -4.206650 -21.059126 -36.115008 -7.085308 -6.107878 -35.336742 -8.344426 -15.319158 -20.791002 -9.228273 -8.527080 -30.449810 1.026286 -7.210100 -40.474625 0.117229 -8.637283 -19.365405 -5.372419 -0.194158 -23.701533 3.696132 5.719162 -43.456242 -1.178000 7.020673 -10.566583 -5.689846 -5.016964 1.815512 16.105875 49.351501 2.534405 2.202657 -28.595968 -14.507776 6.620655 30.044851 2.592017 30.014811 -5.664565 71.727109 40.982797 29.643335 -162.520199 80.785438 -145.485215 11.022820 22.276603 -29.306252 33.069437 18.152275 -21.722575 28.530639 6.644356 -10.884674 3.826775 4.206655 -21.059126 36.115008 7.085306 -6.107878 35.336742 8.344431 -15.319158 20.791002 9.228278 -8.527080 30.449810 -1.026281 -7.210100 40.474625 -0.117231 -8.637283 19.365405 5.372431 -0.194158 23.701533 -3.696120 5.719162 43.456242 1.178012 7.020673 10.566583 5.689844 -5.016964 -1.815512 -16.105870 49.351501 -2.534405 -2.202652 -28.595968 14.507776 -6.620650 30.044851
0.273124 0.799259 0.031793 3.476863 -7.365407 -15.477222 24.940688 11.760338 -5.743910 -12.127446 7.343453 36.849724 -3.824307 -3.114816 -25.943804 -0.122854 -1.484259 0.136073 -18.543485 -3.100207 -0.873171 1.591477 -5.747554 48.463703 -0.913852 3.512058 -40.134041 -2.532621 0.830895 1.254574 -0.378926 0.670707 14.569777 -4.448329 -0.657752 6.862960 -2.743949 0.012044 -6.065844 7.701370 22.983323 21.426686 -0.952957 30.064890 22.039801 -18.647629 -12.593842 4.391958 -21.615158 -2.428328 -21.780281 60.948257 -39.325542 -49.020780 -8.898230 -19.605092 -1.208706 -33.069437 -18.152277 -21.722575 -28.530639 -6.644358 -10.884674 -3.826775 -4.206650 -21.059126 -36.115008 -7.085308 -6.107878 -35.336742 -8.344426 -15.319158 -20.791002 -9.228273 -8.527080 -30.449810 1.026286 -7.210100 -40.474625 0.117229 -8.637283 -19.365405 -5.372419 -0.194158 -23.701533 3.696132 5.719162 -43.456242 -1.178000 7.020673 -10.566583 -5.689846 -5.016964 1.815512 16.105875 49.351501 2.534405 2.202657 -28.595968 -14.507776 6.620655 30.044851 2.557296 30.093427 -5.657172 71.567426 40.977046 29.578626 -162.773571 80.766737 -145.704655 10.966368 22.356742 -29.415705 33.069437 18.152275 -21.722575 28.530639 6.644356 -10.884674 3.826775 4.206655 -21.059126 36.115008 7.085306 -6.107878 35.336742 8.344431 -15.319158 20.791002 9.228278 -8.527080 30.449810 -1.026281 -7.210100 40.474625 -0.117231 -8.637283 19.365405 5.372431 -0.194158 23.701533 -3.696120 5.719162 43.456242 1.178012 7.020673 10.566583 5.689844 -5.016964 -1.815512 -16.105870 49.351501 -2.534405 -2.202652 -28.595968 14.507776 -6.620650 30.044851
0.273719 0.799139 0.031694 3.424609 -7.305274 -15.525124 24.963191 11.821025 -5.802783 -12.176603 7.287124 36.975099 -3.827084 -3.188337 -25.969824 -0.125464 -1.487859 0.132388 -18.530658 -3.117405 -0.802251 1.581855 -5.705050 48.451402 -0.889212 3.473625 -40.096892 -2.532635 0.831318 1.256833 -0.379195 0.626003 14.579758 -4.420623 -0.699750 6.915573 -2.716945 -0.037229 -6.049652 7.515384 22.903970 21.431368 -0.919014 30.147863 21.926132 -18.689563 -12.615371 4.408604 -21.548403 -2.362362 -21.828909 60.868494 -39.232946 -48.929310 -8.768645 -19.563900 -1.214241 -33.069437 -18.152277 -21.722575 -28.530639 -6.644358 -10.884674 -3.826775 -4.206650 -21.059126 -36.115008 -7.085308 -6.107878 -35.336742 -8.344426 -15.319158 -20.791002 -9.228273 -8.527080 -30.449810 1.026286 -7.210100 -40.474625 0.117229 -8.637283 -19.365405 -5.372419 -0.194158 -23.701533 3.696132 5.719162 -43.456242 -1.178000 7.020673 -10.566583 -5.689846 -5.016964 1.815512 16.105875 49.351501 2.534405 2.202657 -28.595968 -14.507776 6.620655 30.044851 2.504139 30.126034 -5.652204 71.455335 40.954575 29.542023 -163.102336 80.737094 -145.993313 11.094810 22.506043 -29.574822 33.069437 18.152275 -21.722575 28.530639 6.644356 -10.884674 3.826775 4.206655 -21.059126 36.115008 7.085306 -6.107878 35.336742 8.344431 -15.319158 20.791002 9.228278 -8.527080 30.449810 -1.026281 -7.210100 40.474625 -0.117231 -8.637283 19.365405 5.372431 -0.194158 23.701533 -3.696120 5.719162 43.456242 1.178012 7.020673 10.566583 5.689844 -5.016964 -1.815512 -16.105870 49.351501 -2.534405 -2.202652 -28.595968 14.507776 -6.620650 30.044851
0.274191 0.799099 0.031673 3.393513 -7.241029 -15.576081 24.967804 11.846651 -5.841413 -12.246773 7.230311 37.061904 -3.825538 -3.208841 -25.991950 -0.122434 -1.486650 0.125089 -18.544884 -3.115814 -0.732237 1.593919 -5.676793 48.427960 -0.870921 3.421675 -40.074690 -2.534485 0.830492 1.250844 -0.379036 0.560802 14.590932 -4.402977 -0.753750 6.938154 -2.713526 -0.076298 -6.021161 7.429468 22.831221 21.445580 -0.920305 30.181359 21.892421 -18.729174 -12.607407 4.462195 -21.434655 -2.280939 -21.865042 60.818538 -39.195656 -48.937571 -8.741427 -19.528499 -1.208865 -33.069437 -18.152277 -21.722575 -28.530639 -6.644358 -10.884674 -3.826775 -4.206650 -21.059126 -36.115008 -7.085308 -6.107878 -35.336742 -8.344426 -15.319158 -20.791002 -9.228273 -8.527080 -30.449810 1.026286 -7.210100 -40.474625 0.117229 -8.637283 -19.365405 -5.372419 -0.194158 -23.701533 3.696132 5.719162 -43.456242 -1.178000 7.020673 -10.566583 -5.689846 -5.016964 1.815512 16.105875 49.351501 2.534405 2.202657 -28.595968 -14.507776 6.620655 30.044851 2.504002 30.122428 -5.627345 71.382471 40.954916 29.525897 -163.468038 80.732190 -146.369779 11.334366 22.535576 -29.563121 33.069437 18.152275 -21.722575 28.530639 6.644356 -10.884674 3.826775 4.206655 -21.059126 36.115008 7.085306 -6.107878 35.336742 8.344431 -15.319158 20.791002 9.228278 -8.527080 30.449810 -1.026281 -7.210100 40.474625 -0.117231 -8.637283 19.365405 5.372431 -0.194158 23.701533 -3.696120 5.719162 43.456242 1.178012 7.020673 10.566583 5.689844 -5.016964 -1.815512 -16.105870 49.351501 -2.534405 -2.202652 -28.595968 14.507776 -6.620650 30.044851
0.275069 0.799123 0.031577 3.393731 -7.207807 -15.611803 24.949028 11.856302 -5.862808 -12.323651 7.201891 37.132658 -3.813448 -3.190140 -26.018578 -0.116506 -1.478986 0.122057 -18.608529 -3.094988 -0.712006 1.636045 -5.653147 48.414430 -0.855068 3.371500 -40.055873 -2.538620 0.825533 1.242562 -0.400504 0.485513 14.597023 -4.394495 -0.806213 6.921534 -2.720640 -0.071667 -5.986576 7.417237 22.784031 21.476871 -0.949453 30.176796 21.892877 -18.727035 -12.570312 4.524632 -21.334236 -2.198437 -21.890978 60.764532 -39.186623 -48.957058 -8.764924 -19.519490 -1.233494 -33.069437 -18.152277 -21.722575 -28.530639 -6.644358 -10.884674 -3.826775 -4.206650 -21.059126 -36.115008 -7.085308 -6.107878 -35.336742 -8.344426 -15.319158 -20.791002 -9.228273 -8.527080 -30.449810 1.026286 -7.210100 -40.474625 0.117229 -8.637283 -19.365405 -5.372419 -0.194158 -23.701533 3.696132 5.719162 -43.456242 -1.178000 7.020673 -10.566583 -5.689846 -5.016964 1.815512 16.105875 49.351501 2.534405 2.202657 -28.595968 -14.507776 6.620655 30.044851 2.535210 30.111540 -5.576911 71.331422 40.979847 29.507934 -163.770492 80.750426 -146.676660 11.564364 22.465512 -29.413472 33.069437 18.152275 -21.722575 28.530639 6.644356 -10.884674 3.826775 4.206655 -21.059126 36.115008 7.085306 -6.107878 35.336742 8.344431 -15.319158 20.791002 9.228278 -8.527080 30.449810 -1.026281 -7.210100 40.474625 -0.117231 -8.637283 19.365405 5.372431 -0.194158 23.701533 -3.696120 5.719162 43.456242 1.178012 7.020673 10.566583 5.689844 -5.016964 -1.815512 -16.105870 49.351501 -2.534405 -2.202652 -28.595968 14.507776 -6.620650 30.044851
0.275951 0.799068 0.031854 3.411868 -7.256309 -15.635720 24.944380 11.908806 -5.838441 -12.385197 7.220988 37.184028 -3.803103 -3.191287 -26.039598 -0.106170 -1.475633 0.119616 -18.683084 -3.088698 -0.769173 1.660974 -5.591375 48.454571 -0.837919 3.375332 -40.030031 -2.535264 0.821148 1.239543 -0.432695 0.439935 14.583767 -4.390560 -0.838205 6.921795 -2.722990 -0.029162 -5.975601 7.393801 22.775787 21.531149 -0.985725 30.151811 21.832997 -18.694586 -12.538668 4.558350 -21.254731 -2.107473 -21.927327 60.641363 -39.189478 -48.916722 -8.741227 -19.538170 -1.322094 -33.069437 -18.152277 -21.722575 -28.530639 -6.644358 -10.884674 -3.826775 -4.206650 -21.059126 -36.115008 -7.085308 -6.107878 -35.336742 -8.344426 -15.319158 -20.791002 -9.228273 -8.527080 -30.449810 1.026286 -7.210100 -40.474625 0.117229 -8.637283 -19.365405 -5.372419 -0.194158 -23.701533 3.696132 5.719162 -43.456242 -1.178000 7.020673 -10.566583 -5.689846 -5.016964 1.815512 16.105875 49.351501 2.534405 2.202657 -28.595968 -14.507776 6.620655 30.044851 2.569491 30.121526 -5.507490 71.283577 41.021101 29.471331 -164.001544 80.787173 -146.869052 11.741090 22.380524 -29.237943 33.069437 18.152275 -21.722575 28.530639 6.644356 -10.884674 3.826775 4.206655 -21.059126 36.115008 7.085306 -6.107878 35.336742 8.344431 -15.319158 20.791002 9.228278 -8.527080 30.449810 -1.026281 -7.210100 40.474625 -0.117231 -8.637283 19.365405 5.372431 -0.194158 23.701533 -3.696120 5.719162 43.456242 1.178012 7.020673 10.566583 5.689844 -5.016964 -1.815512 -16.105870 49.351501 -2.534405 -2.202652 -28.595968 14.507776 -6.620650 30.044851
0.276674 0.798924 0.031974 3.447409 -7.390214 -15.643370 24.964358 12.022481 -5.762565 -12.456614 7.281988 37.207216 -3.784002 -3.219749 -26.062887 -0.090591 -1.485591 0.111987 -18.761806 -3.122296 -0.901490 1.670275 -5.462462 48.562488 -0.830712 3.426626 -39.996167 -2.524886 0.816777 1.239499 -0.446813 0.459538 14.551996 -4.396180 -0.842235 6.938314 -2.728940 0.003930 -5.992983 7.337974 22.796606 21.598535 -1.001843 30.122728 21.731746 -18.654913 -12.552540 4.577283 -21.141257 -1.966546 -21.979106 60.458656 -39.196093 -48.845702 -8.666414 -19.554815 -1.450519 -33.069437 -18.152277 -21.722575 -28.530639 -6.644358 -10.884674 -3.826775 -4.206650 -21.059126 -36.115008 -7.085308 -6.107878 -35.336742 -8.344426 -15.319158 -20.791002 -9.228273 -8.527080 -30.449810 1.026286 -7.210100 -40.474625 0.117229 -8.637283 -19.365405 -5.372419 -0.194158 -23.701533 3.696132 5.719162 -43.456242 -1.178000 7.020673 -10.566583 -5.689846 -5.016964 1.815512 16.105875 49.351501 2.534405 2.202657 -28.595968 -14.507776 6.620655 30.044851 2.607574 30.172752 -5.410327 71.218997 41.077723 29.411573 -164.272402 80.844833 -147.050954 11.871964 22.293542 -29.093389 33.069437 18.152275 -21.722575 28.530639 6.644356 -10.884674 3.826775 4.206655 -21.059126 36.115008 7.085306 -6.107878 35.336742 8.344431 -15.319158 20.791002 9.228278 -8.527080 30.449810 -1.026281 -7.210100 40.474625 -0.117231 -8.637283 19.365405 5.372431 -0.194158 23.701533 -3.696120 5.719162 43.456242 1.178012 7.020673 10.566583 5.689844 -5.016964 -1.815512 -16.105870 49.351501 -2.534405 -2.202652 -28.595968 14.507776 -6.620650 30.044851
0.277517 0.798706 0.032054 3.494955 -7.536367 -15.640221 24.986205 12.142030 -5.692310 -12.544698 7.356075 37.234182 -3.750459 -3.244317 -26.094811 -0.075784 -1.497919 0.104434 -18.861914 -3.181875 -1.047688 1.700688 -5.303339 48.676798 -0.844841 3.462785 -39.961907 -2.516626 0.811163 1.241367 -0.463483 0.494262 14.512137 -4.398556 -0.846395 6.960228 -2.735019 0.028990 -6.013682 7.262737 22.825156 21.643754 -0.985046 30.113685 21.651023 -18.594261 -12.580632 4.594433 -21.038504 -1.817757 -22.043560 60.272868 -39.199655 -48.716509 -8.621513 -19.552268 -1.569252 -33.069437 -18.152277 -21.722575 -28.530639 -6.644358 -10.884674 -3.826775 -4.206650 -21.059126 -36.115008 -7.085308 -6.107878 -35.336742 -8.344426 -15.319158 -20.791002 -9.228273 -8.527080 -30.449810 1.026286 -7.210100 -40.474625 0.117229 -8.637283 -19.365405 -5.372419 -0.194158 -23.701533 3.696132 5.719162 -43.456242 -1.178000 7.020673 -10.566583 -5.689846 -5.016964 1.815512 16.105875 49.351501 2.534405 2.202657 -28.595968 -14.507776 6.620655 30.044851 2.616749 30.248595 -5.305170 71.182620 41.132843 29.353708 -164.421723 80.910949 -146.986764 12.175921 22.256058 -28.914059 33.069437 18.152275 -21.722575 28.530639 6.644356 -10.884674 3.826775 4.206655 -21.059126 36.115008 7.085306 -6.107878 35.336742 8.344431 -15.319158 20.791002 9.228278 -8.527080 30.449810 -1.026281 -7.210100 40.474625 -0.117231 -8.637283 19.365405 5.372431 -0.194158 23.701533 -3.696120 5.719162 43.456242 1.178012 7.020673 10.566583 5.689844 -5.016964 -1.815512 -16.105870 49.351501 -2.534405 -2.202652 -28.595968 14.507776 -6.620650 30.044851
0.277971 0.798533 0.031681 3.529934 -7.626156 -15.655084 24.998260 12.216165 -5.655711 -12.633106 7.398313 37.282383 -3.712683 -3.241974 -26.131918 -0.066756 -1.504142 0.095903 -18.959191 -3.234140 -1.124288 1.759038 -5.164413 48.731241 -0.852788 3.459787 -39.931738 -2.512538 0.806791 1.244387 -0.477123 0.507718 14.495115 -4.386860 -0.870710 6.983983 -2.728603 0.032009 -6.021704 7.172908 22.839021 21.654626 -0.960874 30.144066 21.606018 -18.548473 -12.607810 4.621639 -20.975789 -1.703187 -22.108276 60.118669 -39.185209 -48.586834 -8.537796 -19.549611 -1.665600 -33.069437 -18.152277 -21.722575 -28.530639 -6.644358 -10.884674 -3.826775 -4.206650 -21.059126 -36.115008 -7.085308 -6.107878 -35.336742 -8.344426 -15.319158 -20.791002 -9.228273 -8.527080 -30.449810 1.026286 -7.210100 -40.474625 0.117229 -8.637283 -19.365405 -5.372419 -0.194158 -23.701533 3.696132 5.719162 -43.456242 -1.178000 7.020673 -10.566583 -5.689846 -5.016964 1.815512 16.105875 49.351501 2.534405 2.202657 -28.595968 -14.507776 6.620655 30.044851 2.598882 30.317197 -5.223885 71.136065 41.150273 29.293869 -164.489055 80.940046 -146.870063 12.443404 22.230479 -28.736136 33.069437 18.152275 -21.722575 28.530639 6.644356 -10.884674 3.826775 4.206655 -21.059126 36.115008 7.085306 -6.107878 35.336742 8.344431 -15.319158 20.791002 9.228278 -8.527080 30.449810 -1.026281 -7.210100 40.474625 -0.117231 -8.637283 19.365405 5.372431 -0.194158 23.701533 -3.696120 5.719162 43.456242 1.178012 7.020673 10.566583 5.689844 -5.016964 -1.815512 -16.105870 49.351501 -2.534405 -2.202652 -28.595968 14.507776 -6.620650 30.044851
0.278446 0.798563 0.031441 3.534552 -7.642822 -15.699746 25.003041 12.259202 -5.645040 -12.706640 7.379680 37.355138 -3.690731 -3.226442 -26.181321 -0.064038 -1.506170 0.088871 -19.019751 -3.255054 -1.105880 1.816938 -5.076645 48.734096 -0.823675 3.447465 -39.898844 -2.505951 0.802843 1.245323 -0.453310 0.501113 14.531367 -4.366601 -0.908781 6.991658 -2.709938 -0.003761 -6.021923 7.075225 22.831433 21.662607 -0.954286 30.175225 21.565031 -18.565455 -12.660347 4.669439 -20.922463 -1.619927 -22.136238 60.016066 -39.139604 -48.556969 -8.248539 -19.565812 -1.771526 -33.069437 -18.152277 -21.722575 -28.530639 -6.644358 -10.884674 -3.826775 -4.206650 -21.059126 -36.115008 -7.085308 -6.107878 -35.336742 -8.344426 -15.319158 -20.791002 -9.228273 -8.527080 -30.449810 1.026286 -7.210100 -40.474625 0.117229 -8.637283 -19.365405 -5.372419 -0.194158 -23.701533 3.696132 5.719162 -43.456242 -1.178000 7.020673 -10.566583 -5.689846 -5.016964 1.815512 16.105875 49.351501 2.534405 2.202657 -28.595968 -14.507776 6.620655 30.044851 2.611244 30.355200 -5.171683 70.960946 41.114415 29.189346 -164.896831 80.908723 -147.376330 12.058021 22.094783 -28.759495 33.069437 18.152275 -21.722575 28.530639 6.644356 -10.884674 3.826775 4.206655 -21.059126 36.115008 7.085306 -6.107878 35.336742 8.344431 -15.319158 20.791002 9.228278 -8.527080 30.449810 -1.026281 -7.210100 40.474625 -0.117231 -8.637283 19.365405 5.372431 -0.194158 23.701533 -3.696120 5.719162 43.456242 1.178012 7.020673 10.566583 5.689844 -5.016964 -1.815512 -16.105870 49.351501 -2.534405 -2.202652 -28.595968 14.507776 -6.620650 30.044851
0.278894 0.798586 0.031164 3.516800 -7.594246 -15.746060 24.991263 12.297662 -5.672841 -12.748229 7.337272 37.482760 -3.670278 -3.256468 -26.250545 -0.059564 -1.508950 0.085192 -19.057355 -3.273154 -1.045600 1.850256 -5.033956 48.726262 -0.768121 3.443415 -39.864454 -2.499410 0.801805 1.240115 -0.420569 0.481107 14.576631 -4.335860 -0.962241 7.018230 -2.677914 -0.060165 -6.016234 6.964447 22.786231 21.673865 -0.955981 30.200825 21.502783 -18.614926 -12.729612 4.715123 -20.920975 -1.594799 -22.140318 59.991280 -39.094597 -48.593705 -8.032020 -19.547084 -1.813773 -33.069437 -18.152277 -21.722575 -28.530639 -6.644358 -10.884674 -3.826775 -4.206650 -21.059126 -36.115008 -7.085308 -6.107878 -35.336742 -8.344426 -15.319158 -20.791002 -9.228273 -8.527080 -30.449810 1.026286 -7.210100 -40.474625 0.117229 -8.637283 -19.365405 -5.372419 -0.194158 -23.701533 3.696132 5.719162 -43.456242 -1.178000 7.020673 -10.566583 -5.689846 -5.016964 1.815512 16.105875 49.351501 2.534405 2.202657 -28.595968 -14.507776 6.620655 30.044851 2.616375 30.351143 -5.146756 70.751922 41.029557 29.069688 -165.417360 80.834178 -148.090782 11.522226 21.895219 -28.913103 33.069437 18.152275 -21.722575 28.530639 6.644356 -10.884674 3.826775 4.206655 -21.059126 36.115008 7.085306 -6.107878 35.336742 8.344431 -15.319158 20.791002 9.228278 -8.527080 30.449810 -1.026281 -7.210100 40.474625 -0.117231 -8.637283 19.365405 5.372431 -0.194158 23.701533 -3.696120 5.719162 43.456242 1.178012 7.020673 10.566583 5.689844 -5.016964 -1.815512 -16.105870 49.351501 -2.534405 -2.202652 -28.595968 14.507776 -6.620650 30.044851
0.279280 0.798620 0.031100 3.486860 -7.482128 -15.782846 24.965069 12.315790 -5.748087 -12.763147 7.306918 37.650728 -3.629744 -3.343457 -26.323696 -0.052285 -1.509913 0.083374 -19.102724 -3.302367 -0.952510 1.867001 -5.039967 48.704706 -0.707181 3.439290 -39.842891 -2.495843 0.805869 1.229122 -0.406804 0.465692 14.625042 -4.282602 -1.035891 7.055730 -2.641296 -0.131909 -6.008388 6.901827 22.721897 21.662566 -0.964676 30.204199 21.496958 -18.664667 -12.786173 4.749687 -20.971582 -1.660553 -22.140074 60.016647 -39.070602 -48.622177 -8.021403 -19.530398 -1.769171 -33.069437 -18.152277 -21.722575 -28.530639 -6.644358 -10.884674 -3.826775 -4.206650 -21.059126 -36.115008 -7.085308 -6.107878 -35.336742 -8.344426 -15.319158 -20.791002 -9.228273 -8.527080 -30.449810 1.026286 -7.210100 -40.474625 0.117229 -8.637283 -19.365405 -5.372419 -0.194158 -23.701533 3.696132 5.719162 -43.456242 -1.178000 7.020673 -10.566583 -5.689846 -5.016964 1.815512 16.105875 49.351501 2.534405 2.202657 -28.595968 -14.507776 6.620655 30.044851 2.617367 30.287500 -5.153709 70.621847 40.926872 28.989123 -165.712342 80.763240 -148.495512 11.358530 21.880445 -29.066293 33.069437 18.152275 -21.722575 28.530639 6.644356 -10.884674 3.826775 4.206655 -21.059126 36.115008 7.085306 -6.107878 35.336742 8.344431 -15.319158 20.791002 9.228278 -8.527080 30.449810 -1.026281 -7.210100 40.474625 -0.117231 -8.637283 19.365405 5.372431 -0.194158 23.701533 -3.696120 5.719162 43.456242 1.178012 7.020673 10.566583 5.689844 -5.016964 -1.815512 -16.105870 49.351501 -2.534405 -2.202652 -28.595968 14.507776 -6.620650 30.044851
0.279742 0.798539 0.031084 3.440751 -7.319201 -15.830551 24.946037 12.294131 -5.846082 -12.757577 7.307861 37.819987 -3.575301 -3.474692 -26.375172 -0.045442 -1.512953 0.087256 -19.158802 -3.351694 -0.808339 1.879921 -5.093795 48.658520 -0.662651 3.434891 -39.842071 -2.495342 0.817084 1.219122 -0.388016 0.455371 14.700753 -4.213154 -1.125012 7.114766 -2.615625 -0.225517 -6.014821 6.857863 22.635174 21.616768 -0.965310 30.216466 21.541262 -18.710945 -12.816759 4.772843 -21.044597 -1.802983 -22.160380 60.057730 -39.079960 -48.617679 -8.134543 -19.560006 -1.711109 -33.069437 -18.152277 -21.722575 -28.530639 -6.644358 -10.884674 -3.826775 -4.206650 -21.059126 -36.115008 -7.085308 -6.107878 -35.336742 -8.344426 -15.319158 -20.791002 -9.228273 -8.527080 -30.449810 1.026286 -7.210100 -40.474625 0.117229 -8.637283 -19.365405 -5.372419 -0.194158 -23.701533 3.696132 5.719162 -43.456242 -1.178000 7.020673 -10.566583 -5.689846 -5.016964 1.815512 16.105875 49.351501 2.534405 2.202657 -28.595968 -14.507776 6.620655 30.044851 2.607806 30.198735 -5.198059 70.580525 40.808614 28.938945 -165.582268 80.696126 -148.394261 11.582492 22.272580 -29.221366 33.069437 18.152275 -21.722575 28.530639 6.644356 -10.884674 3.826775 4.206655 -21.059126 36.115008 7.085306 -6.107878 35.336742 8.344431 -15.319158 20.791002 9.228278 -8.527080 30.449810 -1.026281 -7.210100 40.474625 -0.117231 -8.637283 19.365405 5.372431 -0.194158 23.701533 -3.696120 5.719162 43.456242 1.178012 7.020673 10.566583 5.689844 -5.016964 -1.815512 -16.105870 49.351501 -2.534405 -2.202652 -28.595968 14.507776 -6.620650 30.044851
0.280180 0.798433 0.031217 3.386518 -7.157243 -15.887151 24.943649 12.243574 -5.922751 -12.761220 7.335291 37.943593 -3.524578 -3.608106 -26.410125 -0.043387 -1.515978 0.091131 -19.219063 -3.388919 -0.645093 1.910520 -5.167377 48.585939 -0.614025 3.449719 -39.850506 -2.501793 0.830868 1.210004 -0.338283 0.440147 14.771199 -4.153472 -1.211735 7.206300 -2.612390 -0.315689 -6.025020 6.818351 22.536847 21.579631 -0.979960 30.229716 21.558381 -18.757339 -12.840569 4.779650 -21.100271 -1.963212 -22.179089 60.146004 -39.108821 -48.675668 -8.305282 -19.578359 -1.634715 -33.069437 -18.152277 -21.722575 -28.530639 -6.644358 -10.884674 -3.826775 -4.206650 -21.059126 -36.115008 -7.085308 -6.107878 -35.336742 -8.344426 -15.319158 -20.791002 -9.228273 -8.527080 -30.449810 1.026286 -7.210100 -40.474625 0.117229 -8.637283 -19.365405 -5.372419 -0.194158 -23.701533 3.696132 5.719162 -43.456242 -1.178000 7.020673 -10.566583 -5.689846 -5.016964 1.815512 16.105875 49.351501 2.534405 2.202657 -28.595968 -14.507776 6.620655 30.044851 2.602285 30.113248 -5.272402 70.587655 40.679551 28.908448 -165.287190 80.633097 -148.126039 11.906202 22.667864 -29.233855 33.069437 18.152275 -21.722575 28.530639 6.644356 -10.884674 3.826775 4.206655 -21.059126 36.115008 7.085306 -6.107878 35.336742 8.344431 -15.319158 20.791002 9.228278 -8.527080 30.449810 -1.026281 -7.210100 40.474625 -0.117231 -8.637283 19.365405 5.372431 -0.194158 23.701533 -3.696120 5.719162 43.456242 1.178012 7.020673 10.566583 5.689844 -5.016964 -1.815512 -16.105870 49.351501 -2.534405 -2.202652 -28.595968 14.507776 -6.620650 30.044851
0.280795 0.798432 0.031218 3.343743 -7.058943 -15.937707 24.953678 12.208071 -5.943127 -12.789014 7.358507 38.000000 -3.498899 -3.697780 -26.447614 -0.050749 -1.518205 0.086115 -19.258687 -3.381242 -0.517436 1.944866 -5.219942 48.510695 -0.543014 3.492251 -39.854280 -2.515284 0.840840 1.204887 -0.277691 0.422081 14.807130 -4.114766 -1.263063 7.307692 -2.610884 -0.374025 -6.023178 6.798144 22.472506 21.590639 -1.028977 30.219526 21.511343 -18.823472 -12.885143 4.785327 -21.119811 -2.072530 -22.161626 60.276037 -39.105395 -48.839367 -8.434510 -19.567745 -1.503344 -33.069437 -18.152277 -21.722575 -28.530639 -6.644358 -10.884674 -3.826775 -4.206650 -21.059126 -36.115008 -7.085308 -6.107878 -35.336742 -8.344426 -15.319158 -20.791002 -9.228273 -8.527080 -30.449810 1.026286 -7.210100 -40.474625 0.117229 -8.637283 -19.365405 -5.372419 -0.194158 -23.701533 3.696132 5.719162 -43.456242 -1.178000 7.020673 -10.566583 -5.689846 -5.016964 1.815512 16.105875 49.351501 2.534405 2.202657 -28.595968 -14.507776 6.620655 30.044851 2.621557 30.059317 -5.346345 70.561988 40.572918 28.876455 -165.167990 80.578592 -148.104456 12.017345 22.757790 -29.135838 33.069437 18.152275 -21.722575 28.530639 6.644356 -10.884674 3.826775 4.206655 -21.059126 36.115008 7.085306 -6.107878 35.336742 8.344431 -15.319158 20.791002 9.228278 -8.527080 30.449810 -1.026281 -7.210100 40.474625 -0.117231 -8.637283 19.365405 5.372431 -0.194158 23.701533 -3.696120 5.719162 43.456242 1.178012 7.020673 10.566583 5.689844 -5.016964 -1.815512 -16.105870 49.351501 -2.534405 -2.202652 -28.595968 14.507776 -6.620650 30.044851
0.281159 0.798455 0.031358 3.324599 -7.024144 -15.964259 24.963284 12.211609 -5.935330 -12.831091 7.376006 38.022338 -3.501906 -3.740960 -26.481719 -0.060989 -1.523034 0.079853 -19.279746 -3.346230 -0.462457 1.961330 -5.242154 48.461613 -0.490360 3.525732 -39.852829 -2.522999 0.847165 1.201832 -0.236312 0.402103 14.821425 -4.094614 -1.279517 7.374916 -2.609172 -0.398389 -6.007933 6.803518 22.455820 21.628426 -1.066610 30.182643 21.473462 -18.895450 -12.943787 4.817743 -21.126752 -2.089052 -22.123567 60.356701 -39.057721 -48.981629 -8.448287 -19.583775 -1.407591 -33.069437 -18.152277 -21.722575 -28.530639 -6.644358 -10.884674 -3.826775 -4.206650 -21.059126 -36.115008 -7.085308 -6.107878 -35.336742 -8.344426 -15.319158 -20.791002 -9.228273 -8.527080 -30.449810 1.026286 -7.210100 -40.474625 0.117229 -8.637283 -19.365405 -5.372419 -0.194158 -23.701533 3.696132 5.719162 -43.456242 -1.178000 7.020673 -10.566583 -5.689846 -5.016964 1.815512 16.105875 49.351501 2.534405 2.202657 -28.595968 -14.507776 6.620655 30.044851 2.653635 30.061243 -5.367819 70.456967 40.516732 28.806664 -165.146065 80.534483 -148.161952 11.922649 22.755843 -29.123182 33.069437 18.152275 -21.722575 28.530639 6.644356 -10.884674 3.826775 4.206655 -21.059126 36.115008 7.085306 -6.107878 35.336742 8.344431 -15.319158 20.791002 9.228278 -8.527080 30.449810 -1.026281 -7.210100 40.474625 -0.117231 -8.637283 19.365405 5.372431 -0.194158 23.701533 -3.696120 5.719162 43.456242 1.178012 7.020673 10.566583 5.689844 -5.016964 -1.815512 -16.105870 49.351501 -2.534405 -2.202652 -28.595968 14.507776 -6.620650 30.044851
0.281122 0.798429 0.031111 3.335870 -7.044026 -15.962931 24.953639 12.244107 -5.934035 -12.871083 7.409993 38.042928 -3.509135 -3.755078 -26.511161 -0.065700 -1.530820 0.075464 -19.315587 -3.313254 -0.496314 1.963377 -5.225359 48.465404 -0.474218 3.539782 -39.844749 -2.522080 0.852902 1.198714 -0.217168 0.390232 14.820942 -4.091019 -1.275160 7.388189 -2.618672 -0.406496 -5.983055 6.824652 22.452282 21.676259 -1.078403 30.119573 21.478623 -18.963115 -12.998735 4.888196 -21.112011 -2.021098 -22.102829 60.355568 -39.006276 -49.037299 -8.421782 -19.616390 -1.372741 -33.069437 -18.152277 -21.722575 -28.530639 -6.644358 -10.884674 -3.826775 -4.206650 -21.059126 -36.115008 -7.085308 -6.107878 -35.336742 -8.344426 -15.319158 -20.791002 -9.228273 -8.527080 -30.449810 1.026286 -7.210100 -40.474625 0.117229 -8.637283 -19.365405 -5.372419 -0.194158 -23.701533 3.696132 5.719162 -43.456242 -1.178000 7.020673 -10.566583 -5.689846 -5.016964 1.815512 16.105875 49.351501 2.534405 2.202657 -28.595968 -14.507776 6.620655 30.044851 2.697563 30.113357 -5.332110 70.300009 40.508249 28.704362 -165.117719 80.510700 -148.166693 11.773228 22.773704 -29.172243 33.069437 18.152275 -21.722575 28.530639 6.644356 -10.884674 3.826775 4.206655 -21.059126 36.115008 7.085306 -6.107878 35.336742 8.344431 -15.319158 20.791002 9.228278 -8.527080 30.449810 -1.026281 -7.210100 40.474625 -0.117231 -8.637283 19.365405 5.372431 -0.194158 23.701533 -3.696120 5.719162 43.456242 1.178012 7.020673 10.566583 5.689844 -5.016964 -1.815512 -16.105870 49.351501 -2.534405 -2.202652 -28.595968 14.507776 -6.620650 30.044851
0.281363 0.798335 0.031052 3.359841 -7.116467 -15.946156 24.941662 12.318590 -5.936006 -12.900685 7.447893 38.086750 -3.521282 -3.765713 -26.552277 -0.065762 -1.539864 0.067788 -19.368859 -3.300639 -0.589365 1.955843 -5.174795 48.527948 -0.468044 3.589663 -39.833424 -2.510664 0.856372 1.197721 -0.196428 0.380710 14.810382 -4.099084 -1.261561 7.363625 -2.637405 -0.389305 -5.959607 6.827116 22.447112 21.761611 -1.090096 30.034714 21.441067 -19.004824 -13.019725 4.939623 -21.066942 -1.922347 -22.093683 60.292313 -38.994504 -48.997906 -8.363681 -19.633410 -1.380994 -33.069437 -18.152277 -21.722575 -28.530639 -6.644358 -10.884674 -3.826775 -4.206650 -21.059126 -36.115008 -7.085308 -6.107878 -35.336742 -8.344426 -15.319158 -20.791002 -9.228273 -8.527080 -30.449810 1.026286 -7.210100 -40.474625 0.117229 -8.637283 -19.365405 -5.372419 -0.194158 -23.701533 3.696132 5.719162 -43.456242 -1.178000 7.020673 -10.566583 -5.689846 -5.016964 1.815512 16.105875 49.351501 2.534405 2.202657 -28.595968 -14.507776 6.620655 30.044851 2.755318 30.161578 -5.263331 70.156684 40.541171 28.607042 -165.276303 80.519976 -148.337570 11.485885 22.716754 -29.225157 33.069437 18.152275 -21.722575 28.530639 6.644356 -10.884674 3.826775 4.206655 -21.059126 36.115008 7.085306 -6.107878 35.336742 8.344431 -15.319158 20.791002 9.228278 -8.527080 30.449810 -1.026281 -7.210100 40.474625 -0.117231 -8.637283 19.365405 5.372431 -0.194158 23.701533 -3.696120 5.719162 43.456242 1.178012 7.020673 10.566583 5.689844 -5.016964 -1.815512 -16.105870 49.351501 -2.534405 -2.202652 -28.595968 14.507776 -6.620650 30.044851
0.281713 0.798163 0.030871 3.367917 -7.196025 -15.941834 24.952600 12.428932 -5.938269 -12.918066 7.454874 38.158897 -3.541455 -3.797187 -26.605463 -0.062817 -1.549925 0.061043 -19.418491 -3.318862 -0.664458 1.949293 -5.124149 48.586100 -0.464070 3.684685 -39.829029 -2.492373 0.856952 1.197170 -0.158694 0.353403 14.813526 -4.106106 -1.258351 7.332732 -2.656594 -0.345277 -5.955682 6.785870 22.429695 21.861293 -1.098797 29.955047 21.351274 -18.998386 -12.992356 4.922154 -21.034674 -1.855630 -22.078860 60.188535 -39.031312 -48.876786 -8.263889 -19.629681 -1.434383 -33.069437 -18.152277 -21.722575 -28.530639 -6.644358 -10.884674 -3.826775 -4.206650 -21.059126 -36.115008 -7.085308 -6.107878 -35.336742 -8.344426 -15.319158 -20.791002 -9.228273 -8.527080 -30.449810 1.026286 -7.210100 -40.474625 0.117229 -8.637283 -19.365405 -5.372419 -0.194158 -23.701533 3.696132 5.719162 -43.456242 -1.178000 7.020673 -10.566583 -5.689846 -5.016964 1.815512 16.105875 49.351501 2.534405 2.202657 -28.595968 -14.507776 6.620655 30.044851 2.807811 30.156647 -5.194314 70.084482 40.583299 28.540470 -165.690472 80.562815 -148.737123 11.168066 22.613803 -29.263836 33.069437 18.152275 -21.722575 28.530639 6.644356 -10.884674 3.826775 4.206655 -21.059126 36.115008 7.085306 -6.107878 35.336742 8.344431 -15.319158 20.791002 9.228278 -8.527080 30.449810 -1.026281 -7.210100 40.474625 -0.117231 -8.637283 19.365405 5.372431 -0.194158 23.701533 -3.696120 5.719162 43.456242 1.178012 7.020673 10.566583 5.689844 -5.016964 -1.815512 -16.105870 49.351501 -2.534405 -2.202652 -28.595968 14.507776 -6.620650 30.044851
0.282095 0.797954 0.030738 3.383191 -7.267073 -15.956336 24.959065 12.531637 -5.927811 -12.934343 7.445721 38.227377 -3.549618 -3.824371 -26.660605 -0.054992 -1.556147 0.058346 -19.460011 -3.340172 -0.718648 1.941674 -5.051455 48.635093 -0.472147 3.737468 -39.828080 -2.482035 0.852116 1.195208 -0.144878 0.325413 14.826022 -4.111090 -1.254027 7.306705 -2.659976 -0.306816 -5.954374 6.712746 22.379746 21.910767 -1.084371 29.920063 21.298143 -18.974865 -12.964899 4.886249 -21.026240 -1.813864 -22.079647 60.112447 -39.064961 -48.781184 -8.176420 -19.599580 -1.488671 -33.069437 -18.152277 -21.722575 -28.530639 -6.644358 -10.884674 -3.826775 -4.206650 -21.059126 -36.115008 -7.085308 -6.107878 -35.336742 -8.344426 -15.319158 -20.791002 -9.228273 -8.527080 -30.449810 1.026286 -7.210100 -40.474625 0.117229 -8.637283 -19.365405 -5.372419 -0.194158 -23.701533 3.696132 5.719162 -43.456242 -1.178000 7.020673 -10.566583 -5.689846 -5.016964 1.815512 16.105875 49.351501 2.534405 2.202657 -28.595968 -14.507776 6.620655 30.044851 2.831565 30.131280 -5.145440 70.052175 40.597616 28.501908 -166.180005 80.590135 -149.203543 11.118984 22.533473 -29.248629 33.069437 18.152275 -21.722575 28.530639 6.644356 -10.884674 3.826775 4.206655 -21.059126 36.115008 7.085306 -6.107878 35.336742 8.344431 -15.319158 20.791002 9.228278 -8.527080 30.449810 -1.026281 -7.210100 40.474625 -0.117231 -8.637283 19.365405 5.372431 -0.194158 23.701533 -3.696120 5.719162 43.456242 1.178012 7.020673 10.566583 5.689844 -5.016964 -1.815512 -16.105870 49.351501 -2.534405 -2.202652 -28.595968 14.507776 -6.620650 30.044851
0.282315 0.797757 0.030821 3.415374 -7.345408 -15.964710 24.960503 12.623606 -5.905902 -12.968155 7.449376 38.286233 -3.538884 -3.832430 -26.716852 -0.045779 -1.558128 0.054130 -19.492136 -3.340875 -0.794399 1.927496 -4.954098 48.718483 -0.486441 3.722380 -39.827243 -2.482696 0.846003 1.194809 -0.177897 0.305865 14.814284 -4.114494 -1.241589 7.289689 -2.647047 -0.273929 -5.946435 6.626820 22.303616 21.931182 -1.054090 29.927849 21.268126 -18.932072 -12.943650 4.872309 -21.025858 -1.778497 -22.105195 60.048264 -39.075838 -48.706058 -8.075862 -19.563312 -1.582910 -33.069437 -18.152277 -21.722575 -28.530639 -6.644358 -10.884674 -3.826775 -4.206650 -21.059126 -36.115008 -7.085308 -6.107878 -35.336742 -8.344426 -15.319158 -20.791002 -9.228273 -8.527080 -30.449810 1.026286 -7.210100 -40.474625 0.117229 -8.637283 -19.365405 -5.372419 -0.194158 -23.701533 3.696132 5.719162 -43.456242 -1.178000 7.020673 -10.566583 -5.689846 -5.016964 1.815512 16.105875 49.351501 2.534405 2.202657 -28.595968 -14.507776 6.620655 30.044851 2.814993 30.099041 -5.096308 70.075446 40.588135 28.502697 -166.623790 80.593687 -149.580118 11.204596 22.452412 -29.209331 33.069437 18.152275 -21.722575 28.530639 6.644356 -10.884674 3.826775 4.206655 -21.059126 36.115008 7.085306 -6.107878 35.336742 8.344431 -15.319158 20.791002 9.228278 -8.527080 30.449810 -1.026281 -7.210100 40.474625 -0.117231 -8.637283 19.365405 5.372431 -0.194158 23.701533 -3.696120 5.719162 43.456242 1.178012 7.020673 10.566583 5.689844 -5.016964 -1.815512 -16.105870 49.351501 -2.534405 -2.202652 -28.595968 14.507776 -6.620650 30.044851
0.282566 0.797596 0.031146 3.420739 -7.360612 -15.966349 24.968030 12.678439 -5.920640 -12.997886 7.462414 38.380254 -3.502740 -3.867565 -26.772333 -0.040990 -1.564268 0.049840 -19.515923 -3.348511 -0.809855 1.932220 -4.910405 48.789940 -0.506529 3.667500 -39.827646 -2.486230 0.848954 1.191871 -0.218371 0.292861 14.795727 -4.094976 -1.265925 7.311182 -2.622795 -0.272358 -5.956435 6.530546 22.229161 21.962716 -1.014754 29.982668 21.222822 -18.886194 -12.945733 4.894327 -21.044395 -1.745500 -22.165198 59.990221 -39.038552 -48.633563 -7.979524 -19.553320 -1.686594 -33.069437 -18.152277 -21.722575 -28.530639 -6.644358 -10.884674 -3.826775 -4.206650 -21.059126 -36.115008 -7.085308 -6.107878 -35.336742 -8.344426 -15.319158 -20.791002 -9.228273 -8.527080 -30.449810 1.026286 -7.210100 -40.474625 0.117229 -8.637283 -19.365405 -5.372419 -0.194158 -23.701533 3.696132 5.719162 -43.456242 -1.178000 7.020673 -10.566583 -5.689846 -5.016964 1.815512 16.105875 49.351501 2.534405 2.202657 -28.595968 -14.507776 6.620655 30.044851 2.751267 30.101596 -5.023492 70.072728 40.545474 28.451146 -166.782428 80.522421 -149.605158 11.340973 22.540235 -29.282800 33.069437 18.152275 -21.722575 28.530639 6.644356 -10.884674 3.826775 4.206655 -21.059126 36.115008 7.085306 -6.107878 35.336742 8.344431 -15.319158 20.791002 9.228278 -8.527080 30.449810 -1.026281 -7.210100 40.474625 -0.117231 -8.637283 19.365405 5.372431 -0.194158 23.701533 -3.696120 5.719162 43.456242 1.178012 7.020673 10.566583 5.689844 -5.016964 -1.815512 -16.105870 49.351501 -2.534405 -2.202652 -28.595968 14.507776 -6.620650 30.044851
0.283570 0.797451 0.031546 3.377204 -7.271902 -15.973477 24.985535 12.681792 -5.998696 -12.981849 7.487208 38.528698 -3.440672 -3.981130 -26.809065 -0.035962 -1.580039 0.053021 -19.531117 -3.384711 -0.715118 1.957602 -4.963366 48.795076 -0.546494 3.590729 -39.838683 -2.482593 0.859254 1.184433 -0.256106 0.283182 14.804309 -4.034150 -1.349718 7.373884 -2.582004 -0.318619 -6.005603 6.431632 22.175482 21.983217 -0.958918 30.092047 21.194671 -18.825545 -12.937216 4.930286 -21.126335 -1.772452 -22.276566 59.939029 -38.992680 -48.497956 -8.013246 -19.599123 -1.752999 -33.069437 -18.152277 -21.722575 -28.530639 -6.644358 -10.884674 -3.826775 -4.206650 -21.059126 -36.115008 -7.085308 -6.107878 -35.336742 -8.344426 -15.319158 -20.791002 -9.228273 -8.527080 -30.449810 1.026286 -7.210100 -40.474625 0.117229 -8.637283 -19.365405 -5.372419 -0.194158 -23.701533 3.696132 5.719162 -43.456242 -1.178000 7.020673 -10.566583 -5.689846 -5.016964 1.815512 16.105875 49.351501 2.534405 2.202657 -28.595968 -14.507776 6.620655 30.044851 2.627321 30.130077 -4.935587 70.033051 40.482076 28.320744 -166.427203 80.340560 -149.061038 11.748876 23.091096 -29.574822 33.069437 18.152275 -21.722575 28.530639 6.644356 -10.884674 3.826775 4.206655 -21.059126 36.115008 7.085306 -6.107878 35.336742 8.344431 -15.319158 20.791002 9.228278 -8.527080 30.449810 -1.026281 -7.210100 40.474625 -0.117231 -8.637283 19.365405 5.372431 -0.194158 23.701533 -3.696120 5.719162 43.456242 1.178012 7.020673 10.566583 5.689844 -5.016964 -1.815512 -16.105870 49.351501 -2.534405 -2.202652 -28.595968 14.507776 -6.620650 30.044851
0.286800 0.797243 0.031573 3.327427 -7.176409 -15.974563 25.001750 12.671253 -6.088174 -12.949795 7.515765 38.661804 -3.381153 -4.091575 -26.829782 -0.033972 -1.599232 0.058585 -19.537213 -3.411636 -0.621187 1.985053 -5.034188 48.780323 -0.584833 3.511246 -39.862405 -2.479556 0.867553 1.177106 -0.283248 0.282171 14.811484 -3.972049 -1.430437 7.434605 -2.548324 -0.371362 -6.054033 6.369457 22.153421 21.997483 -0.906702 30.185183 21.182660 -18.776094 -12.929395 4.963444 -21.196022 -1.822558 -22.372495 59.892440 -38.972073 -48.366226 -8.120177 -19.656483 -1.779908 -33.069437 -18.152277 -21.722575 -28.530639 -6.644358 -10.884674 -3.826775 -4.206650 -21.059126 -36.115008 -7.085308 -6.107878 -35.336742 -8.344426 -15.319158 -20.791002 -9.228273 -8.527080 -30.449810 1.026286 -7.210100 -40.474625 0.117229 -8.637283 -19.365405 -5.372419 -0.194158 -23.701533 3.696132 5.719162 -43.456242 -1.178000 7.020673 -10.566583 -5.689846 -5.016964 1.815512 16.105875 49.351501 2.534405 2.202657 -28.595968 -14.507776 6.620655 30.044851 2.526937 30.147139 -4.875683 69.998210 40.412244 28.218730 -165.935075 80.143400 -148.454845 12.146628 23.628994 -29.850713 33.069437 18.152275 -21.722575 28.530639 6.644356 -10.884674 3.826775 4.206655 -21.059126 36.115008 7.085306 -6.107878 35.336742 8.344431 -15.319158 20.791002 9.228278 -8.527080 30.449810 -1.026281 -7.210100 40.474625 -0.117231 -8.637283 19.365405 5.372431 -0.194158 23.701533 -3.696120 5.719162 43.456242 1.178012 7.020673 10.566583 5.689844 -5.016964 -1.815512 -16.105870 49.351501 -2.534405 -2.202652 -28.595968 14.507776 -6.620650 30.044851
